timestamp,status,latitude,longitude,mag_x,mag_y,mag_z
0.0,VALID,30.050114538923445,78.05016021409767,30048.55909670422,1048.2709639966847,40048.88684138432
0.1,VALID,30.05022907765239,78.05032042856622,30057.019837250988,1048.724117162171,40035.026465856594
0.2,VALID,30.050343616186833,78.05048064340565,30053.323183440676,1047.3266252150283,40047.83041315855
0.30000000000000004,VALID,30.050458154526773,78.05064085861595,30051.15884786701,1052.3229773690673,40061.63558686599
0.4,VALID,30.05057269267221,78.05080107419714,30056.566365067985,1051.1050717744383,40042.616783976555
0.5,VALID,30.050687230623137,78.05096129014922,30039.85337632512,1052.463421952112,40063.11080827204
0.6,VALID,30.050801768379554,78.05112150647217,30050.416568639033,1048.9367670622921,40055.31776220401
0.7,VALID,30.05091630594146,78.05128172316603,30035.464547019914,1046.8772268285545,40054.90362532593
0.7999999999999999,VALID,30.051030843308855,78.05144194023077,30058.734043853794,1047.5937032734487,40053.76599858688
0.8999999999999999,VALID,30.05114538048173,78.05160215766641,30052.482134493283,1057.8232680870365,40038.867777857515
0.9999999999999999,VALID,30.051259917460094,78.05176237547295,30055.682506875855,1034.8547960827486,40023.80054577781
1.0999999999999999,VALID,30.051374454243934,78.05192259365039,30043.931092718005,1040.84189953654,40058.76012243056
1.2,VALID,30.051488990833253,78.05208281219873,30056.64265899613,1037.8092525870431,40058.47361423348
1.3,VALID,30.05160352722805,78.05224303111798,30039.977971757577,1049.1375615366371,40047.061002220435
1.4000000000000001,VALID,30.051718063428318,78.05240325040813,30051.14419857461,1058.1863631154376,40056.384137907924
1.5000000000000002,VALID,30.05183259943406,78.0525634700692,30053.498851018692,1056.499480978063,40054.7849203765
1.6000000000000003,VALID,30.05194713524527,78.05272369010117,30043.730145347803,1042.8262890618341,40045.30031725864
1.7000000000000004,VALID,30.05206167086195,78.05288391050406,30054.993264004766,1047.4988442900262,40073.3575422248
1.8000000000000005,VALID,30.05217620628409,78.05304413127789,30041.807074578133,1039.0112540009784,40057.6847351547
1.9000000000000006,VALID,30.052290741511698,78.05320435242263,30064.218499813436,1055.0569269083926,40058.358173459674
2.0000000000000004,VALID,30.052405276544768,78.05336457393828,30064.263449774422,1049.059725239837,40035.77041066861
2.1000000000000005,VALID,30.052519811383295,78.05352479582487,30044.679234516814,1059.5289575731658,40035.56321593922
2.2000000000000006,VALID,30.05263434602728,78.05368501808239,30050.335313207874,1052.5323735934205,40046.84407835186
2.3000000000000007,VALID,30.052748880476717,78.05384524071084,30057.23631986368,1055.8077974152657,40073.214085169006
2.400000000000001,VALID,30.052863414731608,78.05400546371023,30056.19967767773,1043.9059654135694,40044.38202407666
2.500000000000001,VALID,30.05297794879195,78.05416568708056,30041.68418898758,1059.5227355981583,40044.33167165186
2.600000000000001,VALID,30.05309248265774,78.05432591082182,30049.297392262994,1057.4930261928967,40042.76537009348
2.700000000000001,VALID,30.053207016328976,78.05448613493402,30047.063420363822,1031.5871373439609,40039.17521380961
2.800000000000001,VALID,30.053321549805656,78.05464635941718,30044.32263587808,1054.1576098851667,40061.934932724434
2.9000000000000012,VALID,30.053436083087778,78.05480658427128,30049.81533186836,1052.613642791998,40051.67969368547
3.0000000000000013,VALID,30.05355061617534,78.05496680949634,30060.847411134535,1058.933551987382,40052.736933154076
3.1000000000000014,VALID,30.05366514906834,78.05512703509234,30039.890556965547,1059.0338531434459,40053.810471279554
3.2000000000000015,VALID,30.053779681766777,78.0552872610593,30062.269415497143,1049.700934073188,40069.53100924484
3.3000000000000016,VALID,30.053894214270645,78.05544748739723,30046.41123659678,1065.9306041426305,40051.15118972607
3.4000000000000017,VALID,30.054008746579946,78.05560771410612,30044.837309907543,1038.715521272076,40048.48969448461
3.5000000000000018,VALID,30.054123278694675,78.05576794118598,30064.23321026167,1058.1637449661473,40056.88883864266
3.600000000000002,VALID,30.05423781061483,78.0559281686368,30026.241274269087,1057.1096420457004,40055.5585241092
3.700000000000002,VALID,30.054352342340408,78.05608839645859,30044.500737155948,1043.726156338196,40049.976895481865
3.800000000000002,VALID,30.05446687387141,78.05624862465136,30067.248762631487,1039.4489930057769,40045.72194965264
3.900000000000002,VALID,30.05458140520783,78.0564088532151,30063.617847503505,1045.5384920057224,40046.35748524139
4.000000000000002,VALID,30.05469593634967,78.05656908214982,30050.977763472885,1037.587106233643,40052.1994543015
4.100000000000001,VALID,30.054810467296925,78.05672931145553,30037.903824030265,1058.8519831035815,40050.03180822758
4.200000000000001,VALID,30.054924998049593,78.05688954113222,30072.83431466848,1052.8084051353103,40063.65689490433
4.300000000000001,VALID,30.055039528607672,78.0570497711799,30036.967360282826,1048.7786065647813,40053.23145654014
4.4,VALID,30.05515405897116,78.05721000159858,30067.45720918371,1033.1908406197904,40059.90619679809
4.5,VALID,30.055268589140052,78.05737023238824,30055.91354013816,1065.3354619573813,40057.123855180784
4.6,VALID,30.05538311911435,78.0575304635489,30050.52071185104,1044.7835034958184,40037.51820282157
4.699999999999999,VALID,30.05549764889405,78.05769069508055,30051.95422764903,1048.083032310047,40070.202673380794
4.799999999999999,VALID,30.05561217847915,78.0578509269832,30043.88975172015,1053.203918452051,40034.309985803244
4.899999999999999,VALID,30.05572670786965,78.05801115925686,30046.045374216737,1052.611478800911,40058.2396001252
4.999999999999998,VALID,30.055841237065543,78.05817139190154,30064.48101686828,1049.5585182367074,40038.82755120939
5.099999999999998,VALID,30.05595576606683,78.05833162491722,30054.578503994915,1055.169870984138,40054.916583428385
5.1999999999999975,VALID,30.056070294873507,78.05849185830391,30042.997123008252,1061.3338439758688,40050.878959109046
5.299999999999997,VALID,30.056184823485573,78.05865209206162,30056.99824621716,1062.7407324009446,40056.09272320566
5.399999999999997,VALID,30.056299351903025,78.05881232619035,30052.865160279816,1071.5279523510053,40052.437030409725
5.4999999999999964,VALID,30.056413880125863,78.0589725606901,30047.04035767228,1051.1196703758303,40064.82768668437
5.599999999999996,VALID,30.056528408154083,78.05913279556087,30051.18712486887,1055.1937765513921,40061.95731440332
5.699999999999996,VALID,30.056642935987682,78.05929303080266,30044.87141389773,1032.7343023074636,40052.99423152216
5.799999999999995,VALID,30.056757463626656,78.05945326641549,30052.29734794524,1043.9198982143919,40058.710863810426
5.899999999999995,VALID,30.056871991071006,78.05961350239934,30056.075673769847,1040.050075784006,40055.182184440215
5.999999999999995,VALID,30.056986518320727,78.05977373875423,30048.038950410973,1035.1697472979272,40054.52950233066
6.099999999999994,VALID,30.05710104537582,78.05993397548016,30049.547853733206,1042.5471710081013,40055.22945586897
6.199999999999994,VALID,30.05721557223628,78.06009421257714,30054.880932721924,1044.2246281605571,40054.003521905346
6.299999999999994,VALID,30.057330098902106,78.06025445004516,30060.150649361924,1042.873333643143,40053.808900274016
6.399999999999993,VALID,30.057444625373297,78.06041468788423,30050.027557504814,1072.6601031065088,40031.376970292215
6.499999999999993,VALID,30.057559151649848,78.06057492609435,30056.952839314064,1046.9375498021877,40048.998024511704
6.5999999999999925,VALID,30.057673677731756,78.0607351646755,30069.015889763832,1049.914268487392,40072.40943703776
6.699999999999992,VALID,30.057788203619022,78.06089540362773,30045.578520345865,1053.505120413481,40045.091524983254
6.799999999999992,VALID,30.057902729311643,78.061055642951,30043.09311987382,1050.6248312645153,40047.17428474651
6.8999999999999915,VALID,30.058017254809613,78.06121588264534,30052.024915839866,1028.9497213227583,40070.024676886096
6.999999999999991,VALID,30.058131780112934,78.06137612271075,30048.330030912188,1067.42905506234,40039.92887873894
7.099999999999991,VALID,30.0582463052216,78.06153636314723,30052.925357047243,1081.649421014769,40041.302708168936
7.19999999999999,VALID,30.058360830135612,78.06169660395477,30035.04700226892,1044.5349046466335,40054.72488427323
7.29999999999999,VALID,30.058475354854966,78.06185684513339,30056.933400400612,1062.9036668802144,40047.42987601607
7.39999999999999,VALID,30.05858987937966,78.06201708668308,30033.977492404996,1045.6497019552492,40062.40222694802
7.499999999999989,VALID,30.05870440370969,78.06217732860385,30054.656626531712,1030.43061214625,40049.64948488312
7.599999999999989,VALID,30.058818927845056,78.0623375708957,30063.98168091322,1071.2654813695044,40055.61686638785
7.699999999999989,VALID,30.058933451785755,78.06249781355865,30053.093023127996,1037.5979433201428,40041.567571260326
7.799999999999988,VALID,30.059047975531783,78.06265805659267,30050.469158575062,1055.0319774081354,40055.8018419112
7.899999999999988,VALID,30.059162499083136,78.06281829999779,30045.217914448658,1038.4805777157649,40042.222181589
7.999999999999988,VALID,30.059277022439815,78.062978543774,30038.430256057403,1056.43409182764,40026.87718893954
8.099999999999987,VALID,30.05939154560182,78.0631387879213,30046.667219743904,1054.498783321012,40065.22012724665
8.199999999999987,VALID,30.059506068569142,78.0632990324397,30050.71299675051,1060.012839395141,40046.009959282186
8.299999999999986,VALID,30.059620591341783,78.0634592773292,30042.55596013468,1043.2560696156254,40065.27335781902
8.399999999999986,VALID,30.05973511391974,78.06361952258982,30059.942211438978,1054.873979264626,40083.30268863562
8.499999999999986,VALID,30.05984963630301,78.06377976822154,30049.676586274738,1056.203496510288,40053.07591552559
8.599999999999985,VALID,30.05996415849159,78.06394001422437,30047.781143098757,1073.1617134777152,40065.06604803037
8.699999999999985,VALID,30.06007868048548,78.06410026059832,30036.005203653793,1046.0015367771477,40054.283365383686
8.799999999999985,VALID,30.060193202284673,78.06426050734339,30057.83183215042,1036.5155293018663,40027.44438412978
8.899999999999984,VALID,30.06030772388917,78.06442075445958,30030.936330312383,1049.288885366588,40048.9679682096
8.999999999999984,VALID,30.06042224529897,78.06458100194688,30053.452193761146,1042.3032522212095,40037.75762324094
9.099999999999984,VALID,30.060536766514065,78.06474124980531,30029.769549424207,1053.2918735874744,40053.700539584876
9.199999999999983,VALID,30.06065128753446,78.06490149803487,30059.929936703556,1057.9079568797924,40048.09284419063
9.299999999999983,VALID,30.060765808360145,78.06506174663556,30063.492609627534,1048.6363308847344,40043.39163613682
9.399999999999983,VALID,30.06088032899112,78.0652219956074,30044.794215566963,1044.1518835529462,40028.342632805
9.499999999999982,VALID,30.060994849427384,78.06538224495037,30051.563260529856,1052.4988559176218,40046.37734189118
9.599999999999982,VALID,30.061109369668934,78.06554249466448,30042.861585299135,1053.7180382435527,40067.168705875476
9.699999999999982,VALID,30.061223889715766,78.06570274474974,30050.38255152505,1044.923663927903,40044.085527975774
9.799999999999981,VALID,30.06133840956788,78.06586299520615,30049.30243561855,1037.3523442895855,40048.74739311802
9.89999999999998,VALID,30.061452929225272,78.0660232460337,30050.61182264337,1068.446786877662,40059.43473764113
9.99999999999998,VALID,30.06156744868794,78.0661834972324,30060.340292356497,1042.8705145890076,40056.69921543236
10.09999999999998,VALID,30.061681967955877,78.06634374880227,30038.6061752545,1053.1196069669088,40054.18737260419
10.19999999999998,VALID,30.06179648702909,78.0665040007433,30042.335905839376,1069.993798051615,40055.673736627505
10.29999999999998,VALID,30.061911005907568,78.06666425305548,30030.972716971053,1055.528598865958,40045.9258818111
10.399999999999979,VALID,30.062025524591313,78.06682450573884,30050.013762158163,1054.6576479091418,40053.90532667311
10.499999999999979,VALID,30.06214004308032,78.06698475879337,30029.608486569654,1038.4168025638642,40057.72624158575
10.599999999999978,VALID,30.062254561374587,78.06714501221907,30063.012042492293,1069.031528866625,40068.03168238653
10.699999999999978,VALID,30.06236907947411,78.06730526601595,30029.444633953695,1057.6948212093646,40030.83709798885
10.799999999999978,VALID,30.06248359737889,78.067465520184,30066.13600728542,1052.5334940282205,40038.58831212023
10.899999999999977,VALID,30.06259811508892,78.06762577472324,30070.099009470912,1056.4397087029088,40031.08851111049
10.999999999999977,VALID,30.062712632604203,78.06778602963367,30052.934681174607,1042.6886009233463,40051.112954799704
11.099999999999977,VALID,30.06282714992473,78.06794628491528,30045.348053854446,1063.7349388626865,40035.767136118164
11.199999999999976,VALID,30.062941667050502,78.06810654056808,30053.174051682614,1068.1418834059998,40041.730397010295
11.299999999999976,VALID,30.063056183981516,78.06826679659207,30052.106486760582,1052.0200164095008,40043.102978111216
11.399999999999975,VALID,30.06317070071777,78.06842705298726,30056.478936227653,1050.970502818099,40040.56232495217
11.499999999999975,VALID,30.06328521725926,78.06858730975365,30067.620161048988,1057.916149965898,40048.328930549775
11.599999999999975,VALID,30.063399733605983,78.06874756689125,30043.633252325566,1042.1563737778947,40062.3094097256
11.699999999999974,VALID,30.063514249757937,78.06890782440006,30048.535217654593,1054.5943820386476,40048.15543299107
11.799999999999974,VALID,30.06362876571512,78.06906808228007,30056.164094698175,1048.8402086987412,40057.63853872477
11.899999999999974,VALID,30.063743281477528,78.0692283405313,30048.167890901786,1058.2958729711852,40056.723841093495
11.999999999999973,VALID,30.06385779704516,78.06938859915374,30048.83390199339,1041.402227595734,40040.598800094565
12.099999999999973,VALID,30.06397231241801,78.06954885814741,30042.592631798594,1040.1551235671518,40058.65796421254
12.199999999999973,VALID,30.06408682759608,78.0697091175123,30049.533976874896,1065.7010097757252,40072.79329827705
12.299999999999972,VALID,30.064201342579363,78.06986937724842,30050.24222471072,1034.5198279765664,40046.1854646846
12.399999999999972,VALID,30.06431585736786,78.07002963735577,30049.246515830837,1035.115576548472,40047.49506722697
12.499999999999972,VALID,30.064430371961564,78.07018989783435,30052.869463091418,1045.4057215380262,40042.31574077087
12.599999999999971,VALID,30.064544886360473,78.07035015868418,30042.412432404373,1067.8668373035941,40048.403539197025
12.69999999999997,VALID,30.064659400564587,78.07051041990523,30041.700698853165,1046.2710160930487,40059.54343708045
12.79999999999997,VALID,30.0647739145739,78.07067068149753,30043.153119559574,1054.8184730933183,40057.278849489
12.89999999999997,VALID,30.064888428388414,78.07083094346108,30057.49117832201,1063.9969467119665,40044.49518020364
12.99999999999997,VALID,30.065002942008125,78.07099120579588,30061.32732862182,1042.0714640018864,40046.03460123001
13.09999999999997,VALID,30.065117455433025,78.07115146850192,30061.960871730604,1058.2237540311119,40050.020975505984
13.199999999999969,VALID,30.065231968663117,78.07131173157923,30038.085861739703,1055.6165982709333,40043.69627300517
13.299999999999969,VALID,30.065346481698395,78.07147199502779,30040.7611517179,1043.518657455714,40052.464940399004
13.399999999999968,VALID,30.065460994538856,78.07163225884763,30028.789678945686,1053.60763153212,40051.739096197096
13.499999999999968,VALID,30.0655755071845,78.07179252303872,30044.15473597563,1060.3692729345037,40056.11440423693
13.599999999999968,VALID,30.065690019635323,78.07195278760109,30043.93715854535,1043.2998337822908,40056.95151475462
13.699999999999967,VALID,30.06580453189132,78.07211305253473,30034.83926440584,1046.673775702459,40043.68953472525
13.799999999999967,VALID,30.06591904395249,78.07227331783966,30050.69877484654,1052.1112652239076,40050.36787914964
13.899999999999967,VALID,30.06603355581883,78.07243358351586,30061.348480762194,1052.28063034632,40046.85007748783
13.999999999999966,VALID,30.066148067490335,78.07259384956335,30037.891450924424,1057.2184979685774,40055.281465458516
14.099999999999966,VALID,30.066262578967006,78.07275411598212,30064.508095448968,1042.525451665482,40050.26418040086
14.199999999999966,VALID,30.06637709024884,78.07291438277218,30049.41307302406,1049.1238914075043,40050.103902113275
14.299999999999965,VALID,30.06649160133583,78.07307464993355,30032.854605097185,1058.2498553402565,40056.53205871332
14.399999999999965,VALID,30.066606112227976,78.0732349174662,30061.304734008587,1072.4957436649436,40046.81032806364
14.499999999999964,VALID,30.066720622925274,78.07339518537015,30049.63856823569,1050.0978356512335,40069.42185450708
14.599999999999964,VALID,30.06683513342772,78.07355545364541,30032.68780277265,1054.857679702074,40035.291686325516
14.699999999999964,VALID,30.066949643735313,78.07371572229198,30024.18429217877,1029.7916720851206,40036.182314442915
14.799999999999963,VALID,30.06706415384805,78.07387599130986,30060.69025439421,1041.3163958703424,40047.72542340719
14.899999999999963,VALID,30.067178663765926,78.07403626069906,30038.3648723982,1056.1095047822475,40038.98038475499
14.999999999999963,VALID,30.06729317348894,78.07419653045957,30063.17652176005,1040.0689458573272,40042.35172562021
15.099999999999962,VALID,30.06740768301709,78.0743568005914,30051.227410454023,1050.2471122082786,40064.24690088753
15.199999999999962,VALID,30.06752219235037,78.07451707109456,30051.204072880933,1037.9216571163913,40044.39664725904
15.299999999999962,VALID,30.067636701488777,78.07467734196905,30044.27216056632,1057.2504222113125,40053.83793008812
15.399999999999961,VALID,30.06775121043231,78.07483761321487,30048.806089769878,1058.6960722000338,40044.715035828216
15.499999999999961,VALID,30.067865719180965,78.07499788483203,30048.637662516878,1051.807604043333,40065.28181282765
15.59999999999996,VALID,30.06798022773474,78.07515815682052,30049.014668196764,1046.4920109118527,40039.54162962288
15.69999999999996,VALID,30.06809473609363,78.07531842918036,30056.860521833165,1044.1235462575296,40053.43685017868
15.79999999999996,VALID,30.068209244257634,78.07547870191155,30030.983901096104,1060.4318695881502,40036.68062232011
15.89999999999996,VALID,30.068323752226746,78.07563897501409,30042.226576364246,1060.5858113485265,40036.65529264026
15.99999999999996,VALID,30.068438260000967,78.07579924848798,30049.205449646266,1050.742560810805,40040.01443186667
16.09999999999996,VALID,30.06855276758029,78.07595952233324,30063.4293300155,1064.9877830232442,40030.28382496405
16.19999999999996,VALID,30.068667274964714,78.07611979654985,30035.510097026014,1058.0823220249301,40036.96975864633
16.29999999999996,VALID,30.068781782154232,78.07628007113783,30046.11362646433,1051.2955208833382,40056.918500823136
16.399999999999963,VALID,30.068896289148846,78.07644034609717,30047.767474055887,1050.9522091980205,40042.232670826495
16.499999999999964,VALID,30.06901079594855,78.07660062142789,30062.92361598434,1045.046861430982,40053.39732887576
16.599999999999966,VALID,30.069125302553342,78.07676089712999,30044.88361913417,1051.0632349073444,40048.318368956
16.699999999999967,VALID,30.069239808963218,78.07692117320346,30048.37535828435,1039.862191417895,40057.96412794238
16.79999999999997,VALID,30.069354315178177,78.07708144964832,30064.14042416738,1052.4314809777943,40057.323352737476
16.89999999999997,VALID,30.069468821198214,78.07724172646456,30058.380678807185,1059.2798578099068,40053.033567513594
16.99999999999997,VALID,30.069583327023324,78.0774020036522,30052.122572799824,1058.6400727202079,40050.68832325603
17.099999999999973,VALID,30.069697832653507,78.07756228121123,30040.26081606235,1050.2384835445594,40031.115846084605
17.199999999999974,VALID,30.069812338088756,78.07772255914166,30049.940997612448,1054.133723362975,40062.35980776314
17.299999999999976,VALID,30.06992684332907,78.0778828374435,30051.51277277397,1059.2813982118155,40049.99462485809
17.399999999999977,VALID,30.070041348374446,78.07804311611673,30039.765236539533,1035.886202822807,40040.30265621863
17.49999999999998,VALID,30.07015585322488,78.07820339516138,30036.33852281353,1056.3370781051926,40047.92385314302
17.59999999999998,VALID,30.070270357880368,78.07836367457745,30055.703148900153,1050.7343142983148,40060.44049544722
17.69999999999998,VALID,30.07038486234091,78.07852395436493,30060.601927908887,1043.5466199222285,40047.256840390546
17.799999999999983,VALID,30.070499366606498,78.07868423452383,30044.671714132255,1033.7868792425907,40056.752171454005
17.899999999999984,VALID,30.070613870677132,78.07884451505417,30061.887947881936,1049.935716087258,40045.06807781551
17.999999999999986,VALID,30.070728374552804,78.07900479595594,30060.909050288894,1026.5503771098452,40051.774751959354
18.099999999999987,VALID,30.070842878233513,78.07916507722913,30051.432839741003,1044.2914294547452,40063.9157453076
18.19999999999999,VALID,30.070957381719257,78.07932535887377,30059.707354190545,1047.3884275230205,40049.133040099485
18.29999999999999,VALID,30.071071885010035,78.07948564088984,30046.119760364512,1044.8788009134569,40036.91800073136
18.39999999999999,VALID,30.07118638810584,78.07964592327737,30063.799484536965,1060.280001502907,40057.981663311395
18.499999999999993,VALID,30.07130089100667,78.07980620603634,30039.05664080224,1070.8084516463334,40069.80165265557
18.599999999999994,VALID,30.071415393712517,78.07996648916676,30051.880571690013,1040.9577934786003,40041.335699164556
18.699999999999996,VALID,30.07152989622338,78.08012677266865,30054.185486310886,1040.8698585972243,40049.65789115743
18.799999999999997,VALID,30.07164439853926,78.08028705654199,30060.886447097866,1034.9317625631686,40070.057286955955
18.9,VALID,30.071758900660146,78.0804473407868,30065.667084089964,1037.6291415036253,40035.86358705753
19.0,VALID,30.07187340258604,78.08060762540308,30047.165781464406,1039.6885679969964,40047.36279173089
19.1,VALID,30.071987904316934,78.08076791039083,30024.188140345916,1047.7129794479802,40068.02856471579
19.200000000000003,VALID,30.072102405852828,78.08092819575006,30038.834052992624,1047.2693116317062,40035.10390799059
19.300000000000004,VALID,30.072216907193717,78.08108848148078,30056.38237525242,1047.7468081075285,40069.407330596594
19.400000000000006,VALID,30.072331408339597,78.08124876758298,30052.068394434395,1046.2782003176133,40055.50272495756
19.500000000000007,VALID,30.072445909290465,78.08140905405666,30044.937720408117,1036.6069182218075,40053.01947769789
19.60000000000001,VALID,30.072560410046318,78.08156934090185,30048.251312017914,1051.6631505033886,40053.7545733256
19.70000000000001,VALID,30.07267491060715,78.08172962811854,30044.896803284057,1054.2157637249245,40067.37696573143
19.80000000000001,VALID,30.072789410972963,78.08188991570672,30038.92200470275,1067.3742550723412,40047.571967490105
19.900000000000013,VALID,30.072903911143747,78.08205020366641,30042.333733541505,1074.272205711518,40051.550216331256
20.000000000000014,VALID,30.0730184111195,78.08221049199761,30063.704030045912,1058.1759424091786,40033.194051749604
20.100000000000016,VALID,30.073132910900217,78.08237078070033,30051.208195986525,1044.7468024032933,40036.58207405004
20.200000000000017,VALID,30.073247410485894,78.08253106977457,30032.2828863368,1051.0229024372388,40055.90253010799
20.30000000000002,VALID,30.07336190987653,78.08269135922033,30053.90668185236,1046.9417144483884,40042.014830203916
20.40000000000002,VALID,30.07347640907212,78.08285164903762,30040.13138818383,1044.4483940554055,40039.669447968794
20.50000000000002,VALID,30.073590908072664,78.08301193922645,30047.967253487,1049.7711291603125,40041.04011835056
20.600000000000023,VALID,30.07370540687815,78.08317222978681,30047.6794986557,1042.396799615116,40049.95527594748
20.700000000000024,VALID,30.07381990548858,78.08333252071871,30055.070877079546,1051.7812523394875,40054.72150874491
20.800000000000026,VALID,30.073934403903948,78.08349281202216,30033.479854223922,1046.213035014215,40052.76739376731
20.900000000000027,VALID,30.07404890212425,78.08365310369716,30056.411624595912,1034.019966372599,40051.59178253818
21.00000000000003,VALID,30.07416340014948,78.08381339574372,30062.064206485316,1048.2138930418782,40049.052418885236
21.10000000000003,VALID,30.074277897979638,78.08397368816183,30054.50456882026,1052.4711818395745,40056.74637350259
21.20000000000003,VALID,30.07439239561472,78.08413398095152,30050.72413864085,1051.524960703527,40042.175555628586
21.300000000000033,VALID,30.074506893054718,78.08429427411276,30048.29562138638,1062.5312203726864,40047.95830244341
21.400000000000034,VALID,30.07462139029963,78.08445456764558,30048.31435720519,1045.0849662808048,40057.87185882441
21.500000000000036,VALID,30.07473588734945,78.08461486154998,30041.45320922337,1059.1050219505205,40040.63026605739
21.600000000000037,VALID,30.07485038420418,78.08477515582597,30039.422188748566,1052.059394620941,40051.30179469602
21.70000000000004,VALID,30.074964880863806,78.08493545047354,30052.97557303014,1060.625371208894,40045.87504034799
21.80000000000004,VALID,30.075079377328333,78.0850957454927,30054.42993592894,1040.901827346508,40062.59169029699
21.90000000000004,VALID,30.07519387359775,78.08525604088345,30056.3245866642,1055.3651876535323,40051.8787849131
22.000000000000043,VALID,30.075308369672058,78.0854163366458,30042.14400555861,1046.7262843833262,40055.01779461825
22.100000000000044,VALID,30.07542286555125,78.08557663277978,30049.808158804637,1051.2374466247159,40036.401804931986
22.200000000000045,VALID,30.075537361235323,78.08573692928535,30051.81093979876,1043.080726098591,40039.166634462475
22.300000000000047,VALID,30.07565185672427,78.08589722616253,30048.453146104803,1031.4349574738737,40056.985699904064
22.40000000000005,VALID,30.075766352018093,78.08605752341134,30058.520128976914,1049.465639007533,40040.062178254484
22.50000000000005,VALID,30.075880847116782,78.08621782103178,30040.54631179586,1048.4887694653175,40025.76266268831
22.60000000000005,VALID,30.07599534202033,78.08637811902385,30051.804767830745,1056.6443202398007,40046.88105151484
22.700000000000053,VALID,30.07610983672874,78.08653841738754,30045.055976305903,1051.8196725856867,40053.5064406704
22.800000000000054,VALID,30.076224331242003,78.08669871612288,30060.94151751866,1050.1839667921315,40043.10242348466
22.900000000000055,VALID,30.076338825560114,78.08685901522986,30045.387349540277,1051.819457418601,40065.56200374997
23.000000000000057,VALID,30.076453319683072,78.0870193147085,30046.797266952122,1039.4747334059866,40041.29893379867
23.10000000000006,VALID,30.07656781361087,78.08717961455879,30029.03665393777,1053.2979399768103,40036.386757107175
23.20000000000006,VALID,30.0766823073435,78.08733991478074,30037.664904723875,1030.239853858453,40038.82011620417
23.30000000000006,VALID,30.076796800880963,78.08750021537435,30055.684144769377,1036.8864588337476,40032.50357663264
23.400000000000063,VALID,30.076911294223255,78.08766051633962,30051.782631339698,1046.5882871106398,40054.321900135204
23.500000000000064,VALID,30.077025787370367,78.08782081767659,30057.405598049078,1049.9150106946688,40037.02239173618
23.600000000000065,VALID,30.077140280322297,78.08798111938522,30048.76200038773,1055.0025948014998,40044.17011042939
23.700000000000067,VALID,30.077254773079037,78.08814142146554,30035.625387522872,1061.0261206087548,40045.847523568154
23.800000000000068,VALID,30.077369265640584,78.08830172391755,30045.907699875854,1050.159622417312,40060.30472357509
23.90000000000007,VALID,30.077483758006935,78.08846202674125,30052.636197519565,1046.6677401364295,40056.82133345266
24.00000000000007,VALID,30.077598250178085,78.08862232993667,30071.470244928074,1063.877862581055,40056.72871420678
24.100000000000072,VALID,30.077712742154027,78.08878263350378,30038.77719520143,1087.5205874306532,40038.01342881328
24.200000000000074,VALID,30.077827233934755,78.08894293744261,30046.28197096481,1043.0011080577142,40066.26891861523
24.300000000000075,VALID,30.07794172552027,78.08910324175315,30054.20240075476,1035.7287503714642,40052.67587177261
24.400000000000077,VALID,30.078056216910557,78.08926354643542,30055.46905667849,1046.8151697644128,40037.798102106855
24.500000000000078,VALID,30.07817070810562,78.08942385148941,30042.749665820385,1045.631509808756,40050.2273152894
24.60000000000008,VALID,30.07828519910545,78.08958415691514,30044.800900503033,1057.3522040424446,40040.50052501947
24.70000000000008,VALID,30.078399689910043,78.0897444627126,30032.68613131491,1042.6060655613076,40063.48890646381
24.800000000000082,VALID,30.07851418051939,78.08990476888181,30044.268436928494,1073.4080888779122,40054.914842343846
24.900000000000084,VALID,30.078628670933494,78.09006507542277,30038.355739357557,1041.6571380321684,40052.43372471394
25.000000000000085,VALID,30.078743161152342,78.09022538233549,30038.22356077715,1073.745786530316,40040.09109219107
25.100000000000087,VALID,30.078857651175934,78.09038568961996,30056.809434559505,1064.6012989026015,40048.907995929956
25.200000000000088,VALID,30.07897214100426,78.09054599727621,30040.041388746184,1047.2693365772539,40053.62216397467
25.30000000000009,VALID,30.07908663063732,78.09070630530422,30058.757520928615,1050.5671693599625,40035.997775740194
25.40000000000009,VALID,30.079201120075105,78.09086661370402,30050.423239066098,1043.266418284475,40028.16764162575
25.500000000000092,VALID,30.079315609317607,78.0910269224756,30043.024398118363,1035.6754932521208,40055.868544072684
25.600000000000094,VALID,30.079430098364824,78.09118723161899,30069.44164754041,1068.587536567604,40044.267912555515
25.700000000000095,VALID,30.079544587216752,78.09134754113416,30045.326056297767,1056.8878199932383,40060.61285612073
25.800000000000097,VALID,30.079659075873384,78.09150785102113,30045.812614134404,1048.5736406172841,40072.06929349153
25.900000000000098,VALID,30.07977356433471,78.09166816127991,30048.925484811127,1045.1467855770886,40051.19913983875
26.0000000000001,VALID,30.079888052600733,78.09182847191052,30055.797023621297,1039.7835814278142,40047.5159719433
26.1000000000001,VALID,30.08000254067144,78.09198878291294,30038.336393812817,1047.2173644649943,40068.769245287804
26.200000000000102,VALID,30.080117028546827,78.09214909428718,30057.41722178668,1049.0745674928135,40040.66887974414
26.300000000000104,VALID,30.08023151622689,78.09230940603327,30046.88592040521,1060.507333277452,40044.383131897
26.400000000000105,VALID,30.080346003711618,78.09246971815118,30064.504206575202,1036.2636364473817,40047.099537067144
26.500000000000107,VALID,30.080460491001013,78.09263003064095,30067.42764333284,1029.9216123094632,40061.8841315735
26.600000000000108,VALID,30.08057497809506,78.09279034350257,30031.486229253595,1049.09920152934,40048.27465261589
26.70000000000011,VALID,30.08068946499376,78.09295065673605,30058.242934907117,1018.4545685387561,40030.82190187149
26.80000000000011,VALID,30.080803951697106,78.0931109703414,30044.33983706366,1050.3689504027598,40041.06783145541
26.900000000000112,VALID,30.08091843820509,78.09327128431862,30047.791330234468,1038.1382683318946,40045.987270327285
27.000000000000114,VALID,30.081032924517704,78.0934315986677,30041.532338513098,1052.4402130101373,40055.81419850243
27.100000000000115,VALID,30.081147410634944,78.09359191338868,30064.32930062807,1043.4358145478373,40046.82008176747
27.200000000000117,VALID,30.081261896556803,78.09375222848155,30050.477454274424,1047.050807329092,40049.48009452898
27.300000000000118,VALID,30.081376382283278,78.09391254394632,30034.37821270972,1053.7175482357018,40040.84808439699
27.40000000000012,VALID,30.081490867814356,78.094072859783,30040.430384320032,1034.1187379609785,40061.610016306615
27.50000000000012,VALID,30.081605353150035,78.09423317599159,30048.593908987026,1061.4949198238,40052.72301681848
27.600000000000122,VALID,30.081719838290308,78.0943934925721,30032.96639073704,1039.1630356910514,40057.57931973941
27.700000000000124,VALID,30.081834323235167,78.09455380952453,30042.34317285809,1039.0965595112502,40048.206208717274
27.800000000000125,VALID,30.081948807984606,78.0947141268489,30048.230328372436,1039.8813260090672,40046.73854744386
27.900000000000126,VALID,30.082063292538617,78.0948744445452,30045.215073266638,1024.1001036254106,40055.02663526953
28.000000000000128,VALID,30.082177776897197,78.09503476261345,30041.886250336465,1063.0443942475858,40038.49875764741
28.10000000000013,VALID,30.082292261060335,78.09519508105366,30034.204016202788,1061.8762394398668,40034.149448842036
28.20000000000013,VALID,30.082406745028024,78.09535539986584,30043.638257306207,1055.9733671848587,40046.70353899945
28.300000000000132,VALID,30.08252122880026,78.09551571904998,30033.44528031091,1051.8803523461163,40048.05677088829
28.400000000000134,VALID,30.082635712377034,78.0956760386061,30062.838550640678,1055.8864790401033,40080.35714298111
28.500000000000135,VALID,30.082750195758337,78.0958363585342,30033.541059640203,1049.783252467052,40039.33345508966
28.600000000000136,VALID,30.082864678944166,78.0959966788343,30061.54750500832,1058.218379777535,40057.54037826551
28.700000000000138,VALID,30.08297916193451,78.09615699950639,30042.226680434145,1042.5484842461644,40029.70320112337
28.80000000000014,VALID,30.083093644729363,78.0963173205505,30067.09500141909,1055.0821929429633,40047.3914004948
28.90000000000014,VALID,30.083208127328717,78.09647764196662,30059.33515343539,1057.5091553663435,40059.75264194737
29.000000000000142,VALID,30.083322609732562,78.09663796375476,30033.764625554137,1042.8616405700327,40051.954419810674
29.100000000000144,VALID,30.083437091940894,78.09679828591493,30053.5542114521,1059.5723486344934,40039.91364449746
29.200000000000145,VALID,30.083551573953702,78.09695860844714,30051.27209135778,1072.0535379197654,40056.91921977611
29.300000000000146,VALID,30.08366605577098,78.0971189313514,30058.705628841075,1049.8081272973304,40057.67627013019
29.400000000000148,VALID,30.08378053739272,78.09727925462772,30068.039897866976,1051.0664198726433,40062.23978404827
29.50000000000015,VALID,30.083895018818914,78.09743957827611,30041.248606216686,1055.9009876663083,40059.04216675197
29.60000000000015,VALID,30.084009500049554,78.09759990229657,30042.47996620742,1060.9812419854889,40043.24753403967
29.700000000000152,VALID,30.08412398108463,78.0977602266891,30041.9476074246,1049.9880764889488,40069.31989742976
29.800000000000153,VALID,30.084238461924134,78.09792055145374,30053.091529530728,1059.3578478205447,40042.682022786896
29.900000000000155,VALID,30.084352942568056,78.09808087659047,30050.77497455743,1038.2344363001291,40044.28893626661
30.000000000000156,VALID,30.08446742301639,78.09824120209932,30058.356406687923,1049.616026940889,40064.51296342144
30.100000000000158,VALID,30.08458190326913,78.09840152798027,30047.975835587895,1048.0206407252756,40062.766815477335
30.20000000000016,VALID,30.08469638332626,78.09856185423335,30043.513834943868,1034.8023539415983,40063.01276920788
30.30000000000016,VALID,30.084810863187776,78.09872218085857,30054.14187875943,1028.3480505242178,40050.44529321369
30.400000000000162,VALID,30.08492534285367,78.09888250785593,30045.962130008167,1067.4483966011928,40042.71008586782
30.500000000000163,VALID,30.085039822323928,78.09904283522545,30044.192319442765,1040.8959917652646,40039.4594391334
30.600000000000165,VALID,30.085154301598546,78.09920316296713,30042.99504079312,1035.6407552551386,40039.68802618728
30.700000000000166,VALID,30.085268780677513,78.09936349108098,30033.93414763352,1035.0272128088325,40034.403249687326
30.800000000000168,VALID,30.085383259560817,78.09952381956703,30044.788410657395,1043.1631145441227,40037.73529602358
30.90000000000017,VALID,30.08549773824845,78.09968414842525,30054.782708750194,1049.519241184304,40045.68024047491
31.00000000000017,VALID,30.0856122167404,78.0998444776557,30045.3602672094,1065.9287956159585,40052.398141078775
31.100000000000172,VALID,30.085726695036662,78.10000480725834,30054.753783269945,1024.1396005612362,40043.462655105955
31.200000000000173,VALID,30.085841173137222,78.10016513723322,30028.28993215994,1045.7379567281748,40053.73310146343
31.300000000000175,VALID,30.08595565104207,78.10032546758032,30043.257022329024,1055.1860883024235,40039.77250024945
31.400000000000176,VALID,30.086070128751196,78.10048579829967,30055.758031475474,1034.4639066936622,40047.38311748692
31.500000000000178,VALID,30.08618460626459,78.10064612939128,30054.198071980238,1055.3592078821744,40048.72736637109
31.60000000000018,VALID,30.086299083582244,78.10080646085515,30069.397142696307,1045.855801630178,40045.49004257531
31.70000000000018,VALID,30.08641356070414,78.1009667926913,30022.404925343388,1067.6893382445005,40046.310017088246
31.800000000000182,VALID,30.086528037630274,78.10112712489973,30038.23984504283,1063.209044470555,40062.35506123475
31.900000000000183,VALID,30.08664251436063,78.10128745748047,30051.08325624566,1035.6507843137126,40054.18976050928
32.000000000000185,VALID,30.0867569908952,78.10144779043351,30043.78608011557,1038.2922820463575,40060.433723671435
32.100000000000186,VALID,30.086871467233973,78.10160812375888,30028.674079136137,1055.6716325736706,40054.5935509657
32.20000000000019,VALID,30.086985943376934,78.10176845745659,30070.510108031227,1053.2517383182992,40029.41568508836
32.30000000000019,VALID,30.087100419324074,78.10192879152663,30041.638790124292,1050.646669213056,40053.5556364361
32.40000000000019,VALID,30.08721489507538,78.10208912596904,30059.808160763438,1030.4032423792094,40046.700503128
32.50000000000019,VALID,30.08732937063084,78.10224946078382,30059.698609461026,1065.4396979554247,40068.61023823312
32.60000000000019,VALID,30.087443845990443,78.10240979597098,30046.097808226354,1060.9760525660643,40067.11712342409
32.700000000000195,VALID,30.087558321154173,78.10257013153054,30061.980695233928,1057.2368526203202,40058.27796927809
32.800000000000196,VALID,30.087672796122018,78.10273046746251,30042.101156883982,1035.5275022898554,40059.8284792864
32.9000000000002,VALID,30.087787270893966,78.1028908037669,30046.529331916172,1049.718664192816,40044.212799480854
33.0000000000002,VALID,30.087901745470003,78.10305114044371,30046.070931581504,1052.3274939468588,40039.78140625808
33.1000000000002,VALID,30.088016219850115,78.10321147749298,30050.685000119167,1052.4605487522908,40049.22644579211
33.2000000000002,VALID,30.08813069403429,78.10337181491471,30042.563701923456,1057.8661985351835,40068.72636963993
33.3000000000002,VALID,30.088245168022514,78.10353215270892,30043.987570401936,1062.3446285062798,40058.89264059279
33.400000000000205,VALID,30.088359641814773,78.10369249087562,30023.467482819495,1042.3880590005358,40043.64159695415
33.500000000000206,VALID,30.08847411541105,78.10385282941482,30057.817715507812,1051.8848788103749,40054.743980894695
33.60000000000021,VALID,30.088588588811334,78.10401316832655,30056.362788678714,1041.0108328515767,40042.53450048499
33.70000000000021,VALID,30.088703062015608,78.1041735076108,30037.771110372865,1048.2972940059303,40048.80896793338
33.80000000000021,VALID,30.088817535023857,78.1043338472676,30051.712053269996,1042.726923739082,40059.06524598143
33.90000000000021,VALID,30.088932007836064,78.10449418729696,30059.17110815942,1065.465188086681,40057.11307895397
34.00000000000021,VALID,30.089046480452215,78.10465452769891,30051.855112384692,1056.7242397285265,40056.09751789253
34.100000000000215,VALID,30.08916095287229,78.10481486847345,30043.481851000946,1062.8938534171168,40067.18518152165
34.200000000000216,VALID,30.08927542509628,78.10497520962062,30069.769531804097,1050.352257090464,40053.24270443298
34.30000000000022,VALID,30.08938989712416,78.1051355511404,30054.163588905216,1049.974544367994,40056.19288766214
34.40000000000022,VALID,30.08950436895592,78.10529589303285,30048.788201491927,1048.0621659625185,40067.589821689864
34.50000000000022,VALID,30.08961884059154,78.10545623529795,30051.64715439902,1050.6701020107735,40058.82019277033
34.60000000000022,VALID,30.089733312031,78.10561657793573,30051.503329624495,1052.9162225720927,40049.36435823521
34.70000000000022,VALID,30.089847783274287,78.10577692094621,30037.795835078447,1049.6902828422271,40038.63115238085
34.800000000000225,VALID,30.089962254321378,78.10593726432941,30052.101512256908,1038.185617868006,40059.167091315496
34.900000000000226,VALID,30.090076725172253,78.10609760808535,30057.49234765599,1052.8042825225361,40048.99866122311
35.00000000000023,VALID,30.090191195826893,78.10625795221404,30054.16301279535,1030.3500166274184,40039.031801033016
35.10000000000023,VALID,30.090305666285282,78.1064182967155,30048.51266736886,1053.4525943354256,40049.20604227797
35.20000000000023,VALID,30.090420136547397,78.10657864158976,30039.953898616157,1051.334460346211,40045.46299577531
35.30000000000023,VALID,30.090534606613218,78.10673898683685,30039.31402956603,1053.2950201508388,40047.90021793629
35.40000000000023,VALID,30.090649076482727,78.10689933245676,30061.964831756966,1056.6553206695432,40057.34671333846
35.500000000000234,VALID,30.090763546155898,78.10705967844953,30053.21666623506,1041.5482202277235,40040.64372857872
35.600000000000236,VALID,30.09087801563271,78.10722002481518,30035.28841902309,1078.790124975636,40039.20555210847
35.70000000000024,VALID,30.09099248491314,78.10738037155373,30047.901681655447,1046.3961083456327,40047.18902378572
35.80000000000024,VALID,30.091106953997166,78.1075407186652,30044.159494936535,1031.3165515072933,40040.018062625066
35.90000000000024,VALID,30.091221422884765,78.10770106614963,30036.093304697726,1048.7322040900642,40043.15800594648
36.00000000000024,VALID,30.09133589157591,78.10786141400702,30043.128197411064,1052.158792456484,40044.172149211416
36.10000000000024,VALID,30.091450360070578,78.10802176223741,30059.320941366717,1046.1382021369106,40052.25156728224
36.200000000000244,VALID,30.091564828368742,78.10818211084083,30036.747032819072,1056.5687302090193,40045.948166072805
36.300000000000246,VALID,30.091679296470378,78.10834245981728,30054.087580832904,1053.3000516778113,40048.26556844254
36.40000000000025,VALID,30.091793764375456,78.10850280916681,30052.17439116295,1046.147035640472,40063.461097503416
36.50000000000025,VALID,30.091908232083952,78.10866315888944,30059.342888546842,1054.8249426079874,40038.19859584947
36.60000000000025,VALID,30.092022699595834,78.1088235089852,30039.00694344419,1043.361384306183,40047.549974564456
36.70000000000025,VALID,30.092137166911076,78.1089838594541,30054.480156689893,1041.0346215135469,40061.77074071344
36.80000000000025,VALID,30.092251634029648,78.1091442102962,30050.035948260407,1029.872182252986,40045.24682886941
36.900000000000254,VALID,30.092366100951516,78.10930456151151,30024.14814715518,1042.4827129310675,40044.50872150547
37.000000000000256,VALID,30.09248056767665,78.10946491310007,30043.8958986543,1046.7474645774266,40046.05898185118
37.10000000000026,VALID,30.09259503420502,78.10962526506191,30044.062656463986,1065.0249691204683,40062.149022476326
37.20000000000026,VALID,30.09270950053659,78.10978561739705,30038.5815934321,1062.538998985134,40033.786325181194
37.30000000000026,VALID,30.092823966671325,78.10994597010554,30041.85387830283,1065.2519274590197,40027.60446661916
37.40000000000026,VALID,30.09293843260919,78.11010632318741,30055.74785662933,1037.4650588344027,40048.559998751974
37.50000000000026,VALID,30.093052898350148,78.11026667664268,30048.19796789297,1066.972042117048,40041.893965585165
37.600000000000264,VALID,30.09316736389416,78.11042703047141,30049.309848167533,1056.270198155852,40047.48222508537
37.700000000000266,VALID,30.093281829241192,78.11058738467364,30041.779326732347,1049.4080022014798,40050.93511485858
37.80000000000027,VALID,30.093396294391198,78.11074773924938,30058.84055433909,1040.5694765439653,40045.50869486512
37.90000000000027,VALID,30.093510759344138,78.11090809419869,30053.229426895243,1048.3283256266263,40048.14719769019
38.00000000000027,VALID,30.09362522409997,78.11106844952161,30049.82996896676,1043.041605117631,40042.00309598367
38.10000000000027,VALID,30.093739688658648,78.11122880521819,30054.407301786094,1039.0489990720835,40061.65383851207
38.20000000000027,VALID,30.093854153020125,78.11138916128846,30052.173049131965,1037.2345890843137,40052.83026995715
38.300000000000274,VALID,30.093968617184355,78.11154951773247,30051.672785990857,1057.6216138378397,40061.58849571845
38.400000000000276,VALID,30.09408308115129,78.11170987455029,30046.335808843352,1042.922372922935,40043.94018456112
38.50000000000028,VALID,30.094197544920874,78.11187023174193,30040.18911571199,1042.5355843316886,40052.84502437611
38.60000000000028,VALID,30.094312008493056,78.11203058930748,30050.152658128187,1045.086429927671,40042.61744189217
38.70000000000028,VALID,30.094426471867777,78.11219094724697,30053.478862695116,1044.9840098727814,40039.59843257227
38.80000000000028,VALID,30.094540935044982,78.11235130556047,30048.48325142394,1047.3550640190504,40039.299587069036
38.90000000000028,VALID,30.09465539802461,78.11251166424802,30058.271763562614,1058.4601242985468,40050.4089368451
39.000000000000284,VALID,30.0947698608066,78.1126720233097,30051.31040368909,1055.2730809974657,40049.69077527736
39.100000000000286,VALID,30.094884323390886,78.11283238274557,30058.912922446427,1066.5600848469949,40050.80493042526
39.20000000000029,VALID,30.0949987857774,78.11299274255568,30054.40253423977,1058.7345166796135,40046.61957193202
39.30000000000029,VALID,30.095113247966065,78.11315310274011,30038.71695482808,1059.060008153462,40034.312356432536
39.40000000000029,VALID,30.095227709956813,78.11331346329894,30067.88836690022,1058.704334283821,40051.8769116951
39.50000000000029,VALID,30.095342171749564,78.11347382423223,30050.510959339084,1067.5135794811295,40040.537740432264
39.60000000000029,VALID,30.095456633344234,78.11363418554006,30038.398065396763,1044.0186407528786,40047.3820251593
39.700000000000294,VALID,30.09557109474074,78.11379454722254,30039.935307596046,1051.5386107357097,40051.35944947343
39.800000000000296,VALID,30.095685555938992,78.11395490927973,30041.861428520122,1066.0305265244356,40036.07926060122
39.9000000000003,VALID,30.09580001693889,78.11411527171171,30037.232771413448,1053.7612003170846,40047.925171157556
40.0000000000003,VALID,30.09591447774034,78.1142756345186,30054.177268549207,1043.8102937906224,40039.666602219826
40.1000000000003,VALID,30.09602893834323,78.1144359977005,30043.544565262433,1043.1640469296399,40055.24996008335
40.2000000000003,VALID,30.09614339874745,78.11459636125751,30045.200416460262,1057.6143037749118,40055.88075345805
40.3000000000003,VALID,30.096257858952885,78.11475672518975,30060.405963323006,1059.007190288252,40057.84352823957
40.400000000000304,VALID,30.096372318959407,78.11491708949733,30057.6985296901,1044.8330773047578,40047.3811585826
40.500000000000306,VALID,30.09648677876688,78.11507745418038,30031.698728641404,1052.917505618926,40043.2623408651
40.60000000000031,VALID,30.096601238375168,78.11523781923904,30054.015454643504,1055.2748407858062,40036.479062954044
40.70000000000031,VALID,30.096715697784113,78.11539818467345,30039.861606340066,1046.506536642492,40044.82399344368
40.80000000000031,VALID,30.09683015699356,78.11555855048378,30051.670201841356,1038.445762333876,40050.471783321555
40.90000000000031,VALID,30.096944616003327,78.11571891667019,30033.11514458186,1028.4488964050486,40057.16663639596
41.00000000000031,VALID,30.097059074813235,78.11587928323284,30036.94686510884,1044.4008229239967,40035.8263706315
41.100000000000314,VALID,30.097173533423078,78.11603965017194,30035.91129209931,1046.0114344030403,40045.89871626718
41.200000000000315,VALID,30.097287991832644,78.1162000174877,30059.82587132438,1054.4951201091392,40047.38881462669
41.30000000000032,VALID,30.097402450041695,78.11636038518033,30057.576835306605,1061.1655421800706,40054.11297981877
41.40000000000032,VALID,30.097516908049975,78.11652075325009,30045.936838621743,1060.1860337661858,40067.68521626106
41.50000000000032,VALID,30.097631365857207,78.11668112169723,30056.60534318712,1067.7067659040074,40059.26598916664
41.60000000000032,VALID,30.097745823463082,78.11684149052205,30058.488585831285,1039.098135150823,40038.86450654028
41.70000000000032,VALID,30.097860280867263,78.11700185972488,30049.50516515335,1033.305423060964,40044.0704618701
41.800000000000324,VALID,30.09797473806938,78.11716222930608,30058.673373942012,1043.3484458198022,40055.331910186556
41.900000000000325,VALID,30.098089195069015,78.11732259926602,30036.4874910344,1045.063589828139,40060.23440429418
42.00000000000033,VALID,30.098203651865706,78.11748296960516,30052.085124368852,1052.9028252717785,40067.04723831594
42.10000000000033,VALID,30.098318108458926,78.11764334032401,30062.96803502488,1041.2314309680228,40063.17898616504
42.20000000000033,VALID,30.098432564848082,78.11780371142312,30043.84755877353,1049.8241016728014,40050.15213084469
42.30000000000033,VALID,30.098547021032495,78.11796408290316,30060.730402468736,1038.7073336156725,40054.51860884042
42.40000000000033,VALID,30.098661477011373,78.11812445476487,30055.240148795798,1058.115132728379,40047.89614202673
42.500000000000334,VALID,30.098775932783795,78.11828482700912,30060.03412233371,1042.8845601404726,40061.47058746768
42.600000000000335,VALID,30.098890388348668,78.11844519963697,30053.522401680104,1035.9991710078723,40054.079203383415
42.70000000000034,VALID,30.099004843704666,78.11860557264967,30051.79304593778,1046.443436555474,40042.63746393968
42.80000000000034,VALID,30.099119298850166,78.11876594604878,30047.59807043177,1035.578429868057,40066.907194640844
42.90000000000034,VALID,30.099233753783125,78.11892631983625,30038.71721194932,1043.387168959933,40061.44899048059
43.00000000000034,VALID,30.09934820850088,78.11908669401461,30055.850308456054,1057.2024537132227,40065.167084512
43.10000000000034,VALID,30.099462662999848,78.11924706858728,30046.87857264326,1039.535050759612,40058.44267969241
43.200000000000344,VALID,30.099577117274904,78.11940744355915,30057.962782902356,1046.731105786553,40037.344200766645
43.300000000000345,VALID,30.09969157131816,78.11956781893775,30062.39150551579,1055.7584738816552,40036.26526078316
43.40000000000035,VALID,30.099806025115875,78.11972819473617,30057.79953816526,1035.590225949176,40045.1736955868
43.50000000000035,VALID,30.09992047863809,78.11988857098297,30038.766905493096,1043.6216942771105,40041.66688995024
43.60000000000035,VALID,30.100117884792702,78.12015702082239,30043.866891871603,1057.24263962047,40052.94590967057
43.70000000000035,VALID,30.10023576939843,78.12031404201959,30056.287316020447,1060.9234212354295,40046.272974954176
43.80000000000035,VALID,30.100353653817184,78.1204710635916,30050.798946832543,1055.3815299783764,40067.06738572599
43.900000000000354,VALID,30.100471538048964,78.12062808553843,30058.99078253382,1063.8155115542042,40060.18964724459
44.000000000000355,VALID,30.100589422093766,78.12078510786009,30060.572654174735,1032.1532983408106,40058.80859194224
44.10000000000036,VALID,30.100707305951588,78.12094213055657,30052.129248467187,1050.5421437439536,40044.727448616846
44.20000000000036,VALID,30.10082518962243,78.12109915362788,30045.747259217194,1054.1618073882703,40058.39975763579
44.30000000000036,VALID,30.10094307310629,78.12125617707402,30035.022143950668,1052.181038206594,40044.393132213525
44.40000000000036,VALID,30.101060956403163,78.12141320089499,30040.491972336786,1053.9262227527822,40046.712821681045
44.50000000000036,VALID,30.10117883951305,78.1215702250908,30043.409633193256,1042.3083496358486,40052.81298848658
44.600000000000364,VALID,30.10129672243595,78.12172724966145,30049.899617257484,1039.0835962304125,40041.59002370244
44.700000000000365,VALID,30.10141460517186,78.12188427460694,30048.174935203562,1054.051478101302,40039.50285493905
44.80000000000037,VALID,30.101532487720778,78.12204129992728,30054.881065929294,1041.7599727538714,40077.27744598699
44.90000000000037,VALID,30.1016503700827,78.12219832562245,30040.589971378635,1042.0987445971236,40051.940033748535
45.00000000000037,VALID,30.101768252257628,78.12235535169248,30040.976190328376,1058.2763123060422,40068.01416346757
45.10000000000037,VALID,30.101886134245557,78.12251237813736,30046.123801958904,1051.7277104121445,40044.822403337166
45.20000000000037,VALID,30.102004016046486,78.1226694049571,30049.999711090186,1064.3173441850306,40058.942461977065
45.300000000000374,VALID,30.102121897660414,78.12282643215168,30040.957750664962,1065.459043652157,40061.62061329
45.400000000000375,VALID,30.102239779087338,78.12298345972113,30054.86368318734,1043.4078258368072,40050.65707539736
45.50000000000038,VALID,30.102357660327257,78.12314048766544,30042.04534059129,1054.6760576967195,40046.83528901676
45.60000000000038,VALID,30.10247554138017,78.12329751598462,30027.650379712195,1059.2620305627736,40051.91453037683
45.70000000000038,VALID,30.102593422246073,78.12345454467867,30060.78483069134,1048.6382026685376,40051.884666189144
45.80000000000038,VALID,30.102711302924966,78.12361157374758,30061.153261444866,1053.8779707142874,40052.88001730218
45.90000000000038,VALID,30.102829183416848,78.12376860319137,30082.143909719092,1048.3099980917905,40051.69185749778
46.000000000000384,VALID,30.102947063721714,78.12392563301003,30067.34028701174,1041.949922984715,40039.59002698515
46.100000000000385,VALID,30.103064943839563,78.12408266320357,30035.679341994175,1055.3366245934533,40056.25630744747
46.20000000000039,VALID,30.103182823770393,78.12423969377198,30057.414876465547,1036.4643991995329,40060.05859159482
46.30000000000039,VALID,30.103300703514204,78.12439672471528,30061.972658813935,1049.0268867534232,40050.32566465956
46.40000000000039,VALID,30.10341858307099,78.12455375603346,30056.75595778262,1053.67143500143,40056.41969665043
46.50000000000039,VALID,30.103536462440754,78.12471078772654,30039.13913942035,1048.253776142736,40037.87526640261
46.60000000000039,VALID,30.103654341623493,78.1248678197945,30056.312769520562,1055.3021646227671,40049.01185009192
46.700000000000394,VALID,30.103772220619202,78.12502485223736,30052.967992294103,1034.4348364186903,40058.579252643874
46.800000000000395,VALID,30.103890099427883,78.12518188505511,30045.32728930078,1051.2905101341573,40061.15369718979
46.9000000000004,VALID,30.10400797804953,78.12533891824776,30042.43499391725,1061.9723351818127,40051.24075309512
47.0000000000004,VALID,30.104125856484142,78.12549595181532,30050.28190155518,1055.5604556836308,40037.529744175336
47.1000000000004,VALID,30.10424373473172,78.12565298575778,30055.94106177561,1050.6150945870525,40060.36276962605
47.2000000000004,VALID,30.10436161279226,78.12581002007515,30047.831929687047,1046.36682553218,40053.69638152657
47.3000000000004,VALID,30.10447949066576,78.12596705476743,30049.40632207476,1038.2603132543875,40048.06042270229
47.400000000000404,VALID,30.10459736835222,78.12612408983462,30062.676300198542,1049.068962741333,40041.29540039232
47.500000000000405,VALID,30.104715245851636,78.12628112527673,30057.15937005217,1031.4655632972551,40028.79732749375
47.600000000000406,VALID,30.104833123164006,78.12643816109376,30049.958497038268,1051.8092523086432,40052.203992116265
47.70000000000041,VALID,30.10495100028933,78.12659519728571,30041.072171088083,1048.4950037986482,40036.01266748157
47.80000000000041,VALID,30.105068877227602,78.12675223385259,30052.19562310681,1033.8468114542022,40048.50757258321
47.90000000000041,VALID,30.105186753978824,78.12690927079439,30052.61579311133,1032.4337430057615,40044.77497074489
48.00000000000041,VALID,30.105304630542992,78.12706630811111,30057.88146246415,1065.4896788359065,40034.96039711748
48.10000000000041,VALID,30.105422506920107,78.12722334580276,30053.399184584316,1037.6405062528456,40036.54741998092
48.200000000000415,VALID,30.105540383110164,78.12738038386935,30065.960738310645,1056.6818223584974,40041.95805702671
48.300000000000416,VALID,30.10565825911316,78.12753742231088,30052.1902766883,1056.4194633626382,40051.81292656392
48.40000000000042,VALID,30.105776134929094,78.12769446112735,30072.472787436993,1056.057791411384,40020.07018379571
48.50000000000042,VALID,30.105894010557968,78.12785150031876,30047.09800237433,1042.6342378210768,40047.958532221935
48.60000000000042,VALID,30.106011885999777,78.1280085398851,30050.13465896299,1043.4885707403164,40039.15082394004
48.70000000000042,VALID,30.10612976125452,78.1281655798264,30063.634054909428,1055.9734199394857,40043.29260649737
48.80000000000042,VALID,30.10624763632219,78.12832262014265,30056.79649653434,1056.7518056650722,40062.67307461146
48.900000000000425,VALID,30.106365511202792,78.12847966083386,30039.446866734248,1057.7988162935474,40043.92211655493
49.000000000000426,VALID,30.106483385896322,78.12863670190002,30061.55044571359,1048.0755084530394,40027.2822076736
49.10000000000043,VALID,30.106601260402776,78.12879374334113,30050.353539736865,1032.1583747798334,40047.82850574056
49.20000000000043,VALID,30.10671913472215,78.12895078515722,30049.418083697947,1045.986949841899,40035.13080114702
49.30000000000043,VALID,30.10683700885445,78.12910782734826,30038.842710927813,1041.554094006675,40047.51891388978
49.40000000000043,VALID,30.106954882799666,78.12926486991428,30062.884997799134,1057.0908543037424,40045.2780476651
49.50000000000043,VALID,30.107072756557802,78.12942191285526,30062.738777053994,1036.3193751289862,40056.85021317064
49.600000000000435,VALID,30.10719063012885,78.12957895617122,30048.247652997983,1052.3632479064463,40056.38462194546
49.700000000000436,VALID,30.107308503512815,78.12973599986215,30043.20424983385,1058.011581338869,40049.90690013768
49.80000000000044,VALID,30.10742637670969,78.12989304392805,30074.11798902087,1046.9573891478974,40062.691748365316
49.90000000000044,VALID,30.10754424971947,78.13005008836893,30056.470904259957,1038.2587358354929,40063.60622239234
50.00000000000044,INVALID,30.107662122542163,78.1302071331848,nan,nan,nan
50.10000000000044,INVALID,30.107779995177758,78.13036417837566,nan,nan,nan
50.20000000000044,INVALID,30.107897867626257,78.1305212239415,nan,nan,nan
50.300000000000445,INVALID,30.108015739887655,78.13067826988234,nan,nan,nan
50.400000000000446,INVALID,30.108133611961954,78.13083531619817,nan,nan,nan
50.50000000000045,INVALID,30.10825148384915,78.130992362889,nan,nan,nan
50.60000000000045,INVALID,30.10836935554924,78.13114940995483,nan,nan,nan
50.70000000000045,INVALID,30.108487227062223,78.13130645739565,nan,nan,nan
50.80000000000045,INVALID,30.1086050983881,78.13146350521149,nan,nan,nan
50.90000000000045,INVALID,30.108722969526866,78.13162055340233,nan,nan,nan
51.000000000000455,INVALID,30.108840840478518,78.13177760196818,nan,nan,nan
51.100000000000456,INVALID,30.108958711243055,78.13193465090905,nan,nan,nan
51.20000000000046,INVALID,30.109076581820474,78.13209170022493,nan,nan,nan
51.30000000000046,INVALID,30.109194452210776,78.13224874991583,nan,nan,nan
51.40000000000046,INVALID,30.109312322413956,78.13240579998175,nan,nan,nan
51.50000000000046,INVALID,30.10943019243001,78.1325628504227,nan,nan,nan
51.60000000000046,INVALID,30.10954806225894,78.13271990123867,nan,nan,nan
51.700000000000465,INVALID,30.109665931900743,78.13287695242968,nan,nan,nan
51.800000000000466,INVALID,30.109783801355416,78.13303400399572,nan,nan,nan
51.90000000000047,INVALID,30.109901670622957,78.13319105593679,nan,nan,nan
52.00000000000047,INVALID,30.110019539703366,78.1333481082529,nan,nan,nan
52.10000000000047,INVALID,30.11013740859664,78.13350516094405,nan,nan,nan
52.20000000000047,INVALID,30.110255277302773,78.13366221401026,nan,nan,nan
52.30000000000047,INVALID,30.110373145821768,78.1338192674515,nan,nan,nan
52.400000000000475,INVALID,30.11049101415362,78.1339763212678,nan,nan,nan
52.500000000000476,INVALID,30.11060888229833,78.13413337545914,nan,nan,nan
52.60000000000048,INVALID,30.110726750255893,78.13429043002554,nan,nan,nan
52.70000000000048,INVALID,30.110844618026306,78.13444748496701,nan,nan,nan
52.80000000000048,INVALID,30.11096248560957,78.13460454028353,nan,nan,nan
52.90000000000048,INVALID,30.111080353005683,78.13476159597512,nan,nan,nan
53.00000000000048,INVALID,30.11119822021464,78.13491865204178,nan,nan,nan
53.100000000000485,INVALID,30.11131608723644,78.1350757084835,nan,nan,nan
53.200000000000486,INVALID,30.11143395407108,78.1352327653003,nan,nan,nan
53.30000000000049,INVALID,30.111551820718564,78.13538982249217,nan,nan,nan
53.40000000000049,INVALID,30.111669687178882,78.13554688005912,nan,nan,nan
53.50000000000049,INVALID,30.111787553452036,78.13570393800116,nan,nan,nan
53.60000000000049,INVALID,30.111905419538022,78.13586099631827,nan,nan,nan
53.70000000000049,INVALID,30.11202328543684,78.13601805501048,nan,nan,nan
53.800000000000495,INVALID,30.112141151148485,78.13617511407779,nan,nan,nan
53.900000000000496,INVALID,30.112259016672958,78.13633217352017,nan,nan,nan
54.0000000000005,INVALID,30.112376882010253,78.13648923333766,nan,nan,nan
54.1000000000005,INVALID,30.112494747160373,78.13664629353025,nan,nan,nan
54.2000000000005,INVALID,30.11261261212331,78.13680335409794,nan,nan,nan
54.3000000000005,INVALID,30.112730476899067,78.13696041504073,nan,nan,nan
54.4000000000005,INVALID,30.112848341487638,78.13711747635864,nan,nan,nan
54.500000000000504,INVALID,30.112966205889023,78.13727453805166,nan,nan,nan
54.600000000000506,INVALID,30.11308407010322,78.13743160011978,nan,nan,nan
54.70000000000051,INVALID,30.113201934130224,78.13758866256302,nan,nan,nan
54.80000000000051,INVALID,30.113319797970036,78.13774572538138,nan,nan,nan
54.90000000000051,INVALID,30.11343766162265,78.13790278857486,nan,nan,nan
55.00000000000051,INVALID,30.11355552508807,78.13805985214347,nan,nan,nan
55.10000000000051,INVALID,30.11367338836629,78.1382169160872,nan,nan,nan
55.200000000000514,INVALID,30.113791251457307,78.13837398040607,nan,nan,nan
55.300000000000516,INVALID,30.11390911436112,78.13853104510007,nan,nan,nan
55.40000000000052,INVALID,30.114026977077728,78.1386881101692,nan,nan,nan
55.50000000000052,INVALID,30.11414483960713,78.13884517561347,nan,nan,nan
55.60000000000052,INVALID,30.11426270194932,78.13900224143289,nan,nan,nan
55.70000000000052,INVALID,30.114380564104295,78.13915930762745,nan,nan,nan
55.80000000000052,INVALID,30.114498426072057,78.13931637419716,nan,nan,nan
55.900000000000524,INVALID,30.114616287852602,78.13947344114203,nan,nan,nan
56.000000000000526,INVALID,30.114734149445926,78.13963050846205,nan,nan,nan
56.10000000000053,INVALID,30.11485201085203,78.13978757615723,nan,nan,nan
56.20000000000053,INVALID,30.11496987207091,78.13994464422757,nan,nan,nan
56.30000000000053,INVALID,30.11508773310256,78.14010171267307,nan,nan,nan
56.40000000000053,INVALID,30.115205593946982,78.14025878149374,nan,nan,nan
56.50000000000053,INVALID,30.115323454604173,78.14041585068958,nan,nan,nan
56.600000000000534,INVALID,30.115441315074133,78.1405729202606,nan,nan,nan
56.700000000000536,INVALID,30.115559175356857,78.14072999020678,nan,nan,nan
56.80000000000054,INVALID,30.115677035452343,78.14088706052814,nan,nan,nan
56.90000000000054,INVALID,30.11579489536059,78.14104413122469,nan,nan,nan
57.00000000000054,INVALID,30.115912755081595,78.14120120229641,nan,nan,nan
57.10000000000054,INVALID,30.116030614615354,78.14135827374334,nan,nan,nan
57.20000000000054,INVALID,30.116148473961868,78.14151534556545,nan,nan,nan
57.300000000000544,INVALID,30.116266333121132,78.14167241776276,nan,nan,nan
57.400000000000546,INVALID,30.116384192093143,78.14182949033527,nan,nan,nan
57.50000000000055,INVALID,30.1165020508779,78.14198656328297,nan,nan,nan
57.60000000000055,INVALID,30.116619909475403,78.14214363660588,nan,nan,nan
57.70000000000055,INVALID,30.11673776788565,78.14230071030399,nan,nan,nan
57.80000000000055,INVALID,30.116855626108634,78.1424577843773,nan,nan,nan
57.90000000000055,INVALID,30.116973484144356,78.14261485882584,nan,nan,nan
58.000000000000554,INVALID,30.11709134199281,78.14277193364958,nan,nan,nan
58.100000000000556,INVALID,30.117209199654,78.14292900884855,nan,nan,nan
58.20000000000056,INVALID,30.117327057127916,78.14308608442275,nan,nan,nan
58.30000000000056,INVALID,30.117444914414563,78.14324316037217,nan,nan,nan
58.40000000000056,INVALID,30.117562771513935,78.1434002366968,nan,nan,nan
58.50000000000056,INVALID,30.11768062842603,78.14355731339667,nan,nan,nan
58.60000000000056,INVALID,30.117798485150846,78.14371439047177,nan,nan,nan
58.700000000000564,INVALID,30.117916341688378,78.14387146792211,nan,nan,nan
58.800000000000566,INVALID,30.11803419803863,78.14402854574769,nan,nan,nan
58.90000000000057,INVALID,30.11815205420159,78.14418562394852,nan,nan,nan
59.00000000000057,INVALID,30.118269910177265,78.14434270252458,nan,nan,nan
59.10000000000057,INVALID,30.118387765965647,78.1444997814759,nan,nan,nan
59.20000000000057,INVALID,30.118505621566737,78.14465686080247,nan,nan,nan
59.30000000000057,INVALID,30.11862347698053,78.14481394050429,nan,nan,nan
59.400000000000574,INVALID,30.118741332207026,78.14497102058138,nan,nan,nan
59.500000000000576,INVALID,30.11885918724622,78.14512810103373,nan,nan,nan
59.60000000000058,INVALID,30.11897704209811,78.14528518186135,nan,nan,nan
59.70000000000058,INVALID,30.119094896762693,78.14544226306424,nan,nan,nan
59.80000000000058,INVALID,30.11921275123997,78.14559934464239,nan,nan,nan
59.90000000000058,INVALID,30.119330605529935,78.14575642659582,nan,nan,nan
60.00000000000058,VALID,30.119448459632586,78.14591350892454,30039.39589196373,1027.6800482961798,40058.53315686012
60.100000000000584,VALID,30.119566313547924,78.14607059162853,30060.68953385288,1050.520256310626,40047.389806880754
60.200000000000585,VALID,30.119684167275942,78.1462276747078,30065.83681799491,1057.1186807378565,40043.44134076272
60.30000000000059,VALID,30.11980202081664,78.14638475816237,30057.315329796358,1037.567083702798,40044.41032062302
60.40000000000059,VALID,30.119919874170012,78.14654184199222,30039.48869967799,1027.9998261996163,40038.22707452544
60.50000000000059,VALID,30.12003772733606,78.14669892619736,30062.2232790308,1039.0217812113806,40044.49967969997
60.60000000000059,VALID,30.120155580314783,78.14685601077781,30038.39026316679,1058.6560721662408,40050.01197448167
60.70000000000059,VALID,30.120273433106174,78.14701309573356,30054.90745293568,1048.9431321946852,40038.28973032778
60.800000000000594,VALID,30.12039128571023,78.14717018106461,30040.260572044062,1058.3726594030124,40049.425933044826
60.900000000000595,VALID,30.120509138126952,78.14732726677097,30057.744016887234,1018.374041294923,40061.10108735689
61.0000000000006,VALID,30.120626990356335,78.14748435285264,30045.060328106552,1071.7285724639564,40044.89244916792
61.1000000000006,VALID,30.12074484239838,78.14764143930962,30050.282688716794,1056.603776289975,40041.242048396896
61.2000000000006,VALID,30.12086269425308,78.14779852614193,30058.72737930964,1043.5478409114469,40062.89103088226
61.3000000000006,VALID,30.120980545920435,78.14795561334954,30057.93206256735,1054.9563664662603,40042.75805821277
61.4000000000006,VALID,30.12109839740044,78.14811270093247,30047.894288314114,1052.9991160835968,40029.666572594564
61.500000000000604,VALID,30.1212162486931,78.14826978889074,30044.482507035336,1059.3807350389143,40037.31819227584
61.600000000000605,VALID,30.1213340997984,78.14842687722434,30062.789783075583,1043.716848119633,40053.2325734304
61.70000000000061,VALID,30.121451950716345,78.14858396593327,30038.523361502917,1054.8437826442844,40054.62728030826
61.80000000000061,VALID,30.121569801446935,78.14874105501754,30061.363739576154,1063.540701033108,40062.53523691703
61.90000000000061,VALID,30.12168765199016,78.14889814447714,30052.089189837778,1037.7383588163711,40063.23765083781
62.00000000000061,VALID,30.121805502346024,78.1490552343121,30036.95865264194,1045.6129016966424,40057.37108609041
62.10000000000061,VALID,30.12192335251452,78.1492123245224,30054.43557691835,1065.9306538362475,40049.95946573385
62.200000000000614,VALID,30.122041202495648,78.14936941510804,30033.099310269008,1047.247415953588,40051.740604894134
62.300000000000615,VALID,30.122159052289405,78.14952650606904,30046.493909725647,1064.1245355169006,40047.523873885206
62.40000000000062,VALID,30.122276901895788,78.1496835974054,30035.64152700056,1054.6678946561838,40038.52314783101
62.50000000000062,VALID,30.122394751314793,78.14984068911711,30066.998923396608,1052.70094204767,40035.9671560035
62.60000000000062,VALID,30.12251260054642,78.14999778120419,30060.79391826829,1073.6924654815825,40029.959439469625
62.70000000000062,VALID,30.122630449590662,78.15015487366664,30059.03073508971,1054.8402758033951,40051.75680296949
62.80000000000062,VALID,30.122748298447522,78.15031196650446,30053.43328420127,1054.9188566484213,40043.06995164653
62.900000000000624,VALID,30.122866147116994,78.15046905971765,30064.10989838118,1036.5047583898195,40069.5856337028
63.000000000000625,VALID,30.12298399559908,78.15062615330622,30065.276872162147,1038.1386495339018,40049.94599869
63.10000000000063,VALID,30.123101843893767,78.15078324727017,30064.198589871445,1045.0900556649515,40048.37591455263
63.20000000000063,VALID,30.12321969200106,78.15094034160951,30045.976226020273,1061.6747280800566,40043.923172468756
63.30000000000063,VALID,30.123337539920957,78.15109743632424,30049.90174405485,1055.4021540186823,40047.92398287973
63.40000000000063,VALID,30.12345538765345,78.15125453141435,30041.335684743208,1036.5845139771802,40034.81743561394
63.50000000000063,VALID,30.123573235198542,78.15141162687986,30038.201957497215,1032.7945044601288,40042.73123212078
63.600000000000634,VALID,30.123691082556228,78.15156872272077,30053.002148052587,1050.540953688157,40041.73366918835
63.700000000000635,VALID,30.123808929726504,78.15172581893708,30039.81981044617,1040.0661143708162,40036.12101977309
63.80000000000064,VALID,30.123926776709368,78.1518829155288,30037.6412242225,1057.1436157377232,40035.953884931245
63.90000000000064,VALID,30.12404462350482,78.15204001249593,30050.173158486486,1043.8194614984984,40074.27944486778
64.00000000000064,VALID,30.12416247011285,78.15219710983847,30032.030719667255,1051.9330085492572,40046.66249406002
64.10000000000063,VALID,30.12428031653346,78.15235420755643,30042.2886963552,1053.1521295429216,40051.55584617275
64.20000000000063,VALID,30.12439816276665,78.1525113056498,30039.310948359238,1054.2627735884262,40053.89168578669
64.30000000000062,VALID,30.124516008812414,78.15266840411859,30063.094697232445,1043.9002878671258,40064.70444438145
64.40000000000062,VALID,30.124633854670748,78.15282550296281,30048.031826417027,1030.239876489774,40055.23095800725
64.50000000000061,VALID,30.12475170034165,78.15298260218246,30049.184097932368,1041.1764904406364,40059.33240343851
64.6000000000006,VALID,30.12486954582512,78.15313970177755,30045.283717157366,1060.1688560770024,40049.17298872386
64.7000000000006,VALID,30.124987391121152,78.15329680174807,30057.503217358088,1056.7947776115068,40054.73167915514
64.8000000000006,VALID,30.125105236229746,78.15345390209403,30039.679565708277,1059.1971297716034,40050.21761725028
64.90000000000059,VALID,30.125223081150896,78.15361100281544,30070.022607736457,1054.7866988329506,40057.511262340246
65.00000000000058,VALID,30.1253409258846,78.1537681039123,30042.351070444798,1045.9385841440242,40050.96717994329
65.10000000000058,VALID,30.125458770430857,78.15392520538461,30038.295239581465,1038.2972263008576,40048.914172421
65.20000000000057,VALID,30.12557661478966,78.15408230723237,30049.221288010707,1052.020748868286,40061.17104134004
65.30000000000057,VALID,30.125694458961014,78.15423940945558,30045.99662637852,1056.8087570905627,40048.55364663552
65.40000000000056,VALID,30.125812302944908,78.15439651205426,30048.059880854624,1052.570680521879,40029.322717284704
65.50000000000055,VALID,30.125930146741343,78.1545536150284,30050.66356864507,1043.6174252545904,40040.70161460774
65.60000000000055,VALID,30.126047990350315,78.15471071837803,30031.130085826277,1045.5710890903295,40031.22563928127
65.70000000000054,VALID,30.12616583377182,78.15486782210311,30058.701231593615,1047.6069268071694,40033.17928223876
65.80000000000054,VALID,30.12628367700586,78.15502492620368,30043.264751252693,1057.5495375199384,40044.051165331846
65.90000000000053,VALID,30.126401520052422,78.15518203067973,30047.187821938223,1046.3081678582935,40048.7172389539
66.00000000000053,VALID,30.126519362911512,78.15533913553126,30033.0023295655,1049.5454032205719,40044.41907303788
66.10000000000052,VALID,30.126637205583126,78.15549624075828,30079.5377926414,1047.8699162004584,40045.44375407759
66.20000000000051,VALID,30.12675504806726,78.1556533463608,30059.884770070035,1048.4396783049483,40052.53342190748
66.30000000000051,VALID,30.12687289036391,78.1558104523388,30041.258840334624,1065.552280704463,40043.72325324581
66.4000000000005,VALID,30.12699073247307,78.15596755869231,30053.753502826195,1061.3235753088225,40046.95495075849
66.5000000000005,VALID,30.127108574394743,78.15612466542132,30049.99850950135,1055.865133672131,40056.82681913462
66.60000000000049,VALID,30.12722641612892,78.15628177252583,30039.09902015011,1051.8148322992135,40040.546309644174
66.70000000000049,VALID,30.127344257675603,78.15643888000587,30042.546297939156,1043.5160882341595,40062.159778500725
66.80000000000048,VALID,30.127462099034787,78.15659598786141,30065.96577334121,1076.0545259387966,40049.4344958162
66.90000000000047,VALID,30.12757994020647,78.15675309609247,30041.58593118164,1040.3051822900984,40066.07480788985
67.00000000000047,VALID,30.127697781190648,78.15691020469906,30034.61621800845,1046.830314415168,40044.339369541325
67.10000000000046,VALID,30.127815621987317,78.15706731368117,30067.49995274006,1039.8665590104206,40061.0166333726
67.20000000000046,VALID,30.127933462596474,78.15722442303881,30063.13353074297,1048.332299734569,40054.65495294765
67.30000000000045,VALID,30.128051303018115,78.15738153277199,30034.612856685926,1049.1179218817388,40047.84972944562
67.40000000000045,VALID,30.12816914325224,78.15753864288071,30024.20417355148,1054.1537696848543,40053.55166416816
67.50000000000044,VALID,30.128286983298842,78.15769575336496,30033.066239497984,1035.8772417069058,40042.507108546306
67.60000000000043,VALID,30.128404823157922,78.15785286422476,30044.708182177077,1046.936341040951,40040.41875768854
67.70000000000043,VALID,30.128522662829475,78.15800997546012,30039.92142869253,1053.065132438008,40045.24751960937
67.80000000000042,VALID,30.128640502313498,78.15816708707102,30048.931993966227,1047.703201310536,40054.57200310106
67.90000000000042,VALID,30.128758341609988,78.15832419905747,30048.457251180167,1058.6153946914742,40051.02998528064
68.00000000000041,VALID,30.12887618071894,78.1584813114195,30058.890342984705,1062.4708222500512,40035.39524543638
68.1000000000004,VALID,30.128994019640352,78.15863842415708,30059.21995121416,1067.828221484006,40040.27470872042
68.2000000000004,VALID,30.12911185837422,78.15879553727024,30049.681292924994,1046.427959058735,40054.4083393207
68.3000000000004,VALID,30.129229696920543,78.15895265075896,30055.19991872981,1043.307043977595,40063.12556522369
68.40000000000039,VALID,30.129347535279315,78.15910976462327,30041.433191883123,1048.6168104630103,40060.235922835665
68.50000000000038,VALID,30.129465373450536,78.15926687886315,30069.534378919696,1044.873447575196,40057.822946119675
68.60000000000038,VALID,30.1295832114342,78.15942399347863,30052.200417047155,1034.1755634015333,40040.44811740856
68.70000000000037,VALID,30.129701049230302,78.1595811084697,30037.952292324644,1044.9668294479584,40045.83211835846
68.80000000000037,VALID,30.12981888683884,78.15973822383636,30050.279487937554,1062.776939313762,40054.224761804726
68.90000000000036,VALID,30.129936724259814,78.15989533957861,30076.53062656061,1047.5657205834357,40057.89252921362
69.00000000000036,VALID,30.130054561493218,78.16005245569647,30054.144116946944,1065.0656669257862,40046.212839449036
69.10000000000035,VALID,30.13017239853905,78.16020957218994,30058.45257846458,1066.2907275714936,40042.79187153716
69.20000000000034,VALID,30.1302902353973,78.16036668905902,30049.251283383812,1055.0430630616938,40045.65220549452
69.30000000000034,VALID,30.130408072067972,78.1605238063037,30041.247559336447,1068.3273299586454,40047.703498955896
69.40000000000033,VALID,30.13052590855106,78.160680923924,30067.340930915714,1044.9157468376604,40047.92911082454
69.50000000000033,VALID,30.130643744846562,78.16083804191993,30057.97139146307,1047.939808534876,40041.01131856564
69.60000000000032,VALID,30.130761580954474,78.16099516029149,30042.80088816595,1052.7267235834263,40043.338859818155
69.70000000000032,VALID,30.13087941687479,78.16115227903867,30050.880677535653,1027.4271414893128,40044.4187772426
69.80000000000031,VALID,30.13099725260751,78.1613093981615,30048.196882432083,1044.8735829453851,40040.064133818334
69.9000000000003,VALID,30.13111508815263,78.16146651765997,30041.16495420232,1050.7052089074637,40064.87059525607
70.0000000000003,INVALID,30.131232923510144,78.16162363753408,nan,nan,nan
70.10000000000029,INVALID,30.13135075868005,78.16178075778383,nan,nan,nan
70.20000000000029,INVALID,30.131468593662344,78.16193787840925,nan,nan,nan
70.30000000000028,INVALID,30.131586428457023,78.16209499941031,nan,nan,nan
70.40000000000028,INVALID,30.131704263064083,78.16225212078704,nan,nan,nan
70.50000000000027,INVALID,30.13182209748352,78.16240924253944,nan,nan,nan
70.60000000000026,INVALID,30.13193993171533,78.16256636466751,nan,nan,nan
70.70000000000026,INVALID,30.13205776575951,78.16272348717125,nan,nan,nan
70.80000000000025,INVALID,30.132175599616055,78.16288061005066,nan,nan,nan
70.90000000000025,INVALID,30.132293433284964,78.16303773330577,nan,nan,nan
71.00000000000024,INVALID,30.132411266766233,78.16319485693657,nan,nan,nan
71.10000000000024,INVALID,30.132529100059855,78.16335198094306,nan,nan,nan
71.20000000000023,INVALID,30.13264693316583,78.16350910532525,nan,nan,nan
71.30000000000022,INVALID,30.13276476608415,78.16366623008314,nan,nan,nan
71.40000000000022,INVALID,30.132882598814817,78.16382335521673,nan,nan,nan
71.50000000000021,INVALID,30.13300043135782,78.16398048072604,nan,nan,nan
71.60000000000021,INVALID,30.13311826371316,78.16413760661106,nan,nan,nan
71.7000000000002,INVALID,30.133236095880832,78.16429473287181,nan,nan,nan
71.8000000000002,INVALID,30.13335392786083,78.16445185950828,nan,nan,nan
71.90000000000019,INVALID,30.133471759653155,78.16460898652046,nan,nan,nan
72.00000000000018,INVALID,30.1335895912578,78.16476611390839,nan,nan,nan
72.10000000000018,INVALID,30.13370742267476,78.16492324167206,nan,nan,nan
72.20000000000017,INVALID,30.133825253904032,78.16508036981146,nan,nan,nan
72.30000000000017,INVALID,30.133943084945614,78.16523749832662,nan,nan,nan
72.40000000000016,INVALID,30.1340609157995,78.16539462721754,nan,nan,nan
72.50000000000016,INVALID,30.134178746465683,78.1655517564842,nan,nan,nan
72.60000000000015,INVALID,30.134296576944163,78.16570888612664,nan,nan,nan
72.70000000000014,INVALID,30.134414407234935,78.16586601614485,nan,nan,nan
72.80000000000014,INVALID,30.134532237337996,78.16602314653882,nan,nan,nan
72.90000000000013,INVALID,30.13465006725334,78.16618027730857,nan,nan,nan
73.00000000000013,INVALID,30.13476789698096,78.16633740845411,nan,nan,nan
73.10000000000012,INVALID,30.13488572652086,78.16649453997543,nan,nan,nan
73.20000000000012,INVALID,30.135003555873027,78.16665167187254,nan,nan,nan
73.30000000000011,INVALID,30.13512138503746,78.16680880414546,nan,nan,nan
73.4000000000001,INVALID,30.13523921401416,78.16696593679418,nan,nan,nan
73.5000000000001,INVALID,30.135357042803115,78.16712306981871,nan,nan,nan
73.6000000000001,INVALID,30.135474871404323,78.16728020321905,nan,nan,nan
73.70000000000009,INVALID,30.13559269981778,78.1674373369952,nan,nan,nan
73.80000000000008,INVALID,30.135710528043482,78.16759447114718,nan,nan,nan
73.90000000000008,INVALID,30.135828356081422,78.167751605675,nan,nan,nan
74.00000000000007,INVALID,30.135946183931598,78.16790874057864,nan,nan,nan
74.10000000000007,INVALID,30.136064011594005,78.16806587585812,nan,nan,nan
74.20000000000006,INVALID,30.136181839068637,78.16822301151345,nan,nan,nan
74.30000000000005,INVALID,30.136299666355495,78.16838014754462,nan,nan,nan
74.40000000000005,INVALID,30.136417493454566,78.16853728395166,nan,nan,nan
74.50000000000004,INVALID,30.13653532036585,78.16869442073455,nan,nan,nan
74.60000000000004,INVALID,30.136653147089344,78.16885155789332,nan,nan,nan
74.70000000000003,INVALID,30.13677097362504,78.16900869542795,nan,nan,nan
74.80000000000003,INVALID,30.136888799972937,78.16916583333845,nan,nan,nan
74.90000000000002,INVALID,30.137006626133026,78.16932297162485,nan,nan,nan
75.00000000000001,INVALID,30.137124452105304,78.16948011028713,nan,nan,nan
75.10000000000001,INVALID,30.137242277889765,78.1696372493253,nan,nan,nan
75.2,INVALID,30.137360103486404,78.16979438873938,nan,nan,nan
75.3,INVALID,30.13747792889522,78.16995152852935,nan,nan,nan
75.39999999999999,INVALID,30.1375957541162,78.17010866869525,nan,nan,nan
75.49999999999999,INVALID,30.13771357914935,78.17026580923705,nan,nan,nan
75.59999999999998,INVALID,30.137831403994653,78.17042295015479,nan,nan,nan
75.69999999999997,INVALID,30.13794922865211,78.17058009144844,nan,nan,nan
75.79999999999997,INVALID,30.13806705312172,78.17073723311803,nan,nan,nan
75.89999999999996,INVALID,30.13818487740347,78.17089437516357,nan,nan,nan
75.99999999999996,INVALID,30.138302701497363,78.17105151758504,nan,nan,nan
76.09999999999995,INVALID,30.138420525403387,78.17120866038248,nan,nan,nan
76.19999999999995,INVALID,30.13853834912154,78.17136580355586,nan,nan,nan
76.29999999999994,INVALID,30.138656172651814,78.17152294710522,nan,nan,nan
76.39999999999993,INVALID,30.138773995994203,78.17168009103054,nan,nan,nan
76.49999999999993,INVALID,30.138891819148704,78.17183723533184,nan,nan,nan
76.59999999999992,INVALID,30.13900964211531,78.17199438000912,nan,nan,nan
76.69999999999992,INVALID,30.13912746489402,78.17215152506239,nan,nan,nan
76.79999999999991,INVALID,30.139245287484822,78.17230867049166,nan,nan,nan
76.8999999999999,INVALID,30.139363109887714,78.17246581629693,nan,nan,nan
76.9999999999999,INVALID,30.139480932102693,78.17262296247821,nan,nan,nan
77.0999999999999,INVALID,30.139598754129747,78.17278010903551,nan,nan,nan
77.19999999999989,INVALID,30.139716575968873,78.17293725596883,nan,nan,nan
77.29999999999988,INVALID,30.139834397620067,78.17309440327817,nan,nan,nan
77.39999999999988,INVALID,30.13995221908332,78.17325155096354,nan,nan,nan
77.49999999999987,INVALID,30.14007004035863,78.17340869902496,nan,nan,nan
77.59999999999987,INVALID,30.140187861445987,78.17356584746243,nan,nan,nan
77.69999999999986,INVALID,30.14030568234539,78.17372299627594,nan,nan,nan
77.79999999999986,INVALID,30.140423503056827,78.17388014546552,nan,nan,nan
77.89999999999985,INVALID,30.140541323580294,78.17403729503117,nan,nan,nan
77.99999999999984,INVALID,30.140659143915784,78.1741944449729,nan,nan,nan
78.09999999999984,INVALID,30.140776964063292,78.1743515952907,nan,nan,nan
78.19999999999983,INVALID,30.140894784022812,78.1745087459846,nan,nan,nan
78.29999999999983,INVALID,30.141012603794337,78.1746658970546,nan,nan,nan
78.39999999999982,INVALID,30.14113042337786,78.1748230485007,nan,nan,nan
78.49999999999982,INVALID,30.141248242773376,78.1749802003229,nan,nan,nan
78.59999999999981,INVALID,30.141366061980875,78.17513735252123,nan,nan,nan
78.6999999999998,INVALID,30.141483881000354,78.17529450509569,nan,nan,nan
78.7999999999998,INVALID,30.141601699831806,78.17545165804628,nan,nan,nan
78.89999999999979,INVALID,30.141719518475224,78.17560881137301,nan,nan,nan
78.99999999999979,INVALID,30.1418373369306,78.17576596507588,nan,nan,nan
79.09999999999978,INVALID,30.141955155197927,78.17592311915492,nan,nan,nan
79.19999999999978,INVALID,30.142072973277198,78.17608027361011,nan,nan,nan
79.29999999999977,INVALID,30.142190791168407,78.17623742844148,nan,nan,nan
79.39999999999976,INVALID,30.142308608871545,78.17639458364903,nan,nan,nan
79.49999999999976,INVALID,30.14242642638661,78.17655173923276,nan,nan,nan
79.59999999999975,INVALID,30.14254424371359,78.17670889519269,nan,nan,nan
79.69999999999975,INVALID,30.142662060852476,78.17686605152882,nan,nan,nan
79.79999999999974,INVALID,30.142779877803264,78.17702320824117,nan,nan,nan
79.89999999999974,INVALID,30.142897694565946,78.17718036532973,nan,nan,nan
79.99999999999973,INVALID,30.143015511140515,78.17733752279453,nan,nan,nan
80.09999999999972,VALID,30.14313332752696,78.17749468063556,30036.015736594672,1047.237397900594,40059.77049602686
80.19999999999972,VALID,30.143251143725276,78.17765183885284,30053.34457854917,1049.0624261824923,40045.49287396554
80.29999999999971,VALID,30.143368959735454,78.17780899744638,30050.132618852836,1048.9893588321959,40028.13538238452
80.39999999999971,VALID,30.143486775557488,78.17796615641618,30042.842167687126,1030.504110804055,40062.91056526967
80.4999999999997,VALID,30.143604591191366,78.17812331576225,30058.2264850654,1042.1176590803454,40058.048777645556
80.5999999999997,VALID,30.14372240663708,78.1782804754846,30074.486474921017,1043.7692353894129,40062.99275106907
80.69999999999969,VALID,30.143840221894628,78.17843763558324,30053.62505116741,1047.633007801289,40038.940894500265
80.79999999999968,VALID,30.143958036963994,78.17859479605818,30044.440749475943,1046.0508748371203,40026.84224368893
80.89999999999968,VALID,30.144075851845173,78.17875195690942,30055.30461871253,1046.782687051658,40054.592442169705
80.99999999999967,VALID,30.144193666538158,78.17890911813699,30045.807727736814,1079.9827274345946,40033.4271536419
81.09999999999967,VALID,30.144311481042937,78.17906627974088,30040.66940545313,1057.0520544315186,40073.584677409504
81.19999999999966,VALID,30.144429295359505,78.1792234417211,30040.075813002204,1068.292148950034,40040.829705906246
81.29999999999966,VALID,30.14454710948785,78.17938060407769,30062.933671239447,1050.753945489051,40072.29998540521
81.39999999999965,VALID,30.14466492342796,78.17953776681063,30067.81985267382,1043.5227732902786,40079.35701465057
81.49999999999964,VALID,30.14478273717983,78.17969492991993,30038.758411385083,1046.8637930741709,40068.07903137487
81.59999999999964,VALID,30.144900550743454,78.17985209340561,30042.65216894294,1043.5864864473856,40051.306303973055
81.69999999999963,VALID,30.145018364118815,78.18000925726768,30054.524866714997,1053.8718231019798,40042.54302647812
81.79999999999963,VALID,30.145136177305908,78.18016642150614,30051.968935157758,1056.3742540869107,40065.039905960635
81.89999999999962,VALID,30.145253990304724,78.18032358612102,30053.281604882115,1037.47020561751,40050.28417497235
81.99999999999962,VALID,30.14537180311525,78.18048075111231,30043.79406427452,1063.1903090851058,40033.24577503371
82.09999999999961,VALID,30.14548961573748,78.18063791648004,30055.597331386976,1039.3460369764769,40062.720571237056
82.1999999999996,VALID,30.1456074281714,78.1807950822242,30057.711621237366,1052.193311419304,40055.049387118146
82.2999999999996,VALID,30.145725240417,78.1809522483448,30046.631199212195,1056.7577729247503,40049.50373317738
82.3999999999996,VALID,30.145843052474273,78.18110941484187,30057.312040068446,1050.5857627564785,40025.18808514695
82.49999999999959,VALID,30.145960864343206,78.18126658171542,30044.863423159444,1065.1749245092276,40064.52540215636
82.59999999999958,VALID,30.146078676023787,78.18142374896544,30051.04549120522,1048.7396642189367,40046.64751861302
82.69999999999958,VALID,30.146196487516008,78.18158091659197,30056.305609042007,1055.7903772434865,40040.20908161029
82.79999999999957,VALID,30.146314298819856,78.181738084595,30056.616501445293,1062.3289661100146,40040.451351786134
82.89999999999957,VALID,30.146432109935322,78.18189525297454,30048.131586659576,1054.6356484022829,40057.22752967446
82.99999999999956,VALID,30.146549920862395,78.18205242173063,30045.79464899988,1044.7132241100878,40045.36114652012
83.09999999999955,VALID,30.14666773160106,78.18220959086325,30053.852326192333,1054.2911911519047,40049.80582456124
83.19999999999955,VALID,30.146785542151306,78.18236676037243,30036.357760445742,1039.1001318808087,40056.368240335316
83.29999999999954,VALID,30.146903352513124,78.18252393025818,30037.789117868913,1052.2635703799713,40046.39202378299
83.39999999999954,VALID,30.147021162686503,78.18268110052053,30043.977714938814,1050.266984613654,40066.76352091191
83.49999999999953,VALID,30.147138972671428,78.18283827115945,30052.88816582067,1047.0433427337432,40035.26628407064
83.59999999999953,VALID,30.147256782467885,78.182995442175,30055.12238408331,1061.3670335370255,40056.07376046713
83.69999999999952,VALID,30.147374592075863,78.18315261356716,30061.6595410724,1054.7659817783751,40036.96725190917
83.79999999999951,VALID,30.14749240149535,78.18330978533595,30049.550502391503,1055.2486798343587,40057.21011525468
83.89999999999951,VALID,30.14761021072633,78.1834669574814,30045.06923559672,1049.3663465430889,40053.65869642282
83.9999999999995,VALID,30.147728019768792,78.18362413000351,30062.712930167967,1060.0523880178953,40056.46318320573
84.0999999999995,VALID,30.14784582862272,78.18378130290229,30053.96222562685,1039.7471863320825,40038.99040184357
84.19999999999949,VALID,30.147963637288104,78.18393847617777,30049.081453454135,1060.415833830758,40053.95353423482
84.29999999999949,VALID,30.14808144576493,78.18409564982996,30055.610959353166,1034.984440879492,40035.38346243493
84.39999999999948,VALID,30.148199254053182,78.18425282385887,30061.19883826535,1049.6536157160574,40036.86312121036
84.49999999999947,VALID,30.148317062152845,78.18440999826451,30058.82167426217,1052.5803616134094,40079.514642745075
84.59999999999947,VALID,30.1484348700639,78.18456717304691,30062.500004473317,1053.4669732463049,40048.48890439617
84.69999999999946,VALID,30.14855267778634,78.18472434820609,30052.32295508137,1048.9734782918936,40035.612032851786
84.79999999999946,VALID,30.148670485320146,78.18488152374204,30059.275221197204,1052.7485751749402,40022.45293214869
84.89999999999945,VALID,30.1487882926653,78.18503869965478,30043.64476774865,1041.7125816089238,40059.80890182669
84.99999999999945,VALID,30.148906099821794,78.18519587594436,30049.559448098986,1064.8740685456648,40034.084804063015
85.09999999999944,VALID,30.1490239067896,78.18535305261076,30039.2421388351,1060.6709452672446,40043.447786486824
85.19999999999943,VALID,30.149141713568714,78.18551022965403,30039.413676083794,1044.73328597339,40042.40175727822
85.29999999999943,VALID,30.14925952015911,78.18566740707416,30055.39327847292,1061.1816761115683,40034.130807688685
85.39999999999942,VALID,30.14937732656077,78.18582458487118,30047.092235058066,1050.142438797427,40050.82193634574
85.49999999999942,VALID,30.149495132773684,78.1859817630451,30058.332555696612,1051.1984710614756,40044.20196643013
85.59999999999941,VALID,30.149612938797826,78.18613894159596,30038.881064790596,1031.7529072863965,40046.28888077562
85.6999999999994,VALID,30.149730744633185,78.18629612052375,30050.144098749643,1059.2172488108897,40046.22230888459
85.7999999999994,VALID,30.14984855027974,78.18645329982851,30073.23704274256,1049.2352041394006,40045.166562405924
85.8999999999994,VALID,30.149966355737465,78.18661047951026,30053.805952618815,1040.2944104536016,40052.08908041341
85.99999999999939,VALID,30.15008416100635,78.18676765956901,30029.35903145015,1056.7609407591112,40050.66678655926
86.09999999999938,VALID,30.15020196608637,78.18692484000479,30052.105707825453,1051.54808758,40037.26243930907
86.19999999999938,VALID,30.150319770977507,78.18708202081761,30041.013786061812,1065.6642491308878,40054.94597580479
86.29999999999937,VALID,30.15043757567974,78.1872392020075,30044.027367197785,1054.2108055456786,40054.07710900703
86.39999999999937,VALID,30.15055538019304,78.18739638357448,30069.544844633558,1061.1035088586698,40054.111686939774
86.49999999999936,VALID,30.150673184517395,78.18755356551857,30045.508147579036,1067.8368991513664,40048.984513478885
86.59999999999935,VALID,30.150790988652776,78.1877107478398,30041.294880776983,1037.7975351407972,40041.37603461952
86.69999999999935,VALID,30.150908792599164,78.18786793053819,30046.35914755833,1057.654014831163,40059.13185423759
86.79999999999934,VALID,30.151026596356537,78.18802511361376,30061.510697836853,1051.5297669498518,40058.314925300416
86.89999999999934,VALID,30.151144399924867,78.18818229706655,30072.593155758368,1059.1028942052067,40066.028825745365
86.99999999999933,VALID,30.15126220330413,78.18833948089656,30034.893614489083,1042.5820104935347,40042.48885044322
87.09999999999933,VALID,30.151380006494303,78.18849666510384,30023.22965756922,1050.7367827268156,40063.92448992812
87.19999999999932,VALID,30.151497809495357,78.18865384968841,30044.646831211234,1051.9544223088394,40041.4594580323
87.29999999999932,VALID,30.151615612307268,78.18881103465029,30045.082723551364,1052.8530984251827,40038.042242281204
87.39999999999931,VALID,30.151733414930003,78.1889682199895,30061.740330310942,1030.8124080683283,40053.222340880864
87.4999999999993,VALID,30.15185121736354,78.18912540570611,30045.085182272967,1064.8914474504575,40057.6184509193
87.5999999999993,VALID,30.151969019607847,78.18928259180011,30029.15840858678,1025.776033930178,40039.98643589413
87.69999999999929,VALID,30.1520868216629,78.18943977827153,30044.977736223842,1048.109930593408,40050.30245408364
87.79999999999929,VALID,30.152204623528657,78.18959696512043,30056.73596018114,1036.3400928692256,40031.99453347698
87.89999999999928,VALID,30.152322425205096,78.18975415234682,30052.52461463005,1046.3901898878155,40048.966266676776
87.99999999999928,VALID,30.152440226692182,78.18991133995074,30043.581701535575,1048.267912357953,40064.8650690362
88.09999999999927,VALID,30.152558027989883,78.19006852793223,30033.767297048667,1037.7446955160042,40056.416016025185
88.19999999999926,VALID,30.15267582909816,78.19022571629131,30065.674077665997,1047.9435109267595,40037.37284142502
88.29999999999926,VALID,30.152793630016983,78.19038290502803,30029.988800547922,1052.6054244674376,40037.50645778648
88.39999999999925,VALID,30.152911430746315,78.19054009414242,30071.75578925638,1073.4160353590528,40052.26301293214
88.49999999999925,VALID,30.153029231286116,78.19069728363452,30054.85461701597,1048.8208725754878,40061.417956612444
88.59999999999924,VALID,30.153147031636347,78.19085447350437,30049.96929522272,1050.6335675260432,40063.60403262304
88.69999999999924,VALID,30.153264831796967,78.19101166375202,30056.261825197613,1071.3098128391707,40033.63170444093
88.79999999999923,VALID,30.153382631767936,78.1911688543775,30044.444175819208,1040.9609398489213,40058.41779169326
88.89999999999922,VALID,30.15350043154921,78.19132604538085,30045.064096472972,1056.0233198778878,40038.310120458766
88.99999999999922,VALID,30.153618231140747,78.19148323676212,30049.056589062988,1072.9699543975314,40066.38368221459
89.09999999999921,VALID,30.1537360305425,78.19164042852137,30031.214680660793,1053.6458646424692,40058.26352920914
89.1999999999992,VALID,30.15385382975442,78.19179762065863,30045.065925942727,1038.9761969533315,40056.619878044825
89.2999999999992,VALID,30.153971628776457,78.19195481317396,30051.008254300687,1055.5254086859572,40048.419485648425
89.3999999999992,VALID,30.15408942760856,78.19211200606742,30073.311651824868,1040.8615891901018,40045.04001262648
89.49999999999919,VALID,30.154207226250676,78.19226919933905,30055.14885456704,1057.3174176365812,40036.21286369229
89.59999999999918,VALID,30.15432502470275,78.19242639298892,30062.973127137702,1035.4188155518095,40050.06399600046
89.69999999999918,VALID,30.15444282296472,78.19258358701708,30046.929733694287,1042.923751890582,40061.3325042962
89.79999999999917,VALID,30.154560621036534,78.1927407814236,30026.529472157268,1042.6921718769431,40040.97236149057
89.89999999999917,VALID,30.154678418918124,78.19289797620851,30058.748974068134,1065.5042131601358,40057.75468773545
89.99999999999916,VALID,30.154796216609423,78.19305517137192,30063.95285022176,1027.7544578228753,40051.63600117024
90.09999999999916,VALID,30.154914014110364,78.19321236691388,30036.16966603832,1046.2503461237652,40052.44671648639
90.19999999999915,VALID,30.155031811420876,78.19336956283446,30050.946246013227,1063.7575379677453,40030.21364659671
90.29999999999914,VALID,30.155149608540885,78.19352675913375,30041.642635502325,1035.1937001463173,40033.61209202923
90.39999999999914,VALID,30.155267405470312,78.1936839558118,30060.057794381355,1051.8241883804722,40065.566137844435
90.49999999999913,VALID,30.15538520220907,78.19384115286873,30061.852063376635,1050.6815024693528,40040.30383618907
90.59999999999913,VALID,30.155502998757083,78.1939983503046,30059.917917931012,1043.0839693440553,40038.005761845736
90.69999999999912,VALID,30.15562079511425,78.19415554811951,30038.49589890339,1051.218571124674,40062.65529846451
90.79999999999912,VALID,30.15573859128048,78.19431274631356,30050.526088169783,1062.2442853229086,40050.91342067516
90.89999999999911,VALID,30.15585638725567,78.19446994488685,30045.73551233141,1077.2117373904484,40068.210445299155
90.9999999999991,VALID,30.155974183039717,78.19462714383948,30051.969069797713,1041.678052714558,40033.90970548307
91.0999999999991,VALID,30.156091978632507,78.19478434317158,30054.013576309742,1047.4448827229085,40054.67000811838
91.1999999999991,VALID,30.15620977403392,78.19494154288326,30053.23041221039,1054.362761814423,40061.42227614418
91.29999999999909,VALID,30.156327569243825,78.19509874297465,30053.142198753896,1042.7655596715408,40042.29451440015
91.39999999999908,VALID,30.156445364262094,78.19525594344589,30055.831268650352,1039.2817304562843,40057.18342195571
91.49999999999908,VALID,30.15656315908858,78.1954131442971,30057.141934107185,1049.5611651084378,40042.18576723364
91.59999999999907,VALID,30.156680953723132,78.19557034552848,30032.236612694847,1038.7603503768692,40033.7407000843
91.69999999999906,VALID,30.156798748165585,78.19572754714015,30050.26671092337,1045.5771246284114,40040.793384629695
91.79999999999906,VALID,30.15691654241576,78.19588474913232,30058.72605470908,1051.2932788545356,40050.475869285656
91.89999999999905,VALID,30.15703433647347,78.19604195150517,30055.581167804823,1060.3645244614022,40033.971760124856
91.99999999999905,VALID,30.15715213033851,78.19619915425889,30057.066798465574,1031.9106320069545,40042.05616458962
92.09999999999904,VALID,30.15726992401066,78.19635635739373,30060.121455785662,1056.912224994756,40056.64740895992
92.19999999999904,VALID,30.157387717489677,78.1965135609099,30051.82084905611,1064.1297655626602,40034.59199215469
92.29999999999903,VALID,30.1575055107753,78.19667076480769,30046.948446866852,1050.473490516018,40070.35285158138
92.39999999999903,VALID,30.157623303867243,78.19682796908738,30060.265499061752,1060.3842766268185,40042.38654484883
92.49999999999902,VALID,30.157741096765193,78.19698517374928,30072.496615540465,1054.7180835933545,40039.94075570879
92.59999999999901,VALID,30.157858889468802,78.19714237879374,30073.45359297087,1035.7309179127744,40041.313002479124
92.69999999999901,VALID,30.157976681977683,78.19729958422116,30047.65998924251,1040.195802622177,40055.27211196284
92.799999999999,VALID,30.158094474291406,78.19745679003195,30052.767626859673,1051.1350831680234,40068.93806831691
92.899999999999,VALID,30.15821226640949,78.19761399622661,30033.660308326296,1063.66385768267,40041.75348170425
92.99999999999899,VALID,30.158330058331384,78.19777120280568,30064.621639029858,1069.0521399318638,40073.01553038757
93.09999999999899,VALID,30.15844785005647,78.1979284097698,30048.094857167795,1038.3674053080322,40053.27926098084
93.19999999999898,VALID,30.158565641584026,78.19808561711967,30049.466314316716,1032.3715061460534,40057.35544988464
93.29999999999897,VALID,30.158683432913218,78.19824282485615,30040.773220305997,1064.4200882424138,40059.6516359634
93.39999999999897,VALID,30.15880122404306,78.19840003298022,30047.186626079565,1050.3616436196949,40047.57432760742
93.49999999999896,VALID,30.158919014972376,78.19855724149305,30045.42606698292,1080.9831065699138,40040.63803118752
93.59999999999896,VALID,30.15903680569973,78.19871445039608,30050.55337588503,1059.914715704968,40046.156609354955
93.69999999999895,VALID,30.15915459622334,78.19887165969111,30043.71457212135,1036.708989525899,40061.92035332751
93.79999999999895,VALID,30.159272386540916,78.19902886938043,30057.120029949358,1054.699336138937,40034.91204124705
93.89999999999894,VALID,30.159390176649442,78.19918607946705,30055.035828386786,1052.8530440721252,40046.61936224105
93.99999999999893,VALID,30.15950796654473,78.1993432899552,30036.23259204026,1049.4331739174004,40041.2915792862
94.09999999999893,VALID,30.15962575622059,78.19950050085106,30050.800347755616,1050.6334006332977,40046.61841736189
94.19999999999892,VALID,30.159743545666927,78.19965771216475,30058.82023463236,1049.3394944384138,40055.29086956094
94.29999999999892,VALID,30.15986133486439,78.19981492391567,30054.184023317714,1060.0817314652375,40040.35940304276
94.39999999999891,VALID,30.159979123760756,78.19997213615615,30046.546951535354,1059.2199450763842,40051.53532835675
94.4999999999989,VALID,30.160117925790416,78.20015707512455,30061.258052528214,1057.4524279586667,40045.5531992263
94.5999999999989,VALID,30.16023585139351,78.20031415062508,30058.80510940277,1047.4251426220972,40059.56604495237
94.6999999999989,VALID,30.160353776809274,78.20047122650158,30068.537644298143,1060.9159450691145,40072.895009174645
94.79999999999889,VALID,30.160471702037707,78.20062830275407,30034.48418064891,1044.516251596076,40047.33655412374
94.89999999999888,VALID,30.160589627078814,78.20078537938255,30045.99709458567,1053.7244803952715,40046.318914571195
94.99999999999888,VALID,30.160707551932585,78.20094245638703,30061.06107424765,1059.8476048490945,40054.134734111096
95.09999999999887,VALID,30.160825476599022,78.20109953376749,30039.877867124073,1055.4737377912577,40056.74290015659
95.19999999999887,VALID,30.160943401078125,78.20125661152396,30053.538854302686,1050.3000709180897,40064.003348730344
95.29999999999886,VALID,30.16106132536989,78.20141368965642,30044.51619219302,1046.333025281172,40056.670558611615
95.39999999999885,VALID,30.161179249474312,78.20157076816488,30055.307912980752,1058.5259752530164,40047.159892224845
95.49999999999885,VALID,30.161297173391393,78.20172784704936,30036.85293923099,1037.6241786246524,40045.67327284909
95.59999999999884,VALID,30.161415097121132,78.20188492630983,30057.924251658824,1057.9226418315784,40031.84088775226
95.69999999999884,VALID,30.161533020663523,78.20204200594631,30055.338957718344,1049.127734296016,40039.57894129589
95.79999999999883,VALID,30.161650944018568,78.20219908595881,30071.907750313905,1052.6395788635537,40058.274152256556
95.89999999999883,VALID,30.161768867186264,78.20235616634733,30075.675254359376,1044.1888059611952,40046.032098067095
95.99999999999882,VALID,30.16188679016661,78.20251324711185,30064.89015659129,1036.923290253197,40050.73965696291
96.09999999999881,VALID,30.1620047129596,78.20267032825241,30050.462150867643,1059.7018103768044,40054.053908928116
96.19999999999881,VALID,30.162122635565236,78.20282740976899,30040.868201323236,1059.722463264132,40058.451494124354
96.2999999999988,VALID,30.162240557983516,78.20298449166158,30039.489959037877,1043.1219680580753,40044.74192503192
96.3999999999988,VALID,30.162358480214436,78.20314157393021,30038.506599219276,1060.6466680278504,40046.76157208756
96.49999999999879,VALID,30.162476402257994,78.20329865657487,30047.221698161502,1039.6224426896922,40046.05461143942
96.59999999999879,VALID,30.162594324114192,78.20345573959557,30064.849516297738,1057.482882570364,40033.82602792069
96.69999999999878,VALID,30.162712245783023,78.2036128229923,30040.102927140477,1056.3560101529324,40045.0187789752
96.79999999999878,VALID,30.162830167264488,78.20376990676506,30044.467604408084,1041.3950784668154,40036.68930871002
96.89999999999877,VALID,30.162948088558586,78.20392699091387,30050.95289372866,1046.1972809150545,40061.40377870266
96.99999999999876,VALID,30.163066009665314,78.20408407543873,30049.332920598652,1040.3482886197396,40056.93805501096
97.09999999999876,VALID,30.16318393058467,78.20424116033963,30063.46147316118,1042.6426308570155,40032.97424095622
97.19999999999875,VALID,30.16330185131665,78.20439824561659,30045.21033952011,1036.500901865103,40066.41617773092
97.29999999999875,VALID,30.163419771861253,78.20455533126959,30036.122554394125,1046.7230514189023,40064.73521650451
97.39999999999874,VALID,30.16353769221848,78.20471241729864,30058.712125278213,1044.8633865938884,40042.169359548236
97.49999999999874,VALID,30.163655612388325,78.20486950370375,30048.185034307666,1047.5984479745107,40064.96398553877
97.59999999999873,VALID,30.16377353237079,78.20502659048492,30048.453346456812,1036.5003016692465,40059.85772986611
97.69999999999872,VALID,30.16389145216587,78.20518367764215,30060.36532892181,1047.7320397179426,40057.72125034491
97.79999999999872,VALID,30.164009371773567,78.20534076517545,30050.512465643867,1037.9320166921639,40049.18925361473
97.89999999999871,VALID,30.164127291193875,78.20549785308482,30038.55322043538,1043.6584492467034,40040.61102252042
97.9999999999987,VALID,30.164245210426795,78.20565494137026,30053.328448731736,1051.8648370088106,40036.80320642101
98.0999999999987,VALID,30.164363129472324,78.20581203003177,30040.801449776187,1049.973079517535,40054.64367923966
98.1999999999987,VALID,30.164481048330458,78.20596911906935,30050.722411574385,1027.932054766296,40062.869049513116
98.29999999999869,VALID,30.164598967001197,78.20612620848301,30067.723116893365,1065.8379268645313,40055.44103949918
98.39999999999868,VALID,30.164716885484538,78.20628329827277,30056.719858863416,1043.458076611687,40051.88578668359
98.49999999999868,VALID,30.16483480378048,78.2064403884386,30038.693709486994,1051.2176034671322,40035.703070808064
98.59999999999867,VALID,30.164952721889023,78.20659747898051,30055.852017686786,1046.4544402920246,40057.6706884775
98.69999999999867,VALID,30.16507063981016,78.20675456989852,30051.82573759447,1045.404406537805,40058.433259737176
98.79999999999866,VALID,30.165188557543896,78.20691166119262,30038.26595299325,1047.3514760149617,40044.624557410454
98.89999999999866,VALID,30.165306475090222,78.20706875286282,30057.439724211177,1049.2448473430504,40052.70018746186
98.99999999999865,VALID,30.16542439244914,78.20722584490912,30055.254710258843,1026.5388452288455,40040.73681847284
99.09999999999864,VALID,30.165542309620648,78.20738293733152,30051.159299603172,1060.1247589957084,40055.725877615354
99.19999999999864,VALID,30.165660226604743,78.20754003013002,30063.1076616806,1047.783761279893,40051.006804529854
99.29999999999863,VALID,30.165778143401422,78.20769712330463,30045.00201000396,1045.6432774637008,40041.69563148215
99.39999999999863,VALID,30.165896060010684,78.20785421685534,30044.56719406568,1048.0953177844196,40043.484459404004
99.49999999999862,VALID,30.166013976432527,78.20801131078217,30050.265748968344,1031.8136588675513,40054.27933799888
99.59999999999862,VALID,30.16613189266695,78.2081684050851,30051.774568412104,1054.4622878505572,40045.365030665
99.69999999999861,VALID,30.16624980871395,78.20832549976416,30044.917802917265,1059.8236093785035,40048.45496271311
99.7999999999986,VALID,30.166367724573526,78.20848259481933,30069.865493835423,1035.9388231025232,40047.526351742694
99.8999999999986,VALID,30.166485640245675,78.20863969025062,30038.72626426437,1042.1325541748934,40042.10008385453
99.9999999999986,VALID,30.166603555730397,78.20879678605804,30045.192677222105,1057.828421108878,40038.56105951949
100.09999999999859,VALID,30.16672147102769,78.2089538822416,30056.100117416594,1035.5911224494978,40045.94474328226
100.19999999999858,VALID,30.166839386137546,78.20911097880128,30063.198093686504,1054.6204278916334,40052.72280335492
100.29999999999858,VALID,30.16695730105997,78.20926807573709,30056.301059281228,1055.75975014838,40056.280056433025
100.39999999999857,VALID,30.167075215794956,78.20942517304904,30064.036630360013,1039.6154563757989,40049.2926076525
100.49999999999856,VALID,30.167193130342504,78.20958227073713,30056.372688737985,1057.4964228529805,40055.58057910657
100.59999999999856,VALID,30.16731104470261,78.20973936880137,30063.065365794206,1044.9900475454017,40036.502798051115
100.69999999999855,VALID,30.167428958875277,78.20989646724173,30062.723869182526,1049.9919695851615,40044.51313599595
100.79999999999855,VALID,30.1675468728605,78.21005356605825,30050.35759598795,1045.6772379104327,40060.06207975787
100.89999999999854,VALID,30.16766478665827,78.21021066525093,30058.901665586473,1053.117328468215,40055.408695884675
100.99999999999854,VALID,30.167782700268596,78.21036776481975,30050.326076252404,1060.2650895524512,40026.36680410698
101.09999999999853,VALID,30.167900613691472,78.21052486476472,30038.31804878772,1049.6006946873308,40045.865226115704
101.19999999999852,VALID,30.168018526926893,78.21068196508585,30040.494844508215,1056.199685591226,40040.2161631739
101.29999999999852,VALID,30.16813643997486,78.21083906578315,30052.17361269793,1051.2428970989642,40050.57696966015
101.39999999999851,VALID,30.16825435283537,78.2109961668566,30041.708152023693,1048.0683441685176,40062.26936940945
101.49999999999851,VALID,30.16837226550842,78.21115326830623,30055.435233447377,1059.6283871397934,40049.199180181466
101.5999999999985,VALID,30.168490177994013,78.21131037013203,30032.977168986898,1045.3353182461783,40048.49322059773
101.6999999999985,VALID,30.168608090292143,78.211467472334,30063.015081621314,1061.3595387319283,40054.2484515444
101.79999999999849,VALID,30.168726002402806,78.21162457491214,30041.434723488997,1051.2844721483934,40047.38268507139
101.89999999999849,VALID,30.168843914326004,78.21178167786645,30047.564917429245,1037.6647789937142,40054.63904652793
101.99999999999848,VALID,30.168961826061732,78.21193878119695,30049.701572388265,1058.0438181911136,40035.38373632107
102.09999999999847,VALID,30.16907973760999,78.21209588490363,30038.730182572905,1086.462723591106,40041.19949871193
102.19999999999847,VALID,30.169197648970776,78.2122529889865,30052.875827811633,1054.3775511564074,40040.17814461978
102.29999999999846,VALID,30.169315560144085,78.21241009344557,30067.276071068296,1049.3437988499777,40051.49480040671
102.39999999999846,VALID,30.169433471129917,78.21256719828082,30068.1838633498,1042.0897907671724,40045.123590222065
102.49999999999845,VALID,30.16955138192827,78.21272430349227,30046.544872014685,1036.2735358134412,40052.75839468484
102.59999999999845,VALID,30.16966929253914,78.21288140907991,30054.730539176056,1051.833199590935,40056.558303518024
102.69999999999844,VALID,30.169787202962528,78.21303851504375,30058.65654077374,1053.387028075108,40047.585589132395
102.79999999999843,VALID,30.169905113198432,78.21319562138379,30062.204166448235,1043.0333612884478,40063.96357543052
102.89999999999843,VALID,30.17002302324685,78.21335272810003,30048.070436275622,1057.6480276701484,40068.26551977023
102.99999999999842,VALID,30.170140933107774,78.2135098351925,30027.352023702566,1048.0773962110634,40045.96051638482
103.09999999999842,VALID,30.17025884278121,78.21366694266116,30067.07386524206,1045.9317759648868,40077.29019501857
103.19999999999841,VALID,30.17037675226715,78.21382405050605,30034.72097096394,1053.4950554794932,40046.1369813041
103.2999999999984,VALID,30.170494661565595,78.21398115872715,30055.050903334064,1044.3485630413059,40045.48968106901
103.3999999999984,VALID,30.170612570676543,78.21413826732447,30031.771719625838,1051.0817367141346,40035.02077982715
103.4999999999984,VALID,30.17073047959999,78.21429537629801,30036.90331049043,1050.8687007729732,40048.78650840367
103.59999999999839,VALID,30.170848388335934,78.21445248564778,30060.270899332263,1036.46870399198,40054.21012028583
103.69999999999838,VALID,30.170966296884373,78.21460959537377,30053.225001436393,1046.976288181474,40041.963645461896
103.79999999999838,VALID,30.171084205245307,78.214766705476,30049.20907589537,1058.8398590583258,40046.262442572224
103.89999999999837,VALID,30.171202113418733,78.21492381595445,30058.472950159292,1047.2619183165466,40067.24795567822
103.99999999999837,VALID,30.171320021404647,78.21508092680915,30050.26803500774,1048.2445762106615,40033.89172046748
104.09999999999836,VALID,30.171437929203048,78.21523803804008,30035.728482096078,1053.8129026327406,40047.72550164324
104.19999999999835,VALID,30.171555836813933,78.21539514964726,30052.81276608276,1043.1535810197463,40048.495618172805
104.29999999999835,VALID,30.171673744237303,78.21555226163069,30043.76305199483,1052.9519861241079,40047.81835916809
104.39999999999834,VALID,30.171791651473153,78.21570937399036,30068.64651597657,1043.1192284291835,40061.18809760141
104.49999999999834,VALID,30.171909558521484,78.21586648672628,30039.455070409884,1045.346678226296,40041.58456129691
104.59999999999833,VALID,30.172027465382293,78.21602359983846,30062.59637231863,1054.369894263871,40051.37173167099
104.69999999999833,VALID,30.172145372055574,78.2161807133269,30052.344549619484,1039.156316483352,40064.02913003163
104.79999999999832,VALID,30.17226327854133,78.21633782719161,30063.895288823915,1049.6570022474139,40050.13260676107
104.89999999999831,VALID,30.172381184839555,78.21649494143257,30056.491355508755,1048.2474570342008,40047.99823493912
104.99999999999831,VALID,30.172499090950247,78.2166520560498,30045.071955300573,1046.5410927096468,40045.23939871066
105.0999999999983,VALID,30.172616996873405,78.2168091710433,30057.298529681182,1046.7170321730132,40045.716354799726
105.1999999999983,VALID,30.172734902609026,78.21696628641305,30043.731775941225,1035.0050329144403,40065.60181737092
105.29999999999829,VALID,30.17285280815711,78.21712340215909,30055.085960400447,1058.6650075960579,40044.701024993665
105.39999999999829,VALID,30.172970713517653,78.21728051828141,30064.572005767008,1051.4520280543825,40064.5263648837
105.49999999999828,VALID,30.173088618690652,78.21743763478001,30049.86626524492,1049.5533526617915,40044.72045475501
105.59999999999827,VALID,30.173206523676107,78.2175947516549,30050.774869220437,1052.2498409716054,40064.92696471934
105.69999999999827,VALID,30.173324428474015,78.21775186890606,30065.397129166482,1050.8994684204627,40062.19038429022
105.79999999999826,VALID,30.173442333084374,78.21790898653352,30022.823486418183,1045.297075818787,40052.49711402965
105.89999999999826,VALID,30.173560237507182,78.21806610453727,30058.871216387295,1054.2310091532784,40049.43946830947
105.99999999999825,VALID,30.173678141742435,78.21822322291732,30045.385023599192,1042.0023430180536,40069.01960422819
106.09999999999825,VALID,30.173796045790134,78.21838034167367,30061.222257801375,1063.0777714718897,40050.10605824025
106.19999999999824,VALID,30.173913949650274,78.2185374608063,30044.655306592584,1055.5469417989555,40049.75378551047
106.29999999999824,VALID,30.17403185332285,78.21869458031524,30048.719223729157,1049.751437136304,40043.670487330404
106.39999999999823,VALID,30.174149756807868,78.2188517002005,30041.28584605428,1047.5759543948363,40036.14578317472
106.49999999999822,VALID,30.17426766010532,78.21900882046207,30055.982497666027,1058.38550754808,40042.30461015424
106.59999999999822,VALID,30.174385563215203,78.21916594109994,30031.725700635106,1053.9357952730516,40052.38432458888
106.69999999999821,VALID,30.17450346613752,78.21932306211414,30050.20507037263,1036.6557190928575,40030.82259538556
106.7999999999982,VALID,30.174621368872263,78.21948018350466,30067.11559363985,1047.835920394732,40055.04399150799
106.8999999999982,VALID,30.174739271419433,78.21963730527149,30049.292502172935,1054.1354010522825,40037.217340233015
106.9999999999982,VALID,30.174857173779028,78.21979442741466,30045.542905732662,1036.44636911286,40039.128470973934
107.09999999999819,VALID,30.174975075951043,78.21995154993414,30042.909800596364,1031.9345050838613,40045.38800680588
107.19999999999818,VALID,30.175092977935478,78.22010867282995,30042.89111107365,1038.1378510065256,40048.6716089681
107.29999999999818,VALID,30.17521087973233,78.2202657961021,30049.88659316514,1041.6302648386134,40070.11971489356
107.39999999999817,VALID,30.175328781341598,78.22042291975059,30057.18207413683,1061.2165657391952,40046.716166789694
107.49999999999817,VALID,30.17544668276328,78.22058004377541,30058.935994230604,1057.6557513936632,40039.814929792
107.59999999999816,VALID,30.17556458399737,78.22073716817658,30043.177900682465,1079.1522231586086,40045.887823186466
107.69999999999816,VALID,30.175682485043872,78.2208942929541,30054.86861200315,1047.853983799124,40058.31397181401
107.79999999999815,VALID,30.17580038590278,78.22105141810796,30040.05414687844,1039.9470760365384,40061.343406102395
107.89999999999814,VALID,30.17591828657409,78.22120854363818,30051.985324299378,1025.2237912356075,40050.2341435059
107.99999999999814,VALID,30.1760361870578,78.22136566954475,30048.180322934044,1057.1066823387912,40053.210541064786
108.09999999999813,VALID,30.17615408735391,78.22152279582768,30053.42196716266,1050.8746449151497,40052.90468753159
108.19999999999813,VALID,30.176271987462417,78.22167992248697,30038.47376454271,1041.8510027870198,40041.47689566615
108.29999999999812,VALID,30.17638988738332,78.22183704952262,30036.58840458883,1057.8825388810794,40060.77583928325
108.39999999999812,VALID,30.176507787116613,78.22199417693464,30056.13995411968,1043.9876809105226,40044.62871897214
108.49999999999811,VALID,30.176625686662295,78.22215130472304,30045.60125409685,1061.1289825322349,40055.2662783266
108.5999999999981,VALID,30.176743586020365,78.2223084328878,30067.38910256788,1040.3042234287338,40047.743639656124
108.6999999999981,VALID,30.17686148519082,78.22246556142895,30037.393201051866,1035.8275821892407,40048.44740161137
108.7999999999981,VALID,30.17697938417366,78.22262269034647,30046.64294011279,1044.8718301425636,40034.65276217836
108.89999999999809,VALID,30.17709728296888,78.22277981964038,30051.967697916753,1047.1613035800567,40059.14865509168
108.99999999999808,VALID,30.17721518157648,78.22293694931066,30055.50502521123,1036.8825829728064,40053.95691875907
109.09999999999808,VALID,30.17733307999645,78.22309407935734,30044.011317681725,1065.3250570646803,40049.7041159411
109.19999999999807,VALID,30.177450978228798,78.22325120978041,30044.96486567887,1045.9345883575445,40034.991028119126
109.29999999999806,VALID,30.177568876273515,78.22340834057988,30062.744567043515,1071.1935485903264,40032.702031107125
109.39999999999806,VALID,30.177686774130603,78.22356547175575,30047.482070365448,1048.8959533266157,40044.05723011112
109.49999999999805,VALID,30.177804671800054,78.22372260330802,30062.175365846397,1062.474391050764,40047.546564236916
109.59999999999805,VALID,30.177922569281872,78.2238797352367,30070.712821986457,1050.3277080289936,40047.58095860876
109.69999999999804,VALID,30.17804046657605,78.22403686754177,30052.798036195207,1042.5396710099103,40064.531329512334
109.79999999999804,VALID,30.178158363682588,78.22419400022326,30056.166362490192,1046.4505401573806,40048.14481294551
109.89999999999803,VALID,30.178276260601482,78.22435113328116,30040.92227859687,1052.6250934748061,40037.06362046014
109.99999999999802,VALID,30.178394157332733,78.22450826671547,30050.031699446394,1044.8279458541986,40055.67055845191
110.09999999999802,VALID,30.178512053876332,78.22466540052622,30060.425682875913,1057.8693809209608,40048.77429423548
110.19999999999801,VALID,30.17862995023228,78.22482253471338,30042.903762161477,1047.0033787981924,40049.833671692235
110.29999999999801,VALID,30.17874784640058,78.22497966927698,30054.879187196693,1044.3182526956186,40040.327207402384
110.399999999998,VALID,30.178865742381223,78.22513680421699,30051.734266739568,1063.5880220749439,40068.723246026864
110.499999999998,VALID,30.17898363817421,78.22529393953344,30057.931997819986,1040.0973609937491,40064.08593070792
110.59999999999799,VALID,30.179101533779534,78.22545107522633,30041.54339795884,1042.2942805679365,40054.27610710315
110.69999999999798,VALID,30.179219429197197,78.22560821129565,30036.196747227674,1058.01680185857,40049.46370779599
110.79999999999798,VALID,30.179337324427195,78.22576534774142,30053.991228696,1041.7657084951345,40058.46427358226
110.89999999999797,VALID,30.179455219469524,78.22592248456363,30055.13123615795,1046.3667160080752,40059.45281279388
110.99999999999797,VALID,30.17957311432418,78.2260796217623,30023.397139248533,1053.6231151166485,40048.92462333329
111.09999999999796,VALID,30.179691008991167,78.22623675933741,30042.05001124307,1051.7720943273505,40054.99800774098
111.19999999999796,VALID,30.17980890347048,78.22639389728899,30042.63037616637,1048.8047349497806,40049.58580090878
111.29999999999795,VALID,30.179926797762114,78.22655103561702,30053.928915838504,1062.267746170515,40045.360500975534
111.39999999999795,VALID,30.18004469186607,78.22670817432152,30063.1691787338,1036.957780495944,40053.00777097179
111.49999999999794,VALID,30.18016258578234,78.22686531340247,30032.803912923984,1050.7177701662831,40057.22254276228
111.59999999999793,VALID,30.180280479510927,78.2270224528599,30070.229692534736,1050.4935669838376,40042.51685163118
111.69999999999793,VALID,30.180398373051826,78.2271795926938,30060.264959693424,1050.4115723682228,40050.98337860133
111.79999999999792,VALID,30.180516266405036,78.22733673290418,30059.1701780351,1060.9275014198147,40032.67870938795
111.89999999999792,VALID,30.180634159570552,78.22749387349103,30050.515499889123,1049.836042882872,40039.30430016977
111.99999999999791,VALID,30.180752052548375,78.22765101445435,30033.761002969226,1049.3315380891042,40045.36267829563
112.0999999999979,VALID,30.1808699453385,78.22780815579416,30042.75301907655,1048.6263169741335,40046.48975816199
112.1999999999979,VALID,30.180987837940926,78.22796529751047,30050.175954252663,1065.7679102163806,40049.698710014374
112.2999999999979,VALID,30.181105730355647,78.22812243960325,30068.80370271394,1062.4409866934925,40059.67582970777
112.39999999999789,VALID,30.181223622582664,78.22827958207255,30042.714956828633,1047.0656486215084,40040.80275337206
112.49999999999788,VALID,30.181341514621973,78.22843672491834,30054.15874912631,1049.329388280416,40054.41698142703
112.59999999999788,VALID,30.18145940647357,78.22859386814062,30053.025244765413,1051.6784696765274,40046.430910597905
112.69999999999787,VALID,30.18157729813746,78.22875101173942,30040.270083959575,1045.5831478659306,40057.16616202929
112.79999999999787,VALID,30.181695189613627,78.22890815571472,30048.361175226437,1049.3997516575967,40058.67810999744
112.89999999999786,VALID,30.181813080902078,78.22906530006654,30054.875763291315,1035.2519215933057,40049.19587049907
112.99999999999785,VALID,30.18193097200281,78.22922244479486,30041.287054048098,1049.4581684175664,40053.90271146739
113.09999999999785,VALID,30.182048862915817,78.22937958989971,30055.09414838652,1066.6378459627679,40044.991831145824
113.19999999999784,VALID,30.1821667536411,78.22953673538107,30047.05056436294,1055.740279926142,40059.61986053959
113.29999999999784,VALID,30.18228464417865,78.22969388123897,30039.685758289066,1056.8671714686286,40056.65478954941
113.39999999999783,VALID,30.182402534528475,78.22985102747339,30048.496433454333,1047.1889812429554,40057.32647845125
113.49999999999783,VALID,30.182520424690562,78.23000817408433,30054.27170055253,1054.007029926343,40042.68206916323
113.59999999999782,VALID,30.182638314664914,78.23016532107182,30032.77696752217,1049.0599679393188,40047.289011166205
113.69999999999781,VALID,30.182756204451525,78.23032246843584,30054.581482032136,1042.3548702783282,40056.34697001144
113.79999999999781,VALID,30.182874094050394,78.23047961617641,30054.09609079896,1042.5987076678844,40059.45028944178
113.8999999999978,VALID,30.18299198346152,78.23063676429352,30046.570835089038,1043.0353082792453,40052.50867126914
113.9999999999978,VALID,30.1831098726849,78.23079391278718,30049.85287239168,1040.949466148217,40056.201392454386
114.09999999999779,VALID,30.183227761720527,78.2309510616574,30049.90845288122,1042.417867164509,40032.46034150981
114.19999999999779,VALID,30.183345650568402,78.23110821090417,30054.264173789597,1050.9902380238716,40051.193827913405
114.29999999999778,VALID,30.183463539228523,78.2312653605275,30063.76824475898,1025.0938516777635,40062.69207315345
114.39999999999777,VALID,30.183581427700883,78.2314225105274,30063.637989611754,1040.1992410334665,40060.14674726885
114.49999999999777,VALID,30.183699315985482,78.23157966090385,30041.880398899477,1039.5749419088163,40048.98604452867
114.59999999999776,VALID,30.18381720408232,78.23173681165687,30068.276512775214,1053.616674171622,40050.498514074054
114.69999999999776,VALID,30.18393509199139,78.23189396278647,30058.856782882,1043.7750229962983,40064.975145658784
114.79999999999775,VALID,30.184052979712693,78.23205111429264,30065.706205956303,1054.2921037887538,40042.11732606028
114.89999999999775,VALID,30.184170867246223,78.2322082661754,30060.720154753846,1052.9469203327758,40056.436642845365
114.99999999999774,VALID,30.18428875459198,78.23236541843474,30061.365670086878,1054.364347680883,40040.974624669
115.09999999999773,VALID,30.184406641749955,78.23252257107066,30064.903212544654,1052.7927288336798,40053.24157457726
115.19999999999773,VALID,30.184524528720154,78.23267972408318,30056.150950323863,1053.1173299002214,40057.47948328289
115.29999999999772,VALID,30.184642415502566,78.2328368774723,30051.974586758744,1048.2241053788944,40044.49816915757
115.39999999999772,VALID,30.184760302097192,78.23299403123801,30044.88674663363,1047.1183229876829,40059.89438997166
115.49999999999771,VALID,30.184878188504033,78.23315118538032,30046.631069925657,1048.8892290977037,40048.98937860641
115.5999999999977,VALID,30.18499607472308,78.23330833989924,30055.338676461568,1056.4898103336275,40069.74445703277
115.6999999999977,VALID,30.185113960754332,78.23346549479476,30036.069366668406,1047.7205036378173,40055.73022729849
115.7999999999977,VALID,30.185231846597787,78.23362265006689,30033.148780289153,1067.4134047223947,40048.83891601719
115.89999999999769,VALID,30.185349732253442,78.23377980571564,30042.060020650573,1059.7075464859372,40028.01992391796
115.99999999999768,VALID,30.185467617721294,78.23393696174101,30052.12239764034,1040.0850110852462,40049.85089441507
116.09999999999768,VALID,30.18558550300134,78.234094118143,30053.740578220637,1057.9253211696562,40054.11327772489
116.19999999999767,VALID,30.18570338809358,78.23425127492163,30070.863892015688,1050.6197715962983,40046.5807237525
116.29999999999767,VALID,30.185821272998005,78.23440843207689,30062.2611837553,1049.346962734889,40054.182143807106
116.39999999999766,VALID,30.185939157714618,78.23456558960878,30010.627254070514,1054.5324315938235,40049.25232230106
116.49999999999766,VALID,30.186057042243412,78.23472274751731,30045.650992069935,1043.4365383604897,40059.03151371384
116.59999999999765,VALID,30.186174926584386,78.23487990580247,30029.58331728967,1081.4916426305933,40061.54120741645
116.69999999999764,VALID,30.186292810737534,78.23503706446428,30053.698024954752,1069.0037413806558,40052.74655527333
116.79999999999764,VALID,30.186410694702857,78.23519422350275,30041.05031523958,1060.270806701892,40033.63962712154
116.89999999999763,VALID,30.18652857848035,78.23535138291786,30056.00065431845,1061.981009652708,40055.349658627616
116.99999999999763,VALID,30.18664646207001,78.23550854270962,30035.48794815358,1052.0511816799994,40048.76912340335
117.09999999999762,VALID,30.186764345471833,78.23566570287805,30042.57788922217,1026.880212557578,40038.1450086539
117.19999999999762,VALID,30.186882228685818,78.23582286342315,30044.992661504668,1061.2555347859445,40077.531549103864
117.29999999999761,VALID,30.187000111711964,78.23598002434491,30058.567895485492,1042.1174106708859,40045.78962479795
117.3999999999976,VALID,30.187117994550263,78.23613718564334,30060.82186997368,1056.137905827502,40053.90917126375
117.4999999999976,VALID,30.187235877200717,78.23629434731845,30052.380923255336,1061.9929200771903,40072.35944858014
117.59999999999759,VALID,30.187353759663317,78.23645150937024,30050.096024012233,1051.58779776755,40055.044192959576
117.69999999999759,VALID,30.187471641938064,78.2366086717987,30045.37842793298,1028.0737198392808,40054.93730669802
117.79999999999758,VALID,30.187589524024954,78.23676583460386,30042.66420919864,1063.1660311310602,40051.82427780133
117.89999999999758,VALID,30.187707405923984,78.23692299778571,30064.97424223563,1041.4244111620476,40061.31190810396
117.99999999999757,VALID,30.187825287635153,78.23708016134425,30033.683689720285,1059.3766583159884,40047.6275409532
118.09999999999756,VALID,30.187943169158455,78.2372373252795,30059.374316225712,1046.4188637870504,40056.82464930321
118.19999999999756,VALID,30.188061050493886,78.23739448959144,30055.026342333516,1053.8315502696855,40054.42678985053
118.29999999999755,VALID,30.188178931641446,78.2375516542801,30066.804358954927,1044.3870151442718,40064.03412163121
118.39999999999755,VALID,30.18829681260113,78.23770881934546,30046.458816158964,1062.069493980204,40073.397201484804
118.49999999999754,VALID,30.188414693372934,78.23786598478753,30042.016781562,1028.4396719099561,40051.63725767231
118.59999999999754,VALID,30.188532573956856,78.23802315060632,30043.083104648802,1044.7351929553251,40046.70736471543
118.69999999999753,VALID,30.188650454352892,78.23818031680185,30044.662115027848,1064.310037397396,40061.25391924311
118.79999999999752,VALID,30.18876833456104,78.23833748337408,30061.59102568443,1073.121350784843,40042.29228507925
118.89999999999752,VALID,30.188886214581295,78.23849465032305,30025.03218543325,1070.2354891255509,40052.50472917873
118.99999999999751,VALID,30.189004094413658,78.23865181764876,30049.443165341057,1031.97085235885,40036.483044186236
119.09999999999751,VALID,30.18912197405812,78.2388089853512,30056.91902995384,1048.568574281644,40028.47129623144
119.1999999999975,VALID,30.18923985351468,78.23896615343038,30040.595195868027,1060.49131649274,40062.786715113536
119.2999999999975,VALID,30.18935773278334,78.23912332188631,30052.141571468022,1078.3399697723723,40060.267248540134
119.39999999999749,VALID,30.189475611864086,78.239280490719,30068.10265110214,1063.3329364798992,40058.31238307858
119.49999999999748,VALID,30.189593490756923,78.23943765992844,30036.60798285185,1033.996404790831,40042.58650348149
119.59999999999748,VALID,30.189711369461847,78.23959482951464,30052.583571294854,1050.0108096612535,40053.747044468044
119.69999999999747,VALID,30.18982924797885,78.2397519994776,30049.80002101873,1054.77761404446,40059.8754879469
119.79999999999747,VALID,30.18994712630793,78.23990916981732,30050.079496925675,1047.120149851355,40023.787062441086
119.89999999999746,VALID,30.19006500444909,78.24006634053382,30058.722167729007,1042.2666312407453,40040.908573496265
119.99999999999746,VALID,30.19018288240232,78.2402235116271,30058.67687380585,1059.1844215933274,40056.79965791295
120.09999999999745,VALID,30.190300760167617,78.24038068309714,30059.530074213268,1039.0593914582312,40047.70802499213
120.19999999999744,VALID,30.19041863774498,78.24053785494398,30044.499906086923,1067.298458587664,40058.63803456389
120.29999999999744,VALID,30.190536515134404,78.2406950271676,30047.560584576153,1058.4145543037932,40053.74704570156
120.39999999999743,VALID,30.190654392335883,78.24085219976801,30048.825629793966,1054.6688119551193,40058.5058507735
120.49999999999743,VALID,30.190772269349416,78.24100937274522,30048.57848197335,1037.4951072987042,40053.54582608896
120.59999999999742,VALID,30.190890146175,78.24116654609924,30047.35940000583,1038.5464880040984,40042.3177705308
120.69999999999742,VALID,30.191008022812632,78.24132371983005,30047.50541829107,1050.2716483908778,40055.616883530965
120.79999999999741,VALID,30.191125899262307,78.24148089393768,30047.875227467794,1054.499070629879,40046.26628199574
120.8999999999974,VALID,30.191243775524022,78.24163806842212,30055.456598135228,1054.0307198280545,40055.69170762872
120.9999999999974,VALID,30.191361651597774,78.24179524328338,30064.371459168193,1047.171643866155,40034.06739784453
121.0999999999974,VALID,30.19147952748356,78.24195241852145,30049.22127389766,1058.0943142466915,40050.24939103929
121.19999999999739,VALID,30.191597403181373,78.24210959413635,30053.18115213016,1032.7734206025934,40041.65856914479
121.29999999999738,VALID,30.191715278691213,78.24226677012808,30055.387172191135,1057.7778533085188,40042.49573336608
121.39999999999738,VALID,30.191833154013075,78.24242394649666,30053.670109323957,1042.8899340944427,40038.475551976626
121.49999999999737,VALID,30.191951029146956,78.24258112324206,30050.710087047242,1052.170324002541,40053.963888794475
121.59999999999737,VALID,30.192068904092853,78.24273830036431,30057.300450095267,1066.771148004405,40059.4874975279
121.69999999999736,VALID,30.19218677885076,78.24289547786341,30046.391513157352,1059.3968881580072,40035.32482469179
121.79999999999735,VALID,30.192304653420674,78.24305265573936,30051.00692428131,1060.5347844413684,40056.791619415206
121.89999999999735,VALID,30.19242252780259,78.24320983399217,30058.282408220613,1069.1003937633675,40042.59257598695
121.99999999999734,VALID,30.19254040199651,78.24336701262185,30057.947771682135,1049.0666236657655,40061.14666685883
122.09999999999734,VALID,30.192658276002422,78.24352419162838,30051.17619467039,1057.820813778012,40065.4676950812
122.19999999999733,VALID,30.19277614982033,78.24368137101179,30056.309154946033,1047.9018416014803,40046.32323001216
122.29999999999733,VALID,30.192894023450222,78.24383855077207,30043.059637026698,1060.3811423579898,40063.123159579314
122.39999999999732,VALID,30.1930118968921,78.24399573090923,30047.556865081184,1031.9063209018707,40043.664858479955
122.49999999999731,VALID,30.19312977014596,78.24415291142328,30054.33988230108,1040.5321748126714,40030.41504670442
122.59999999999731,VALID,30.193247643211794,78.24431009231422,30045.555731764947,1029.598111233174,40053.25442197589
122.6999999999973,VALID,30.193365516089603,78.24446727358206,30045.9892551777,1050.6026720299717,40062.96656656225
122.7999999999973,VALID,30.19348338877938,78.2446244552268,30040.92064235938,1028.5209689219123,40049.716375949916
122.89999999999729,VALID,30.19360126128112,78.24478163724844,30054.689629434804,1035.7045657656213,40046.31541637075
122.99999999999729,VALID,30.193719133594822,78.24493881964698,30046.52802786767,1050.2781979150536,40043.845046232294
123.09999999999728,VALID,30.193837005720482,78.24509600242243,30076.634629951048,1047.3755334494963,40051.865240648876
123.19999999999727,VALID,30.193954877658093,78.24525318557481,30045.15248258031,1023.5689369253296,40063.809037523
123.29999999999727,VALID,30.194072749407653,78.2454103691041,30018.432002854483,1063.5681852859784,40036.785727337076
123.39999999999726,VALID,30.194190620969156,78.24556755301033,30036.410783612733,1048.911006544661,40071.95903001229
123.49999999999726,VALID,30.1943084923426,78.24572473729349,30053.196028173876,1048.0874148808966,40042.32267393311
123.59999999999725,VALID,30.19442636352798,78.24588192195358,30056.507231233343,1046.2990992269738,40057.13803849773
123.69999999999725,VALID,30.194544234525296,78.24603910699062,30030.365230881216,1055.2844194174045,40053.17991607858
123.79999999999724,VALID,30.194662105334537,78.2461962924046,30036.397761737564,1039.6736525073522,40048.52623801011
123.89999999999723,VALID,30.1947799759557,78.24635347819554,30045.134907563475,1052.9002619087255,40035.65321425893
123.99999999999723,VALID,30.194897846388784,78.24651066436344,30041.15435792612,1071.1400592313196,40041.57623212856
124.09999999999722,VALID,30.195015716633783,78.2466678509083,30045.738928457456,1048.2292396989558,40047.2151113611
124.19999999999722,VALID,30.195133586690694,78.24682503783012,30062.068994188357,1044.2782804006058,40058.5492928713
124.29999999999721,VALID,30.19525145655951,78.24698222512892,30041.445476456247,1057.7307849175631,40047.85922032948
124.3999999999972,VALID,30.19536932624023,78.2471394128047,30048.252381136954,1049.1138101901795,40055.50247475235
124.4999999999972,VALID,30.195487195732845,78.24729660085745,30038.06537363551,1040.2954934053716,40070.37225902523
124.5999999999972,VALID,30.195605065037356,78.2474537892872,30055.064916856954,1046.3911837859966,40056.42088772052
124.69999999999719,VALID,30.195722934153753,78.24761097809395,30049.398626738635,1027.4859486892976,40051.61329993603
124.79999999999718,VALID,30.195840803082035,78.24776816727768,30048.78125527181,1053.4913454379648,40042.252726294784
124.89999999999718,VALID,30.195958671822197,78.24792535683842,30047.795486924562,1061.4212533699083,40048.49155456405
124.99999999999717,VALID,30.196076540374236,78.24808254677617,30045.710366939416,1053.6505345402584,40046.0583345723
125.09999999999717,VALID,30.196194408738144,78.24823973709094,30060.678600932762,1048.2549465888706,40053.63370924818
125.19999999999716,VALID,30.19631227691392,78.24839692778272,30042.958731658855,1037.5220231570243,40057.19308043403
125.29999999999715,VALID,30.196430144901555,78.24855411885153,30052.61993457585,1056.3743819733036,40057.36681485429
125.39999999999715,VALID,30.196548012701047,78.24871131029737,30035.307387550733,1051.1978541784313,40029.94181603864
125.49999999999714,VALID,30.19666588031239,78.24886850212025,30055.193603982014,1039.143711325101,40054.67306540618
125.59999999999714,VALID,30.196783747735584,78.24902569432017,30057.25954512994,1044.6053413485938,40049.76952973506
125.69999999999713,VALID,30.196901614970617,78.24918288689713,30062.223161674156,1033.4610230042542,40056.436334575854
125.79999999999713,VALID,30.197019482017488,78.24934007985115,30051.18376629458,1059.481453545022,40033.48108841586
125.89999999999712,VALID,30.197137348876193,78.24949727318223,30050.03536513149,1061.0419642701095,40063.59164297214
125.99999999999712,VALID,30.197255215546726,78.24965446689038,30042.30745770495,1047.2046381351367,40068.414123983675
126.09999999999711,VALID,30.19737308202908,78.2498116609756,30035.801867143826,1049.5425204364733,40051.77424983425
126.1999999999971,VALID,30.197490948323253,78.24996885543788,30051.749295540252,1040.6575375829798,40059.6447029826
126.2999999999971,VALID,30.19760881442924,78.25012605027726,30058.88533306671,1068.1613887736512,40042.07032124517
126.39999999999709,VALID,30.197726680347035,78.25028324549372,30045.18305955117,1060.9659353587017,40068.15328649487
126.49999999999709,VALID,30.197844546076634,78.25044044108726,30049.900258432364,1034.7197372149421,40047.839192778
126.59999999999708,VALID,30.19796241161803,78.25059763705791,30059.64714075859,1056.7810153137357,40061.129459718504
126.69999999999708,VALID,30.19808027697122,78.25075483340567,30069.24926335744,1045.6868158705595,40040.955613073136
126.79999999999707,VALID,30.198198142136196,78.25091203013052,30037.97292166896,1048.7721776898516,40060.19078105362
126.89999999999706,VALID,30.198316007112954,78.2510692272325,30067.27181856018,1052.1877109646987,40050.14732174051
126.99999999999706,VALID,30.19843387190149,78.2512264247116,30048.671144019805,1062.2638754350198,40042.379932620315
127.09999999999705,VALID,30.198551736501795,78.25138362256783,30048.95071239199,1049.2260845754217,40049.728392749865
127.19999999999705,VALID,30.198669600913867,78.2515408208012,30068.082177858996,1041.0802816478524,40074.55272621401
127.29999999999704,VALID,30.198787465137702,78.2516980194117,30043.44696263542,1041.7951140715297,40043.39130133999
127.39999999999704,VALID,30.198905329173293,78.25185521839936,30056.48728831042,1049.8591867367204,40061.21221029353
127.49999999999703,VALID,30.199023193020633,78.25201241776416,30041.763349692912,1033.267834360774,40046.29065664854
127.59999999999702,VALID,30.199141056679718,78.25216961750613,30052.79773780089,1035.3024548855917,40048.934879387336
127.69999999999702,VALID,30.19925892015054,78.25232681762526,30055.355813751932,1041.933423225034,40041.7601942354
127.79999999999701,VALID,30.1993767834331,78.25248401812156,30039.048252405475,1048.565468281112,40054.56326492244
127.89999999999701,VALID,30.19949464652738,78.25264121899504,30077.47555650686,1061.652122447798,40037.38293945561
127.999999999997,VALID,30.199612509433386,78.25279842024571,30034.63202535603,1048.897206226673,40065.71987503729
128.099999999997,VALID,30.19973037215111,78.25295562187357,30056.571375941923,1044.7267743906436,40060.0163993882
128.199999999997,VALID,30.19984823468054,78.25311282387862,30063.77351948645,1064.6174041827383,40039.33585590204
128.299999999997,VALID,30.199966097021676,78.25327002626088,30054.374195562883,1037.1882393552482,40041.945371970025
128.399999999997,VALID,30.20008395917451,78.25342722902035,30037.21396360945,1047.380474317739,40035.63989529061
128.499999999997,VALID,30.200201821139036,78.25358443215704,30057.749247005642,1049.8767601841819,40041.35537957755
128.59999999999698,VALID,30.200319682915246,78.25374163567096,30054.85437953783,1065.3074633756457,40053.45385268554
128.69999999999698,VALID,30.20043754450314,78.25389883956211,30044.16339761522,1047.1614560219232,40048.95880337783
128.79999999999697,VALID,30.200555405902705,78.2540560438305,30042.98465621546,1032.8827099862115,40046.215017416376
128.89999999999696,VALID,30.200673267113938,78.25421324847613,30062.427208700305,1041.7275978984565,40030.696645283286
128.99999999999696,VALID,30.20079112813683,78.25437045349902,30049.11218114122,1061.0280718814392,40032.775714559684
129.09999999999695,VALID,30.20090898897138,78.25452765889916,30051.900369620518,1054.1144567066308,40055.36856371003
129.19999999999695,VALID,30.20102684961758,78.25468486467658,30055.570952255785,1056.0813818382755,40034.160592803564
129.29999999999694,VALID,30.201144710075422,78.25484207083127,30056.160586071597,1063.775135115212,40047.783460634935
129.39999999999694,VALID,30.2012625703449,78.25499927736325,30053.71419749586,1039.8558397302334,40063.02979869006
129.49999999999693,VALID,30.201380430426003,78.25515648427252,30043.816191970534,1066.4948372244996,40046.20057493919
129.59999999999692,VALID,30.20149829031873,78.25531369155908,30056.777653694968,1044.6658157385073,40068.77752852223
129.69999999999692,VALID,30.201616150023074,78.25547089922294,30030.278654598955,1053.6931847753597,40029.20553054077
129.7999999999969,VALID,30.201734009539027,78.25562810726412,30037.95223674021,1068.9199347154054,40059.08021152451
129.8999999999969,VALID,30.20185186886658,78.25578531568262,30029.894590257536,1049.9396950017851,40043.80331079318
129.9999999999969,VALID,30.20196972800573,78.25594252447844,30055.697964366307,1068.5040729251418,40056.53894022312
130.0999999999969,VALID,30.202087586956466,78.2560997336516,30054.346525683708,1055.0804120099242,40039.074900601176
130.1999999999969,VALID,30.202205445718782,78.2562569432021,30057.011348546654,1059.2109587881719,40043.87643784883
130.29999999999688,VALID,30.202323304292673,78.25641415312995,30043.57516302207,1064.4998045689156,40052.09123170126
130.39999999999688,VALID,30.202441162678127,78.25657136343517,30038.626820338424,1045.7591491814683,40045.42481705493
130.49999999999687,VALID,30.202559020875142,78.25672857411774,30049.354863272805,1049.2728634215512,40047.50723610515
130.59999999999687,VALID,30.202676878883707,78.2568857851777,30066.73936320812,1058.3228077764218,40064.82989993588
130.69999999999686,VALID,30.20279473670382,78.25704299661504,30033.053475230266,1051.111401484908,40061.74776773258
130.79999999999686,VALID,30.202912594335466,78.25720020842977,30057.254120145626,1043.206521557675,40042.44036069245
130.89999999999685,VALID,30.20303045177864,78.2573574206219,30059.60018821554,1047.8748574567992,40056.48301748956
130.99999999999685,VALID,30.203148309033338,78.25751463319143,30051.566145230612,1048.8236102376823,40051.204796811966
131.09999999999684,VALID,30.20326616609955,78.2576718461384,30041.703978588757,1067.0118300570998,40055.48179876736
131.19999999999683,VALID,30.203384022977264,78.25782905946278,30063.993376460636,1044.7080308358807,40044.59464257161
131.29999999999683,VALID,30.203501879666476,78.2579862731646,30046.807561973656,1041.3840900463738,40056.78153274268
131.39999999999682,VALID,30.203619736167177,78.25814348724387,30057.125067068177,1044.8686603933324,40046.803356737764
131.49999999999682,VALID,30.20373759247936,78.25830070170059,30053.766022374693,1042.4741059770272,40045.90671834322
131.5999999999968,VALID,30.203855448603015,78.25845791653477,30065.604875246678,1042.5342369195325,40044.83177698094
131.6999999999968,VALID,30.203973304538135,78.25861513174641,30075.047301331044,1028.7362800430494,40038.15625423722
131.7999999999968,VALID,30.204091160284708,78.25877234733554,30067.973023787315,1045.9045205184113,40054.99829946818
131.8999999999968,VALID,30.20420901584273,78.25892956330216,30071.196571417648,1042.8296309579173,40044.08493512262
131.9999999999968,VALID,30.20432687121219,78.25908677964628,30054.107863995127,1049.241770272136,40044.750725441474
132.09999999999678,VALID,30.204444726393078,78.25924399636791,30048.66676268005,1036.7187228956805,40054.65723742052
132.19999999999678,VALID,30.204562581385385,78.25940121346706,30058.3449427397,1048.3854871764768,40047.7618726
132.29999999999677,VALID,30.204680436189104,78.25955843094374,30055.48783343711,1044.6176336664432,40046.91869365522
132.39999999999677,VALID,30.204798290804224,78.25971564879795,30049.31666308878,1064.720115865946,40049.50779566666
132.49999999999676,VALID,30.204916145230737,78.25987286702971,30048.862723169834,1048.3585222798156,40046.16205495048
132.59999999999675,VALID,30.205033999468633,78.26003008563903,30040.350812569865,1040.8088669555498,40058.6035118471
132.69999999999675,VALID,30.205151853517904,78.26018730462593,30044.308949861494,1050.9235143758847,40045.23730621549
132.79999999999674,VALID,30.205269707378537,78.2603445239904,30036.72085976394,1045.3524792204134,40063.96939691016
132.89999999999674,VALID,30.205387561050525,78.26050174373246,30045.854182994135,1043.2362665620954,40045.72122548886
132.99999999999673,VALID,30.205505414533857,78.26065896385212,30046.65364283787,1052.2850942636976,40045.88350970764
133.09999999999673,VALID,30.20562326782852,78.2608161843494,30049.024025826955,1045.0908310784332,40053.57500985979
133.19999999999672,VALID,30.20574112093451,78.26097340522429,30053.112588812186,1052.116842574348,40056.331275079036
133.29999999999671,VALID,30.20585897385181,78.26113062647683,30049.007505528632,1062.1294675386998,40054.66192382229
133.3999999999967,VALID,30.205976826580414,78.261287848107,30064.878354031338,1049.2028860460273,40052.72125626224
133.4999999999967,VALID,30.206094679120312,78.26144507011485,30043.17818982592,1050.1562741458056,40058.18027817436
133.5999999999967,VALID,30.20621253147149,78.26160229250036,30046.34502702291,1064.9217575812174,40050.256729626926
133.6999999999967,VALID,30.206330383633937,78.26175951526355,30065.83176453149,1039.5119685620014,40047.23137987346
133.7999999999967,VALID,30.206448235607642,78.26191673840444,30045.036399101107,1060.106316239949,40056.42102979947
133.89999999999668,VALID,30.206566087392595,78.26207396192302,30049.235857649866,1045.4420214552272,40049.73162703393
133.99999999999667,VALID,30.206683938988782,78.26223118581933,30057.24586290137,1058.3574076785358,40049.403826930466
134.09999999999667,VALID,30.206801790396195,78.26238841009337,30045.529220380005,1051.0206732619572,40051.29271592874
134.19999999999666,VALID,30.20691964161482,78.26254563474514,30052.525389651695,1045.4650523975718,40067.40472172626
134.29999999999666,VALID,30.207037492644645,78.26270285977468,30043.712068864777,1065.124710442742,40063.93663629244
134.39999999999665,VALID,30.207155343485656,78.26286008518198,30059.471132433016,1068.7406347987521,40055.55837076116
134.49999999999665,VALID,30.20727319413784,78.26301731096707,30046.833140080038,1044.7692837889224,40043.2892319621
134.59999999999664,VALID,30.207391044601188,78.26317453712996,30058.373452603515,1035.193974370867,40035.77644402041
134.69999999999663,VALID,30.207508894875687,78.26333176367065,30065.32476546975,1060.1288129559632,40054.14330890543
134.79999999999663,VALID,30.20762674496132,78.26348899058917,30059.23349638891,1057.7429305127725,40048.13130411846
134.89999999999662,VALID,30.207744594858077,78.26364621788552,30035.313629841763,1062.8308992848533,40054.46195565916
134.99999999999662,VALID,30.207862444565944,78.26380344555972,30036.237830536378,1051.4229627265674,40045.31278450427
135.0999999999966,VALID,30.207980294084905,78.26396067361178,30048.846393679243,1046.7202927812832,40055.51208609929
135.1999999999966,VALID,30.208098143414947,78.26411790204173,30047.915849558252,1038.4504638564592,40056.730094760576
135.2999999999966,VALID,30.208215992556056,78.26427513084958,30054.858006126044,1035.7422001571565,40054.091299354994
135.3999999999966,VALID,30.208333841508217,78.26443236003534,30058.876263408467,1048.4750145399094,40051.876788021735
135.4999999999966,VALID,30.208451690271417,78.26458958959903,30042.356701610446,1032.4992801779813,40055.21830694084
135.59999999999658,VALID,30.208569538845637,78.26474681954066,30049.121140866682,1054.296026504108,40047.65220976021
135.69999999999658,VALID,30.208687387230864,78.26490404986025,30047.396435613777,1051.6229517153972,40049.366788374144
135.79999999999657,VALID,30.208805235427082,78.26506128055782,30058.662791524985,1045.7611063835654,40035.556026030434
135.89999999999657,VALID,30.208923083434275,78.26521851163338,30051.441130056835,1036.967967182595,40024.66025389056
135.99999999999656,VALID,30.209040931252424,78.26537574308695,30039.032201584614,1045.6141149633054,40042.040552405255
136.09999999999656,VALID,30.209158778881516,78.26553297491854,30034.633309674082,1047.7535465011426,40062.16465857471
136.19999999999655,VALID,30.209276626321532,78.26569020712819,30058.29417647703,1050.0823595814563,40059.21120012446
136.29999999999654,VALID,30.209394473572456,78.2658474397159,30045.59606663281,1041.1800310240753,40056.78459892838
136.39999999999654,VALID,30.20951232063427,78.26600467268169,30039.164220348193,1053.3401139335504,40049.74328455871
136.49999999999653,VALID,30.20963016750696,78.26616190602557,30046.37252639768,1045.4194029134476,40061.372189175716
136.59999999999653,VALID,30.2097480141905,78.26631913974758,30034.10635754529,1052.6899740633028,40047.11430888813
136.69999999999652,VALID,30.20986586068487,78.26647637384772,30042.585788307275,1050.3894361629339,40053.158033123764
136.79999999999652,VALID,30.20998370699006,78.26663360832603,30049.400555310218,1052.4503778951178,40064.1484060611
136.8999999999965,VALID,30.210101553106043,78.26679084318252,30043.991032136557,1054.1794968889767,40032.614024152856
136.9999999999965,VALID,30.210219399032802,78.26694807841722,30054.569541330744,1031.3305958116762,40056.313619321794
137.0999999999965,VALID,30.210337244770315,78.26710531403013,30045.248252203743,1051.641306080505,40035.4451557269
137.1999999999965,VALID,30.21045509031856,78.2672625500213,30050.24023118905,1058.2401302099518,40056.19847608475
137.2999999999965,VALID,30.21057293567752,78.26741978639073,30049.827499207466,1049.9352740167926,40061.45437599835
137.39999999999648,VALID,30.210690780847166,78.26757702313844,30057.3599031971,1043.75237976406,40044.20170145543
137.49999999999648,VALID,30.210808625827482,78.26773426026448,30043.201337433813,1049.6435084211246,40038.39331434876
137.59999999999647,VALID,30.210926470618443,78.26789149776884,30028.416281794256,1047.8169276429767,40052.528819915795
137.69999999999646,VALID,30.211044315220022,78.26804873565158,30051.864252629628,1060.8499025613207,40037.074963939966
137.79999999999646,VALID,30.2111621596322,78.2682059739127,30044.86844036687,1035.5757404919955,40052.45829702068
137.89999999999645,VALID,30.21128000385495,78.26836321255223,30048.95417075044,1045.1917591894523,40050.414419973014
137.99999999999645,VALID,30.211397847888243,78.2685204515702,30042.931124080358,1039.7797114522073,40065.805078673686
138.09999999999644,VALID,30.211515691732057,78.26867769096663,30058.103454298107,1048.1583641624713,40034.58557046722
138.19999999999644,VALID,30.211633535386362,78.26883493074156,30047.85705895059,1055.7425117069424,40051.69884232257
138.29999999999643,VALID,30.211751378851133,78.26899217089502,30060.091431287074,1062.2687827233724,40049.15451712731
138.39999999999642,VALID,30.211869222126342,78.26914941142702,30045.319158501432,1045.0560678059248,40045.86525806015
138.49999999999642,VALID,30.21198706521196,78.2693066523376,30059.045496358955,1045.7585155136694,40033.19221473133
138.5999999999964,VALID,30.212104908107957,78.2694638936268,30054.649662723965,1049.0106784796976,40045.32811001032
138.6999999999964,VALID,30.2122227508143,78.26962113529464,30030.364922094315,1061.7005251023302,40056.96350580867
138.7999999999964,VALID,30.212340593330957,78.26977837734115,30038.63117848817,1051.5177359326021,40039.162682443704
138.8999999999964,VALID,30.212458435657897,78.26993561976639,30036.393969705616,1029.012955345249,40057.793342157674
138.9999999999964,VALID,30.212576277795087,78.27009286257035,30058.799162400053,1046.901600301915,40049.401594258525
139.09999999999638,VALID,30.21269411974249,78.2702501057531,30067.549348178924,1042.446043572328,40038.152471488895
139.19999999999638,VALID,30.212811961500073,78.27040734931467,30051.275441611855,1055.4949940045888,40047.03115209825
139.29999999999637,VALID,30.212929803067798,78.27056459325509,30035.739146565877,1042.327876728349,40056.85005726904
139.39999999999637,VALID,30.213047644445627,78.2707218375744,30057.147527812107,1033.2931026331194,40037.773936348705
139.49999999999636,VALID,30.21316548563352,78.27087908227264,30040.148494161615,1049.7455318213688,40072.068182937386
139.59999999999636,VALID,30.21328332663144,78.27103632734986,30047.141783471532,1050.6210504287753,40042.02854766471
139.69999999999635,VALID,30.21340116743934,78.2711935728061,30075.853149206367,1043.9807744280783,40044.882516703314
139.79999999999634,VALID,30.21351900805718,78.2713508186414,30051.562183636528,1036.7563566689128,40058.08764463089
139.89999999999634,VALID,30.213636848484914,78.2715080648558,30049.916700337482,1041.5727965545207,40044.04191806427
139.99999999999633,VALID,30.213754688722496,78.27166531144935,30031.05964166294,1044.4444515625912,40027.25376194624
140.09999999999633,VALID,30.213872528769876,78.27182255842212,30045.4953627864,1045.0442611025055,40044.110196197296
140.19999999999632,VALID,30.213990368627005,78.27197980577414,30044.171485800718,1041.5802096386487,40062.340318801274
140.29999999999632,VALID,30.214108208293833,78.27213705350546,30064.392314761364,1048.3043964897972,40061.43672734124
140.3999999999963,VALID,30.214226047770303,78.27229430161614,30046.935008211956,1046.9756739239624,40041.71220244805
140.4999999999963,VALID,30.214343887056362,78.27245155010625,30056.974673309407,1056.1806357315058,40037.095281102236
140.5999999999963,VALID,30.21446172615195,78.27260879897584,30051.59978100377,1044.8297559079278,40040.98078616114
140.6999999999963,VALID,30.214579565057004,78.27276604822497,30049.74302890114,1030.8116058449632,40045.660602947995
140.7999999999963,VALID,30.214697403771464,78.2729232978537,30068.895160123113,1054.3567332808138,40038.64423267938
140.89999999999628,VALID,30.214815242295263,78.2730805478621,30055.533708418243,1050.8861554772752,40046.791888534375
140.99999999999628,VALID,30.21493308062833,78.27323779825024,30044.142326665737,1050.006886661822,40044.07602607733
141.09999999999627,VALID,30.215050918770597,78.27339504901819,30048.268019457602,1057.3950196659482,40058.15714306726
141.19999999999627,VALID,30.215168756721983,78.27355230016605,30037.035365165655,1045.3161006751013,40066.069100296474
141.29999999999626,VALID,30.215286594482414,78.27370955169387,30067.965441777895,1053.69767706603,40066.09574085418
141.39999999999625,VALID,30.215404432051802,78.27386680360175,30062.081862491483,1048.680114065495,40030.03705176439
141.49999999999625,VALID,30.215522269430064,78.27402405588977,30049.388290082912,1037.1781327088943,40051.36374705332
141.59999999999624,VALID,30.215640106617105,78.27418130855803,30067.461964093047,1052.4870488232202,40042.14833865543
141.69999999999624,VALID,30.21575794361283,78.27433856160663,30038.306661426588,1030.370469142715,40030.93976189915
141.79999999999623,VALID,30.215875780417136,78.27449581503566,30066.267665840627,1058.5595785002217,40048.68961637449
141.89999999999623,VALID,30.215993617029916,78.27465306884524,30048.470321077486,1049.4803016353367,40049.88268970079
141.99999999999622,VALID,30.216111453451056,78.27481032303548,30063.921167031633,1053.9012349753698,40030.17561364289
142.09999999999621,VALID,30.21622928968043,78.2749675776065,30060.606643650215,1030.701842783151,40045.938063811875
142.1999999999962,VALID,30.216347125717917,78.27512483255845,30036.13938196809,1050.4035879611774,40037.42860779288
142.2999999999962,VALID,30.21646496156338,78.27528208789144,30036.22211081982,1039.5346915702044,40058.13811880814
142.3999999999962,VALID,30.216582797216667,78.27543934360564,30048.14274853063,1056.6718929157425,40063.602993279244
142.4999999999962,VALID,30.21670063267763,78.27559659970119,30052.383439174224,1055.7010279834385,40040.30513839062
142.5999999999962,VALID,30.216818467946094,78.27575385617826,30049.154389668376,1038.5115574679035,40055.53820028109
142.69999999999618,VALID,30.21693630302189,78.27591111303703,30059.062202564186,1059.6583531466583,40049.71768264061
142.79999999999617,VALID,30.217054137904817,78.2760683702777,30058.95454507299,1048.5466829969475,40044.38523227431
142.89999999999617,VALID,30.21717197259467,78.27622562790047,30055.020551631398,1057.2595864520351,40072.036619446684
142.99999999999616,VALID,30.217289807091227,78.27638288590559,30057.291311102093,1038.990634623527,40040.218855009276
143.09999999999616,VALID,30.21740764139424,78.27654014429328,30036.98292080124,1050.773735742026,40039.00315173653
143.19999999999615,VALID,30.217525475503443,78.27669740306382,30063.623282412715,1047.0849231528057,40056.4175430998
143.29999999999615,VALID,30.21764330941855,78.2768546622175,30051.516940119942,1053.4382056401473,40039.63490639738
143.39999999999614,VALID,30.21776114313923,78.27701192175465,30049.665114091466,1045.7263219909073,40048.98715046237
143.49999999999613,VALID,30.217878976665137,78.27716918167562,30051.24688889805,1056.8147346279463,40045.34442770792
143.59999999999613,VALID,30.217996809995874,78.27732644198079,30058.23605141416,1053.292336957671,40066.38765712601
143.69999999999612,VALID,30.218114643131003,78.27748370267062,30016.874042527084,1043.5732038880908,40062.58576621205
143.79999999999612,VALID,30.21823247607003,78.27764096374561,30024.787527557935,1064.8463600783814,40050.82206881697
143.8999999999961,VALID,30.21835030881239,78.27779822520631,30029.577703515028,1057.255907657684,40039.47426428912
143.9999999999961,VALID,30.218468141357445,78.27795548705338,30040.8718998675,1064.6464613309204,40046.13101841968
144.0999999999961,VALID,30.218585973704457,78.27811274928754,30040.406455591554,1070.0796112049293,40059.290749642925
144.1999999999961,VALID,30.218703805852567,78.27827001190968,30046.654311251878,1042.1051770020606,40047.96040130059
144.2999999999961,VALID,30.218821637800755,78.2784272749208,30065.772921846885,1040.174936957055,40037.26121807575
144.39999999999608,VALID,30.2189394695478,78.27858453832214,30062.745500316974,1047.1787783812974,40051.004565024974
144.49999999999608,VALID,30.21905730109221,78.27874180211518,30055.248785230644,1046.0992607595429,40025.75918513587
144.59999999999607,VALID,30.21917513243212,78.2788990663018,30047.878311620043,1062.410461470318,40071.7244796542
144.69999999999607,VALID,30.219292963565138,78.27905633088443,30048.821305920002,1049.7132986473093,40063.65465674855
144.79999999999606,VALID,30.219410794488063,78.27921359586625,30055.95701971943,1052.9541651604397,40030.208683338125
144.89999999999606,VALID,30.219528625196425,78.27937086125175,30045.83649627844,1052.1475272736775,40034.85957642059
144.99999999999605,VALID,30.219646455683517,78.27952812704767,30046.33951878083,1067.085146137503,40047.42850032163
145.09999999999604,VALID,30.219764285938158,78.27968539326523,30035.656393156918,1031.1289858846555,40049.88712438062
145.19999999999604,VALID,30.219882115938002,78.27984265992683,30044.222766075924,1041.314830922384,40052.27509569162
145.29999999999603,VALID,30.21999994561601,78.27999992709977,30052.84805155205,1051.7458026754261,40053.50490180352
145.39999999999603,VALID,30.220124908164962,78.28014977263464,30037.710050923124,1043.5949809681945,40046.7383909434
145.49999999999602,VALID,30.220249816159335,78.28029954565002,30049.46176834779,1059.8957344877588,40042.71807566987
145.59999999999602,VALID,30.220374723983113,78.28044931904613,30042.224293996253,1064.8738419302895,40051.58450063509
145.699999999996,VALID,30.220499631636297,78.28059909282297,30036.019589580246,1046.8902806027586,40037.63810732191
145.799999999996,VALID,30.220624539118884,78.28074886698055,30038.63035950569,1036.6573753698563,40042.04023769916
145.899999999996,VALID,30.22074944643087,78.28089864151887,30070.597169547753,1060.104806874341,40063.81670614493
145.999999999996,VALID,30.220874353572253,78.28104841643794,30060.876110295794,1048.651190748775,40054.034381911995
146.099999999996,VALID,30.22099926054303,78.28119819173776,30051.028199053148,1039.3192567478436,40038.375683737024
146.19999999999598,VALID,30.221124167343202,78.28134796741833,30059.003501977073,1037.8160569777438,40052.009269569055
146.29999999999598,VALID,30.221249073972764,78.28149774347966,30056.52102291966,1057.5273647967774,40053.692648962504
146.39999999999597,VALID,30.221373980431718,78.28164751992175,30037.992726488,1055.4039726421393,40048.61735399731
146.49999999999596,VALID,30.22149888672006,78.2817972967446,30040.224487719184,1030.1124619098582,40054.5120769907
146.59999999999596,VALID,30.221623792837786,78.28194707394822,30034.475563251715,1032.926716974365,40067.47916585985
146.69999999999595,VALID,30.221748698784896,78.2820968515326,30037.986282766822,1045.800220670518,40050.71793827059
146.79999999999595,VALID,30.221873604561388,78.28224662949776,30050.70219007262,1039.8069221689157,40042.91674511141
146.89999999999594,VALID,30.221998510167257,78.28239640784369,30058.05653479619,1047.2121555851327,40049.76853080308
146.99999999999594,VALID,30.222123415602503,78.2825461865704,30028.373973660175,1044.2630298666843,40058.574122788414
147.09999999999593,VALID,30.222248320867124,78.28269596567789,30042.70797305189,1040.4846986310852,40053.749034752014
147.19999999999592,VALID,30.222373225961118,78.28284574516617,30055.986581314533,1053.3374024806044,40044.33634260402
147.29999999999592,VALID,30.222498130884482,78.28299552503523,30057.496254220416,1066.2896929786032,40061.69965390998
147.3999999999959,VALID,30.222623035637213,78.28314530528509,30034.366670089756,1079.2949496834146,40036.743975764075
147.4999999999959,VALID,30.22274794021931,78.28329508591574,30037.740843458472,1053.0439469920605,40049.05639800595
147.5999999999959,VALID,30.22287284463077,78.2834448669272,30053.613503497494,1063.116421091286,40059.305124642044
147.6999999999959,VALID,30.222997748871595,78.28359464831945,30041.06521881789,1050.7206729101727,40060.112082017426
147.7999999999959,VALID,30.223122652941775,78.28374443009251,30060.529119122515,1061.244538911048,40058.17450047647
147.89999999999588,VALID,30.223247556841315,78.28389421224638,30057.07902116632,1044.8648448514725,40036.818222673915
147.99999999999588,VALID,30.22337246057021,78.28404399478106,30054.223946077567,1045.4597155566105,40062.44514106355
148.09999999999587,VALID,30.22349736412846,78.28419377769656,30041.274401129696,1046.1881112083845,40045.71901068566
148.19999999999587,VALID,30.223622267516056,78.28434356099287,30059.669741307654,1057.5144504450157,40050.22820593342
148.29999999999586,VALID,30.223747170733002,78.28449334467,30052.920184300354,1066.1476292635239,40032.373371595386
148.39999999999586,VALID,30.223872073779294,78.28464312872796,30057.480366611944,1060.79975731811,40062.14274224836
148.49999999999585,VALID,30.22399697665493,78.28479291316675,30058.02500683094,1042.260863129939,40044.60959829354
148.59999999999584,VALID,30.22412187935991,78.28494269798638,30056.62178759788,1044.1070196201704,40048.01658031526
148.69999999999584,VALID,30.224246781894227,78.28509248318684,30034.947506342687,1038.0755451205785,40053.46658362699
148.79999999999583,VALID,30.224371684257882,78.28524226876814,30045.739980753813,1042.4125078567304,40048.121935117255
148.89999999999583,VALID,30.224496586450872,78.28539205473028,30053.0139092023,1047.387510808341,40051.725784516566
148.99999999999582,VALID,30.224621488473197,78.28554184107327,30050.884800977616,1047.4849768192148,40049.88648878408
149.09999999999582,VALID,30.22474639032485,78.2856916277971,30041.127330028587,1044.9840547699655,40031.62928089129
149.1999999999958,VALID,30.224871292005833,78.2858414149018,30038.335706906222,1038.1294876086695,40046.011164064184
149.2999999999958,VALID,30.22499619351614,78.28599120238734,30061.303230476566,1049.9096726956975,40051.50465950583
149.3999999999958,VALID,30.225121094855773,78.28614099025374,30040.575560579848,1052.8711156502175,40066.95776285535
149.4999999999958,VALID,30.225245996024725,78.28629077850101,30049.127589199332,1041.7526602475684,40038.34125286321
149.5999999999958,VALID,30.225370897022998,78.28644056712915,30052.629034815105,1040.5869216891028,40057.133875872314
149.69999999999578,VALID,30.225495797850588,78.28659035613815,30039.876829725454,1033.4388260667668,40054.79952708449
149.79999999999578,VALID,30.225620698507495,78.28674014552803,30037.0629693035,1056.0613458801092,40060.374279356896
149.89999999999577,VALID,30.22574559899371,78.28688993529879,30044.071870668897,1052.083047585971,40063.92158077405
149.99999999999577,VALID,30.225870499309238,78.28703972545043,30045.351698709703,1065.984539368255,40046.71442627628
150.09999999999576,VALID,30.225995399454074,78.28718951598294,30040.622905918608,1050.975441818509,40052.25126962984
150.19999999999575,VALID,30.226120299428217,78.28733930689636,30061.343640459665,1058.8641459720725,40053.69523777675
150.29999999999575,VALID,30.226245199231663,78.28748909819065,30056.561837645873,1051.8087914194834,40057.92105809982
150.39999999999574,VALID,30.226370098864408,78.28763888986585,30044.81293017861,1039.1873458153757,40052.085570669464
150.49999999999574,VALID,30.22649499832645,78.28778868192194,30076.891567255956,1058.0768026642183,40042.99984059523
150.59999999999573,VALID,30.22661989761779,78.28793847435892,30063.93911062628,1031.3551232189286,40047.48102056241
150.69999999999573,VALID,30.226744796738426,78.28808826717682,30053.97422340054,1043.2676292437059,40044.05813376391
150.79999999999572,VALID,30.226869695688354,78.28823806037562,30048.30001000782,1044.5749832060415,40042.1585241162
150.8999999999957,VALID,30.22699459446757,78.28838785395534,30039.157788450393,1034.399429936175,40040.3358843268
150.9999999999957,VALID,30.227119493076074,78.28853764791597,30048.984491906245,1060.063712137697,40043.36603734617
151.0999999999957,VALID,30.227244391513864,78.28868744225753,30037.883065786504,1066.0544669591634,40038.56742603093
151.1999999999957,VALID,30.227369289780935,78.28883723698,30050.94592282165,1040.6362111929566,40042.8107690121
151.2999999999957,VALID,30.227494187877284,78.2889870320834,30053.865650485994,1054.6115742410504,40062.710118201256
151.39999999999569,VALID,30.22761908580291,78.28913682756773,30056.687615544106,1051.540321255671,40056.24572187013
151.49999999999568,VALID,30.22774398355781,78.289286623433,30039.69757582071,1062.1051961995167,40055.32665871686
151.59999999999567,VALID,30.227868881141987,78.2894364196792,30054.89792165074,1055.9850776395979,40035.202882790465
151.69999999999567,VALID,30.227993778555433,78.28958621630635,30038.660687360116,1051.3228357906416,40051.44936817698
151.79999999999566,VALID,30.228118675798147,78.28973601331442,30055.750387655866,1051.0657727663752,40048.154875247346
151.89999999999566,VALID,30.228243572870127,78.28988581070345,30062.577850231333,1053.4957031901754,40057.466601650965
151.99999999999565,VALID,30.228368469771368,78.29003560847343,30061.952073026365,1062.639606373823,40053.17689278433
152.09999999999565,VALID,30.228493366501873,78.29018540662437,30057.25778161938,1052.66003962853,40060.72523319274
152.19999999999564,VALID,30.228618263061634,78.29033520515627,30072.80624197832,1039.5510555494527,40042.47265518637
152.29999999999563,VALID,30.22874315945065,78.29048500406913,30065.836842945515,1051.8613017765526,40045.7009691927
152.39999999999563,VALID,30.228868055668922,78.29063480336295,30043.058741071116,1059.374295282697,40055.60361588741
152.49999999999562,VALID,30.228992951716442,78.29078460303775,30070.077470281423,1049.0880403942135,40059.01578644727
152.59999999999562,VALID,30.229117847593212,78.29093440309352,30066.53889827395,1035.6608366803484,40039.4660909453
152.6999999999956,VALID,30.229242743299228,78.29108420353026,30052.71423232547,1044.274337711788,40045.785171473384
152.7999999999956,VALID,30.22936763883449,78.29123400434798,30043.39077941154,1048.520776547362,40040.95975075146
152.8999999999956,VALID,30.22949253419899,78.2913838055467,30037.2025626521,1053.851773614616,40051.24823852767
152.9999999999956,VALID,30.22961742939273,78.2915336071264,30059.78870599291,1055.2194899869387,40054.23953244203
153.0999999999956,VALID,30.229742324415703,78.29168340908709,30057.528909524248,1040.851425543659,40045.015467554
153.19999999999558,VALID,30.229867219267913,78.29183321142877,30052.748636075834,1059.3487685664536,40056.46554887476
153.29999999999558,VALID,30.229992113949354,78.29198301415146,30047.880223032374,1048.1371180261374,40052.49862059665
153.39999999999557,VALID,30.230117008460024,78.29213281725514,30038.436156879707,1058.4856143715108,40057.72291414321
153.49999999999557,VALID,30.230241902799918,78.29228262073983,30059.290418140263,1059.9343440800087,40059.97887019345
153.59999999999556,VALID,30.230366796969037,78.29243242460552,30031.159428587118,1052.252749782656,40035.70136314458
153.69999999999555,VALID,30.230491690967376,78.29258222885224,30040.473027976153,1048.6719347298827,40061.830476029114
153.79999999999555,VALID,30.230616584794934,78.29273203347998,30053.311539214537,1052.3143491541343,40067.85622849434
153.89999999999554,VALID,30.23074147845171,78.29288183848874,30052.41022483652,1040.5027770143088,40036.06123479447
153.99999999999554,VALID,30.230866371937697,78.29303164387852,30041.270694216793,1051.1189786283755,40034.59352495308
154.09999999999553,VALID,30.230991265252896,78.29318144964934,30054.382410547587,1053.0889411303283,40042.799832425015
154.19999999999553,VALID,30.231116158397302,78.29333125580118,30051.041300122146,1055.164843788888,40043.680611221745
154.29999999999552,VALID,30.231241051370915,78.29348106233405,30057.328036915544,1042.8328384614624,40055.8751715603
154.39999999999552,VALID,30.23136594417373,78.29363086924798,30064.57638779947,1053.2205016351886,40037.26531232177
154.4999999999955,VALID,30.231490836805747,78.29378067654294,30050.887120847445,1050.8105723209562,40041.387881999006
154.5999999999955,VALID,30.23161572926696,78.29393048421895,30037.40506570349,1046.1837354777474,40058.683554324554
154.6999999999955,VALID,30.231740621557368,78.294080292276,30058.178859873664,1061.9988851038922,40049.55149685744
154.7999999999955,VALID,30.23186551367697,78.29423010071413,30069.646153031525,1041.5384790573246,40054.40813868867
154.8999999999955,VALID,30.23199040562576,78.29437990953332,30047.583972968605,1064.9140401775826,40050.32252162134
154.99999999999548,VALID,30.232115297403737,78.29452971873356,30039.679155857462,1052.418431758399,40038.78002326533
155.09999999999548,VALID,30.2322401890109,78.29467952831487,30041.277521508022,1059.2636241515797,40049.79688164953
155.19999999999547,VALID,30.23236508044724,78.29482933827725,30058.555916354173,1041.2635131284567,40062.96785990577
155.29999999999546,VALID,30.232489971712766,78.29497914862071,30048.24678502783,1030.426317188157,40041.04289591383
155.39999999999546,VALID,30.232614862807466,78.29512895934525,30036.02544759934,1035.3618463147902,40055.10494907609
155.49999999999545,VALID,30.23273975373134,78.29527877045086,30053.65658251285,1055.9081055407034,40042.62715438772
155.59999999999545,VALID,30.232864644484387,78.29542858193757,30055.31708715393,1035.3192583677226,40045.17110603154
155.69999999999544,VALID,30.2329895350666,78.29557839380537,30048.41240971576,1044.296840505952,40051.00460079802
155.79999999999544,VALID,30.23311442547798,78.29572820605426,30049.77259524337,1054.7111739739782,40053.035200759725
155.89999999999543,VALID,30.23323931571852,78.29587801868426,30059.55281468733,1045.1975744759714,40056.51515850308
155.99999999999542,VALID,30.233364205788224,78.29602783169535,30052.774780402124,1052.4308932936672,40051.337185366276
156.09999999999542,VALID,30.233489095687084,78.29617764508755,30028.43520816493,1069.1748338583025,40040.84683515516
156.1999999999954,VALID,30.233613985415097,78.29632745886087,30042.035527377917,1046.7770142781221,40036.89997072375
156.2999999999954,VALID,30.233738874972264,78.2964772730153,30067.458840481962,1043.8029938175619,40043.16184683371
156.3999999999954,VALID,30.23386376435858,78.29662708755085,30041.70321921797,1054.3703919592522,40063.958407618746
156.4999999999954,VALID,30.233988653574045,78.29677690246751,30052.727502738224,1042.2580999646184,40063.22780699245
156.5999999999954,VALID,30.23411354261865,78.29692671776532,30052.83564312656,1042.7758180923706,40049.27983396386
156.69999999999538,VALID,30.234238431492397,78.29707653344424,30051.31338487788,1052.3707595120588,40050.01616901093
156.79999999999538,VALID,30.234363320195282,78.2972263495043,30050.239167698703,1068.6280675536746,40078.33708458481
156.89999999999537,VALID,30.2344882087273,78.29737616594551,30051.73014581618,1040.8278759594434,40039.49769421051
156.99999999999537,VALID,30.23461309708845,78.29752598276785,30058.131307707856,1033.759362402917,40048.18194489844
157.09999999999536,VALID,30.23473798527873,78.29767579997134,30053.949443921574,1051.8167234642635,40045.95342574024
157.19999999999536,VALID,30.234862873298137,78.29782561755599,30068.377706423296,1057.9625415922724,40045.29157200429
157.29999999999535,VALID,30.23498776114667,78.29797543552179,30057.832585853048,1048.1605122736883,40044.837411349836
157.39999999999534,VALID,30.23511264882432,78.29812525386875,30045.924175044664,1061.8252066590267,40044.40948851623
157.49999999999534,VALID,30.235237536331088,78.29827507259687,30049.28694738815,1060.2004481381766,40053.04110348955
157.59999999999533,VALID,30.23536242366697,78.29842489170616,30052.404079743195,1043.3469061621008,40073.30852597543
157.69999999999533,VALID,30.235487310831967,78.29857471119662,30058.182958964742,1026.3145001912455,40063.04184179803
157.79999999999532,VALID,30.23561219782607,78.29872453106826,30037.139309885384,1036.279644979909,40043.02064956373
157.89999999999532,VALID,30.235737084649283,78.29887435132109,30062.578569011126,1047.2758125042476,40052.10621295774
157.9999999999953,VALID,30.2358619713016,78.2990241719551,30033.299923684008,1060.7549831732179,40047.3276393767
158.0999999999953,VALID,30.235986857783015,78.2991739929703,30037.10710392288,1053.2481955795793,40054.89872073862
158.1999999999953,VALID,30.236111744093527,78.29932381436669,30050.850228963838,1062.914227871532,40055.83629872909
158.2999999999953,VALID,30.236236630233133,78.29947363614427,30065.02220180564,1049.4521254425856,40051.095565639735
158.3999999999953,VALID,30.236361516201832,78.29962345830306,30058.641786809603,1061.5864909410475,40046.66896938664
158.49999999999528,VALID,30.236486401999617,78.29977328084306,30068.858379487305,1051.1535432068167,40050.048373587546
158.59999999999528,VALID,30.236611287626488,78.29992310376426,30054.418405277764,1041.4428567051261,40033.539967721124
158.69999999999527,VALID,30.23673617308244,78.30007292706668,30070.55764709117,1060.6425905045335,40040.76048757394
158.79999999999526,VALID,30.236861058367474,78.30022275075032,30051.370970243443,1056.235260960793,40045.120387352494
158.89999999999526,VALID,30.23698594348158,78.30037257481519,30064.331229383675,1045.0548731690858,40059.92398162734
158.99999999999525,VALID,30.23711082842476,78.30052239926128,30043.695702980345,1055.0717273917787,40065.498605005734
159.09999999999525,VALID,30.237235713197013,78.30067222408861,30054.744282405674,1045.1191831339406,40052.21666560011
159.19999999999524,VALID,30.23736059779833,78.30082204929718,30057.24855895884,1045.7194712405849,40046.05074940075
159.29999999999524,VALID,30.23748548222871,78.30097187488698,30067.620082971003,1063.969584198136,40043.3673800145
159.39999999999523,VALID,30.23761036648815,78.30112170085803,30036.81687977486,1037.165782353877,40038.85214732701
159.49999999999523,VALID,30.237735250576645,78.30127152721033,30047.160435563692,1049.2428249400984,40036.16242956696
159.59999999999522,VALID,30.237860134494195,78.30142135394388,30051.54598227722,1020.9679062789246,40051.398302276
159.6999999999952,VALID,30.237985018240796,78.30157118105869,30066.07824221404,1037.8489051204215,40021.20321458479
159.7999999999952,VALID,30.238109901816447,78.30172100855476,30051.665491972533,1057.0067427343554,40045.91582990552
159.8999999999952,VALID,30.23823478522114,78.30187083643212,30052.287334987028,1062.9107117129317,40066.89368350918
159.9999999999952,VALID,30.238359668454876,78.30202066469073,30055.980157780075,1037.6399938791037,40051.69415908192
160.0999999999952,VALID,30.23848455151765,78.30217049333062,30039.997127879808,1049.84442062421,40047.5860687589
160.19999999999519,VALID,30.238609434409458,78.3023203223518,30044.290453320496,1065.3115753788497,40047.72330437181
160.29999999999518,VALID,30.238734317130298,78.30247015175426,30035.19045813633,1053.795443363802,40056.861081050476
160.39999999999517,VALID,30.238859199680164,78.30261998153802,30050.510491603716,1042.2513878636626,40045.67601875811
160.49999999999517,VALID,30.238984082059055,78.30276981170306,30044.111854422626,1044.9532284235966,40042.982162271626
160.59999999999516,VALID,30.23910896426697,78.3029196422494,30047.789596963332,1036.4419833147401,40052.4677395762
160.69999999999516,VALID,30.2392338463039,78.30306947317706,30042.176398879375,1058.7709356635721,40053.81251202845
160.79999999999515,VALID,30.239358728169847,78.30321930448602,30065.05772102945,1036.3571652026837,40064.112051040975
160.89999999999515,VALID,30.239483609864806,78.3033691361763,30048.83429995515,1056.1890480359446,40058.89752859281
160.99999999999514,VALID,30.239608491388772,78.3035189682479,30059.611855006173,1050.615899525208,40054.545748182245
161.09999999999513,VALID,30.239733372741743,78.30366880070082,30049.083141796367,1057.2763915258176,40041.08225244853
161.19999999999513,VALID,30.239858253923714,78.30381863353507,30054.045504172336,1065.3939692644633,40070.0645264618
161.29999999999512,VALID,30.239983134934683,78.30396846675066,30060.680905035548,1064.6135583689347,40055.23607473347
161.39999999999512,VALID,30.240108015774645,78.30411830034758,30060.538128515305,1069.450394660563,40049.457461381586
161.4999999999951,VALID,30.240232896443597,78.30426813432584,30034.122558190124,1048.2968813554983,40051.85980472732
161.5999999999951,VALID,30.240357776941536,78.30441796868544,30041.760711090636,1038.0214328666716,40045.07016523903
161.6999999999951,VALID,30.24048265726846,78.30456780342641,30037.6999182581,1059.126627466896,40067.04676983483
161.7999999999951,VALID,30.240607537424363,78.30471763854872,30056.753801178114,1036.0541043677704,40052.07074473177
161.8999999999951,VALID,30.240732417409244,78.3048674740524,30041.417168828335,1052.7973892691055,40041.76859396027
161.99999999999508,VALID,30.240857297223098,78.30501730993745,30059.828490986805,1057.023241629746,40046.79400054809
162.09999999999508,VALID,30.24098217686592,78.30516714620387,30055.044671510106,1050.6319882454438,40067.27428963249
162.19999999999507,VALID,30.241107056337707,78.30531698285166,30030.984284275863,1054.1289288732626,40062.430065691464
162.29999999999507,VALID,30.241231935638456,78.30546681988085,30046.33209480777,1045.009099894167,40051.77300762227
162.39999999999506,VALID,30.241356814768164,78.30561665729141,30040.80264985876,1044.6341553147054,40039.758116229175
162.49999999999505,VALID,30.241481693726826,78.30576649508336,30048.224719428952,1029.080243757793,40043.972255790635
162.59999999999505,VALID,30.24160657251444,78.30591633325672,30055.584574914345,1046.214585451342,40045.88102859639
162.69999999999504,VALID,30.241731451131,78.30606617181148,30058.989659601306,1065.7779458977886,40042.62771161717
162.79999999999504,VALID,30.241856329576503,78.30621601074765,30062.04945371003,1032.4950964812826,40041.541746249815
162.89999999999503,VALID,30.241981207850948,78.30636585006522,30055.357953607938,1052.576751223061,40051.19109529301
162.99999999999503,VALID,30.24210608595433,78.30651568976421,30058.648567805933,1047.972801387945,40057.62504526011
163.09999999999502,VALID,30.24223096388664,78.30666552984462,30045.110196990376,1043.725112453496,40031.250963540195
163.19999999999501,VALID,30.242355841647882,78.30681537030647,30056.76359343624,1041.321821161449,40060.0753115302
163.299999999995,VALID,30.24248071923805,78.30696521114974,30060.09685684389,1047.7780984946241,40050.872514871466
163.399999999995,VALID,30.242605596657135,78.30711505237446,30051.978165486755,1047.9495724024114,40035.414014750095
163.499999999995,VALID,30.242730473905137,78.30726489398062,30064.45744564246,1044.3217973068495,40055.29469782408
163.599999999995,VALID,30.242855350982055,78.30741473596822,30052.913589964406,1052.8966025563243,40052.189360634635
163.699999999995,VALID,30.24298022788788,78.30756457833728,30059.120829566516,1041.2926983493085,40059.92072265557
163.79999999999498,VALID,30.24310510462261,78.3077144210878,30051.658623317053,1050.3922857753248,40045.84904006589
163.89999999999498,VALID,30.243229981186243,78.30786426421979,30049.545939831536,1055.7915894178097,40038.280495017214
163.99999999999497,VALID,30.24335485757877,78.30801410773324,30032.79421029744,1047.2522834453398,40057.02092650053
164.09999999999496,VALID,30.24347973380019,78.30816395162817,30047.009559449652,1063.7118334864383,40062.960253742014
164.19999999999496,VALID,30.243604609850497,78.30831379590458,30064.025115636712,1064.5229040267361,40052.635505736805
164.29999999999495,VALID,30.24372948572969,78.30846364056248,30055.669459043937,1043.17904625088,40023.14494317081
164.39999999999495,VALID,30.243854361437766,78.30861348560187,30054.053915577453,1042.282631623472,40047.98829483853
164.49999999999494,VALID,30.243979236974717,78.30876333102276,30025.145915490404,1058.9753851774744,40047.982508084075
164.59999999999494,VALID,30.244104112340537,78.30891317682516,30044.092509311628,1038.4507751650037,40041.87393749182
164.69999999999493,VALID,30.244228987535227,78.30906302300906,30041.531003399545,1040.2896144437104,40035.869661206845
164.79999999999492,VALID,30.24435386255878,78.30921286957448,30047.901938366525,1046.6186101289945,40058.593799269416
164.89999999999492,VALID,30.244478737411193,78.30936271652142,30032.48497132215,1045.5418151746042,40041.08648828017
164.9999999999949,VALID,30.244603612092458,78.30951256384988,30053.4091395849,1049.476173208495,40058.49023211994
165.0999999999949,VALID,30.244728486602575,78.30966241155987,30068.381805730787,1050.0106656673618,40055.299956370334
165.1999999999949,VALID,30.24485336094154,78.30981225965141,30042.503715763585,1048.7316979510422,40050.24857204384
165.2999999999949,VALID,30.244978235109347,78.30996210812448,30071.388609031426,1038.604395213697,40048.659448940845
165.3999999999949,VALID,30.24510310910599,78.31011195697911,30050.19451051605,1042.4567007867329,40053.524438840446
165.49999999999488,VALID,30.245227982931468,78.3102618062153,30050.141736668313,1051.1953003201722,40042.77824277089
165.59999999999488,VALID,30.24535285658577,78.31041165583304,30057.345887860494,1040.6954773570624,40046.27853762416
165.69999999999487,VALID,30.245477730068902,78.31056150583234,30058.473565193784,1063.9788620869695,40042.49769380833
165.79999999999487,VALID,30.245602603380853,78.31071135621322,30056.228451182058,1049.146657475245,40060.43987246844
165.89999999999486,VALID,30.245727476521616,78.31086120697569,30051.114611952293,1066.9705343891744,40065.32611783345
165.99999999999486,VALID,30.24585234949119,78.31101105811973,30040.267589581712,1046.7321324939871,40042.494987052676
166.09999999999485,VALID,30.24597722228957,78.31116090964537,30049.19184808391,1031.8274109292913,40033.26315906375
166.19999999999484,VALID,30.24610209491675,78.3113107615526,30060.198018711504,1053.407399628679,40057.53483389584
166.29999999999484,VALID,30.246226967372728,78.31146061384145,30040.953190654876,1039.4890268392899,40048.06434941478
166.39999999999483,VALID,30.246351839657496,78.3116104665119,30063.828401831415,1050.754076383451,40051.829907101615
166.49999999999483,VALID,30.246476711771052,78.31176031956396,30061.77776299209,1053.7967479041388,40051.819688167445
166.59999999999482,VALID,30.24660158371339,78.31191017299764,30054.273955661953,1048.0931371899628,40065.73386934489
166.69999999999482,VALID,30.246726455484502,78.31206002681296,30048.956390296127,1042.7947819893698,40056.816046598404
166.7999999999948,VALID,30.24685132708439,78.3122098810099,30059.466737305152,1045.282462820203,40057.23982820112
166.8999999999948,VALID,30.246976198513043,78.3123597355885,30060.765371658912,1016.4827505254772,40032.75324704505
166.9999999999948,VALID,30.24710106977046,78.31250959054874,30054.005066361824,1040.6944226395974,40066.86431916615
167.0999999999948,VALID,30.24722594085663,78.31265944589065,30053.240614581617,1048.9839470094025,40050.61765133599
167.1999999999948,VALID,30.247350811771554,78.31280930161421,30046.201230315033,1043.5811281504168,40051.21833131557
167.29999999999478,VALID,30.247475682515226,78.31295915771943,30060.02920593359,1034.5292838965863,40052.407850943884
167.39999999999478,VALID,30.24760055308764,78.31310901420633,30045.503864552742,1050.8608686625098,40042.48210089136
167.49999999999477,VALID,30.247725423488788,78.31325887107492,30051.43841330493,1039.2782953266913,40049.797095669965
167.59999999999476,VALID,30.247850293718667,78.31340872832519,30047.39697184638,1033.347426144455,40054.182692616196
167.69999999999476,VALID,30.247975163777273,78.31355858595715,30021.881427126194,1046.243144677848,40035.094128282115
167.79999999999475,VALID,30.2481000336646,78.31370844397082,30052.570084173603,1046.6395046591601,40058.16961078342
167.89999999999475,VALID,30.248224903380642,78.3138583023662,30047.97893274704,1047.8703041521176,40061.205997460966
167.99999999999474,VALID,30.248349772925394,78.31400816114329,30045.351799543052,1049.7030874998923,40064.262593116946
168.09999999999474,VALID,30.248474642298852,78.3141580203021,30056.619056039945,1069.8288505337823,40054.59062211615
168.19999999999473,VALID,30.24859951150101,78.31430787984264,30044.70357220826,1060.7405025385879,40059.22337723901
168.29999999999472,VALID,30.248724380531858,78.31445773976492,30047.268790790527,1055.4010519792846,40049.175800083976
168.39999999999472,VALID,30.248849249391395,78.31460760006894,30054.980737543017,1050.326111217229,40048.70090620923
168.4999999999947,VALID,30.248974118079612,78.31475746075472,30066.88774978227,1054.5622343385626,40036.69475656515
168.5999999999947,VALID,30.249098986596508,78.31490732182226,30052.08415354973,1047.0083697707112,40053.13017731611
168.6999999999947,VALID,30.249223854942073,78.31505718327156,30052.39927774184,1053.662495479945,40033.01595293516
168.7999999999947,VALID,30.249348723116302,78.31520704510264,30034.320903278174,1064.0059083226163,40049.73359574347
168.8999999999947,VALID,30.24947359111919,78.31535690731549,30063.381007283893,1055.2760582259425,40044.66901623773
168.99999999999469,VALID,30.249598458950732,78.31550676991013,30033.114755471415,1055.1194776927998,40055.17298943039
169.09999999999468,VALID,30.24972332661092,78.31565663288657,30067.51180146373,1047.9748238985517,40050.761316786266
169.19999999999467,VALID,30.249848194099748,78.31580649624482,30031.91931650035,1043.9313231379735,40052.45944780064
169.29999999999467,VALID,30.24997306141721,78.31595635998487,30046.492035770603,1041.260448028616,40064.17753144056
169.39999999999466,VALID,30.250097928563303,78.31610622410675,30066.026803366905,1039.3185100163078,40050.98924324102
169.49999999999466,VALID,30.25022279553802,78.31625608861044,30045.715061045903,1064.8481893980081,40052.374543228754
169.59999999999465,VALID,30.250347662341348,78.31640595349599,30055.97281958695,1040.6496506917274,40063.274982457784
169.69999999999465,VALID,30.250472528973287,78.31655581876336,30047.010475830808,1068.6292298967167,40060.924556048965
169.79999999999464,VALID,30.25059739543383,78.3167056844126,30043.490407103764,1055.269190269993,40052.43421334895
169.89999999999463,VALID,30.25072226172297,78.31685555044369,30047.78700712025,1057.4987294647558,40049.74527790386
169.99999999999463,VALID,30.2508471278407,78.31700541685665,30050.281308085214,1043.6845847868328,40042.55591491948
170.09999999999462,VALID,30.250971993787015,78.31715528365147,30050.766094462953,1051.7867729193042,40060.75874496933
170.19999999999462,VALID,30.251096859561905,78.31730515082819,30036.454297901768,1051.1248494732006,40065.93881949852
170.2999999999946,VALID,30.251221725165365,78.3174550183868,30043.219644417684,1039.5654725255695,40040.73420438051
170.3999999999946,VALID,30.25134659059739,78.3176048863273,30057.914659390197,1037.3383673243363,40050.194992965786
170.4999999999946,VALID,30.25147145585797,78.31775475464973,30043.3080991281,1044.2452504637968,40046.937047254956
170.5999999999946,VALID,30.251596320947097,78.31790462335407,30046.254414502044,1046.3243787355752,40049.46036479131
170.6999999999946,VALID,30.251721185864767,78.31805449244034,30052.689493921054,1045.4648980334691,40054.70606290178
170.79999999999458,VALID,30.251846050610972,78.31820436190854,30045.203947879694,1045.4590641714228,40050.41858787187
170.89999999999458,VALID,30.251970915185705,78.31835423175869,30032.83770148371,1041.7903172903948,40043.32010556635
170.99999999999457,VALID,30.25209577958896,78.3185041019908,30039.771938522474,1047.6843140700864,40042.667611297635
171.09999999999457,VALID,30.252220643820728,78.31865397260486,30040.887905609707,1060.1600723494366,40070.82462388128
171.19999999999456,VALID,30.252345507881,78.3188038436009,30059.939362184825,1052.981089021316,40061.239837935624
171.29999999999455,VALID,30.25247037176977,78.31895371497893,30053.141824369977,1047.3931108510462,40051.11514010718
171.39999999999455,VALID,30.252595235487032,78.31910358673895,30046.641343270232,1027.9518311500487,40041.586283938785
171.49999999999454,VALID,30.252720099032775,78.31925345888097,30041.70993289982,1054.8359519570697,40045.189753644205
171.59999999999454,VALID,30.252844962406993,78.319403331405,30032.002486904785,1049.7141724433388,40052.86684865546
171.69999999999453,VALID,30.25296982560968,78.31955320431105,30057.693002870245,1053.6429938186052,40073.90590762305
171.79999999999453,VALID,30.25309468864082,78.31970307759913,30041.326004235438,1063.1716978530274,40059.210227634525
171.89999999999452,VALID,30.253219551500415,78.31985295126925,30043.646238177167,1048.7190901722154,40042.53867118523
171.99999999999451,VALID,30.25334441418845,78.32000282532142,30048.76088757253,1045.5693942401838,40045.55125928972
172.0999999999945,VALID,30.253469276704923,78.32015269975565,30049.94756715711,1039.6419568304052,40061.245388699055
172.1999999999945,VALID,30.25359413904982,78.32030257457195,30058.781153754804,1043.0472351182561,40058.6268762706
172.2999999999945,VALID,30.253719001223132,78.32045244977034,30039.48599316011,1032.1598393103982,40053.1489465308
172.3999999999945,VALID,30.25384386322485,78.32060232535082,30055.465442673336,1042.6065488777099,40055.26191127034
172.4999999999945,VALID,30.25396872505497,78.3207522013134,30069.60484659963,1080.1237693325545,40041.270574450275
172.59999999999448,VALID,30.25409358671348,78.32090207765809,30053.266511036156,1037.714316520024,40078.314852742464
172.69999999999447,VALID,30.254218448200373,78.32105195438491,30045.64164364634,1058.5999095977731,40050.94458765291
172.79999999999447,VALID,30.254343309515637,78.32120183149387,30039.429381019934,1047.9316438112803,40036.46369308172
172.89999999999446,VALID,30.254468170659266,78.32135170898498,30043.60056133891,1047.3188440971362,40052.249452610806
172.99999999999446,VALID,30.25459303163125,78.32150158685825,30027.28270520252,1049.3439208512877,40075.52996221572
173.09999999999445,VALID,30.254717892431575,78.32165146511369,30040.482665125586,1053.2585261453073,40045.76846000202
173.19999999999445,VALID,30.254842753060235,78.3218013437513,30021.777827742048,1040.0458323220423,40043.16518085779
173.29999999999444,VALID,30.25496761351722,78.32195122277112,30058.469876578256,1049.6492012363192,40047.79693241508
173.39999999999444,VALID,30.25509247380252,78.32210110217314,30056.732244887757,1051.2913785493254,40048.35063547936
173.49999999999443,VALID,30.255217333916125,78.32225098195737,30056.68218394361,1036.2375901680912,40047.937587110486
173.59999999999442,VALID,30.255342193858024,78.32240086212384,30062.533264664104,1028.5987041818667,40042.0934779969
173.69999999999442,VALID,30.25546705362821,78.32255074267255,30051.563152979703,1052.2912666083485,40046.63673217549
173.7999999999944,VALID,30.255591913226667,78.32270062360351,30054.299204821684,1041.1345017589924,40059.79449971975
173.8999999999944,VALID,30.255716772653386,78.32285050491674,30051.94695677343,1068.1518479770266,40058.465966075564
173.9999999999944,VALID,30.255841631908357,78.32300038661226,30055.51591370103,1064.1609899195953,40041.967676308144
174.0999999999944,VALID,30.255966490991568,78.32315026869007,30047.067728641385,1032.498099035894,40058.7048722602
174.1999999999944,VALID,30.25609134990301,78.32330015115019,30066.54166503012,1045.145126146094,40037.82854789009
174.29999999999438,VALID,30.25621620864267,78.32345003399264,30061.248369487774,1042.6269386990966,40044.955753215574
174.39999999999438,VALID,30.25634106721054,78.32359991721742,30065.39505788642,1046.4126100263443,40048.135535551286
174.49999999999437,VALID,30.2564659256066,78.32374980082454,30066.118519151634,1055.9088062197914,40039.3596813495
174.59999999999437,VALID,30.25659078383085,78.32389968481404,30065.052985340804,1032.586448167451,40060.074876363215
174.69999999999436,VALID,30.256715641883265,78.3240495691859,30054.901821903215,1044.7660384094195,40042.21101707785
174.79999999999436,VALID,30.25684049976384,78.32419945394017,30038.87597050175,1067.290001121602,40051.24433027567
174.89999999999435,VALID,30.25696535747256,78.32434933907685,30043.693781745493,1055.7391615012177,40062.046111278294
174.99999999999434,VALID,30.257090215009413,78.32449922459594,30053.188480968445,1056.9698360872,40059.54011424019
175.09999999999434,VALID,30.257215072374386,78.32464911049748,30050.587509843714,1053.16590517369,40048.8462472897
175.19999999999433,VALID,30.257339929567465,78.32479899678147,30040.07651732522,1037.3298346456324,40054.5062004589
175.29999999999433,VALID,30.25746478658864,78.32494888344793,30042.91597385936,1049.7894336466024,40047.52282865813
175.39999999999432,VALID,30.257589643437893,78.32509877049688,30059.702840458354,1052.7996334366737,40053.06470659124
175.49999999999432,VALID,30.257714500115213,78.32524865792833,30047.134841967196,1048.6199460519183,40046.60097398959
175.5999999999943,VALID,30.257839356620583,78.3253985457423,30052.496022974152,1032.759049857127,40049.80249673975
175.6999999999943,VALID,30.25796421295399,78.3255484339388,30053.675567076076,1053.932617714942,40039.225085204314
175.7999999999943,VALID,30.25808906911542,78.32569832251787,30045.788932272717,1046.192250341534,40044.60028263564
175.8999999999943,VALID,30.258213925104858,78.3258482114795,30037.831344005237,1039.135677504123,40050.09094493675
175.9999999999943,VALID,30.258338780922287,78.32599810082372,30053.85483133188,1051.479930741708,40041.28517064818
176.09999999999428,VALID,30.25846363656769,78.32614799055057,30053.849834688914,1048.0120763912016,40045.04471772468
176.19999999999428,VALID,30.258588492041056,78.32629788066004,30040.747148994014,1044.906443656383,40057.169760349505
176.29999999999427,VALID,30.258713347342365,78.32644777115215,30048.160272773697,1048.768606479018,40039.989726789565
176.39999999999426,VALID,30.2588382024716,78.32659766202693,30077.904216881874,1027.3505040316018,40029.72085736156
176.49999999999426,VALID,30.258963057428748,78.32674755328439,30044.75159805018,1051.9941381256788,40067.73532611449
176.59999999999425,VALID,30.259087912213786,78.32689744492455,30055.13779510119,1053.0082237440517,40059.19642996969
176.69999999999425,VALID,30.2592127668267,78.32704733694744,30050.950783991917,1030.4490431313154,40052.54841040827
176.79999999999424,VALID,30.259337621267473,78.32719722935309,30052.172998764578,1071.6965766695123,40042.79038595011
176.89999999999424,VALID,30.259462475536086,78.3273471221415,30062.573756412527,1036.3981901503594,40065.327824266955
176.99999999999423,VALID,30.259587329632517,78.3274970153127,30051.325912356642,1058.3698660044115,40057.03812004698
177.09999999999422,VALID,30.259712183556747,78.32764690886673,30056.778080706008,1050.975446882757,40043.44018664206
177.19999999999422,VALID,30.25983703730876,78.32779680280358,30048.403077263672,1042.3456829928746,40048.873023328226
177.2999999999942,VALID,30.259961890888533,78.3279466971233,30033.91138520861,1051.7223650287265,40059.772836216536
177.3999999999942,VALID,30.260086744296046,78.3280965918259,30062.019072538376,1063.1381623269867,40051.52475342939
177.4999999999942,VALID,30.26021159753128,78.3282464869114,30048.458472914226,1047.447583469382,40053.9235935272
177.5999999999942,VALID,30.260336450594213,78.32839638237984,30057.17106816932,1053.3814141413352,40036.54583589924
177.6999999999942,VALID,30.26046130348482,78.32854627823123,30063.780529486314,1054.7748156544728,40059.90686242896
177.79999999999418,VALID,30.26058615620308,78.32869617446562,30050.519249209912,1047.3900650820783,40069.37547314773
177.89999999999418,VALID,30.260711008748967,78.32884607108302,30039.30167140281,1033.118608367906,40069.957967459864
177.99999999999417,VALID,30.260835861122462,78.32899596808346,30052.403939818105,1045.716305550258,40044.1496424932
178.09999999999417,VALID,30.260960713323538,78.32914586546697,30029.93919605331,1068.672709303188,40057.05630232999
178.19999999999416,VALID,30.261085565352168,78.32929576323357,30055.099907805576,1058.2467268963157,40040.85334915331
178.29999999999416,VALID,30.261210417208332,78.3294456613833,30054.58394297678,1060.8571359768816,40027.95076333352
178.39999999999415,VALID,30.261335268891997,78.32959555991619,30055.959640626123,1057.4707615717284,40051.01484623879
178.49999999999415,VALID,30.26146012040314,78.32974545883226,30041.14433220713,1048.3443815295227,40045.41813855288
178.59999999999414,VALID,30.26158497174173,78.32989535813155,30053.628423289952,1044.6790717519743,40057.644201360745
178.69999999999413,VALID,30.26170982290774,78.33004525781409,30044.816627917655,1044.8015615236886,40061.68533525505
178.79999999999413,VALID,30.26183467390114,78.33019515787993,30048.39264563047,1055.3161561017846,40037.02589594694
178.89999999999412,VALID,30.261959524721902,78.33034505832909,30065.20877363861,1035.478271726393,40050.96933483864
178.99999999999412,VALID,30.262084375369994,78.3304949591616,30047.7545295048,1042.3694221549438,40047.25610712222
179.0999999999941,VALID,30.262209225845382,78.3306448603775,30062.351220515102,1067.389459951157,40047.63357786123
179.1999999999941,VALID,30.262334076148033,78.33079476197685,30046.425345231837,1031.2206477606278,40067.1511726954
179.2999999999941,VALID,30.262458926277912,78.33094466395966,30039.339264704242,1040.900848590596,40051.048105676964
179.3999999999941,VALID,30.262583776234983,78.33109456632599,30057.34055963088,1065.2326106273613,40071.74609750063
179.4999999999941,VALID,30.26270862601921,78.33124446907587,30057.538359898575,1045.1984121052449,40043.4319740884
179.59999999999408,VALID,30.262833475630558,78.33139437220935,30048.214995944654,1058.0444751292573,40059.54890915512
179.69999999999408,VALID,30.262958325068986,78.33154427572647,30056.169268606536,1031.0555035524508,40044.33834407421
179.79999999999407,VALID,30.263083174334454,78.33169417962728,30064.5668845119,1044.669131906394,40049.19663932111
179.89999999999407,VALID,30.26320802342692,78.33184408391182,30077.267988080304,1049.2606678291584,40064.234327267375
179.99999999999406,VALID,30.26333287234634,78.33199398858015,30068.387111558208,1057.5817517101489,40045.65092181982
180.09999999999405,VALID,30.263457721092667,78.33214389363232,30027.199731118722,1041.4106317704725,40056.433147287426
180.19999999999405,VALID,30.26358256966586,78.33229379906838,30055.919608599626,1061.7227070690708,40038.94137846086
180.29999999999404,VALID,30.26370741806587,78.33244370488838,30051.99447403385,1029.498908931763,40041.171914258644
180.39999999999404,VALID,30.263832266292642,78.33259361109238,30055.293035789156,1028.1775565993878,40058.16705928474
180.49999999999403,VALID,30.263957114346127,78.33274351768044,30068.306435885817,1035.6391263276828,40047.41129465405
180.59999999999403,VALID,30.26408196222627,78.33289342465262,30067.18472511921,1055.0063599096786,40053.973360523094
180.69999999999402,VALID,30.264206809933018,78.33304333200898,30051.075078955397,1036.2819568597135,40048.63164116657
180.79999999999401,VALID,30.264331657466307,78.3331932397496,30062.866662723845,1050.8697560639876,40057.21693661964
180.899999999994,VALID,30.26445650482608,78.33334314787454,30046.382542446332,1041.285602629994,40045.68782216199
180.999999999994,VALID,30.264581352012268,78.33349305638387,30039.469671021812,1036.3769161213315,40049.801009624265
181.099999999994,VALID,30.264706199024808,78.33364296527768,30047.712240030054,1040.596055857669,40056.960691951295
181.199999999994,VALID,30.264831045863627,78.33379287455602,30040.684132676713,1054.255876552342,40054.98379786961
181.299999999994,VALID,30.264955892528654,78.333942784219,30066.65958885796,1053.4205221893253,40057.89590324487
181.39999999999398,VALID,30.26508073901981,78.3340926942667,30050.747096418003,1035.928132560724,40058.55722627926
181.49999999999397,VALID,30.26520558533702,78.3342426046992,30066.793879697438,1048.757195165401,40070.937766491865
181.59999999999397,VALID,30.265330431480194,78.33439251551661,30059.238617787156,1070.0098061093038,40048.18810246136
181.69999999999396,VALID,30.26545527744924,78.33454242671903,30041.153291725783,1050.559774358242,40042.73762202775
181.79999999999396,VALID,30.26558012324407,78.33469233830655,30051.9845583584,1047.5836349997278,40051.64511866411
181.89999999999395,VALID,30.265704968864583,78.3348422502793,30049.0995459618,1040.2574603543144,40044.70593848619
181.99999999999395,VALID,30.26582981431067,78.33499216263738,30062.69125068783,1049.3649681874301,40036.59173698772
182.09999999999394,VALID,30.265954659582224,78.33514207538093,30029.831976026184,1046.7757462488105,40052.78799356112
182.19999999999393,VALID,30.266079504679126,78.33529198851008,30038.197815260508,1032.1267575547793,40055.60817438665
182.29999999999393,VALID,30.26620434960125,78.33544190202497,30081.941130359028,1058.7199691745138,40040.033896360044
182.39999999999392,VALID,30.266329194348458,78.33559181592575,30048.82344017136,1048.8115289490797,40037.282242930785
182.49999999999392,VALID,30.266454038920614,78.33574173021259,30035.95852244733,1048.572330692194,40057.90163431215
182.5999999999939,VALID,30.26657888331756,78.33589164488565,30052.528779927692,1043.1670194500723,40055.09419295269
182.6999999999939,VALID,30.266703727539134,78.33604155994512,30055.212585904024,1040.1732126761551,40037.82173127187
182.7999999999939,VALID,30.26682857158516,78.33619147539119,30056.451766810405,1061.3621867763716,40054.054117652704
182.8999999999939,VALID,30.26695341545545,78.33634139122408,30061.792307442003,1064.669955824634,40034.716524480275
182.9999999999939,VALID,30.267078259149795,78.33649130744402,30054.786237442837,1063.159625945811,40061.335766309334
183.09999999999388,VALID,30.267203102667974,78.33664122405125,30064.272199968756,1044.1242080547668,40056.81729744065
183.19999999999388,VALID,30.267327946009743,78.33679114104605,30057.76280891161,1044.018290526964,40051.90683220371
183.29999999999387,VALID,30.267452789174836,78.3369410584287,30036.682832523198,1041.5115934589735,40053.275696637815
183.39999999999387,VALID,30.267577632162965,78.33709097619956,30060.514156556797,1049.9920676219583,40065.34104404206
183.49999999999386,VALID,30.26770247497381,78.33724089435897,30064.893241935813,1040.1716909208558,40048.986231303345
183.59999999999386,VALID,30.26782731760701,78.33739081290733,30044.96551118608,1058.2325213532124,40057.18152872218
183.69999999999385,VALID,30.267952160062176,78.33754073184508,30042.062925883314,1059.240865326722,40036.79336723204
183.79999999999384,VALID,30.268077002338856,78.33769065117272,30061.77848857168,1025.6082782500823,40048.20881707879
183.89999999999384,VALID,30.26820184443655,78.3378405708908,30042.92079873533,1056.75928805407,40052.525500702286
183.99999999999383,VALID,30.26832668635469,78.33799049099999,30028.084688842548,1036.5459502964598,40044.12850962255
184.09999999999383,VALID,30.268451528092616,78.33814041150099,30061.837772532086,1066.3126295342115,40056.820065878484
184.19999999999382,VALID,30.268576369649566,78.33829033239466,30064.229498993136,1042.4689229743915,40054.16605835447
184.29999999999382,VALID,30.268701211024645,78.33844025368201,30051.269813384526,1039.2019011175955,40046.49607932959
184.3999999999938,VALID,30.268826052216784,78.33859017536423,30046.431516931483,1054.5608670931597,40054.953927899034
184.4999999999938,VALID,30.26895089322469,78.33874009744277,30044.515618516896,1044.6812320093288,40030.99374161757
184.5999999999938,VALID,30.269075734046762,78.3388900199194,30055.053140524018,1048.9658894264849,40049.710095334056
184.6999999999938,VALID,30.26920057468096,78.33903994279642,30055.45804978065,1045.0462628531177,40040.36168976211
184.7999999999938,VALID,30.269325415124616,78.3391898660768,30043.97955173318,1046.5633713543314,40052.176368849905
184.89999999999378,VALID,30.26945025537407,78.33933978976462,30043.941591450795,1045.5923673983805,40036.70409972342
184.99999999999378,VALID,30.269575095424006,78.33948971386583,30045.92412689818,1032.5294206516467,40043.392314819794
185.09999999999377,VALID,30.26969993526598,78.33963963838984,30055.39964342167,1051.713984762698,40048.438069742195
185.19999999999376,VALID,30.26982477488452,78.33978956335393,30047.754377027853,1059.0027988516822,40038.21568439244
185.29999999999376,VALID,30.269949614242122,78.33993948879997,30054.422427252048,1042.83534030575,40052.78239726713
185.39999999999375,VALID,30.26982473797761,78.3400468097417,30048.47911059408,1044.5677340077893,40053.12312472676
185.49999999999375,VALID,30.269649475938557,78.34009361931615,30043.537818206267,1037.8706329130134,40045.16980431109
185.59999999999374,VALID,30.269474213882834,78.34014042872337,30037.45298692265,1051.451670584698,40043.920988427024
185.69999999999374,VALID,30.269298951810445,78.34018723796336,30037.361238293815,1053.642825708663,40054.01810120969
185.79999999999373,VALID,30.269123689721386,78.34023404703612,30048.154660532382,1047.0772196058535,40059.132951926775
185.89999999999372,VALID,30.268948427615662,78.34028085594164,30047.288323088815,1052.5806560429057,40038.65007357331
185.99999999999372,VALID,30.26877316549327,78.34032766467993,30055.575857706022,1048.570611406125,40055.18237497241
186.0999999999937,VALID,30.26859790335421,78.340374473251,30047.268775355562,1042.470272312015,40037.97989194062
186.1999999999937,VALID,30.268422641198484,78.34042128165486,30047.936946885322,1045.406018670235,40037.027990560295
186.2999999999937,VALID,30.268247379026093,78.34046808989147,30062.508971902455,1060.2562805392622,40029.65373772004
186.3999999999937,VALID,30.268072116837033,78.34051489796087,30028.610190524738,1034.803949987499,40051.56535355921
186.4999999999937,VALID,30.267896854631307,78.34056170586305,30076.797084556336,1038.18163778046,40046.827639114796
186.59999999999368,VALID,30.267721592408915,78.34060851359801,30063.329148549696,1045.0467499855145,40061.15877249581
186.69999999999368,VALID,30.267546330169857,78.34065532116576,30059.341328283066,1049.707866670054,40058.82062582934
186.79999999999367,VALID,30.267371067914134,78.34070212856629,30059.35915036479,1035.9711415040751,40048.254083277454
186.89999999999367,VALID,30.267195805641744,78.34074893579961,30043.708764508563,1050.296510692068,40037.86288473988
186.99999999999366,VALID,30.26702054335269,78.34079574286572,30040.035400946817,1050.5577537586319,40049.92689470915
187.09999999999366,VALID,30.26684528104697,78.34084254976462,30063.85582920431,1052.1042167233545,40064.32350140112
187.19999999999365,VALID,30.266670018724582,78.3408893564963,30063.103591392908,1061.378469187063,40014.65173722621
187.29999999999364,VALID,30.26649475638553,78.34093616306079,30042.270076852146,1054.6345479002007,40036.7681536151
187.39999999999364,VALID,30.266319494029815,78.34098296945807,30044.721140532612,1056.6857859927788,40050.47537466819
187.49999999999363,VALID,30.266144231657435,78.34102977568814,30046.511258705006,1067.3246793257476,40045.778871373834
187.59999999999363,VALID,30.26596896926839,78.34107658175101,30061.11329932102,1049.503187905515,40050.99156689369
187.69999999999362,VALID,30.26579370686268,78.34112338764669,30046.41467248747,1041.5939579354197,40047.78387341165
187.79999999999362,VALID,30.265618444440307,78.34117019337516,30036.34321190528,1056.1113364779385,40051.130711898484
187.8999999999936,VALID,30.265443182001267,78.34121699893645,30045.599094506528,1057.9442368670425,40039.577715175285
187.9999999999936,VALID,30.265267919545565,78.34126380433052,30030.323814541913,1054.214309286631,40036.225571468865
188.0999999999936,VALID,30.265092657073197,78.34131060955741,30036.046964026435,1051.6296281785849,40059.66305438757
188.1999999999936,VALID,30.264917394584167,78.34135741461711,30042.21430761442,1041.0779748697453,40065.06262552332
188.2999999999936,VALID,30.264742132078474,78.34140421950961,30035.875080308208,1058.4793579284565,40054.298537052506
188.39999999999358,VALID,30.264566869556116,78.34145102423493,30042.742579323723,1048.6359674947573,40041.400373705816
188.49999999999358,VALID,30.264391607017096,78.34149782879307,30043.338874326375,1048.4721015964974,40042.930851386605
188.59999999999357,VALID,30.264216344461413,78.34154463318401,30033.524242269104,1057.1235718139756,40043.956764182105
188.69999999999357,VALID,30.264041081889065,78.34159143740777,30057.966055426095,1048.4603244106777,40078.12788150483
188.79999999999356,VALID,30.263865819300054,78.34163824146435,30055.580868261775,1036.5365195582783,40036.27844602677
188.89999999999355,VALID,30.26369055669438,78.34168504535376,30041.036219717087,1045.714238381146,40033.474120890955
188.99999999999355,VALID,30.263515294072047,78.34173184907598,30038.739876386062,1050.1512679265147,40034.369464252
189.09999999999354,VALID,30.26334003143305,78.34177865263104,30049.00042736174,1052.3299555192286,40039.95121262803
189.19999999999354,VALID,30.26316476877739,78.34182545601891,30056.03958104474,1050.8506419701248,40060.93335370754
189.29999999999353,VALID,30.262989506105068,78.34187225923961,30056.647099484875,1047.8737340631799,40048.424740138085
189.39999999999353,VALID,30.262814243416084,78.34191906229313,30054.61815533498,1053.7775971605595,40033.07201749514
189.49999999999352,VALID,30.262638980710438,78.34196586517949,30059.26539415472,1044.3903098933488,40061.34033627563
189.5999999999935,VALID,30.26246371798813,78.34201266789867,30051.79136900518,1043.5041186510005,40049.997783410785
189.6999999999935,VALID,30.262288455249163,78.34205947045069,30064.40477562457,1042.5042996091474,40032.904150816146
189.7999999999935,VALID,30.262113192493533,78.34210627283555,30047.443157755282,1062.5938467758313,40065.88163050549
189.8999999999935,VALID,30.261937929721242,78.34215307505323,30060.327358932904,1028.797481848879,40047.62873348543
189.9999999999935,VALID,30.261762666932288,78.34219987710375,30045.219297153795,1048.2354878591625,40039.05057355443
190.09999999999349,VALID,30.261587404126676,78.34224667898712,30047.249711690118,1038.159004517838,40073.200971263104
190.19999999999348,VALID,30.2614121413044,78.34229348070333,30050.59925351086,1044.8248606532181,40037.60483674063
190.29999999999347,VALID,30.261236878465468,78.34234028225238,30059.578853663286,1055.8348755949153,40061.61979075976
190.39999999999347,VALID,30.261061615609872,78.34238708363428,30053.466288514574,1045.3151241981805,40042.72091741773
190.49999999999346,VALID,30.260886352737618,78.34243388484902,30042.356319670766,1045.9491996111137,40056.853028662474
190.59999999999346,VALID,30.2607110898487,78.3424806858966,30044.483878683255,1052.8426500952419,40057.52938436149
190.69999999999345,VALID,30.260535826943126,78.34252748677704,30045.459262456985,1059.7848983500446,40054.20278596061
190.79999999999345,VALID,30.260360564020893,78.34257428749034,30053.83152841167,1049.740531232339,40051.734224810454
190.89999999999344,VALID,30.260185301081997,78.34262108803648,30041.3958956601,1041.61527073473,40052.50256501214
190.99999999999343,VALID,30.260010038126442,78.34266788841548,30058.943805908773,1047.695214908842,40055.02144649879
191.09999999999343,VALID,30.25983477515423,78.34271468862732,30047.691197817447,1042.17184534942,40050.12498797758
191.19999999999342,VALID,30.259659512165356,78.34276148867202,30053.842652660223,1043.1124053432366,40044.0601061039
191.29999999999342,VALID,30.259484249159826,78.34280828854959,30045.048323285082,1051.830388994198,40035.24986165091
191.3999999999934,VALID,30.259308986137636,78.34285508826001,30052.743148487614,1052.6158975419198,40052.053610707604
191.4999999999934,VALID,30.25913372309879,78.3429018878033,30044.37818240739,1052.7995460290663,40038.96712597589
191.5999999999934,VALID,30.25895846004328,78.34294868717944,30042.387881133305,1057.9904012724808,40036.71371026079
191.6999999999934,VALID,30.258783196971116,78.34299548638846,30043.55477966041,1044.2224087815146,40056.49594832831
191.7999999999934,VALID,30.258607933882292,78.34304228543034,30035.599073729703,1044.1101778658422,40039.146291614445
191.89999999999338,VALID,30.25843267077681,78.34308908430509,30066.56104566297,1047.2362019509326,40044.80648645658
191.99999999999338,VALID,30.258257407654668,78.3431358830127,30051.137086223516,1058.640113750226,40029.2703527412
192.09999999999337,VALID,30.258082144515868,78.3431826815532,30039.190729922317,1052.1835903486535,40043.701847310476
192.19999999999337,VALID,30.257906881360412,78.34322947992656,30035.57581553989,1042.9105238743807,40051.56614859423
192.29999999999336,VALID,30.2577316181883,78.3432762781328,30053.25682692959,1069.6007123252255,40033.608132908215
192.39999999999336,VALID,30.257556354999526,78.34332307617193,30035.18925249374,1037.9219057223834,40059.729205778756
192.49999999999335,VALID,30.257381091794098,78.34336987404393,30041.040624360066,1034.811209062413,40058.123563845795
192.59999999999334,VALID,30.257205828572012,78.34341667174881,30042.599153373492,1061.1530401402358,40052.14674532751
192.69999999999334,VALID,30.25703056533327,78.34346346928658,30043.381497332957,1058.9382919356708,40058.15883077601
192.79999999999333,VALID,30.25685530207787,78.34351026665722,30065.019542265974,1045.8637214127693,40046.81481109388
192.89999999999333,VALID,30.256680038805815,78.34355706386074,30064.720940202213,1061.1154358096428,40052.571663594725
192.99999999999332,VALID,30.2565047755171,78.34360386089716,30041.49982780095,1039.5274337959704,40035.68973823645
193.09999999999332,VALID,30.25632951221173,78.34365065776646,30040.092327736624,1047.932272097285,40038.08191777535
193.1999999999933,VALID,30.256154248889708,78.34369745446865,30057.206739462003,1024.2143097853523,40041.987583334405
193.2999999999933,VALID,30.255978985551028,78.34374425100374,30043.19809589314,1056.0871765254783,40055.22668304307
193.3999999999933,VALID,30.25580372219569,78.34379104737171,30037.692472348575,1052.2873118818598,40039.55589355138
193.4999999999933,VALID,30.255628458823697,78.34383784357257,30052.91442886897,1037.8020567442256,40051.28079786525
193.5999999999933,VALID,30.25545319543505,78.34388463960634,30064.685504562352,1070.401959824736,40060.867098596216
193.69999999999328,VALID,30.255277932029745,78.34393143547301,30039.684226161757,1044.809950022438,40040.6680056869
193.79999999999328,VALID,30.255102668607787,78.34397823117257,30043.898260963877,1032.5218086605869,40043.69658216563
193.89999999999327,VALID,30.254927405169173,78.34402502670504,30061.177839368152,1072.3436780172988,40054.34676595683
193.99999999999326,VALID,30.254752141713904,78.3440718220704,30052.03235896986,1056.7299063780576,40034.19445874053
194.09999999999326,VALID,30.25457687824198,78.34411861726868,30041.54247506951,1058.0517505597006,40047.66946602828
194.19999999999325,VALID,30.2544016147534,78.34416541229986,30046.319249323813,1058.5421200007972,40030.93251167436
194.29999999999325,VALID,30.254226351248168,78.34421220716395,30061.67236066947,1041.879084409761,40055.63335768358
194.39999999999324,VALID,30.25405108772628,78.34425900186095,30050.006524812638,1057.2846644519875,40059.92337078999
194.49999999999324,VALID,30.253875824187737,78.34430579639086,30039.88053561371,1058.37340619917,40055.06455153327
194.59999999999323,VALID,30.25370056063254,78.34435259075367,30064.254382510146,1044.7187786344393,40061.8756607428
194.69999999999322,VALID,30.25352529706069,78.3443993849494,30057.286573413596,1045.5790138731593,40060.011351449255
194.79999999999322,VALID,30.253350033472188,78.34444617897805,30046.276809204308,1059.1319523622938,40048.99648660832
194.8999999999932,VALID,30.25317476986703,78.3444929728396,30051.081176572407,1050.6793642826442,40060.139879613955
194.9999999999932,VALID,30.25299950624522,78.34453976653408,30049.13280811036,1055.8070160255481,40055.996573392054
195.0999999999932,VALID,30.252824242606756,78.34458656006149,30041.407595220368,1059.239980372251,40064.72930476194
195.1999999999932,VALID,30.25264897895164,78.34463335342181,30055.107917302936,1054.0576404739131,40041.48195676505
195.2999999999932,VALID,30.25247371527987,78.34468014661506,30062.893104616607,1034.6613766642804,40051.44134896545
195.39999999999318,VALID,30.252298451591447,78.34472693964123,30065.498510941266,1043.1099733873286,40055.395367938196
195.49999999999318,VALID,30.25212318788637,78.34477373250033,30042.73687975858,1056.5848110121728,40035.84954994375
195.59999999999317,VALID,30.25194792416464,78.34482052519236,30045.87745886513,1043.6222426622753,40051.01542028659
195.69999999999317,VALID,30.25177266042626,78.34486731771732,30032.987879766963,1065.075301874728,40053.100656399314
195.79999999999316,VALID,30.251597396671226,78.34491411007521,30045.111614470043,1064.8901283411217,40049.76197363603
195.89999999999316,VALID,30.25142213289954,78.34496090226604,30052.564953580753,1052.882878376321,40065.90820038521
195.99999999999315,VALID,30.2512468691112,78.34500769428979,30051.575177835857,1039.3228568784957,40050.894242494476
196.09999999999314,VALID,30.25107160530621,78.34505448614648,30054.198325337777,1049.7416271382133,40043.50363772141
196.19999999999314,VALID,30.250896341484566,78.34510127783611,30041.918004909054,1033.0305470880141,40054.811368249124
196.29999999999313,VALID,30.250721077646272,78.34514806935869,30041.655036378757,1043.574760010967,40055.095189251355
196.39999999999313,VALID,30.250545813791327,78.3451948607142,30060.792143257684,1039.644158619924,40046.48708200872
196.49999999999312,VALID,30.25037054991973,78.34524165190265,30046.060559224246,1055.0585029886236,40039.59998765575
196.59999999999312,VALID,30.25019528603148,78.34528844292406,30041.977494668023,1054.2003907285264,40043.96753461454
196.6999999999931,VALID,30.250020022126584,78.3453352337784,30039.714171371303,1049.8882668029823,40040.8366822127
196.7999999999931,VALID,30.249844758205036,78.34538202446569,30047.264838573974,1062.8379765509994,40048.23320710019
196.8999999999931,VALID,30.249669494266836,78.34542881498594,30048.629210905467,1045.294677274921,40034.7877069868
196.9999999999931,VALID,30.249494230311985,78.34547560533913,30051.773079582043,1060.169154006701,40062.62597265468
197.0999999999931,VALID,30.249318966340486,78.34552239552528,30078.534210855534,1047.0454752673875,40052.017543810216
197.19999999999308,VALID,30.249143702352335,78.34556918554438,30038.999844458613,1068.519849699141,40059.91546937667
197.29999999999308,VALID,30.248968438347532,78.34561597539644,30059.607556863022,1055.9663869718736,40048.673065790485
197.39999999999307,VALID,30.24879317432608,78.34566276508146,30024.621263265377,1062.5006513357666,40056.67738741835
197.49999999999307,VALID,30.24861791028798,78.34570955459944,30052.576504306413,1041.7356044133116,40058.67519657803
197.59999999999306,VALID,30.24844264623323,78.34575634395037,30052.98689599405,1052.0055792255482,40038.93081315904
197.69999999999305,VALID,30.248267382161828,78.34580313313427,30038.780111409393,1049.105404723165,40048.938650913566
197.79999999999305,VALID,30.248092118073778,78.34584992215113,30039.599535478745,1067.3458901678728,40045.613800655
197.89999999999304,VALID,30.24791685396908,78.34589671100096,30049.34594461452,1052.6010138518009,40064.72126229675
197.99999999999304,VALID,30.24774158984773,78.34594349968376,30042.248609170263,1048.1429122015234,40037.254838550354
198.09999999999303,VALID,30.247566325709734,78.34599028819952,30060.488737500942,1054.2612514532793,40051.58495410349
198.19999999999303,VALID,30.24739106155509,78.34603707654824,30052.84392314001,1068.159726563896,40048.899273036
198.29999999999302,VALID,30.247215797383795,78.34608386472995,30044.161195221364,1044.2110944643362,40060.30968033444
198.399999999993,VALID,30.247040533195854,78.34613065274462,30055.88141072114,1054.8017518787651,40043.515608988346
198.499999999993,VALID,30.246865268991264,78.34617744059227,30055.464913895812,1056.0088012832264,40051.060529932634
198.599999999993,VALID,30.246690004770024,78.3462242282729,30048.6823339234,1054.7348316293012,40053.99526684771
198.699999999993,VALID,30.246514740532135,78.34627101578651,30045.20096526193,1046.8790332741958,40032.8480187468
198.799999999993,VALID,30.246339476277598,78.3463178031331,30055.9745830608,1048.9026133123907,40065.49540426484
198.89999999999299,VALID,30.246164212006416,78.34636459031267,30032.156668893105,1051.6959091335225,40055.92986895442
198.99999999999298,VALID,30.245988947718587,78.34641137732523,30043.01396827317,1054.8298553110862,40052.83190634119
199.09999999999297,VALID,30.24581368341411,78.34645816417076,30055.295122646232,1047.6666773138477,40018.23229875879
199.19999999999297,VALID,30.245638419092984,78.34650495084928,30050.808908490093,1050.9408691964672,40042.68817979019
199.29999999999296,VALID,30.24546315475521,78.34655173736078,30036.74704880518,1055.2294019845403,40053.96436569536
199.39999999999296,VALID,30.24528789040079,78.34659852370528,30065.79263420465,1041.9349695938697,40061.85519551518
199.49999999999295,VALID,30.245112626029723,78.34664530988277,30050.171067738065,1045.0372281855177,40054.99215352954
199.59999999999295,VALID,30.24493736164201,78.34669209589326,30058.76501944326,1044.7478771347357,40065.704075350724
199.69999999999294,VALID,30.24476209723765,78.34673888173674,30050.188114215933,1037.6693588351702,40038.613297313386
199.79999999999293,VALID,30.244586832816644,78.34678566741322,30060.719677348137,1044.4707103263565,40050.89037574206
199.89999999999293,VALID,30.24441156837899,78.34683245292268,30051.059537675003,1048.8756453377403,40059.793657062044
199.99999999999292,VALID,30.24423630392469,78.34687923826516,30045.18094651209,1038.903102479171,40026.985922901375
200.09999999999292,VALID,30.244061039453744,78.34692602344063,30048.815226778283,1047.3593889170713,40062.382573162286
200.1999999999929,VALID,30.243885774966152,78.34697280844911,30042.95896317207,1060.2321617608957,40047.10962682247
200.2999999999929,VALID,30.243710510461916,78.34701959329058,30067.206859301394,1040.2628949966036,40045.988480966866
200.3999999999929,VALID,30.243535245941032,78.34706637796506,30056.78627972707,1061.8843592517503,40058.439421373085
200.4999999999929,VALID,30.243359981403504,78.34711316247255,30036.648809781993,1060.8830082915256,40049.90700100295
200.5999999999929,VALID,30.24318471684933,78.34715994681305,30033.71875418704,1044.4118741769016,40046.51618205064
200.69999999999288,VALID,30.243009452278514,78.34720673098656,30042.00786538572,1063.0591741049016,40055.36881377824
200.79999999999288,VALID,30.242834187691052,78.34725351499307,30061.39381833347,1041.1979554678924,40033.299312287374
200.89999999999287,VALID,30.242658923086942,78.34730029883261,30054.521664397795,1050.3404704112165,40058.632344124664
200.99999999999287,VALID,30.24248365846619,78.34734708250515,30056.601506587755,1051.5588045067725,40058.0117965442
201.09999999999286,VALID,30.24230839382879,78.34739386601072,30050.766730603555,1052.0516563062215,40069.7846363411
201.19999999999285,VALID,30.242133129174746,78.3474406493493,30062.896882092453,1039.480657566473,40034.180306534596
201.29999999999285,VALID,30.24195786450406,78.3474874325209,30063.572882963286,1045.6359583359824,40048.68353168708
201.39999999999284,VALID,30.241782599816727,78.34753421552551,30045.118567502515,1053.2710064573876,40045.860965057334
201.49999999999284,VALID,30.24160733511275,78.34758099836316,30038.096527306112,1032.1501010575944,40026.08092907859
201.59999999999283,VALID,30.241432070392133,78.34762778103382,30039.458026892782,1062.2470671683054,40040.623053886695
201.69999999999283,VALID,30.24125680565487,78.34767456353752,30049.76491095327,1061.2149380677179,40063.13876591612
201.79999999999282,VALID,30.241081540900964,78.34772134587425,30044.429835820974,1057.1132320103395,40046.24491116479
201.89999999999281,VALID,30.240906276130413,78.347768128044,30030.615758396423,1059.5743862820248,40051.101294815904
201.9999999999928,VALID,30.24073101134322,78.34781491004678,30041.2294028473,1052.0600111295157,40053.33645441059
202.0999999999928,VALID,30.240555746539385,78.3478616918826,30051.665075167453,1040.318076991979,40048.25321387273
202.1999999999928,VALID,30.240380481718905,78.34790847355146,30053.05553557004,1057.5382093219737,40047.841023310284
202.2999999999928,VALID,30.240205216881783,78.34795525505334,30039.167770340326,1054.2435909265853,40062.3696673238
202.3999999999928,VALID,30.240029952028017,78.34800203638825,30044.044505812657,1055.0586931749228,40060.48269754354
202.49999999999278,VALID,30.23985468715761,78.34804881755622,30060.583467379663,1063.4463561076882,40052.83354595976
202.59999999999278,VALID,30.23967942227056,78.34809559855722,30064.077089748986,1063.5230359767584,40041.72583297648
202.69999999999277,VALID,30.239504157366866,78.34814237939126,30053.10029780268,1052.351835421044,40043.15472189361
202.79999999999276,VALID,30.239328892446533,78.34818916005835,30046.707938012387,1029.9202095238347,40057.10371006857
202.89999999999276,VALID,30.239153627509555,78.34823594055848,30058.488945103287,1061.5088838744998,40063.486822305495
202.99999999999275,VALID,30.238978362555937,78.34828272089166,30043.950587601215,1048.400173178951,40065.43605901624
203.09999999999275,VALID,30.238803097585677,78.34832950105789,30060.79665120515,1042.6246137003159,40026.396007852956
203.19999999999274,VALID,30.238627832598777,78.34837628105717,30047.711442603464,1039.315047560089,40050.626456187034
203.29999999999274,VALID,30.238452567595235,78.3484230608895,30059.70880385993,1035.52870616646,40052.74819459011
203.39999999999273,VALID,30.23827730257505,78.34846984055488,30037.842321103624,1074.8240437062607,40050.51593670462
203.49999999999272,VALID,30.238102037538223,78.34851662005332,30054.751731163415,1039.5595654079298,40028.6724442452
203.59999999999272,VALID,30.237926772484755,78.3485633993848,30040.4115268574,1040.4327090830277,40061.726228698404
203.6999999999927,VALID,30.237751507414647,78.34861017854935,30038.52437694521,1058.269988562241,40054.21480356421
203.7999999999927,VALID,30.237576242327897,78.34865695754696,30048.884559087706,1025.1354786702082,40044.50338910069
203.8999999999927,VALID,30.237400977224507,78.34870373637763,30059.7074262617,1055.373041518509,40051.49577470735
203.9999999999927,VALID,30.237225712104475,78.34875051504136,30035.63094796149,1051.2603613518463,40052.537045471014
204.0999999999927,VALID,30.237050446967807,78.34879729353815,30045.13878139578,1054.3313516950132,40042.89710051945
204.19999999999268,VALID,30.236875181814497,78.34884407186802,30029.92240999379,1043.567744041425,40043.09690377715
204.29999999999268,VALID,30.236699916644547,78.34889085003094,30062.19005333387,1057.1949682718962,40049.494385375714
204.39999999999267,VALID,30.236524651457955,78.34893762802693,30044.53230714034,1055.5823664207214,40064.94135212642
204.49999999999267,VALID,30.236349386254727,78.348984405856,30040.329397003592,1043.6087861905635,40061.507617236624
204.59999999999266,VALID,30.236174121034857,78.34903118351814,30054.808395585314,1045.6154514592008,40061.552659162175
204.69999999999266,VALID,30.235998855798346,78.34907796101335,30055.515996017948,1040.571879958973,40052.7466461973
204.79999999999265,VALID,30.2358235905452,78.34912473834163,30049.928081626884,1066.5267037919198,40056.07396407115
204.89999999999264,VALID,30.23564832527541,78.34917151550299,30054.83509712622,1051.333009061475,40055.20964842245
204.99999999999264,VALID,30.235473059988983,78.34921829249743,30036.108554701183,1035.45592346467,40053.893446777445
205.09999999999263,VALID,30.235297794685916,78.34926506932494,30053.9972428662,1045.9651788163787,40030.01912829198
205.19999999999263,VALID,30.235122529366212,78.34931184598554,30039.122149460927,1055.378153945243,40051.26895933574
205.29999999999262,VALID,30.23494726402987,78.34935862247923,30043.586391486395,1040.710110301254,40052.66481251668
205.39999999999262,VALID,30.234771998676887,78.349405398806,30048.49151519984,1048.4065764563559,40044.95648237812
205.4999999999926,VALID,30.234596733307267,78.34945217496585,30051.50255312461,1052.8270391800013,40043.736646804005
205.5999999999926,VALID,30.23442146792101,78.34949895095879,30066.626856935276,1044.1122105267143,40051.66314080719
205.6999999999926,VALID,30.23424620251811,78.34954572678483,30034.48432761803,1040.0102970766252,40059.20462044784
205.7999999999926,VALID,30.234070937098576,78.34959250244394,30057.26395543794,1052.1467386296658,40043.27462713998
205.8999999999926,VALID,30.233895671662403,78.34963927793615,30053.536342143485,1040.070591398934,40060.700437800944
205.99999999999258,VALID,30.233720406209592,78.34968605326145,30023.71063746524,1046.1499737441784,40042.027593859195
206.09999999999258,VALID,30.233545140740144,78.34973282841985,30062.948718294952,1048.020227597429,40062.37378932837
206.19999999999257,VALID,30.23336987525406,78.34977960341135,30064.456439102367,1054.5476249067128,40033.620225384686
206.29999999999256,VALID,30.233194609751337,78.34982637823595,30042.461514952614,1045.0083624624588,40054.00498054641
206.39999999999256,VALID,30.233019344231977,78.34987315289364,30053.796385690348,1036.7040175347245,40057.84583050866
206.49999999999255,VALID,30.23284407869598,78.34991992738443,30039.852962174537,1046.461108295094,40052.57405099945
206.59999999999255,VALID,30.232668813143345,78.34996670170834,30048.702187850784,1065.6885427376385,40061.39355227624
206.69999999999254,VALID,30.232493547574073,78.35001347586534,30036.809646513888,1038.7427554235578,40061.49782213928
206.79999999999254,VALID,30.232318281988167,78.35006024985545,30051.132825157278,1056.2836391717813,40050.25082250955
206.89999999999253,VALID,30.232143016385624,78.35010702367866,30062.305522393945,1057.7165003834311,40057.86463028348
206.99999999999253,VALID,30.231967750766444,78.35015379733498,30043.232831126013,1056.0742981826609,40033.89785586697
207.09999999999252,VALID,30.23179248513063,78.35020057082443,30047.59241100528,1043.6456125252541,40042.232933658604
207.1999999999925,VALID,30.231617219478178,78.35024734414698,30040.632136721568,1029.9239488305977,40062.384087503204
207.2999999999925,VALID,30.23144195380909,78.35029411730264,30047.872140113734,1048.2275318454106,40055.01232414683
207.3999999999925,VALID,30.231266688123366,78.35034089029142,30060.651812135507,1063.368272644904,40045.68404722777
207.4999999999925,VALID,30.231091422421006,78.35038766311332,30051.87979024918,1040.9466238933658,40057.327941026604
207.5999999999925,VALID,30.230916156702012,78.35043443576834,30050.21047539886,1059.0910172681595,40058.2730060787
207.69999999999249,VALID,30.23074089096638,78.35048120825647,30057.816975664413,1055.3616558993692,40050.87031738772
207.79999999999248,VALID,30.230565625214115,78.35052798057772,30037.57310048441,1053.290740539529,40066.834325072516
207.89999999999247,VALID,30.230390359445217,78.3505747527321,30045.660976894942,1043.226261637335,40056.18054411711
207.99999999999247,VALID,30.23021509365968,78.3506215247196,30066.743051953206,1039.5894853812822,40025.84127292603
208.09999999999246,VALID,30.23003982785751,78.35066829654023,30043.85171271008,1050.9970582288993,40048.57203987228
208.19999999999246,VALID,30.229864562038706,78.35071506819399,30047.39702709393,1044.973267706133,40043.53126302329
208.29999999999245,VALID,30.229689296203265,78.35076183968089,30041.728183175303,1053.5998145684596,40055.72483797706
208.39999999999245,VALID,30.22951403035119,78.3508086110009,30034.146696476975,1065.819066739435,40054.415064560955
208.49999999999244,VALID,30.22933876448248,78.35085538215405,30055.539689464727,1047.1713054689735,40052.54805249188
208.59999999999243,VALID,30.22916349859714,78.35090215314034,30038.763944255217,1065.834005386202,40064.14899732902
208.69999999999243,VALID,30.228988232695162,78.35094892395976,30047.604663688362,1036.8126314878325,40046.941565584864
208.79999999999242,VALID,30.22881296677655,78.35099569461232,30055.91293340233,1046.0620016578887,40042.04363521997
208.89999999999242,VALID,30.228637700841308,78.35104246509802,30051.60866663861,1041.2617813641987,40063.35250351904
208.9999999999924,VALID,30.22846243488943,78.35108923541685,30059.455179991626,1056.6379149589725,40042.921211433546
209.0999999999924,VALID,30.228287168920918,78.35113600556883,30052.06840645373,1061.0937541760456,40029.06883384728
209.1999999999924,VALID,30.228111902935773,78.35118277555395,30052.057195666064,1064.0622426580585,40068.11512747772
209.2999999999924,VALID,30.227936636933993,78.35122954537222,30040.49442156714,1052.7622169843778,40060.44321700213
209.3999999999924,VALID,30.227761370915584,78.35127631502364,30062.058386782315,1031.6034322260175,40029.90424165912
209.49999999999238,VALID,30.22758610488054,78.3513230845082,30051.542932629454,1054.9831539874701,40048.75430062873
209.59999999999238,VALID,30.227410838828863,78.3513698538259,30046.72139887467,1062.7802762487051,40064.77506574563
209.69999999999237,VALID,30.227235572760552,78.35141662297676,30044.078112665335,1051.5769748354783,40038.43122841183
209.79999999999237,VALID,30.22706030667561,78.35146339196078,30067.35493229045,1035.957598440005,40039.299088313266
209.89999999999236,VALID,30.226885040574036,78.35151016077795,30041.10188449286,1039.5152289606956,40062.77560503655
209.99999999999235,VALID,30.22670977445583,78.35155692942827,30073.21644168914,1052.606832809314,40046.639466742105
210.09999999999235,VALID,30.22653450832099,78.35160369791176,30057.21749048709,1040.9298010930697,40063.37757067247
210.19999999999234,VALID,30.226359242169522,78.35165046622839,30049.6354810999,1054.2055695894708,40043.08741591321
210.29999999999234,VALID,30.22618397600142,78.3516972343782,30047.9557756836,1033.803768112151,40050.187180208224
210.39999999999233,VALID,30.226008709816686,78.35174400236116,30058.9025233202,1031.484594704529,40039.90166448701
210.49999999999233,VALID,30.22583344361532,78.35179077017729,30045.238458166128,1046.9033519804375,40049.09725520071
210.59999999999232,VALID,30.22565817739732,78.35183753782658,30049.549272788547,1052.837344393593,40049.6448929302
210.69999999999231,VALID,30.225482911162693,78.35188430530904,30033.180780171264,1053.13701464766,40062.03422636406
210.7999999999923,VALID,30.22530764491143,78.35193107262467,30052.58066145194,1032.2653523438264,40052.32317253791
210.8999999999923,VALID,30.22513237864354,78.35197783977345,30054.753473703044,1040.1074960522346,40050.76188957532
210.9999999999923,VALID,30.224957112359018,78.35202460675542,30062.764367275035,1066.1738652036875,40051.26503675792
211.0999999999923,VALID,30.224781846057866,78.35207137357055,30055.074503315165,1048.3488634208788,40045.901500890664
211.1999999999923,VALID,30.224606579740083,78.35211814021886,30063.85001073811,1059.6245909111474,40056.17001462383
211.29999999999228,VALID,30.224431313405667,78.35216490670035,30044.734553154205,1064.6725882205715,40060.40465451305
211.39999999999227,VALID,30.22425604705462,78.35221167301502,30037.08322452544,1060.885899182624,40051.683057189824
211.49999999999227,VALID,30.224080780686943,78.35225843916287,30052.784776309432,1029.829331233718,40035.368517506184
211.59999999999226,VALID,30.223905514302636,78.35230520514389,30059.89518851174,1042.3301049336178,40058.12448965458
211.69999999999226,VALID,30.2237302479017,78.3523519709581,30036.72840626262,1035.2475505885118,40069.10754890726
211.79999999999225,VALID,30.223554981484135,78.35239873660548,30059.093984525425,1048.716402299156,40052.23710228762
211.89999999999225,VALID,30.22337971504994,78.35244550208606,30042.91404777246,1053.5600188714573,40061.794300811904
211.99999999999224,VALID,30.223204448599116,78.35249226739981,30045.845270110036,1054.8563005925378,40033.07783573468
212.09999999999224,VALID,30.22302918213166,78.35253903254676,30068.015299981445,1060.045833079344,40049.69999425361
212.19999999999223,VALID,30.222853915647576,78.35258579752688,30046.655719251823,1064.1100485398044,40044.95231692259
212.29999999999222,VALID,30.222678649146864,78.3526325623402,30053.69753483295,1046.8611597247318,40040.77267436651
212.39999999999222,VALID,30.222503382629522,78.35267932698672,30060.3883447862,1045.8778940701138,40054.64192382049
212.4999999999922,VALID,30.22232811609555,78.35272609146642,30046.526804906254,1048.6553070075493,40048.28949471588
212.5999999999922,VALID,30.22215284954495,78.35277285577932,30043.451373122447,1057.3331236848044,40049.13214340901
212.6999999999922,VALID,30.221977582977722,78.35281961992543,30058.627411719815,1057.468230159489,40062.222831252235
212.7999999999922,VALID,30.221802316393866,78.35286638390473,30045.084782001693,1056.637073714601,40048.25599084426
212.8999999999922,VALID,30.22162704979338,78.35291314771723,30049.776231887226,1042.8556846240738,40045.25553696102
212.99999999999218,VALID,30.221451783176267,78.35295991136293,30056.301559347226,1046.5800392407791,40042.70525621749
213.09999999999218,VALID,30.221276516542524,78.35300667484184,30058.48300280863,1053.5681745004056,40037.81475178511
213.19999999999217,VALID,30.221101249892154,78.35305343815395,30051.05713834657,1061.2822024807847,40060.962040144994
213.29999999999217,VALID,30.220925983225154,78.35310020129927,30044.62842269616,1038.8928189056946,40046.344398839035
213.39999999999216,VALID,30.220750716541527,78.3531469642778,30063.440784218394,1057.4373489848406,40027.0630617733
213.49999999999216,VALID,30.220575449841274,78.35319372708953,30058.587497994027,1027.8216735283736,40069.3256883402
213.59999999999215,VALID,30.22040018312439,78.35324048973447,30058.453604330094,1046.0541726004453,40051.06949313167
213.69999999999214,VALID,30.22022491639088,78.35328725221262,30056.610165564816,1045.0658435695816,40054.63529115613
213.79999999999214,VALID,30.220049649640742,78.353334014524,30048.70455584075,1047.491920635595,40065.25018814715
213.89999999999213,VALID,30.21987438287398,78.35338077666857,30029.61235462691,1050.4703701070891,40036.06919644868
213.99999999999213,VALID,30.219699116090588,78.35342753864637,30048.178946959284,1042.918917090259,40075.462792460385
214.09999999999212,VALID,30.21952384929057,78.35347430045739,30044.85776634837,1048.630163436573,40043.81576307699
214.19999999999212,VALID,30.219348582473927,78.35352106210162,30058.89394602952,1044.8985537831531,40043.45011205166
214.2999999999921,VALID,30.219173315640656,78.35356782357907,30068.703917320505,1057.8093787726998,40052.68967668912
214.3999999999921,VALID,30.21899804879076,78.35361458488974,30074.12382170507,1043.669976287656,40041.87401454561
214.4999999999921,VALID,30.218822781924235,78.35366134603365,30042.065076175797,1062.0315252844248,40043.811778057956
214.5999999999921,VALID,30.218647515041084,78.35370810701077,30061.902519074047,1043.705848702681,40031.85339913759
214.6999999999921,VALID,30.218472248141307,78.35375486782112,30041.98378996305,1052.871439045938,40061.92312235689
214.79999999999208,VALID,30.218296981224903,78.35380162846471,30063.01341465986,1053.6641312686097,40056.8408461604
214.89999999999208,VALID,30.218121714291872,78.35384838894151,30023.55574858607,1052.6266594556575,40050.385389933144
214.99999999999207,VALID,30.217946447342218,78.35389514925156,30046.910259877273,1043.3409996780738,40058.79726744929
215.09999999999206,VALID,30.217771180375937,78.35394190939483,30061.392573134057,1069.6458745761072,40048.05241518952
215.19999999999206,VALID,30.21759591339303,78.35398866937135,30042.03944432837,1068.8524789395758,40046.79583605638
215.29999999999205,VALID,30.2174206463935,78.3540354291811,30044.793951870935,1036.127971055642,40054.20117068506
215.39999999999205,VALID,30.217245379377342,78.35408218882408,30056.056984549483,1058.4359064038983,40052.2311505307
215.49999999999204,VALID,30.217070112344558,78.3541289483003,30055.441233001675,1055.542931136086,40055.14385438243
215.59999999999204,VALID,30.21689484529515,78.35417570760976,30061.784338962345,1058.5247275569754,40051.88802474631
215.69999999999203,VALID,30.216719578229117,78.35422246675246,30044.627749235882,1058.0295415553023,40044.2285636042
215.79999999999202,VALID,30.21654431114646,78.3542692257284,30048.523302422796,1042.8378559057942,40071.329259577215
215.89999999999202,VALID,30.216369044047177,78.35431598453759,30040.28828166094,1056.6391916103635,40056.762879796726
215.999999999992,VALID,30.21619377693127,78.35436274318003,30058.762211175926,1049.603836354557,40050.83890698665
216.099999999992,VALID,30.21601850979874,78.35440950165572,30048.03175611897,1022.8196957590594,40042.357639642745
216.199999999992,VALID,30.215843242649584,78.35445625996465,30063.640254817987,1041.8374947339694,40051.35014612352
216.299999999992,VALID,30.215667975483804,78.35450301810684,30076.375896338257,1040.3182522930886,40044.95369001113
216.399999999992,VALID,30.2154927083014,78.35454977608228,30047.479389998753,1030.0153496644111,40041.31733322922
216.49999999999199,VALID,30.21531744110237,78.35459653389097,30035.713467346668,1055.4389339305585,40047.529049465156
216.59999999999198,VALID,30.21514217388672,78.35464329153291,30028.674881831255,1058.1013650573313,40059.72093316286
216.69999999999197,VALID,30.214966906654443,78.35469004900811,30046.38303470907,1059.4671396652755,40055.87370758242
216.79999999999197,VALID,30.214791639405544,78.35473680631657,30040.856268861193,1052.8124579167513,40051.84696227725
216.89999999999196,VALID,30.21461637214002,78.35478356345828,30041.64866803596,1039.7337397569318,40054.0790665685
216.99999999999196,VALID,30.214441104857876,78.35483032043327,30073.067114013655,1049.6271599486306,40052.102936325056
217.09999999999195,VALID,30.214265837559108,78.35487707724151,30039.45552933136,1047.4044819208011,40047.97666831314
217.19999999999195,VALID,30.214090570243716,78.35492383388302,30046.23269370556,1043.4418581537373,40049.513393072455
217.29999999999194,VALID,30.2139153029117,78.3549705903578,30044.370392210883,1062.4145409220841,40070.498875150755
217.39999999999193,VALID,30.213740035563063,78.35501734666583,30042.386626458192,1046.3639074590924,40054.33588414808
217.49999999999193,VALID,30.213564768197802,78.35506410280713,30055.83084013065,1042.3651483959356,40044.29162764812
217.59999999999192,VALID,30.213389500815918,78.35511085878171,30055.86611084292,1033.6167431583617,40072.15055367629
217.69999999999192,VALID,30.21321423341741,78.35515761458956,30053.014479723708,1046.95895254871,40048.49664637218
217.7999999999919,VALID,30.21303896600228,78.35520437023068,30039.266100079876,1068.0250804524592,40049.16098744868
217.8999999999919,VALID,30.21286369857053,78.35525112570507,30045.649128672794,1067.570210354475,40060.31944354498
217.9999999999919,VALID,30.212688431122157,78.35529788101273,30048.05568710443,1054.3624710473007,40046.67841729966
218.0999999999919,VALID,30.21251316365716,78.35534463615367,30046.377903654306,1047.7903795552922,40052.97429652456
218.1999999999919,VALID,30.212337896175544,78.3553913911279,30060.948864721588,1069.7753597714445,40028.27424503161
218.29999999999188,VALID,30.212162628677305,78.3554381459354,30073.223319285833,1060.2435182402587,40050.165287135824
218.39999999999188,VALID,30.211987361162443,78.35548490057619,30045.69952690563,1031.3191522294464,40061.94422250796
218.49999999999187,VALID,30.21181209363096,78.35553165505026,30039.054178923667,1056.5185357427206,40045.8527278712
218.59999999999187,VALID,30.211636826082856,78.3555784093576,30033.742736256896,1054.184166724359,40054.86346670148
218.69999999999186,VALID,30.21146155851813,78.35562516349825,30040.64202372254,1058.593944383875,40068.05413634321
218.79999999999185,VALID,30.211286290936783,78.35567191747218,30054.906502735193,1054.3139215334145,40042.6619755661
218.89999999999185,VALID,30.211111023338816,78.35571867127939,30039.60631943122,1045.9390650262992,40050.690023609015
218.99999999999184,VALID,30.210935755724226,78.3557654249199,30050.117481958867,1048.011066841056,40074.91742767558
219.09999999999184,VALID,30.210760488093015,78.35581217839369,30055.711358731092,1040.2369434101104,40037.99419786118
219.19999999999183,VALID,30.210585220445186,78.35585893170078,30032.61434708883,1039.904553454358,40055.78723133938
219.29999999999183,VALID,30.210409952780733,78.35590568484116,30047.147580658188,1043.071431252049,40055.89625163599
219.39999999999182,VALID,30.21023468509966,78.35595243781484,30055.49212838028,1053.713964774121,40049.86770056853
219.49999999999181,VALID,30.21005941740197,78.35599919062182,30049.632509538988,1036.8139005435073,40031.547787845695
219.5999999999918,VALID,30.209884149687657,78.35604594326209,30041.935798593895,1042.1132221181917,40041.81055596482
219.6999999999918,VALID,30.209708881956725,78.35609269573567,30048.267889830608,1045.25954920226,40036.95397538711
219.7999999999918,VALID,30.20953361420917,78.35613944804254,30048.971121903385,1053.3600162751984,40045.07455259707
219.8999999999918,VALID,30.209358346444997,78.35618620018272,30058.190690460113,1053.1545708391004,40053.89446683627
219.9999999999918,VALID,30.209183078664203,78.3562329521562,30046.264585710287,1054.13473317899,40056.824886492184
220.09999999999178,VALID,30.20900781086679,78.356279703963,30030.707602385213,1060.6829305002423,40044.8885270733
220.19999999999177,VALID,30.208832543052758,78.3563264556031,30056.506181883316,1026.936609284447,40045.65861815923
220.29999999999177,VALID,30.208657275222105,78.3563732070765,30033.009914797854,1048.5159692188915,40051.814594270116
220.39999999999176,VALID,30.208482007374833,78.35641995838323,30054.06973697529,1050.2068793456506,40037.47468300366
220.49999999999176,VALID,30.20830673951094,78.35646670952326,30063.02730285834,1036.5472516317366,40046.63688305302
220.59999999999175,VALID,30.20813147163043,78.3565134604966,30042.23269402702,1043.9746481394416,40035.969038410825
220.69999999999175,VALID,30.207956203733303,78.35656021130326,30060.85603539677,1057.4611540970795,40050.716276124025
220.79999999999174,VALID,30.207780935819557,78.35660696194324,30048.556649492308,1040.4002843217763,40048.899211844764
220.89999999999173,VALID,30.20760566788919,78.35665371241653,30040.919733971135,1050.8641506206427,40053.93728569633
220.99999999999173,VALID,30.207430399942204,78.35670046272314,30047.528581520564,1053.989990797887,40055.835920025485
221.09999999999172,VALID,30.2072551319786,78.35674721286307,30058.04674549019,1069.7475400043295,40035.72311743654
221.19999999999172,VALID,30.207079863998377,78.35679396283632,30037.661642433293,1037.835046293723,40048.022076910915
221.2999999999917,VALID,30.206904596001536,78.35684071264289,30034.055297700594,1044.6957124220778,40058.380822517094
221.3999999999917,VALID,30.206729327988075,78.3568874622828,30057.29253792158,1066.3954206519502,40058.53641325079
221.4999999999917,VALID,30.206554059958,78.35693421175603,30060.13011041756,1044.7102981189328,40046.41940485983
221.5999999999917,VALID,30.206378791911302,78.35698096106258,30058.788688799366,1058.5858835079957,40030.83647413456
221.6999999999917,VALID,30.20620352384799,78.35702771020246,30036.114131687944,1040.2214614764175,40041.400274259
221.79999999999168,VALID,30.206028255768057,78.35707445917568,30063.173727907437,1068.059195180514,40053.29931296423
221.89999999999168,VALID,30.20585298767151,78.35712120798222,30053.407114272446,1069.4194598341137,40054.486897637194
221.99999999999167,VALID,30.20567771955834,78.35716795662209,30055.590430884706,1053.7270572429347,40053.74321212787
222.09999999999167,VALID,30.205502451428558,78.3572147050953,30063.490996025783,1057.263480596265,40050.85364070242
222.19999999999166,VALID,30.205327183282154,78.35726145340185,30046.06860105249,1052.600489771342,40033.37317424688
222.29999999999166,VALID,30.205151915119135,78.35730820154174,30054.60726973533,1051.2609334982164,40053.207892336344
222.39999999999165,VALID,30.2049766469395,78.35735494951497,30038.432608398718,1054.6872159310637,40051.83081417468
222.49999999999164,VALID,30.204801378743248,78.35740169732154,30049.929922973606,1053.7018687856284,40041.703502104545
222.59999999999164,VALID,30.204626110530377,78.35744844496145,30035.436320947087,1054.540971683934,40027.982492591946
222.69999999999163,VALID,30.20445084230089,78.3574951924347,30055.950300966928,1070.6754584836888,40053.708149115366
222.79999999999163,VALID,30.204275574054787,78.3575419397413,30058.53690039344,1066.2771708675496,40060.44195784803
222.89999999999162,VALID,30.204100305792068,78.35758868688124,30072.770196274367,1041.2885982150535,40046.58782899548
222.99999999999162,VALID,30.20392503751273,78.35763543385453,30054.83327110358,1033.850872070134,40049.93562683018
223.0999999999916,VALID,30.203749769216774,78.35768218066116,30050.6674634368,1062.9791373000196,40060.67228530569
223.1999999999916,VALID,30.203574500904203,78.35772892730114,30057.662615999718,1056.967587908515,40050.61379462747
223.2999999999916,VALID,30.203399232575016,78.35777567377448,30052.921869210433,1057.5947307605152,40060.117161828166
223.3999999999916,VALID,30.203223964229213,78.35782242008118,30042.809497384013,1054.495871149748,40049.246742921256
223.4999999999916,VALID,30.203048695866794,78.35786916622122,30052.655471499093,1061.5439636047317,40047.49367205303
223.59999999999158,VALID,30.20287342748776,78.35791591219463,30040.780146239395,1040.8900346835912,40044.26825333231
223.69999999999158,VALID,30.202698159092108,78.35796265800138,30056.095143930732,1048.3427505423292,40044.01957553623
223.79999999999157,VALID,30.20252289067984,78.3580094036415,30057.727712901928,1051.5995525144783,40057.00572065558
223.89999999999156,VALID,30.202347622250958,78.35805614911499,30071.930121598627,1068.812575006348,40053.4485186755
223.99999999999156,VALID,30.202172353805462,78.35810289442182,30053.389032646926,1061.1366415149787,40062.77897694798
224.09999999999155,VALID,30.20199708534335,78.35814963956201,30046.41849140693,1037.7497120027554,40058.6294447229
224.19999999999155,VALID,30.201821816864623,78.35819638453557,30052.25087135032,1056.1018754464294,40055.428962358106
224.29999999999154,VALID,30.20164654836928,78.3582431293425,30043.015737089943,1044.8994736766938,40060.71314951524
224.39999999999154,VALID,30.201471279857323,78.3582898739828,30048.38446572332,1042.1845631991623,40047.24625974667
224.49999999999153,VALID,30.20129601132875,78.35833661845646,30053.976461337785,1044.8978256856667,40067.37390342276
224.59999999999152,VALID,30.201120742783562,78.35838336276349,30058.12348513171,1035.0977903299397,40052.29536101918
224.69999999999152,VALID,30.200945474221758,78.3584301069039,30065.68925791382,1082.9628054171621,40045.29217844493
224.7999999999915,VALID,30.20077020564334,78.35847685087766,30050.247269075087,1036.4365112649252,40055.562513891455
224.8999999999915,VALID,30.200594937048308,78.35852359468481,30054.788380676753,1052.8320804464563,40039.157715865644
224.9999999999915,VALID,30.200419668436663,78.35857033832534,30057.812586264485,1068.281696335218,40063.58707802357
225.0999999999915,VALID,30.2002443998084,78.35861708179924,30053.622486371576,1049.4926461983562,40058.98323462095
225.1999999999915,VALID,30.200069131163527,78.35866382510652,30048.58919839773,1024.709305601867,40032.821559429445
225.29999999999148,VALID,30.199893862502037,78.35871056824718,30063.682216542853,1063.302763422556,40048.746032905445
225.39999999999148,VALID,30.199718593823935,78.35875731122121,30042.01769278612,1046.9972137877724,40037.13924138483
225.49999999999147,VALID,30.199543325129216,78.35880405402862,30047.46068840055,1067.4699432371144,40043.744045323954
225.59999999999147,VALID,30.199368056417885,78.35885079666943,30042.056028644507,1036.5606757327303,40052.05711485986
225.69999999999146,VALID,30.199192787689938,78.35889753914361,30040.500962418875,1056.5042008767234,40046.91403011041
225.79999999999146,VALID,30.19901751894538,78.35894428145119,30066.81308978687,1055.913189361721,40054.77018379955
225.89999999999145,VALID,30.198842250184207,78.35899102359214,30035.931816721346,1050.241002154946,40053.037801863546
225.99999999999145,VALID,30.198666981406422,78.35903776556648,30053.42866546618,1053.554068724636,40051.22562876838
226.09999999999144,VALID,30.19849171261202,78.35908450737422,30038.322854543298,1025.9319024821593,40038.83828449486
226.19999999999143,VALID,30.19831644380101,78.35913124901535,30060.13934451057,1058.0033593406397,40061.42369774701
226.29999999999143,VALID,30.198141174973383,78.35917799048987,30053.28119818128,1052.2703242376592,40050.17278207367
226.39999999999142,VALID,30.197965906129145,78.35922473179778,30032.91769349097,1051.781738285685,40043.52407214588
226.49999999999142,VALID,30.19779063726829,78.35927147293908,30043.909075921958,1040.1173000082258,40049.32803531574
226.5999999999914,VALID,30.197615368390824,78.3593182139138,30059.15151440031,1057.9975190890812,40040.2920324504
226.6999999999914,VALID,30.197440099496745,78.3593649547219,30052.422459733567,1049.256095017417,40029.887999114086
226.7999999999914,VALID,30.197264830586054,78.3594116953634,30059.401336060688,1043.530283617509,40055.80356770444
226.8999999999914,VALID,30.19708956165875,78.3594584358383,30042.08869240931,1057.779534796135,40062.48397694668
226.9999999999914,VALID,30.196914292714833,78.35950517614661,30052.614753615162,1055.4313073603582,40043.46488990378
227.09999999999138,VALID,30.196739023754304,78.35955191628832,30046.82981210761,1038.8107238219848,40060.52706099947
227.19999999999138,VALID,30.196563754777163,78.35959865626344,30061.863488228035,1045.201637013603,40050.37900671968
227.29999999999137,VALID,30.19638848578341,78.35964539607197,30043.332714708067,1036.9097183590795,40044.85262732264
227.39999999999137,VALID,30.196213216773042,78.3596921357139,30038.027981153613,1030.5950499160197,40052.95967722596
227.49999999999136,VALID,30.196037947746063,78.35973887518924,30040.043157889166,1049.5815326492138,40023.42151316957
227.59999999999135,VALID,30.195862678702472,78.35978561449798,30050.886897213695,1043.0787732445967,40043.746568356175
227.69999999999135,VALID,30.19568740964227,78.35983235364013,30058.705084190766,1048.7768683779557,40052.99128670879
227.79999999999134,VALID,30.19551214056546,78.3598790926157,30050.53460245194,1054.8120210357883,40042.08446266669
227.89999999999134,VALID,30.195336871472033,78.35992583142468,30049.883501439566,1047.6676018397195,40057.08904682166
227.99999999999133,VALID,30.195161602361996,78.35997257006707,30044.23548511482,1057.533189936724,40055.283818254626
228.09999999999133,VALID,30.19498633323535,78.36001930854289,30044.189421780087,1057.2653071136608,40046.00785038477
228.19999999999132,VALID,30.19481106409209,78.36006604685213,30043.599696814385,1041.9936993778158,40039.25488193665
228.29999999999131,VALID,30.194635794932218,78.36011278499478,30053.1126702669,1048.035295251088,40046.93028196607
228.3999999999913,VALID,30.194460525755733,78.36015952297086,30058.541207900846,1058.8167433707483,40051.09760782422
228.4999999999913,VALID,30.19428525656264,78.36020626078036,30030.64651891094,1054.8514279620317,40030.41208027908
228.5999999999913,VALID,30.194109987352935,78.36025299842328,30041.07418488415,1048.3916204301283,40065.3470294946
228.6999999999913,VALID,30.19393471812662,78.36029973589962,30025.182481853783,1034.6866713298416,40042.84592602869
228.7999999999913,VALID,30.193759448883693,78.36034647320938,30056.91210055611,1033.6787637485388,40041.9993941714
228.89999999999128,VALID,30.193584179624153,78.36039321035257,30062.12819124221,1058.8182479940447,40043.92079833433
228.99999999999127,VALID,30.193408910348005,78.36043994732918,30060.138206424515,1050.8517038387206,40040.93147366963
229.09999999999127,VALID,30.193233641055244,78.36048668413923,30042.86509538311,1043.7234363878251,40039.21296277443
229.19999999999126,VALID,30.193058371745874,78.36053342078272,30054.58842569628,1060.0997440134322,40035.59762795492
229.29999999999126,VALID,30.19288310241989,78.36058015725963,30056.66367860253,1039.5550010045808,40049.274209578194
229.39999999999125,VALID,30.1927078330773,78.36062689356997,30053.035267332354,1060.1382586436175,40049.75965695396
229.49999999999125,VALID,30.1925325637181,78.36067362971374,30052.487656853024,1066.2929518990932,40066.15252908698
229.59999999999124,VALID,30.192357294342287,78.36072036569097,30060.531637904165,1057.5047693550557,40055.08189436372
229.69999999999123,VALID,30.192182024949865,78.36076710150162,30066.392551883535,1057.3729929606943,40043.22130145955
229.79999999999123,VALID,30.192006755540834,78.36081383714571,30051.061926512408,1054.1081538177734,40036.07277450665
229.89999999999122,VALID,30.19183148611519,78.36086057262324,30044.221143100844,1067.1073749182701,40038.62957996041
229.99999999999122,VALID,30.19165621667294,78.36090730793421,30055.098677833532,1053.1305009324112,40059.65057243627
230.0999999999912,VALID,30.191480947214078,78.36095404307862,30042.228265643957,1042.2317928058785,40050.53244703496
230.1999999999912,VALID,30.191305677738605,78.36100077805648,30043.710859310344,1065.4829818176854,40051.818064160114
230.2999999999912,VALID,30.191130408246522,78.36104751286778,30058.530633393904,1040.0385324614415,40055.90216073086
230.3999999999912,VALID,30.19095513873783,78.36109424751253,30074.896093184703,1049.4507540013904,40038.790363864806
230.4999999999912,VALID,30.19077986921253,78.36114098199072,30061.38651067185,1045.2552749336292,40037.115410645056
230.59999999999118,VALID,30.19060459967062,78.36118771630235,30038.723561255785,1038.1816565936747,40055.227100109085
230.69999999999118,VALID,30.190429330112103,78.36123445044744,30041.500668687313,1041.3107476884716,40046.279968067916
230.79999999999117,VALID,30.190254060536972,78.36128118442599,30054.258515581816,1058.9014601653273,40062.32863819597
230.89999999999117,VALID,30.190078790945233,78.36132791823799,30046.678313394124,1060.1631677026562,40042.12621052679
230.99999999999116,VALID,30.189903521336884,78.36137465188344,30067.106933661475,1056.2015656693106,40052.65721430129
231.09999999999116,VALID,30.189728251711927,78.36142138536235,30034.117965431476,1059.7409835105134,40045.321643009935
231.19999999999115,VALID,30.18955298207036,78.36146811867471,30043.88641480836,1041.791142910394,40043.93825734636
231.29999999999114,VALID,30.189377712412185,78.36151485182053,30054.93579989706,1054.2726730873376,40050.5195740768
231.39999999999114,VALID,30.1892024427374,78.3615615847998,30068.731991120618,1037.5126549015167,40052.860559027715
231.49999999999113,VALID,30.189027173046007,78.36160831761254,30036.716713274425,1055.6362735408493,40055.73365704827
231.59999999999113,VALID,30.188851903338005,78.36165505025873,30051.35763461895,1055.0611084194024,40055.845800571165
231.69999999999112,VALID,30.188676633613394,78.3617017827384,30054.839742585114,1036.1595370445336,40058.774524443405
231.79999999999112,VALID,30.188501363872174,78.36174851505152,30067.487756911043,1061.237216037199,40047.39809764147
231.8999999999911,VALID,30.188326094114345,78.3617952471981,30069.660047049954,1052.4721894952775,40061.72374950355
231.9999999999911,VALID,30.18815082433991,78.36184197917815,30056.827394658416,1064.427885523142,40034.078121168444
232.0999999999911,VALID,30.187975554548867,78.36188871099166,30042.07236394613,1055.242718617557,40047.609725920294
232.1999999999911,VALID,30.187800284741215,78.36193544263865,30046.36461087752,1065.0384687884705,40044.388823211884
232.2999999999911,VALID,30.187625014916954,78.3619821741191,30053.092629897732,1053.7652509525428,40047.73672465533
232.39999999999108,VALID,30.187449745076083,78.36202890543304,30026.86350253234,1031.3850426723461,40047.4153977842
232.49999999999108,VALID,30.187274475218608,78.36207563658043,30072.010989384675,1042.7983940341976,40049.763936421834
232.59999999999107,VALID,30.187099205344524,78.3621223675613,30070.778680686195,1050.3822594150593,40055.09300351117
232.69999999999106,VALID,30.18692393545383,78.36216909837565,30053.116515237925,1041.6232584677002,40041.4211661891
232.79999999999106,VALID,30.186748665546528,78.36221582902347,30044.97539043148,1049.9250608663706,40042.6640833493
232.89999999999105,VALID,30.18657339562262,78.36226255950477,30045.060524121403,1052.6006732004741,40061.99547223234
232.99999999999105,VALID,30.186398125682103,78.36230928981955,30073.598955793484,1042.8864955416377,40052.84359334478
233.09999999999104,VALID,30.186222855724978,78.3623560199678,30040.176479537942,1043.810652254869,40032.79748501756
233.19999999999104,VALID,30.186047585751247,78.36240274994954,30067.2664079126,1045.7398490870664,40059.597120428014
233.29999999999103,VALID,30.185872315760907,78.36244947976475,30039.454484065096,1026.5506628564947,40067.0824571112
233.39999999999102,VALID,30.185697045753958,78.36249620941345,30033.843706336076,1039.6623711951659,40062.02739556101
233.49999999999102,VALID,30.185521775730404,78.36254293889563,30050.894775653098,1048.140090095105,40063.3493172469
233.599999999991,VALID,30.18534650569024,78.3625896682113,30047.174653852326,1058.0093597856733,40037.63374406017
233.699999999991,VALID,30.185171235633472,78.36263639736045,30064.273271055223,1044.4366279313522,40051.78702008811
233.799999999991,VALID,30.184995965560095,78.36268312634309,30042.816084742237,1041.865419352313,40047.20189032024
233.899999999991,VALID,30.184820695470112,78.36272985515922,30059.17360957343,1047.5512202531786,40051.94518696891
233.999999999991,VALID,30.18464542536352,78.36277658380884,30045.282984724814,1063.2387668356214,40035.34993766891
234.09999999999098,VALID,30.184470155240323,78.36282331229195,30033.234297101677,1064.1432743608657,40028.38715557575
234.19999999999098,VALID,30.184294885100517,78.36287004060856,30067.209374525926,1049.8488057887391,40054.34675751016
234.29999999999097,VALID,30.184119614944105,78.36291676875865,30053.23236186999,1043.4236680136146,40055.17837798284
234.39999999999097,VALID,30.183944344771085,78.36296349674224,30070.37372042345,1062.200093554729,40042.876749168
234.49999999999096,VALID,30.18376907458146,78.36301022455932,30062.398693347077,1038.2785031235837,40047.816534768266
234.59999999999096,VALID,30.183593804375224,78.36305695220989,30051.458174678766,1062.4370265681118,40036.148462718826
234.69999999999095,VALID,30.183418534152384,78.36310367969396,30060.50692024272,1045.8778026376954,40033.61507718858
234.79999999999094,VALID,30.18324326391294,78.36315040701153,30059.975482126723,1045.8360541879745,40029.96533334542
234.89999999999094,VALID,30.183067993656884,78.3631971341626,30057.967365998848,1033.1349063260486,40046.22069306997
234.99999999999093,VALID,30.182892723384224,78.36324386114718,30038.73517562947,1041.8924222064074,40060.889724875546
235.09999999999093,VALID,30.182717453094956,78.36329058796525,30056.349546245074,1034.9201538544307,40047.74574711738
235.19999999999092,VALID,30.18254218278908,78.36333731461683,30050.681705493254,1063.5646998873747,40054.60606748612
235.29999999999092,VALID,30.182366912466602,78.36338404110191,30037.89981554113,1037.0892204625184,40056.639298550435
235.3999999999909,VALID,30.182191642127517,78.3634307674205,30057.635808924984,1043.9926515528146,40043.738514215634
235.4999999999909,VALID,30.182016371771823,78.36347749357259,30055.09604672718,1052.89537376598,40023.699396078504
235.5999999999909,VALID,30.181841101399524,78.36352421955819,30047.28593793126,1058.2347220013457,40035.15864795118
235.6999999999909,VALID,30.18166583101062,78.3635709453773,30058.706814017554,1037.5217458721045,40052.322376897435
235.7999999999909,VALID,30.181490560605106,78.36361767102993,30041.540542981445,1033.8489953357823,40052.20908908297
235.89999999999088,VALID,30.181315290182987,78.36366439651606,30048.97733482904,1065.2171980637797,40058.31619302213
235.99999999999088,VALID,30.181140019744262,78.3637111218357,30034.117376206705,1053.2798492727845,40059.81321489672
236.09999999999087,VALID,30.180964749288933,78.36375784698886,30058.48614071757,1068.6040372730843,40069.532007029346
236.19999999999087,VALID,30.180789478816997,78.36380457197554,30042.934360594878,1053.8827255677056,40074.013480838905
236.29999999999086,VALID,30.180614208328453,78.36385129679572,30062.781476296033,1043.2953922979807,40034.75220096653
236.39999999999085,VALID,30.180438937823304,78.36389802144942,30034.43715145914,1056.5603397847703,40048.92404839449
236.49999999999085,VALID,30.18026366730155,78.36394474593664,30048.167056215578,1044.2028724698273,40041.39638916708
236.59999999999084,VALID,30.18008839676319,78.36399147025737,30056.165813070555,1049.7245186465334,40054.310456750034
236.69999999999084,VALID,30.179913126208223,78.36403819441163,30033.62726727189,1067.8982488906327,40061.78818006875
236.79999999999083,VALID,30.179737855636652,78.36408491839941,30060.706197114923,1029.3647212223068,40058.905258151965
236.89999999999083,VALID,30.179562585048476,78.36413164222071,30035.664174574897,1054.2914559641179,40061.62778377528
236.99999999999082,VALID,30.17938731444369,78.36417836587553,30060.716458092713,1057.262361480583,40068.527459123536
237.0999999999908,VALID,30.1792120438223,78.36422508936387,30051.65212673099,1041.9256412464792,40044.7216668865
237.1999999999908,VALID,30.179036773184304,78.36427181268574,30050.193498171295,1058.3876585117819,40039.37236015866
237.2999999999908,VALID,30.178861502529703,78.36431853584114,30058.152695600318,1049.7544278879136,40045.40189792922
237.3999999999908,VALID,30.178686231858496,78.36436525883006,30040.66039622863,1045.2854682439647,40053.05362476875
237.4999999999908,VALID,30.178510961170684,78.36441198165251,30048.05317673525,1057.5443907379158,40033.884225838396
237.59999999999079,VALID,30.178335690466266,78.36445870430849,30035.302377382333,1039.6306557281298,40061.09271949483
237.69999999999078,VALID,30.178160419745243,78.364505426798,30048.60907060982,1050.3742839494155,40055.91828629021
237.79999999999077,VALID,30.177985149007615,78.36455214912104,30056.562268613456,1044.6604461277773,40035.72746263859
237.89999999999077,VALID,30.17780987825338,78.36459887127761,30046.414990396974,1034.714103535854,40049.32905309077
237.99999999999076,VALID,30.177634607482542,78.36464559326771,30042.334927801974,1052.8747295894207,40051.96105108882
238.09999999999076,VALID,30.177459336695097,78.36469231509135,30046.36039810402,1056.3472622193135,40078.368553757195
238.19999999999075,VALID,30.177284065891048,78.36473903674852,30031.550170157803,1074.2671486529891,40040.27215932234
238.29999999999075,VALID,30.177108795070392,78.36478575823922,30036.455462953923,1040.3873633447145,40057.338809472
238.39999999999074,VALID,30.17693352423313,78.36483247956347,30052.15774046616,1043.7997578945185,40044.20261610323
238.49999999999073,VALID,30.176758253379266,78.36487920072126,30042.403847079833,1055.9153915298311,40062.54905718578
238.59999999999073,VALID,30.176582982508794,78.36492592171258,30047.44705061345,1043.2066938708756,40046.23823833324
238.69999999999072,VALID,30.176407711621717,78.36497264253745,30026.92418800718,1049.4566639132472,40053.829092613574
238.79999999999072,VALID,30.176232440718035,78.36501936319586,30046.30781597775,1044.9529926091516,40061.212165509554
238.8999999999907,VALID,30.176057169797748,78.36506608368781,30053.134020653117,1053.8766169597313,40055.03094047187
238.9999999999907,VALID,30.175881898860855,78.3651128040133,30051.43294712738,1063.1358748012565,40036.30425740449
239.0999999999907,VALID,30.175706627907356,78.36515952417233,30049.687731294212,1027.168394514698,40045.79541935201
239.1999999999907,VALID,30.175531356937253,78.36520624416491,30070.033279183277,1037.153816643827,40038.967938774585
239.2999999999907,VALID,30.175356085950543,78.36525296399103,30049.25187315506,1058.6329315276448,40056.80170922819
239.39999999999068,VALID,30.17518081494723,78.36529968365069,30044.562848245372,1066.9756737829155,40049.42007739972
239.49999999999068,VALID,30.17500554392731,78.3653464031439,30061.384582309787,1065.9342909148677,40040.16944231588
239.59999999999067,VALID,30.174830272890784,78.36539312247066,30035.050893870997,1055.358465968561,40051.86182044384
239.69999999999067,VALID,30.174655001837657,78.36543984163097,30050.34107889843,1052.681023103798,40048.99558113916
239.79999999999066,VALID,30.174479730767924,78.36548656062483,30065.61412767725,1019.8935418987677,40062.70833214594
239.89999999999065,VALID,30.174304459681586,78.36553327945225,30052.589424265785,1048.725524341199,40040.251088809506
239.99999999999065,VALID,30.174129188578643,78.36557999811322,30062.32335843082,1038.3951324893649,40051.08230699381
240.09999999999064,VALID,30.173953917459094,78.36562671660774,30061.37527635298,1033.4499880007502,40053.16088012053
240.19999999999064,VALID,30.17377864632294,78.36567343493581,30053.107872187447,1054.268225038513,40045.34895130732
240.29999999999063,VALID,30.17360337517018,78.36572015309744,30055.855495832588,1060.3859814254822,40046.995906591495
240.39999999999063,VALID,30.173428104000816,78.36576687109262,30070.834189654423,1038.6358422886876,40043.2138051121
240.49999999999062,VALID,30.173252832814846,78.36581358892136,30062.025839830312,1047.8331431487397,40040.63119151514
240.59999999999062,VALID,30.17307756161227,78.36586030658366,30045.534596490226,1065.145985643581,40057.938595045576
240.6999999999906,VALID,30.17290229039309,78.3659070240795,30040.736480437958,1031.267339979003,40064.92235416542
240.7999999999906,VALID,30.172727019157307,78.36595374140892,30052.456034367435,1045.773717860661,40040.92422751326
240.8999999999906,VALID,30.17255174790492,78.36600045857189,30029.27602274519,1036.7862522614266,40053.00319462997
240.9999999999906,VALID,30.172376476635925,78.36604717556843,30045.0629024475,1066.4548727617275,40059.18982293126
241.0999999999906,VALID,30.172201205350326,78.36609389239852,30044.077882410653,1040.7276691087686,40062.902056622224
241.19999999999058,VALID,30.172025934048122,78.36614060906219,30046.269315815745,1076.4359004370153,40050.96470795284
241.29999999999058,VALID,30.171850662729312,78.36618732555941,30036.350162416333,1029.5930217386212,40042.64498347322
241.39999999999057,VALID,30.171675391393897,78.3662340418902,30064.454005990534,1047.528751203136,40024.998276408296
241.49999999999056,VALID,30.171500120041877,78.36628075805454,30043.74908545028,1047.0988149882803,40063.698603567536
241.59999999999056,VALID,30.17132484867325,78.36632747405245,30054.325885623384,1048.5000321243142,40053.02942755737
241.69999999999055,VALID,30.17114957728802,78.36637418988394,30072.242686169993,1060.5904823635517,40042.58546583538
241.79999999999055,VALID,30.170974305886183,78.36642090554899,30056.841759156454,1061.3193244003899,40073.29455532184
241.89999999999054,VALID,30.17079903446774,78.3664676210476,30052.868993487667,1046.7669367685717,40053.57642409024
241.99999999999054,VALID,30.170623763032697,78.3665143363798,30045.227028240082,1051.5090002735435,40041.950184282294
242.09999999999053,VALID,30.17044849158105,78.36656105154555,30050.23422503616,1035.4313483869726,40058.43972422069
242.19999999999052,VALID,30.170273220112794,78.36660776654487,30057.985715462328,1033.4917742178495,40057.47143606498
242.29999999999052,VALID,30.170097948627934,78.36665448137778,30044.39584726275,1064.1281930087644,40060.04365090547
242.3999999999905,VALID,30.16992267712647,78.36670119604425,30060.87018362295,1055.9111797292185,40039.568613533775
242.4999999999905,VALID,30.169747405608398,78.36674791054429,30029.228747528792,1051.356216081292,40037.272540813414
242.5999999999905,VALID,30.16957213407372,78.36679462487791,30051.8979787416,1035.1172735653106,40057.811813892535
242.6999999999905,VALID,30.16939686252244,78.36684133904511,30055.158490856626,1037.205272190139,40040.353160303755
242.7999999999905,VALID,30.169221590954553,78.36688805304587,30054.23905865419,1058.8514789850622,40052.298662732595
242.89999999999048,VALID,30.16904631937006,78.3669347668802,30043.060322195593,1051.6188778853796,40047.735943552034
242.99999999999048,VALID,30.168871047768963,78.36698148054812,30044.654508755022,1035.9130907524952,40050.41414967263
243.09999999999047,VALID,30.16869577615126,78.36702819404961,30041.81111795727,1048.7199977135083,40029.86195980252
243.19999999999047,VALID,30.16852050451695,78.36707490738468,30058.362875353654,1044.3836267435206,40050.79531914637
243.29999999999046,VALID,30.168345232866038,78.36712162055333,30065.001043869688,1065.5363740036018,40056.61949679238
243.39999999999046,VALID,30.16816996119852,78.36716833355557,30039.788799194524,1049.1183835180875,40053.00062062774
243.49999999999045,VALID,30.167994689514394,78.36721504639138,30052.693358003995,1051.4051642117315,40058.20379413806
243.59999999999044,VALID,30.167819417813664,78.36726175906077,30056.583671624496,1062.1897416403485,40058.22653361876
243.69999999999044,VALID,30.16764414609633,78.36730847156375,30043.052155445537,1046.8113749543659,40049.87388290221
243.79999999999043,VALID,30.167468874362388,78.3673551839003,30054.128616474234,1045.0825033040855,40049.89355470868
243.89999999999043,VALID,30.16729360261184,78.36740189607043,30046.681772865155,1044.6548745835914,40054.12836247604
243.99999999999042,VALID,30.167118330844684,78.36744860807416,30059.098783683574,1067.7238541479792,40060.226522597375
244.09999999999042,VALID,30.166943059060923,78.36749531991146,30046.076679450012,1062.7110201363662,40035.69553726718
244.1999999999904,VALID,30.166767787260557,78.36754203158235,30054.156011034218,1044.4090258886333,40044.491986967216
244.2999999999904,VALID,30.166592515443586,78.36758874308681,30069.810371591942,1045.7960649357838,40052.4598672415
244.3999999999904,VALID,30.16641724361001,78.36763545442487,30055.906262189743,1049.7459364369392,40036.390063528044
244.4999999999904,VALID,30.166241971759828,78.36768216559652,30053.280853492088,1046.5765678504438,40048.94218334828
244.5999999999904,VALID,30.166066699893037,78.36772887660175,30049.767900763203,1054.5616967240874,40054.10797192061
244.69999999999038,VALID,30.16589142800964,78.36777558744056,30034.815349008455,1052.1981101760077,40067.64109392893
244.79999999999038,VALID,30.16571615610964,78.36782229811297,30030.92331266606,1040.7375325409937,40043.101128854156
244.89999999999037,VALID,30.16554088419303,78.36786900861897,30030.139937533408,1031.699460711409,40040.40611695387
244.99999999999037,VALID,30.165365612259816,78.36791571895856,30061.489484447105,1046.326668181563,40040.67202678108
245.09999999999036,VALID,30.165190340309994,78.36796242913174,30048.32060125355,1054.8894124659914,40054.85355829204
245.19999999999035,VALID,30.165015068343568,78.36800913913851,30050.42423274641,1076.4161512686044,40052.645384975374
245.29999999999035,VALID,30.164839796360535,78.36805584897887,30054.334752926457,1044.6934558733285,40041.384865981054
245.39999999999034,VALID,30.164664524360894,78.36810255865282,30038.35546157508,1037.1000416633683,40055.50659653037
245.49999999999034,VALID,30.164489252344648,78.36814926816037,30051.619237623345,1043.695383110259,40046.49071851188
245.59999999999033,VALID,30.164313980311796,78.3681959775015,30060.59221113892,1047.9275913945507,40050.34174468266
245.69999999999033,VALID,30.164138708262335,78.36824268667623,30052.89306666098,1054.9703826433338,40042.43767326518
245.79999999999032,VALID,30.16396343619627,78.36828939568454,30025.36424875026,1030.4946968445586,40053.53201628773
245.8999999999903,VALID,30.163788164113594,78.36833610452645,30044.2331615842,1046.5784257762054,40032.82819462718
245.9999999999903,VALID,30.163612892014314,78.36838281320196,30041.994492263184,1051.193600071484,40050.3954848139
246.0999999999903,VALID,30.163437619898424,78.36842952171106,30039.212140665404,1038.452645616341,40069.270434858925
246.1999999999903,VALID,30.16326234776593,78.36847623005376,30047.502439200514,1048.9083401008236,40036.58370601729
246.2999999999903,VALID,30.163087075616826,78.36852293823004,30042.188341936137,1047.2261295660874,40038.496712979984
246.39999999999029,VALID,30.162911803451117,78.36856964623993,30050.90558190581,1038.4380077158473,40042.55618826105
246.49999999999028,VALID,30.1627365312688,78.36861635408341,30042.01771163305,1033.398868894799,40034.21675739487
246.59999999999027,VALID,30.162561259069875,78.3686630617605,30051.202113445543,1039.6943894921405,40048.147367367375
246.69999999999027,VALID,30.162385986854343,78.36870976927118,30048.543543631826,1053.316947903706,40058.124371850405
246.79999999999026,VALID,30.1622107146222,78.36875647661545,30043.52270414771,1038.4778825913363,40051.948474896395
246.89999999999026,VALID,30.162035442373455,78.36880318379332,30058.558065829817,1046.5470439930807,40049.33592511316
246.99999999999025,VALID,30.1618601701081,78.36884989080478,30048.059821566112,1048.4543702031333,40056.348189107535
247.09999999999025,VALID,30.161684897826134,78.36889659764985,30045.958566099907,1056.0404284104338,40054.14354502549
247.19999999999024,VALID,30.16150962552756,78.36894330432852,30071.502661080933,1042.7866578828816,40061.50124665259
247.29999999999023,VALID,30.161334353212382,78.36899001084079,30058.028621684243,1037.7720896517835,40055.66067557477
247.39999999999023,VALID,30.161159080880594,78.36903671718666,30056.116630973327,1043.9088320019534,40025.38918759185
247.49999999999022,VALID,30.160983808532198,78.36908342336612,30057.45647971261,1037.0375324223467,40048.27575117437
247.59999999999022,VALID,30.160808536167192,78.36913012937919,30032.25381098604,1055.933956096118,40031.64106987832
247.6999999999902,VALID,30.160633263785577,78.36917683522586,30044.125564813206,1044.3541562362946,40049.93051201443
247.7999999999902,VALID,30.160457991387354,78.36922354090612,30035.169233417888,1054.5940190338686,40054.83681678674
247.8999999999902,VALID,30.16028271897252,78.36927024641999,30046.368936058832,1047.1559875897658,40022.469826646084
247.9999999999902,VALID,30.16010744654108,78.36931695176746,30066.052308625967,1047.7324264368435,40056.4698585137
248.0999999999902,VALID,30.15993217409303,78.36936365694852,30051.829973671942,1050.557306155951,40056.88788332735
248.19999999999018,VALID,30.15975690162837,78.36941036196319,30043.605250466204,1060.1913063135153,40065.75213573838
248.29999999999018,VALID,30.1595816291471,78.36945706681146,30052.008928713694,1048.4307176422533,40059.775379991144
248.39999999999017,VALID,30.15940635664922,78.36950377149334,30054.133225664522,1046.2500923278724,40046.58513557959
248.49999999999017,VALID,30.15923108413473,78.36955047600881,30051.25134731914,1057.6201970029956,40044.9638045181
248.59999999999016,VALID,30.159055811603633,78.36959718035789,30057.900155877443,1069.625341815735,40055.92654407226
248.69999999999015,VALID,30.158880539055925,78.36964388454057,30049.372030624356,1055.6909487040132,40045.57854646462
248.79999999999015,VALID,30.158705266491605,78.36969058855685,30038.804828706277,1042.4133803159252,40036.30496630463
248.89999999999014,VALID,30.158529993910676,78.36973729240674,30059.61229276633,1045.225813912328,40031.495093561745
248.99999999999014,VALID,30.158354721313135,78.36978399609022,30055.10793276103,1053.6278697004652,40053.03714851993
249.09999999999013,VALID,30.158179448698984,78.3698306996073,30036.58819802688,1038.82328231442,40067.61949598188
249.19999999999013,VALID,30.15800417606822,78.369877402958,30043.95308465765,1054.5568167645883,40051.23029122945
249.29999999999012,VALID,30.15782890342085,78.36992410614229,30036.142509447312,1035.2569926011422,40054.9544989758
249.39999999999011,VALID,30.157653630756865,78.3699708091602,30046.898657381567,1047.176472403352,40060.417976662684
249.4999999999901,VALID,30.15747835807627,78.37001751201169,30033.770272701848,1049.3984208608524,40061.71400851772
249.5999999999901,VALID,30.157303085379063,78.37006421469678,30058.431614942896,1047.2398730213288,40054.69349711385
249.6999999999901,VALID,30.157127812665244,78.37011091721548,30056.243918145705,1041.2444856454367,40035.22315544494
249.7999999999901,VALID,30.156952539934814,78.37015761956779,30058.64529317178,1050.5355561619588,40068.19235185305
249.8999999999901,VALID,30.15677726718777,78.3702043217537,30043.562507198018,1059.960289807067,40058.30158610349
249.99999999999008,VALID,30.156601994424115,78.37025102377322,30054.926023375614,1050.2878966606552,40040.54612768843
250.09999999999008,VALID,30.156426721643847,78.37029772562633,30047.080809672105,1045.0642545857752,40050.230615449946
250.19999999999007,VALID,30.156251448846966,78.37034442731304,30039.536396398096,1052.4585604842757,40067.82188565917
250.29999999999006,VALID,30.156076176033473,78.37039112883336,30041.220382302377,1055.3113905349383,40031.092133834376
250.39999999999006,VALID,30.155900903203367,78.37043783018729,30055.012940287183,1052.6215258277064,40040.892844382
250.49999999999005,VALID,30.15572563035665,78.3704845313748,30055.511787357536,1051.0429231042538,40068.0818471857
250.59999999999005,VALID,30.155550357493315,78.37053123239592,30051.1317637084,1053.9480984216523,40048.54044877771
250.69999999999004,VALID,30.155375084613368,78.37057793325064,30038.778799990472,1076.0182696891002,40051.826190680506
250.79999999999004,VALID,30.15519981171681,78.37062463393897,30053.058228721497,1050.8481219375087,40035.33213447494
250.89999999999003,VALID,30.155024538803634,78.3706713344609,30036.399463838483,1033.2480200687717,40063.21020604176
250.99999999999002,VALID,30.154849265873846,78.37071803481642,30055.021131018108,1046.6473902704931,40035.6914438862
251.09999999999002,VALID,30.154673992927442,78.37076473500555,30041.690978767358,1048.9620801341057,40037.661727404324
251.19999999999,VALID,30.154498719964423,78.37081143502827,30058.729191743983,1041.959713990036,40047.1843706125
251.29999999999,VALID,30.15432344698479,78.3708581348846,30048.995225767856,1028.1167279055728,40058.09186215394
251.39999999999,VALID,30.154148173988542,78.37090483457453,30050.402101125266,1027.8416126065192,40046.09087472119
251.49999999999,VALID,30.153972900975678,78.37095153409805,30046.65974043682,1039.6545156954103,40053.488302357946
251.59999999999,VALID,30.153797627946197,78.37099823345518,30062.044536468216,1053.4667122964527,40035.88923172088
251.69999999998998,VALID,30.1536223549001,78.3710449326459,30043.222941026233,1030.2176075208918,40052.00604702546
251.79999999998998,VALID,30.15344708183739,78.37109163167023,30040.017591992237,1052.7544782118443,40058.01160809489
251.89999999998997,VALID,30.15327180875806,78.37113833052814,30058.78209554139,1052.0774984577704,40047.44216867028
251.99999999998997,VALID,30.153096535662115,78.37118502921965,30033.785426199713,1071.812746311751,40072.09015753192
252.09999999998996,VALID,30.15292126254955,78.37123172774476,30049.066170663413,1054.3140173759248,40038.498101965364
252.19999999998996,VALID,30.15274598942037,78.37127842610346,30046.119592410618,1050.2613793850353,40044.10009593889
252.29999999998995,VALID,30.152570716274575,78.37132512429575,30067.573635837045,1053.111623937631,40043.78805548289
252.39999999998994,VALID,30.15239544311216,78.37137182232165,30045.91931389954,1052.4348221091225,40034.08242686932
252.49999999998994,VALID,30.152220169933123,78.37141852018114,30054.821741626736,1049.60389348433,40058.98474924889
252.59999999998993,VALID,30.152044896737472,78.37146521787422,30053.553770963288,1043.4674111375355,40043.30201237463
252.69999999998993,VALID,30.1518696235252,78.37151191540089,30063.861477242597,1054.2865586419916,40055.95716992267
252.79999999998992,VALID,30.15169435029631,78.37155861276115,30055.938469735025,1049.0938385958168,40039.05038902616
252.89999999998992,VALID,30.1515190770508,78.371605309955,30067.989075071575,1048.0655188574049,40062.88259781024
252.9999999999899,VALID,30.15134380378867,78.37165200698244,30049.10820471001,1061.0723237692418,40041.33752153037
253.0999999999899,VALID,30.15116853050992,78.37169870384348,30036.837953183964,1047.2061820388055,40045.17602651808
253.1999999999899,VALID,30.15099325721455,78.3717454005381,30056.610139015687,1053.4352288410314,40034.53551420055
253.2999999999899,VALID,30.15081798390256,78.37179209706632,30042.58671395603,1036.0128103554505,40042.51389365086
253.3999999999899,VALID,30.150642710573948,78.37183879342813,30049.07021065102,1043.7909470358088,40061.665294061415
253.49999999998988,VALID,30.150467437228713,78.37188548962351,30054.183897845003,1041.5059481920036,40062.87479360693
253.59999999998988,VALID,30.150292163866858,78.37193218565248,30059.107639501504,1051.9564904383712,40046.356895289195
253.69999999998987,VALID,30.15011689048838,78.37197888151503,30069.367588468715,1057.9786797894176,40039.24984174538
253.79999999998986,VALID,30.14994161709328,78.37202557721118,30051.61600183216,1041.6719370088804,40058.94767214392
253.89999999998986,VALID,30.149766343681556,78.3720722727409,30039.714481122643,1043.6311040798814,40043.82404191369
253.99999999998985,VALID,30.14959107025321,78.3721189681042,30054.804098248504,1039.506048477694,40050.07732351584
254.09999999998985,VALID,30.14941579680824,78.37216566330109,30028.49329032089,1058.5026131816796,40023.143186248555
254.19999999998984,VALID,30.149240523346645,78.37221235833155,30051.767451682383,1052.4977417977852,40045.006087072084
254.29999999998984,VALID,30.149065249868425,78.37225905319559,30060.99412491955,1061.2915526680542,40060.733221894865
254.39999999998983,VALID,30.14888997637358,78.37230574789321,30061.34160235673,1053.2738441817373,40046.204242238484
254.49999999998983,VALID,30.14871470286211,78.3723524424244,30052.633805718444,1061.0140363676412,40049.47136372243
254.59999999998982,VALID,30.14853942933402,78.37239913678917,30025.990629993557,1033.216036365922,40068.02409767994
254.6999999999898,VALID,30.1483641557893,78.37244583098752,30041.768697207037,1043.892225877297,40059.445187064994
254.7999999999898,VALID,30.148188882227952,78.37249252501944,30058.966881305587,1055.585327655428,40051.44462733183
254.8999999999898,VALID,30.14801360864998,78.37253921888492,30028.778257140977,1072.1853771988442,40046.21123537922
254.9999999999898,VALID,30.147838335055376,78.37258591258399,30060.895994442828,1051.4176203210102,40044.6471334849
255.0999999999898,VALID,30.147663061444145,78.37263260611661,30047.32936961613,1048.313997784096,40066.50917349546
255.19999999998979,VALID,30.14748778781629,78.3726792994828,30037.069597573707,1053.9681543978074,40068.06221597782
255.29999999998978,VALID,30.1473125141718,78.37272599268255,30044.904190163634,1050.3593979252355,40038.25638454264
255.39999999998977,VALID,30.147137240510684,78.37277268571586,30066.455666188856,1038.6639892162254,40056.458853786025
255.49999999998977,VALID,30.146961966832936,78.37281937858273,30030.334160315855,1041.3775194420416,40052.22239236326
255.59999999998976,VALID,30.14678669313856,78.37286607128317,30038.863614618174,1047.4463626277434,40036.59804084676
255.69999999998976,VALID,30.14661141942755,78.37291276381717,30050.889386712704,1038.1782781405923,40039.39417211346
255.79999999998975,VALID,30.146436145699912,78.37295945618472,30052.65671616229,1030.9558970601963,40056.31044017948
255.89999999998975,VALID,30.14626087195564,78.37300614838583,30041.835526318904,1065.9699925439284,40044.74632923536
255.99999999998974,VALID,30.146085598194738,78.37305284042048,30041.179595203972,1051.0806373152436,40059.973410282844
256.09999999998973,VALID,30.1459103244172,78.37309953228869,30025.643697578183,1043.583883038339,40062.57648207337
256.19999999998976,VALID,30.14573505062303,78.37314622399046,30039.601573199532,1037.803995571435,40034.08864272772
256.2999999999898,VALID,30.145559776812227,78.37319291552576,30046.539310873653,1037.440238275076,40054.48342450492
256.3999999999898,VALID,30.14538450298479,78.37323960689461,30034.977088295484,1045.2327115911871,40048.076216064976
256.4999999999898,VALID,30.145209229140715,78.37328629809701,30043.911466322177,1047.6179721427443,40040.366647206865
256.59999999998985,VALID,30.145033955280006,78.37333298913295,30041.100176214324,1062.285814254499,40054.238688605394
256.69999999998987,VALID,30.14485868140266,78.37337968000243,30054.224253657227,1060.5520470471238,40054.036398247066
256.7999999999899,VALID,30.144683407508676,78.37342637070545,30046.94409880202,1055.7957130568113,40047.54290360792
256.8999999999899,VALID,30.144508133598055,78.373473061242,30067.45545578517,1052.0908587219903,40050.46307165538
256.99999999998994,VALID,30.144332859670797,78.37351975161208,30065.63204303494,1058.248789393106,40042.96882439002
257.09999999998996,VALID,30.144157585726898,78.37356644181568,30054.78348304523,1037.2002517737787,40047.52542654956
257.19999999999,VALID,30.14398231176636,78.37361313185282,30051.75551947367,1051.4036540748182,40048.34549795767
257.29999999999,VALID,30.143807037789184,78.37365982172348,30040.446136644474,1053.9913214544736,40055.55534071728
257.39999999999003,VALID,30.143631763795366,78.37370651142766,30043.254461349024,1049.7775144148065,40054.929881555494
257.49999999999005,VALID,30.143456489784906,78.37375320096535,30054.92410205525,1053.5461652999634,40054.745499865065
257.5999999999901,VALID,30.143281215757803,78.37379989033657,30056.041801423293,1057.2387281874646,40054.57017399694
257.6999999999901,VALID,30.143105941714055,78.37384657954131,30044.91580171549,1053.3499268913356,40043.326463871126
257.7999999999901,VALID,30.142930667653665,78.37389326857955,30044.155465466465,1053.4217782400763,40050.589913935946
257.89999999999014,VALID,30.142755393576632,78.3739399574513,30043.234545434145,1055.6011888290566,40042.44214837315
257.99999999999017,VALID,30.14258011948295,78.37398664615655,30054.610397477794,1036.695490328082,40063.21899048389
258.0999999999902,VALID,30.142404845372624,78.37403333469531,30054.876643729287,1054.6355092987649,40050.178052254574
258.1999999999902,VALID,30.14222957124565,78.37408002306756,30036.71993201426,1033.3075714606591,40050.73680558322
258.29999999999023,VALID,30.142054297102028,78.37412671127332,30046.28978478253,1053.2689784041054,40060.38011018694
258.39999999999026,VALID,30.141879022941758,78.37417339931257,30054.15753062783,1040.3997495646918,40056.34282130111
258.4999999999903,VALID,30.141703748764836,78.3742200871853,30043.901232317396,1054.0064822425354,40055.97807890558
258.5999999999903,VALID,30.141528474571267,78.37426677489151,30044.80628790832,1064.601719853898,40046.58887673243
258.6999999999903,VALID,30.141353200361046,78.3743134624312,30050.29440490972,1062.7168425795562,40051.8706300582
258.79999999999035,VALID,30.141177926134173,78.37436014980437,30041.683868176544,1046.5117232651482,40052.31510249991
258.89999999999037,VALID,30.141002651890645,78.37440683701102,30045.56491792078,1044.9181837359938,40059.47160157018
258.9999999999904,VALID,30.140827377630465,78.37445352405115,30048.064052152535,1067.380594374662,40048.39105858792
259.0999999999904,VALID,30.14065210335363,78.37450021092474,30039.79096164656,1047.546609396073,40059.31161584899
259.19999999999044,VALID,30.140476829060137,78.37454689763179,30044.212455555575,1061.178673061231,40050.0703129561
259.29999999999046,VALID,30.14030155474999,78.3745935841723,30053.952395705557,1042.7429123974482,40050.32451164342
259.3999999999905,VALID,30.140126280423182,78.37464027054627,30049.942484586016,1060.4861159458935,40045.344969639606
259.4999999999905,VALID,30.139951006079716,78.37468695675368,30034.375961058886,1038.965219763193,40043.210401596145
259.59999999999053,VALID,30.139775731719592,78.37473364279454,30056.36354433125,1041.0541371638956,40040.20491902487
259.69999999999055,VALID,30.139600457342805,78.37478032866883,30046.95513989372,1049.802124769461,40049.12604928502
259.7999999999906,VALID,30.139425182949356,78.37482701437656,30037.16107614118,1046.862242185871,40059.526838891405
259.8999999999906,VALID,30.139249908539245,78.37487369991773,30053.927337653648,1053.8287439819785,40042.40814409047
259.9999999999906,VALID,30.13907463411247,78.37492038529231,30047.18679521797,1037.504352213366,40055.692889307495
260.09999999999064,VALID,30.138899359669026,78.37496707050033,30058.442629353438,1047.6856348186125,40046.20966371721
260.19999999999067,VALID,30.138724085208917,78.37501375554176,30041.661139125346,1048.8078169133496,40066.673466014196
260.2999999999907,VALID,30.13854881073214,78.3750604404166,30042.815572796455,1052.1994468184664,40059.09119669487
260.3999999999907,VALID,30.138373536238692,78.37510712512486,30049.02648961242,1036.9009604041735,40053.38087109946
260.49999999999073,VALID,30.138198261728576,78.3751538096665,30065.26748324349,1051.5278971736927,40049.612188887
260.59999999999076,VALID,30.138022987201786,78.37520049404154,30049.490563995107,1028.706287708621,40053.16321147654
260.6999999999908,VALID,30.137847712658324,78.37524717824996,30045.180552473706,1040.8690322041273,40062.33354492005
260.7999999999908,VALID,30.137672438098186,78.37529386229177,30040.466364754062,1050.9725090825707,40037.60850218392
260.8999999999908,VALID,30.13749716352137,78.37534054616695,30053.36128202868,1035.9233871298784,40052.21582707843
260.99999999999085,VALID,30.13732188892788,78.37538722987551,30051.173632137354,1057.3600863372,40037.01763987864
261.09999999999087,VALID,30.137146614317707,78.37543391341744,30045.6202702146,1041.7599675013314,40057.20458900633
261.1999999999909,VALID,30.136971339690856,78.37548059679271,30032.693149986782,1046.08085522863,40054.86266185656
261.2999999999909,VALID,30.136796065047324,78.37552728000134,30051.740780892065,1034.6444124746624,40061.13052640775
261.39999999999094,VALID,30.13662079038711,78.37557396304331,30050.59020185289,1059.986141461257,40045.77125622923
261.49999999999096,VALID,30.136445515710207,78.37562064591862,30050.35579530146,1051.9670787778502,40045.61603048571
261.599999999991,VALID,30.13627024101662,78.37566732862726,30072.123611663847,1047.2782360704364,40053.383308845696
261.699999999991,VALID,30.136094966306345,78.37571401116922,30043.569573664816,1044.4416885488863,40048.53229280112
261.79999999999103,VALID,30.135919691579378,78.37576069354449,30042.842638962986,1040.5099820863504,40050.36936002678
261.89999999999105,VALID,30.13574441683572,78.37580737575307,30045.837657067907,1071.2700870655513,40048.170573950185
261.9999999999911,VALID,30.13556914207537,78.37585405779495,30043.399508378905,1056.1652420403163,40067.498619627
262.0999999999911,VALID,30.135393867298323,78.37590073967012,30033.957198084423,1062.2696308354748,40039.41050336335
262.1999999999911,VALID,30.13521859250458,78.37594742137856,30045.089729350588,1036.0849423225427,40045.3055268321
262.29999999999114,VALID,30.135043317694137,78.37599410292027,30036.127126673484,1043.9233587176773,40046.62688204415
262.39999999999117,VALID,30.134868042866994,78.37604078429526,30048.536791500872,1052.5400453217844,40052.64584013391
262.4999999999912,VALID,30.134692768023147,78.37608746550349,30049.214921472572,1062.966599004576,40051.679388746066
262.5999999999912,VALID,30.134517493162594,78.37613414654497,30062.052424647023,1051.3136629543612,40043.60655089214
262.69999999999123,VALID,30.134342218285333,78.37618082741969,30036.421372707257,1022.0702461240819,40045.67359585012
262.79999999999126,VALID,30.134166943391364,78.37622750812763,30038.44394587862,1049.764793709524,40062.81380163324
262.8999999999913,VALID,30.133991668480682,78.37627418866877,30027.406169072638,1056.729758272819,40034.85131483314
262.9999999999913,VALID,30.133816393553285,78.37632086904313,30031.460346714546,1072.3907088423077,40057.5660365401
263.0999999999913,VALID,30.133641118609173,78.37636754925067,30020.2673029127,1063.413995095636,40047.7283279432
263.19999999999135,VALID,30.13346584364834,78.3764142292914,30064.92765267039,1040.7360218160093,40051.973983130985
263.29999999999137,VALID,30.133290568670787,78.37646090916529,30051.175490818565,1029.2850075835115,40051.28507275744
263.3999999999914,VALID,30.13311529367651,78.37650758887234,30057.967186820773,1040.432396044779,40055.254976833836
263.4999999999914,VALID,30.132940018665504,78.37655426841253,30056.575697467488,1050.2132373612521,40061.341557580265
263.59999999999144,VALID,30.132764743637768,78.37660094778586,30056.403999916325,1066.1467831602774,40052.596094598324
263.69999999999146,VALID,30.132589468593302,78.3766476269923,30060.401519865736,1048.559337975976,40056.770349044724
263.7999999999915,VALID,30.1324141935321,78.37669430603184,30053.41973167898,1054.4162974510552,40057.41233914072
263.8999999999915,VALID,30.13223891845416,78.37674098490447,30046.830490549084,1046.7906232507025,40031.97472249292
263.99999999999153,VALID,30.132063643359476,78.37678766361019,30052.280986023474,1038.274577859334,40042.29459173395
264.09999999999155,VALID,30.13188836824805,78.37683434214895,30046.163793145468,1056.5520343027533,40055.74924600173
264.1999999999916,VALID,30.131713093119874,78.37688102052077,30054.62625321553,1048.1930431279939,40052.81584509016
264.2999999999916,VALID,30.131537817974948,78.37692769872561,30041.085958704774,1065.382574619597,40066.215173132194
264.3999999999916,VALID,30.131362542813267,78.37697437676346,30043.9944654854,1037.5787185367176,40038.39913738801
264.49999999999164,VALID,30.13118726763483,78.3770210546343,30040.720043121586,1040.679283245158,40053.039704694165
264.59999999999167,VALID,30.13101199243963,78.37706773233812,30051.811487819738,1058.480234305722,40051.803105415245
264.6999999999917,VALID,30.130836717227663,78.3771144098749,30052.11223520695,1047.0022927817542,40065.603257289666
264.7999999999917,VALID,30.130661441998928,78.37716108724463,30066.108559434648,1042.08696441618,40053.02317808937
264.89999999999173,VALID,30.130486166753418,78.37720776444728,30047.410777075085,1047.3719236234563,40044.37310571202
264.99999999999176,VALID,30.13031089149113,78.37725444148282,30038.502295627426,1047.2702800966963,40059.41413046361
265.0999999999918,VALID,30.130135616212062,78.37730111835124,30063.761752053197,1059.457797784838,40051.43292529449
265.1999999999918,VALID,30.129960340916206,78.37734779505251,30063.453360563846,1049.2153653793816,40048.768339453774
265.2999999999918,VALID,30.129785065603556,78.37739447158663,30036.722557228284,1061.8667307695844,40060.12640369494
265.39999999999185,VALID,30.12960979027411,78.37744114795355,30040.48326781555,1037.4271124180723,40069.91762922575
265.49999999999187,VALID,30.129434514927862,78.37748782415325,30052.260212780562,1039.232139522558,40046.91507422346
265.5999999999919,VALID,30.129259239564806,78.37753450018572,30055.765505226962,1060.7448694323932,40058.08751598932
265.6999999999919,VALID,30.12908396418494,78.37758117605091,30066.085580881558,1057.2683300190045,40054.52712862437
265.79999999999194,VALID,30.128908688788254,78.37762785174881,30062.239229709492,1044.997204317485,40044.15262382141
265.89999999999196,VALID,30.128733413374743,78.37767452727938,30035.877863529568,1057.647753281923,40042.9827878009
265.999999999992,VALID,30.128558137944403,78.3777212026426,30052.545078956417,1051.0286721496905,40046.620436617304
266.099999999992,VALID,30.128382862497226,78.37776787783844,30045.957155979646,1059.9066528003677,40066.22351436133
266.19999999999203,VALID,30.128207587033206,78.37781455286685,30045.806394198044,1042.1960349369904,40069.288573372745
266.29999999999205,VALID,30.128032311552335,78.37786122772782,30050.900842730018,1044.4247364912167,40046.6974903745
266.3999999999921,VALID,30.127857036054607,78.3779079024213,30058.54852848444,1049.1347751936826,40050.935051617605
266.4999999999921,VALID,30.127681760540014,78.37795457694725,30037.10643574178,1042.2164659447703,40061.13199401593
266.5999999999921,VALID,30.127506485008546,78.37800125130563,30054.191860519757,1060.0892053486948,40032.98280119757
266.69999999999214,VALID,30.1273312094602,78.37804792549642,30044.180782994365,1053.1016914038084,40056.70948770569
266.79999999999217,VALID,30.127155933894958,78.37809459951954,30070.815054971023,1052.0090241953917,40041.08160640857
266.8999999999922,VALID,30.126980658312817,78.37814127337498,30042.39725362756,1036.6006055736618,40063.44570269112
266.9999999999922,VALID,30.12680538271377,78.37818794706267,30048.466242366605,1043.58546933077,40061.4716411991
267.09999999999224,VALID,30.1266301070978,78.37823462058256,30063.466544515693,1046.8174776300539,40044.80878580026
267.19999999999226,VALID,30.1264548314649,78.3782812939346,30052.909564328533,1033.076962773574,40054.99717238717
267.2999999999923,VALID,30.12627955581506,78.37832796711875,30056.792583541006,1051.8441259717836,40057.102268301234
267.3999999999923,VALID,30.126104280148265,78.37837464013494,30050.16501104222,1051.7289414155466,40063.878092425955
267.4999999999923,VALID,30.125929004464503,78.3784213129831,30051.122893245334,1066.2490653921368,40058.57957996689
267.59999999999235,VALID,30.125753728763762,78.37846798566316,30047.365781979886,1049.5777689129673,40043.23361565454
267.6999999999924,VALID,30.125578453046025,78.37851465817506,30062.16888829369,1077.7583828793975,40047.45223816283
267.7999999999924,VALID,30.125403177311277,78.37856133051872,30052.97103709918,1054.8596200565382,40050.92757871077
267.8999999999924,VALID,30.125227901559505,78.37860800269407,30048.341744831316,1056.3627535268163,40035.37739873007
267.99999999999244,VALID,30.12505262579069,78.378654674701,30041.266879653762,1052.36217759021,40050.668684366094
268.09999999999246,VALID,30.124877350004812,78.37870134653943,30051.99182441146,1055.8566405336421,40061.97451181378
268.1999999999925,VALID,30.124702074201853,78.37874801820927,30039.494050438512,1043.198381541628,40060.74485073469
268.2999999999925,VALID,30.12452679838179,78.3787946897104,30050.904798025796,1051.8779269281406,40062.11046149879
268.39999999999253,VALID,30.124351522544604,78.37884136104273,30031.659520728415,1064.9126164385632,40051.97857759037
268.49999999999255,VALID,30.124176246690265,78.3788880322061,30037.25360169797,1062.1330597714282,40067.98093336284
268.5999999999926,VALID,30.12400097081875,78.37893470320041,30065.06045710779,1047.4863530944463,40056.97197305548
268.6999999999926,VALID,30.123825694930026,78.37898137402549,30055.369986846166,1036.3083811216216,40075.62663200866
268.7999999999926,VALID,30.123650419024063,78.37902804468118,30040.069464829245,1070.6580631037516,40049.70078254233
268.89999999999264,VALID,30.123475143100826,78.3790747151673,30052.654998756072,1047.4556924974656,40063.98399031485
268.99999999999267,VALID,30.123299867160274,78.37912138548369,30067.895863933853,1051.8160672407475,40043.73408655167
269.0999999999927,VALID,30.123124591202366,78.3791680556301,30043.016923979438,1056.7081453188393,40027.73521647202
269.1999999999927,VALID,30.122949315227054,78.37921472560632,30033.91985160958,1050.105304886219,40053.07378551704
269.29999999999274,VALID,30.122774039234283,78.37926139541204,30045.17096189752,1045.6868767444219,40032.78053875776
269.39999999999276,VALID,30.122598763223998,78.379308065047,30046.097756101353,1048.4485537753621,40052.922148701844
269.4999999999928,VALID,30.122423487196127,78.37935473451084,30055.74114203175,1030.5187476708727,40065.64909816238
269.5999999999928,VALID,30.122248211150588,78.37940140380317,30028.88303848936,1055.163533360006,40045.49561728332
269.6999999999928,VALID,30.122072935087296,78.37944807292354,30059.835872194137,1055.521162941467,40048.10600244588
269.79999999999285,VALID,30.121897659006144,78.37949474187141,30046.865136679935,1033.3418601306626,40049.09754456671
269.8999999999929,VALID,30.121722382907006,78.37954141064615,30042.69220922091,1040.5701005452024,40038.82797461722
269.9999999999929,VALID,30.12154710678973,78.37958807924703,30050.099134936427,1045.7797526033532,40058.70814274481
270.0999999999929,VALID,30.121371830654134,78.3796347476731,30044.58199021539,1035.095136314807,40042.09938330167
270.19999999999294,VALID,30.12119655449998,78.37968141592317,30050.25862158684,1031.6848947491078,40063.141075917105
270.29999999999296,VALID,30.12102127832697,78.37972808399577,30047.640492750867,1048.6248730275242,40051.28198168079
270.399999999993,VALID,30.1208460021347,78.37977475188886,30056.61337793075,1056.5525053532306,40042.39291305218
270.499999999993,VALID,30.1206707259226,78.37982141959957,30042.778050788635,1069.6714183596016,40028.901017271586
270.59999999999303,VALID,30.1204954496898,78.37986808712351,30039.848766099298,1041.1075066801347,40058.99280679875
270.69999999999305,VALID,30.120320173434806,78.37991475445325,30052.78392482608,1053.1310847428795,40041.251977347194
270.7999999999931,VALID,30.12014489715451,78.37996142157314,30053.180231348786,1040.332276631311,40044.36728532295
270.8999999999931,VALID,30.12,78.38,30042.368957068808,1042.7317111175223,40039.957077450345
