timestamp,status,latitude,longitude,mag_x,mag_y,mag_z
0.0,VALID,25.050121050170347,81.55017274733822,30048.41454642296,1061.462263595768,40057.91774697065
0.1,VALID,25.05024210014067,81.5503454950178,30054.475371230477,1051.3385780026076,40050.654028173296
0.2,VALID,25.050363149910975,81.55051824303872,30048.943589027658,1054.8918368492755,40043.82767007737
0.30000000000000004,VALID,25.050484199481254,81.55069099140101,30065.297218501502,1063.6527935662057,40053.11990037921
0.4,VALID,25.050605248851504,81.55086374010466,30061.773731415244,1063.3565649188306,40049.43686952624
0.5,VALID,25.050726298021726,81.55103648914968,30043.1382737956,1059.1871968054434,40037.028090501815
0.6,VALID,25.050847346991915,81.55120923853606,30059.126917119345,1054.6468811338243,40043.06415365996
0.7,VALID,25.050968395762073,81.55138198826381,30028.445984397775,1053.5768975014012,40056.726041500995
0.7999999999999999,VALID,25.051089444332195,81.55155473833292,30054.02637104761,1024.6742764665382,40053.607435095415
0.8999999999999999,VALID,25.051210492702282,81.55172748874341,30052.410562132663,1050.064706560384,40041.26817496765
0.9999999999999999,VALID,25.05133154087233,81.55190023949528,30034.513410660365,1063.349030483691,40049.611992483406
1.0999999999999999,VALID,25.051452588842334,81.55207299058853,30035.30193907536,1060.93390399777,40038.006830507315
1.2,VALID,25.051573636612297,81.55224574202315,30055.30630226867,1036.6588022880399,40047.0711942253
1.3,VALID,25.051694684182216,81.55241849379915,30048.058745880295,1068.5760440609897,40038.14759632607
1.4000000000000001,VALID,25.05181573155209,81.55259124591655,30041.656912969564,1061.2817604019106,40061.70726208155
1.5000000000000002,VALID,25.051936778721913,81.55276399837533,30051.247767719677,1044.0422817738197,40044.16283405844
1.6000000000000003,VALID,25.052057825691687,81.5529367511755,30033.678836304967,1059.7220611005052,40056.843128978384
1.7000000000000004,VALID,25.052178872461408,81.55310950431705,30058.645038329345,1058.435414435846,40055.087352424634
1.8000000000000005,VALID,25.052299919031075,81.5532822578,30060.18530933776,1040.7348856099547,40069.453765701954
1.9000000000000006,VALID,25.052420965400685,81.55345501162435,30053.584772747003,1043.3943090026123,40039.83201179854
2.0000000000000004,VALID,25.05254201157024,81.5536277657901,30047.975215518185,1058.2144333328904,40055.711839259464
2.1000000000000005,VALID,25.052663057539732,81.55380052029724,30062.729083279984,1072.9038815712238,40057.40403734551
2.2000000000000006,VALID,25.052784103309165,81.5539732751458,30061.173345004463,1058.4160969827212,40041.57370536866
2.3000000000000007,VALID,25.052905148878533,81.55414603033574,30045.64549149491,1048.094036392355,40060.58391437621
2.400000000000001,VALID,25.053026194247835,81.55431878586711,30037.23842955019,1073.438578270022,40042.58694419628
2.500000000000001,VALID,25.05314723941707,81.55449154173989,30040.446927085188,1043.950952742431,40040.021574724226
2.600000000000001,VALID,25.053268284386235,81.55466429795408,30051.273959677736,1051.7232476933589,40068.945937550816
2.700000000000001,VALID,25.05338932915533,81.55483705450968,30046.390847351686,1061.356385161257,40057.72661620998
2.800000000000001,VALID,25.05351037372435,81.55500981140669,30054.634067798357,1029.3147255920685,40054.8931821812
2.9000000000000012,VALID,25.053631418093296,81.55518256864514,30052.105369001554,1039.4100988232244,40058.5152229557
3.0000000000000013,VALID,25.053752462262164,81.555355326225,30063.39018880483,1057.6606776998576,40050.31982650102
3.1000000000000014,VALID,25.053873506230953,81.55552808414629,30039.12345365944,1055.7842134227853,40041.935315167444
3.2000000000000015,VALID,25.05399454999966,81.55570084240901,30054.91102101605,1041.5034772436554,40042.04766939763
3.3000000000000016,VALID,25.054115593568284,81.55587360101316,30055.60879488964,1044.8310290790228,40029.942367435586
3.4000000000000017,VALID,25.05423663693682,81.55604635995874,30062.00176720447,1055.8551781072006,40057.85693386503
3.5000000000000018,VALID,25.054357680105273,81.55621911924575,30036.816700789983,1050.95229358264,40059.4724791585
3.600000000000002,VALID,25.054478723073636,81.55639187887421,30055.265217396587,1045.429042067211,40059.557165156926
3.700000000000002,VALID,25.054599765841907,81.5565646388441,30047.153639783035,1034.4340709818916,40048.00599162852
3.800000000000002,VALID,25.054720808410085,81.55673739915542,30044.399171503817,1037.8683252508758,40059.629429632245
3.900000000000002,VALID,25.054841850778168,81.5569101598082,30039.425450852956,1062.5570013621043,40042.70554212924
4.000000000000002,VALID,25.054962892946154,81.55708292080242,30047.089678887038,1048.2079563561658,40056.059897418294
4.100000000000001,VALID,25.05508393491404,81.55725568213808,30046.082976947877,1050.4859029396025,40053.14014494851
4.200000000000001,VALID,25.055204976681825,81.5574284438152,30043.04119932284,1043.360435021698,40039.46605621393
4.300000000000001,VALID,25.055326018249506,81.55760120583378,30035.005273849532,1066.8350575511688,40043.5506426071
4.4,VALID,25.055447059617084,81.5577739681938,30055.170202311863,1041.681041006105,40066.18195521153
4.5,VALID,25.055568100784555,81.55794673089528,30055.61701441042,1061.1448770826182,40049.65802156987
4.6,VALID,25.055689141751916,81.55811949393824,30060.415847648725,1042.362682509884,40035.81047533037
4.699999999999999,VALID,25.055810182519167,81.55829225732265,30062.468220510902,1058.7722784513044,40053.624698290514
4.799999999999999,VALID,25.055931223086304,81.55846502104852,30048.621903877032,1046.107315548207,40040.639619300426
4.899999999999999,VALID,25.056052263453328,81.55863778511586,30046.710648009688,1051.9011810150637,40060.03265942179
4.999999999999998,VALID,25.056173303620234,81.55881054952468,30049.388696495527,1035.1166470057144,40035.478624896175
5.099999999999998,VALID,25.05629434358702,81.55898331427497,30040.600571603663,1038.89881416423,40057.10368736194
5.1999999999999975,VALID,25.056415383353684,81.55915607936673,30061.916755216316,1058.5880062062142,40043.028024487794
5.299999999999997,VALID,25.056536422920228,81.55932884479996,30037.825087602643,1058.6140627161697,40022.369311141934
5.399999999999997,VALID,25.056657462286648,81.55950161057469,30045.446196395606,1023.2730121206221,40045.43663736526
5.4999999999999964,VALID,25.05677850145294,81.5596743766909,30043.347347882736,1059.9171088188011,40038.90850995468
5.599999999999996,VALID,25.056899540419103,81.55984714314857,30046.080364079302,1045.9800617394192,40041.63846716884
5.699999999999996,VALID,25.057020579185135,81.56001990994774,30046.372096980926,1029.8804191950908,40039.531380624554
5.799999999999995,VALID,25.057141617751036,81.56019267708841,30048.538738700056,1051.3448691411454,40058.958952485555
5.899999999999995,VALID,25.0572626561168,81.56036544457056,30058.626633317603,1051.7496255563835,40047.36372038001
5.999999999999995,VALID,25.05738369428243,81.56053821239422,30042.26355796016,1054.7879236582744,40036.89391030798
6.099999999999994,VALID,25.057504732247917,81.56071098055936,30055.063501377124,1042.0412099287907,40049.86332491201
6.199999999999994,VALID,25.057625770013264,81.56088374906601,30062.4170635897,1036.6687154718313,40054.14567584075
6.299999999999994,VALID,25.057746807578468,81.56105651791415,30046.883568134257,1042.8380184792693,40048.39822039469
6.399999999999993,VALID,25.057867844943527,81.5612292871038,30068.79623749077,1063.0503454118993,40044.056463344976
6.499999999999993,VALID,25.05798888210844,81.56140205663496,30040.695956296233,1051.957590395833,40030.66667079445
6.5999999999999925,VALID,25.058109919073203,81.56157482650762,30045.34032782384,1051.0176802807116,40059.68619427727
6.699999999999992,VALID,25.058230955837818,81.5617475967218,30043.100554850284,1044.2859241104231,40053.230998551306
6.799999999999992,VALID,25.05835199240228,81.5619203672775,30030.04765784076,1047.4606381557437,40055.016717825005
6.8999999999999915,VALID,25.058473028766585,81.5620931381747,30047.708958383213,1072.5901139175312,40071.05813748516
6.999999999999991,VALID,25.058594064930734,81.56226590941343,30035.974641966764,1047.9204428896153,40046.4932467388
7.099999999999991,VALID,25.058715100894723,81.56243868099368,30040.29797997863,1034.044040947108,40062.452767819464
7.19999999999999,VALID,25.058836136658552,81.56261145291545,30048.465620490977,1048.4907785996363,40068.53592902424
7.29999999999999,VALID,25.058957172222218,81.56278422517875,30054.53283864087,1036.231892793466,40040.8207606539
7.39999999999999,VALID,25.059078207585717,81.56295699778357,30034.25176816596,1050.0405295461298,40044.5269285067
7.499999999999989,VALID,25.05919924274905,81.56312977072993,30057.82276101286,1045.4346273045176,40056.97890258563
7.599999999999989,VALID,25.059320277712214,81.56330254401783,30069.378872278005,1043.5064707611327,40047.17730711737
7.699999999999989,VALID,25.059441312475204,81.56347531764726,30049.176528665168,1066.283564025098,40041.86756283591
7.799999999999988,VALID,25.059562347038025,81.56364809161823,30033.338291422395,1030.3099363772922,40050.433527088644
7.899999999999988,VALID,25.059683381400667,81.56382086593074,30036.33900267981,1042.6985376587375,40061.904416737474
7.999999999999988,VALID,25.059804415563132,81.56399364058478,30044.539349074414,1052.910920392778,40052.4940427031
8.099999999999987,VALID,25.05992544952542,81.56416641558039,30054.045018010125,1046.0893806395088,40041.12453200807
8.199999999999987,VALID,25.060046483287525,81.56433919091754,30072.21025414908,1048.3256204642823,40049.00356014234
8.299999999999986,VALID,25.060167516849447,81.56451196659623,30054.520884323072,1059.6241551167946,40033.087193828724
8.399999999999986,VALID,25.060288550211183,81.56468474261648,30038.490250745836,1062.450687163337,40060.07046900314
8.499999999999986,VALID,25.06040958337273,81.56485751897829,30045.899742078724,1037.0229139001126,40054.86797232821
8.599999999999985,VALID,25.06053061633409,81.56503029568165,30058.775754862407,1037.1175633238754,40055.55291558825
8.699999999999985,VALID,25.06065164909526,81.56520307272658,30049.575670238057,1054.1934267025179,40052.84369187832
8.799999999999985,VALID,25.060772681656232,81.56537585011306,30057.81832582675,1046.921345395971,40055.11475850362
8.899999999999984,VALID,25.06089371401701,81.56554862784111,30052.54534941939,1062.214817491193,40051.70827571374
8.999999999999984,VALID,25.061014746177587,81.56572140591074,30044.606179267714,1043.857917489797,40052.766344255586
9.099999999999984,VALID,25.061135778137967,81.56589418432193,30050.337916126733,1049.8248838888715,40049.57216199291
9.199999999999983,VALID,25.061256809898143,81.5660669630747,30050.780653196605,1060.879871817409,40030.34397938728
9.299999999999983,VALID,25.061377841458114,81.56623974216905,30062.26239107122,1060.7558349465617,40045.14893158604
9.399999999999983,VALID,25.06149887281788,81.56641252160496,30042.918525531335,1043.8181021040627,40047.87187698598
9.499999999999982,VALID,25.061619903977437,81.56658530138246,30047.329644885634,1057.0965896811038,40067.26896870418
9.599999999999982,VALID,25.061740934936783,81.56675808150155,30038.725106273232,1053.0127642697917,40057.21082498015
9.699999999999982,VALID,25.06186196569592,81.56693086196222,30037.37554931358,1055.338023978007,40059.8391035773
9.799999999999981,VALID,25.061982996254837,81.56710364276448,30055.68409110933,1042.665137490906,40056.27599000181
9.89999999999998,VALID,25.06210402661354,81.56727642390833,30048.052146047936,1044.8555068240173,40053.96953183346
9.99999999999998,VALID,25.06222505677202,81.56744920539377,30048.57258766075,1056.900662282882,40040.43636976158
10.09999999999998,VALID,25.062346086730283,81.5676219872208,30036.388639374265,1053.9015068045035,40046.16358172988
10.19999999999998,VALID,25.06246711648832,81.56779476938944,30065.241289518708,1049.5878574792428,40048.1186102828
10.29999999999998,VALID,25.062588146046135,81.56796755189967,30064.83439620038,1042.9238606922222,40043.91590932204
10.399999999999979,VALID,25.06270917540372,81.5681403347515,30049.36526589796,1054.1844815811403,40054.21168805951
10.499999999999979,VALID,25.06283020456108,81.56831311794495,30069.296559503768,1039.889116073206,40060.457672025776
10.599999999999978,VALID,25.062951233518206,81.56848590148,30043.064518040486,1052.3431176708832,40043.531011814455
10.699999999999978,VALID,25.0630722622751,81.56865868535667,30052.98719697821,1044.0982580695113,40052.823540060264
10.799999999999978,VALID,25.063193290831755,81.56883146957495,30062.16129573047,1062.9785334275346,40044.26307000589
10.899999999999977,VALID,25.063314319188173,81.56900425413484,30064.06850376436,1069.8823508081775,40040.09075326203
10.999999999999977,VALID,25.063435347344353,81.56917703903635,30055.954727247892,1039.8963136164061,40048.12094088269
11.099999999999977,VALID,25.06355637530029,81.56934982427947,30049.809631475855,1044.6850218958275,40039.420779487846
11.199999999999976,VALID,25.063677403055983,81.56952260986422,30039.338941911166,1066.4531664295794,40050.24525083517
11.299999999999976,VALID,25.06379843061143,81.5696953957906,30032.426343105344,1043.5396834155674,40060.06661816471
11.399999999999975,VALID,25.06391945796663,81.56986818205861,30053.742592977662,1028.5091317033941,40034.169544010285
11.499999999999975,VALID,25.064040485121577,81.57004096866825,30051.28027564534,1043.408819763603,40047.16868459159
11.599999999999975,VALID,25.06416151207627,81.57021375561952,30058.669516757127,1041.0512631110373,40056.098363876015
11.699999999999974,VALID,25.06428253883071,81.57038654291243,30061.687115151304,1053.7236455191494,40045.418867689135
11.799999999999974,VALID,25.064403565384893,81.57055933054697,30057.190470371876,1062.2392349242032,40061.0227795799
11.899999999999974,VALID,25.064524591738817,81.57073211852315,30062.918858423793,1041.2038159086067,40042.80954568967
11.999999999999973,VALID,25.064645617892477,81.57090490684098,30024.178302416738,1057.8899725167287,40045.69279175214
12.099999999999973,VALID,25.064766643845875,81.57107769550045,30062.196893530014,1027.0258870223142,40060.43764649915
12.199999999999973,VALID,25.064887669599006,81.57125048450158,30049.308570478912,1050.638428262595,40038.223869332985
12.299999999999972,VALID,25.06500869515187,81.57142327384435,30054.289689782465,1049.7911760688828,40035.7781789157
12.399999999999972,VALID,25.065129720504466,81.57159606352877,30055.668611293284,1045.1437893406608,40037.31027766715
12.499999999999972,VALID,25.065250745656787,81.57176885355486,30035.950035536884,1063.8139000779295,40038.330603996124
12.599999999999971,VALID,25.065371770608834,81.5719416439226,30044.409121588666,1041.1927262960137,40064.59524391934
12.69999999999997,VALID,25.065492795360605,81.572114434632,30042.341232244133,1028.434349383107,40059.90921804403
12.79999999999997,VALID,25.065613819912098,81.57228722568307,30069.526378570517,1032.0986303656655,40073.02020579648
12.89999999999997,VALID,25.06573484426331,81.57246001707581,30042.425092618527,1041.230177524879,40055.09792167553
12.99999999999997,VALID,25.06585586841424,81.57263280881021,30052.352474337276,1049.6316264553602,40067.65326567863
13.09999999999997,VALID,25.065976892364883,81.57280560088628,30043.898922816643,1055.1953651181793,40063.09220667162
13.199999999999969,VALID,25.06609791611524,81.57297839330404,30037.938702140516,1061.342195591588,40064.51096687607
13.299999999999969,VALID,25.066218939665305,81.57315118606347,30041.711696872735,1054.4117930317434,40043.122492785624
13.399999999999968,VALID,25.06633996301508,81.57332397916457,30038.738200359345,1049.9735440271836,40056.43521931919
13.499999999999968,VALID,25.06646098616456,81.57349677260736,30047.390534532376,1047.1668654024625,40035.11101380203
13.599999999999968,VALID,25.066582009113745,81.57366956639183,30036.358244972213,1068.960003180411,40056.25324554307
13.699999999999967,VALID,25.06670303186263,81.57384236051799,30045.496387148745,1043.571927086347,40062.76757012035
13.799999999999967,VALID,25.066824054411217,81.57401515498584,30055.587994732272,1055.9876287175707,40061.71142477737
13.899999999999967,VALID,25.0669450767595,81.57418794979539,30060.437751395166,1045.4196150387813,40050.28632511061
13.999999999999966,VALID,25.067066098907475,81.57436074494663,30056.532902178824,1039.3358188064815,40045.898532040046
14.099999999999966,VALID,25.067187120855145,81.57453354043956,30043.81289061926,1046.192551174237,40041.778348891974
14.199999999999966,VALID,25.067308142602506,81.57470633627419,30053.700813407842,1049.5429008045808,40059.50887902286
14.299999999999965,VALID,25.067429164149555,81.57487913245053,30052.87401795382,1053.6009908656774,40054.03714832228
14.399999999999965,VALID,25.06755018549629,81.57505192896858,30050.537733146495,1037.4072858270742,40047.91190542172
14.499999999999964,VALID,25.06767120664271,81.57522472582833,30044.170159459285,1039.1345637938525,40036.71146663075
14.599999999999964,VALID,25.06779222758881,81.57539752302979,30055.345360099844,1053.173465324315,40041.404973672616
14.699999999999964,VALID,25.06791324833459,81.57557032057296,30052.274871905796,1057.2585537399907,40039.46368919918
14.799999999999963,VALID,25.068034268880048,81.57574311845785,30040.24027934786,1051.9301866595158,40053.1956385241
14.899999999999963,VALID,25.06815528922518,81.57591591668447,30055.58665104018,1049.7685636739038,40051.57895546447
14.999999999999963,VALID,25.06827630936999,81.5760887152528,30056.724807100247,1061.4912012288662,40038.2745086448
15.099999999999962,VALID,25.068397329314465,81.57626151416285,30049.584955216866,1037.3991474913703,40046.41974545712
15.199999999999962,VALID,25.068518349058607,81.57643431341464,30062.13910463617,1049.975215995233,40051.08872122836
15.299999999999962,VALID,25.068639368602415,81.57660711300815,30041.583700161525,1054.2371720825752,40038.38425770103
15.399999999999961,VALID,25.06876038794589,81.5767799129434,30065.95696680378,1030.5544312660866,40056.872084869494
15.499999999999961,VALID,25.068881407089023,81.57695271322036,30069.94706916797,1035.8977111989009,40034.17842999217
15.59999999999996,VALID,25.069002426031815,81.57712551383908,30068.291106782162,1055.6158572142479,40049.50796781242
15.69999999999996,VALID,25.069123444774267,81.57729831479953,30030.366419561396,1048.1477497888648,40058.66003525442
15.79999999999996,VALID,25.069244463316373,81.57747111610173,30044.553614007982,1042.4136723099064,40031.81875481639
15.89999999999996,VALID,25.06936548165813,81.57764391774568,30044.56161123962,1026.702156099486,40072.7002319128
15.99999999999996,VALID,25.069486499799538,81.57781671973136,30062.60821614084,1039.6955599794678,40051.147018121315
16.09999999999996,VALID,25.069607517740593,81.5779895220588,30048.514221087546,1034.3891262111404,40034.84557655299
16.19999999999996,VALID,25.069728535481293,81.578162324728,30042.636993491837,1061.4751511926206,40063.79648506222
16.29999999999996,VALID,25.069849553021637,81.57833512773894,30059.740276273133,1055.1358918222697,40077.79070426286
16.399999999999963,VALID,25.069970570361622,81.57850793109165,30047.510848017086,1047.9425302974698,40044.9355438665
16.499999999999964,VALID,25.070091587501246,81.57868073478612,30048.9130718539,1043.286109589178,40063.27180441888
16.599999999999966,VALID,25.070212604440506,81.57885353882234,30066.273281250167,1059.4490925140747,40044.37491641051
16.699999999999967,VALID,25.0703336211794,81.57902634320034,30036.11907852416,1047.8770937559195,40054.31008610684
16.79999999999997,VALID,25.070454637717926,81.57919914792011,30035.440948449603,1046.9938472824597,40063.79582439797
16.89999999999997,VALID,25.070575654056082,81.57937195298165,30045.002097244225,1049.7615903068302,40038.852170359496
16.99999999999997,VALID,25.070696670193865,81.57954475838496,30051.55571675018,1062.3379834699822,40061.56793394237
17.099999999999973,VALID,25.07081768613127,81.57971756413005,30044.816983904926,1063.3347071763671,40054.84467010361
17.199999999999974,VALID,25.0709387018683,81.57989037021692,30057.126453952784,1040.9154081442791,40047.62261885106
17.299999999999976,VALID,25.07105971740495,81.58006317664557,30044.55715286136,1044.339148752918,40038.97139782846
17.399999999999977,VALID,25.071180732741215,81.580235983416,30053.455696262885,1038.8117247793016,40039.81577618764
17.49999999999998,VALID,25.071301747877097,81.58040879052822,30053.61189337876,1073.4758232432616,40030.071980964305
17.59999999999998,VALID,25.071422762812592,81.58058159798223,30042.602991609812,1048.8557173849674,40049.26836818525
17.69999999999998,VALID,25.071543777547696,81.58075440577804,30042.367900061487,1053.5645823880768,40047.00521781629
17.799999999999983,VALID,25.07166479208241,81.58092721391564,30032.207063790847,1063.1888977174544,40068.43269065376
17.899999999999984,VALID,25.071785806416727,81.58110002239505,30054.13204849698,1037.478203004266,40040.48940343892
17.999999999999986,VALID,25.07190682055065,81.58127283121625,30065.103215688527,1056.3017900675413,40051.89599949736
18.099999999999987,VALID,25.072027834484174,81.58144564037926,30049.327356771384,1051.918550656327,40068.6151032376
18.19999999999999,VALID,25.0721488482173,81.58161844988408,30053.79898424675,1037.2400133360215,40062.06811796671
18.29999999999999,VALID,25.07226986175002,81.5817912597307,30045.08606930177,1052.5013407762644,40067.72279402462
18.39999999999999,VALID,25.072390875082334,81.58196406991912,30048.081075871738,1056.8500856648627,40049.11594859172
18.499999999999993,VALID,25.07251188821424,81.58213688044937,30055.849499377204,1055.3576163804782,40066.74459547627
18.599999999999994,VALID,25.072632901145735,81.58230969132144,30049.550850000676,1050.1565399704214,40055.478440819905
18.699999999999996,VALID,25.072753913876817,81.58248250253533,30048.07733710335,1049.1543473190707,40061.82071316453
18.799999999999997,VALID,25.072874926407483,81.58265531409104,30035.90917814443,1067.9233072476106,40058.33890415782
18.9,VALID,25.07299593873773,81.58282812598858,30031.22298328525,1046.2950431435058,40050.48416962969
19.0,VALID,25.073116950867558,81.58300093822795,30049.844085060722,1055.7210076792642,40060.03587954976
19.1,VALID,25.073237962796963,81.58317375080915,30052.871416160724,1049.5184820222591,40056.989306188574
19.200000000000003,VALID,25.07335897452594,81.58334656373219,30056.799650550944,1051.7055851711218,40058.95192761522
19.300000000000004,VALID,25.073479986054494,81.58351937699706,30048.732641056053,1047.201047893029,40040.26010264013
19.400000000000006,VALID,25.073600997382616,81.58369219060377,30045.034908627986,1058.9740063316947,40039.892227939374
19.500000000000007,VALID,25.073722008510305,81.58386500455232,30052.277935852715,1053.878401449558,40048.111416546424
19.60000000000001,VALID,25.07384301943756,81.58403781884272,30057.808811631658,1036.2096188381909,40059.1862520538
19.70000000000001,VALID,25.07396403016438,81.58421063347497,30034.997563435034,1052.7569643234135,40046.86186444237
19.80000000000001,VALID,25.074085040690758,81.58438344844907,30042.247162692685,1061.4461655639961,40050.96317848477
19.900000000000013,VALID,25.074206051016695,81.58455626376502,30048.91487071956,1046.0713620365416,40055.29793247365
20.000000000000014,VALID,25.07432706114219,81.58472907942283,30047.42337693282,1067.341700770232,40030.3748262672
20.100000000000016,VALID,25.074448071067234,81.5849018954225,30031.768432266228,1047.0580497546382,40048.4037046544
20.200000000000017,VALID,25.07456908079183,81.58507471176404,30049.81071568626,1059.3298040308475,40063.96777241958
20.30000000000002,VALID,25.074690090315972,81.58524752844744,30060.521807275134,1071.435483846556,40047.666311691995
20.40000000000002,VALID,25.07481109963966,81.58542034547271,30068.404654214828,1051.6131725128096,40056.69298877861
20.50000000000002,VALID,25.07493210876289,81.58559316283986,30047.747447988917,1050.3868688165996,40056.59403434903
20.600000000000023,VALID,25.075053117685663,81.58576598054887,30032.94712670152,1060.7905516085254,40052.32853425714
20.700000000000024,VALID,25.075174126407973,81.58593879859976,30045.496223376176,1062.8771239217226,40062.34716350652
20.800000000000026,VALID,25.075295134929817,81.58611161699253,30062.061729259032,1037.040240021085,40046.27645750632
20.900000000000027,VALID,25.075416143251196,81.58628443572718,30061.3947939991,1066.248187365827,40026.961655229476
21.00000000000003,VALID,25.075537151372107,81.58645725480372,30038.44979605398,1057.130055998422,40058.79428162276
21.10000000000003,VALID,25.075658159292544,81.58663007422214,30027.582721577146,1054.0570299934282,40053.12564352385
21.20000000000003,VALID,25.075779167012506,81.58680289398245,30046.480005231835,1055.7263399270023,40056.10087788737
21.300000000000033,VALID,25.07590017453199,81.58697571408466,30047.772000622845,1044.1505351347496,40055.63424706472
21.400000000000034,VALID,25.076021181850997,81.58714853452877,30052.771391685146,1035.6026787655644,40044.72899672677
21.500000000000036,VALID,25.07614218896952,81.58732135531477,30055.410795187785,1050.5503686372256,40045.22313470814
21.600000000000037,VALID,25.07626319588756,81.58749417644268,30054.143088949513,1046.793202249437,40051.67910627512
21.70000000000004,VALID,25.076384202605112,81.58766699791249,30049.339270936798,1057.156565922448,40043.99196365966
21.80000000000004,VALID,25.076505209122175,81.58783981972421,30073.940992768217,1053.8698376673524,40041.48870595484
21.90000000000004,VALID,25.076626215438743,81.58801264187784,30046.0862676683,1061.5884467066733,40063.949223337804
22.000000000000043,VALID,25.076747221554818,81.58818546437338,30044.49318811787,1050.2305168988114,40053.33285794167
22.100000000000044,VALID,25.076868227470396,81.58835828721084,30063.2796151979,1039.1859939252051,40046.950459263615
22.200000000000045,VALID,25.076989233185472,81.58853111039022,30057.309662400934,1041.3712640683177,40059.37474890501
22.300000000000047,VALID,25.077110238700048,81.58870393391152,30056.025746292555,1052.9776682246527,40047.76732383117
22.40000000000005,VALID,25.07723124401412,81.58887675777474,30050.341472508397,1060.8568810861768,40061.54637410756
22.50000000000005,VALID,25.07735224912768,81.58904958197989,30060.657865958456,1044.7468739869578,40037.090513537696
22.60000000000005,VALID,25.077473254040733,81.58922240652699,30059.03658886307,1074.7050193427422,40052.834480035046
22.700000000000053,VALID,25.077594258753273,81.589395231416,30043.984309041694,1039.2756160793433,40050.5770025491
22.800000000000054,VALID,25.077715263265297,81.58956805664697,30051.986466581595,1052.4616472195282,40056.1361276818
22.900000000000055,VALID,25.077836267576803,81.58974088221987,30053.344165783787,1067.8442869024116,40046.66196756409
23.000000000000057,VALID,25.077957271687787,81.58991370813472,30052.924704285557,1051.6097563308658,40052.78108726621
23.10000000000006,VALID,25.078078275598248,81.5900865343915,30061.835387216885,1049.7859244820802,40076.40157097315
23.20000000000006,VALID,25.078199279308183,81.59025936099025,30064.108256698757,1042.2758996253128,40057.14590086125
23.30000000000006,VALID,25.07832028281759,81.59043218793094,30058.172220529053,1047.5145822094453,40055.773250440696
23.400000000000063,VALID,25.078441286126463,81.5906050152136,30042.982310455274,1057.3271938795415,40054.12559311897
23.500000000000064,VALID,25.078562289234803,81.59077784283821,30057.836254307458,1048.5692103166737,40063.65731892113
23.600000000000065,VALID,25.078683292142607,81.59095067080477,30045.63779707398,1047.9655054617342,40048.58831837483
23.700000000000067,VALID,25.07880429484987,81.59112349911331,30059.30479309582,1057.5487391198278,40050.96697089135
23.800000000000068,VALID,25.07892529735659,81.5912963277638,30054.70725624066,1058.5088980851176,40053.66350036473
23.90000000000007,VALID,25.079046299662767,81.59146915675626,30048.87836714091,1052.4787039634625,40056.96039840268
24.00000000000007,VALID,25.079167301768397,81.5916419860907,30046.646996633972,1066.1489071416554,40047.340198177655
24.100000000000072,VALID,25.079288303673476,81.59181481576712,30051.706323660972,1059.3598341358543,40044.799740258364
24.200000000000074,VALID,25.079409305378,81.59198764578552,30044.44006392865,1034.4117236635016,40063.641122727124
24.300000000000075,VALID,25.07953030688197,81.5921604761459,30063.077640838823,1054.0053527883438,40039.06950670517
24.400000000000077,VALID,25.079651308185383,81.59233330684827,30047.041384219443,1041.1789794068084,40048.05929936549
24.500000000000078,VALID,25.079772309288234,81.59250613789263,30039.220037943047,1046.1047174237149,40049.31511733323
24.60000000000008,VALID,25.07989331019052,81.59267896927896,30060.277546533092,1047.9369423829648,40060.365373273526
24.70000000000008,VALID,25.080014310892242,81.5928518010073,30041.202455495022,1067.3315769472388,40068.28762178462
24.800000000000082,VALID,25.08013531139339,81.59302463307763,30055.218232268566,1027.8563165967155,40039.22362170827
24.900000000000084,VALID,25.08025631169397,81.59319746548996,30053.146699531448,1043.9914732334416,40039.13161483587
25.000000000000085,VALID,25.080377311793974,81.59337029824431,30045.882328705127,1064.1425177224767,40048.640290043826
25.100000000000087,VALID,25.0804983116934,81.59354313134065,30053.481025103847,1065.2986753713326,40060.717691876234
25.200000000000088,VALID,25.080619311392248,81.59371596477901,30059.230057035173,1067.5225873590773,40059.12127315978
25.30000000000009,VALID,25.08074031089051,81.59388879855938,30039.504457062114,1068.7820869232173,40054.32456651769
25.40000000000009,VALID,25.080861310188187,81.59406163268176,30057.3923683953,1061.498798984537,40066.29830638475
25.500000000000092,VALID,25.080982309285275,81.59423446714617,30044.796409278664,1054.5591612943874,40053.290659210346
25.600000000000094,VALID,25.08110330818177,81.59440730195259,30061.872809001597,1047.278766990733,40054.052092869606
25.700000000000095,VALID,25.081224306877672,81.59458013710103,30029.138171192786,1043.9677341917914,40045.90557408149
25.800000000000097,VALID,25.081345305372977,81.59475297259151,30046.973113682132,1039.9081123079222,40053.00946756729
25.900000000000098,VALID,25.081466303667682,81.59492580842402,30039.38124363867,1045.1645217184077,40063.472178690776
26.0000000000001,VALID,25.081587301761783,81.59509864459856,30041.140182750125,1042.2984001740558,40047.78297676236
26.1000000000001,VALID,25.08170829965528,81.59527148111515,30031.01461496134,1021.0640753802601,40053.407501929905
26.200000000000102,VALID,25.081829297348165,81.59544431797377,30035.92431092768,1056.5991116360483,40037.18234816677
26.300000000000104,VALID,25.08195029484044,81.59561715517444,30043.662828345907,1049.518870993176,40036.579958448434
26.400000000000105,VALID,25.0820712921321,81.59578999271716,30050.813898285516,1051.5823142171093,40049.50640184099
26.500000000000107,VALID,25.08219228922314,81.59596283060192,30055.210988784795,1044.2013561323395,40047.837233773025
26.600000000000108,VALID,25.082313286113564,81.59613566882874,30067.93468016867,1051.1254598298658,40054.108773982414
26.70000000000011,VALID,25.082434282803362,81.59630850739761,30042.83793004823,1053.4630709191629,40048.84342426724
26.80000000000011,VALID,25.082555279292535,81.59648134630855,30050.0727344788,1033.8205208428626,40066.69749097866
26.900000000000112,VALID,25.08267627558108,81.59665418556155,30037.525563858922,1052.771545800749,40068.89818132308
27.000000000000114,VALID,25.08279727166899,81.59682702515661,30054.82834532426,1044.8263188692372,40041.703705911306
27.100000000000115,VALID,25.082918267556266,81.59699986509375,30055.359691323076,1046.4308614337306,40054.9761334842
27.200000000000117,VALID,25.083039263242906,81.59717270537296,30057.9847997559,1043.4667722427987,40052.67866623655
27.300000000000118,VALID,25.083160258728903,81.59734554599424,30053.399685229673,1060.533107173957,40066.4658772903
27.40000000000012,VALID,25.083281254014256,81.5975183869576,30048.816505045495,1030.4284129287382,40026.944325347235
27.50000000000012,VALID,25.083402249098963,81.59769122826305,30043.79367936891,1042.8462039427907,40044.646942872925
27.600000000000122,VALID,25.08352324398302,81.59786406991057,30040.52098529581,1049.0939050484349,40050.4001371886
27.700000000000124,VALID,25.083644238666423,81.5980369119002,30061.85079153884,1048.2062319268757,40048.61769516592
27.800000000000125,VALID,25.083765233149173,81.5982097542319,30051.450893317175,1046.5554582804557,40045.47676778049
27.900000000000126,VALID,25.08388622743126,81.59838259690571,30049.114034153652,1038.1767805582908,40054.52244711356
28.000000000000128,VALID,25.08400722151269,81.59855543992161,30043.32316817614,1035.3089493232433,40069.972199713426
28.10000000000013,VALID,25.084128215393452,81.59872828327963,30045.588433222656,1049.4224811115942,40053.28514238701
28.20000000000013,VALID,25.084249209073548,81.59890112697974,30042.17003858243,1048.1367406105107,40055.588309257844
28.300000000000132,VALID,25.08437020255297,81.59907397102197,30055.559570767346,1051.8316428196088,40067.82777404181
28.400000000000134,VALID,25.08449119583172,81.5992468154063,30032.286887077094,1047.2729905801716,40031.48877504267
28.500000000000135,VALID,25.08461218890979,81.59941966013275,30052.257422599992,1036.8583244690863,40063.07628775247
28.600000000000136,VALID,25.084733181787183,81.59959250520133,30055.035555085273,1059.434394516419,40036.24646155123
28.700000000000138,VALID,25.084854174463892,81.59976535061203,30052.849011631773,1042.319712018618,40038.27580200627
28.80000000000014,VALID,25.084975166939913,81.59993819636486,30049.813538674975,1053.448725101343,40034.94484174861
28.90000000000014,VALID,25.085096159215244,81.60011104245982,30034.84231121324,1045.389286905387,40042.39214262155
29.000000000000142,VALID,25.085217151289882,81.6002838888969,30052.27211594126,1041.4066709321655,40048.77973411803
29.100000000000144,VALID,25.085338143163824,81.60045673567612,30028.706762308386,1051.4846286709512,40054.5623545164
29.200000000000145,VALID,25.085459134837066,81.60062958279748,30032.93229685866,1040.831100820495,40036.30709883884
29.300000000000146,VALID,25.08558012630961,81.60080243026098,30055.62847856655,1037.10959110419,40053.45235776291
29.400000000000148,VALID,25.085701117581443,81.60097527806663,30039.79177877445,1052.757215604519,40046.10824807978
29.50000000000015,VALID,25.085822108652568,81.60114812621443,30054.30184282675,1054.0966006527988,40055.88107034552
29.60000000000015,VALID,25.085943099522982,81.60132097470438,30041.923353164148,1054.9008257234102,40062.11184974903
29.700000000000152,VALID,25.086064090192682,81.60149382353649,30050.40016573738,1073.4737977078698,40055.516483458756
29.800000000000153,VALID,25.08618508066166,81.60166667271075,30052.121925909138,1057.5603084331485,40053.65577480163
29.900000000000155,VALID,25.08630607092992,81.60183952222718,30041.967769866493,1047.1776421153832,40061.0182113526
30.000000000000156,VALID,25.08642706099745,81.60201237208578,30028.20770977784,1051.4772466181698,40055.36152033935
30.100000000000158,VALID,25.086548050864256,81.60218522228655,30063.249829598397,1060.951856179994,40053.573995609906
30.20000000000016,VALID,25.086669040530328,81.60235807282949,30050.473744643565,1036.672708064407,40057.443043596875
30.30000000000016,VALID,25.086790029995665,81.60253092371461,30051.155645040504,1032.2708164082946,40072.96139000534
30.400000000000162,VALID,25.086911019260267,81.60270377494192,30058.341974104922,1032.0712688131207,40048.52107361652
30.500000000000163,VALID,25.087032008324126,81.6028766265114,30061.686708976013,1046.442178626232,40061.59488240646
30.600000000000165,VALID,25.08715299718724,81.60304947842307,30048.475307711346,1046.2345298692887,40061.40784030704
30.700000000000166,VALID,25.087273985849606,81.60322233067694,30048.906391527824,1059.5594181454069,40038.84654683045
30.800000000000168,VALID,25.08739497431122,81.60339518327301,30046.151678175345,1060.6978403878168,40047.48870528389
30.90000000000017,VALID,25.087515962572077,81.60356803621127,30051.11538089594,1054.5050565063077,40057.20991118092
31.00000000000017,VALID,25.087636950632177,81.60374088949173,30042.50823065602,1040.8467495578961,40055.195576159334
31.100000000000172,VALID,25.087757938491514,81.6039137431144,30061.17614484407,1054.515467282632,40042.2299477169
31.200000000000173,VALID,25.087878926150086,81.60408659707929,30034.95218825446,1046.2148746188832,40054.74212021474
31.300000000000175,VALID,25.08799991360789,81.60425945138638,30045.255652128606,1031.8194185429356,40058.88838384055
31.400000000000176,VALID,25.088120900864922,81.6044323060357,30059.749212426235,1064.2383910698609,40050.51532815752
31.500000000000178,VALID,25.08824188792118,81.60460516102724,30055.57388426883,1044.1789871680169,40046.13409371546
31.60000000000018,VALID,25.088362874776656,81.604778016361,30072.42197613076,1047.75070133722,40058.65705712613
31.70000000000018,VALID,25.08848386143135,81.60495087203698,30048.59155152096,1033.7830787368453,40046.40721626677
31.800000000000182,VALID,25.088604847885257,81.6051237280552,30065.419980620405,1034.8980648373724,40048.95924255126
31.900000000000183,VALID,25.088725834138376,81.60529658441567,30038.713453896595,1066.8567327888813,40047.852649682965
32.000000000000185,VALID,25.088846820190703,81.60546944111836,30054.293968527807,1052.8162883012978,40035.752586987954
32.100000000000186,VALID,25.08896780604223,81.6056422981633,30048.953222331344,1065.2389832558458,40050.16345932113
32.20000000000019,VALID,25.08908879169296,81.60581515555049,30068.199228972717,1067.986891543954,40036.371793149294
32.30000000000019,VALID,25.089209777142884,81.60598801327993,30056.31694341532,1060.2439347799238,40033.323138224085
32.40000000000019,VALID,25.089330762392,81.60616087135162,30054.070416373088,1023.5861848741087,40054.91295602957
32.50000000000019,VALID,25.089451747440304,81.60633372976557,30062.656444603555,1052.7179023529138,40061.757147697375
32.60000000000019,VALID,25.089572732287795,81.60650658852178,30070.144155594142,1054.0837217926764,40033.35770523453
32.700000000000195,VALID,25.089693716934466,81.60667944762027,30056.807817348803,1051.7851582456533,40071.06266348803
32.800000000000196,VALID,25.089814701380316,81.60685230706102,30040.57686387857,1060.0609139636101,40051.4856428168
32.9000000000002,VALID,25.08993568562534,81.60702516684404,30042.13854132615,1065.0105676967096,40061.69386081822
33.0000000000002,VALID,25.090056669669533,81.60719802696934,30056.744004814154,1050.6171937965566,40054.07856029158
33.1000000000002,VALID,25.090177653512892,81.60737088743693,30055.43964371036,1036.115260347805,40032.975249043426
33.2000000000002,VALID,25.090298637155414,81.6075437482468,30060.705608796114,1054.9494031299782,40058.61932818936
33.3000000000002,VALID,25.090419620597096,81.60771660939896,30052.685293753297,1065.3866024940733,40062.28805132607
33.400000000000205,VALID,25.090540603837933,81.60788947089341,30045.871619285208,1057.2852186916573,40062.482089402794
33.500000000000206,VALID,25.09066158687792,81.60806233273016,30039.087604592172,1032.8905714035886,40049.3029002149
33.60000000000021,VALID,25.090782569717057,81.60823519490921,30050.475572973948,1056.7717075605012,40045.23558876808
33.70000000000021,VALID,25.090903552355336,81.60840805743057,30049.490631549834,1048.6757976648732,40055.784802811
33.80000000000021,VALID,25.091024534792755,81.60858092029423,30057.827326269064,1041.3415579965244,40058.21998079492
33.90000000000021,VALID,25.09114551702931,81.6087537835002,30052.7053983503,1058.1494094177021,40052.81021523741
34.00000000000021,VALID,25.091266499064997,81.6089266470485,30048.040880353314,1052.7595400262342,40039.6691900998
34.100000000000215,VALID,25.09138748089981,81.60909951093913,30072.504291453715,1038.6814616601107,40046.03221127923
34.200000000000216,VALID,25.091508462533753,81.60927237517208,30051.670217816027,1035.3148717240263,40051.220547809426
34.30000000000022,VALID,25.091629443966813,81.60944523974736,30034.677904332395,1053.4154773041241,40058.36547279359
34.40000000000022,VALID,25.09175042519899,81.60961810466496,30054.302238677217,1057.3025299049107,40059.47538327445
34.50000000000022,VALID,25.091871406230275,81.6097909699249,30057.53809948914,1057.3122104628746,40054.33471392487
34.60000000000022,VALID,25.09199238706067,81.6099638355272,30087.845737689873,1063.7559120677174,40021.408504287436
34.70000000000022,VALID,25.09211336769017,81.61013670147183,30060.99290279231,1061.9335131379146,40057.38723269946
34.800000000000225,VALID,25.092234348118772,81.61030956775882,30041.309096465306,1047.873884991979,40044.948808203444
34.900000000000226,VALID,25.092355328346468,81.61048243438816,30034.720013514336,1064.6860636034262,40050.59646956143
35.00000000000023,VALID,25.092476308373257,81.61065530135986,30068.028337370422,1054.243367407242,40045.71003954915
35.10000000000023,VALID,25.092597288199133,81.61082816867392,30049.970274722775,1048.3460800315725,40042.20390046091
35.20000000000023,VALID,25.092718267824093,81.61100103633035,30048.850254833917,1045.8702322528745,40057.925104295864
35.30000000000023,VALID,25.092839247248133,81.61117390432915,30059.814053087404,1069.147818510734,40054.67727519962
35.40000000000023,VALID,25.092960226471245,81.61134677267033,30030.723570581747,1051.707877235701,40041.61445905573
35.500000000000234,VALID,25.09308120549343,81.6115196413539,30053.564169400957,1048.0683355322144,40054.88182913472
35.600000000000236,VALID,25.09320218431468,81.61169251037984,30038.793959617797,1040.2525275770045,40073.948425506955
35.70000000000024,VALID,25.093323162934993,81.61186537974817,30051.47076657737,1072.813112374343,40045.19824633632
35.80000000000024,VALID,25.093444141354365,81.61203824945889,30054.039951540664,1054.5884665013525,40052.285433054276
35.90000000000024,VALID,25.09356511957279,81.61221111951201,30055.13635085219,1047.9514178434245,40047.63308446253
36.00000000000024,VALID,25.093686097590265,81.61238398990754,30056.792909915723,1046.8563154217597,40051.016607105485
36.10000000000024,VALID,25.093807075406783,81.61255686064547,30053.59314250697,1061.8269548868486,40058.27711361896
36.200000000000244,VALID,25.093928053022342,81.6127297317258,30048.975496371157,1059.8323364729115,40034.58084282795
36.300000000000246,VALID,25.09404903043694,81.61290260314857,30038.246266200324,1053.0279784798145,40061.61487546454
36.40000000000025,VALID,25.094170007650565,81.61307547491376,30039.220681412364,1048.1945430487074,40052.624307913975
36.50000000000025,VALID,25.094290984663218,81.61324834702137,30051.004421021593,1058.1332748761654,40055.83573971828
36.60000000000025,VALID,25.094411961474894,81.6134212194714,30055.502255004998,1054.100490067275,40038.50738561497
36.70000000000025,VALID,25.094532938085585,81.61359409226388,30049.672248275445,1036.2171830465863,40054.154426301444
36.80000000000025,VALID,25.094653914495293,81.61376696539878,30050.409850012282,1044.367201686235,40035.16293657313
36.900000000000254,VALID,25.09477489070401,81.61393983887614,30067.80675276669,1053.6713698894646,40040.6850723983
37.000000000000256,VALID,25.094895866711727,81.61411271269593,30060.663756550086,1037.5786412449834,40056.85695423233
37.10000000000026,VALID,25.095016842518447,81.61428558685817,30054.891889366227,1055.2786079972634,40061.432574669656
37.20000000000026,VALID,25.09513781812416,81.61445846136289,30042.63099910254,1038.5080301551498,40057.20985702072
37.30000000000026,VALID,25.095258793528863,81.61463133621005,30034.586130784435,1053.4038663977667,40058.8044056759
37.40000000000026,VALID,25.095379768732553,81.61480421139969,30046.146158801632,1059.7633155223095,40045.22100529198
37.50000000000026,VALID,25.095500743735222,81.6149770869318,30037.472592989274,1054.4629284179534,40066.92997393036
37.600000000000264,VALID,25.095621718536865,81.61514996280638,30046.09427184135,1028.7343353217018,40060.40382483513
37.700000000000266,VALID,25.09574269313748,81.61532283902345,30073.574179668838,1056.6169482634632,40056.03109054727
37.80000000000027,VALID,25.09586366753706,81.61549571558301,30054.384741800393,1046.1802167866888,40048.962813661274
37.90000000000027,VALID,25.0959846417356,81.61566859248505,30054.783887066176,1059.082927624547,40051.71652627155
38.00000000000027,VALID,25.096105615733098,81.61584146972959,30045.452797224745,1061.487373447059,40022.229020724444
38.10000000000027,VALID,25.096226589529547,81.61601434731664,30055.964450151256,1059.7081470573967,40062.13324833867
38.20000000000027,VALID,25.09634756312494,81.6161872252462,30042.639245044982,1058.151429103912,40045.20722776572
38.300000000000274,VALID,25.096468536519275,81.61636010351826,30055.8273259392,1044.7982637143023,40039.30320996688
38.400000000000276,VALID,25.096589509712544,81.61653298213284,30058.305614584064,1053.7021120888508,40034.60961470021
38.50000000000028,VALID,25.096710482704744,81.61670586108994,30053.10486996486,1054.7615716468263,40030.035368329314
38.60000000000028,VALID,25.096831455495867,81.61687874038957,30046.412730158994,1055.4385121418209,40061.188522845114
38.70000000000028,VALID,25.09695242808591,81.61705162003173,30056.57851221982,1046.9495085706506,40057.66209623265
38.80000000000028,VALID,25.09707340047487,81.61722450001642,30040.172756479144,1052.6067014784664,40050.704496157785
38.90000000000028,VALID,25.097194372662738,81.61739738034366,30056.5796835399,1045.5679191441905,40050.73074057879
39.000000000000284,VALID,25.09731534464951,81.61757026101344,30031.924069902878,1049.7332963617132,40052.09605981146
39.100000000000286,VALID,25.09743631643518,81.61774314202577,30048.493998999405,1044.304663571576,40055.33710453175
39.20000000000029,VALID,25.097557288019743,81.61791602338067,30063.728509334913,1053.918149743692,40045.17262724699
39.30000000000029,VALID,25.097678259403196,81.61808890507814,30054.920623125872,1051.5722260304733,40046.70692985456
39.40000000000029,VALID,25.09779923058553,81.61826178711817,30032.13885146472,1041.2147282405354,40040.6688766771
39.50000000000029,VALID,25.09792020156674,81.61843466950077,30068.427154823374,1059.8853108072708,40051.52063863891
39.60000000000029,VALID,25.09804117234682,81.61860755222595,30056.398517764537,1052.0552535961854,40038.15011464698
39.700000000000294,VALID,25.098162142925766,81.61878043529373,30038.38075130631,1054.268851457875,40050.15791981459
39.800000000000296,VALID,25.09828311330357,81.61895331870409,30052.672727852438,1035.555410642457,40050.69637234186
39.9000000000003,VALID,25.09840408348023,81.61912620245704,30058.566233044832,1031.479906237646,40052.369763068666
40.0000000000003,VALID,25.098525053455738,81.6192990865526,30035.190473152048,1048.988527439827,40053.47178900656
40.1000000000003,VALID,25.09864602323009,81.61947197099077,30033.886987620685,1040.5041791117685,40036.94785858916
40.2000000000003,VALID,25.098766992803274,81.61964485577155,30049.56910443112,1050.3078683314016,40044.09337494896
40.3000000000003,VALID,25.09888796217529,81.61981774089496,30052.92814588719,1048.6965139402125,40050.13579963457
40.400000000000304,VALID,25.09900893134613,81.61999062636099,30056.329078190745,1052.4591541433576,40060.826777128095
40.500000000000306,VALID,25.099129900315788,81.62016351216964,30047.061744006216,1059.196228537432,40053.78452512155
40.60000000000031,VALID,25.09925086908426,81.62033639832093,30056.99785039549,1048.3823987755748,40057.36350373844
40.70000000000031,VALID,25.099371837651535,81.62050928481487,30048.321350395865,1061.345922373091,40040.9532834778
40.80000000000031,VALID,25.09949280601761,81.62068217165147,30051.446057796213,1038.0902696889698,40048.387027760415
40.90000000000031,VALID,25.09961377418248,81.62085505883071,30036.203458470245,1047.340485672787,40045.045645506136
41.00000000000031,VALID,25.099734742146136,81.62102794635261,30050.687432514424,1046.3155184244215,40044.862309137556
41.100000000000314,VALID,25.099855709908574,81.62120083421719,30030.39870136736,1048.0916340780022,40055.26120814978
41.200000000000315,VALID,25.099976677469787,81.62137372242444,30052.414583077236,1058.444447810006,40052.89583287609
41.30000000000032,VALID,25.100097644829766,81.62154661097436,30042.556344435325,1059.260161782531,40050.08460772097
41.40000000000032,VALID,25.100218611988506,81.62171949986697,30053.16238936424,1036.7821427210695,40035.91180941429
41.50000000000032,VALID,25.100339578946002,81.62189238910227,30057.554906566038,1050.7769720156023,40052.265572997865
41.60000000000032,VALID,25.100460545702248,81.62206527868028,30033.918845579403,1049.1961827063615,40032.599600238595
41.70000000000032,VALID,25.100581512257232,81.62223816860099,30053.87113994541,1055.7466512733927,40047.75368666397
41.800000000000324,VALID,25.100702478610952,81.62241105886442,30041.11309728158,1055.7955238148934,40047.73624070146
41.900000000000325,VALID,25.1008234447634,81.62258394947055,30059.8730924343,1050.8217185437566,40027.77705836833
42.00000000000033,VALID,25.10094441071457,81.62275684041941,30048.566362978232,1069.76717299726,40053.46709877891
42.10000000000033,VALID,25.10106537646445,81.62292973171101,30044.11877648326,1051.9047071562334,40062.88410487007
42.20000000000033,VALID,25.10118634201304,81.62310262334535,30048.847494613532,1047.939491080596,40061.05714627628
42.30000000000033,VALID,25.10130730736033,81.62327551532243,30069.753715303497,1050.4340254777312,40034.48073496518
42.40000000000033,VALID,25.101428272506308,81.62344840764227,30071.669612415735,1049.7957463768792,40035.24831178015
42.500000000000334,VALID,25.10154923745097,81.62362130030486,30049.829658978204,1057.681203934254,40053.52780611689
42.600000000000335,VALID,25.101670202194313,81.62379419331022,30039.30117126922,1047.6310640378647,40060.55047058705
42.70000000000034,VALID,25.101791166736326,81.62396708665835,30066.497082313694,1068.0595377437805,40060.78059215909
42.80000000000034,VALID,25.101912131077,81.62413998034927,30048.247708160503,1047.6175751161327,40066.2210136556
42.90000000000034,VALID,25.10203309521633,81.62431287438297,30045.481847026756,1054.2792771833872,40036.02435607462
43.00000000000034,VALID,25.10215405915431,81.62448576875946,30052.78239208211,1057.354317135801,40049.387198161276
43.10000000000034,VALID,25.102275022890925,81.62465866347875,30036.146244866475,1037.6415831410836,40041.75022985138
43.200000000000344,VALID,25.102395986426174,81.62483155854086,30058.947873654826,1062.7173222334648,40041.64202353319
43.300000000000345,VALID,25.102516949760044,81.62500445394579,30049.217543646067,1051.285535739217,40054.058278331504
43.40000000000035,VALID,25.10263791289253,81.62517734969354,30040.095725786443,1048.183060888038,40030.58192777634
43.50000000000035,VALID,25.10275887582362,81.62535024578413,30056.76057955949,1043.1544804098544,40054.30157161651
43.60000000000035,VALID,25.102879838553314,81.62552314221756,30038.58533259366,1051.3973943525173,40061.64572399971
43.70000000000035,VALID,25.103000801081595,81.62569603899384,30054.690983893677,1034.3732383123604,40065.10016442041
43.80000000000035,VALID,25.10312176340846,81.62586893611297,30046.99611717869,1032.6320581460293,40044.717314938636
43.900000000000354,VALID,25.1032427255339,81.62604183357496,30049.236240222715,1054.0440891352023,40035.3535972606
44.000000000000355,VALID,25.103363687457904,81.62621473137982,30054.469939471936,1057.3524612437334,40050.80157551575
44.10000000000036,VALID,25.103484649180466,81.62638762952756,30043.50141135872,1069.107713680292,40049.95588817822
44.20000000000036,VALID,25.103605610701575,81.62656052801819,30050.338499793444,1055.676828652824,40053.704277460296
44.30000000000036,VALID,25.103726572021223,81.62673342685171,30060.845862933846,1054.7323677318338,40037.614092608346
44.40000000000036,VALID,25.1038475331394,81.62690632602815,30063.934980025166,1035.2091896242089,40033.99646432542
44.50000000000036,VALID,25.103968494056097,81.62707922554749,30036.51978687117,1052.250206593367,40047.75419379517
44.600000000000364,VALID,25.104089454771305,81.62725212540975,30060.47066553252,1065.5155058225687,40044.046112918026
44.700000000000365,VALID,25.104210415285017,81.62742502561495,30053.874253909176,1043.5068728907092,40065.66609883718
44.80000000000037,VALID,25.10433137559722,81.62759792616309,30057.947468745213,1048.457278339352,40063.82231186815
44.90000000000037,VALID,25.104452335707904,81.62777082705418,30041.723575395245,1054.172840688843,40036.63548057999
45.00000000000037,VALID,25.10457329561706,81.62794372828823,30036.21490559724,1042.8833585559694,40052.39432181686
45.10000000000037,VALID,25.10469425532468,81.62811662986525,30052.749695353566,1060.506379260989,40056.32874175109
45.20000000000037,VALID,25.104815214830754,81.62828953178524,30045.792502487,1036.6981536363994,40042.11386429298
45.300000000000374,VALID,25.104936174135272,81.62846243404822,30055.46982146035,1049.6447644022442,40065.77881854296
45.400000000000375,VALID,25.10505713323822,81.62863533665418,30038.352890997085,1037.0646399413,40056.36468886369
45.50000000000038,VALID,25.10517809213959,81.62880823960316,30039.796623283055,1050.957300724701,40054.74869103105
45.60000000000038,VALID,25.10529905083937,81.62898114289516,30043.245470394006,1053.079407501554,40050.885049689095
45.70000000000038,VALID,25.105420009337553,81.62915404653018,30054.68559798856,1033.9550288333824,40041.819498885416
45.80000000000038,VALID,25.105540967634127,81.62932695050823,30065.01060576466,1061.7601444108905,40048.39082722803
45.90000000000038,VALID,25.105661925729077,81.62949985482932,30041.180454443533,1043.745598491899,40047.101117110855
46.000000000000384,VALID,25.105782883622396,81.62967275949347,30044.484999556935,1031.9015757501797,40063.44042741032
46.100000000000385,VALID,25.10590384131407,81.62984566450069,30040.567034438307,1065.2646086571467,40040.92013866356
46.20000000000039,VALID,25.10602479880409,81.63001856985099,30035.21404801177,1056.0811672430905,40049.868877847744
46.30000000000039,VALID,25.10614575609244,81.63019147554436,30059.234560573223,1030.1697804155524,40072.32871534745
46.40000000000039,VALID,25.106266713179114,81.63036438158085,30058.964532704234,1041.7671968944485,40043.372464258544
46.50000000000039,VALID,25.106387670064095,81.63053728796044,30041.264113791247,1056.125948409939,40040.84876942931
46.60000000000039,VALID,25.10650862674737,81.63071019468315,30049.728209469708,1056.1946533625871,40055.081696244815
46.700000000000394,VALID,25.10662958322893,81.63088310174898,30067.817346372867,1045.296114095756,40045.107972469
46.800000000000395,VALID,25.106750539508763,81.63105600915796,30063.88468288405,1048.5327393043362,40060.13958452932
46.9000000000004,VALID,25.106871495586855,81.63122891691009,30065.264913684267,1061.0016844647748,40051.81603961151
47.0000000000004,VALID,25.106992451463192,81.63140182500538,30054.700827335848,1049.8998482978016,40050.53739489173
47.1000000000004,VALID,25.10711340713776,81.63157473344386,30047.14301907955,1040.6521438562213,40043.290047003706
47.2000000000004,VALID,25.107234362610548,81.63174764222552,30042.001614009852,1064.039421945303,40041.13404720062
47.3000000000004,VALID,25.107355317881538,81.63192055135039,30030.67700292145,1059.443792301407,40050.2147035629
47.400000000000404,VALID,25.10747627295072,81.63209346081848,30060.514488485198,1034.9647560302938,40049.14141843253
47.500000000000405,VALID,25.10759722781808,81.6322663706298,30064.93691005016,1051.212503384819,40033.43166010693
47.600000000000406,VALID,25.107718182483598,81.63243928078435,30046.917185599767,1048.9425946674696,40030.208296701836
47.70000000000041,VALID,25.107839136947266,81.63261219128216,30056.824123656086,1053.118658960169,40046.91290459849
47.80000000000041,VALID,25.107960091209065,81.63278510212324,30036.717843216073,1045.9764461122757,40052.28361034463
47.90000000000041,VALID,25.10808104526898,81.6329580133076,30056.54919032673,1045.0810239758796,40045.32061441171
48.00000000000041,VALID,25.108201999127,81.63313092483526,30039.157982189347,1060.8632721971826,40053.963896008834
48.10000000000041,VALID,25.108322952783105,81.63330383670622,30031.79248370142,1048.485109144464,40058.47817632172
48.200000000000415,VALID,25.10844390623728,81.63347674892051,30041.638303538366,1059.7231588219524,40045.59931901012
48.300000000000416,VALID,25.108564859489505,81.63364966147815,30059.224337291183,1069.0470426748918,40050.13579188227
48.40000000000042,VALID,25.10868581253977,81.63382257437912,30040.01684914951,1032.836455829575,40057.82484025
48.50000000000042,VALID,25.10880676538805,81.63399548762348,30034.625582154404,1045.8627388932955,40042.03356860416
48.60000000000042,VALID,25.108927718034334,81.63416840121121,30063.108770735176,1039.8105430609357,40049.315791975525
48.70000000000042,VALID,25.1090486704786,81.63434131514235,30043.45025199578,1050.1408077547985,40053.553061255945
48.80000000000042,VALID,25.109169622720835,81.63451422941691,30055.04714840464,1037.8920308616005,40066.02016980015
48.900000000000425,VALID,25.109290574761015,81.6346871440349,30058.289644558023,1042.4000388988627,40052.13137235589
49.000000000000426,VALID,25.109411526599125,81.63486005899634,30039.722277128134,1042.0392598279261,40051.115249588875
49.10000000000043,VALID,25.109532478235142,81.63503297430125,30049.299821906385,1038.1684687381512,40046.04257608578
49.20000000000043,VALID,25.10965342966905,81.63520588994965,30066.136954933016,1066.1511692253662,40044.87557492562
49.30000000000043,VALID,25.109774380900827,81.63537880594154,30043.89805390176,1019.1227522210165,40038.44567289671
49.40000000000043,VALID,25.109895331930453,81.63555172227696,30042.257997442444,1055.0788148364231,40053.79976510959
49.50000000000043,VALID,25.110016282757908,81.63572463895592,30035.752289454173,1062.051927125621,40041.69952246623
49.600000000000435,VALID,25.110137233383167,81.63589755597845,30036.062700428567,1056.6023609812282,40043.42762585007
49.700000000000436,VALID,25.110258183806213,81.63607047334455,30047.7222612731,1042.8945971975163,40059.403281692554
49.80000000000044,VALID,25.11037913402702,81.63624339105424,30064.05227290869,1045.9809920890689,40047.03989564009
49.90000000000044,VALID,25.110500084045565,81.63641630910755,30042.850304011907,1041.481731462163,40045.48029961466
50.00000000000044,INVALID,25.110621033861825,81.6365892275045,nan,nan,nan
50.10000000000044,INVALID,25.110741983475776,81.63676214624512,nan,nan,nan
50.20000000000044,INVALID,25.110862932887397,81.63693506532941,nan,nan,nan
50.300000000000445,INVALID,25.110983882096658,81.6371079847574,nan,nan,nan
50.400000000000446,INVALID,25.111104831103535,81.63728090452913,nan,nan,nan
50.50000000000045,INVALID,25.111225779908,81.63745382464461,nan,nan,nan
50.60000000000045,INVALID,25.111346728510025,81.63762674510386,nan,nan,nan
50.70000000000045,INVALID,25.111467676909584,81.63779966590691,nan,nan,nan
50.80000000000045,INVALID,25.11158862510665,81.6379725870538,nan,nan,nan
50.90000000000045,INVALID,25.111709573101187,81.63814550854453,nan,nan,nan
51.000000000000455,INVALID,25.111830520893168,81.63831843037913,nan,nan,nan
51.100000000000456,INVALID,25.111951468482562,81.63849135255764,nan,nan,nan
51.20000000000046,INVALID,25.11207241586934,81.63866427508007,nan,nan,nan
51.30000000000046,INVALID,25.112193363053464,81.63883719794649,nan,nan,nan
51.40000000000046,INVALID,25.112314310034904,81.63901012115689,nan,nan,nan
51.50000000000046,INVALID,25.112435256813622,81.6391830447113,nan,nan,nan
51.60000000000046,INVALID,25.11255620338958,81.63935596860978,nan,nan,nan
51.700000000000465,INVALID,25.112677149762746,81.63952889285234,nan,nan,nan
51.800000000000466,INVALID,25.112798095933076,81.63970181743902,nan,nan,nan
51.90000000000047,INVALID,25.112919041900536,81.63987474236986,nan,nan,nan
52.00000000000047,INVALID,25.11303998766508,81.64004766764488,nan,nan,nan
52.10000000000047,INVALID,25.113160933226666,81.64022059326413,nan,nan,nan
52.20000000000047,INVALID,25.113281878585255,81.64039351922766,nan,nan,nan
52.30000000000047,INVALID,25.1134028237408,81.64056644553548,nan,nan,nan
52.400000000000475,INVALID,25.11352376869325,81.64073937218765,nan,nan,nan
52.500000000000476,INVALID,25.113644713442557,81.64091229918421,nan,nan,nan
52.60000000000048,INVALID,25.113765657988676,81.64108522652519,nan,nan,nan
52.70000000000048,INVALID,25.113886602331547,81.64125815421066,nan,nan,nan
52.80000000000048,INVALID,25.11400754647112,81.64143108224064,nan,nan,nan
52.90000000000048,INVALID,25.114128490407342,81.64160401061521,nan,nan,nan
53.00000000000048,INVALID,25.11424943414015,81.64177693933439,nan,nan,nan
53.100000000000485,INVALID,25.11437037766948,81.64194986839826,nan,nan,nan
53.200000000000486,INVALID,25.114491320995274,81.64212279780685,nan,nan,nan
53.30000000000049,INVALID,25.11461226411746,81.64229572756022,nan,nan,nan
53.40000000000049,INVALID,25.11473320703597,81.64246865765845,nan,nan,nan
53.50000000000049,INVALID,25.114854149750737,81.6426415881016,nan,nan,nan
53.60000000000049,INVALID,25.114975092261677,81.64281451888972,nan,nan,nan
53.70000000000049,INVALID,25.115096034568715,81.64298745002289,nan,nan,nan
53.800000000000495,INVALID,25.115216976671768,81.64316038150118,nan,nan,nan
53.900000000000496,INVALID,25.11533791857075,81.64333331332465,nan,nan,nan
54.0000000000005,INVALID,25.115458860265562,81.6435062454934,nan,nan,nan
54.1000000000005,INVALID,25.115579801756116,81.6436791780075,nan,nan,nan
54.2000000000005,INVALID,25.115700743042304,81.64385211086704,nan,nan,nan
54.3000000000005,INVALID,25.115821684124022,81.64402504407212,nan,nan,nan
54.4000000000005,INVALID,25.115942625001153,81.64419797762284,nan,nan,nan
54.500000000000504,INVALID,25.11606356567358,81.64437091151929,nan,nan,nan
54.600000000000506,INVALID,25.116184506141174,81.64454384576159,nan,nan,nan
54.70000000000051,INVALID,25.1163054464038,81.64471678034984,nan,nan,nan
54.80000000000051,INVALID,25.11642638646131,81.64488971528418,nan,nan,nan
54.90000000000051,INVALID,25.116547326313555,81.64506265056474,nan,nan,nan
55.00000000000051,INVALID,25.116668265960367,81.64523558619166,nan,nan,nan
55.10000000000051,INVALID,25.11678920540157,81.64540852216508,nan,nan,nan
55.200000000000514,INVALID,25.116910144636975,81.64558145848518,nan,nan,nan
55.300000000000516,INVALID,25.117031083666376,81.64575439515214,nan,nan,nan
55.40000000000052,INVALID,25.11715202248955,81.64592733216612,nan,nan,nan
55.50000000000052,INVALID,25.11727296110626,81.64610026952735,nan,nan,nan
55.60000000000052,INVALID,25.117393899516244,81.64627320723605,nan,nan,nan
55.70000000000052,INVALID,25.117514837719217,81.64644614529246,nan,nan,nan
55.80000000000052,INVALID,25.117635775714866,81.64661908369685,nan,nan,nan
55.900000000000524,INVALID,25.117756713502846,81.64679202244952,nan,nan,nan
56.000000000000526,INVALID,25.11787765108278,81.64696496155078,nan,nan,nan
56.10000000000053,INVALID,25.117998588454235,81.647137901001,nan,nan,nan
56.20000000000053,INVALID,25.11811952561674,81.6473108408006,nan,nan,nan
56.30000000000053,INVALID,25.11824046256976,81.64748378095003,nan,nan,nan
56.40000000000053,INVALID,25.11836139931268,81.64765672144979,nan,nan,nan
56.50000000000053,INVALID,25.1184823358448,81.64782966230051,nan,nan,nan
56.600000000000534,INVALID,25.11860327216531,81.64800260350287,nan,nan,nan
56.700000000000536,INVALID,25.118724208273257,81.64817554505768,nan,nan,nan
56.80000000000054,INVALID,25.11884514416751,81.64834848696592,nan,nan,nan
56.90000000000054,INVALID,25.118966079846697,81.64852142922874,nan,nan,nan
57.00000000000054,INVALID,25.11908701530913,81.64869437184758,nan,nan,nan
57.10000000000054,INVALID,25.11920795055267,81.64886731482429,nan,nan,nan
57.20000000000054,INVALID,25.119328885574532,81.64904025816122,nan,nan,nan
57.300000000000544,INVALID,25.11944982037092,81.64921320186163,nan,nan,nan
57.400000000000546,INVALID,25.119570754936372,81.64938614593017,nan,nan,nan
57.50000000000055,INVALID,25.119691689262357,81.64955909037411,nan,nan,nan
57.60000000000055,INVALID,25.11981262333364,81.64973203520645,nan,nan,nan
57.70000000000055,INVALID,25.11993355711534,81.64990498045697,nan,nan,nan
57.80000000000055,INVALID,25.120131082602306,81.65016367721526,nan,nan,nan
57.90000000000055,INVALID,25.12026216502468,81.65032735478187,nan,nan,nan
58.000000000000554,INVALID,25.12039324726712,81.65049103269983,nan,nan,nan
58.100000000000556,INVALID,25.120524329329623,81.65065471096915,nan,nan,nan
58.20000000000056,INVALID,25.120655411212187,81.65081838958983,nan,nan,nan
58.30000000000056,INVALID,25.12078649291481,81.65098206856187,nan,nan,nan
58.40000000000056,INVALID,25.12091757443749,81.65114574788528,nan,nan,nan
58.50000000000056,INVALID,25.12104865578023,81.65130942756005,nan,nan,nan
58.60000000000056,INVALID,25.12117973694302,81.6514731075862,nan,nan,nan
58.700000000000564,INVALID,25.121310817925863,81.65163678796371,nan,nan,nan
58.800000000000566,INVALID,25.121441898728758,81.6518004686926,nan,nan,nan
58.90000000000057,INVALID,25.1215729793517,81.65196414977287,nan,nan,nan
59.00000000000057,INVALID,25.121704059794688,81.65212783120452,nan,nan,nan
59.10000000000057,INVALID,25.121835140057723,81.65229151298756,nan,nan,nan
59.20000000000057,INVALID,25.1219662201408,81.65245519512199,nan,nan,nan
59.30000000000057,INVALID,25.122097300043915,81.6526188776078,nan,nan,nan
59.400000000000574,INVALID,25.122228379767073,81.65278256044499,nan,nan,nan
59.500000000000576,INVALID,25.122359459310267,81.6529462436336,nan,nan,nan
59.60000000000058,INVALID,25.1224905386735,81.65310992717359,nan,nan,nan
59.70000000000058,INVALID,25.122621617856765,81.65327361106499,nan,nan,nan
59.80000000000058,INVALID,25.12275269686006,81.65343729530778,nan,nan,nan
59.90000000000058,INVALID,25.12288377568339,81.65360097990198,nan,nan,nan
60.00000000000058,VALID,25.123014854326748,81.65376466484759,30077.300016642726,1043.186659451593,40044.83118857614
60.100000000000584,VALID,25.12314593279013,81.65392835014461,30048.95934045799,1056.080930022981,40036.15085310392
60.200000000000585,VALID,25.12327701107354,81.65409203579304,30043.17496439883,1048.1532918311696,40061.124054450134
60.30000000000059,VALID,25.123408089176973,81.6542557217929,30052.025885768962,1057.0295157811215,40047.8069716808
60.40000000000059,VALID,25.123539167100425,81.65441940814416,30052.52566306844,1055.0459715034422,40045.6570060906
60.50000000000059,VALID,25.123670244843897,81.65458309484686,30035.854108690997,1070.9051995553305,40070.925848920815
60.60000000000059,VALID,25.123801322407388,81.65474678190097,30044.336790906116,1048.6466984226306,40042.85314264527
60.70000000000059,VALID,25.123932399790895,81.65491046930651,30055.507355093963,1070.8578340431668,40062.23415289456
60.800000000000594,VALID,25.124063476994415,81.6550741570635,30061.73788205976,1052.7047477246765,40051.8625435753
60.900000000000595,VALID,25.124194554017947,81.6552378451719,30036.089010072257,1059.1544737520587,40063.31067159646
61.0000000000006,VALID,25.124325630861488,81.65540153363175,30065.97642897321,1051.8765417859038,40046.69307940278
61.1000000000006,VALID,25.124456707525038,81.65556522244303,30043.9967787701,1035.1866496538441,40045.50850686753
61.2000000000006,VALID,25.124587784008593,81.65572891160575,30044.549149926843,1062.925640788579,40045.37433800221
61.3000000000006,VALID,25.124718860312154,81.65589260111992,30068.483399710032,1056.8771236555326,40047.9276792619
61.4000000000006,VALID,25.12484993643572,81.65605629098553,30054.799050397793,1053.5762605271898,40040.351377813786
61.500000000000604,VALID,25.124981012379283,81.6562199812026,30065.73271619785,1049.8261521727889,40052.531542546
61.600000000000605,VALID,25.12511208814285,81.65638367177111,30049.022422957176,1056.6018499965146,40053.54593325732
61.70000000000061,VALID,25.12524316372641,81.65654736269107,30057.242130571256,1048.978382113909,40035.71342359687
61.80000000000061,VALID,25.125374239129968,81.6567110539625,30054.683790863135,1056.03293294626,40054.421328963035
61.90000000000061,VALID,25.125505314353518,81.65687474558538,30034.656695838825,1058.1715339922514,40055.62227650229
62.00000000000061,VALID,25.12563638939706,81.65703843755973,30055.98013759821,1051.2812785880271,40029.444500435646
62.10000000000061,VALID,25.12576746426059,81.65720212988555,30062.005888250624,1054.1947000009861,40059.44103088181
62.200000000000614,VALID,25.12589853894411,81.65736582256282,30054.90071359774,1052.5954325876194,40068.858399048266
62.300000000000615,VALID,25.126029613447617,81.65752951559158,30050.40110814309,1070.324844324293,40037.78539207677
62.40000000000062,VALID,25.126160687771108,81.6576932089718,30045.466756604048,1064.30285786768,40060.642849189215
62.50000000000062,VALID,25.12629176191458,81.65785690270351,30046.565799879598,1035.650952722853,40050.18503996198
62.60000000000062,VALID,25.12642283587803,81.6580205967867,30061.267026904763,1072.464019356254,40045.645384859505
62.70000000000062,VALID,25.126553909661464,81.65818429122136,30038.469475776674,1046.8433813696956,40039.74757724088
62.80000000000062,VALID,25.126684983264873,81.65834798600751,30052.38823872353,1050.5298409784018,40042.74831434607
62.900000000000624,VALID,25.126816056688256,81.65851168114516,30040.895527244793,1065.9089019420885,40049.34103248163
63.000000000000625,VALID,25.12694712993161,81.65867537663429,30054.8232494271,1048.9665959852457,40036.10776830832
63.10000000000063,VALID,25.12707820299494,81.65883907247492,30039.427365572476,1031.9591759066066,40054.72544302652
63.20000000000063,VALID,25.12720927587824,81.65900276866704,30048.59283001633,1040.9346381210823,40048.99215871453
63.30000000000063,VALID,25.127340348581505,81.65916646521066,30058.715463949582,1042.488795206768,40072.96169357499
63.40000000000063,VALID,25.127471421104737,81.65933016210577,30049.403087124207,1057.115514907411,40040.27280701413
63.50000000000063,VALID,25.12760249344793,81.6594938593524,30040.56513975974,1052.5417934663074,40051.163958497884
63.600000000000634,VALID,25.127733565611088,81.65965755695052,30059.61724216731,1072.1699363158084,40045.8073491379
63.700000000000635,VALID,25.127864637594204,81.65982125490017,30065.482374342722,1073.282009980041,40043.60836068841
63.80000000000064,VALID,25.12799570939728,81.65998495320132,30045.322943941916,1065.1509865746452,40042.39672617532
63.90000000000064,VALID,25.12812678102031,81.66014865185399,30043.56671326735,1051.5311766484406,40045.57722448004
64.00000000000064,VALID,25.128257852463292,81.66031235085818,30042.984948972986,1062.0566081077695,40043.00454789234
64.10000000000063,VALID,25.12838892372623,81.66047605021389,30035.36951262638,1053.177866865284,40046.46886064372
64.20000000000063,VALID,25.128519994809118,81.66063974992112,30061.600527172308,1062.3854932323695,40045.74493741559
64.30000000000062,VALID,25.128651065711953,81.66080344997988,30078.40695282584,1047.8960444758898,40047.788916514815
64.40000000000062,VALID,25.128782136434737,81.66096715039018,30044.06398237864,1046.961490166317,40045.85000822966
64.50000000000061,VALID,25.128913206977465,81.661130851152,30058.878489012695,1051.303715091511,40080.95973256546
64.6000000000006,VALID,25.129044277340135,81.66129455226535,30046.910018815823,1047.9846939336653,40029.119801566776
64.7000000000006,VALID,25.129175347522747,81.66145825373025,30053.373990829845,1050.7887219450251,40050.13536583922
64.8000000000006,VALID,25.129306417525296,81.66162195554668,30068.2829528104,1048.510553115743,40036.1991728402
64.90000000000059,VALID,25.129437487347783,81.66178565771466,30052.513640637986,1054.5553042811123,40042.32084236855
65.00000000000058,VALID,25.129568556990204,81.66194936023419,30053.146873408998,1071.3140892626338,40038.59264940088
65.10000000000058,VALID,25.12969962645256,81.66211306310527,30050.221630717708,1048.84247716893,40073.23890458914
65.20000000000057,VALID,25.129830695734846,81.66227676632789,30039.32272545253,1033.3923339472642,40043.84545406152
65.30000000000057,VALID,25.129961764837063,81.66244046990208,30049.160414984537,1051.5711910634589,40055.21172075724
65.40000000000056,VALID,25.130092833759207,81.66260417382782,30049.794233083518,1043.4809105791055,40037.86907034793
65.50000000000055,VALID,25.130223902501278,81.66276787810511,30058.013988351675,1038.8145552898293,40046.69761675726
65.60000000000055,VALID,25.130354971063273,81.66293158273398,30053.86368899213,1056.4289959226842,40044.99529948562
65.70000000000054,VALID,25.130486039445188,81.6630952877144,30048.93839526,1053.992605367588,40051.60165085746
65.80000000000054,VALID,25.130617107647023,81.6632589930464,30053.55209463475,1044.522359532795,40055.95137426123
65.90000000000053,VALID,25.130748175668778,81.66342269872997,30063.43656251246,1054.8851902663941,40045.61083935332
66.00000000000053,VALID,25.13087924351045,81.66358640476511,30043.24737707905,1055.1249148412248,40055.18669040433
66.10000000000052,VALID,25.131010311172034,81.66375011115183,30051.13398766647,1055.8188174327581,40041.617183541326
66.20000000000051,VALID,25.13114137865353,81.66391381789013,30047.45304980118,1044.8628034876833,40041.82745441321
66.30000000000051,VALID,25.131272445954938,81.66407752498002,30058.117521116143,1048.1786566507692,40062.50616782941
66.4000000000005,VALID,25.131403513076254,81.66424123242149,30067.817657240423,1059.9505894561917,40060.098180334564
66.5000000000005,VALID,25.131534580017476,81.66440494021455,30046.50289262632,1048.7928260275169,40042.73559321868
66.60000000000049,VALID,25.131665646778604,81.66456864835921,30057.121118200794,1047.4745292073032,40058.81659493871
66.70000000000049,VALID,25.131796713359634,81.66473235685545,30049.07635012891,1067.3840854445582,40061.31314050361
66.80000000000048,VALID,25.131927779760566,81.66489606570329,30049.947546489908,1048.750073777668,40045.66738000265
66.90000000000047,VALID,25.132058845981398,81.66505977490273,30038.32612547923,1063.5563264349526,40037.80523624119
67.00000000000047,VALID,25.132189912022124,81.66522348445378,30071.644126038886,1046.5488360312456,40055.168045599145
67.10000000000046,VALID,25.132320977882745,81.66538719435643,30054.61223963518,1050.800251333683,40059.354548133626
67.20000000000046,VALID,25.13245204356326,81.66555090461068,30058.422830067324,1061.185653728438,40061.77741780806
67.30000000000045,VALID,25.132583109063663,81.66571461521654,30062.937187010793,1046.317658254336,40055.02189721536
67.40000000000045,VALID,25.132714174383956,81.66587832617402,30051.21516330049,1048.7852187168603,40075.8141311438
67.50000000000044,VALID,25.132845239524137,81.66604203748312,30040.715635360393,1067.3973796472153,40037.474829050785
67.60000000000043,VALID,25.132976304484203,81.66620574914384,30024.42526247481,1054.325354607636,40038.451656266705
67.70000000000043,VALID,25.133107369264152,81.66636946115618,30050.929305495913,1055.3523680378337,40064.90587494855
67.80000000000042,VALID,25.133238433863983,81.66653317352015,30053.341183385834,1044.96216374025,40056.463293224864
67.90000000000042,VALID,25.133369498283695,81.66669688623574,30046.213620694496,1045.025511586778,40054.92132251982
68.00000000000041,VALID,25.133500562523285,81.66686059930296,30062.806360093175,1050.6792093461122,40055.32100981803
68.1000000000004,VALID,25.133631626582748,81.66702431272182,30059.376543914062,1049.2088070967554,40054.59726988899
68.2000000000004,VALID,25.133762690462085,81.66718802649231,30050.577125642943,1047.737027841002,40067.11695815637
68.3000000000004,VALID,25.133893754161292,81.66735174061445,30051.785288305673,1046.176190501362,40043.91275948044
68.40000000000039,VALID,25.13402481768037,81.66751545508822,30039.763952381123,1046.664917650761,40054.632918469324
68.50000000000038,VALID,25.134155881019314,81.66767916991364,30041.238674771776,1054.6941848797176,40022.56018488026
68.60000000000038,VALID,25.134286944178125,81.6678428850907,30043.84281318705,1051.415918157603,40053.75310385901
68.70000000000037,VALID,25.1344180071568,81.66800660061944,30046.678362300197,1052.4140838324424,40073.09899220932
68.80000000000037,VALID,25.134549069955337,81.66817031649981,30052.48579810273,1058.98820646583,40055.22927945716
68.90000000000036,VALID,25.134680132573735,81.66833403273185,30046.420749603334,1038.955176397336,40051.80758552105
69.00000000000036,VALID,25.134811195011988,81.66849774931553,30058.10630272822,1056.2993509280668,40042.781293291264
69.10000000000035,VALID,25.134942257270097,81.6686614662509,30052.712092520967,1083.0795964005288,40055.11675528016
69.20000000000034,VALID,25.13507331934806,81.66882518353792,30039.851119825715,1048.3418855373934,40051.39815157992
69.30000000000034,VALID,25.135204381245874,81.6689889011766,30047.242577132227,1052.1576840463472,40045.78345690609
69.40000000000033,VALID,25.135335442963537,81.66915261916697,30031.06503348773,1048.9119716374134,40035.76026228227
69.50000000000033,VALID,25.13546650450105,81.669316337509,30044.263636949898,1059.5737959215346,40047.43971029831
69.60000000000032,VALID,25.135597565858408,81.66948005620272,30048.779996667818,1062.5940683238825,40053.7529613008
69.70000000000032,VALID,25.13572862703561,81.6696437752481,30052.942057988403,1077.2536759888515,40060.12728479749
69.80000000000031,VALID,25.135859688032657,81.66980749464518,30050.658245981085,1065.689473452132,40055.75631361587
69.9000000000003,VALID,25.13599074884954,81.66997121439394,30058.669028634155,1053.909478785969,40050.649434921324
70.0000000000003,INVALID,25.136121809486262,81.67013493449438,nan,nan,nan
70.10000000000029,INVALID,25.13625286994282,81.67029865494652,nan,nan,nan
70.20000000000029,INVALID,25.13638393021921,81.67046237575035,nan,nan,nan
70.30000000000028,INVALID,25.136514990315433,81.67062609690588,nan,nan,nan
70.40000000000028,INVALID,25.136646050231487,81.67078981841311,nan,nan,nan
70.50000000000027,INVALID,25.13677710996737,81.67095354027205,nan,nan,nan
70.60000000000026,INVALID,25.136908169523075,81.6711172624827,nan,nan,nan
70.70000000000026,INVALID,25.137039228898605,81.67128098504504,nan,nan,nan
70.80000000000025,INVALID,25.137170288093955,81.6714447079591,nan,nan,nan
70.90000000000025,INVALID,25.137301347109126,81.67160843122487,nan,nan,nan
71.00000000000024,INVALID,25.137432405944114,81.67177215484236,nan,nan,nan
71.10000000000024,INVALID,25.13756346459892,81.67193587881157,nan,nan,nan
71.20000000000023,INVALID,25.137694523073538,81.67209960313251,nan,nan,nan
71.30000000000022,INVALID,25.137825581367967,81.67226332780517,nan,nan,nan
71.40000000000022,INVALID,25.137956639482205,81.67242705282956,nan,nan,nan
71.50000000000021,INVALID,25.138087697416253,81.67259077820569,nan,nan,nan
71.60000000000021,INVALID,25.138218755170104,81.67275450393355,nan,nan,nan
71.7000000000002,INVALID,25.13834981274376,81.67291823001314,nan,nan,nan
71.8000000000002,INVALID,25.138480870137215,81.67308195644448,nan,nan,nan
71.90000000000019,INVALID,25.13861192735047,81.67324568322756,nan,nan,nan
72.00000000000018,INVALID,25.138742984383526,81.6734094103624,nan,nan,nan
72.10000000000018,INVALID,25.138874041236374,81.67357313784898,nan,nan,nan
72.20000000000017,INVALID,25.139005097909017,81.6737368656873,nan,nan,nan
72.30000000000017,INVALID,25.13913615440145,81.67390059387739,nan,nan,nan
72.40000000000016,INVALID,25.139267210713673,81.67406432241924,nan,nan,nan
72.50000000000016,INVALID,25.13939826684568,81.67422805131285,nan,nan,nan
72.60000000000015,INVALID,25.139529322797475,81.67439178055822,nan,nan,nan
72.70000000000014,INVALID,25.13966037856905,81.67455551015536,nan,nan,nan
72.80000000000014,INVALID,25.139791434160408,81.67471924010427,nan,nan,nan
72.90000000000013,INVALID,25.139922489571546,81.67488297040495,nan,nan,nan
73.00000000000013,INVALID,25.14005354480246,81.67504670105741,nan,nan,nan
73.10000000000012,INVALID,25.140184599853146,81.67521043206165,nan,nan,nan
73.20000000000012,INVALID,25.140315654723608,81.67537416341767,nan,nan,nan
73.30000000000011,INVALID,25.14044670941384,81.67553789512547,nan,nan,nan
73.4000000000001,INVALID,25.14057776392384,81.67570162718506,nan,nan,nan
73.5000000000001,INVALID,25.140708818253607,81.67586535959644,nan,nan,nan
73.6000000000001,INVALID,25.140839872403138,81.67602909235963,nan,nan,nan
73.70000000000009,INVALID,25.14097092637243,81.6761928254746,nan,nan,nan
73.80000000000008,INVALID,25.14110198016148,81.67635655894138,nan,nan,nan
73.90000000000008,INVALID,25.14123303377029,81.67652029275996,nan,nan,nan
74.00000000000007,INVALID,25.141364087198856,81.67668402693035,nan,nan,nan
74.10000000000007,INVALID,25.141495140447176,81.67684776145254,nan,nan,nan
74.20000000000006,INVALID,25.141626193515247,81.67701149632654,nan,nan,nan
74.30000000000005,INVALID,25.141757246403067,81.67717523155237,nan,nan,nan
74.40000000000005,INVALID,25.141888299110636,81.67733896713001,nan,nan,nan
74.50000000000004,INVALID,25.14201935163795,81.67750270305947,nan,nan,nan
74.60000000000004,INVALID,25.142150403985006,81.67766643934075,nan,nan,nan
74.70000000000003,INVALID,25.142281456151803,81.67783017597387,nan,nan,nan
74.80000000000003,INVALID,25.14241250813834,81.67799391295881,nan,nan,nan
74.90000000000002,INVALID,25.142543559944613,81.67815765029559,nan,nan,nan
75.00000000000001,INVALID,25.14267461157062,81.6783213879842,nan,nan,nan
75.10000000000001,INVALID,25.14280566301636,81.67848512602465,nan,nan,nan
75.2,INVALID,25.14293671428183,81.67864886441694,nan,nan,nan
75.3,INVALID,25.14306776536703,81.67881260316108,nan,nan,nan
75.39999999999999,INVALID,25.143198816271955,81.67897634225706,nan,nan,nan
75.49999999999999,INVALID,25.143329866996602,81.6791400817049,nan,nan,nan
75.59999999999998,INVALID,25.143460917540974,81.67930382150459,nan,nan,nan
75.69999999999997,INVALID,25.143591967905063,81.67946756165614,nan,nan,nan
75.79999999999997,INVALID,25.14372301808887,81.67963130215955,nan,nan,nan
75.89999999999996,INVALID,25.14385406809239,81.67979504301482,nan,nan,nan
75.99999999999996,INVALID,25.143985117915626,81.67995878422197,nan,nan,nan
76.09999999999995,INVALID,25.144116167558572,81.68012252578097,nan,nan,nan
76.19999999999995,INVALID,25.144247217021228,81.68028626769186,nan,nan,nan
76.29999999999994,INVALID,25.14437826630359,81.68045000995461,nan,nan,nan
76.39999999999993,INVALID,25.144509315405656,81.68061375256924,nan,nan,nan
76.49999999999993,INVALID,25.144640364327426,81.68077749553576,nan,nan,nan
76.59999999999992,INVALID,25.144771413068895,81.68094123885417,nan,nan,nan
76.69999999999992,INVALID,25.14490246163006,81.68110498252446,nan,nan,nan
76.79999999999991,INVALID,25.145033510010922,81.68126872654665,nan,nan,nan
76.8999999999999,INVALID,25.14516455821148,81.68143247092073,nan,nan,nan
76.9999999999999,INVALID,25.145295606231727,81.68159621564669,nan,nan,nan
77.0999999999999,INVALID,25.145426654071663,81.68175996072456,nan,nan,nan
77.19999999999989,INVALID,25.14555770173129,81.68192370615434,nan,nan,nan
77.29999999999988,INVALID,25.145688749210596,81.68208745193601,nan,nan,nan
77.39999999999988,INVALID,25.145819796509585,81.68225119806961,nan,nan,nan
77.49999999999987,INVALID,25.145950843628256,81.68241494455512,nan,nan,nan
77.59999999999987,INVALID,25.146081890566606,81.68257869139254,nan,nan,nan
77.69999999999986,INVALID,25.14621293732463,81.68274243858188,nan,nan,nan
77.79999999999986,INVALID,25.14634398390233,81.68290618612315,nan,nan,nan
77.89999999999985,INVALID,25.1464750302997,81.68306993401633,nan,nan,nan
77.99999999999984,INVALID,25.14660607651674,81.68323368226145,nan,nan,nan
78.09999999999984,INVALID,25.146737122553446,81.68339743085849,nan,nan,nan
78.19999999999983,INVALID,25.146868168409817,81.68356117980747,nan,nan,nan
78.29999999999983,INVALID,25.146999214085852,81.6837249291084,nan,nan,nan
78.39999999999982,INVALID,25.147130259581544,81.68388867876125,nan,nan,nan
78.49999999999982,INVALID,25.147261304896897,81.68405242876605,nan,nan,nan
78.59999999999981,INVALID,25.147392350031904,81.6842161791228,nan,nan,nan
78.6999999999998,INVALID,25.147523394986564,81.68437992983151,nan,nan,nan
78.7999999999998,INVALID,25.147654439760874,81.68454368089216,nan,nan,nan
78.89999999999979,INVALID,25.147785484354834,81.68470743230478,nan,nan,nan
78.99999999999979,INVALID,25.14791652876844,81.68487118406935,nan,nan,nan
79.09999999999978,INVALID,25.148047573001694,81.68503493618589,nan,nan,nan
79.19999999999978,INVALID,25.148178617054587,81.68519868865438,nan,nan,nan
79.29999999999977,INVALID,25.14830966092712,81.68536244147485,nan,nan,nan
79.39999999999976,INVALID,25.14844070461929,81.6855261946473,nan,nan,nan
79.49999999999976,INVALID,25.148571748131097,81.68568994817171,nan,nan,nan
79.59999999999975,INVALID,25.148702791462537,81.6858537020481,nan,nan,nan
79.69999999999975,INVALID,25.148833834613605,81.68601745627649,nan,nan,nan
79.79999999999974,INVALID,25.1489648775843,81.68618121085686,nan,nan,nan
79.89999999999974,INVALID,25.149095920374624,81.68634496578922,nan,nan,nan
79.99999999999973,INVALID,25.14922696298457,81.68650872107357,nan,nan,nan
80.09999999999972,VALID,25.14935800541414,81.6866724767099,30041.172756525844,1044.1971031291541,40067.37248047925
80.19999999999972,VALID,25.149489047663327,81.68683623269824,30057.5041561934,1066.1880126703693,40032.151852958144
80.29999999999971,VALID,25.14962008973213,81.68699998903858,30059.42075331552,1062.9367613606437,40056.0713458233
80.39999999999971,VALID,25.14975113162055,81.68716374573093,30056.01196797266,1045.5095062406792,40044.110394434385
80.4999999999997,VALID,25.14988217332858,81.68732750277528,30044.95203562976,1051.9181738897232,40070.40700867334
80.5999999999997,VALID,25.150013214856223,81.68749126017164,30044.620462160667,1057.532705392905,40044.91029641682
80.69999999999969,VALID,25.150144256203472,81.68765501792001,30054.61888163965,1058.2749811840386,40062.01799528179
80.79999999999968,VALID,25.150275297370325,81.68781877602039,30057.92994157001,1060.561369602874,40058.32160738636
80.89999999999968,VALID,25.15040633835678,81.68798253447281,30031.52805917922,1052.3073265507805,40052.312821831685
80.99999999999967,VALID,25.150537379162838,81.68814629327724,30069.477880846523,1048.0432558181292,40039.812904738435
81.09999999999967,VALID,25.15066841978849,81.6883100524337,30040.061323847887,1048.7955422342093,40060.2694203096
81.19999999999966,VALID,25.150799460233742,81.6884738119422,30064.029081674897,1035.2053332239489,40055.360839644505
81.29999999999966,VALID,25.150930500498585,81.68863757180273,30050.57834726317,1055.8167463354423,40036.16603733341
81.39999999999965,VALID,25.15106154058302,81.68880133201529,30042.150920236545,1041.2538143997338,40049.243550811974
81.49999999999964,VALID,25.151192580487038,81.68896509257989,30062.717775119487,1046.3407525209657,40059.19866159677
81.59999999999964,VALID,25.151323620210643,81.68912885349654,30044.751088189467,1038.704990152718,40037.97144989328
81.69999999999963,VALID,25.151454659753835,81.68929261476524,30034.931700357865,1047.2364691080531,40056.69089548829
81.79999999999963,VALID,25.151585699116605,81.68945637638598,30061.897610817086,1037.1356020463177,40049.93350929579
81.89999999999962,VALID,25.151716738298955,81.68962013835878,30034.34740688684,1049.5724923165155,40045.4921868802
81.99999999999962,VALID,25.15184777730088,81.68978390068362,30040.41267362003,1060.4847969601217,40054.72909047332
82.09999999999961,VALID,25.15197881612238,81.68994766336053,30038.184956010897,1058.581090542683,40054.64245826292
82.1999999999996,VALID,25.152109854763452,81.6901114263895,30034.9583167601,1071.8051228857437,40053.28879496362
82.2999999999996,VALID,25.152240893224093,81.69027518977055,30044.687806789636,1037.4835789769663,40046.12547880325
82.3999999999996,VALID,25.1523719315043,81.69043895350366,30057.468104961696,1042.139495716823,40079.00607668611
82.49999999999959,VALID,25.152502969604075,81.69060271758885,30071.977152971696,1044.8225488470266,40055.32516168594
82.59999999999958,VALID,25.15263400752341,81.6907664820261,30040.139441000978,1054.9411523086117,40044.13919893935
82.69999999999958,VALID,25.152765045262303,81.69093024681544,30060.43031839168,1049.7391788866632,40066.42153084061
82.79999999999957,VALID,25.152896082820753,81.69109401195686,30048.407814583534,1039.160661936973,40024.313466718835
82.89999999999957,VALID,25.153027120198757,81.69125777745037,30052.21010052159,1036.767613961125,40043.59116869316
82.99999999999956,VALID,25.153158157396312,81.69142154329597,30049.283846655348,1080.4062478577891,40063.817079043554
83.09999999999955,VALID,25.153289194413418,81.69158530949366,30050.228216898384,1073.568966445455,40048.04168653641
83.19999999999955,VALID,25.15342023125007,81.69174907604345,30044.796715015153,1055.4127384834635,40047.64677591152
83.29999999999954,VALID,25.153551267906266,81.69191284294534,30048.50850455182,1051.586409084608,40054.33122923805
83.39999999999954,VALID,25.153682304382006,81.69207661019934,30036.85479477306,1040.9316105918133,40055.36149104328
83.49999999999953,VALID,25.153813340677285,81.69224037780543,30043.751873838944,1047.3505203272402,40053.41438413194
83.59999999999953,VALID,25.1539443767921,81.69240414576365,30055.160097944587,1057.7030041811634,40050.53530315365
83.69999999999952,VALID,25.154075412726453,81.69256791407396,30056.010322603233,1059.1302372102543,40056.06920237828
83.79999999999951,VALID,25.154206448480334,81.6927316827364,30062.999347181994,1037.7758565821916,40057.842092144856
83.89999999999951,VALID,25.154337484053745,81.69289545175096,30044.776536807407,1057.3269029703688,40030.50455964879
83.9999999999995,VALID,25.154468519446684,81.69305922111764,30041.512401311702,1042.0438551499499,40070.47256539192
84.0999999999995,VALID,25.154599554659146,81.69322299083645,30042.04306994828,1054.0721899849264,40059.60212236916
84.19999999999949,VALID,25.15473058969113,81.69338676090739,30066.449672570936,1058.4959728068886,40047.41105383674
84.29999999999949,VALID,25.154861624542637,81.69355053133046,30059.783055329768,1040.5593643577138,40046.90535930241
84.39999999999948,VALID,25.154992659213658,81.69371430210568,30053.910244886432,1054.9450972393659,40051.405307081484
84.49999999999947,VALID,25.155123693704194,81.69387807323302,30067.80271602525,1052.373260835781,40063.56428440787
84.59999999999947,VALID,25.155254728014242,81.69404184471252,30056.987225897803,1023.1210342509258,40040.277855835644
84.69999999999946,VALID,25.155385762143798,81.69420561654415,30042.299566898746,1047.8281494436908,40060.81641840074
84.79999999999946,VALID,25.15551679609286,81.69436938872795,30039.19235507338,1051.3269510737716,40057.17382637091
84.89999999999945,VALID,25.15564782986143,81.69453316126389,30047.511602094735,1048.7181019220734,40063.182945015025
84.99999999999945,VALID,25.1557788634495,81.69469693415199,30062.736484698817,1065.7542639835142,40054.50697949208
85.09999999999944,VALID,25.155909896857064,81.69486070739225,30061.518481138562,1054.1364514285417,40050.9783904871
85.19999999999943,VALID,25.156040930084128,81.69502448098469,30060.25367273753,1051.289083755282,40061.49023780077
85.29999999999943,VALID,25.156171963130685,81.69518825492928,30044.401099899686,1047.5327597841647,40025.88137560858
85.39999999999942,VALID,25.156302995996732,81.69535202922604,30038.01366343314,1042.638042652673,40055.264334620144
85.49999999999942,VALID,25.15643402868227,81.69551580387498,30052.59105573524,1048.2415832560716,40054.31394521234
85.59999999999941,VALID,25.15656506118729,81.69567957887611,30032.448602047472,1036.4693506272638,40049.12842425116
85.6999999999994,VALID,25.156696093511794,81.69584335422941,30050.58769732229,1036.1907815334118,40034.15307817256
85.7999999999994,VALID,25.15682712565578,81.6960071299349,30062.98081088176,1074.1682023917551,40048.09102189827
85.8999999999994,VALID,25.156958157619243,81.69617090599257,30044.178236761596,1049.9151751160039,40048.0898329406
85.99999999999939,VALID,25.157089189402182,81.69633468240245,30074.68853450431,1044.6626322099542,40048.01329272558
86.09999999999938,VALID,25.157220221004593,81.69649845916452,30060.46621838644,1051.4162072260344,40073.918165066876
86.19999999999938,VALID,25.157351252426473,81.69666223627878,30040.34382670873,1049.584548662003,40052.22851910491
86.29999999999937,VALID,25.15748228366782,81.69682601374525,30035.8129242515,1046.5499259730425,40049.09333828684
86.39999999999937,VALID,25.157613314728632,81.69698979156394,30061.217509772632,1041.5966321820367,40039.85679803478
86.49999999999936,VALID,25.157744345608904,81.69715356973482,30065.438851894047,1034.9808928848618,40040.702587157626
86.59999999999935,VALID,25.15787537630864,81.69731734825793,30055.620118530165,1045.4460135953127,40067.95553892437
86.69999999999935,VALID,25.158006406827827,81.69748112713324,30049.638069167773,1039.7263319490844,40058.64728113541
86.79999999999934,VALID,25.15813743716647,81.6976449063608,30056.13674824944,1045.6078763474898,40052.63975872687
86.89999999999934,VALID,25.158268467324564,81.69780868594056,30049.532356148637,1047.2430693156862,40042.9842659724
86.99999999999933,VALID,25.158399497302106,81.69797246587255,30045.4806165809,1049.6705238648947,40061.09896258757
87.09999999999933,VALID,25.158530527099092,81.69813624615678,30039.077520218354,1040.4075874285415,40052.03976998475
87.19999999999932,VALID,25.158661556715522,81.69830002679325,30067.98941551476,1044.720551479048,40068.01695113716
87.29999999999932,VALID,25.158792586151392,81.69846380778196,30050.0719224723,1036.1291992677568,40050.46008321116
87.39999999999931,VALID,25.1589236154067,81.6986275891229,30037.605523374743,1051.3407721502133,40054.870215636394
87.4999999999993,VALID,25.15905464448144,81.69879137081611,30063.139032072006,1054.6694248068666,40038.94482734633
87.5999999999993,VALID,25.159185673375614,81.69895515286156,30050.732641245893,1055.8864347197186,40049.90270839856
87.69999999999929,VALID,25.159316702089214,81.69911893525926,30058.211667355714,1057.9919710449633,40044.6524736338
87.79999999999929,VALID,25.15944773062224,81.69928271800923,30058.053124158443,1037.290051894689,40053.60039484361
87.89999999999928,VALID,25.15957875897469,81.69944650111145,30046.878741014618,1034.0627718011865,40035.4416321269
87.99999999999928,VALID,25.15970978714656,81.69961028456594,30054.089406900144,1060.8463517473353,40036.32995915887
88.09999999999927,VALID,25.159840815137848,81.69977406837269,30043.990686787285,1064.9282073353074,40050.58106160337
88.19999999999926,VALID,25.15997184294855,81.69993785253172,30038.07890727886,1062.3829139503443,40042.353089795935
88.29999999999926,VALID,25.160102870578665,81.70010163704302,30039.62937163862,1046.8924236972348,40042.63444693535
88.39999999999925,VALID,25.16023389802819,81.70026542190661,30050.02532317425,1040.3412442132596,40049.21168680456
88.49999999999925,VALID,25.160364925297117,81.70042920712247,30055.944860219373,1039.9154658700704,40046.07361479565
88.59999999999924,VALID,25.16049595238545,81.70059299269062,30055.63265582664,1050.463717772201,40036.05205709847
88.69999999999924,VALID,25.160626979293184,81.70075677861107,30063.08972161396,1043.9055299063655,40043.5054562577
88.79999999999923,VALID,25.160758006020316,81.7009205648838,30045.11789352277,1041.3965187717092,40043.575553256436
88.89999999999922,VALID,25.160889032566843,81.70108435150884,30042.97562308072,1039.8963644620799,40037.735448127605
88.99999999999922,VALID,25.16102005893276,81.70124813848618,30044.946777254765,1041.7664004860774,40052.01809600248
89.09999999999921,VALID,25.161151085118064,81.70141192581583,30018.89885363643,1053.9834446191826,40052.12308710996
89.1999999999992,VALID,25.161282111122755,81.70157571349779,30048.515354708834,1042.779550688273,40067.88510198029
89.2999999999992,VALID,25.16141313694683,81.70173950153206,30048.177592803124,1051.585664692936,40048.287479396866
89.3999999999992,VALID,25.161544162590285,81.70190328991865,30039.910848306907,1048.7242134421767,40046.18095829541
89.49999999999919,VALID,25.161675188053117,81.70206707865756,30058.222834989738,1061.5419516063162,40063.53200309701
89.59999999999918,VALID,25.16180621333532,81.7022308677488,30053.407984947255,1047.8670093190788,40041.48790493794
89.69999999999918,VALID,25.1619372384369,81.70239465719236,30063.836862001608,1038.8914110080013,40062.56485139071
89.79999999999917,VALID,25.162068263357842,81.70255844698826,30052.904195708874,1046.366089396288,40044.93754228878
89.89999999999917,VALID,25.16219928809815,81.7027222371365,30058.602978576047,1050.9439981486328,40055.735454235044
89.99999999999916,VALID,25.162330312657822,81.70288602763708,30048.68856716665,1053.6483782945788,40036.14249925447
90.09999999999916,VALID,25.162461337036852,81.70304981849,30049.699599273317,1038.5564542875043,40077.480304102886
90.19999999999915,VALID,25.162592361235237,81.70321360969527,30020.177368400902,1060.2870168687891,40069.40197856215
90.29999999999914,VALID,25.162723385252974,81.7033774012529,30035.244799708045,1053.4406453527833,40039.32046936839
90.39999999999914,VALID,25.162854409090063,81.70354119316288,30044.64204281852,1036.0040726839075,40057.51342778219
90.49999999999913,VALID,25.1629854327465,81.70370498542522,30059.65918898863,1061.0275659215354,40046.0861406761
90.59999999999913,VALID,25.163116456222276,81.70386877803992,30044.968114081927,1058.153272933343,40050.74862885578
90.69999999999912,VALID,25.163247479517395,81.70403257100699,30044.44976003448,1058.2042476218026,40052.42545147771
90.79999999999912,VALID,25.16337850263185,81.70419636432644,30055.85329919939,1038.726340560122,40037.7344582482
90.89999999999911,VALID,25.16350952556564,81.70436015799825,30042.815976968323,1044.7779502509293,40045.10171149057
90.9999999999991,VALID,25.163640548318764,81.70452395202246,30042.791346419766,1048.998799087247,40053.970008197706
91.0999999999991,VALID,25.163771570891214,81.70468774639905,30045.604563111814,1042.4007944854557,40049.427276878676
91.1999999999991,VALID,25.16390259328299,81.70485154112802,30057.526469761047,1053.5183321142397,40057.02028773658
91.29999999999909,VALID,25.164033615494088,81.70501533620939,30070.677192432242,1056.2040168981785,40057.4991274106
91.39999999999908,VALID,25.164164637524504,81.70517913164315,30047.59332203789,1048.220079856796,40077.106221042144
91.49999999999908,VALID,25.164295659374236,81.70534292742931,30051.649212185574,1047.4381222971729,40045.10586204883
91.59999999999907,VALID,25.16442668104328,81.70550672356788,30052.06459457056,1062.2194972160114,40046.62965354884
91.69999999999906,VALID,25.164557702531635,81.70567052005886,30053.926292458673,1049.0599114615957,40051.589212428255
91.79999999999906,VALID,25.164688723839294,81.70583431690225,30042.183809131213,1055.5262643967078,40060.16383606441
91.89999999999905,VALID,25.164819744966255,81.70599811409807,30072.658476245746,1047.0302949563709,40040.425328899684
91.99999999999905,VALID,25.164950765912515,81.70616191164629,30048.62826074245,1063.3741728189232,40050.77433782988
92.09999999999904,VALID,25.16508178667807,81.70632570954695,30046.079941586813,1023.4846717438836,40040.65660937192
92.19999999999904,VALID,25.165212807262918,81.70648950780003,30037.164129271234,1065.05129739734,40056.9441279573
92.29999999999903,VALID,25.165343827667055,81.70665330640554,30077.957493445065,1047.8422076600496,40054.81784569803
92.39999999999903,VALID,25.16547484789048,81.7068171053635,30064.08129164314,1047.9268618218523,40069.710536726874
92.49999999999902,VALID,25.165605867933188,81.7069809046739,30060.78872159195,1041.8225252921295,40065.75863451692
92.59999999999901,VALID,25.165736887795173,81.70714470433674,30056.58607990809,1048.95069791362,40054.76396400509
92.69999999999901,VALID,25.165867907476436,81.70730850435203,30053.444183150914,1043.2375938170464,40068.75863537236
92.799999999999,VALID,25.16599892697697,81.70747230471977,30069.85895369724,1048.0820032175898,40057.50097374867
92.899999999999,VALID,25.166129946296778,81.70763610543997,30045.003993735798,1039.6739869719056,40040.56921344149
92.99999999999899,VALID,25.16626096543585,81.70779990651263,30034.252583906728,1028.9444189227056,40062.343005486095
93.09999999999899,VALID,25.166391984394185,81.70796370793776,30048.755746371276,1026.1285267764406,40038.625306793154
93.19999999999898,VALID,25.166523003171775,81.70812750971537,30055.53534507881,1046.9837559727694,40050.45024638767
93.29999999999897,VALID,25.166654021768625,81.70829131184544,30067.76000906764,1058.4676552371843,40054.590716230014
93.39999999999897,VALID,25.166785040184728,81.708455114328,30052.619991624353,1049.9295322097735,40049.67658641647
93.49999999999896,VALID,25.166916058420078,81.70861891716305,30051.201666640376,1046.687921336885,40067.56538433383
93.59999999999896,VALID,25.167047076474674,81.70878272035058,30045.99249878986,1050.5050821936582,40049.348471292025
93.69999999999895,VALID,25.16717809434851,81.7089465238906,30050.82090767336,1064.0034618947711,40059.06980595756
93.79999999999895,VALID,25.167309112041586,81.70911032778312,30054.599502653247,1056.9188507789836,40053.5950101565
93.89999999999894,VALID,25.167440129553896,81.70927413202814,30059.86242724834,1046.1954081431634,40056.628734565405
93.99999999999893,VALID,25.167571146885436,81.70943793662568,30051.39779379145,1056.1164791913889,40032.97705094169
94.09999999999893,VALID,25.167702164036204,81.70960174157571,30048.556997431748,1066.987598206124,40043.505133265084
94.19999999999892,VALID,25.167833181006195,81.70976554687826,30048.704240135226,1058.2046022372333,40051.088984002774
94.29999999999892,VALID,25.167964197795406,81.70992935253334,30037.45213335762,1063.1663179210311,40050.12407890803
94.39999999999891,VALID,25.168095214403834,81.71009315854093,30046.404018512512,1057.3812129577886,40070.44388590809
94.4999999999989,VALID,25.168226230831475,81.71025696490105,30055.132499958247,1038.4719017470704,40040.9454686876
94.5999999999989,VALID,25.168357247078326,81.71042077161371,30045.937992656352,1048.9405345125363,40033.296349492826
94.6999999999989,VALID,25.168488263144383,81.7105845786789,30062.73243795516,1041.4762645336518,40060.951255395434
94.79999999999889,VALID,25.16861927902964,81.71074838609664,30045.177427073442,1066.3131431881313,40051.185311181645
94.89999999999888,VALID,25.1687502947341,81.71091219386692,30054.825502399293,1051.3684810812658,40062.83031343876
94.99999999999888,VALID,25.168881310257753,81.71107600198975,30058.011038775723,1066.219327172489,40036.91672159942
95.09999999999887,VALID,25.169012325600598,81.71123981046514,30046.291299180284,1047.8302591830936,40062.0222150827
95.19999999999887,VALID,25.169143340762627,81.7114036192931,30048.6407948533,1044.3629926548374,40069.992545481946
95.29999999999886,VALID,25.16927435574384,81.71156742847361,30054.734442186884,1065.35471372394,40050.42356767523
95.39999999999885,VALID,25.169405370544236,81.7117312380067,30057.56855970612,1032.5711097779201,40041.23605482647
95.49999999999885,VALID,25.169536385163806,81.71189504789237,30041.845549732796,1057.644221852275,40047.66552177591
95.59999999999884,VALID,25.16966739960255,81.7120588581306,30039.44534318627,1045.678657268264,40031.61549672293
95.69999999999884,VALID,25.16979841386046,81.71222266872142,30034.649623841313,1033.6665918596696,40036.83042252549
95.79999999999883,VALID,25.169929427937532,81.71238647966483,30028.412683379527,1047.1940117149206,40061.020563886545
95.89999999999883,VALID,25.170060441833765,81.71255029096083,30057.941245320555,1045.044633145831,40027.52741188385
95.99999999999882,VALID,25.170191455549155,81.71271410260944,30036.286736187238,1049.7088599717863,40038.675589935534
96.09999999999881,VALID,25.170322469083697,81.71287791461064,30050.009334398434,1039.2853184696205,40035.929521968435
96.19999999999881,VALID,25.170453482437388,81.71304172696446,30052.39278907578,1051.7080946498606,40056.139176360375
96.2999999999988,VALID,25.170584495610225,81.71320553967088,30038.915643849377,1060.987009382684,40071.305439518
96.3999999999988,VALID,25.1707155086022,81.71336935272993,30048.142397340314,1055.5932647903803,40081.25736480241
96.49999999999879,VALID,25.17084652141331,81.71353316614159,30056.261404434004,1050.4530873508031,40038.554807325454
96.59999999999879,VALID,25.170977534043555,81.71369697990588,30043.823993535985,1054.7886526818988,40063.124746100395
96.69999999999878,VALID,25.171108546492928,81.7138607940228,30046.023152547208,1036.6062696127794,40041.922665057966
96.79999999999878,VALID,25.171239558761425,81.71402460849237,30049.638297199097,1043.4708477239224,40038.47491643248
96.89999999999877,VALID,25.17137057084904,81.71418842331457,30055.57400487106,1065.838615539451,40027.22459066155
96.99999999999876,VALID,25.17150158275577,81.71435223848941,30041.338825193838,1036.8290484495944,40059.651779435255
97.09999999999876,VALID,25.17163259448161,81.71451605401691,30030.575166926817,1059.2722039011935,40061.35298825478
97.19999999999875,VALID,25.171763606026563,81.71467986989707,30059.47097903387,1051.8833435475676,40031.103790816385
97.29999999999875,VALID,25.171894617390617,81.7148436861299,30036.650715226224,1057.0100092417824,40057.763612029186
97.39999999999874,VALID,25.17202562857377,81.71500750271538,30037.301894040265,1047.6730245612728,40033.02276729166
97.49999999999874,VALID,25.172156639576016,81.71517131965354,30040.350683866203,1045.5816736823592,40041.85143032843
97.59999999999873,VALID,25.172287650397354,81.71533513694438,30046.595543522784,1048.2592799730162,40033.73159456467
97.69999999999872,VALID,25.172418661037778,81.7154989545879,30048.986652061987,1034.8173686467912,40056.59528262573
97.79999999999872,VALID,25.172549671497283,81.71566277258411,30051.748148135084,1042.5302142434653,40047.97847482151
97.89999999999871,VALID,25.172680681775862,81.715826590933,30051.467188488583,1053.0017583985582,40055.379081992796
97.9999999999987,VALID,25.172811691873516,81.7159904096346,30061.522149951743,1051.5154045597274,40055.90863794133
98.0999999999987,VALID,25.172942701790237,81.71615422868891,30055.105238235814,1057.3163022149445,40043.1733771083
98.1999999999987,VALID,25.173073711526023,81.71631804809591,30039.972132647254,1048.8227091613267,40056.06719011281
98.29999999999869,VALID,25.173204721080868,81.71648186785565,30057.159235196046,1048.8022943050391,40053.713531333175
98.39999999999868,VALID,25.173335730454767,81.7166456879681,30044.150469516993,1043.5886198265086,40044.2392053914
98.49999999999868,VALID,25.173466739647715,81.71680950843327,30050.623124326863,1053.9689214603757,40060.30384054272
98.59999999999867,VALID,25.17359774865971,81.71697332925118,30043.406227319723,1056.6805344054171,40047.40043559453
98.69999999999867,VALID,25.173728757490743,81.71713715042182,30050.092776377136,1044.3905946407747,40059.329561672435
98.79999999999866,VALID,25.173859766140815,81.7173009719452,30054.478512040358,1050.973699641831,40042.025228619226
98.89999999999866,VALID,25.173990774609916,81.71746479382134,30054.554658699424,1061.4690410175272,40039.86139641697
98.99999999999865,VALID,25.174121782898045,81.71762861605022,30057.344699220866,1043.9546872780609,40059.927643332805
99.09999999999864,VALID,25.174252791005195,81.71779243863186,30059.170413538217,1065.3647996586637,40056.25777784245
99.19999999999864,VALID,25.174383798931363,81.71795626156626,30046.551250936893,1054.7940175255944,40033.86842735926
99.29999999999863,VALID,25.17451480667654,81.71812008485342,30038.888100030465,1060.9354383459213,40048.0806529809
99.39999999999863,VALID,25.17464581424073,81.71828390849338,30036.981163578934,1049.567975480243,40059.88374652913
99.49999999999862,VALID,25.17477682162392,81.7184477324861,30050.625336257275,1066.1165906636688,40027.58631241213
99.59999999999862,VALID,25.174907828826107,81.71861155683162,30058.920279485665,1056.1511954835019,40046.88397614159
99.69999999999861,VALID,25.17503883584729,81.71877538152992,30069.85028397062,1036.5598751338011,40064.24647385624
99.7999999999986,VALID,25.175169842687456,81.71893920658103,30048.788997259602,1046.8295007978452,40051.58089289795
99.8999999999986,VALID,25.175300849346606,81.71910303198494,30048.036830346788,1041.7821237108158,40064.19839615579
99.9999999999986,VALID,25.175431855824733,81.71926685774166,30046.792200816053,1055.2557729228238,40032.691831134165
100.09999999999859,VALID,25.175562862121833,81.7194306838512,30043.94536502179,1035.8176010092266,40062.988016787305
100.19999999999858,VALID,25.1756938682379,81.71959451031356,30061.44211567446,1052.7693930881128,40052.96408539936
100.29999999999858,VALID,25.17582487417293,81.71975833712874,30069.954210714237,1042.7261882174685,40029.787381893686
100.39999999999857,VALID,25.175955879926914,81.71992216429676,30050.852384195525,1040.0170312922041,40049.39542625137
100.49999999999856,VALID,25.17608688549985,81.72008599181763,30055.365692277304,1039.9451253214613,40058.252243544775
100.59999999999856,VALID,25.17621789089173,81.72024981969133,30044.271253224764,1042.4702967121486,40048.16464024473
100.69999999999855,VALID,25.176348896102553,81.7204136479179,30053.70743296947,1059.1530477734336,40044.77453607413
100.79999999999855,VALID,25.17647990113231,81.72057747649731,30040.631842946543,1058.7401833089777,40057.684782649536
100.89999999999854,VALID,25.176610905980997,81.7207413054296,30044.213314698485,1040.880735024747,40058.55140114184
100.99999999999854,VALID,25.17674191064861,81.72090513471476,30050.68609124984,1055.586206944454,40073.50001369212
101.09999999999853,VALID,25.17687291513514,81.7210689643528,30065.542388396545,1041.6739110583237,40060.263051613045
101.19999999999852,VALID,25.177003919440583,81.72123279434372,30079.272325675895,1037.1553183494477,40034.20224596665
101.29999999999852,VALID,25.17713492356493,81.72139662468753,30040.544747473672,1049.079448629739,40056.22599595054
101.39999999999851,VALID,25.177265927508184,81.72156045538424,30045.626094282106,1046.2395504796748,40050.75074163407
101.49999999999851,VALID,25.177396931270334,81.72172428643384,30052.95722558633,1045.2669074276644,40044.13736455304
101.5999999999985,VALID,25.177527934851373,81.72188811783636,30052.951236388846,1056.7837866509126,40051.23087919819
101.6999999999985,VALID,25.177658938251295,81.7220519495918,30040.622810861427,1054.9520723579064,40056.790360727064
101.79999999999849,VALID,25.177789941470095,81.72221578170016,30044.913553713835,1021.7429633950759,40068.61712741884
101.89999999999849,VALID,25.17792094450777,81.72237961416145,30046.45484191622,1051.9410524056339,40039.57810407199
101.99999999999848,VALID,25.178051947364306,81.72254344697568,30049.38975129089,1047.8376602273775,40045.97848099681
102.09999999999847,VALID,25.178182950039705,81.72270728014286,30053.639317802594,1046.3351482816324,40041.80478588446
102.19999999999847,VALID,25.17831395253396,81.72287111366298,30050.54835375229,1054.63555570859,40048.006262327544
102.29999999999846,VALID,25.17844495484706,81.72303494753605,30054.419416488778,1056.6679624885005,40050.89385056038
102.39999999999846,VALID,25.178575956979003,81.7231987817621,30059.157818175565,1048.5400927276944,40067.291082692835
102.49999999999845,VALID,25.178706958929784,81.7233626163411,30036.81566133482,1062.5407973658935,40050.109386805896
102.59999999999845,VALID,25.178837960699394,81.7235264512731,30055.55484771095,1058.8013912688193,40035.63222757206
102.69999999999844,VALID,25.178968962287826,81.72369028655808,30055.117820657655,1035.241179626429,40062.15018632209
102.79999999999843,VALID,25.179099963695073,81.72385412219606,30049.09097567383,1059.4206191963667,40049.68275127022
102.89999999999843,VALID,25.179230964921132,81.72401795818703,30039.326061222688,1047.0667882202383,40057.808224427805
102.99999999999842,VALID,25.17936196596599,81.72418179453102,30056.551279779465,1060.9807319595352,40026.906046042124
103.09999999999842,VALID,25.17949296682965,81.72434563122802,30047.28163952931,1057.1213631051714,40049.47944228873
103.19999999999841,VALID,25.179623967512097,81.72450946827804,30050.615844870677,1042.1159605220582,40045.874874028945
103.2999999999984,VALID,25.179754968013327,81.7246733056811,30046.50853698605,1045.5864043893018,40057.8682101808
103.3999999999984,VALID,25.179885968333334,81.72483714343718,30054.01380958156,1047.9655516425496,40057.00984077631
103.4999999999984,VALID,25.18001696847211,81.72500098154633,30045.889889929964,1037.804437118408,40051.34031541228
103.59999999999839,VALID,25.180147968429647,81.72516482000853,30044.54646061037,1051.285825049007,40046.87026248712
103.69999999999838,VALID,25.18027896820594,81.72532865882378,30063.87453096866,1062.0526629220242,40058.58665379521
103.79999999999838,VALID,25.18040996780098,81.72549249799211,30037.321699410022,1043.238054310061,40057.55978689229
103.89999999999837,VALID,25.18054096721476,81.72565633751351,30049.332869619633,1049.5171329979905,40027.48118968342
103.99999999999837,VALID,25.180671966447274,81.725820177388,30044.89482006981,1036.4629438653249,40060.13590952004
104.09999999999836,VALID,25.180802965498515,81.72598401761559,30040.80730090854,1061.6743761071382,40058.917081496205
104.19999999999835,VALID,25.180933964368474,81.72614785819627,30042.105110238583,1047.6950971057927,40046.213184955566
104.29999999999835,VALID,25.181064963057146,81.72631169913006,30071.14776831954,1080.506167946537,40038.183059145544
104.39999999999834,VALID,25.18119596156452,81.72647554041698,30041.375935188462,1053.8897104751197,40058.990003944426
104.49999999999834,VALID,25.18132695989059,81.72663938205703,30052.978258794305,1038.945122353809,40049.756564781164
104.59999999999833,VALID,25.18145795803535,81.7268032240502,30057.134145382337,1035.332641306865,40038.267041307256
104.69999999999833,VALID,25.181588955998787,81.72696706639653,30046.163656307795,1052.7301073398066,40066.133632102144
104.79999999999832,VALID,25.181719953780895,81.727130909096,30037.169906287316,1058.8880716657966,40059.89257259013
104.89999999999831,VALID,25.18185095138167,81.72729475214864,30043.31679911551,1053.7902791795286,40049.49050520481
104.99999999999831,VALID,25.1819819488011,81.72745859555444,30054.508248608217,1068.8713376143799,40055.77575308465
105.0999999999983,VALID,25.182112946039176,81.72762243931342,30034.17094091137,1038.782885528205,40039.129330552445
105.1999999999983,VALID,25.18224394309589,81.7277862834256,30062.777334941555,1054.982707182901,40052.743294131214
105.29999999999829,VALID,25.182374939971236,81.72795012789098,30059.817433230957,1040.7501902573251,40053.52344475417
105.39999999999829,VALID,25.182505936665205,81.72811397270956,30062.821929886355,1056.1640937315763,40047.625518594
105.49999999999828,VALID,25.182636933177786,81.72827781788136,30041.185605969655,1047.1076919189254,40058.28411296988
105.59999999999827,VALID,25.182767929508973,81.72844166340639,30034.26904927463,1044.539598825554,40043.989014181454
105.69999999999827,VALID,25.182898925658755,81.72860550928465,30063.90626817073,1046.661772607404,40021.207336773004
105.79999999999826,VALID,25.183029921627124,81.72876935551615,30050.60442078182,1055.2857388670411,40039.6742385488
105.89999999999826,VALID,25.18316091741407,81.72893320210092,30058.493018682937,1034.6379081375128,40066.03390643989
105.99999999999825,VALID,25.183291913019584,81.72909704903896,30049.61434008618,1044.2578512353252,40045.5207698347
106.09999999999825,VALID,25.183422908443656,81.72926089633026,30042.664089361904,1053.8734251068536,40037.44520044349
106.19999999999824,VALID,25.183553903686278,81.72942474397485,30057.6966211761,1050.2973835820737,40058.88804577873
106.29999999999824,VALID,25.18368489874744,81.72958859197273,30054.16034963594,1041.8827843452757,40047.935629191925
106.39999999999823,VALID,25.18381589362713,81.72975244032392,30047.6806055595,1057.4523660414795,40052.88200993746
106.49999999999822,VALID,25.18394688832534,81.72991628902844,30033.05592664131,1045.597264243512,40040.73488113896
106.59999999999822,VALID,25.184077882842065,81.73008013808628,30063.312331207886,1039.1134819446022,40055.34523902073
106.69999999999821,VALID,25.184208877177287,81.73024398749746,30061.066641513666,1065.0696318845476,40038.22340119466
106.7999999999982,VALID,25.184339871330998,81.73040783726199,30050.91644088216,1050.7617903035489,40052.99214882555
106.8999999999982,VALID,25.184470865303187,81.73057168737988,30048.222801948094,1032.1723647834306,40045.57417130372
106.9999999999982,VALID,25.184601859093846,81.73073553785115,30043.893854090806,1041.8621743683777,40051.434515199246
107.09999999999819,VALID,25.18473285270296,81.7308993886758,30057.002964810283,1047.236007603946,40054.98636517038
107.19999999999818,VALID,25.184863846130522,81.73106323985384,30047.888347220087,1054.0465479850916,40053.526427567485
107.29999999999818,VALID,25.18499483937652,81.73122709138529,30054.75408877402,1059.9871568993333,40050.47583220406
107.39999999999817,VALID,25.185125832440946,81.73139094327016,30044.394804253934,1058.615762536469,40029.969175393264
107.49999999999817,VALID,25.18525682532378,81.73155479550846,30051.395518347807,1040.1635141952288,40053.526577006254
107.59999999999816,VALID,25.185387818025017,81.7317186481002,30056.713838775617,1011.5181702744944,40032.96886403887
107.69999999999816,VALID,25.185518810544643,81.7318825010454,30050.495935055154,1036.566239675855,40063.63784560077
107.79999999999815,VALID,25.185649802882647,81.73204635434408,30045.452637342343,1040.1688216326625,40054.66588875305
107.89999999999814,VALID,25.185780795039015,81.73221020799623,30058.083475961444,1042.2483736403442,40047.29900785696
107.99999999999814,VALID,25.185911787013737,81.73237406200188,30051.192663668713,1053.3290909871153,40049.539570419714
108.09999999999813,VALID,25.186042778806797,81.73253791636104,30059.348365462913,1041.6067196170525,40061.34442977508
108.19999999999813,VALID,25.186173770418186,81.73270177107372,30060.439671306598,1048.7932546699847,40036.10194445747
108.29999999999812,VALID,25.18630476184789,81.73286562613993,30045.45008049796,1043.3950166502818,40047.24746679962
108.39999999999812,VALID,25.186435753095896,81.73302948155968,30051.219342657172,1045.293168100364,40070.646054724384
108.49999999999811,VALID,25.18656674416219,81.733193337333,30038.897137376516,1053.378019458685,40051.51216603604
108.5999999999981,VALID,25.186697735046756,81.73335719345991,30050.1455621104,1035.2670431367442,40049.72241029824
108.6999999999981,VALID,25.186828725749585,81.7335210499404,30039.05738085808,1045.8601117971114,40044.32661970216
108.7999999999981,VALID,25.186959716270657,81.7336849067745,30058.277035438467,1043.1291586620205,40025.87576783748
108.89999999999809,VALID,25.18709070660996,81.73384876396221,30031.71901074602,1040.728478344963,40058.12659280656
108.99999999999808,VALID,25.187221696767484,81.73401262150357,30055.166711717568,1039.4193435686107,40057.36894929109
109.09999999999808,VALID,25.187352686743207,81.73417647939857,30041.422352001817,1047.593467203569,40027.28401941234
109.19999999999807,VALID,25.187483676537116,81.73434033764725,30027.983734301164,1041.3545042017624,40040.32929657312
109.29999999999806,VALID,25.187614666149198,81.73450419624962,30052.867334941664,1061.8600409348057,40048.04798094819
109.39999999999806,VALID,25.187745655579434,81.73466805520567,30052.11840068638,1060.638729405991,40053.49380123521
109.49999999999805,VALID,25.18787664482781,81.73483191451545,30063.94476458053,1049.3989475012347,40056.261388908264
109.59999999999805,VALID,25.18800763389431,81.73499577417897,30058.994781730587,1057.8260124158523,40053.34821625401
109.69999999999804,VALID,25.18813862277891,81.73515963419624,30051.496475312975,1056.2235006384349,40042.1865039376
109.79999999999804,VALID,25.188269611481605,81.73532349456727,30040.72924436893,1051.8120731083989,40039.43757458395
109.89999999999803,VALID,25.188400600002367,81.7354873552921,30057.749369773,1049.03586711666,40060.10825577415
109.99999999999802,VALID,25.188531588341185,81.73565121637073,30048.204982078798,1053.9372491638421,40034.51997968383
110.09999999999802,VALID,25.18866257649804,81.73581507780318,30068.469405825883,1035.8120696845099,40055.04426581309
110.19999999999801,VALID,25.18879356447291,81.73597893958947,30057.854185269418,1047.9584074376287,40048.785609609185
110.29999999999801,VALID,25.188924552265778,81.73614280172963,30058.69780547742,1047.4179926151287,40034.553733971625
110.399999999998,VALID,25.189055539876623,81.73630666422366,30046.830348881085,1044.2220592014326,40047.28346941425
110.499999999998,VALID,25.189186527305427,81.7364705270716,30062.799176077133,1032.288709990498,40033.4256292654
110.59999999999799,VALID,25.18931751455217,81.73663439027347,30056.410715415604,1054.2729020839652,40049.79089009677
110.69999999999798,VALID,25.189448501616827,81.73679825382928,30052.37691845888,1043.9249630351646,40054.98652425443
110.79999999999798,VALID,25.189579488499383,81.73696211773905,30052.16345769077,1062.48591357933,40063.63196599011
110.89999999999797,VALID,25.189710475199814,81.73712598200282,30059.162744344816,1060.639943484387,40055.983395813455
110.99999999999797,VALID,25.189841461718096,81.7372898466206,30047.52430763002,1055.2141052326403,40058.949232227715
111.09999999999796,VALID,25.189972448054206,81.73745371159241,30038.33480732109,1070.6640284233324,40043.32955878082
111.19999999999796,VALID,25.190103434208122,81.73761757691828,30054.61728310817,1045.6767948629613,40042.96517219536
111.29999999999795,VALID,25.19023442017982,81.73778144259823,30041.91880849032,1043.46126689117,40059.25813818098
111.39999999999795,VALID,25.190365405969278,81.73794530863229,30041.207798626754,1051.7792219502262,40065.75836229234
111.49999999999794,VALID,25.190496391576467,81.73810917502048,30039.04047167975,1060.958154650447,40045.42069562058
111.59999999999793,VALID,25.190627377001363,81.73827304176284,30053.448202205935,1060.7428673597635,40042.84401939035
111.69999999999793,VALID,25.190758362243937,81.73843690885938,30058.268973729937,1049.0247056700537,40045.0044788783
111.79999999999792,VALID,25.190889347304164,81.73860077631014,30049.29872995083,1052.3227123296042,40040.35847920222
111.89999999999792,VALID,25.191020332182017,81.73876464411514,30057.4178020521,1071.5710872169773,40042.87385600329
111.99999999999791,VALID,25.191151316877466,81.7389285122744,30056.631261600327,1042.5531006429749,40045.58941893928
112.0999999999979,VALID,25.191282301390483,81.73909238078797,30043.761588177476,1049.2188023213378,40042.357641362345
112.1999999999979,VALID,25.191413285721037,81.73925624965587,30045.319528119897,1041.5113145757168,40054.72419026294
112.2999999999979,VALID,25.191544269869095,81.73942011887813,30033.474002474664,1049.0782312260026,40052.70466413041
112.39999999999789,VALID,25.191675253834624,81.73958398845478,30043.891368345943,1051.0539423197151,40058.079002105216
112.49999999999788,VALID,25.191806237617595,81.73974785838587,30051.69071560038,1046.8139050971477,40038.39567982691
112.59999999999788,VALID,25.191937221217973,81.73991172867142,30050.56956954755,1046.2091286440566,40059.88085547841
112.69999999999787,VALID,25.19206820463572,81.74007559931145,30044.514857399674,1046.974032992598,40066.403193238366
112.79999999999787,VALID,25.192199187870802,81.74023947030602,30050.64434405491,1042.2937723227776,40036.35448066618
112.89999999999786,VALID,25.19233017092318,81.74040334165517,30042.972124602868,1039.8010917719466,40049.74270667747
112.99999999999785,VALID,25.19246115379282,81.74056721335893,30054.925645078485,1049.8695495361512,40047.45327464234
113.09999999999785,VALID,25.192592136479675,81.74073108541734,30033.272318632007,1051.3475343943207,40036.19374722744
113.19999999999784,VALID,25.192723118983707,81.74089495783043,30044.20912218195,1050.3273944503176,40044.15977952399
113.29999999999784,VALID,25.192854101304874,81.74105883059826,30039.088532681533,1066.7711917859424,40054.256747250736
113.39999999999783,VALID,25.19298508344313,81.74122270372088,30062.523669653383,1046.990384623957,40043.44274146889
113.49999999999783,VALID,25.19311606539843,81.74138657719831,30049.17514404559,1053.661677561523,40049.298430561685
113.59999999999782,VALID,25.193247047170725,81.74155045103062,30056.69408726165,1045.5221974530907,40049.72632000124
113.69999999999781,VALID,25.19337802875997,81.74171432521784,30029.070335998404,1033.3980496665067,40069.435617707546
113.79999999999781,VALID,25.193509010166107,81.74187819976004,30059.26045796263,1062.1145738488372,40051.02327693046
113.8999999999978,VALID,25.193639991389087,81.74204207465726,30044.60968701752,1063.8856247463475,40061.94781398841
113.9999999999978,VALID,25.193770972428855,81.74220594990956,30040.18411476048,1028.8937727945158,40041.386447313394
114.09999999999779,VALID,25.19390195328535,81.742369825517,30039.732737871676,1046.817940265043,40058.898622435765
114.19999999999779,VALID,25.194032933958518,81.74253370147963,30061.33883535043,1046.4617934762575,40058.5408834473
114.29999999999778,VALID,25.19416391444829,81.74269757779753,30037.268107247368,1053.761089341943,40038.33770068056
114.39999999999777,VALID,25.194294894754602,81.74286145447074,30045.13883024612,1032.0361077261464,40055.05321238988
114.49999999999777,VALID,25.194425874877385,81.74302533149935,30058.027472553404,1051.9172453122778,40041.85712931692
114.59999999999776,VALID,25.19455685481657,81.74318920888342,30026.87123449758,1052.7427191933918,40048.91917745988
114.69999999999776,VALID,25.194687834572083,81.74335308662303,30075.91800893284,1058.0320123691738,40054.058031351866
114.79999999999775,VALID,25.19481881414384,81.74351696471825,30052.866516708367,1058.1696456380919,40050.520155783925
114.89999999999775,VALID,25.194949793531766,81.74368084316916,30032.72175023372,1061.8477850550894,40039.26860778877
114.99999999999774,VALID,25.195080772735768,81.74384472197585,30045.39097703324,1050.8633710429563,40040.99555163081
115.09999999999773,VALID,25.195211751755757,81.7440086011384,30046.823464339508,1060.8153513439402,40040.46028368946
115.19999999999773,VALID,25.195342730591637,81.74417248065693,30040.205826369845,1044.7540057343565,40049.06090429426
115.29999999999772,VALID,25.19547370924331,81.74433636053152,30050.758669956813,1033.3538509981847,40060.78028600121
115.39999999999772,VALID,25.195604687710663,81.74450024076228,30038.89665818534,1032.202594394074,40051.707333039725
115.49999999999771,VALID,25.195735665993585,81.74466412134932,30061.517233380895,1059.4641555829846,40042.77535220637
115.5999999999977,VALID,25.195866644091957,81.74482800229276,30051.77249128577,1039.0645121529988,40048.94245391213
115.6999999999977,VALID,25.19599762200565,81.74499188359273,30064.295691685824,1053.8443532263757,40052.639519139484
115.7999999999977,VALID,25.196128599734525,81.74515576524936,30038.861335043173,1056.6795829974055,40044.959530322965
115.89999999999769,VALID,25.196259577278443,81.74531964726279,30051.096575771848,1063.6582970533277,40031.922129528546
115.99999999999768,VALID,25.196390554637244,81.74548352963318,30039.66022215377,1053.136899571065,40067.17045017927
116.09999999999768,VALID,25.196521531810763,81.74564741236068,30055.67127642667,1070.1607959391752,40045.16710225281
116.19999999999767,VALID,25.19665250879882,81.74581129544548,30057.43831535264,1058.5214315082956,40057.82350135287
116.29999999999767,VALID,25.196783485601223,81.74597517888776,30036.937935410413,1034.6582700904073,40053.021058770435
116.39999999999766,VALID,25.196914462217766,81.74613906268773,30047.898007722266,1036.6904916556448,40050.081414346365
116.49999999999766,VALID,25.19704543864822,81.74630294684562,30033.967190338997,1022.871990753806,40041.37960559687
116.59999999999765,VALID,25.19717641489234,81.74646683136164,30051.429447040213,1043.3862258958634,40048.256324688125
116.69999999999764,VALID,25.197307390949856,81.74663071623608,30059.088147421102,1056.7857293973773,40047.6531092677
116.79999999999764,VALID,25.197438366820474,81.74679460146923,30046.551821069294,1070.9125527448118,40032.7259452083
116.89999999999763,VALID,25.197569342503872,81.74695848706139,30029.225643286834,1044.6557692022677,40066.66569789662
116.99999999999763,VALID,25.19770031799969,81.74712237301293,30027.780540802116,1041.4741323028102,40062.70295199676
117.09999999999762,VALID,25.197831293307527,81.74728625932423,30057.54285627568,1062.2698158564187,40062.2282979437
117.19999999999762,VALID,25.197962268426934,81.74745014599571,30038.156621476286,1032.656066318724,40056.733886204944
117.29999999999761,VALID,25.198093243357405,81.7476140330279,30040.065407427766,1060.0115942554517,40066.48939707784
117.3999999999976,VALID,25.198224218098368,81.74777792042134,30048.228421895044,1053.4578501346036,40051.98935454297
117.4999999999976,VALID,25.19835519264916,81.74794180817669,30053.31018518359,1036.057377995779,40036.92932814087
117.59999999999759,VALID,25.19848616700902,81.74810569629469,30040.01055462813,1057.904654889762,40035.69611553018
117.69999999999759,VALID,25.19861714117705,81.74826958477621,30057.497737493697,1061.249591353074,40048.337418296505
117.79999999999758,VALID,25.198748115152185,81.7484334736223,30064.57398271457,1028.0317238486887,40042.01114656759
117.89999999999758,VALID,25.198879088933136,81.7485973628342,30062.22994587201,1046.0362020804548,40063.121384239734
117.99999999999757,VALID,25.19901006251831,81.74876125241349,30055.364403105403,1053.2414206090461,40044.98602606511
118.09999999999756,VALID,25.199141035905708,81.74892514236211,30052.9444227049,1069.5726420115914,40044.887508801694
118.19999999999756,VALID,25.1992720090927,81.74908903268263,30066.797282368163,1040.5135442821327,40047.57187500712
118.29999999999755,VALID,25.19940298207572,81.74925292337853,30042.333565889425,1060.0179719275864,40048.22673459259
118.39999999999755,VALID,25.19953395484965,81.74941681445482,30060.5639710337,1074.4248665574178,40033.33703880329
118.49999999999754,VALID,25.19966492740647,81.7495807059193,30047.83182915382,1039.907525187171,40042.80203147112
118.59999999999754,VALID,25.19979589973192,81.7497445977859,30046.434296873344,1044.1005824164292,40045.526863349405
118.69999999999753,VALID,25.199926871793416,81.74990849008645,30053.715718818676,1056.5527702665802,40047.78902067296
118.79999999999752,VALID,25.200131131076912,81.75016373719461,30053.488699912235,1049.7894148696685,40050.38838634633
118.89999999999752,VALID,25.20026226197334,81.75032747474212,30049.679518546778,1060.4414121055481,40028.97066915384
118.99999999999751,VALID,25.200393392689282,81.75049121264252,30025.438850821607,1064.6757901128537,40055.04403977191
119.09999999999751,VALID,25.20052452322474,81.75065495089581,30053.16159384814,1051.8720163962428,40050.431358333684
119.1999999999975,VALID,25.20065565357971,81.750818689502,30049.978901202037,1042.3152731350092,40054.536167528044
119.2999999999975,VALID,25.200786783754186,81.75098242846109,30053.84371501544,1057.2193558739173,40038.49864675807
119.39999999999749,VALID,25.20091791374817,81.75114616777307,30042.759056251576,1055.2450240105916,40052.52468397768
119.49999999999748,VALID,25.201049043561664,81.75130990743796,30068.160619034214,1047.5701412280434,40045.13903225516
119.59999999999748,VALID,25.20118017319466,81.75147364745575,30057.041855336007,1049.270233327501,40045.2117997513
119.69999999999747,VALID,25.20131130264716,81.75163738782646,30040.235264098545,1058.2865708994532,40052.20789294984
119.79999999999747,VALID,25.20144243191916,81.75180112855008,30048.541377794707,1058.7868579246021,40061.16740668723
119.89999999999746,VALID,25.201573561010658,81.75196486962662,30055.993268714014,1039.7674803174402,40036.07994906294
119.99999999999746,VALID,25.201704689921655,81.75212861105608,30061.193961387817,1055.818969913407,40059.01999914528
120.09999999999745,VALID,25.201835818652146,81.75229235283845,30047.428742185122,1050.4706782864334,40057.2880086581
120.19999999999744,VALID,25.20196694720213,81.75245609497375,30046.99517292225,1049.53562055995,40059.96600515058
120.29999999999744,VALID,25.20209807557161,81.75261983746198,30053.869375893588,1043.0136994040292,40039.60576532516
120.39999999999743,VALID,25.202229203760574,81.75278358030313,30053.805954725744,1040.7381770292302,40054.6556693962
120.49999999999743,VALID,25.20236033176903,81.75294732349721,30054.85960095796,1049.6148457644929,40069.5344160434
120.59999999999742,VALID,25.20249145959697,81.75311106704423,30037.0342113776,1041.9253149612382,40068.302486888424
120.69999999999742,VALID,25.202622587244395,81.75327481094419,30042.856441512115,1057.9818323562765,40056.206403395496
120.79999999999741,VALID,25.202753714711303,81.75343855519709,30056.451465132024,1047.5320132480524,40054.0673690193
120.8999999999974,VALID,25.20288484199769,81.75360229980294,30049.642429732336,1052.3101990893097,40045.20972224377
120.9999999999974,VALID,25.203015969103557,81.75376604476172,30061.32102069691,1035.6884288481397,40044.114636499915
121.0999999999974,VALID,25.2031470960289,81.75392979007346,30068.523433183847,1044.6889134733817,40050.883330530654
121.19999999999739,VALID,25.20327822277372,81.75409353573814,30041.404655292474,1052.4073824972238,40044.178838657885
121.29999999999738,VALID,25.20340934933801,81.75425728175577,30046.410717608094,1043.2853285115589,40052.62937022829
121.39999999999738,VALID,25.203540475721773,81.75442102812636,30034.495002112802,1051.378688728102,40034.33913179754
121.49999999999737,VALID,25.203671601925006,81.75458477484992,30055.403456514236,1043.3329065084295,40048.89415026282
121.59999999999737,VALID,25.203802727947707,81.75474852192643,30044.121398409436,1052.212080629221,40051.81591881789
121.69999999999736,VALID,25.203933853789874,81.75491226935591,30051.32861365189,1063.80163261454,40051.935440859364
121.79999999999735,VALID,25.204064979451505,81.75507601713836,30055.41340866933,1041.8627713722587,40041.05828759269
121.89999999999735,VALID,25.2041961049326,81.75523976527379,30055.27297357196,1032.6885346402073,40046.371422842894
121.99999999999734,VALID,25.20432723023315,81.75540351376218,30057.373730760635,1045.688605114172,40061.384047900094
122.09999999999734,VALID,25.204458355353164,81.75556726260353,30041.346899637858,1050.6056923900312,40035.55470895263
122.19999999999733,VALID,25.204589480292633,81.75573101179788,30051.002945897082,1046.1264000076615,40052.54847413152
122.29999999999733,VALID,25.204720605051556,81.7558947613452,30044.10106607906,1046.3608760348,40058.76642866617
122.39999999999732,VALID,25.204851729629933,81.75605851124551,30056.39059149429,1051.3449967110528,40066.80888077962
122.49999999999731,VALID,25.20498285402776,81.7562222614988,30048.93559137726,1047.4581568935803,40051.63280453898
122.59999999999731,VALID,25.205113978245038,81.7563860121051,30029.60377535726,1046.7348892557718,40058.902564966535
122.6999999999973,VALID,25.20524510228176,81.75654976306437,30045.31412921386,1044.1918399862896,40046.39835568934
122.7999999999973,VALID,25.205376226137933,81.75671351437664,30056.507151977505,1055.714276702038,40044.280723609125
122.89999999999729,VALID,25.205507349813548,81.75687726604191,30037.977630298887,1073.6153287647771,40030.08354661805
122.99999999999729,VALID,25.205638473308603,81.75704101806018,30039.990341806853,1052.8079472515215,40051.73575287927
123.09999999999728,VALID,25.2057695966231,81.75720477043146,30055.231467842594,1046.1044127211092,40057.54503420063
123.19999999999727,VALID,25.205900719757032,81.75736852315573,30045.16581652504,1053.1891975169078,40039.934454523376
123.29999999999727,VALID,25.206031842710402,81.75753227623302,30048.344905792634,1042.4155941884353,40032.82085072607
123.39999999999726,VALID,25.206162965483205,81.75769602966332,30051.070916558412,1047.9777162537048,40065.594232313044
123.49999999999726,VALID,25.206294088075442,81.75785978344663,30053.155416845355,1063.758543388103,40032.59396754818
123.59999999999725,VALID,25.206425210487108,81.75802353758296,30053.004163804588,1049.7406175584,40063.998504779905
123.69999999999725,VALID,25.206556332718204,81.75818729207231,30043.47469174845,1035.178975413539,40047.37637299163
123.79999999999724,VALID,25.206687454768726,81.75835104691468,30053.05950408636,1049.0837229376045,40053.974967663315
123.89999999999723,VALID,25.206818576638675,81.75851480211008,30058.87798863498,1054.7390950885022,40054.62409282323
123.99999999999723,VALID,25.206949698328046,81.75867855765851,30053.98501586462,1032.941402737843,40043.90735397272
124.09999999999722,VALID,25.207080819836836,81.75884231355997,30054.610083188458,1060.2577063089932,40032.807556267704
124.19999999999722,VALID,25.20721194116505,81.75900606981446,30042.450289585093,1067.174306628097,40045.920510944125
124.29999999999721,VALID,25.207343062312678,81.75916982642198,30041.259544201872,1048.6734872562986,40054.736642304626
124.3999999999972,VALID,25.20747418327972,81.75933358338254,30056.604811538546,1046.1322749010776,40053.797873228665
124.4999999999972,VALID,25.20760530406618,81.75949734069614,30052.408897318153,1041.3196764500476,40053.012168241745
124.5999999999972,VALID,25.207736424672053,81.7596610983628,30071.222579287318,1036.5149611392524,40053.200581128986
124.69999999999719,VALID,25.207867545097333,81.7598248563825,30034.618785875628,1064.4494777496557,40036.14579632182
124.79999999999718,VALID,25.20799866534202,81.75998861475524,30055.412196612928,1033.4126723248394,40052.05615916938
124.89999999999718,VALID,25.208129785406115,81.76015237348105,30055.717342631226,1063.9391285490165,40060.995460613194
124.99999999999717,VALID,25.208260905289613,81.76031613255991,30034.316714006265,1036.7646960575535,40036.97424409926
125.09999999999717,VALID,25.208392024992513,81.76047989199182,30056.00952089013,1038.6539302187302,40043.15804485343
125.19999999999716,VALID,25.208523144514814,81.7606436517768,30046.637882767576,1080.0857768211124,40051.87879530883
125.29999999999715,VALID,25.208654263856513,81.76080741191484,30048.002479804283,1046.4153546752577,40041.65765941769
125.39999999999715,VALID,25.20878538301761,81.76097117240595,30038.035032944623,1047.2033446056553,40054.31618021791
125.49999999999714,VALID,25.2089165019981,81.76113493325012,30070.9371771472,1050.9117086220206,40056.423164745036
125.59999999999714,VALID,25.209047620797985,81.76129869444738,30057.483505879853,1033.6535255955266,40048.14999018144
125.69999999999713,VALID,25.20917873941726,81.7614624559977,30051.661631823823,1047.4396341681293,40046.75441284296
125.79999999999713,VALID,25.209309857855924,81.76162621790111,30044.843942247742,1055.812999141125,40037.31219055452
125.89999999999712,VALID,25.209440976113974,81.7617899801576,30042.948161174918,1063.6640647687218,40042.24533904518
125.99999999999712,VALID,25.20957209419141,81.76195374276718,30038.642776217017,1060.005856151191,40049.559719528625
126.09999999999711,VALID,25.209703212088233,81.76211750572983,30062.603990980042,1051.6463632898804,40052.78490603437
126.1999999999971,VALID,25.209834329804433,81.76228126904559,30047.95490422681,1042.9679399091967,40040.41890182266
126.2999999999971,VALID,25.209965447340014,81.76244503271442,30041.072250137684,1050.0284343816477,40047.79768829723
126.39999999999709,VALID,25.21009656469497,81.76260879673636,30055.324370651993,1045.8285499477026,40053.668185676805
126.49999999999709,VALID,25.210227681869306,81.76277256111139,30053.413632584092,1026.610446306436,40055.97926267737
126.59999999999708,VALID,25.210358798863012,81.76293632583952,30051.87213711391,1053.266160930387,40041.121549586
126.69999999999708,VALID,25.210489915676092,81.76310009092076,30057.669705294004,1034.234917624927,40051.487313573954
126.79999999999707,VALID,25.21062103230854,81.76326385635511,30032.09337968796,1061.7672666265596,40048.143147608
126.89999999999706,VALID,25.21075214876036,81.76342762214256,30034.927140190855,1055.8701894817452,40049.60659663497
126.99999999999706,VALID,25.210883265031544,81.76359138828313,30039.28438469739,1041.8216277490199,40041.704347013794
127.09999999999705,VALID,25.21101438112209,81.76375515477682,30054.77385198434,1051.2630987499942,40066.63697029142
127.19999999999705,VALID,25.211145497032,81.76391892162361,30050.717008000523,1056.3293705878923,40056.0093492281
127.29999999999704,VALID,25.21127661276127,81.76408268882354,30057.926963733662,1049.031307188759,40034.211053793944
127.39999999999704,VALID,25.2114077283099,81.76424645637658,30051.555846381623,1053.3938787573475,40051.309682804844
127.49999999999703,VALID,25.211538843677886,81.76441022428276,30052.41249284157,1035.617048298549,40058.2134436902
127.59999999999702,VALID,25.211669958865226,81.76457399254205,30048.15601541611,1050.555471476357,40056.06021495734
127.69999999999702,VALID,25.211801073871918,81.76473776115448,30035.612714149276,1051.1646719900218,40032.631464274964
127.79999999999701,VALID,25.21193218869796,81.76490153012004,30049.729445414203,1044.3245291558835,40043.34106560646
127.89999999999701,VALID,25.212063303343353,81.76506529943875,30068.529956358245,1053.0194501917717,40061.59347927861
127.999999999997,VALID,25.21219441780809,81.76522906911059,30033.982244174942,1073.7588528138842,40068.745269544415
128.099999999997,VALID,25.21232553209217,81.76539283913557,30063.63100808193,1039.0411481506364,40043.43804126321
128.199999999997,VALID,25.212456646195594,81.76555660951371,30039.681261904494,1059.0352553486487,40041.30598705104
128.299999999997,VALID,25.21258776011836,81.76572038024499,30043.25113644365,1056.0728624236506,40055.558557631244
128.399999999997,VALID,25.212718873860464,81.76588415132942,30044.925891158222,1053.9511863148364,40074.0233729036
128.499999999997,VALID,25.212849987421905,81.766047922767,30048.714873823927,1067.1449915313772,40059.73375192992
128.59999999999698,VALID,25.212981100802683,81.76621169455775,30052.843834778738,1057.2975431801333,40049.89290520608
128.69999999999698,VALID,25.21311221400279,81.76637546670166,30040.87798423269,1051.013690699284,40043.12354002198
128.79999999999697,VALID,25.213243327022234,81.76653923919874,30028.573584253125,1037.34905474812,40056.239315132094
128.89999999999696,VALID,25.213374439861003,81.76670301204898,30063.914967233264,1059.4642931468004,40054.95376866824
128.99999999999696,VALID,25.2135055525191,81.76686678525239,30045.846208523206,1037.0549031245669,40047.24340391183
129.09999999999695,VALID,25.21363666499652,81.76703055880897,30049.841272278998,1043.623557605165,40032.56109677933
129.19999999999695,VALID,25.213767777293267,81.76719433271872,30048.67765339623,1054.5693635543475,40055.082643239075
129.29999999999694,VALID,25.213898889409332,81.76735810698165,30057.53926011767,1041.155557371279,40062.69296729237
129.39999999999694,VALID,25.214030001344717,81.76752188159776,30044.82461774257,1057.152497631466,40018.101444418906
129.49999999999693,VALID,25.214161113099422,81.76768565656705,30051.71144167287,1056.633990290837,40045.01787456786
129.59999999999692,VALID,25.21429222467344,81.76784943188953,30059.784676747495,1038.512442588177,40053.79117051966
129.69999999999692,VALID,25.214423336066773,81.7680132075652,30046.848391935524,1053.960793065008,40060.198016632254
129.7999999999969,VALID,25.214554447279415,81.76817698359406,30052.276763914935,1056.0663716006204,40073.91467289085
129.8999999999969,VALID,25.214685558311366,81.76834075997611,30042.484532110386,1061.8602346661248,40068.19834362648
129.9999999999969,VALID,25.214816669162627,81.76850453671136,30038.766042076928,1052.3573769211189,40041.20790910335
130.0999999999969,VALID,25.214947779833192,81.76866831379982,30041.97050737329,1036.0821264518825,40060.566839533254
130.1999999999969,VALID,25.21507889032306,81.76883209124148,30040.689998131103,1043.625899010219,40055.96987880144
130.29999999999688,VALID,25.21521000063223,81.76899586903635,30052.395716496623,1047.7504733950104,40051.48288989126
130.39999999999688,VALID,25.215341110760697,81.76915964718442,30032.688376518454,1031.3507128235728,40066.43146804337
130.49999999999687,VALID,25.215472220708463,81.76932342568571,30057.169273533404,1058.3573646432014,40041.68920736654
130.59999999999687,VALID,25.215603330475524,81.76948720454021,30037.302137521612,1053.4899066576868,40046.180717496696
130.69999999999686,VALID,25.21573444006188,81.76965098374794,30034.651124081614,1043.5093497010948,40053.83106582192
130.79999999999686,VALID,25.215865549467527,81.76981476330887,30059.315438885613,1043.5860876900392,40064.07744921869
130.89999999999685,VALID,25.215996658692465,81.76997854322303,30044.82327586284,1044.1673687478228,40055.11098769602
130.99999999999685,VALID,25.21612776773669,81.77014232349042,30042.686864776155,1050.8365597959005,40038.688665202324
131.09999999999684,VALID,25.2162588766002,81.77030610411104,30031.96609718766,1050.101627484025,40055.41745537278
131.19999999999683,VALID,25.216389985282994,81.77046988508489,30059.106152263066,1052.2109978074016,40044.66855280368
131.29999999999683,VALID,25.21652109378507,81.77063366641198,30047.2526821008,1050.7848687928738,40051.629723120735
131.39999999999682,VALID,25.216652202106424,81.77079744809231,30046.943100501157,1031.4610410359146,40039.702549484166
131.49999999999682,VALID,25.216783310247056,81.77096123012588,30038.429651378643,1061.2730744044156,40045.42454878844
131.5999999999968,VALID,25.21691441820696,81.77112501251268,30047.135484071998,1040.784877033762,40050.25969911413
131.6999999999968,VALID,25.21704552598614,81.77128879525274,30030.6489861828,1056.126651284189,40054.96302287772
131.7999999999968,VALID,25.217176633584593,81.77145257834606,30044.41352888107,1040.2049156334226,40050.35480587965
131.8999999999968,VALID,25.217307741002312,81.77161636179262,30050.160236413754,1044.6236893762805,40057.2324162188
131.9999999999968,VALID,25.2174388482393,81.77178014559244,30035.628381342514,1042.0523865344487,40041.06804292629
132.09999999999678,VALID,25.217569955295552,81.77194392974552,30070.597945465583,1072.5629384700094,40039.5552872333
132.19999999999678,VALID,25.217701062171066,81.77210771425186,30065.69287222328,1037.1640913104202,40038.29807036733
132.29999999999677,VALID,25.217832168865844,81.77227149911147,30063.019757688657,1052.0802189705216,40055.89781296213
132.39999999999677,VALID,25.21796327537988,81.77243528432435,30066.853390246644,1035.1418059256746,40053.476506911036
132.49999999999676,VALID,25.218094381713172,81.77259906989049,30041.416154620176,1065.0382989485981,40044.49204117072
132.59999999999675,VALID,25.21822548786572,81.7727628558099,30041.643291224365,1053.1549196916142,40061.27357416825
132.69999999999675,VALID,25.21835659383752,81.7729266420826,30048.78774699146,1050.050915786196,40038.134154393774
132.79999999999674,VALID,25.21848769962857,81.77309042870857,30053.01784174267,1043.4077466039312,40054.05351484781
132.89999999999674,VALID,25.218618805238872,81.77325421568783,30061.599930554843,1041.3272233364712,40053.58087143726
132.99999999999673,VALID,25.21874991066842,81.77341800302037,30057.426147582002,1046.4630836321523,40053.97272663884
133.09999999999673,VALID,25.218881015917216,81.77358179070619,30062.888475091906,1062.0085412298927,40027.59228530293
133.19999999999672,VALID,25.21901212098525,81.7737455787453,30049.42459865478,1045.7772669108178,40040.88989812801
133.29999999999671,VALID,25.21914322587253,81.77390936713772,30052.05398535262,1047.9261861733316,40055.851480874735
133.3999999999967,VALID,25.219274330579044,81.77407315588343,30045.621828381016,1059.2147530206923,40050.893631728606
133.4999999999967,VALID,25.219405435104793,81.77423694498243,30041.20883034188,1048.5682081465857,40060.4614282739
133.5999999999967,VALID,25.219536539449777,81.77440073443475,30052.891140827174,1069.1896717714817,40059.595027798336
133.6999999999967,VALID,25.219667643613995,81.77456452424036,30051.71402512584,1055.736121358287,40047.77337237405
133.7999999999967,VALID,25.219798747597444,81.77472831439928,30052.87931831193,1042.799401422749,40036.13568693554
133.89999999999668,VALID,25.21992985140012,81.77489210491152,30040.784149892323,1049.0294970134125,40045.700445338385
133.99999999999667,VALID,25.220060955022024,81.77505589577707,30073.537025406753,1042.2473263024585,40052.27247516467
134.09999999999667,VALID,25.22019205846315,81.77521968699594,30037.456940359414,1039.036332387721,40035.13879545786
134.19999999999666,VALID,25.2203231617235,81.77538347856813,30042.444399529024,1049.7013233836542,40039.86823108284
134.29999999999666,VALID,25.220454264803067,81.77554727049365,30067.302273319812,1046.183946602908,40065.56883054288
134.39999999999665,VALID,25.220585367701855,81.77571106277249,30051.781827995153,1024.301406280277,40055.7911293512
134.49999999999665,VALID,25.220716470419855,81.77587485540465,30064.97433474839,1059.8300319668522,40047.96151200582
134.59999999999664,VALID,25.22084757295707,81.77603864839016,30040.730085582552,1048.315180009124,40056.58636395903
134.69999999999663,VALID,25.220978675313496,81.776202441729,30054.392284954545,1053.383569475947,40062.26350613176
134.79999999999663,VALID,25.221109777489133,81.77636623542118,30055.19751544722,1043.3883642736346,40043.04840777186
134.89999999999662,VALID,25.221240879483975,81.7765300294667,30035.14915732579,1061.6670450068054,40042.27384608699
134.99999999999662,VALID,25.221371981298024,81.77669382386556,30047.746901805393,1058.1034698719257,40043.394958940844
135.0999999999966,VALID,25.221503082931275,81.77685761861777,30055.47314292789,1051.8674287830245,40064.94809346108
135.1999999999966,VALID,25.221634184383728,81.77702141372333,30061.807520727452,1052.843356735198,40051.416234477925
135.2999999999966,VALID,25.22176528565538,81.77718520918225,30049.345107627327,1055.8552565479413,40043.66893425131
135.3999999999966,VALID,25.221896386746227,81.77734900499452,30056.273170372322,1035.9650954320568,40065.81054325943
135.4999999999966,VALID,25.22202748765627,81.77751280116016,30040.822779229133,1046.9363838847653,40067.46209183193
135.59999999999658,VALID,25.222158588385504,81.77767659767916,30044.103271070868,1056.7966015125523,40033.601805686005
135.69999999999658,VALID,25.22228968893393,81.77784039455152,30056.564487427248,1060.2192517766712,40053.139623049276
135.79999999999657,VALID,25.222420789301545,81.77800419177726,30042.915121441227,1041.883617753872,40062.87197755165
135.89999999999657,VALID,25.222551889488344,81.77816798935636,30052.26658686149,1053.0591041219282,40038.88783747599
135.99999999999656,VALID,25.222682989494327,81.77833178728883,30060.540396440592,1042.014896396071,40061.47917801753
136.09999999999656,VALID,25.222814089319492,81.77849558557469,30048.48297773852,1048.8739034912628,40047.53010019068
136.19999999999655,VALID,25.222945188963838,81.77865938421392,30046.27696647953,1047.087263962353,40053.40390567814
136.29999999999654,VALID,25.22307628842736,81.77882318320654,30052.58229083516,1050.5280610545435,40055.91834353137
136.39999999999654,VALID,25.223207387710058,81.77898698255255,30055.68947315144,1045.8252906579107,40051.00023005478
136.49999999999653,VALID,25.22333848681193,81.77915078225195,30064.319694655176,1050.6607449066767,40053.28424463648
136.59999999999653,VALID,25.22346958573297,81.77931458230474,30062.420780102333,1057.2460904189422,40042.081720330505
136.69999999999652,VALID,25.223600684473183,81.77947838271092,30062.933033146768,1045.0168537783588,40044.08636155715
136.79999999999652,VALID,25.223731783032562,81.77964218347051,30081.557482903463,1052.8233258473274,40045.73948092062
136.8999999999965,VALID,25.223862881411105,81.7798059845835,30065.489662924236,1039.5716265579697,40036.86553783362
136.9999999999965,VALID,25.22399397960881,81.7799697860499,30057.9370468396,1059.4824775931447,40047.78728939716
137.0999999999965,VALID,25.224125077625676,81.78013358786971,30037.801483421346,1043.1387153304986,40050.22503698283
137.1999999999965,VALID,25.224256175461697,81.78029739004293,30055.100433029096,1053.74606411688,40030.07832365901
137.2999999999965,VALID,25.224387273116875,81.78046119256956,30051.167326877872,1048.1458309830398,40030.49841251395
137.39999999999648,VALID,25.22451837059121,81.78062499544961,30034.11439989322,1058.2446303838246,40052.67507359216
137.49999999999648,VALID,25.224649467884692,81.78078879868308,30050.70119380907,1050.226069508991,40043.99644688342
137.59999999999647,VALID,25.224780564997324,81.78095260226996,30038.231798864977,1055.8711020246744,40032.226461790946
137.69999999999646,VALID,25.224911661929106,81.78111640621029,30050.771518977013,1060.467466880124,40049.709340469424
137.79999999999646,VALID,25.225042758680033,81.78128021050404,30059.73909773578,1049.9970996952727,40048.17368383872
137.89999999999645,VALID,25.2251738552501,81.78144401515122,30048.546401533094,1065.9895748250315,40048.55890488289
137.99999999999645,VALID,25.22530495163931,81.78160782015185,30037.169236757585,1057.289180810034,40049.70994560456
138.09999999999644,VALID,25.225436047847655,81.78177162550591,30044.014853584627,1056.6351062970928,40028.17372569993
138.19999999999644,VALID,25.22556714387514,81.78193543121341,30041.936822391082,1061.3102094880355,40065.32838232969
138.29999999999643,VALID,25.225698239721755,81.78209923727437,30054.986513740907,1046.8079133831075,40040.71509029736
138.39999999999642,VALID,25.225829335387502,81.78226304368876,30062.083697342867,1048.3431334975405,40068.677251812616
138.49999999999642,VALID,25.22596043087238,81.7824268504566,30063.40265111889,1067.248632041916,40048.6553929148
138.5999999999964,VALID,25.226091526176386,81.7825906575779,30044.017770203875,1054.6055049680826,40060.14832285401
138.6999999999964,VALID,25.226222621299517,81.78275446505266,30036.380081093,1061.9081928332223,40051.09946027169
138.7999999999964,VALID,25.22635371624177,81.78291827288088,30039.461267539675,1048.6081782176386,40046.69619420391
138.8999999999964,VALID,25.226484811003147,81.78308208106256,30056.964985485767,1057.6437296843603,40049.26711049805
138.9999999999964,VALID,25.22661590558364,81.78324588959771,30074.962635033615,1044.762159337669,40034.09451916671
139.09999999999638,VALID,25.22674699998325,81.78340969848634,30054.605715400172,1056.6349575157915,40038.8584512666
139.19999999999638,VALID,25.22687809420197,81.78357350772843,30044.682151391113,1031.2770939430438,40053.71090692891
139.29999999999637,VALID,25.227009188239805,81.78373731732401,30067.339186005844,1070.7085339489447,40046.050630106256
139.39999999999637,VALID,25.227140282096748,81.78390112727307,30038.812868416393,1033.477186596778,40060.02516507921
139.49999999999636,VALID,25.227271375772798,81.78406493757561,30058.101277185368,1043.878672170768,40049.73471884036
139.59999999999636,VALID,25.22740246926795,81.78422874823163,30030.37774334064,1046.3811695239497,40035.18870621706
139.69999999999635,VALID,25.227533562582206,81.78439255924114,30058.764563085228,1050.5911548130757,40033.88157614819
139.79999999999634,VALID,25.227664655715564,81.78455637060415,30061.204177092583,1043.783679471481,40038.579430624144
139.89999999999634,VALID,25.22779574866802,81.78472018232065,30062.831958075676,1040.1914326185597,40056.37307305353
139.99999999999633,VALID,25.22792684143957,81.78488399439065,30045.539918355,1039.2383088775562,40029.376532814116
140.09999999999633,VALID,25.22805793403021,81.78504780681416,30051.419538297894,1049.6245204427928,40052.44104831286
140.19999999999632,VALID,25.228189026439946,81.78521161959117,30031.968819456455,1045.8802639848013,40065.19024538188
140.29999999999632,VALID,25.22832011866877,81.78537543272168,30058.748997270493,1045.4848179488854,40054.70631127382
140.3999999999963,VALID,25.228451210716678,81.7855392462057,30047.590562196183,1056.8026622634786,40045.58019571008
140.4999999999963,VALID,25.22858230258367,81.78570306004325,30060.303038190374,1041.7960285546003,40051.85024774786
140.5999999999963,VALID,25.228713394269747,81.7858668742343,30050.963943571645,1061.876389625353,40058.704451034384
140.6999999999963,VALID,25.228844485774903,81.78603068877888,30048.16822198775,1042.7263734060846,40041.829906252366
140.7999999999963,VALID,25.228975577099135,81.78619450367698,30058.052435216934,1042.2182678298645,40046.406578350434
140.89999999999628,VALID,25.22910666824244,81.78635831892862,30037.72185533556,1056.459815289183,40053.86692137786
140.99999999999628,VALID,25.22923775920482,81.78652213453378,30048.006868870907,1047.3241260936638,40061.08798986141
141.09999999999627,VALID,25.229368849986272,81.78668595049248,30053.818309951606,1047.533765900212,40055.57557164929
141.19999999999627,VALID,25.22949994058679,81.78684976680472,30044.695860884833,1053.0452235759071,40049.639964880495
141.29999999999626,VALID,25.229631031006374,81.7870135834705,30033.991866435837,1059.9048955671374,40034.02099723477
141.39999999999625,VALID,25.22976212124502,81.78717740048982,30063.217076930443,1050.9012198573328,40042.278739554575
141.49999999999625,VALID,25.229893211302727,81.78734121786269,30059.45665572278,1069.9954506730103,40052.553443810095
141.59999999999624,VALID,25.230024301179494,81.7875050355891,30035.212373288035,1054.1697206467525,40045.61699772553
141.69999999999624,VALID,25.230155390875318,81.78766885366908,30040.138736178997,1033.8643447761676,40058.07207840646
141.79999999999623,VALID,25.230286480390195,81.78783267210261,30043.15591490366,1035.3363979845706,40037.4414656022
141.89999999999623,VALID,25.23041756972412,81.7879964908897,30050.762053920625,1049.8884752359468,40053.31719804664
141.99999999999622,VALID,25.230548658877098,81.78816031003035,30052.050834333528,1041.854526399989,40043.11930491511
142.09999999999621,VALID,25.23067974784912,81.78832412952457,30035.543742353206,1044.5699051463475,40042.10973629903
142.1999999999962,VALID,25.230810836640188,81.78848794937235,30046.03725626336,1062.541268271341,40044.155533230616
142.2999999999962,VALID,25.2309419252503,81.78865176957372,30061.203321470475,1050.8153106513228,40039.18805437553
142.3999999999962,VALID,25.23107301367945,81.78881559012865,30045.06622588575,1057.1028622923886,40062.83680966229
142.4999999999962,VALID,25.231204101927638,81.78897941103716,30049.437854974418,1053.5962296657635,40061.24227784886
142.5999999999962,VALID,25.23133518999486,81.78914323229927,30050.246350961614,1036.8794639255095,40045.702917121394
142.69999999999618,VALID,25.23146627788111,81.78930705391495,30054.69651141614,1033.5952635334058,40049.328912124554
142.79999999999617,VALID,25.231597365586396,81.78947087588423,30047.445579557912,1039.0161327854048,40064.093863076516
142.89999999999617,VALID,25.23172845311071,81.78963469820711,30043.696281751007,1026.431688993046,40043.81002573776
142.99999999999616,VALID,25.231859540454046,81.78979852088358,30056.781019810245,1048.6247369590153,40052.03808726249
143.09999999999616,VALID,25.231990627616405,81.78996234391364,30050.386110474556,1046.7942379254107,40042.446566170955
143.19999999999615,VALID,25.232121714597785,81.79012616729732,30045.847441830443,1047.1737790664984,40043.505919832955
143.29999999999615,VALID,25.232252801398182,81.79028999103458,30050.923798697087,1051.533266858475,40049.33161962584
143.39999999999614,VALID,25.232383888017594,81.79045381512546,30055.938298292083,1044.514078596813,40038.711126255104
143.49999999999613,VALID,25.23251497445602,81.79061763956996,30033.2811237378,1041.1476598024126,40040.41973986773
143.59999999999613,VALID,25.232646060713456,81.79078146436807,30055.650262541694,1039.9956097516538,40053.03321896633
143.69999999999612,VALID,25.2327771467899,81.7909452895198,30044.249910613744,1047.6717927764137,40061.40145575261
143.79999999999612,VALID,25.23290823268535,81.79110911502515,30046.180315867827,1057.363163734394,40051.35183893672
143.8999999999961,VALID,25.233039318399804,81.79127294088413,30077.04659392046,1050.0570467857597,40058.141815350966
143.9999999999961,VALID,25.233170403933258,81.79143676709674,30054.81696175692,1047.0345878254905,40024.35377931891
144.0999999999961,VALID,25.23330148928571,81.79160059366298,30060.99704774189,1043.2332285161883,40059.3415479203
144.1999999999961,VALID,25.233432574457158,81.79176442058285,30049.153850548366,1065.2963744951894,40080.102408147395
144.2999999999961,VALID,25.2335636594476,81.79192824785638,30048.994905777192,1047.4321611608163,40051.9901917869
144.39999999999608,VALID,25.233694744257033,81.79209207548354,30055.885751364352,1049.4926628815306,40061.63861442603
144.49999999999608,VALID,25.233825828885454,81.79225590346435,30057.927440684045,1045.6666730753986,40066.85679040902
144.59999999999607,VALID,25.23395691333286,81.7924197317988,30054.202657618658,1047.7568327245913,40070.736595339484
144.69999999999607,VALID,25.23408799759925,81.79258356048692,30053.32482713639,1043.278377614724,40058.26003634772
144.79999999999606,VALID,25.234219081684618,81.79274738952869,30041.413981607206,1036.4342875496488,40036.55159115946
144.89999999999606,VALID,25.234350165588964,81.79291121892412,30041.552997043804,1032.0320197204796,40046.55473668951
144.99999999999605,VALID,25.23448124931229,81.7930750486732,30052.457575343306,1067.9055593161447,40042.85799644429
145.09999999999604,VALID,25.234612332854585,81.79323887877597,30055.61361097054,1059.8562709149103,40047.27287072638
145.19999999999604,VALID,25.234743416215853,81.7934027092324,30051.125281802393,1051.498467945931,40024.389094972714
145.29999999999603,VALID,25.23487449939609,81.79356654004249,30052.140116233415,1058.0866105228602,40047.37528031971
145.39999999999603,VALID,25.23500558239529,81.79373037120627,30063.84562072116,1064.05867161876,40026.31122652526
145.49999999999602,VALID,25.235136665213453,81.79389420272372,30066.32698782123,1061.8088813522645,40062.12920934378
145.59999999999602,VALID,25.235267747850575,81.79405803459487,30050.398973566458,1046.9234398096712,40047.1744426333
145.699999999996,VALID,25.235398830306657,81.7942218668197,30062.253139268654,1046.4812485337704,40055.43683525549
145.799999999996,VALID,25.235529912581693,81.79438569939822,30033.785406242278,1064.212476361899,40040.19955076008
145.899999999996,VALID,25.235660994675683,81.79454953233044,30060.04770550915,1056.0897095865967,40040.37209720289
145.999999999996,VALID,25.23579207658862,81.79471336561635,30059.44351304445,1049.0007770108582,40053.84120176203
146.099999999996,VALID,25.235923158320507,81.79487719925596,30051.301623077416,1047.3966382396836,40050.38686558118
146.19999999999598,VALID,25.236054239871336,81.79504103324929,30050.185511550833,1037.0220784516712,40025.00235549658
146.29999999999598,VALID,25.23618532124111,81.79520486759633,30064.58391106802,1059.9965890017415,40047.723630399465
146.39999999999597,VALID,25.23631640242982,81.79536870229707,30058.61103985479,1061.1823094113836,40051.85073021903
146.49999999999596,VALID,25.23644748343747,81.79553253735152,30053.68234388024,1065.4754064467822,40055.90583958587
146.59999999999596,VALID,25.236578564264054,81.79569637275969,30050.672693662757,1042.5015775989561,40049.99494899524
146.69999999999595,VALID,25.236709644909567,81.79586020852159,30051.36704903842,1040.5214269043543,40059.42969292259
146.79999999999595,VALID,25.23684072537401,81.7960240446372,30052.303808924702,1049.9088903511863,40050.49484254406
146.89999999999594,VALID,25.23697180565738,81.79618788110656,30056.043431498452,1061.3778307633563,40049.31642366516
146.99999999999594,VALID,25.237102885759672,81.79635171792965,30039.758588407,1057.9128336575372,40045.80112648243
147.09999999999593,VALID,25.237233965680886,81.79651555510648,30045.50492772611,1036.8057616583567,40046.59220781984
147.19999999999592,VALID,25.23736504542102,81.79667939263705,30047.407352845436,1051.3652300430276,40041.902908807446
147.29999999999592,VALID,25.237496124980066,81.79684323052135,30042.976224435595,1064.228051183032,40056.6542577378
147.3999999999959,VALID,25.237627204358027,81.7970070687594,30047.975533912882,1066.726876896234,40056.977736955094
147.4999999999959,VALID,25.237758283554896,81.7971709073512,30044.243405240173,1064.8561688032803,40051.369832566095
147.5999999999959,VALID,25.237889362570673,81.79733474629676,30048.86645818313,1057.497792596397,40045.79009988399
147.6999999999959,VALID,25.238020441405357,81.79749858559607,30041.696045618042,1054.4806595487462,40057.999257700256
147.7999999999959,VALID,25.238151520058942,81.79766242524916,30059.1467000404,1058.0768244034384,40051.424431566935
147.89999999999588,VALID,25.238282598531427,81.797826265256,30052.985716864263,1047.1499476806903,40061.66507459789
147.99999999999588,VALID,25.238413676822805,81.79799010561662,30055.52491773766,1053.0057165319554,40041.2272145722
148.09999999999587,VALID,25.23854475493308,81.798153946331,30043.90525362887,1046.6270710883477,40054.06683987067
148.19999999999587,VALID,25.238675832862246,81.79831778739916,30077.45137683033,1040.9055542748283,40047.32680792538
148.29999999999586,VALID,25.238806910610297,81.7984816288211,30032.98024516701,1060.5950976770835,40042.14711414122
148.39999999999586,VALID,25.238937988177234,81.79864547059682,30062.090833068003,1061.8183799416681,40046.21550974433
148.49999999999585,VALID,25.239069065563054,81.79880931272633,30050.71295382734,1041.0687917585053,40045.9029243014
148.59999999999584,VALID,25.239200142767753,81.79897315520964,30044.692663199392,1057.7180492497969,40059.885711070994
148.69999999999584,VALID,25.23933121979133,81.79913699804673,30041.553906206394,1058.4055025673645,40040.61678260981
148.79999999999583,VALID,25.239462296633782,81.79930084123762,30057.816138701208,1025.0131462267254,40035.004094209784
148.89999999999583,VALID,25.239593373295104,81.79946468478232,30026.961140458185,1038.3274591206343,40043.93564624097
148.99999999999582,VALID,25.239724449775295,81.79962852868083,30048.67945113492,1051.231346789281,40043.0309589888
149.09999999999582,VALID,25.239855526074354,81.79979237293314,30027.10801763127,1028.2541476341896,40043.67745029787
149.1999999999958,VALID,25.239986602192275,81.79995621753926,30041.224100260777,1048.145542587696,40045.13447489821
149.2999999999958,VALID,25.240117678129057,81.8001200624992,30046.708578719335,1047.6732880480981,40052.3632283653
149.3999999999958,VALID,25.240248753884693,81.80028390781297,30047.259387293365,1064.4845048127954,40042.30847491482
149.4999999999958,VALID,25.240379829459183,81.80044775348055,30055.07259246406,1051.7239497081193,40042.74575843893
149.5999999999958,VALID,25.240510904852528,81.80061159950198,30065.925685510865,1036.4446449776597,40045.20305553519
149.69999999999578,VALID,25.24064198006472,81.80077544587722,30038.633467688083,1054.7915200611694,40037.02001171091
149.79999999999578,VALID,25.240773055095758,81.8009392926063,30041.57910027432,1045.4292000360347,40055.57345436944
149.89999999999577,VALID,25.240904129945637,81.80110313968922,30058.431721060675,1057.8953262637983,40060.27498049323
149.99999999999577,VALID,25.241035204614356,81.80126698712598,30065.19198730016,1059.344754312265,40064.39917871598
150.09999999999576,VALID,25.24116627910191,81.8014308349166,30050.23842476639,1045.0542555275022,40047.722171575544
150.19999999999575,VALID,25.241297353408303,81.80159468306107,30047.06297989852,1046.948504542087,40058.81922329366
150.29999999999575,VALID,25.241428427533524,81.80175853155939,30033.760049107317,1052.1517980987526,40058.16940464059
150.39999999999574,VALID,25.241559501477575,81.80192238041157,30043.671086060607,1038.1829266791342,40062.54012457492
150.49999999999574,VALID,25.24169057524045,81.8020862296176,30063.27683098799,1040.6475649233164,40040.587955420815
150.59999999999573,VALID,25.241821648822146,81.80225007917751,30040.294527839764,1052.4084379590279,40033.58480083515
150.69999999999573,VALID,25.241952722222663,81.80241392909129,30060.367993770524,1052.5127806281146,40059.17138519719
150.79999999999572,VALID,25.242083795441996,81.80257777935894,30057.105685103605,1062.0025277895922,40041.9006485647
150.8999999999957,VALID,25.24221486848014,81.80274162998047,30053.730874735335,1044.9327710713465,40042.57806045042
150.9999999999957,VALID,25.242345941337096,81.80290548095589,30052.30154617111,1049.320024277653,40058.19824425472
151.0999999999957,VALID,25.242477014012856,81.80306933228518,30044.316306626304,1056.4580415983153,40035.97228206394
151.1999999999957,VALID,25.24260808650742,81.80323318396836,30030.260454711643,1031.583532054255,40063.299953090405
151.2999999999957,VALID,25.242739158820786,81.80339703600544,30050.029895839525,1054.0616686727526,40044.37105294413
151.39999999999569,VALID,25.24287023095295,81.8035608883964,30053.660638326735,1066.2984102545765,40059.92794986846
151.49999999999568,VALID,25.24300130290391,81.80372474114128,30052.47013201364,1048.1270862528975,40051.556760586005
151.59999999999567,VALID,25.24313237467366,81.80388859424006,30052.736865143685,1055.3965400819156,40056.5529574134
151.69999999999567,VALID,25.243263446262198,81.80405244769275,30052.84999845508,1051.8677733119516,40052.38273653257
151.79999999999566,VALID,25.243394517669522,81.80421630149935,30045.916925797803,1055.562327096098,40066.38455740326
151.89999999999566,VALID,25.24352558889563,81.80438015565987,30045.20655507927,1045.9652816058644,40058.80248231558
151.99999999999565,VALID,25.243656659940516,81.80454401017431,30056.60219673825,1049.2402473785428,40045.3349219602
152.09999999999565,VALID,25.24378773080418,81.80470786504267,30050.689659701715,1053.816204109262,40046.86797638027
152.19999999999564,VALID,25.243918801486615,81.80487172026497,30053.710436578825,1040.7728221990958,40052.05104830386
152.29999999999563,VALID,25.24404987198782,81.8050355758412,30067.266013049524,1043.3114811325108,40049.92159264214
152.39999999999563,VALID,25.24418094230779,81.80519943177137,30047.47771210218,1030.7512610683702,40049.296641801266
152.49999999999562,VALID,25.244312012446525,81.80536328805547,30052.21443839663,1054.5209289466861,40050.52063140188
152.59999999999562,VALID,25.24444308240402,81.80552714469353,30041.48752653201,1058.009238963612,40059.091306476315
152.6999999999956,VALID,25.24457415218027,81.80569100168553,30063.63436779973,1043.3049960309445,40053.18762894634
152.7999999999956,VALID,25.244705221775273,81.80585485903148,30052.284914528016,1029.3751326692814,40035.530961082964
152.8999999999956,VALID,25.244836291189028,81.8060187167314,30048.85555700839,1046.0747248574153,40046.34279072535
152.9999999999956,VALID,25.24496736042153,81.80618257478528,30057.766919959413,1057.3369031121063,40044.846807266375
153.0999999999956,VALID,25.245098429472776,81.80634643319313,30040.267315841193,1063.022396166908,40071.161758060414
153.19999999999558,VALID,25.245229498342763,81.80651029195494,30061.41754151874,1028.1494195518076,40074.40468099148
153.29999999999558,VALID,25.245360567031486,81.80667415107072,30049.904508461572,1032.7503707804974,40026.55429449129
153.39999999999557,VALID,25.245491635538944,81.80683801054049,30045.28277332004,1043.5112190831567,40061.94086289767
153.49999999999557,VALID,25.24562270386513,81.80700187036425,30040.1384509063,1051.661169238376,40056.97151151478
153.59999999999556,VALID,25.245753772010044,81.80716573054198,30052.546324898263,1058.695789110254,40042.922592364695
153.69999999999555,VALID,25.245884839973684,81.80732959107371,30047.32840301736,1040.3932336917244,40062.738882035934
153.79999999999555,VALID,25.246015907756043,81.80749345195943,30060.930407294392,1041.9647229991633,40036.729416531496
153.89999999999554,VALID,25.246146975357117,81.80765731319916,30059.6542393464,1047.9359470524455,40052.16790130851
153.99999999999554,VALID,25.246278042776908,81.80782117479289,30037.838249996643,1046.0471933799533,40042.86693033308
154.09999999999553,VALID,25.246409110015406,81.80798503674063,30060.906027515422,1038.0055273147957,40044.7279780036
154.19999999999553,VALID,25.246540177072614,81.80814889904238,30061.158969487555,1055.5853783028945,40058.9157943281
154.29999999999552,VALID,25.246671243948523,81.80831276169815,30050.265369984434,1037.5632600844215,40071.02399734655
154.39999999999552,VALID,25.246802310643133,81.80847662470794,30037.42286587884,1059.2060870414975,40064.31686566051
154.4999999999955,VALID,25.246933377156438,81.80864048807175,30043.61130449356,1026.0208450930484,40040.831725174954
154.5999999999955,VALID,25.247064443488437,81.80880435178959,30034.28800067307,1056.7309752099463,40049.43848668755
154.6999999999955,VALID,25.247195509639127,81.80896821586147,30049.95592434101,1044.228011633137,40057.12565035448
154.7999999999955,VALID,25.2473265756085,81.80913208028738,30052.197371321046,1070.4429355377824,40055.933628794744
154.8999999999955,VALID,25.247457641396558,81.80929594506735,30047.970933411398,1053.4490266739347,40048.811074413265
154.99999999999548,VALID,25.247588707003292,81.80945981020136,30054.008869449033,1041.6641120592851,40054.883701663544
155.09999999999548,VALID,25.247719772428702,81.80962367568942,30053.37828948592,1042.1713276162486,40030.44525723304
155.19999999999547,VALID,25.247850837672782,81.80978754153153,30043.177380303456,1045.918370890545,40053.16809375948
155.29999999999546,VALID,25.247981902735532,81.80995140772771,30059.174393356425,1034.9215776154983,40055.022950557584
155.39999999999546,VALID,25.248112967616947,81.81011527427795,30067.797742368297,1036.533028227218,40041.66039718811
155.49999999999545,VALID,25.24824403231702,81.81027914118226,30031.375312112174,1067.661316928763,40054.26921838917
155.59999999999545,VALID,25.24837509683575,81.81044300844066,30037.360879349657,1054.8595602461442,40061.20403967569
155.69999999999544,VALID,25.248506161173136,81.81060687605313,30065.496031511728,1038.3011957196347,40051.170993637505
155.79999999999544,VALID,25.24863722532917,81.81077074401968,30033.319096218533,1035.9266135538376,40058.87396779657
155.89999999999543,VALID,25.24876828930385,81.81093461234032,30058.567758646175,1054.5513041048114,40050.99395002234
155.99999999999542,VALID,25.248899353097173,81.81109848101505,30045.309134069255,1037.7158040776226,40052.7001127555
156.09999999999542,VALID,25.249030416709132,81.81126235004388,30054.563224855025,1052.4016704855355,40064.556515628654
156.1999999999954,VALID,25.249161480139726,81.8114262194268,30060.78226061377,1064.6017217350745,40049.761262711014
156.2999999999954,VALID,25.24929254338895,81.81159008916384,30050.512383684254,1038.9159324264772,40070.01416394541
156.3999999999954,VALID,25.2494236064568,81.811753959255,30044.664988129876,1037.607120472139,40058.66104053886
156.4999999999954,VALID,25.249554669343276,81.81191782970026,30039.063585764365,1043.745843632251,40046.52015290199
156.5999999999954,VALID,25.24968573204837,81.81208170049965,30041.673566953184,1046.130796853806,40060.20453127599
156.69999999999538,VALID,25.24981679457208,81.81224557165316,30054.01181887587,1051.7264710967572,40046.73820493803
156.79999999999538,VALID,25.2499478569144,81.8124094431608,30038.562033127502,1054.5750096720994,40065.92042756436
156.89999999999537,VALID,25.250078919075328,81.81257331502259,30061.438549049377,1047.9113348475248,40065.10717235204
156.99999999999537,VALID,25.25020998105486,81.81273718723851,30049.77210130948,1070.9625174243808,40044.114053365214
157.09999999999536,VALID,25.25034104285299,81.81290105980858,30059.8443507915,1052.5049863979104,40067.179125058334
157.19999999999536,VALID,25.25047210446972,81.8130649327328,30048.520778405673,1041.5999024133837,40063.028724794385
157.29999999999535,VALID,25.250603165905037,81.81322880601117,30041.004109460646,1053.7510891454613,40041.6696109058
157.39999999999534,VALID,25.250734227158944,81.8133926796437,30037.31406061425,1057.382798818436,40045.03342163707
157.49999999999534,VALID,25.25086528823143,81.81355655363039,30049.258237748854,1067.519672851395,40061.71055016266
157.59999999999533,VALID,25.2509963491225,81.81372042797125,30049.867087572235,1047.4362351310162,40042.56069553681
157.69999999999533,VALID,25.251127409832144,81.81388430266628,30058.421757057484,1045.236677380821,40070.45977574975
157.79999999999532,VALID,25.25125847036036,81.81404817771549,30051.393388333105,1036.481638510363,40033.28192356793
157.89999999999532,VALID,25.25138953070714,81.8142120531189,30042.641583833873,1038.1646757084682,40049.026026841646
157.9999999999953,VALID,25.251520590872484,81.81437592887649,30032.152805045152,1059.306617930913,40048.79617732956
158.0999999999953,VALID,25.251651650856388,81.81453980498827,30048.4832747177,1049.9363924555191,40050.02137325078
158.1999999999953,VALID,25.251782710658844,81.81470368145426,30053.66496929992,1050.1170018494004,40052.06038027292
158.2999999999953,VALID,25.25191377027985,81.81486755827444,30057.146344106568,1025.350191276968,40061.694137803184
158.3999999999953,VALID,25.252044829719402,81.81503143544884,30037.87123149934,1036.8374994755764,40063.260671277116
158.49999999999528,VALID,25.252175888977497,81.81519531297745,30039.26153406755,1043.9212676195687,40041.57160180416
158.59999999999528,VALID,25.252306948054127,81.81535919086028,30052.469772186854,1050.770329321635,40063.74485371897
158.69999999999527,VALID,25.25243800694929,81.81552306909734,30040.406601310726,1052.7820165852766,40063.26596435841
158.79999999999526,VALID,25.252569065662982,81.81568694768863,30036.018658770103,1059.428927937596,40049.25158820081
158.89999999999526,VALID,25.252700124195197,81.81585082663416,30047.304983943428,1049.1585908274749,40036.70704304472
158.99999999999525,VALID,25.252831182545933,81.81601470593392,30055.775551818722,1035.368515272726,40050.53265832419
159.09999999999525,VALID,25.25296224071518,81.81617858558793,30039.263363770788,1062.142595411894,40060.06404283631
159.19999999999524,VALID,25.253093298702943,81.8163424655962,30049.336944742707,1040.8377776057614,40088.08930584322
159.29999999999524,VALID,25.253224356509207,81.81650634595871,30049.27712595575,1061.221949472269,40050.595208777995
159.39999999999523,VALID,25.253355414133974,81.8166702266755,30039.007949994255,1040.9534480368386,40056.02032011566
159.49999999999523,VALID,25.253486471577236,81.81683410774654,30066.11226448704,1054.1831357552942,40050.77406553808
159.59999999999522,VALID,25.253617528838994,81.81699798917187,30035.63792025183,1052.9461399506222,40049.09176322981
159.6999999999952,VALID,25.253748585919237,81.81716187095147,30044.658553806774,1056.4626844125871,40058.633535815185
159.7999999999952,VALID,25.253879642817964,81.81732575308536,30046.872330967803,1063.7667140958927,40064.23218097083
159.8999999999952,VALID,25.25401069953517,81.81748963557354,30063.782501853548,1042.2947451642117,40033.465940075206
159.9999999999952,VALID,25.254141756070847,81.81765351841601,30045.729847399736,1047.4066773517714,40042.18275217116
160.0999999999952,VALID,25.254272812424993,81.81781740161279,30064.946761284347,1029.890152368366,40034.14469840604
160.19999999999519,VALID,25.254403868597603,81.81798128516387,30045.073586256014,1047.9809746523993,40039.82046663115
160.29999999999518,VALID,25.254534924588672,81.81814516906925,30031.61898153797,1039.6010307572005,40057.398192961075
160.39999999999517,VALID,25.254665980398194,81.81830905332896,30043.31542019146,1053.4982375405166,40053.31251586411
160.49999999999517,VALID,25.254797036026165,81.818472937943,30054.408980818815,1047.2078764592952,40044.355413256
160.59999999999516,VALID,25.25492809147258,81.81863682291136,30048.967875537233,1056.8566196442778,40043.064371598026
160.69999999999516,VALID,25.25505914673743,81.81880070823406,30063.65687414891,1055.4758299203372,40064.4599995281
160.79999999999515,VALID,25.255190201820717,81.8189645939111,30047.53269088007,1057.1132382579563,40050.79092010641
160.89999999999515,VALID,25.255321256722432,81.81912847994249,30039.167492226825,1057.7190643368422,40072.52409286502
160.99999999999514,VALID,25.25545231144257,81.81929236632824,30049.93652015486,1042.7835108143443,40048.01644458879
161.09999999999513,VALID,25.25558336598113,81.81945625306834,30050.231884887635,1056.6260263959039,40060.2014771865
161.19999999999513,VALID,25.255714420338105,81.81962014016281,30043.002540926347,1061.3090128642136,40043.51480844647
161.29999999999512,VALID,25.255845474513485,81.81978402761165,30056.381516985188,1041.7112746772696,40059.20916875837
161.39999999999512,VALID,25.25597652850727,81.81994791541486,30047.302537606553,1060.0074188812657,40063.559480850054
161.4999999999951,VALID,25.256107582319448,81.82011180357246,30058.490656936883,1045.2921142587995,40042.780174930864
161.5999999999951,VALID,25.25623863595002,81.82027569208445,30038.93299475097,1072.7864689748274,40040.948766616224
161.6999999999951,VALID,25.25636968939898,81.82043958095083,30059.701601492055,1061.9023140701324,40046.49424304299
161.7999999999951,VALID,25.256500742666322,81.82060347017162,30054.15254111641,1040.7956799598396,40054.232221068654
161.8999999999951,VALID,25.25663179575204,81.82076735974681,30042.612427215565,1050.930221379255,40044.368938521286
161.99999999999508,VALID,25.256762848656127,81.82093124967642,30044.645908548966,1047.3829395644893,40049.35059508128
162.09999999999508,VALID,25.25689390137858,81.82109513996045,30054.7417935251,1070.6857827003846,40054.2383333486
162.19999999999507,VALID,25.257024953919387,81.82125903059891,30057.40261321046,1057.4368872063214,40065.255353344095
162.29999999999507,VALID,25.25715600627855,81.8214229215918,30049.417620143864,1056.1163194433339,40051.84929821581
162.39999999999506,VALID,25.25728705845606,81.82158681293915,30038.14005392163,1043.8021614450297,40041.49940337107
162.49999999999505,VALID,25.257418110451916,81.82175070464093,30048.3162732819,1055.858932515379,40032.51115313922
162.59999999999505,VALID,25.257549162266105,81.82191459669717,30031.44031171664,1045.1059111333348,40054.99653445941
162.69999999999504,VALID,25.257680213898624,81.82207848910787,30046.368120530475,1038.7847046148825,40059.4949278341
162.79999999999504,VALID,25.257811265349467,81.82224238187304,30061.43552476175,1035.0160027145535,40059.60054124841
162.89999999999503,VALID,25.257942316618628,81.82240627499267,30045.257412775285,1037.2549470291033,40054.883990300616
162.99999999999503,VALID,25.258073367706103,81.8225701684668,30049.292719914225,1032.6351307185678,40028.17903342843
163.09999999999502,VALID,25.258204418611882,81.82273406229541,30053.31365927696,1037.8875563143185,40045.325074790264
163.19999999999501,VALID,25.25833546933596,81.82289795647851,30060.494412484542,1046.5259928357825,40045.87227658313
163.299999999995,VALID,25.258466519878336,81.82306185101612,30040.526867104425,1042.0285656280867,40038.70421976634
163.399999999995,VALID,25.258597570238997,81.82322574590823,30037.869216099996,1053.6028670921542,40036.75366371644
163.499999999995,VALID,25.25872862041794,81.82338964115486,30062.553124028156,1071.5876598757338,40063.8230913988
163.599999999995,VALID,25.25885967041516,81.82355353675602,30062.62638582327,1039.8109389204433,40039.98333016417
163.699999999995,VALID,25.258990720230646,81.8237174327117,30059.28510126035,1053.6152864094577,40059.73332106496
163.79999999999498,VALID,25.259121769864393,81.82388132902193,30040.319669214634,1058.5955261896252,40056.71428356803
163.89999999999498,VALID,25.259252819316394,81.8240452256867,30053.656463472136,1042.2833719053547,40051.72020627677
163.99999999999497,VALID,25.259383868586646,81.82420912270602,30042.110719312146,1048.495035584444,40049.469985512165
164.09999999999496,VALID,25.25951491767514,81.8243730200799,30041.50453843815,1057.8745532098958,40052.73185041867
164.19999999999496,VALID,25.259645966581868,81.82453691780836,30039.12897488046,1037.72770895864,40047.15058296191
164.29999999999495,VALID,25.259777015306824,81.82470081589139,30047.662620264717,1056.6135854385939,40059.66503865206
164.39999999999495,VALID,25.259908063850002,81.824864714329,30046.541179199106,1049.582222916868,40064.11138161321
164.49999999999494,VALID,25.260039112211395,81.82502861312119,30042.73703078524,1055.3486098100993,40052.86672235267
164.59999999999494,VALID,25.260170160390995,81.82519251226799,30033.187357127546,1057.9095228308472,40038.396787001046
164.69999999999493,VALID,25.260301208388796,81.82535641176939,30051.326044613135,1041.568890026711,40050.90215448255
164.79999999999492,VALID,25.26043225620479,81.82552031162541,30041.26306087382,1044.4421065258225,40063.62030800826
164.89999999999492,VALID,25.26056330383897,81.82568421183605,30050.96355334784,1045.4314169499435,40051.71749250957
164.9999999999949,VALID,25.26069435129133,81.82584811240132,30054.76558792238,1044.9065525196456,40046.59377221056
165.0999999999949,VALID,25.26082539856186,81.82601201332123,30048.616370136933,1031.4777058457535,40040.09998831939
165.1999999999949,VALID,25.260956445650553,81.8261759145958,30037.068946721312,1062.0568752931783,40049.74959635457
165.2999999999949,VALID,25.2610874925574,81.826339816225,30050.038334016626,1037.7470307319743,40052.42144203279
165.3999999999949,VALID,25.2612185392824,81.82650371820888,30042.692800810404,1053.9166034077878,40048.815357347135
165.49999999999488,VALID,25.26134958582554,81.82666762054743,30044.179708423646,1064.8435183076995,40034.47106934671
165.59999999999488,VALID,25.26148063218681,81.82683152324066,30044.04788281115,1046.5110595769372,40045.47693073544
165.69999999999487,VALID,25.261611678366204,81.82699542628858,30050.377490885352,1048.4079380749754,40061.59051455368
165.79999999999487,VALID,25.261742724363717,81.8271593296912,30057.10216285726,1059.7202421185223,40010.56387393868
165.89999999999486,VALID,25.26187377017934,81.82732323344852,30054.142361914102,1050.3238420003067,40069.54183846259
165.99999999999486,VALID,25.26200481581306,81.82748713756057,30036.236682655064,1061.1423494787493,40069.76731681966
166.09999999999485,VALID,25.262135861264873,81.82765104202733,30038.06960996571,1028.587379880409,40032.353097230676
166.19999999999484,VALID,25.26226690653477,81.82781494684883,30048.752992885682,1039.8180744632102,40056.509687288955
166.29999999999484,VALID,25.26239795162274,81.82797885202508,30032.57721333346,1039.4610249154202,40068.79495669856
166.39999999999483,VALID,25.26252899652878,81.82814275755608,30044.08593732163,1057.7537882193658,40056.38977454642
166.49999999999483,VALID,25.262660041252875,81.82830666344184,30035.095550012666,1040.576729397219,40035.93668629573
166.59999999999482,VALID,25.262791085795023,81.82847056968237,30050.72445180395,1044.6027432346168,40057.580924820635
166.69999999999482,VALID,25.262922130155207,81.82863447627768,30049.45677341972,1056.2462118451697,40046.27601379834
166.7999999999948,VALID,25.263053174333425,81.82879838322779,30054.303055697455,1058.7771566927483,40043.693843930865
166.8999999999948,VALID,25.263184218329663,81.8289622905327,30065.287506825603,1056.1793045304296,40058.52528071354
166.9999999999948,VALID,25.263315262143912,81.82912619819243,30051.070453347653,1051.4383345174447,40054.20525512999
167.0999999999948,VALID,25.263446305776167,81.82929010620697,30035.91215873481,1049.8570886468622,40068.71680591946
167.1999999999948,VALID,25.263577349226413,81.82945401457634,30048.26514235831,1047.8391767022467,40059.02018038608
167.29999999999478,VALID,25.263708392494642,81.82961792330056,30061.520493427906,1050.9918605578644,40058.23917452019
167.39999999999478,VALID,25.263839435580845,81.82978183237962,30050.093918946295,1032.464377762093,40060.05786415234
167.49999999999477,VALID,25.263970478485014,81.82994574181356,30049.73111481179,1038.0163979041256,40068.16430828464
167.59999999999476,VALID,25.264101521207134,81.83010965160237,30049.394480153285,1041.5760418111236,40051.76653324069
167.69999999999476,VALID,25.2642325637472,81.83027356174607,30045.964956145184,1051.3421592182854,40038.93682619156
167.79999999999475,VALID,25.2643636061052,81.83043747224465,30061.590692093123,1045.5344897309753,40050.36089754463
167.89999999999475,VALID,25.26449464828112,81.83060138309816,30053.138138280032,1048.52824236611,40056.68085813723
167.99999999999474,VALID,25.26462569027495,81.83076529430657,30068.70280257702,1056.386453262027,40030.07889594293
168.09999999999474,VALID,25.264756732086685,81.83092920586992,30059.533565586444,1048.695449577754,40052.15738398761
168.19999999999473,VALID,25.26488777371631,81.83109311778821,30035.812665138834,1049.0598127008645,40043.111616386566
168.29999999999472,VALID,25.265018815163813,81.83125703006147,30050.6065654301,1067.6992960309437,40042.50184499838
168.39999999999472,VALID,25.265149856429183,81.83142094268968,30039.68932694989,1057.4781097947566,40043.38816790197
168.4999999999947,VALID,25.265280897512408,81.83158485567287,30068.072036483965,1058.9847904179542,40058.17962369145
168.5999999999947,VALID,25.26541193841348,81.83174876901106,30045.324040327345,1062.299534498978,40046.1709485476
168.6999999999947,VALID,25.26554297913238,81.83191268270424,30050.47975041948,1047.2025756656808,40063.207401052554
168.7999999999947,VALID,25.265674019669103,81.83207659675244,30057.40781499304,1054.1354451575007,40055.04105231635
168.8999999999947,VALID,25.265805060023634,81.83224051115567,30051.76214947234,1045.6268582588277,40052.6104178091
168.99999999999469,VALID,25.26593610019596,81.83240442591395,30043.47376332057,1068.8648839784605,40037.129482485245
169.09999999999468,VALID,25.26606714018607,81.83256834102728,30052.891167894384,1064.4339415246113,40051.15963003377
169.19999999999467,VALID,25.26619817999395,81.83273225649569,30044.645178069703,1035.2980415478903,40054.75915310446
169.29999999999467,VALID,25.266329219619585,81.83289617231917,30040.001871419772,1036.8535287322122,40073.36643502473
169.39999999999466,VALID,25.266460259062967,81.83306008849775,30054.62247306269,1047.3859557142773,40061.21590220529
169.49999999999466,VALID,25.266591298324077,81.83322400503144,30042.349168464163,1051.020393774122,40022.34096085685
169.59999999999465,VALID,25.266722337402904,81.83338792192025,30041.296517431852,1045.0241743306574,40058.450173971694
169.69999999999465,VALID,25.266853376299434,81.8335518391642,30038.38313334046,1064.8178918569042,40052.483025636786
169.79999999999464,VALID,25.26698441501365,81.83371575676331,30048.893176975907,1036.707834342773,40063.010967701906
169.89999999999463,VALID,25.26711545354554,81.8338796747176,30057.646408322267,1056.456911409266,40060.72291311712
169.99999999999463,VALID,25.267246491895087,81.83404359302706,30049.753586872353,1057.7971144988037,40041.74292249461
170.09999999999462,VALID,25.26737753006228,81.83420751169173,30039.51391132461,1039.9251043748864,40046.734723673566
170.19999999999462,VALID,25.267508568047102,81.83437143071161,30068.88359630689,1037.742562386445,40070.49063308472
170.2999999999946,VALID,25.267639605849535,81.83453535008674,30052.34718887996,1046.6826246945404,40063.900423598185
170.3999999999946,VALID,25.267770643469564,81.83469926981711,30046.593329966443,1047.6964275917328,40038.365083912206
170.4999999999946,VALID,25.267901680907173,81.83486318990275,30057.853851715816,1060.802004734832,40049.925914783395
170.5999999999946,VALID,25.268032718162345,81.83502711034367,30056.439042529735,1061.0191847749663,40058.91133467187
170.6999999999946,VALID,25.268163755235065,81.8351910311399,30037.457517752955,1054.3475547699459,40019.33352792905
170.79999999999458,VALID,25.268294792125314,81.83535495229144,30040.04271984143,1053.6160272804768,40051.71511930437
170.89999999999458,VALID,25.268425828833077,81.83551887379832,30030.094921901135,1054.040009224474,40064.4868261094
170.99999999999457,VALID,25.268556865358335,81.83568279566056,30034.587929516543,1030.115132902102,40057.22066524126
171.09999999999457,VALID,25.268687901701067,81.83584671787817,30047.329250699484,1040.128717689822,40040.61050318612
171.19999999999456,VALID,25.268818937861255,81.83601064045118,30045.10158297111,1036.040025241419,40049.565724431566
171.29999999999455,VALID,25.268949973838883,81.8361745633796,30043.689966689722,1040.5430332908538,40036.54115023576
171.39999999999455,VALID,25.269081009633926,81.83633848666345,30058.943994382786,1037.6594648145904,40042.81198870525
171.49999999999454,VALID,25.269212045246366,81.83650241030276,30048.975729878,1059.0900995520406,40057.39628710658
171.59999999999454,VALID,25.269343080676187,81.83666633429753,30046.709125545505,1055.0244145117197,40039.5818943113
171.69999999999453,VALID,25.269474115923362,81.83683025864781,30043.820990231572,1036.5981383921314,40035.73317038481
171.79999999999453,VALID,25.269605150987875,81.83699418335361,30061.32822399976,1030.1946963586506,40039.45977919365
171.89999999999452,VALID,25.2697361858697,81.83715810841495,30060.163425796574,1044.925123790489,40042.878888452506
171.99999999999451,VALID,25.269867220568816,81.83732203383185,30056.46729057817,1044.9223758402015,40059.01764976896
172.0999999999945,VALID,25.2699982550852,81.83748595960434,30056.749094252875,1040.988071424715,40038.70911880279
172.1999999999945,VALID,25.270129289418826,81.83764988573243,30043.117038368346,1038.4140417577917,40058.95272935863
172.2999999999945,VALID,25.270260323569673,81.83781381221617,30041.560952152002,1028.7260133733164,40039.59772921428
172.3999999999945,VALID,25.27039135753772,81.83797773905556,30036.64488785998,1041.2424980708222,40037.031308192665
172.4999999999945,VALID,25.270522391322935,81.83814166625065,30060.89614358383,1039.3441693203679,40029.99119813533
172.59999999999448,VALID,25.270653424925293,81.83830559380145,30025.410174799978,1038.7818926023813,40058.5121775171
172.69999999999447,VALID,25.270784458344767,81.83846952170799,30057.452600987388,1050.4992235783666,40043.90526552884
172.79999999999447,VALID,25.270915491581334,81.83863344997029,30072.696316391924,1044.8113896571278,40055.60136776621
172.89999999999446,VALID,25.27104652463496,81.83879737858838,30051.988547513185,1050.5364345450876,40061.69454560085
172.99999999999446,VALID,25.271177557505624,81.8389613075623,30049.412772543765,1059.5383556484264,40068.23838904059
173.09999999999445,VALID,25.271308590193286,81.83912523689209,30042.865838516944,1056.1650130312917,40029.39004948853
173.19999999999445,VALID,25.271439622697923,81.83928916657776,30049.368831976473,1057.455230949172,40060.58886394561
173.29999999999444,VALID,25.2715706550195,81.83945309661934,30041.24974215782,1069.093774532339,40050.52190608959
173.39999999999444,VALID,25.271701687157986,81.83961702701687,30034.339324869226,1043.9634364723333,40033.67405696165
173.49999999999443,VALID,25.271832719113345,81.83978095777039,30058.72769610481,1042.6958498733247,40056.16420469096
173.59999999999442,VALID,25.271963750885547,81.83994488887993,30046.870832352393,1052.6911976428478,40049.95348103514
173.69999999999442,VALID,25.272094782474554,81.84010882034552,30056.002610438183,1034.266701542115,40051.98311021703
173.7999999999944,VALID,25.27222581388033,81.84027275216721,30060.573533707455,1063.9842374420107,40038.17104421007
173.8999999999944,VALID,25.272356845102834,81.84043668434502,30055.255881067576,1038.899602177441,40048.47664960851
173.9999999999944,VALID,25.27248787614203,81.840600616879,30051.769549207707,1050.1570391717178,40054.52591191536
174.0999999999944,VALID,25.272618906997877,81.84076454976919,30048.466624966255,1036.8669712226467,40056.39711597885
174.1999999999944,VALID,25.272749937670334,81.84092848301563,30054.03722596007,1050.6557907605757,40051.8181432205
174.29999999999438,VALID,25.272880968159356,81.84109241661837,30039.531508688062,1052.1443808486579,40033.66120385973
174.39999999999438,VALID,25.2730119984649,81.84125635057744,30052.266187539804,1043.3817601658322,40048.37331834255
174.49999999999437,VALID,25.273143028586915,81.8414202848929,30049.442043456707,1033.8017014738543,40052.277291711725
174.59999999999437,VALID,25.27327405852536,81.8415842195648,30059.960733300977,1057.057640115616,40055.47616969473
174.69999999999436,VALID,25.273405088280178,81.84174815459318,30024.183984322404,1053.6094658290685,40058.681016253926
174.79999999999436,VALID,25.27353611785132,81.8419120899781,30042.99680242027,1048.1170469942892,40059.05034375368
174.89999999999435,VALID,25.273667147238736,81.84207602571959,30050.93689350834,1061.6973585518583,40045.515255420396
174.99999999999434,VALID,25.273798176442366,81.84223996181774,30040.320626491364,1049.15313152732,40050.41580526522
175.09999999999434,VALID,25.27392920546215,81.84240389827258,30065.73109412339,1051.5819099264254,40047.20000012191
175.19999999999433,VALID,25.27406023429803,81.84256783508418,30036.91640974995,1051.5646525556915,40043.74225916525
175.29999999999433,VALID,25.27419126294994,81.84273177225262,30044.202752294095,1061.5497368878525,40056.42633560826
175.39999999999432,VALID,25.274322291417818,81.84289570977795,30044.740248843344,1060.7944897497414,40062.322350347815
175.49999999999432,VALID,25.27445331970159,81.84305964766024,30046.718215659177,1053.5194249505505,40057.27271184301
175.5999999999943,VALID,25.274584347801184,81.84322358589955,30048.02290184748,1039.7395793365297,40067.383654246754
175.6999999999943,VALID,25.27471537571653,81.84338752449598,30054.42976820552,1062.1551705036336,40067.63039504773
175.7999999999943,VALID,25.27484640344754,81.84355146344959,30059.755440455192,1040.5568513654653,40041.15402204416
175.8999999999943,VALID,25.274977430994138,81.84371540276047,30045.996323778974,1063.7496365343916,40059.98631930785
175.9999999999943,VALID,25.27510845835623,81.84387934242869,30052.139289307084,1039.6820533152202,40044.15523666538
176.09999999999428,VALID,25.275239485533724,81.84404328245436,30046.06500553344,1032.4713356082793,40058.59132456907
176.19999999999428,VALID,25.27537051252653,81.84420722283758,30068.47839819932,1042.3543352321465,40065.41482992249
176.29999999999427,VALID,25.275501539334535,81.84437116357844,30044.203705518677,1048.0193332529097,40060.3706941311
176.39999999999426,VALID,25.275632565957636,81.84453510467706,30040.8075780144,1042.5058128006806,40052.48870845144
176.49999999999426,VALID,25.275763592395716,81.84469904613354,30037.708444837186,1035.4216801766784,40033.68534363504
176.59999999999425,VALID,25.275894618648653,81.844862987948,30050.830764784634,1037.5015994476826,40053.12448329987
176.69999999999425,VALID,25.276025644716317,81.84502693012058,30056.799808297834,1055.0130853424282,40059.1837275919
176.79999999999424,VALID,25.276156670598567,81.84519087265141,30040.344872132257,1055.8981349212902,40059.35716620255
176.89999999999424,VALID,25.27628769629526,81.84535481554065,30033.583167358214,1048.2043062197204,40062.95040715227
176.99999999999423,VALID,25.276418721806234,81.84551875878843,30053.204877053886,1038.5257279158352,40055.5838919527
177.09999999999422,VALID,25.27654974713132,81.84568270239492,30059.67066163487,1045.1139650463285,40051.23903344398
177.19999999999422,VALID,25.276680772270335,81.84584664636031,30043.01689743112,1052.7989049296061,40054.563715866345
177.2999999999942,VALID,25.276811797223083,81.8460105906848,30074.725547212354,1058.4152759492638,40050.84327025261
177.3999999999942,VALID,25.27694282198935,81.84617453536859,30037.327882836107,1020.0602521251851,40061.94440357633
177.4999999999942,VALID,25.277073846568907,81.8463384804119,30071.706019865185,1052.7812926416034,40055.80831764235
177.5999999999942,VALID,25.2772048709615,81.84650242581499,30047.618150105325,1050.8681350661561,40063.277976451034
177.6999999999942,VALID,25.277335895166857,81.84666637157812,30042.060813069435,1038.7224152506292,40011.290407803564
177.79999999999418,VALID,25.277466919184675,81.84683031770159,30063.793590174584,1031.5339873398505,40052.8044654829
177.89999999999418,VALID,25.277597943014623,81.84699426418572,30057.294561783885,1039.2396408141274,40037.43636796916
177.99999999999417,VALID,25.277728966656326,81.84715821103089,30055.172624715484,1039.462810814006,40053.5908683745
178.09999999999417,VALID,25.277859990109377,81.84732215823747,30049.583173229348,1038.8560160316174,40057.83124605552
178.19999999999416,VALID,25.277991013373313,81.84748610580594,30039.489142079252,1054.6251330310613,40034.62143504312
178.29999999999416,VALID,25.278122036447613,81.84765005373681,30070.14367978725,1042.9354134615999,40044.60398919992
178.39999999999415,VALID,25.278253059331682,81.84781400203066,30042.2960690249,1044.606931355931,40046.726669091535
178.49999999999415,VALID,25.27838408202484,81.84797795068815,30044.015479288442,1062.8302055286017,40052.07644200135
178.59999999999414,VALID,25.27851510452629,81.84814189971006,30057.144969606325,1047.1541827861454,40054.631532420375
178.69999999999413,VALID,25.278646126835095,81.8483058490973,30053.787852413643,1053.6889976078749,40049.19412487544
178.79999999999413,VALID,25.278777148950148,81.84846979885096,30042.92756777803,1044.2210843878,40057.00186432371
178.89999999999412,VALID,25.27890817087009,81.84863374897236,30049.888686390375,1048.2885286417854,40060.5883136814
178.99999999999412,VALID,25.279039192593245,81.84879769946316,30051.299117964576,1035.6566866656478,40059.52496159334
179.0999999999941,VALID,25.279170214117485,81.84896165032544,30045.526028687153,1052.0315364060802,40040.323214705764
179.1999999999941,VALID,25.27930123544,81.84912560156192,30055.655194488347,1048.4912640371433,40064.754569229466
179.2999999999941,VALID,25.279432256556923,81.8492895531764,30028.25583255524,1040.8311960604465,40059.156129152754
179.3999999999941,VALID,25.279563277462625,81.84945350517438,30045.404041163958,1047.7436255591365,40060.52133053827
179.4999999999941,VALID,25.27969429814808,81.84961745756468,30042.21038984513,1048.5588714191892,40035.858644597945
179.59999999999408,VALID,25.27982531859653,81.84978141036368,30058.72868920434,1044.1429152342637,40049.85754565549
179.69999999999408,VALID,25.27995633876608,81.84994536361232,30035.72080600001,1056.9972692936092,40069.379316862796
179.79999999999407,VALID,25.28015352356492,81.85013801947993,30047.607591001262,1055.6540998980258,40058.888425437966
179.89999999999407,VALID,25.280307047001298,81.85027603930938,30046.163150151777,1056.991389662666,40046.56288191741
179.99999999999406,VALID,25.28046057030913,81.85041405948837,30058.339351588096,1060.8284475957103,40035.49536639983
180.09999999999405,VALID,25.28061409348842,81.8505520800169,30050.444744499768,1051.9423787673102,40049.83373738717
180.19999999999405,VALID,25.280767616539162,81.85069010089497,30052.019522847408,1036.681893364852,40046.30372631992
180.29999999999404,VALID,25.280921139461356,81.85082812212256,30039.243059486427,1032.7498026423993,40057.10745201979
180.39999999999404,VALID,25.281074662255,81.85096614369972,30073.867071328415,1049.6281297711726,40042.426257327745
180.49999999999403,VALID,25.281228184920096,81.85110416562642,30054.447849197026,1062.069135777687,40045.851496107556
180.59999999999403,VALID,25.28138170745664,81.85124218790267,30067.904581216586,1048.5762498372897,40048.096528561684
180.69999999999402,VALID,25.281535229864627,81.85138021052848,30047.4529281345,1054.6624021646091,40027.063146960725
180.79999999999401,VALID,25.28168875214406,81.85151823350384,30036.666174455957,1045.8822551594767,40042.71007123581
180.899999999994,VALID,25.281842274294938,81.85165625682876,30059.140993968733,1052.6305671094146,40041.51155506334
180.999999999994,VALID,25.281995796317258,81.85179428050326,30043.438142839008,1061.5526033718652,40066.33828914317
181.099999999994,VALID,25.28214931821102,81.85193230452732,30048.214387103206,1051.3840011417333,40051.62938094761
181.199999999994,VALID,25.282302839976218,81.85207032890096,30032.644392841004,1042.7516049730632,40053.44177724976
181.299999999994,VALID,25.282456361612855,81.85220835362418,30041.224499803764,1039.6900784625839,40046.9463874623
181.39999999999398,VALID,25.28260988312093,81.85234637869696,30058.40755306869,1055.8862261860975,40048.094508099486
181.49999999999397,VALID,25.28276340450044,81.85248440411934,30058.623629283185,1041.6465237334069,40056.83528499522
181.59999999999397,VALID,25.28291692575138,81.8526224298913,30053.078785612528,1041.9109234097327,40052.16701769694
181.69999999999396,VALID,25.283070446873754,81.85276045601285,30045.722124324933,1067.9082741735756,40054.405142597934
181.79999999999396,VALID,25.283223967867556,81.85289848248398,30050.308262168248,1052.9899055668702,40046.759706237885
181.89999999999395,VALID,25.28337748873279,81.85303650930472,30041.232008159288,1033.1765772820743,40039.02211583035
181.99999999999395,VALID,25.28353100946945,81.85317453647505,30053.023703247276,1059.2244880204807,40033.26499522673
182.09999999999394,VALID,25.283684530077533,81.85331256399499,30033.39227377427,1063.2757559930549,40048.244081435085
182.19999999999393,VALID,25.283838050557044,81.85345059186453,30044.88790700973,1069.8491591527788,40043.620400928936
182.29999999999393,VALID,25.283991570907975,81.85358862008368,30059.384032430506,1047.9147750455547,40043.634016456315
182.39999999999392,VALID,25.28414509113033,81.85372664865245,30032.77060917946,1035.1112841049235,40059.75737985266
182.49999999999392,VALID,25.284298611224106,81.85386467757084,30061.237073316304,1063.8044252855336,40055.65148615268
182.5999999999939,VALID,25.284452131189298,81.85400270683884,30052.106109792767,1053.7086223282838,40059.96750328584
182.6999999999939,VALID,25.284605651025906,81.85414073645647,30069.598383935485,1048.56721683574,40048.72014907631
182.7999999999939,VALID,25.28475917073393,81.85427876642372,30044.282603762058,1044.6483562081476,40046.39028481551
182.8999999999939,VALID,25.28491269031337,81.8544167967406,30059.38141384768,1054.4661919487094,40042.496532657795
182.9999999999939,VALID,25.28506620976422,81.85455482740711,30069.21934086684,1047.4229273158583,40049.16861916791
183.09999999999388,VALID,25.28521972908648,81.85469285842326,30046.203918903746,1077.3690261540787,40057.83035971737
183.19999999999388,VALID,25.285373248280152,81.85483088978906,30063.24953688845,1034.7824323949512,40059.76293623028
183.29999999999387,VALID,25.28552676734523,81.8549689215045,30047.393160929463,1046.617571782848,40055.45620145724
183.39999999999387,VALID,25.285680286281718,81.85510695356957,30045.882740383222,1054.0830468363877,40047.822161803786
183.49999999999386,VALID,25.28583380508961,81.8552449859843,30049.29302331118,1041.8925254202131,40048.97101649237
183.59999999999386,VALID,25.285987323768904,81.85538301874868,30035.544220360636,1052.116577460452,40043.63162924235
183.69999999999385,VALID,25.2861408423196,81.85552105186272,30045.841396148135,1043.9002963976795,40038.60451577993
183.79999999999384,VALID,25.286294360741696,81.85565908532642,30053.927779900212,1032.412561695201,40054.10224786468
183.89999999999384,VALID,25.28644787903519,81.8557971191398,30050.92574143601,1052.858809220231,40059.74893880779
183.99999999999383,VALID,25.286601397200084,81.85593515330282,30057.98310338526,1066.7770806734522,40045.929136865896
184.09999999999383,VALID,25.286754915236372,81.85607318781553,30046.430809254358,1049.3493579274773,40059.94448261776
184.19999999999382,VALID,25.286908433144056,81.8562112226779,30046.229256729235,1049.6072456770914,40039.24522459664
184.29999999999382,VALID,25.287061950923132,81.85634925788995,30048.05849331425,1050.8299500984945,40044.49452953776
184.3999999999938,VALID,25.2872154685736,81.85648729345168,30047.65755521094,1069.1961846565027,40049.59885810994
184.4999999999938,VALID,25.28736898609546,81.8566253293631,30052.35993620602,1042.1112421082337,40043.420477083375
184.5999999999938,VALID,25.287522503488706,81.8567633656242,30072.415231810315,1051.7692382223104,40053.52699595866
184.6999999999938,VALID,25.28767602075334,81.856901402235,30036.344343414235,1042.1845671389192,40058.457955148304
184.7999999999938,VALID,25.287829537889362,81.85703943919549,30057.914288186737,1054.42150485908,40052.49112819622
184.89999999999378,VALID,25.287983054896767,81.85717747650568,30042.361419743866,1039.7725821450172,40055.53464413556
184.99999999999378,VALID,25.288136571775553,81.85731551416558,30053.261433202384,1046.1035133151515,40047.60912644262
185.09999999999377,VALID,25.28829008852572,81.85745355217517,30050.672897223143,1040.505544484147,40060.14542532732
185.19999999999376,VALID,25.28844360514727,81.85759159053447,30047.70107945865,1051.174802558691,40033.77942712987
185.29999999999376,VALID,25.288597121640194,81.85772962924348,30047.10023848203,1057.074765303806,40046.22432808871
185.39999999999375,VALID,25.288750638004494,81.8578676683022,30049.634938250183,1055.720147003734,40051.52946258017
185.49999999999375,VALID,25.28890415424017,81.85800570771065,30072.214074317344,1059.4525208567904,40040.484914569824
185.59999999999374,VALID,25.289057670347223,81.85814374746882,30045.892073140534,1051.9819077069717,40056.27175704789
185.69999999999374,VALID,25.289211186325645,81.8582817875767,30024.10655069635,1057.1511488468477,40050.47502996347
185.79999999999373,VALID,25.289364702175437,81.85841982803431,30045.253060617993,1057.3534771913378,40056.08741868507
185.89999999999372,VALID,25.2895182178966,81.85855786884167,30039.756581516584,1061.4684645681327,40064.9149671147
185.99999999999372,VALID,25.28967173348913,81.85869590999876,30045.432834204807,1032.0848320087,40050.83269324307
186.0999999999937,VALID,25.289825248953026,81.85883395150559,30058.03149698959,1050.373508818724,40038.20401995447
186.1999999999937,VALID,25.289978764288286,81.85897199336216,30038.53416008589,1043.0388192205155,40062.3721849016
186.2999999999937,VALID,25.29013227949491,81.85911003556848,30044.230548322466,1038.1403023096461,40041.29931977367
186.3999999999937,VALID,25.290285794572892,81.85924807812454,30058.416685544504,1050.4517301969533,40047.34930832659
186.4999999999937,VALID,25.290439309522235,81.85938612103035,30054.395740789943,1025.3461773850217,40068.606006985785
186.59999999999368,VALID,25.290592824342937,81.85952416428593,30060.934647547823,1033.1799598281975,40043.294955520556
186.69999999999368,VALID,25.290746339034996,81.85966220789126,30064.011651762285,1061.482986800569,40043.046491551286
186.79999999999367,VALID,25.29089985359841,81.85980025184635,30054.277003492334,1040.092842811128,40049.16872698904
186.89999999999367,VALID,25.29105336803318,81.85993829615121,30064.90013434355,1063.5680594973871,40049.894096351636
186.99999999999366,VALID,25.2912068823393,81.86007634080583,30059.860151557266,1047.4602612590436,40059.10813907832
187.09999999999366,VALID,25.29136039651677,81.86021438581024,30066.20692008887,1052.9988197225684,40055.755423090006
187.19999999999365,VALID,25.291513910565588,81.86035243116442,30046.482179685958,1050.559729387699,40041.96334742078
187.29999999999364,VALID,25.291667424485755,81.86049047686836,30054.219008232896,1041.0485809142222,40049.28277141226
187.39999999999364,VALID,25.29182093827727,81.8606285229221,30051.787634658154,1057.1683960209787,40057.80934086963
187.49999999999363,VALID,25.291974451940128,81.86076656932562,30045.200173832774,1059.4345733029254,40042.796325406074
187.59999999999363,VALID,25.29212796547433,81.86090461607894,30043.25553836048,1048.0842291081467,40057.86121247717
187.69999999999362,VALID,25.29228147887987,81.86104266318205,30042.87115616293,1040.0803193952727,40066.715589337815
187.79999999999362,VALID,25.292434992156753,81.86118071063495,30041.72823210177,1050.4650355515737,40065.255256309116
187.8999999999936,VALID,25.292588505304977,81.86131875843766,30059.027779145636,1045.563425279605,40071.415653583346
187.9999999999936,VALID,25.292742018324535,81.86145680659017,30056.455986713132,1064.562125194133,40043.481428746476
188.0999999999936,VALID,25.29289553121543,81.86159485509249,30037.40294544796,1049.1368974557886,40031.90975667888
188.1999999999936,VALID,25.293049043977657,81.86173290394461,30055.011538343904,1052.4484653169632,40065.51442171514
188.2999999999936,VALID,25.293202556611217,81.86187095314655,30039.919571459995,1038.0950252947578,40055.95229868424
188.39999999999358,VALID,25.293356069116108,81.86200900269831,30042.702014532544,1039.9668758901157,40045.0204628908
188.49999999999358,VALID,25.293509581492327,81.8621470525999,30056.160313015916,1060.0841429162015,40047.19931075155
188.59999999999357,VALID,25.293663093739873,81.8622851028513,30063.797851316274,1049.658024479933,40055.38708522739
188.69999999999357,VALID,25.293816605858748,81.86242315345254,30041.76427151395,1062.8540333285318,40044.113587969965
188.79999999999356,VALID,25.293970117848946,81.8625612044036,30036.56311599376,1034.2694227345655,40054.392785234864
188.89999999999355,VALID,25.29412362971047,81.8626992557045,30056.07274158537,1048.58686559734,40027.28180452412
188.99999999999355,VALID,25.294277141443313,81.86283730735524,30046.997105960447,1052.1629636754487,40063.76436927918
189.09999999999354,VALID,25.294430653047478,81.86297535935581,30049.362663175412,1040.5231050560735,40031.96912316841
189.19999999999354,VALID,25.29458416452296,81.86311341170624,30038.705164291296,1047.7011203133814,40048.966584252616
189.29999999999353,VALID,25.294737675869758,81.86325146440652,30062.790632678374,1055.4949020649176,40057.280807161
189.39999999999353,VALID,25.294891187087874,81.86338951745664,30033.501819372403,1059.2195774611273,40041.26977720055
189.49999999999352,VALID,25.295044698177303,81.86352757085662,30060.177501876828,1051.7063636209216,40054.05083635976
189.5999999999935,VALID,25.295198209138043,81.86366562460645,30043.062356159757,1053.4575312947381,40042.425237636584
189.6999999999935,VALID,25.295351719970093,81.86380367870616,30047.531669884345,1040.4793854487389,40030.21291223579
189.7999999999935,VALID,25.295505230673452,81.86394173315573,30048.31940519933,1059.609476560387,40051.15916929026
189.8999999999935,VALID,25.29565874124812,81.86407978795516,30030.236755098253,1042.5056781404835,40041.25263048364
189.9999999999935,VALID,25.29581225169409,81.86421784310448,30030.103917079166,1036.4547164224803,40056.61144105356
190.09999999999349,VALID,25.29596576201137,81.86435589860368,30048.658634908727,1052.011289524206,40051.72529749211
190.19999999999348,VALID,25.296119272199952,81.86449395445275,30051.27206075052,1033.7541507715523,40033.375125564526
190.29999999999347,VALID,25.296272782259834,81.8646320106517,30059.05068319077,1040.8793340417958,40052.663891217024
190.39999999999347,VALID,25.296426292191015,81.86477006720055,30054.77744484176,1053.5692019729047,40079.08595785592
190.49999999999346,VALID,25.296579801993495,81.86490812409929,30042.80309358926,1035.2307462985696,40068.42215879891
190.59999999999346,VALID,25.29673331166727,81.8650461813479,30041.692848728715,1056.4201001808033,40061.725879393976
190.69999999999345,VALID,25.296886821212343,81.86518423894643,30041.96900643579,1065.5306748794296,40073.12815056291
190.79999999999345,VALID,25.297040330628707,81.86532229689485,30044.02390083334,1059.7135112114581,40044.73515628837
190.89999999999344,VALID,25.297193839916364,81.86546035519318,30044.18692589696,1046.1760863463055,40057.24033110736
190.99999999999343,VALID,25.297347349075313,81.86559841384141,30060.336041501847,1056.5369715381314,40064.88753255984
191.09999999999343,VALID,25.29750085810555,81.86573647283956,30052.590808295063,1043.930822445199,40047.11439571366
191.19999999999342,VALID,25.297654367007073,81.86587453218762,30062.07234121625,1045.7706476164587,40053.515631227696
191.29999999999342,VALID,25.29780787577988,81.8660125918856,30045.01366852504,1052.4948903059012,40049.9415998174
191.3999999999934,VALID,25.297961384423974,81.86615065193351,30049.00702669919,1050.133096226425,40048.14637549957
191.4999999999934,VALID,25.29811489293935,81.86628871233134,30047.80167283497,1029.4685282155867,40050.67439393287
191.5999999999934,VALID,25.298268401326006,81.8664267730791,30069.165623949742,1044.894837086372,40051.20316932534
191.6999999999934,VALID,25.29842190958394,81.86656483417678,30035.88085137967,1037.385979067193,40049.621039975755
191.7999999999934,VALID,25.298575417713153,81.86670289562441,30040.28693474304,1040.035231564106,40036.313035484905
191.89999999999338,VALID,25.298728925713643,81.86684095742199,30047.623231688114,1057.180881711567,40044.45217318932
191.99999999999338,VALID,25.29888243358541,81.8669790195695,30013.80899535179,1059.6733354509977,40057.7016070936
192.09999999999337,VALID,25.299035941328444,81.86711708206695,30038.026664994544,1066.0151830941154,40045.41773378302
192.19999999999337,VALID,25.299189448942755,81.86725514491437,30052.0699680079,1066.969571052661,40030.21948171453
192.29999999999336,VALID,25.299342956428333,81.86739320811174,30045.596899372216,1035.1154687572935,40055.78540161976
192.39999999999336,VALID,25.29949646378518,81.86753127165906,30058.567651386787,1055.2332558602727,40048.92654772773
192.49999999999335,VALID,25.29964997101329,81.86766933555634,30046.986650565905,1068.9992924098822,40056.14944154105
192.59999999999334,VALID,25.299803478112672,81.8678073998036,30047.909784459487,1059.4167648937005,40042.19519192368
192.69999999999334,VALID,25.299956985083313,81.8679454644008,30058.90499711411,1045.412685357675,40049.33823598405
192.79999999999333,VALID,25.300110491925217,81.86808352934798,30051.45468266934,1055.5316467935174,40046.61369281556
192.89999999999333,VALID,25.300263998638382,81.86822159464515,30037.26704861713,1056.2577499442123,40056.390249263815
192.99999999999332,VALID,25.300417505222804,81.86835966029228,30048.566563334723,1049.7615697741203,40040.54936908601
193.09999999999332,VALID,25.300571011678482,81.8684977262894,30047.293659037092,1050.0422118590561,40050.6308490243
193.1999999999933,VALID,25.300724518005417,81.86863579263651,30059.994207720927,1047.3648214289678,40053.7345766666
193.2999999999933,VALID,25.300878024203605,81.8687738593336,30040.448621470216,1052.663118980476,40056.33670227085
193.3999999999933,VALID,25.301031530273047,81.86891192638069,30055.563582539424,1049.2585985783437,40048.04124648185
193.4999999999933,VALID,25.301185036213738,81.86904999377778,30059.689378055235,1040.2107743397364,40059.768791407114
193.5999999999933,VALID,25.30133854202568,81.86918806152487,30055.10553009844,1054.5473855054713,40057.409237520245
193.69999999999328,VALID,25.301492047708866,81.86932612962195,30056.576902071152,1049.523490274952,40051.660801263904
193.79999999999328,VALID,25.3016455532633,81.86946419806905,30058.65421353146,1055.7293430598602,40061.56402621138
193.89999999999327,VALID,25.301799058688978,81.86960226686615,30052.541775918064,1050.407146107167,40042.88667565672
193.99999999999326,VALID,25.3019525639859,81.86974033601327,30053.376854590748,1058.5366518638236,40044.36308593599
194.09999999999326,VALID,25.30210606915406,81.8698784055104,30047.66911641639,1057.2060435202097,40046.850826776266
194.19999999999325,VALID,25.30225957419346,81.87001647535756,30043.334390636104,1027.0784025203768,40046.38785656494
194.29999999999325,VALID,25.3024130791041,81.87015454555474,30046.92630224954,1048.4494208426702,40059.04279444278
194.39999999999324,VALID,25.302566583885973,81.87029261610195,30058.690596503162,1057.612277912305,40035.96093834418
194.49999999999324,VALID,25.302720088539083,81.87043068699919,30050.88586301525,1049.6360894345162,40054.202794192635
194.59999999999323,VALID,25.302873593063424,81.87056875824646,30038.335902502506,1058.895624858685,40027.197035675796
194.69999999999322,VALID,25.303027097458997,81.87070682984378,30028.038961171893,1048.592632534476,40043.8947724261
194.79999999999322,VALID,25.3031806017258,81.87084490179114,30057.953569690875,1050.6053588596176,40035.73040524353
194.8999999999932,VALID,25.30333410586383,81.87098297408855,30078.756626983803,1055.169785390184,40070.74843636674
194.9999999999932,VALID,25.303487609873088,81.87112104673601,30049.844586977753,1046.959183880048,40045.403669947045
195.0999999999932,VALID,25.30364111375357,81.87125911973352,30032.86273277243,1055.3712016642812,40032.776898440505
195.1999999999932,VALID,25.303794617505275,81.8713971930811,30052.169718499586,1024.1956404776915,40057.80340025215
195.2999999999932,VALID,25.3039481211282,81.87153526677872,30040.129601778644,1051.471537515555,40062.06184374591
195.39999999999318,VALID,25.304101624622348,81.8716733408264,30032.564706334735,1037.9365020132043,40059.62268887346
195.49999999999318,VALID,25.304255127987712,81.87181141522416,30055.11118002661,1036.5305826865392,40054.005827116205
195.59999999999317,VALID,25.30440863122429,81.87194948997198,30054.675776333723,1038.1967173561945,40062.00496438593
195.69999999999317,VALID,25.304562134332087,81.87208756506989,30038.15979166002,1055.9606946356853,40055.850541731896
195.79999999999316,VALID,25.304715637311094,81.87222564051787,30055.917250356775,1071.9635004556237,40047.6730063795
195.89999999999316,VALID,25.304869140161315,81.87236371631593,30049.456466927462,1038.701983207279,40054.47464363485
195.99999999999315,VALID,25.305022642882747,81.87250179246408,30053.901930186494,1061.4905960317376,40053.53392435088
196.09999999999314,VALID,25.305176145475386,81.87263986896232,30049.01034906908,1069.7988388550557,40047.91691024349
196.19999999999314,VALID,25.30532964793923,81.87277794581065,30046.286226077827,1038.4744013324091,40045.18361903316
196.29999999999313,VALID,25.30548315027428,81.87291602300908,30043.67821838187,1043.6264484010505,40046.39508315679
196.39999999999313,VALID,25.305636652480533,81.87305410055761,30048.36398867364,1061.2829508046873,40054.91479902836
196.49999999999312,VALID,25.30579015455799,81.87319217845624,30065.578159064735,1047.6788915605016,40060.2711631396
196.59999999999312,VALID,25.305943656506646,81.87333025670497,30049.23387396602,1026.261649165474,40034.68442917816
196.6999999999931,VALID,25.306097158326498,81.87346833530383,30052.917200383068,1038.2718230143048,40045.04328246576
196.7999999999931,VALID,25.306250660017547,81.87360641425279,30076.797557541704,1061.3530663886079,40061.08965511485
196.8999999999931,VALID,25.306404161579792,81.87374449355187,30050.765555546554,1054.0122018502957,40043.75375298877
196.9999999999931,VALID,25.30655766301323,81.87388257320107,30051.34726874917,1036.6774256432839,40042.510518234696
197.0999999999931,VALID,25.30671116431786,81.8740206532004,30042.887896163553,1056.3673088743444,40046.612673842734
197.19999999999308,VALID,25.30686466549368,81.87415873354986,30042.332806938237,1051.7474890855096,40044.41434265255
197.29999999999308,VALID,25.30701816654069,81.87429681424945,30050.588842209334,1073.5489277654117,40049.92500476786
197.39999999999307,VALID,25.307171667458885,81.87443489529917,30050.793939102765,1047.6719212393382,40045.59551189381
197.49999999999307,VALID,25.307325168248266,81.87457297669904,30045.997862989552,1049.5827938768548,40051.69321388313
197.59999999999306,VALID,25.30747866890883,81.87471105844905,30039.99630172535,1040.4804738348041,40059.6664167314
197.69999999999305,VALID,25.307632169440573,81.87484914054922,30066.688100002568,1045.1792855794026,40051.222150581736
197.79999999999305,VALID,25.307785669843497,81.87498722299952,30036.16289323477,1036.784924382586,40049.143293790934
197.89999999999304,VALID,25.3079391701176,81.87512530579998,30043.89286869189,1063.4644762104203,40069.663301791035
197.99999999999304,VALID,25.308092670262877,81.8752633889506,30061.305402283604,1050.6106667401434,40046.29293846846
198.09999999999303,VALID,25.30824617027933,81.87540147245139,30055.16554425271,1058.29098056502,40051.009528529525
198.19999999999303,VALID,25.308399670166956,81.87553955630234,30035.508754201695,1032.71578698956,40059.068023130436
198.29999999999302,VALID,25.308553169925755,81.87567764050347,30051.070155946683,1058.5478540893412,40046.02766764772
198.399999999993,VALID,25.308706669555722,81.87581572505476,30059.111766246984,1046.9457909967157,40045.69373901707
198.499999999993,VALID,25.308860169056857,81.87595380995623,30038.146425129304,1059.5251461204498,40065.16717077562
198.599999999993,VALID,25.30901366842916,81.87609189520788,30039.19516971699,1039.5050850959647,40043.35311618955
198.699999999993,VALID,25.309167167672626,81.87622998080971,30045.255630807987,1059.9550218795457,40047.40878478202
198.799999999993,VALID,25.309320666787258,81.87636806676173,30060.561891774654,1057.8525977345125,40045.36255421211
198.89999999999299,VALID,25.30947416577305,81.87650615306394,30045.238915164937,1062.4582141647063,40044.07326913876
198.99999999999298,VALID,25.30962766463,81.87664423971636,30053.176996250273,1062.9835363805464,40043.83073275788
199.09999999999297,VALID,25.30978116335811,81.87678232671897,30058.35282338258,1045.1362265605728,40037.740762976406
199.19999999999297,VALID,25.309934661957374,81.87692041407178,30034.8479916574,1065.8283880545348,40051.94669233786
199.29999999999296,VALID,25.310088160427792,81.8770585017748,30049.607619692317,1046.9962675826441,40048.13208828034
199.39999999999296,VALID,25.310241658769364,81.87719658982802,30055.58689676295,1046.8123801395025,40036.20244780527
199.49999999999295,VALID,25.310395156982086,81.87733467823145,30048.398642057226,1052.584694699891,40052.89192121714
199.59999999999295,VALID,25.310548655065958,81.87747276698511,30052.630954742563,1053.1553727352475,40060.47694617248
199.69999999999294,VALID,25.310702153020976,81.87761085608898,30061.80624285224,1049.2956487496383,40049.92098595833
199.79999999999293,VALID,25.31085565084714,81.87774894554308,30061.434631002423,1063.7487544765318,40053.16405826473
199.89999999999293,VALID,25.31100914854445,81.8778870353474,30035.562896847936,1058.6607862425124,40049.98608853736
199.99999999999292,VALID,25.3111626461129,81.87802512550196,30058.614244255936,1054.6257825288235,40066.121328095745
200.09999999999292,VALID,25.311316143552496,81.87816321600675,30066.91956517589,1039.2870750019179,40041.72314475376
200.1999999999929,VALID,25.311469640863226,81.87830130686179,30055.95628073407,1043.2763951643592,40045.21665891902
200.2999999999929,VALID,25.311623138045096,81.87843939806706,30044.33401487173,1043.8722797398907,40045.9225858024
200.3999999999929,VALID,25.311776635098102,81.87857748962259,30060.786573949754,1057.8962565214335,40063.27069860299
200.4999999999929,VALID,25.31193013202224,81.87871558152837,30048.524558161527,1036.974848348337,40068.321332862426
200.5999999999929,VALID,25.31208362881751,81.8788536737844,30045.121873941287,1054.9739147033156,40046.90401874184
200.69999999999288,VALID,25.31223712548391,81.8789917663907,30065.59022874583,1044.4479213920956,40061.55307360114
200.79999999999288,VALID,25.31239062202144,81.87912985934724,30055.62970718524,1060.8908943204292,40050.49631056519
200.89999999999287,VALID,25.312544118430097,81.87926795265406,30057.715473142485,1045.0381769460898,40044.94053960441
200.99999999999287,VALID,25.312697614709876,81.87940604631115,30038.517761080493,1038.0285388087223,40038.114163548824
201.09999999999286,VALID,25.31285111086078,81.8795441403185,30032.663323722063,1056.677572231672,40032.70178487254
201.19999999999285,VALID,25.313004606882807,81.87968223467614,30050.46160554219,1039.453338585845,40065.32543888669
201.29999999999285,VALID,25.31315810277595,81.87982032938406,30062.492654912017,1054.2542191950704,40062.950001086894
201.39999999999284,VALID,25.313311598540214,81.87995842444226,30047.672711821673,1060.7234242425247,40051.630414035855
201.49999999999284,VALID,25.31346509417559,81.88009651985075,30057.2010616332,1049.877173598545,40042.22806767186
201.59999999999283,VALID,25.313618589682083,81.88023461560954,30043.469048090763,1050.90069306609,40049.86492929979
201.69999999999283,VALID,25.31377208505969,81.88037271171862,30028.78634336989,1045.6457815927322,40031.18839460551
201.79999999999282,VALID,25.313925580308407,81.880510808178,30050.36373570496,1061.5897483258516,40036.00101336489
201.89999999999281,VALID,25.314079075428232,81.88064890498768,30059.712076630047,1046.5317456626522,40049.770446480325
201.9999999999928,VALID,25.314232570419165,81.88078700214767,30028.894409079272,1042.3855853286047,40061.924073486516
202.0999999999928,VALID,25.314386065281205,81.88092509965797,30033.890992595378,1033.6614773402498,40077.238694500054
202.1999999999928,VALID,25.31453956001435,81.88106319751859,30046.42532198373,1054.7710878659636,40058.10087361967
202.2999999999928,VALID,25.314693054618594,81.88120129572951,30048.71532118509,1044.2323406593139,40043.684204276855
202.3999999999928,VALID,25.31484654909394,81.88133939429076,30067.625062660245,1053.803322735151,40036.33834489423
202.49999999999278,VALID,25.31500004344038,81.88147749320234,30052.51711267761,1048.4389603931477,40057.337115424634
202.59999999999278,VALID,25.31515353765792,81.88161559246424,30048.24226851994,1030.588880209446,40027.08356789052
202.69999999999277,VALID,25.315307031746556,81.88175369207649,30046.386305701657,1065.316435032741,40050.15438639816
202.79999999999276,VALID,25.315460525706282,81.88189179203907,30040.855336315264,1054.5241329433245,40042.091431882924
202.89999999999276,VALID,25.3156140195371,81.882029892352,30034.63280415338,1033.695064566866,40042.64495961807
202.99999999999275,VALID,25.31576751323901,81.88216799301526,30036.07666132438,1034.3897144041987,40045.668167952754
203.09999999999275,VALID,25.315921006812005,81.88230609402888,30028.806202349602,1057.8036050248215,40049.77013948841
203.19999999999274,VALID,25.316074500256086,81.88244419539284,30040.731141513832,1056.3514063815278,40044.97407056233
203.29999999999274,VALID,25.31622799357125,81.88258229710716,30055.04037971257,1039.296657790751,40036.00284534005
203.39999999999273,VALID,25.316381486757496,81.88272039917184,30047.784331468265,1042.122399816546,40057.40168304239
203.49999999999272,VALID,25.316534979814826,81.8828585015869,30044.840064890057,1054.5498886350858,40044.76207451213
203.59999999999272,VALID,25.31668847274323,81.88299660435231,30027.645206052788,1045.060673019031,40064.39624244739
203.6999999999927,VALID,25.316841965542714,81.8831347074681,30063.090634059634,1052.697467805792,40043.875992322144
203.7999999999927,VALID,25.31699545821327,81.88327281093426,30043.617715407097,1061.9032693664328,40072.68557738286
203.8999999999927,VALID,25.317148950754902,81.8834109147508,30065.206687069312,1050.7923066236242,40055.88192212118
203.9999999999927,VALID,25.317302443167605,81.88354901891772,30056.51864381715,1055.9288593869535,40041.0659279353
204.0999999999927,VALID,25.317455935451378,81.88368712343502,30043.88653198742,1047.019322181227,40050.34006188055
204.19999999999268,VALID,25.317609427606214,81.88382522830273,30039.16371513287,1061.467223943575,40055.23960958204
204.29999999999268,VALID,25.31776291963212,81.88396333352082,30049.689512230365,1063.8165114648925,40045.6946719303
204.39999999999267,VALID,25.317916411529087,81.88410143908932,30050.905818425843,1054.51271302698,40053.65259543208
204.49999999999267,VALID,25.31806990329712,81.88423954500821,30051.400509570845,1057.4660076617508,40041.50363865024
204.59999999999266,VALID,25.318223394936208,81.88437765127752,30051.86573383643,1043.3357686219504,40039.06530031459
204.69999999999266,VALID,25.318376886446355,81.88451575789723,30043.291871085243,1043.871796487307,40050.524781208675
204.79999999999265,VALID,25.31853037782756,81.88465386486736,30043.514319919785,1066.9420174479844,40063.31413446073
204.89999999999264,VALID,25.31868386907982,81.88479197218791,30053.066764302945,1053.1083043783945,40046.13489471873
204.99999999999264,VALID,25.318837360203133,81.88493007985888,30041.629917522907,1055.364436846789,40035.386698653034
205.09999999999263,VALID,25.318990851197498,81.88506818788026,30041.82389507639,1031.9006395570304,40031.87519453379
205.19999999999263,VALID,25.31914434206291,81.8852062962521,30058.932997376804,1070.9485916963154,40037.36178687744
205.29999999999262,VALID,25.319297832799368,81.88534440497435,30037.334739146376,1040.4003012646724,40048.34898095574
205.39999999999262,VALID,25.31945132340687,81.88548251404704,30031.88406681694,1045.8587932941653,40060.137134540244
205.4999999999926,VALID,25.319604813885416,81.88562062347017,30049.542078461865,1049.927237092193,40037.449166133396
205.5999999999926,VALID,25.319758304235005,81.88575873324376,30069.68936387887,1041.0546822629015,40053.866152994786
205.6999999999926,VALID,25.319911794455635,81.8858968433678,30043.481621311475,1063.2025545308795,40050.95397448435
205.7999999999926,VALID,25.3200652845473,81.88603495384228,30044.787396045045,1020.614085680009,40056.73032287016
205.8999999999926,VALID,25.320218774510003,81.88617306466723,30035.728906138927,1052.9072488919044,40039.42958627604
205.99999999999258,VALID,25.32037226434374,81.88631117584264,30051.52109146159,1050.7698746532933,40047.05329419808
206.09999999999258,VALID,25.320525754048507,81.8864492873685,30049.643795453965,1047.1283665079145,40046.27388466794
206.19999999999257,VALID,25.320679243624305,81.88658739924485,30046.563176811378,1047.5412691991394,40061.17106579178
206.29999999999256,VALID,25.320832733071132,81.88672551147167,30052.06193338428,1055.2889543309782,40051.54915771326
206.39999999999256,VALID,25.320986222388985,81.88686362404896,30074.341486793546,1044.594432255147,40050.83898926981
206.49999999999255,VALID,25.32113971157786,81.88700173697673,30063.915877898817,1055.53475908386,40038.07825868268
206.59999999999255,VALID,25.321293200637758,81.88713985025498,30034.591151302717,1046.8363607646859,40052.93166359852
206.69999999999254,VALID,25.321446689568678,81.88727796388373,30054.467173159086,1075.7435856332763,40047.410038008384
206.79999999999254,VALID,25.321600178370616,81.88741607786297,30028.048797389794,1056.099960996077,40045.39842006928
206.89999999999253,VALID,25.32175366704357,81.88755419219271,30061.883234468714,1055.8475081908905,40048.63340991267
206.99999999999253,VALID,25.32190715558754,81.88769230687295,30050.973052141268,1071.7709878260669,40039.610624904264
207.09999999999252,VALID,25.32206064400252,81.88783042190369,30046.549437637615,1045.9403707772076,40043.47918965632
207.1999999999925,VALID,25.32221413228851,81.88796853728493,30054.230164809196,1039.3484110420618,40043.3235484305
207.2999999999925,VALID,25.32236762044551,81.8881066530167,30046.57279974388,1049.2943168638378,40049.710820180175
207.3999999999925,VALID,25.32252110847352,81.88824476909899,30054.31935075201,1046.9568485556595,40058.63690509997
207.4999999999925,VALID,25.322674596372533,81.8883828855318,30044.292171555328,1055.2408273469198,40077.80522138559
207.5999999999925,VALID,25.322828084142547,81.88852100231513,30069.410038810707,1045.5794562657209,40062.677175067634
207.69999999999249,VALID,25.322981571783565,81.88865911944899,30037.566078269105,1067.7568892218724,40059.14608999475
207.79999999999248,VALID,25.32313505929558,81.88879723693339,30043.89747065419,1059.8615225463247,40053.0848297957
207.89999999999247,VALID,25.323288546678594,81.88893535476831,30051.268095523294,1041.6671290468976,40044.73095158072
207.99999999999247,VALID,25.3234420339326,81.88907347295378,30057.51364157209,1055.841910605777,40043.0080058493
208.09999999999246,VALID,25.3235955210576,81.8892115914898,30058.18540927596,1057.984940496256,40069.96830279122
208.19999999999246,VALID,25.323749008053593,81.88934971037637,30059.862400851714,1045.46974955472,40053.55997631811
208.29999999999245,VALID,25.323902494920574,81.88948782961349,30026.667718793386,1050.3138803549055,40051.57166523442
208.39999999999245,VALID,25.324055981658542,81.88962594920116,30040.05919390375,1038.5536008907195,40043.99209929969
208.49999999999244,VALID,25.324209468267497,81.8897640691394,30036.203942291697,1054.598497693472,40051.12844860135
208.59999999999243,VALID,25.324362954747436,81.88990218942821,30056.980348388846,1039.3367294762568,40059.27500189066
208.69999999999243,VALID,25.324516441098353,81.89004031006759,30035.82476280186,1063.0170956497234,40051.76319680323
208.79999999999242,VALID,25.32466992732025,81.89017843105754,30049.33404310512,1048.9474458732338,40050.09996862131
208.89999999999242,VALID,25.324823413413124,81.89031655239806,30053.002265550447,1051.9620863160142,40046.31630634745
208.9999999999924,VALID,25.324976899376974,81.89045467408917,30055.37770287408,1056.6609158999163,40049.646634287
209.0999999999924,VALID,25.325130385211796,81.89059279613086,30048.751800707578,1047.9734536917135,40042.228225532184
209.1999999999924,VALID,25.32528387091759,81.89073091852315,30058.83594074909,1052.4693787052342,40026.273708892346
209.2999999999924,VALID,25.325437356494355,81.89086904126603,30044.880775220383,1051.39999481841,40057.08446117481
209.3999999999924,VALID,25.325590841942084,81.89100716435951,30039.9688902992,1021.8254834716174,40037.814880763406
209.49999999999238,VALID,25.32574432726078,81.89114528780358,30069.21082482548,1056.9045907094564,40043.50833853297
209.59999999999238,VALID,25.325897812450435,81.89128341159827,30059.082854213328,1039.1096618744891,40063.16052833906
209.69999999999237,VALID,25.326051297511054,81.89142153574356,30047.608699060493,1043.8764858436418,40049.386860879655
209.79999999999237,VALID,25.32620478244263,81.89155966023947,30065.904797933777,1048.9911120122963,40039.443099093725
209.89999999999236,VALID,25.326358267245165,81.891697785086,30051.020788596965,1045.5207556504013,40064.07005828745
209.99999999999235,VALID,25.326511751918655,81.89183591028315,30058.41874718922,1052.408118694823,40055.186542341005
210.09999999999235,VALID,25.326665236463096,81.89197403583093,30054.417418488363,1066.0396523066868,40060.958321481565
210.19999999999234,VALID,25.32681872087849,81.89211216172934,30052.49939972239,1044.3574497085287,40055.99845152731
210.29999999999234,VALID,25.32697220516483,81.8922502879784,30044.6168170683,1054.791770403098,40036.81694871093
210.39999999999233,VALID,25.327125689322116,81.8923884145781,30048.31980785981,1056.956779529616,40048.47235665637
210.49999999999233,VALID,25.327279173350348,81.89252654152843,30043.835521127734,1029.943447931799,40037.43791740851
210.59999999999232,VALID,25.32743265724952,81.89266466882941,30050.36323200853,1048.3117826981459,40053.44673057928
210.69999999999231,VALID,25.327586141019633,81.89280279648105,30045.76135945888,1056.1978003054837,40043.39966835861
210.7999999999923,VALID,25.327739624660683,81.89294092448334,30039.271279946177,1053.1229899019054,40045.527801128635
210.8999999999923,VALID,25.32789310817267,81.8930790528363,30043.005387212073,1061.6969330650845,40039.85145444863
210.9999999999923,VALID,25.32804659155559,81.89321718153992,30059.045876897857,1051.3719547994128,40038.49110366462
211.0999999999923,VALID,25.328200074809445,81.89335531059422,30039.648319499305,1054.800485932108,40067.328312741556
211.1999999999923,VALID,25.328353557934225,81.89349343999918,30073.234333432654,1042.5942807609522,40046.15942328827
211.29999999999228,VALID,25.328507040929935,81.89363156975482,30058.37250477715,1080.689081364664,40049.137854419445
211.39999999999227,VALID,25.328660523796568,81.89376969986114,30052.12689883802,1054.134508360262,40063.66166535933
211.49999999999227,VALID,25.328814006534124,81.89390783031816,30060.551839014694,1059.6753741571306,40048.387924109156
211.59999999999226,VALID,25.328967489142602,81.89404596112585,30059.839779463302,1036.4044655760833,40066.384587060376
211.69999999999226,VALID,25.329120971622,81.89418409228425,30040.292223399225,1056.2485297879473,40031.345114153446
211.79999999999225,VALID,25.329274453972314,81.89432222379335,30065.569579479485,1045.225511877565,40048.59443318872
211.89999999999225,VALID,25.329427936193543,81.89446035565315,30049.84172184112,1049.6700987270715,40038.78534073157
211.99999999999224,VALID,25.329581418285684,81.89459848786366,30059.885370166176,1045.9755911499412,40042.65036775741
212.09999999999224,VALID,25.329734900248734,81.89473662042488,30057.235359062088,1049.2673213492924,40045.17231503828
212.19999999999223,VALID,25.329888382082693,81.89487475333682,30045.9191202378,1048.4493962297788,40047.64967760967
212.29999999999222,VALID,25.330041863787557,81.89501288659949,30046.67474870502,1054.9456729298608,40063.25359089553
212.39999999999222,VALID,25.330195345363325,81.89515102021288,30066.96765404722,1058.1410283078378,40049.45040874143
212.4999999999922,VALID,25.330348826809995,81.895289154177,30064.82923434309,1056.2044292738601,40042.79356147332
212.5999999999922,VALID,25.330502308127564,81.89542728849185,30047.94459183928,1067.6551645390928,40047.636375398935
212.6999999999922,VALID,25.33065578931603,81.89556542315744,30050.314711349816,1035.6540700134103,40052.55880765437
212.7999999999922,VALID,25.33080927037539,81.89570355817376,30062.497294390974,1052.8529233398374,40047.27088496601
212.8999999999922,VALID,25.330962751305645,81.89584169354085,30050.34301301586,1046.7129833674471,40079.293410696446
212.99999999999218,VALID,25.331116232106787,81.89597982925868,30040.97406133336,1064.4326082611328,40036.19670816958
213.09999999999218,VALID,25.33126971277882,81.89611796532726,30053.869722771957,1043.3438589189468,40060.408754675555
213.19999999999217,VALID,25.331423193321736,81.89625610174662,30048.556711414258,1062.5210850610938,40042.55383827213
213.29999999999217,VALID,25.331576673735537,81.89639423851673,30048.07864609855,1050.3618714223817,40047.560526552734
213.39999999999216,VALID,25.33173015402022,81.89653237563762,30055.920164013864,1050.171662026763,40051.01318033139
213.49999999999216,VALID,25.33188363417578,81.89667051310927,30036.993295244036,1029.6652326863257,40037.36000020907
213.59999999999215,VALID,25.33203711420222,81.8968086509317,30047.155717211,1045.2191530295627,40046.6082494963
213.69999999999214,VALID,25.332190594099533,81.89694678910492,30065.332494170605,1059.8858337512631,40058.23712256533
213.79999999999214,VALID,25.33234407386772,81.89708492762892,30047.582963803667,1054.7543536414648,40050.67206055091
213.89999999999213,VALID,25.332497553506776,81.89722306650373,30059.00052512815,1044.4682826638398,40050.58683444317
213.99999999999213,VALID,25.3326510330167,81.89736120572933,30036.18619539606,1045.102952324965,40067.693152620195
214.09999999999212,VALID,25.332804512397487,81.89749934530572,30053.006716321892,1043.97928776235,40059.08313638995
214.19999999999212,VALID,25.33295799164914,81.89763748523292,30057.51589569778,1038.802570736617,40039.336232109126
214.2999999999921,VALID,25.33311147077165,81.89777562551093,30052.165269182115,1049.7331593390657,40056.74923665852
214.3999999999921,VALID,25.333264949765024,81.89791376613975,30050.89114981644,1040.9152194868625,40059.66073593502
214.4999999999921,VALID,25.33341842862925,81.8980519071194,30041.363195479564,1044.8806802800918,40059.34811786575
214.5999999999921,VALID,25.33357190736433,81.89819004844986,30053.290678896912,1064.200833944563,40060.46329543579
214.6999999999921,VALID,25.33372538597026,81.89832819013115,30041.47718084351,1052.2533678969403,40050.84181849592
214.79999999999208,VALID,25.33387886444704,81.89846633216328,30045.542405045588,1052.1063750273638,40041.133354256395
214.89999999999208,VALID,25.334032342794668,81.89860447454625,30031.973152646253,1049.006111772278,40037.38170371669
214.99999999999207,VALID,25.33418582101314,81.89874261728005,30041.736366540554,1056.7295110995428,40048.48192410714
215.09999999999206,VALID,25.334339299102453,81.8988807603647,30046.67006230625,1033.0997977030574,40038.6579144528
215.19999999999206,VALID,25.334492777062607,81.89901890380021,30051.419087465147,1042.9937853483789,40019.650900174754
215.29999999999205,VALID,25.3346462548936,81.89915704758657,30055.69284726171,1055.1734945791268,40037.39463080326
215.39999999999205,VALID,25.334799732595425,81.8992951917238,30050.929920338865,1040.9529675596868,40040.83672786486
215.49999999999204,VALID,25.33495321016808,81.89943333621189,30053.095369910523,1033.2144735071934,40066.82070375702
215.59999999999204,VALID,25.335106687611567,81.89957148105084,30044.51045702308,1036.077168922594,40043.92530503279
215.69999999999203,VALID,25.33526016492588,81.89970962624066,30047.732395848197,1047.1533510898755,40051.214377401506
215.79999999999202,VALID,25.33541364211102,81.89984777178137,30050.995901766,1040.751344668773,40040.719154647486
215.89999999999202,VALID,25.335567119166985,81.89998591767296,30035.14351641332,1060.1523871939532,40049.40498255499
215.999999999992,VALID,25.33572059609377,81.90012406391544,30039.205581628532,1041.6628385522713,40054.39105124012
216.099999999992,VALID,25.335874072891368,81.90026221050881,30060.987553910792,1057.4780991881125,40064.47575490339
216.199999999992,VALID,25.336027549559784,81.90040035745308,30049.67142910461,1061.5142820422507,40041.786417902236
216.299999999992,VALID,25.336181026099013,81.90053850474825,30061.033003370503,1052.5377764548634,40049.6169319534
216.399999999992,VALID,25.33633450250905,81.90067665239434,30040.761582508625,1050.85369918414,40036.34353113515
216.49999999999199,VALID,25.336487978789897,81.90081480039133,30065.51867962415,1053.4759341822844,40045.910433425706
216.59999999999198,VALID,25.33664145494155,81.90095294873923,30064.598867426794,1030.5709612083108,40034.61383656498
216.69999999999197,VALID,25.336794930964004,81.90109109743806,30050.33420032906,1058.3887500629532,40051.74674458881
216.79999999999197,VALID,25.33694840685726,81.90122924648782,30074.350849242233,1062.1232034772233,40046.10790871148
216.89999999999196,VALID,25.33710188262131,81.9013673958885,30054.67852626501,1042.415220274181,40042.705184042745
216.99999999999196,VALID,25.33725535825616,81.90150554564012,30052.97499603888,1053.0756557382902,40054.212757406465
217.09999999999195,VALID,25.337408833761803,81.90164369574268,30058.66674331257,1039.6046810611572,40031.802440820975
217.19999999999195,VALID,25.337562309138235,81.90178184619619,30056.013770092348,1043.2389394198053,40039.24786658556
217.29999999999194,VALID,25.337715784385455,81.90191999700065,30047.274245683904,1052.8361633702893,40046.51822257921
217.39999999999193,VALID,25.33786925950346,81.90205814815606,30059.126913389908,1034.6160783669839,40043.483594631536
217.49999999999193,VALID,25.338022734492245,81.90219629966244,30051.441641320194,1048.060762737784,40054.682378842124
217.59999999999192,VALID,25.33817620935181,81.90233445151978,30060.855920715858,1055.6402212721443,40037.07066302346
217.69999999999192,VALID,25.338329684082154,81.90247260372809,30057.82284749292,1070.5591974905938,40044.41250263588
217.7999999999919,VALID,25.33848315868327,81.90261075628737,30039.764621938142,1059.2099198022854,40056.44654379955
217.8999999999919,VALID,25.33863663315516,81.90274890919764,30038.524309477252,1044.053046954856,40055.172718735244
217.9999999999919,VALID,25.33879010749782,81.90288706245889,30058.43322924048,1032.8369111294999,40036.9965767541
218.0999999999919,VALID,25.33894358171125,81.90302521607113,30042.574763010583,1048.3509232235735,40046.52678736577
218.1999999999919,VALID,25.33909705579544,81.90316337003436,30051.77047540478,1047.0126449847423,40034.02984125679
218.29999999999188,VALID,25.339250529750387,81.90330152434859,30051.810664934408,1051.9471380850136,40047.677468775386
218.39999999999188,VALID,25.339404003576096,81.90343967901383,30039.845744989096,1062.694274042005,40027.48236610114
218.49999999999187,VALID,25.33955747727256,81.90357783403007,30047.531666576386,1060.3171304550222,40047.16766591158
218.59999999999187,VALID,25.33971095083978,81.90371598939733,30046.549748690657,1066.4142036746462,40046.77292525973
218.69999999999186,VALID,25.33986442427775,81.9038541451156,30037.430095540785,1027.3144884178678,40067.7701185262
218.79999999999185,VALID,25.340017897586467,81.9039923011849,30035.78887353183,1056.9922656069803,40041.825657494075
218.89999999999185,VALID,25.34017137076593,81.90413045760523,30029.250482702733,1048.1590427038846,40061.12607176645
218.99999999999184,VALID,25.340324843816134,81.9042686143766,30054.533141360007,1047.8155887380137,40040.44715593088
219.09999999999184,VALID,25.340478316737077,81.90440677149901,30046.66147174952,1054.0512762845083,40045.32360177275
219.19999999999183,VALID,25.340631789528757,81.90454492897247,30057.20985998095,1047.2207285648412,40055.00731786788
219.29999999999183,VALID,25.340785262191172,81.90468308679698,30046.110365131193,1048.0561214650388,40064.05073704932
219.39999999999182,VALID,25.34093873472432,81.90482124497254,30060.544967307087,1064.030643106382,40057.01533567013
219.49999999999181,VALID,25.34109220712819,81.90495940349916,30042.92104141409,1047.7951825617943,40061.1999902893
219.5999999999918,VALID,25.341245679402792,81.90509756237685,30048.71219827909,1034.1601688189473,40052.78857883055
219.6999999999918,VALID,25.341399151548114,81.9052357216056,30070.307516890596,1042.618836409205,40063.830650619355
219.7999999999918,VALID,25.341552623564155,81.90537388118544,30047.90635763068,1049.9476203057777,40041.24562672545
219.8999999999918,VALID,25.341706095450913,81.90551204111635,30053.632409355956,1062.5205636994158,40058.98312819132
219.9999999999918,VALID,25.341859567208385,81.90565020139836,30045.25637105556,1048.5197037812666,40057.0801844603
220.09999999999178,VALID,25.34201303883657,81.90578836203146,30072.39651793075,1041.042119798775,40042.88357861693
220.19999999999177,VALID,25.342166510335463,81.90592652301565,30037.392664023537,1046.3124312036364,40043.42165771913
220.29999999999177,VALID,25.34231998170506,81.90606468435095,30046.94857084223,1058.2845330130137,40056.701380513165
220.39999999999176,VALID,25.34247345294536,81.90620284603736,30049.223440269845,1041.554926307198,40058.66707609768
220.49999999999176,VALID,25.34262692405636,81.90634100807488,30049.128926981786,1054.907306881734,40065.12662220753
220.59999999999175,VALID,25.34278039503806,81.90647917046351,30071.207561149855,1033.4021369015081,40049.72650078244
220.69999999999175,VALID,25.342933865890448,81.90661733320327,30055.729051058144,1050.8012217967555,40048.06530368865
220.79999999999174,VALID,25.34308733661353,81.90675549629417,30047.302502518367,1052.689874446014,40056.57600898352
220.89999999999173,VALID,25.343240807207298,81.9068936597362,30043.622785957243,1060.14526876722,40055.296610570156
220.99999999999173,VALID,25.343394277671752,81.90703182352937,30042.480756897854,1069.406101000275,40047.49185427532
221.09999999999172,VALID,25.343547748006888,81.90716998767368,30052.35184055477,1054.5447303741478,40044.019419288656
221.19999999999172,VALID,25.3437012182127,81.90730815216915,30072.30269702311,1056.8012473795065,40059.73686697826
221.2999999999917,VALID,25.34385468828919,81.90744631701577,30053.135761929734,1050.1794872359806,40069.873947615924
221.3999999999917,VALID,25.344008158236353,81.90758448221355,30060.122207733,1039.1593544939021,40041.41748328198
221.4999999999917,VALID,25.344161628054184,81.9077226477625,30062.529080292632,1052.447444593258,40057.26295539118
221.5999999999917,VALID,25.34431509774268,81.90786081366262,30054.385571756753,1049.4879454954396,40064.26011815185
221.6999999999917,VALID,25.34446856730184,81.90799897991393,30051.06769077157,1047.490070900332,40042.19466213298
221.79999999999168,VALID,25.344622036731657,81.90813714651642,30050.82983964155,1041.943010409549,40050.87885641993
221.89999999999168,VALID,25.344775506032132,81.9082753134701,30059.034011400196,1047.9502921080198,40055.78302893659
221.99999999999167,VALID,25.344928975203263,81.90841348077498,30060.92184344794,1047.5569949991104,40051.33339098535
222.09999999999167,VALID,25.345082444245044,81.90855164843106,30062.09569548076,1040.371193708056,40050.81513221522
222.19999999999166,VALID,25.34523591315747,81.90868981643834,30062.76767086173,1058.9445444156363,40036.70697728355
222.29999999999166,VALID,25.345389381940542,81.90882798479684,30048.251052913954,1054.021066433262,40042.43369878432
222.39999999999165,VALID,25.345542850594256,81.90896615350657,30036.066690626576,1037.3211505825586,40038.497839042095
222.49999999999164,VALID,25.345696319118606,81.90910432256752,30006.301217334712,1046.6814898179068,40050.681092572435
222.59999999999164,VALID,25.34584978751359,81.9092424919797,30051.47922531272,1058.4631393093828,40060.49005663569
222.69999999999163,VALID,25.346003255779205,81.90938066174311,30042.41479296079,1051.6637276970423,40061.40269196269
222.79999999999163,VALID,25.34615672391545,81.90951883185777,30035.10724960235,1053.3403392282917,40059.5910991682
222.89999999999162,VALID,25.346310191922317,81.90965700232367,30037.032378087264,1052.982497355394,40063.607164156114
222.99999999999162,VALID,25.346463659799806,81.90979517314084,30057.97590988484,1055.7428529055846,40038.62974559162
223.0999999999916,VALID,25.346617127547912,81.90993334430925,30028.762570392904,1048.1031697463516,40046.63392773882
223.1999999999916,VALID,25.346770595166632,81.91007151582895,30067.097291628485,1043.309435177389,40059.535638496774
223.2999999999916,VALID,25.34692406265596,81.9102096876999,30051.11258641115,1060.8309958297953,40050.5439787493
223.3999999999916,VALID,25.3470775300159,81.91034785992214,30030.220819068414,1056.4779640979318,40050.504020929155
223.4999999999916,VALID,25.347230997246438,81.91048603249567,30032.846978838435,1056.594178053293,40049.724299105685
223.59999999999158,VALID,25.34738446434758,81.91062420542049,30048.804303871133,1052.0866105539098,40039.53332253592
223.69999999999158,VALID,25.34753793131932,81.9107623786966,30074.84232012658,1045.1618623747877,40059.635546972735
223.79999999999157,VALID,25.34769139816165,81.91090055232402,30028.175097251627,1034.950470089891,40043.63160297975
223.89999999999156,VALID,25.34784486487457,81.91103872630275,30048.703392503878,1050.3146373281534,40049.86931143814
223.99999999999156,VALID,25.34799833145808,81.91117690063278,30056.551275365466,1056.974985242333,40048.810458290696
224.09999999999155,VALID,25.34815179791217,81.91131507531414,30054.945777923822,1054.0143266742352,40047.91123606202
224.19999999999155,VALID,25.34830526423684,81.91145325034682,30052.82525374773,1057.173562459986,40067.57439339403
224.29999999999154,VALID,25.348458730432082,81.91159142573085,30053.245200980622,1029.1152779487832,40058.74475663086
224.39999999999154,VALID,25.348612196497896,81.9117296014662,30041.17658653743,1041.7959168404063,40033.47678526477
224.49999999999153,VALID,25.348765662434282,81.91186777755291,30051.881982755058,1036.567791324752,40052.27466900556
224.59999999999152,VALID,25.34891912824123,81.91200595399097,30052.607895835452,1037.3153889901039,40049.23142676082
224.69999999999152,VALID,25.34907259391874,81.91214413078039,30054.352827705297,1043.376108446741,40043.9996425452
224.7999999999915,VALID,25.349226059466808,81.91228230792117,30043.73780970852,1047.640726433999,40062.35516963559
224.8999999999915,VALID,25.34937952488543,81.91242048541334,30060.187800158452,1033.435949574193,40049.57759789543
224.9999999999915,VALID,25.349532990174595,81.91255866325687,30052.30950005145,1047.6287644262186,40045.98285864823
225.0999999999915,VALID,25.349686455334307,81.9126968414518,30046.824301869194,1054.9888829265824,40051.770222228224
225.1999999999915,VALID,25.349839920364563,81.91283501999813,30053.52650192497,1049.3537800863487,40047.15348942662
225.29999999999148,VALID,25.349993385265357,81.91297319889584,30062.14100482533,1048.06907646579,40051.29298768813
225.39999999999148,VALID,25.350146850036683,81.91311137814496,30058.717143016052,1060.0607782516545,40034.55311633151
225.49999999999147,VALID,25.350300314678538,81.9132495577455,30037.836867262125,1046.7803019814792,40063.25232914971
225.59999999999147,VALID,25.35045377919092,81.91338773769746,30049.6152960456,1037.7229875975477,40068.40938827357
225.69999999999146,VALID,25.350607243573826,81.91352591800084,30048.443682693513,1034.416549192458,40038.70197830702
225.79999999999146,VALID,25.35076070782725,81.91366409865566,30039.369000997904,1063.7877025861776,40060.24125074461
225.89999999999145,VALID,25.350914171951185,81.91380227966191,30038.488223691613,1041.4059170641783,40038.78982194843
225.99999999999145,VALID,25.35106763594563,81.9139404610196,30055.349297912162,1053.637520133933,40053.06375317707
226.09999999999144,VALID,25.35122109981058,81.91407864272877,30052.96641549446,1052.2792209395495,40039.47621804815
226.19999999999143,VALID,25.35137456354603,81.91421682478938,30048.58628444374,1033.571816476787,40023.70233261717
226.29999999999143,VALID,25.35152802715198,81.91435500720146,30044.53620517413,1046.7174025232891,40022.59343384378
226.39999999999142,VALID,25.351681490628422,81.91449318996503,30045.127886523023,1061.3597395102722,40045.35117752333
226.49999999999142,VALID,25.351834953975352,81.91463137308007,30041.50585640305,1043.2422457032944,40048.93847634122
226.5999999999914,VALID,25.351988417192768,81.9147695565466,30051.082497001444,1043.0232944030547,40046.15564651817
226.6999999999914,VALID,25.352141880280662,81.91490774036463,30055.30721727046,1056.4443153025788,40056.50105094902
226.7999999999914,VALID,25.352295343239035,81.91504592453416,30048.079837294797,1051.7355205432013,40057.60293721873
226.8999999999914,VALID,25.35244880606788,81.91518410905519,30046.167530810966,1051.4541444447539,40044.39640282658
226.9999999999914,VALID,25.35260226876719,81.91532229392774,30036.035500310714,1043.002523721595,40051.903591813825
227.09999999999138,VALID,25.352755731336963,81.91546047915183,30059.94619480383,1062.1479640694133,40047.03640003472
227.19999999999138,VALID,25.352909193777194,81.91559866472745,30049.064777777887,1040.546580141437,40037.246411241664
227.29999999999137,VALID,25.35306265608788,81.91573685065461,30022.67321551819,1038.1678402631628,40062.92283049161
227.39999999999137,VALID,25.353216118269014,81.91587503693331,30047.043491472767,1056.031607835391,40049.934428893495
227.49999999999136,VALID,25.353369580320592,81.91601322356358,30048.46143465087,1039.9824950436646,40039.078646201684
227.59999999999135,VALID,25.35352304224261,81.91615141054541,30057.382307231277,1036.8163226293875,40056.02247065544
227.69999999999135,VALID,25.353676504035064,81.9162895978788,30041.559116434542,1062.4767060405272,40039.20888909044
227.79999999999134,VALID,25.353829965697948,81.91642778556378,30052.81353893878,1038.4555402612443,40059.48918970037
227.89999999999134,VALID,25.353983427231256,81.91656597360034,30025.567887729765,1057.2668262764298,40059.68007656094
227.99999999999133,VALID,25.354136888634986,81.9167041619885,30059.410205560787,1036.3426121208042,40060.24425569143
228.09999999999133,VALID,25.35429034990913,81.91684235072826,30056.797432724285,1049.6719482483384,40044.92935554204
228.19999999999132,VALID,25.354443811053688,81.91698053981963,30036.931163216374,1044.803990925939,40063.11578468914
228.29999999999131,VALID,25.354597272068652,81.91711872926263,30045.142439171384,1059.0537204291518,40032.47994536422
228.3999999999913,VALID,25.354750732954017,81.91725691905724,30054.125769146372,1056.0815635067597,40043.67938049946
228.4999999999913,VALID,25.35490419370978,81.91739510920348,30044.797698073126,1079.4953116852457,40049.44032875097
228.5999999999913,VALID,25.35505765433593,81.91753329970138,30049.34235914885,1054.7956035244122,40043.27212648968
228.6999999999913,VALID,25.355211114832468,81.91767149055092,30040.176705570295,1050.378519306249,40048.83885375825
228.7999999999913,VALID,25.355364575199385,81.91780968175212,30038.99118205948,1052.801823351845,40068.03987702989
228.89999999999128,VALID,25.355518035436678,81.917947873305,30052.41084373526,1059.376216952989,40046.75028067437
228.99999999999127,VALID,25.355671495544343,81.91808606520955,30030.74788656762,1039.2397148782127,40049.98111595602
229.09999999999127,VALID,25.355824955522372,81.91822425746578,30040.048963685702,1039.9701826941705,40042.528592758135
229.19999999999126,VALID,25.355978415370764,81.91836245007372,30038.546138101276,1051.4715151935968,40045.03741536771
229.29999999999126,VALID,25.35613187508951,81.91850064303335,30060.113619763375,1064.1700107469692,40057.87555173359
229.39999999999125,VALID,25.356285334678603,81.9186388363447,30053.854571617234,1051.686340696238,40060.359802789906
229.49999999999125,VALID,25.35643879413804,81.91877703000776,30027.481644397594,1053.3670805216432,40062.21429169963
229.59999999999124,VALID,25.356592253467813,81.91891522402256,30054.478589699323,1048.8883796914745,40064.83835628225
229.69999999999123,VALID,25.35674571266792,81.91905341838908,30058.83326396429,1045.229009984298,40030.26267549975
229.79999999999123,VALID,25.356899171738352,81.91919161310736,30064.185804645454,1067.547865478609,40039.0712189998
229.89999999999122,VALID,25.357052630679107,81.9193298081774,30046.054821869002,1074.1760814796821,40044.69362071399
229.99999999999122,VALID,25.357206089490173,81.9194680035992,30055.28925046655,1043.6478370663226,40063.9273456857
230.0999999999912,VALID,25.35735954817155,81.9196061993728,30066.409004898862,1059.0646034895249,40069.782232955375
230.1999999999912,VALID,25.35751300672323,81.91974439549816,30052.976547800128,1027.7546775512305,40054.07327521544
230.2999999999912,VALID,25.357666465145208,81.91988259197532,30036.57231937861,1048.0273671517734,40052.51896536422
230.3999999999912,VALID,25.357819923437475,81.9200207888043,30043.28694971895,1059.349310546509,40040.412341338764
230.4999999999912,VALID,25.35797338160003,81.92015898598507,30035.16356580566,1037.1548583274528,40067.60437735441
230.59999999999118,VALID,25.35812683963286,81.92029718351768,30041.91232094148,1037.0510775217242,40043.41525754674
230.69999999999118,VALID,25.358280297535963,81.92043538140211,30037.4587027985,1047.6060111102424,40056.15884490431
230.79999999999117,VALID,25.35843375530933,81.92057357963839,30049.15063552973,1037.1905861366265,40060.85748545504
230.89999999999117,VALID,25.358587212952962,81.92071177822652,30051.363683325326,1038.7593858185849,40030.36919211744
230.99999999999116,VALID,25.358740670466844,81.92084997716651,30060.26081377728,1051.0912776116998,40059.433279166646
231.09999999999116,VALID,25.358894127850974,81.92098817645838,30050.66518350612,1054.7517120709565,40048.67140808932
231.19999999999115,VALID,25.35904758510534,81.92112637610214,30071.2650003425,1049.6883043285789,40039.088117128296
231.29999999999114,VALID,25.35920104222994,81.92126457609778,30029.009855113378,1066.670593879143,40053.35298653988
231.39999999999114,VALID,25.359354499224768,81.92140277644533,30056.221259659174,1039.5957911197172,40035.70831833276
231.49999999999113,VALID,25.359507956089814,81.9215409771448,30036.537202783966,1038.587101364997,40044.6733636372
231.59999999999113,VALID,25.359661412825073,81.9216791781962,30042.10479137073,1054.04076993261,40045.84598273353
231.69999999999112,VALID,25.359814869430537,81.92181737959953,30057.838300604053,1027.0582525170948,40031.20059288336
231.79999999999112,VALID,25.3599683259062,81.92195558135482,30040.894934857843,1032.7540309734206,40047.18310178382
231.8999999999911,VALID,25.36012178225205,81.92209378346207,30026.01915165123,1052.445542852642,40047.36809646789
231.9999999999911,VALID,25.360275238468088,81.92223198592129,30056.965591935674,1059.9985722598299,40065.1395770852
232.0999999999911,VALID,25.3604286945543,81.92237018873249,30041.038047694925,1039.7558674288803,40048.88199419768
232.1999999999911,VALID,25.360582150510684,81.92250839189569,30066.038452050914,1050.6528244149108,40064.273612283076
232.2999999999911,VALID,25.36073560633723,81.9226465954109,30066.477725631088,1034.095084918438,40054.39241406429
232.39999999999108,VALID,25.360889062033927,81.92278479927812,30043.538099479087,1051.9850916892797,40050.14600721156
232.49999999999108,VALID,25.36104251760077,81.92292300349737,30060.836977694733,1055.732722062189,40051.96130238731
232.59999999999107,VALID,25.36119597303775,81.92306120806867,30053.286716640723,1066.5073901398962,40043.49315011783
232.69999999999106,VALID,25.36134942834486,81.92319941299202,30031.93916075568,1043.8061105799068,40043.92283860608
232.79999999999106,VALID,25.36150288352209,81.92333761826744,30046.079169138924,1048.214288515754,40036.43952480917
232.89999999999105,VALID,25.361656338569432,81.92347582389493,30044.533204332365,1045.3301979306,40072.87358875505
232.99999999999105,VALID,25.36180979348688,81.92361402987453,30052.323208725236,1057.620116813845,40056.30958770455
233.09999999999104,VALID,25.361963248274424,81.92375223620623,30043.543637893137,1053.6970367940046,40032.2755196626
233.19999999999104,VALID,25.362116702932056,81.92389044289004,30033.58347964985,1051.1138179801233,40041.62474619046
233.29999999999103,VALID,25.362270157459765,81.92402864992599,30036.806276421397,1046.2582289267898,40057.89090075094
233.39999999999102,VALID,25.362423611857544,81.92416685731408,30061.186615552167,1053.4346895223853,40054.88502678894
233.49999999999102,VALID,25.362577066125386,81.92430506505433,30037.71190513598,1042.5893203282515,40050.21045366197
233.599999999991,VALID,25.362730520263277,81.92444327314675,30047.522817482564,1054.5812338807689,40044.847528012804
233.699999999991,VALID,25.362883974271213,81.92458148159136,30046.2748028875,1052.3987796414085,40060.69889136185
233.799999999991,VALID,25.36303742814918,81.92471969038817,30054.14225017456,1056.8073429729266,40041.33495509445
233.899999999991,VALID,25.36319088189717,81.9248578995372,30041.42534848379,1062.9859306607864,40049.449491408486
233.999999999991,VALID,25.363344335515176,81.92499610903846,30053.5580207282,1068.0542671012663,40058.13817285608
234.09999999999098,VALID,25.363497789003183,81.92513431889196,30035.4757523886,1056.955699089661,40054.14588883215
234.19999999999098,VALID,25.363651242361183,81.92527252909773,30048.763301975458,1038.780715994946,40054.87731890938
234.29999999999097,VALID,25.363804695589167,81.92541073965577,30043.228802900576,1045.7770923497023,40042.48203844898
234.39999999999097,VALID,25.363958148687125,81.92554895056611,30040.479006275604,1043.7178657687487,40047.42201148044
234.49999999999096,VALID,25.364111601655043,81.92568716182875,30066.91867113388,1042.35886327023,40046.237078219936
234.59999999999096,VALID,25.364265054492915,81.92582537344371,30063.1517651675,1065.418704790147,40049.62122451227
234.69999999999095,VALID,25.364418507200725,81.92596358541101,30039.816563562545,1050.2829539066765,40057.1406353897
234.79999999999094,VALID,25.364571959778463,81.92610179773067,30044.747751930954,1057.7153707914504,40066.98098880274
234.89999999999094,VALID,25.36472541222612,81.9262400104027,30020.775651740518,1056.667360668774,40062.8080314512
234.99999999999093,VALID,25.364878864543684,81.92637822342712,30044.21978238704,1055.2148624688127,40041.964796559376
235.09999999999093,VALID,25.365032316731142,81.92651643680395,30037.171906232914,1051.6139725641629,40068.11122601862
235.19999999999092,VALID,25.365185768788482,81.92665465053321,30036.9538197454,1040.0038657844568,40056.18935068248
235.29999999999092,VALID,25.365339220715693,81.92679286461491,30044.639299775943,1043.9948769314599,40029.2485930129
235.3999999999909,VALID,25.36549267251276,81.92693107904907,30049.184732671714,1067.2569255932603,40049.82511646086
235.4999999999909,VALID,25.365646124179676,81.9270692938357,30057.319044829124,1057.476404675614,40062.33394924746
235.5999999999909,VALID,25.365799575716423,81.92720750897483,30034.35096398217,1049.3503191793916,40031.113304146704
235.6999999999909,VALID,25.365953027122988,81.92734572446649,30045.4143953794,1043.2632230594938,40026.91910574175
235.7999999999909,VALID,25.36610647839936,81.92748394031068,30051.680597971234,1049.8436244575553,40059.60369602891
235.89999999999088,VALID,25.366259929545524,81.92762215650743,30047.19940947262,1042.6466094700331,40052.85761493361
235.99999999999088,VALID,25.366413380561465,81.92776037305676,30045.25827800733,1054.7669405586385,40041.60957733212
236.09999999999087,VALID,25.36656683144717,81.92789858995869,30057.923645642604,1062.9984791929312,40034.384893462586
236.19999999999087,VALID,25.366720282202625,81.92803680721323,30059.606404539834,1035.145313967447,40047.33348006818
236.29999999999086,VALID,25.366873732827813,81.92817502482042,30049.623918540026,1047.498281165783,40040.93652856014
236.39999999999085,VALID,25.36702718332272,81.92831324278026,30045.08031937486,1047.3242656792675,40060.740169571305
236.49999999999085,VALID,25.36718063368733,81.92845146109279,30052.283932546194,1036.8210203032304,40051.37789925369
236.59999999999084,VALID,25.36733408392163,81.92858967975803,30051.046402851072,1055.0173638917947,40038.09884119874
236.69999999999084,VALID,25.3674875340256,81.928727898776,30040.869170182916,1055.4119355037335,40039.73497382033
236.79999999999083,VALID,25.367640983999223,81.92886611814673,30052.23067171722,1052.0150231279106,40039.89958870156
236.89999999999083,VALID,25.367794433842487,81.92900433787024,30057.4280560143,1051.4136404713104,40035.28399128663
236.99999999999082,VALID,25.36794788355537,81.92914255794656,30048.170706151504,1047.8417262296487,40052.312011689784
237.0999999999908,VALID,25.368101333137858,81.92928077837571,30038.777638473457,1069.2860272475646,40050.92552537133
237.1999999999908,VALID,25.36825478258993,81.92941899915772,30056.2314235332,1053.4386768660106,40051.53689489228
237.2999999999908,VALID,25.368408231911566,81.92955722029261,30039.086499728684,1037.3943405854106,40040.70577789049
237.3999999999908,VALID,25.36856168110275,81.92969544178041,30051.59803164583,1030.0503982701257,40074.40372239549
237.4999999999908,VALID,25.368715130163462,81.92983366362115,30060.125309373605,1042.4052722279519,40048.58154023627
237.59999999999079,VALID,25.36886857909368,81.92997188581487,30061.154769689678,1055.4901559993625,40055.27876585176
237.69999999999078,VALID,25.369022027893383,81.93011010836157,30031.817249811334,1055.7873793177703,40050.338485375745
237.79999999999077,VALID,25.369175476562553,81.93024833126131,30055.118664119494,1036.5116495232612,40056.38255957162
237.89999999999077,VALID,25.36932892510117,81.9303865545141,30044.90732227087,1056.032177660848,40040.4305887587
237.99999999999076,VALID,25.369482373509204,81.93052477811999,30062.24718314584,1057.2837804785315,40070.30483632261
238.09999999999076,VALID,25.369635821786638,81.93066300207899,30051.98431629832,1044.0205993344262,40056.50629640095
238.19999999999075,VALID,25.369789269933445,81.93080122639115,30049.05433869761,1040.1637338355,40039.14380908313
238.29999999999075,VALID,25.369942717949606,81.9309394510565,30045.527527680693,1060.6903012473656,40058.84248077114
238.39999999999074,VALID,25.37009616583509,81.93107767607508,30059.950022271558,1041.6130116362199,40046.765212715654
238.49999999999073,VALID,25.370249613589873,81.93121590144692,30053.178912471503,1049.9582759336322,40031.83885071825
238.59999999999073,VALID,25.37040306121393,81.93135412717206,30048.114188669202,1066.3398536936127,40061.28152813177
238.69999999999072,VALID,25.370556508707235,81.93149235325053,30042.566775997842,1056.6894688919922,40031.301440666895
238.79999999999072,VALID,25.370709956069756,81.93163057968239,30046.469113203097,1025.9931837344004,40034.296318988956
238.8999999999907,VALID,25.370863403301467,81.93176880646766,30041.768308385414,1047.1482825607611,40054.69527624649
238.9999999999907,VALID,25.371016850402338,81.9319070336064,30064.073826062064,1043.9303290999019,40059.48498736307
239.0999999999907,VALID,25.371170297372338,81.93204526109862,30038.94892500193,1062.3561618578617,40038.63452706155
239.1999999999907,VALID,25.371323744211434,81.9321834889444,30056.762994996214,1034.3718801072969,40043.707866153396
239.2999999999907,VALID,25.371477190919595,81.93232171714378,30053.374084138406,1055.315238694023,40041.7863598427
239.39999999999068,VALID,25.371630637496786,81.93245994569679,30039.62992747755,1050.6456176406039,40039.94875156515
239.49999999999068,VALID,25.37178408394297,81.9325981746035,30043.205393196135,1042.9491792488607,40052.01208179228
239.59999999999067,VALID,25.37193753025811,81.93273640386396,30045.957175647687,1057.075734002621,40056.0106299445
239.69999999999067,VALID,25.37209097644217,81.9328746334782,30051.32270769265,1028.4517842140622,40051.10601856361
239.79999999999066,VALID,25.372244422495108,81.93301286344631,30066.164286401887,1063.8737817172328,40055.221872304646
239.89999999999065,VALID,25.372397868416886,81.93315109376832,30032.483929851187,1042.5535655991657,40042.5156732648
239.99999999999065,VALID,25.37255131420746,81.93328932444429,30046.658629247733,1050.7090714055175,40034.11404070165
240.09999999999064,VALID,25.372704759866785,81.9334275554743,30035.037628732895,1045.2296250596062,40059.82778388839
240.19999999999064,VALID,25.372858205394817,81.9335657868584,30058.862586285606,1035.2980870245094,40034.011016646924
240.29999999999063,VALID,25.373011650791508,81.93370401859664,30054.26425982076,1042.445802666473,40035.00087612904
240.39999999999063,VALID,25.37316509605681,81.93384225068912,30033.93991615319,1050.959151709818,40070.74889828394
240.49999999999062,VALID,25.373318541190663,81.93398048313591,30056.258434939835,1050.2173312984892,40048.02319534035
240.59999999999062,VALID,25.37347198619302,81.93411871593707,30040.24474973932,1045.1855775510144,40045.29572146815
240.6999999999906,VALID,25.37362543106382,81.93425694909268,30041.853818790438,1048.9470121776658,40049.46526377905
240.7999999999906,VALID,25.37377887580301,81.93439518260284,30032.304495095574,1047.539156681251,40051.98283572999
240.8999999999906,VALID,25.373932320410518,81.93453341646762,30047.835975317143,1040.5698532216793,40051.830458664175
240.9999999999906,VALID,25.37408576488628,81.93467165068711,30039.02734978489,1044.0487192599667,40048.62608237746
241.0999999999906,VALID,25.374239209230232,81.9348098852614,30037.054489797054,1042.41466230544,40052.73627777634
241.19999999999058,VALID,25.374392653442296,81.93494812019061,30057.07807350551,1048.204185447527,40068.593463101504
241.29999999999058,VALID,25.374546097522398,81.93508635547484,30052.483363244068,1033.6658532109027,40045.88193583754
241.39999999999057,VALID,25.37469954147046,81.93522459111419,30050.14233761482,1067.8424329025447,40063.866462547434
241.49999999999056,VALID,25.37485298528639,81.93536282710879,30061.846041750683,1036.3980158198874,40046.47282072246
241.59999999999056,VALID,25.375006428970103,81.93550106345876,30047.65031016429,1056.3473328186205,40044.16191875439
241.69999999999055,VALID,25.3751598725215,81.93563930016423,30038.35792537372,1060.7244900404867,40053.2906287903
241.79999999999055,VALID,25.37531331594048,81.93577753722533,30032.287050321946,1028.3131919153875,40056.95839461381
241.89999999999054,VALID,25.375466759226935,81.93591577464224,30051.581617112286,1062.7407626211677,40064.36596526276
241.99999999999054,VALID,25.37562020238075,81.93605401241508,30068.453732978174,1045.200697303067,40051.36492780959
242.09999999999053,VALID,25.375773645401797,81.93619225054405,30042.19743686014,1051.8941846513953,40045.988698994035
242.19999999999052,VALID,25.375927088289945,81.93633048902933,30048.69681994219,1038.6769965207345,40043.96629675293
242.29999999999052,VALID,25.376080531045055,81.9364687278711,30059.778641729077,1064.28506127501,40052.11358037914
242.3999999999905,VALID,25.37623397366697,81.93660696706958,30046.75245390272,1042.8395677980361,40054.792105750304
242.4999999999905,VALID,25.376387416155524,81.93674520662499,30051.450654206717,1030.7816457427355,40044.962341925806
242.5999999999905,VALID,25.376540858510538,81.93688344653758,30058.846341060555,1050.0217686266994,40071.5713818742
242.6999999999905,VALID,25.376694300731813,81.93702168680761,30043.184016957945,1050.5913973884756,40041.75286870628
242.7999999999905,VALID,25.376847742819137,81.93715992743539,30061.450394758267,1038.5440151779405,40065.554855151975
242.89999999999048,VALID,25.377001184772276,81.93729816842122,30048.804034036777,1071.1371166163249,40048.571544207494
242.99999999999048,VALID,25.37715462659097,81.93743640976548,30073.7450226673,1049.1659757185175,40055.02145767535
243.09999999999047,VALID,25.377308068274928,81.93757465146854,30055.5961814069,1046.8533322874177,40045.191986430684
243.19999999999047,VALID,25.37746150982384,81.93771289353084,30022.17696580148,1031.8733132420555,40041.50245581062
243.29999999999046,VALID,25.377614951237337,81.93785113595287,30039.7677119042,1053.0147876329333,40051.15162294789
243.39999999999046,VALID,25.377768392515026,81.93798937873518,30060.4704294229,1055.3628847326788,40032.114347552495
243.49999999999045,VALID,25.377921833656444,81.9381276218784,30048.18332942171,1058.1041913241377,40069.888276813974
243.59999999999044,VALID,25.378075274661064,81.93826586538323,30045.824038489438,1052.0571946963732,40032.47591827103
243.69999999999044,VALID,25.378228715528277,81.93840410925051,30056.806751931104,1061.052030497674,40045.37498691779
243.79999999999043,VALID,25.378382156257366,81.93854235348122,30052.089315539764,1062.3389606864207,40049.407917474746
243.89999999999043,VALID,25.37853559684748,81.93868059807653,30044.508718942023,1029.6188813709214,40060.9886013543
243.99999999999042,VALID,25.378689037297594,81.93881884303782,30057.829298762903,1058.7348285660883,40030.423406878974
244.09999999999042,VALID,25.378842477606433,81.93895708836682,30041.126563100406,1053.5430040060053,40032.961398038584
244.1999999999904,VALID,25.378995917772393,81.93909533406571,30050.003041737535,1044.9618814437201,40058.50477193862
244.2999999999904,VALID,25.379149357793377,81.93923358013735,30034.256407191253,1055.4919124058638,40055.545172817954
244.3999999999904,VALID,25.379302797666533,81.93937182658563,30071.451612883357,1063.2777154520272,40037.227428686776
244.4999999999904,VALID,25.379456237387753,81.93951007341613,30051.80661798023,1046.7948725426165,40060.94148403789
244.5999999999904,VALID,25.379609676950615,81.93964832063757,30032.096680413557,1031.1027958520513,40042.76437401185
244.69999999999038,VALID,25.37976311634364,81.93978656826557,30061.537672227863,1050.2684410971713,40067.91251264322
244.79999999999038,VALID,25.379916555540486,81.93992481633596,30042.139684873775,1029.961450024851,40047.80661366374
244.89999999999037,VALID,25.380076034433838,81.93979783029401,30043.926535050585,1042.9032747673825,40053.006694726326
244.99999999999037,VALID,25.380152068591293,81.93959566033341,30046.86600458464,1047.69357234136,40044.89723831783
245.09999999999036,VALID,25.380228102472362,81.93939349011818,30049.57582708542,1049.615543560849,40036.551092924645
245.19999999999035,VALID,25.380304136077044,81.93919131964833,30049.882325557322,1052.3458824542477,40024.51528714811
245.29999999999035,VALID,25.380380169405335,81.93898914892387,30052.78234619189,1059.508251672142,40040.64719300075
245.39999999999034,VALID,25.380456202457236,81.93878697794479,30048.878891218905,1050.2538459433392,40054.373244173104
245.49999999999034,VALID,25.380532235232746,81.93858480671108,30047.998818703687,1050.6947146944874,40047.32248256368
245.59999999999033,VALID,25.380608267731862,81.93838263522275,30057.607533709925,1065.363336915485,40048.32491055608
245.69999999999033,VALID,25.380684299954584,81.9381804634798,30063.087950515728,1041.7680488005014,40057.11174954038
245.79999999999032,VALID,25.380760331900913,81.93797829148222,30044.026419175523,1048.0510890145758,40038.224726273074
245.8999999999903,VALID,25.380836363570843,81.93777611923004,30055.35287723731,1053.185110674663,40029.69531774527
245.9999999999903,VALID,25.380912394964376,81.93757394672322,30045.55061158672,1047.4756227798196,40045.206607119006
246.0999999999903,VALID,25.380988426081508,81.93737177396179,30048.240394911685,1047.22544191888,40047.29196798072
246.1999999999903,VALID,25.38106445692224,81.93716960094572,30059.089399970457,1041.309059414386,40041.12924992405
246.2999999999903,VALID,25.381140487486565,81.93696742767504,30047.348774147824,1023.8998684745384,40048.31475313955
246.39999999999029,VALID,25.38121651777449,81.93676525414973,30029.726376703744,1030.0901677804843,40061.84858657241
246.49999999999028,VALID,25.381292547786007,81.93656308036981,30047.292040658544,1053.2188811489182,40059.13528702094
246.59999999999027,VALID,25.38136857752112,81.93636090633525,30047.526859644266,1034.2522533377619,40052.24910111695
246.69999999999027,VALID,25.381444606979823,81.93615873204608,30060.232752799246,1032.5141861272796,40049.614074481804
246.79999999999026,VALID,25.381520636162115,81.93595655750228,30040.883017570133,1048.0329245926903,40029.7488936703
246.89999999999026,VALID,25.381596665067995,81.93575438270385,30063.019888892046,1062.869832567171,40056.52383650966
246.99999999999025,VALID,25.381672693697464,81.9355522076508,30055.893162278742,1054.7006406604046,40032.96913796888
247.09999999999025,VALID,25.381748722050517,81.93535003234312,30062.815497919448,1037.0916696088132,40050.84880794911
247.19999999999024,VALID,25.381824750127155,81.93514785678082,30052.566791089095,1042.4728034138252,40042.51639473708
247.29999999999023,VALID,25.381900777927378,81.93494568096388,30027.192810332697,1043.7106709265054,40067.647595039634
247.39999999999023,VALID,25.38197680545118,81.93474350489232,30040.424928043944,1045.7957874340602,40058.69381080255
247.49999999999022,VALID,25.382052832698566,81.93454132856614,30053.651265229724,1034.1913204213297,40043.763474839674
247.59999999999022,VALID,25.38212885966953,81.93433915198533,30042.240739804725,1049.8965115779845,40054.93744975003
247.6999999999902,VALID,25.382204886364068,81.93413697514988,30044.32516107206,1047.2640391659459,40053.961877045964
247.7999999999902,VALID,25.382280912782186,81.93393479805981,30032.033349606543,1037.9417168774328,40063.107401934365
247.8999999999902,VALID,25.382356938923877,81.93373262071512,30037.669908949014,1041.2542546230525,40037.052616018664
247.9999999999902,VALID,25.382432964789142,81.9335304431158,30044.448363134685,1045.7863982694635,40030.44629071993
248.0999999999902,VALID,25.38250899037798,81.93332826526185,30053.23851441681,1064.5421359953862,40063.272714427345
248.19999999999018,VALID,25.382585015690385,81.93312608715327,30050.019366097036,1025.174243218391,40046.94063514961
248.29999999999018,VALID,25.38266104072636,81.93292390879006,30064.094825672368,1052.2291698109716,40043.28399831279
248.39999999999017,VALID,25.382737065485905,81.93272173017222,30064.536844635924,1056.248043382739,40048.78660901855
248.49999999999017,VALID,25.382813089969016,81.93251955129975,30042.59439302641,1031.3217043431048,40067.82910736099
248.59999999999016,VALID,25.38288911417569,81.93231737217265,30048.72252247684,1064.8248952179547,40043.191158936956
248.69999999999015,VALID,25.382965138105927,81.93211519279092,30041.144848837055,1057.0546429186797,40066.31362584195
248.79999999999015,VALID,25.383041161759728,81.93191301315456,30059.789621642234,1047.8166832003317,40043.088044799944
248.89999999999014,VALID,25.38311718513709,81.93171083326357,30049.140888007045,1048.0058335962601,40049.625751963365
248.99999999999014,VALID,25.383193208238005,81.93150865311794,30059.150953663033,1040.1647661718048,40060.560114069434
249.09999999999013,VALID,25.38326923106248,81.93130647271768,30049.46926495865,1036.9423884642488,40056.92097001318
249.19999999999013,VALID,25.383345253610514,81.93110429206278,30030.93369167623,1030.5267182001994,40042.20526349444
249.29999999999012,VALID,25.3834212758821,81.93090211115326,30026.072209046375,1034.7022003918805,40062.56696202765
249.39999999999011,VALID,25.38349729787724,81.9306999299891,30054.26311728472,1056.8073002470867,40059.693276993414
249.4999999999901,VALID,25.383573319595932,81.93049774857032,30051.47102676246,1056.7302865302424,40047.47723021953
249.5999999999901,VALID,25.383649341038176,81.93029556689689,30036.978644765524,1051.3275431898312,40056.58558781626
249.6999999999901,VALID,25.38372536220397,81.93009338496883,30039.637701662905,1041.6786903199845,40061.83788793424
249.7999999999901,VALID,25.383801383093306,81.92989120278614,30059.59162285678,1046.199762101923,40065.36679604653
249.8999999999901,VALID,25.383877403706194,81.9296890203488,30057.08949970826,1068.3733688107427,40072.37071276212
249.99999999999008,VALID,25.383953424042623,81.92948683765684,30054.51019838909,1032.2849490744004,40029.2986517745
250.09999999999008,VALID,25.384029444102598,81.92928465471024,30028.537651216622,1063.493050703718,40044.905133813074
250.19999999999007,VALID,25.384105463886115,81.929082471509,30050.552595062967,1048.5280859272946,40045.63517967582
250.29999999999006,VALID,25.38418148339317,81.92888028805314,30048.9551747411,1068.0874788976055,40046.40722389754
250.39999999999006,VALID,25.38425750262377,81.92867810434264,30073.51621420929,1049.0850045643651,40054.66026456552
250.49999999999005,VALID,25.384333521577904,81.9284759203775,30036.962199990776,1043.002860335492,40059.22808195808
250.59999999999005,VALID,25.384409540255575,81.92827373615772,30047.745330984566,1053.3973930372006,40057.822341204315
250.69999999999004,VALID,25.38448555865678,81.9280715516833,30050.689089579355,1049.756798297876,40046.98985758512
250.79999999999004,VALID,25.384561576781522,81.92786936695425,30057.5018013984,1045.6564282612842,40052.94828479688
250.89999999999003,VALID,25.384637594629794,81.92766718197056,30056.87055852892,1039.8494208742873,40053.18576243797
250.99999999999002,VALID,25.384713612201597,81.92746499673223,30044.85056350413,1054.4429647597376,40033.26771686439
251.09999999999002,VALID,25.38478962949693,81.92726281123926,30045.477919794466,1053.581901107169,40065.65489866608
251.19999999999,VALID,25.384865646515788,81.92706062549165,30031.60722714211,1045.083858600923,40044.913901818094
251.29999999999,VALID,25.384941663258175,81.92685843948941,30044.893909051607,1045.7750267853119,40054.082189853034
251.39999999999,VALID,25.385017679724086,81.92665625323252,30069.196003174184,1062.0947848568983,40064.02224197273
251.49999999999,VALID,25.385093695913522,81.92645406672099,30053.05951929878,1033.1223841911594,40041.59693219646
251.59999999999,VALID,25.385169711826478,81.92625187995483,30051.325179785108,1055.915521701044,40052.382579488876
251.69999999998998,VALID,25.385245727462955,81.92604969293403,30050.192868099064,1045.4202572029487,40044.85672321933
251.79999999998998,VALID,25.385321742822953,81.92584750565858,30070.800430063497,1056.0518022904096,40053.9514141636
251.89999999998997,VALID,25.385397757906468,81.92564531812849,30050.76445427072,1039.059261521532,40040.197057813064
251.99999999998997,VALID,25.3854737727135,81.92544313034375,30038.266597202168,1048.4436828368046,40061.142148759485
252.09999999998996,VALID,25.385549787244045,81.92524094230438,30048.561800702395,1044.9419935881697,40038.457849533435
252.19999999998996,VALID,25.385625801498104,81.92503875401037,30050.034761038954,1064.9578928540964,40036.8774166163
252.29999999998995,VALID,25.385701815475677,81.92483656546172,30050.709985114117,1057.437129713475,40058.9234968642
252.39999999998994,VALID,25.38577782917676,81.92463437665842,30036.99117817177,1055.0698681080669,40062.077066036385
252.49999999998994,VALID,25.385853842601353,81.92443218760047,30038.27943328447,1079.5981016362489,40043.2515657819
252.59999999998993,VALID,25.385929855749453,81.92422999828788,30058.37200158296,1054.0362340965128,40070.52762165796
252.69999999998993,VALID,25.38600586862106,81.92402780872065,30044.52548331995,1047.209257969667,40050.729991433625
252.79999999998992,VALID,25.38608188121617,81.92382561889877,30037.54447950902,1053.9125383837536,40038.429815730866
252.89999999998992,VALID,25.386157893534786,81.92362342882225,30051.764858365186,1037.400972879438,40044.18842895797
252.9999999999899,VALID,25.386233905576905,81.92342123849109,30064.895481487645,1047.6696030144772,40037.797712430336
253.0999999999899,VALID,25.386309917342523,81.92321904790528,30049.07203363308,1046.038695759714,40058.64667633427
253.1999999999899,VALID,25.38638592883164,81.92301685706482,30038.074300016928,1036.0177814921988,40042.484126200645
253.2999999999899,VALID,25.386461940044256,81.92281466596972,30058.816510245182,1046.2437940820678,40060.60314884637
253.3999999999899,VALID,25.38653795098037,81.92261247461998,30053.698032232795,1033.183984641442,40059.42153249643
253.49999999998988,VALID,25.386613961639977,81.9224102830156,30052.49459045136,1069.4319697516735,40067.52026233575
253.59999999998988,VALID,25.386689972023078,81.92220809115656,30045.51075215803,1057.8587492858605,40041.45791092943
253.69999999998987,VALID,25.38676598212967,81.92200589904287,30054.55242570217,1054.5720665386355,40056.296390879244
253.79999999998986,VALID,25.386841991959756,81.92180370667454,30058.312276205797,1055.3760439435734,40043.81064002598
253.89999999998986,VALID,25.38691800151333,81.92160151405156,30051.258670845862,1048.8218898657842,40058.489586859694
253.99999999998985,VALID,25.386994010790392,81.92139932117394,30047.709617267636,1034.7592173449539,40030.76663616715
254.09999999998985,VALID,25.38707001979094,81.92119712804165,30052.390933091596,1051.8892450341389,40058.21068324711
254.19999999998984,VALID,25.387146028514973,81.92099493465473,30033.63509565364,1070.9403631221935,40051.78459616819
254.29999999998984,VALID,25.387222036962488,81.92079274101316,30051.35551506368,1047.083448321862,40046.30690745126
254.39999999998983,VALID,25.387298045133488,81.92059054711693,30070.367886828222,1057.0585825269736,40045.857676379186
254.49999999998983,VALID,25.387374053027965,81.92038835296606,30042.80399757407,1057.8697076286496,40068.50099412982
254.59999999998982,VALID,25.387450060645925,81.92018615856054,30034.42157307773,1031.6136827690207,40056.417847296085
254.6999999999898,VALID,25.387526067987363,81.91998396390036,30051.856977709533,1048.2541343499927,40050.866596235624
254.7999999999898,VALID,25.387602075052275,81.91978176898554,30058.318997567556,1051.5181428096364,40054.273186794824
254.8999999999898,VALID,25.38767808184066,81.91957957381607,30051.75936780298,1052.4332078293812,40042.68068243321
254.9999999999898,VALID,25.387754088352523,81.91937737839194,30054.50637425216,1061.013484223608,40068.282748439364
255.0999999999898,VALID,25.38783009458786,81.91917518271316,30047.365486623243,1046.1514185874437,40052.46145561163
255.19999999998979,VALID,25.387906100546665,81.91897298677974,30067.64566797575,1052.7529884312803,40039.89641302398
255.29999999998978,VALID,25.38798210622894,81.91877079059165,30048.97631391623,1039.935791072394,40061.019926013076
255.39999999998977,VALID,25.38805811163468,81.91856859414892,30051.136009008114,1054.6772784554532,40058.16526539108
255.49999999998977,VALID,25.38813411676389,81.91836639745154,30040.343576509946,1049.5563151358733,40048.5019158218
255.59999999998976,VALID,25.388210121616563,81.91816420049949,30048.120808830856,1040.8913534444548,40054.630023548554
255.69999999998976,VALID,25.3882861261927,81.9179620032928,30032.479219450182,1055.0832602859648,40071.17270372855
255.79999999998975,VALID,25.3883621304923,81.91775980583145,30062.045922197827,1055.4551351113876,40029.252481495074
255.89999999998975,VALID,25.38843813451536,81.91755760811544,30054.959907171175,1072.23708386612,40062.877865751536
255.99999999998974,VALID,25.388514138261883,81.9173554101448,30042.02852798859,1063.278217642797,40047.09194282595
256.09999999998973,VALID,25.38859014173186,81.91715321191948,30042.916080987998,1056.498883328887,40049.42669035323
256.19999999998976,VALID,25.388666144925295,81.91695101343952,30060.806977182376,1041.282538119496,40055.64523883407
256.2999999999898,VALID,25.388742147842184,81.91674881470489,30050.852493386723,1049.6844183266023,40052.34978535383
256.3999999999898,VALID,25.38881815048253,81.9165466157156,30054.34565744002,1056.2546074525967,40046.4886201522
256.4999999999898,VALID,25.388894152846323,81.91634441647167,30054.250990311823,1043.19312624724,40037.10844676454
256.59999999998985,VALID,25.38897015493357,81.91614221697309,30058.113630499378,1056.6467813483403,40033.78022982901
256.69999999998987,VALID,25.389046156744268,81.91594001721984,30041.583179546822,1056.507043725319,40049.31336514401
256.7999999999899,VALID,25.38912215827841,81.91573781721193,30047.183409799887,1036.0087787965701,40055.528966485865
256.8999999999899,VALID,25.389198159536,81.91553561694937,30035.088491541417,1055.6132208776828,40046.312965990335
256.99999999998994,VALID,25.389274160517036,81.91533341643215,30054.54756731411,1046.4956960017882,40062.128096363456
257.09999999998996,VALID,25.389350161221515,81.91513121566027,30061.655294007403,1042.523171134975,40054.323745587
257.19999999999,VALID,25.389426161649435,81.91492901463373,30068.661187695376,1048.2396646699485,40042.6874196724
257.29999999999,VALID,25.3895021618008,81.91472681335253,30053.889370412544,1059.2954490030738,40053.25115446756
257.39999999999003,VALID,25.3895781616756,81.91452461181667,30057.225282611995,1048.4856485747025,40055.87204119806
257.49999999999005,VALID,25.38965416127384,81.91432241002616,30053.33451846215,1041.5746221155964,40062.192497031705
257.5999999999901,VALID,25.389730160595516,81.91412020798099,30058.72885397944,1035.5433073999463,40062.8184233477
257.6999999999901,VALID,25.389806159640624,81.91391800568115,30045.953265277753,1043.4818010015194,40045.28006207809
257.7999999999901,VALID,25.38988215840917,81.91371580312666,30034.88207903871,1030.1510638637537,40041.27485993433
257.89999999999014,VALID,25.389958156901145,81.9135136003175,30049.3905218718,1042.4884731526774,40059.75781308483
257.99999999999017,VALID,25.390034155116552,81.91331139725368,30065.67020971818,1040.851346975614,40070.31350857848
258.0999999999902,VALID,25.39011015305539,81.9131091939352,30054.440130745934,1041.8875799410846,40034.61581691419
258.1999999999902,VALID,25.390186150717653,81.91290699036206,30054.29271336839,1074.4301168144336,40050.47732715257
258.29999999999023,VALID,25.390262148103343,81.91270478653426,30048.67844597533,1041.9464963572625,40060.86279295101
258.39999999999026,VALID,25.390338145212457,81.9125025824518,30062.67773258827,1049.521778253458,40035.81578273281
258.4999999999903,VALID,25.390414142044996,81.91230037811467,30045.278507432333,1049.2737531730506,40056.738402709474
258.5999999999903,VALID,25.390490138600956,81.91209817352288,30060.891449578176,1050.8770503140445,40027.28906426329
258.6999999999903,VALID,25.390566134880338,81.91189596867642,30052.485722062964,1060.5784778506475,40053.71124060238
258.79999999999035,VALID,25.390642130883137,81.9116937635753,30040.222436113785,1051.2021296139783,40028.60547145528
258.89999999999037,VALID,25.390718126609354,81.91149155821952,30050.500569506246,1041.514532352376,40061.45557248094
258.9999999999904,VALID,25.39079412205899,81.91128935260907,30064.540249132868,1063.0397661816996,40058.63827316354
259.0999999999904,VALID,25.390870117232037,81.91108714674397,30054.29224942771,1050.9898619535868,40068.03607765891
259.19999999999044,VALID,25.3909461121285,81.91088494062419,30056.614985590033,1042.9107887353225,40046.2812246614
259.29999999999046,VALID,25.391022106748373,81.91068273424975,30047.19718620463,1062.393897039425,40037.69975368262
259.3999999999905,VALID,25.391098101091657,81.91048052762063,30044.59801039576,1059.0998469758376,40047.0082494725
259.4999999999905,VALID,25.39117409515835,81.91027832073686,30053.859446466275,1054.676468329793,40060.37259272878
259.59999999999053,VALID,25.391250088948453,81.91007611359842,30069.28043589763,1037.3809031051742,40038.454242700376
259.69999999999055,VALID,25.391326082461962,81.9098739062053,30057.39735125868,1052.3126810661206,40061.39979639212
259.7999999999906,VALID,25.391402075698874,81.90967169855753,30060.753873487072,1046.8604822789332,40037.09502951011
259.8999999999906,VALID,25.39147806865919,81.90946949065508,30059.374129632113,1049.346183368911,40053.9308373184
259.9999999999906,VALID,25.39155406134291,81.90926728249798,30070.222933173798,1039.9006064295754,40060.94149365217
260.09999999999064,VALID,25.391630053750028,81.9090650740862,30052.159209348112,1046.6839881747305,40049.92950634007
260.19999999999067,VALID,25.391706045880543,81.90886286541975,30039.860857587097,1051.1321911084804,40067.11064813005
260.2999999999907,VALID,25.39178203773446,81.90866065649863,30055.240721826336,1056.1941099525015,40060.21466021415
260.3999999999907,VALID,25.39185802931177,81.90845844732284,30049.200279909037,1032.8866856174886,40055.03709751646
260.49999999999073,VALID,25.391934020612474,81.90825623789239,30034.26186138543,1045.4471483378786,40033.51179251147
260.59999999999076,VALID,25.39201001163657,81.90805402820726,30035.950040982993,1046.3181023739346,40040.67731200207
260.6999999999908,VALID,25.39208600238406,81.90785181826746,30043.14758811669,1060.0382608184243,40064.954890743225
260.7999999999908,VALID,25.39216199285494,81.907649608073,30066.105721817406,1047.4300703127576,40047.30582548683
260.8999999999908,VALID,25.39223798304921,81.90744739762387,30050.87035953382,1057.5866994843452,40068.07358305441
260.99999999999085,VALID,25.392313972966868,81.90724518692006,30034.75101525273,1046.7524944140494,40048.9740559921
261.09999999999087,VALID,25.39238996260791,81.90704297596159,30042.69598129492,1054.223039780482,40066.42229103812
261.1999999999909,VALID,25.392465951972337,81.90684076474844,30038.843888442825,1061.9195793009492,40039.75423647662
261.2999999999909,VALID,25.39254194106015,81.90663855328062,30048.47740484945,1057.3415901431574,40053.56456493947
261.39999999999094,VALID,25.392617929871342,81.90643634155812,30051.14241892297,1045.2524941368813,40058.113067778984
261.49999999999096,VALID,25.392693918405914,81.90623412958095,30046.116221657558,1046.3712308333618,40023.590431432334
261.599999999991,VALID,25.392769906663865,81.90603191734911,30047.84590562904,1059.2772682645361,40029.6177592683
261.699999999991,VALID,25.392845894645195,81.9058297048626,30057.256374149096,1034.441266514557,40040.34738393592
261.79999999999103,VALID,25.3929218823499,81.90562749212141,30042.80921090927,1043.553349621527,40038.32312896272
261.89999999999105,VALID,25.39299786977798,81.90542527912555,30055.290407074466,1042.8024467650644,40063.34361157136
261.9999999999911,VALID,25.39307385692943,81.90522306587502,30047.64401533295,1055.2629696974225,40061.45033075034
262.0999999999911,VALID,25.393149843804252,81.9050208523698,30030.512713923472,1041.1265374346588,40049.852110325206
262.1999999999911,VALID,25.393225830402447,81.90481863860991,30054.322193866672,1051.7596665412098,40050.88563956815
262.29999999999114,VALID,25.39330181672401,81.90461642459535,30043.26755393159,1055.566522905074,40050.161321811276
262.39999999999117,VALID,25.39337780276894,81.90441421032611,30042.12520999981,1041.1454570203803,40041.752129995475
262.4999999999912,VALID,25.393453788537233,81.9042119958022,30050.727434617897,1045.486072105459,40048.34800895972
262.5999999999912,VALID,25.39352977402889,81.9040097810236,30048.727505541163,1052.846270784908,40055.22768384082
262.69999999999123,VALID,25.39360575924391,81.90380756599033,30065.115329047425,1049.0894066876074,40050.065079407956
262.79999999999126,VALID,25.393681744182295,81.90360535070239,30041.43881461479,1039.581645219976,40062.5186536512
262.8999999999913,VALID,25.393757728844037,81.90340313515976,30047.05659896309,1058.505947698026,40037.058171540906
262.9999999999913,VALID,25.39383371322914,81.90320091936246,30036.786221225808,1054.0589601559432,40055.55954165272
263.0999999999913,VALID,25.393909697337598,81.90299870331049,30058.214160883457,1052.660079597773,40050.20158592607
263.19999999999135,VALID,25.39398568116941,81.90279648700383,30078.35048935517,1056.1597300891706,40055.77705944975
263.29999999999137,VALID,25.39406166472458,81.90259427044249,30039.694933804432,1044.4931044083391,40052.45006358248
263.3999999999914,VALID,25.3941376480031,81.90239205362647,30032.160918550915,1031.793565052952,40052.197800323476
263.4999999999914,VALID,25.39421363100497,81.90218983655578,30049.022936483558,1041.9130725482928,40041.18609168038
263.59999999999144,VALID,25.39428961373019,81.9019876192304,30051.684582863356,1042.9347822597604,40039.62154306705
263.69999999999146,VALID,25.39436559617876,81.90178540165034,30046.024076702895,1048.7641842864161,40040.0762256991
263.7999999999915,VALID,25.394441578350673,81.9015831838156,30038.035610303174,1050.8638212447338,40037.273487810955
263.8999999999915,VALID,25.394517560245934,81.90138096572619,30047.00868621227,1060.37795968182,40039.43462573699
263.99999999999153,VALID,25.394593541864538,81.90117874738209,30039.783849122687,1053.0787314077388,40046.46740585578
264.09999999999155,VALID,25.394669523206485,81.9009765287833,30048.470228090355,1051.5495436108117,40059.491881018745
264.1999999999916,VALID,25.394745504271775,81.90077430992984,30051.977404798938,1058.8669750199713,40051.860329897645
264.2999999999916,VALID,25.394821485060405,81.9005720908217,30056.898774441896,1052.8127299041507,40048.025909612414
264.3999999999916,VALID,25.39489746557237,81.90036987145886,30059.95347933602,1042.485767232449,40040.217477209764
264.49999999999164,VALID,25.394973445807672,81.90016765184136,30070.058766524613,1061.6886871062713,40057.54967410081
264.59999999999167,VALID,25.39504942576631,81.89996543196916,30040.624160012612,1037.3298291269389,40050.978584915865
264.6999999999917,VALID,25.39512540544828,81.89976321184228,30058.376682513233,1034.8411135184003,40064.97805156945
264.7999999999917,VALID,25.395201384853582,81.89956099146072,30046.162862125286,1041.2952984309482,40055.68706244505
264.89999999999173,VALID,25.395277363982217,81.89935877082448,30045.59156779604,1038.565303962115,40061.50190246897
264.99999999999176,VALID,25.39535334283418,81.89915654993355,30053.583161908027,1048.321533075694,40053.666904811
265.0999999999918,VALID,25.395429321409473,81.89895432878794,30049.739439583413,1052.6505618701165,40075.475648988206
265.1999999999918,VALID,25.39550529970809,81.89875210738764,30051.710560220254,1033.6733891667552,40037.70108663296
265.2999999999918,VALID,25.395581277730034,81.89854988573265,30068.798670518143,1048.662507999614,40039.98056190606
265.39999999999185,VALID,25.3956572554753,81.89834766382297,30050.349423699645,1046.8042616310674,40056.208962123295
265.49999999999187,VALID,25.39573323294389,81.89814544165861,30041.998677580643,1028.6203053679749,40056.326013129554
265.5999999999919,VALID,25.3958092101358,81.89794321923956,30056.31540592803,1037.8395175110015,40048.833397202354
265.6999999999919,VALID,25.395885187051025,81.89774099656583,30042.809872528556,1030.1984188620186,40061.096587467255
265.79999999999194,VALID,25.39596116368957,81.89753877363741,30033.835973585712,1042.3055245454823,40070.576810338
265.89999999999196,VALID,25.396037140051433,81.8973365504543,30045.017759649098,1068.8973565132571,40025.2275609019
265.999999999992,VALID,25.39611311613661,81.8971343270165,30033.070470371433,1063.050208557109,40037.605805269275
266.099999999992,VALID,25.3961890919451,81.89693210332402,30038.541865288003,1036.320477672637,40048.54390183732
266.19999999999203,VALID,25.396265067476904,81.89672987937685,30045.36498178858,1036.528673060721,40041.76101658516
266.29999999999205,VALID,25.396341042732015,81.89652765517499,30062.68888975437,1051.143161328815,40049.228480537
266.3999999999921,VALID,25.396417017710437,81.89632543071843,30054.613439671786,1065.4705659373133,40067.41889909538
266.4999999999921,VALID,25.396492992412167,81.89612320600719,30047.037671793554,1050.601020919459,40044.17796794723
266.5999999999921,VALID,25.3965689668372,81.89592098104126,30045.153280825645,1044.6537628040803,40054.193883163345
266.69999999999214,VALID,25.39664494098554,81.89571875582064,30046.515855853555,1049.978975394656,40042.1653612337
266.79999999999217,VALID,25.39672091485718,81.89551653034532,30043.150491768134,1059.565818621121,40054.31065086606
266.8999999999922,VALID,25.396796888452123,81.89531430461531,30060.538042879634,1068.4726112249127,40044.73355835145
266.9999999999922,VALID,25.396872861770365,81.89511207863062,30051.324954172986,1041.6649026001885,40052.97177906779
267.09999999999224,VALID,25.39694883481191,81.89490985239122,30051.203757184314,1041.8395449299937,40051.339953159186
267.19999999999226,VALID,25.39702480757675,81.89470762589714,30047.10953958134,1065.6289745440095,40042.530814950915
267.2999999999923,VALID,25.397100780064882,81.89450539914837,30065.177886769503,1058.6004758707786,40049.80620502262
267.3999999999923,VALID,25.397176752276312,81.8943031721449,30054.74369539292,1045.1890616325788,40051.54167525089
267.4999999999923,VALID,25.397252724211032,81.89410094488674,30065.29761163186,1039.6170404519976,40051.20003063927
267.59999999999235,VALID,25.397328695869046,81.89389871737389,30047.86244622128,1043.889397913764,40056.97543955873
267.6999999999924,VALID,25.39740466725035,81.89369648960634,30044.636554662717,1053.2908418347038,40044.202055275644
267.7999999999924,VALID,25.397480638354942,81.8934942615841,30045.130344513684,1034.376899473636,40032.52261418413
267.8999999999924,VALID,25.39755660918282,81.89329203330716,30047.07182354003,1047.3660361644413,40045.56112015785
267.99999999999244,VALID,25.397632579733983,81.89308980477553,30052.313719471647,1043.449831286235,40048.74720312576
268.09999999999246,VALID,25.39770855000843,81.8928875759892,30052.976705065747,1053.3031910221002,40042.254497293645
268.1999999999925,VALID,25.397784520006162,81.89268534694818,30046.25389097927,1048.5980926689479,40047.90168507999
268.2999999999925,VALID,25.397860489727172,81.89248311765246,30048.629653750955,1045.8750332964005,40045.57092561443
268.39999999999253,VALID,25.39793645917146,81.89228088810205,30053.36781631752,1048.9752474660713,40048.404244684134
268.49999999999255,VALID,25.39801242833903,81.89207865829694,30046.02608061061,1063.249864624889,40044.819836890376
268.5999999999926,VALID,25.398088397229873,81.89187642823713,30047.43260305224,1055.852348746175,40031.35705469177
268.6999999999926,VALID,25.398164365843993,81.89167419792263,30062.71790419682,1043.4937771626514,40062.412964042254
268.7999999999926,VALID,25.398240334181388,81.89147196735343,30057.78349459752,1056.3887432069125,40050.525772794295
268.89999999999264,VALID,25.398316302242055,81.89126973652952,30072.43883491508,1037.4726139752177,40049.39802225405
268.99999999999267,VALID,25.39839227002599,81.89106750545092,30047.57839396807,1037.895622890219,40039.31233111777
269.0999999999927,VALID,25.398468237533198,81.89086527411762,30059.271791087107,1036.0593845569808,40068.83524074561
269.1999999999927,VALID,25.39854420476367,81.89066304252962,30051.605833196645,1062.280373958522,40064.614470359964
269.29999999999274,VALID,25.39862017171741,81.89046081068693,30027.182580287492,1046.566809046379,40054.937256593184
269.39999999999276,VALID,25.398696138394417,81.89025857858954,30057.28904617716,1041.0963334883365,40028.89979108028
269.4999999999928,VALID,25.398772104794684,81.89005634623744,30046.96809630008,1046.6741095478073,40064.651233455756
269.5999999999928,VALID,25.398848070918213,81.88985411363065,30071.947866839942,1047.2754153460073,40039.77126893664
269.6999999999928,VALID,25.398924036765003,81.88965188076915,30042.289745198297,1059.2278395601006,40054.73784248069
269.79999999999285,VALID,25.39900000233505,81.88944964765295,30043.11098462592,1052.060993163333,40060.957345208306
269.8999999999929,VALID,25.399075967628356,81.88924741428205,30046.326888362324,1040.4206321740144,40034.738218227634
269.9999999999929,VALID,25.39915193264492,81.88904518065645,30053.622750907147,1045.5274002444487,40065.175173072785
270.0999999999929,VALID,25.399227897384737,81.88884294677615,30045.3922889758,1035.739541504046,40048.28696646927
270.19999999999294,VALID,25.399303861847805,81.88864071264115,30036.583024047733,1076.7280632208226,40029.63383845317
270.29999999999296,VALID,25.399379826034128,81.88843847825144,30051.642833413083,1050.0863234839553,40027.24225713947
270.399999999993,VALID,25.399455789943698,81.88823624360703,30051.870602593608,1051.5879096303377,40048.93454199957
270.499999999993,VALID,25.399531753576518,81.8880340087079,30059.597601950805,1030.545893883019,40046.93608048548
270.59999999999303,VALID,25.399607716932586,81.88783177355408,30064.77436430369,1035.9197253768457,40051.072972654925
270.69999999999305,VALID,25.399683680011897,81.88762953814556,30052.306595758568,1049.5042609075974,40048.11083057602
270.7999999999931,VALID,25.399759642814452,81.88742730248234,30044.496994454126,1047.3877303757981,40062.55214463927
270.8999999999931,VALID,25.39983560534025,81.8872250665644,30056.0793101971,1067.3788808047416,40048.04175756297
270.9999999999931,VALID,25.399911567589292,81.88702283039176,30052.115172149694,1052.5957500681889,40055.019478475784
271.09999999999314,VALID,25.39998752956157,81.88682059396442,30046.421212182697,1055.0660744425318,40051.429183890024
271.19999999999317,VALID,25.40006349125709,81.88661835728236,30061.848783271886,1054.173519612498,40059.55981307252
271.2999999999932,VALID,25.400139452675845,81.8864161203456,30057.705211196975,1039.5018804132826,40030.061470806664
271.3999999999932,VALID,25.400215413817836,81.88621388315414,30041.366320458077,1042.3506947894587,40058.22385153463
271.49999999999324,VALID,25.40029137468306,81.88601164570797,30049.487655688048,1041.750489277821,40047.430350576935
271.59999999999326,VALID,25.40036733527152,81.88580940800709,30055.800996222002,1047.6401475385212,40044.4291562881
271.6999999999933,VALID,25.400443295583205,81.8856071700515,30064.20066321698,1055.0925183312172,40045.31807777142
271.7999999999933,VALID,25.40051925561812,81.88540493184121,30044.16003733954,1044.2475436695581,40044.55794171273
271.8999999999933,VALID,25.400595215376267,81.8852026933762,30067.287371881393,1045.35676251044,40039.95400118839
271.99999999999335,VALID,25.40067117485764,81.88500045465649,30047.009596140993,1050.822004017902,40050.884443898445
272.0999999999934,VALID,25.400747134062232,81.88479821568207,30051.57397923865,1041.5117065972504,40038.67272465485
272.1999999999934,VALID,25.400823092990052,81.88459597645294,30030.802890171497,1055.2063004089832,40051.83843665587
272.2999999999934,VALID,25.400899051641094,81.8843937369691,30045.156568822964,1053.5085831396486,40052.7490227322
272.39999999999344,VALID,25.400975010015355,81.88419149723055,30040.140820191828,1036.6151157498578,40034.724705761146
272.49999999999346,VALID,25.401050968112834,81.88398925723729,30054.080332556707,1053.1428292612045,40050.22364430985
272.5999999999935,VALID,25.401126925933532,81.88378701698932,30032.707711198484,1045.6471561572018,40055.961455861776
272.6999999999935,VALID,25.401202883477445,81.88358477648663,30050.52483456421,1058.3571176976898,40052.27354953576
272.79999999999353,VALID,25.401278840744574,81.88338253572923,30055.132626317074,1058.9600851845116,40058.81081186771
272.89999999999355,VALID,25.401354797734914,81.88318029471712,30068.11653464043,1046.1972051021917,40062.78943087551
272.9999999999936,VALID,25.401430754448466,81.8829780534503,30055.811149112174,1037.8673061200916,40046.92503226588
273.0999999999936,VALID,25.40150671088523,81.88277581192877,30040.36849400234,1062.0139675514095,40049.87834006516
273.1999999999936,VALID,25.4015826670452,81.88257357015252,30054.790879436452,1037.752330023799,40037.13997909268
273.29999999999364,VALID,25.401658622928377,81.88237132812155,30046.129100711885,1052.0925237972467,40050.28549347898
273.39999999999367,VALID,25.40173457853476,81.88216908583587,30045.364027347383,1060.3661102570559,40056.68666700012
273.4999999999937,VALID,25.401810533864346,81.88196684329549,30044.761925038012,1059.7476796441756,40045.21029616493
273.5999999999937,VALID,25.401886488917135,81.88176460050039,30061.942500189478,1043.597446456602,40038.64902314003
273.69999999999374,VALID,25.401962443693126,81.88156235745058,30052.477906490145,1047.5627783760285,40027.590031293475
273.79999999999376,VALID,25.402038398192314,81.88136011414605,30066.987512429834,1035.0391334705648,40029.235724026345
273.8999999999938,VALID,25.402114352414703,81.8811578705868,30050.831531207787,1051.4726801753302,40074.66200809424
273.9999999999938,VALID,25.402190306360286,81.88095562677285,30058.02928648374,1049.0244095041578,40069.68992921098
274.0999999999938,VALID,25.402266260029066,81.88075338270417,30062.087608090238,1043.6007328567946,40046.07333961191
274.19999999999385,VALID,25.40234221342104,81.88055113838077,30048.70264259003,1064.3578900295704,40055.08012423976
274.2999999999939,VALID,25.402418166536204,81.88034889380265,30046.6026364548,1070.310374642514,40060.72445457818
274.3999999999939,VALID,25.40249411937456,81.88014664896981,30055.630428306922,1041.0873857907882,40075.89553863374
274.4999999999939,VALID,25.402570071936104,81.87994440388226,30040.728702490753,1049.8743172477782,40062.17832666531
274.59999999999394,VALID,25.402646024220836,81.87974215854,30055.139533143014,1050.1881964553847,40037.21554234569
274.69999999999396,VALID,25.402721976228754,81.87953991294302,30032.79065318894,1043.8630588366389,40052.84025410316
274.799999999994,VALID,25.402797927959856,81.8793376670913,30064.539778245777,1059.019838232347,40039.17464181006
274.899999999994,VALID,25.40287387941414,81.87913542098488,30051.983626668276,1040.1376951957116,40055.763317513345
274.99999999999403,VALID,25.40294983059161,81.87893317462374,30059.101525886366,1054.8251124075528,40056.869970451546
275.09999999999405,VALID,25.403025781492257,81.87873092800787,30061.096242025327,1060.361827383493,40066.044644020134
275.1999999999941,VALID,25.403101732116085,81.87852868113728,30060.379980291465,1045.2265575917597,40051.20871055812
275.2999999999941,VALID,25.403177682463088,81.87832643401198,30026.834399981133,1051.279748711831,40051.69203535368
275.3999999999941,VALID,25.403253632533268,81.87812418663195,30054.399354303026,1060.420675936032,40037.81698547076
275.49999999999415,VALID,25.40332958232662,81.8779219389972,30031.39980095624,1061.2086325066578,40045.696122012465
275.59999999999417,VALID,25.403405531843145,81.87771969110774,30049.419922770714,1053.9997650131647,40036.63690239104
275.6999999999942,VALID,25.403481481082842,81.87751744296355,30052.476338927976,1033.7372613538378,40039.437467537624
275.7999999999942,VALID,25.40355743004571,81.87731519456464,30049.142758777398,1042.2454770490613,40052.247153937766
275.89999999999424,VALID,25.403633378731744,81.87711294591101,30060.805505541317,1056.7957688562049,40030.212445497185
275.99999999999426,VALID,25.403709327140945,81.87691069700266,30031.601100223645,1055.8389293892449,40058.265928817076
276.0999999999943,VALID,25.40378527527331,81.87670844783958,30048.90941979357,1058.1552560532034,40048.52685164196
276.1999999999943,VALID,25.40386122312884,81.87650619842177,30047.816172066254,1055.4128932372732,40059.22235933085
276.2999999999943,VALID,25.40393717070753,81.87630394874924,30047.001696235344,1038.9393128617533,40059.80242592789
276.39999999999435,VALID,25.40401311800938,81.87610169882198,30028.600245119524,1053.625940473421,40035.239959579885
276.4999999999944,VALID,25.40408906503439,81.87589944864,30048.72881347894,1036.0793538789437,40043.9150406505
276.5999999999944,VALID,25.40416501178256,81.8756971982033,30060.814121763804,1035.719595686043,40064.5321373829
276.6999999999944,VALID,25.404240958253883,81.87549494751187,30066.82661507538,1052.247841014689,40060.756869164004
276.79999999999444,VALID,25.40431690444836,81.87529269656571,30065.39204504019,1067.4259135801115,40064.696692870784
276.89999999999446,VALID,25.404392850365994,81.87509044536482,30050.837060700804,1054.1283855121767,40042.487175322014
276.9999999999945,VALID,25.40446879600678,81.87488819390921,30037.468652186348,1040.6430079972074,40044.543591739464
277.0999999999945,VALID,25.40454474137071,81.87468594219888,30045.387991791627,1049.0617312053269,40040.29445493105
277.19999999999453,VALID,25.404620686457793,81.87448369023382,30043.16243001701,1046.6057102158125,40047.19793704935
277.29999999999455,VALID,25.404696631268024,81.87428143801402,30053.207851536918,1049.6738609793479,40043.25530292598
277.3999999999946,VALID,25.4047725758014,81.8740791855395,30057.060157728898,1062.6762138569811,40046.031794447554
277.4999999999946,VALID,25.404848520057918,81.87387693281025,30039.799429024344,1055.262433538515,40055.54801572032
277.5999999999946,VALID,25.404924464037578,81.87367467982627,30045.7980902819,1040.930647166867,40043.688860297225
277.69999999999465,VALID,25.405000407740378,81.87347242658755,30041.864849575428,1050.464724836144,40043.211033224485
277.79999999999467,VALID,25.40507635116632,81.87327017309411,30052.434017358417,1056.711840980521,40049.04222849536
277.8999999999947,VALID,25.405152294315396,81.87306791934594,30050.663412006495,1027.2619280924225,40041.55222212288
277.9999999999947,VALID,25.40522823718761,81.87286566534304,30031.146426646133,1047.1755908472946,40053.52243106148
278.09999999999474,VALID,25.405304179782963,81.87266341108541,30047.35144360781,1044.2054525330839,40055.138568627815
278.19999999999476,VALID,25.405380122101448,81.87246115657305,30052.340236125383,1049.0256902498706,40042.24884757457
278.2999999999948,VALID,25.405456064143063,81.87225890180596,30042.116551733357,1083.697546075612,40062.02600691517
278.3999999999948,VALID,25.40553200590781,81.87205664678415,30063.894591329583,1036.8112798458246,40049.29788773606
278.4999999999948,VALID,25.405607947395684,81.8718543915076,30025.281334724397,1066.8919483384598,40041.081856713485
278.59999999999485,VALID,25.405683888606685,81.8716521359763,30051.04833164491,1051.1355955157455,40048.692388524425
278.6999999999949,VALID,25.405759829540813,81.87144988019028,30042.77049433027,1046.3493699068572,40045.9028001301
278.7999999999949,VALID,25.405835770198067,81.87124762414953,30060.666442470414,1045.834503076349,40032.37956611696
278.8999999999949,VALID,25.405911710578444,81.87104536785405,30050.83000687464,1047.0418717882878,40051.94520961088
278.99999999999494,VALID,25.40598765068194,81.87084311130383,30057.32275240773,1052.0599141783277,40059.02037247387
279.09999999999496,VALID,25.406063590508555,81.87064085449887,30046.73867549853,1038.5645897358668,40049.8480361691
279.199999999995,VALID,25.40613953005829,81.87043859743919,30055.568673064285,1066.7598533157818,40043.98306675891
279.299999999995,VALID,25.40621546933114,81.87023634012476,30045.063268394002,1066.1138084776628,40043.94514838328
279.39999999999503,VALID,25.406291408327107,81.8700340825556,30047.478464049284,1035.6234090231383,40049.39387231217
279.49999999999505,VALID,25.40636734704619,81.8698318247317,30034.63097297398,1048.2475482810817,40046.42764396084
279.5999999999951,VALID,25.406443285488383,81.86962956665307,30035.211125725287,1046.311772017141,40062.479014676435
279.6999999999951,VALID,25.406519223653685,81.86942730831971,30048.79031152566,1041.9869771912668,40049.750732465414
279.7999999999951,VALID,25.406595161542096,81.86922504973161,30064.023984871288,1048.3304443727127,40060.541282674814
279.89999999999515,VALID,25.406671099153616,81.86902279088876,30057.527181152345,1037.6866895855528,40035.88131751571
279.99999999999517,VALID,25.40674703648824,81.86882053179119,30062.595522151987,1047.243257965421,40056.35044831239
280.0999999999952,VALID,25.40682297354597,81.86861827243887,30039.779588013345,1035.9637650347734,40038.11759938544
280.1999999999952,VALID,25.406898910326806,81.86841601283182,30048.128787546586,1033.9686463058026,40050.78428908978
280.29999999999524,VALID,25.406974846830742,81.86821375297002,30046.781551678923,1047.2538746443797,40044.747113625446
280.39999999999526,VALID,25.407050783057777,81.86801149285348,30030.20137824154,1035.68046265434,40053.21667069002
280.4999999999953,VALID,25.40712671900791,81.86780923248222,30034.44925530386,1049.1417636752428,40051.35215034988
280.5999999999953,VALID,25.40720265468114,81.8676069718562,30044.08536626917,1052.8731762285627,40051.386027054454
280.6999999999953,VALID,25.407278590077464,81.86740471097545,30036.190615716263,1049.5566312846372,40059.180086878056
280.79999999999535,VALID,25.407354525196883,81.86720244983995,30061.264981234795,1051.805947543827,40050.97161744785
280.8999999999954,VALID,25.407430460039393,81.86700018844972,30048.750003710607,1050.0601116568894,40062.35172390619
280.9999999999954,VALID,25.407506394604994,81.86679792680475,30066.77858124928,1064.0232005056075,40045.4613024512
281.0999999999954,VALID,25.407582328893685,81.86659566490503,30054.41285614859,1060.4150659774402,40070.08198923813
281.19999999999544,VALID,25.407658262905464,81.86639340275057,30057.005793430726,1039.249636222962,40039.56859022708
281.29999999999546,VALID,25.40773419664033,81.86619114034137,30056.040919083294,1056.601193637893,40053.41157175563
281.3999999999955,VALID,25.40781013009828,81.86598887767742,30060.323108249297,1052.057604231628,40057.20649518097
281.4999999999955,VALID,25.407886063279314,81.86578661475873,30068.802018564344,1063.2219607050506,40061.92590524821
281.59999999999553,VALID,25.407961996183428,81.8655843515853,30049.063139053054,1049.866707467776,40063.2991470596
281.69999999999555,VALID,25.40803792881062,81.86538208815712,30043.477114425867,1046.9658006953769,40047.55469388908
281.7999999999956,VALID,25.408113861160896,81.8651798244742,30061.261144810764,1043.9790127648662,40025.56290668735
281.8999999999956,VALID,25.408189793234246,81.86497756053653,30031.698796224515,1051.0152702587645,40047.35455974574
281.9999999999956,VALID,25.408265725030674,81.86477529634412,30054.477622825325,1065.5018754901193,40035.03037642309
282.09999999999565,VALID,25.408341656550174,81.86457303189697,30061.215046010624,1051.6483077183434,40053.56206900549
282.19999999999567,VALID,25.408417587792748,81.86437076719507,30042.471766559698,1045.05177497684,40045.6813401397
282.2999999999957,VALID,25.40849351875839,81.86416850223843,30053.498953902752,1025.9949868326987,40044.952763202
282.3999999999957,VALID,25.408569449447103,81.86396623702704,30050.67550691893,1050.2136742463153,40062.49329219779
282.49999999999574,VALID,25.408645379858886,81.8637639715609,30051.907376323114,1042.8982549110422,40055.61636347929
282.59999999999576,VALID,25.408721309993734,81.86356170584001,30051.161230126745,1048.1095421032558,40043.35978988169
282.6999999999958,VALID,25.408797239851644,81.86335943986438,30063.49441660117,1029.6229237056755,40054.33441417231
282.7999999999958,VALID,25.40887316943262,81.86315717363401,30039.986293437607,1048.1570908129652,40044.73727843466
282.8999999999958,VALID,25.408949098736656,81.86295490714888,30043.107570129567,1047.543678511629,40055.13284884487
282.99999999999585,VALID,25.409025027763754,81.862752640409,30041.921923695605,1038.088232300052,40056.03454914697
283.0999999999959,VALID,25.40910095651391,81.86255037341436,30042.693455785862,1054.1214811923744,40069.36996573211
283.1999999999959,VALID,25.409176884987122,81.86234810616499,30060.21141040966,1044.0994684879258,40055.75242225955
283.2999999999959,VALID,25.40925281318339,81.86214583866087,30045.80497164246,1062.2497293370727,40050.709211916954
283.39999999999594,VALID,25.409328741102712,81.86194357090199,30066.326370000246,1056.730390888225,40053.42253098516
283.49999999999596,VALID,25.409404668745086,81.86174130288836,30066.618295521686,1056.6792443891436,40050.96239503666
283.599999999996,VALID,25.409480596110512,81.86153903461998,30037.563201324658,1046.4534597044271,40071.53394909367
283.699999999996,VALID,25.409556523198987,81.86133676609685,30046.58305656356,1071.0237393304606,40043.901583704
283.79999999999603,VALID,25.40963245001051,81.86113449731897,30054.489411926355,1053.6288494972084,40035.51528591664
283.89999999999606,VALID,25.409708376545076,81.86093222828634,30034.16440281569,1053.50353293536,40068.70999310459
283.9999999999961,VALID,25.409784302802688,81.86072995899896,30055.117997328183,1048.6077072881728,40036.73305992951
284.0999999999961,VALID,25.409860228783344,81.86052768945682,30050.038432994817,1052.4238442005824,40054.713471620504
284.1999999999961,VALID,25.409936154487042,81.86032541965993,30046.97090776446,1054.3888476594675,40046.615823410066
284.29999999999615,VALID,25.41001207991378,81.86012314960828,30032.706691287236,1041.3451759220259,40047.31330887594
284.39999999999617,VALID,25.410088005063557,81.85992087930188,30055.14050218855,1062.4919208605452,40033.136138422225
284.4999999999962,VALID,25.41016392993637,81.85971860874072,30040.971970819548,1051.5943954335849,40037.56442968336
284.5999999999962,VALID,25.410239854532218,81.85951633792482,30049.948241347414,1043.364020121423,40048.74960797462
284.69999999999624,VALID,25.4103157788511,81.85931406685415,30032.755477621457,1041.9227610327755,40039.452368483035
284.79999999999626,VALID,25.410391702893016,81.85911179552873,30052.903145305678,1042.2889308166702,40035.6862410782
284.8999999999963,VALID,25.41046762665796,81.85890952394855,30053.67610869733,1036.9645436241858,40058.186410229326
284.9999999999963,VALID,25.410543550145935,81.85870725211362,30036.908446030575,1047.9264995514495,40036.880601777055
285.0999999999963,VALID,25.410619473356938,81.85850498002392,30054.142588012728,1057.138711220122,40044.19983374686
285.19999999999635,VALID,25.410695396290965,81.85830270767947,30042.627562356032,1043.0728501388048,40046.44457901337
285.2999999999964,VALID,25.41077131894802,81.85810043508026,30068.174052134436,1057.076093265209,40036.22560087956
285.3999999999964,VALID,25.410847241328096,81.85789816222629,30034.3343023587,1034.5413154022178,40047.32827343755
285.4999999999964,VALID,25.410923163431193,81.85769588911757,30041.22357765334,1050.1432505833393,40045.14353451147
285.59999999999644,VALID,25.41099908525731,81.85749361575408,30061.873688297903,1052.6588063745376,40043.10098613733
285.69999999999646,VALID,25.411075006806445,81.85729134213584,30049.391781388113,1050.2224873733692,40046.11879510677
285.7999999999965,VALID,25.411150928078598,81.85708906826284,30038.762056775275,1046.182596362964,40051.0318977497
285.8999999999965,VALID,25.411226849073767,81.85688679413508,30039.24697794152,1061.965972470346,40057.58962877393
285.99999999999653,VALID,25.41130276979195,81.85668451975256,30059.981869258758,1042.4010239645743,40040.496099876254
286.09999999999656,VALID,25.411378690233143,81.85648224511529,30049.72219552983,1043.7024724224877,40051.62106012593
286.1999999999966,VALID,25.411454610397346,81.85627997022326,30047.18112950843,1032.3465275770714,40058.21245159798
286.2999999999966,VALID,25.41153053028456,81.85607769507645,30056.258560900693,1036.3636204658,40047.36367221767
286.3999999999966,VALID,25.411606449894776,81.85587541967489,30054.049694420835,1065.4685537650869,40057.13966267386
286.49999999999665,VALID,25.411682369228004,81.85567314401857,30063.58232988507,1052.7763927048118,40061.914592137444
286.59999999999667,VALID,25.411758288284233,81.85547086810749,30047.426042584764,1042.8128026226773,40057.9505297469
286.6999999999967,VALID,25.411834207063464,81.85526859194164,30070.98623283067,1044.270954729236,40055.11477604628
286.7999999999967,VALID,25.411910125565697,81.85506631552103,30039.080463776474,1045.2775041761738,40053.81005929807
286.89999999999674,VALID,25.41198604379093,81.85486403884565,30049.77253029898,1061.603873982842,40023.522635483925
286.99999999999676,VALID,25.41206196173916,81.85466176191551,30042.851505241313,1050.7745161506448,40047.00578893748
287.0999999999968,VALID,25.412137879410388,81.85445948473061,30038.105226871005,1044.4677634737227,40035.44192317369
287.1999999999968,VALID,25.41221379680461,81.85425720729094,30047.66420944086,1046.9741929599177,40033.82056848445
287.2999999999968,VALID,25.412289713921826,81.85405492959651,30054.685252852385,1040.4309071144305,40056.94349433187
287.39999999999685,VALID,25.412365630762032,81.85385265164732,30051.564798799034,1051.005283738061,40041.899208253846
287.4999999999969,VALID,25.41244154732523,81.85365037344334,30048.410374696767,1047.3159568322815,40048.153612128735
287.5999999999969,VALID,25.412517463611415,81.85344809498461,30062.843735127633,1056.3830821994015,40043.29768777394
287.6999999999969,VALID,25.41259337962059,81.85324581627111,30038.569234230617,1059.2268603819568,40062.152886712975
287.79999999999694,VALID,25.412669295352746,81.85304353730285,30033.28333431138,1060.945690403259,40050.063348408796
287.89999999999696,VALID,25.412745210807888,81.85284125807982,30047.381424929335,1052.9500914517819,40045.94518150699
287.999999999997,VALID,25.412821125986014,81.85263897860202,30073.553986564606,1064.3898960290355,40053.795570288035
288.099999999997,VALID,25.41289704088712,81.85243669886945,30057.895282939186,1057.2713825302935,40068.41408631368
288.19999999999703,VALID,25.412972955511204,81.85223441888212,30030.95194694343,1056.3036785933741,40049.075665094344
288.29999999999706,VALID,25.413048869858265,81.85203213864001,30062.278436858483,1054.270127294001,40052.05881788894
288.3999999999971,VALID,25.413124783928303,81.85182985814313,30058.318889134793,1049.83023638192,40030.25210295878
288.4999999999971,VALID,25.413200697721315,81.85162757739148,30036.74377650675,1042.4315431385469,40054.78178789073
288.5999999999971,VALID,25.4132766112373,81.85142529638507,30051.127623292,1073.0803475882344,40034.796502666446
288.69999999999715,VALID,25.413352524476256,81.85122301512389,30029.70414916173,1043.0413364660724,40054.817860795825
288.79999999999717,VALID,25.41342843743818,81.85102073360794,30050.044089060902,1057.1262739502338,40051.821454493336
288.8999999999972,VALID,25.413504350123077,81.85081845183721,30035.70489055815,1047.839009327191,40046.6355612417
288.9999999999972,VALID,25.41358026253094,81.85061616981172,30044.75786102149,1055.783740495769,40030.769726723265
289.09999999999724,VALID,25.413656174661764,81.85041388753145,30051.994281595227,1042.440079771964,40064.829457914595
289.19999999999726,VALID,25.41373208651555,81.8502116049964,30056.148765427988,1061.295241865489,40050.811176281546
289.2999999999973,VALID,25.413807998092302,81.85000932220659,30051.489514289347,1052.1748800521723,40056.61591531363
289.3999999999973,VALID,25.413883909392013,81.849807039162,30059.186083206987,1039.54036422577,40051.669960589126
289.4999999999973,VALID,25.413959820414682,81.84960475586264,30053.207619112905,1074.183580643062,40047.842322235614
289.59999999999735,VALID,25.414035731160308,81.8494024723085,30058.08036620403,1051.52966601955,40046.45238780897
289.6999999999974,VALID,25.41411164162889,81.84920018849958,30043.949215269517,1044.533712730619,40053.82144985291
289.7999999999974,VALID,25.414187551820426,81.84899790443589,30054.617113806704,1044.0950985143886,40059.99202414143
289.8999999999974,VALID,25.41426346173491,81.84879562011743,30037.219086961974,1033.039817429118,40051.82767361433
289.99999999999744,VALID,25.41433937137235,81.8485933355442,30047.28427337863,1058.4876215135619,40056.57560477416
290.09999999999746,VALID,25.414415280732737,81.84839105071617,30052.868889833324,1048.2764157252452,40056.56116928569
290.1999999999975,VALID,25.414491189816072,81.84818876563338,30057.013418805454,1056.6196507535844,40050.79556019818
290.2999999999975,VALID,25.414567098622353,81.84798648029582,30067.647077746897,1067.5573731884201,40060.96546052854
290.39999999999753,VALID,25.41464300715158,81.84778419470346,30040.563039835408,1073.7192794466484,40048.086547695704
290.49999999999756,VALID,25.414718915403746,81.84758190885634,30058.3792641768,1067.683723372333,40068.77691944928
290.5999999999976,VALID,25.414794823378855,81.84737962275445,30057.638005749595,1046.4952040262121,40050.58530918512
290.6999999999976,VALID,25.414870731076903,81.84717733639776,30043.29074808151,1044.2885641786488,40036.006801496565
290.7999999999976,VALID,25.414946638497888,81.84697504978631,30034.673192637863,1053.3509397429275,40052.98704418537
290.89999999999765,VALID,25.41502254564181,81.84677276292007,30055.67790141083,1054.4372711201827,40053.67651356541
290.99999999999767,VALID,25.41509845250867,81.84657047579906,30054.146523519674,1041.0351079131817,40080.47912156156
291.0999999999977,VALID,25.415174359098458,81.84636818842326,30064.771309244683,1051.9013996362648,40057.0590459431
291.1999999999977,VALID,25.415250265411178,81.84616590079267,30051.092160405926,1039.1983524329482,40075.34927532697
291.29999999999774,VALID,25.41532617144683,81.84596361290731,30047.56816609309,1074.2722950387551,40038.010558379116
291.39999999999776,VALID,25.415402077205407,81.84576132476717,30055.715373111314,1044.5897696169209,40033.25916348439
291.4999999999978,VALID,25.415477982686912,81.84555903637224,30077.930321004485,1043.8762209454503,40035.72618601433
291.5999999999978,VALID,25.415553887891345,81.84535674772253,30054.78462558234,1048.1360416750433,40056.70580491861
291.69999999999783,VALID,25.4156297928187,81.84515445881804,30066.163993903567,1038.558072785254,40063.04244846293
291.79999999999785,VALID,25.415705697468976,81.84495216965877,30043.18205875903,1051.8623818659494,40043.18111877666
291.8999999999979,VALID,25.415781601842173,81.84474988024472,30052.864760599,1046.7722829762888,40062.22399224502
291.9999999999979,VALID,25.415857505938288,81.84454759057589,30061.616975764115,1050.2900992196298,40057.217012550034
292.0999999999979,VALID,25.415933409757322,81.84434530065226,30047.99002275944,1047.969782792565,40048.575956477056
292.19999999999794,VALID,25.41600931329927,81.84414301047386,30036.68148891717,1035.852245630514,40044.9037841387
292.29999999999797,VALID,25.41608521656413,81.84394072004066,30051.61696455382,1064.6802288863678,40032.30099659204
292.399999999998,VALID,25.416161119551905,81.84373842935268,30050.95185126227,1037.646037279977,40063.28479075756
292.499999999998,VALID,25.41623702226259,81.84353613840992,30058.16818292019,1068.7441830825676,40053.48024156039
292.59999999999803,VALID,25.416312924696182,81.84333384721236,30047.155807862575,1049.1444302015555,40060.27537819295
292.69999999999806,VALID,25.416388826852685,81.84313155576002,30059.816544238107,1045.9624183805533,40057.18876712021
292.7999999999981,VALID,25.416464728732095,81.8429292640529,30060.113329568983,1032.8702906300307,40049.07395697364
292.8999999999981,VALID,25.416540630334406,81.84272697209099,30039.69021070203,1041.460712919734,40046.8117336098
292.9999999999981,VALID,25.41661653165962,81.84252467987429,30035.930111589118,1067.7007656653348,40050.65940021979
293.09999999999815,VALID,25.416692432707737,81.8423223874028,30044.872116779537,1063.1084279611532,40064.47601649005
293.19999999999817,VALID,25.416768333478753,81.84212009467653,30043.172362163637,1050.4455321264916,40065.73566111401
293.2999999999982,VALID,25.416844233972665,81.84191780169547,30062.194498252935,1042.3648544520781,40045.95179385841
293.3999999999982,VALID,25.41692013418947,81.84171550845961,30036.83998803542,1040.7595558635926,40053.348859082755
293.49999999999824,VALID,25.416996034129173,81.84151321496897,30049.768073388925,1060.1984190158487,40060.53639516283
293.59999999999826,VALID,25.417071933791767,81.84131092122354,30055.425378557185,1044.6587947586038,40067.08427868953
293.6999999999983,VALID,25.417147833177253,81.84110862722332,30055.863132087597,1053.0399403245012,40043.685704709445
293.7999999999983,VALID,25.41722373228563,81.8409063329683,30042.886806866984,1045.6352241793506,40053.63422733936
293.89999999999833,VALID,25.417299631116897,81.8407040384585,30026.61809146704,1042.2673914010154,40073.926567969625
293.99999999999835,VALID,25.417375529671048,81.84050174369389,30027.089308468774,1038.5995345502818,40055.978662694026
294.0999999999984,VALID,25.417451427948084,81.8402994486745,30039.285594298733,1049.1284932565575,40042.94262356228
294.1999999999984,VALID,25.417527325948004,81.84009715340032,30054.90843782586,1052.6246581234639,40054.004778086426
294.2999999999984,VALID,25.417603223670806,81.83989485787134,30044.477793628306,1054.7490290289336,40033.00010819801
294.39999999999844,VALID,25.417679121116485,81.83969256208758,30043.22486127048,1070.9571786883112,40058.190015305605
294.49999999999847,VALID,25.417755018285042,81.83949026604901,30047.621288319395,1043.1438918801434,40054.04795891858
294.5999999999985,VALID,25.417830915176477,81.83928796975566,30053.55301919308,1037.5669349284876,40046.674598561374
294.6999999999985,VALID,25.417906811790786,81.8390856732075,30031.45028192451,1052.5128967789642,40064.04571668079
294.79999999999853,VALID,25.41798270812797,81.83888337640455,30067.70634804684,1045.386511834302,40049.78374859706
294.89999999999856,VALID,25.418058604188023,81.83868107934681,30050.48747206889,1035.3719474456086,40039.38474903889
294.9999999999986,VALID,25.418134499970947,81.83847878203427,30050.352988797073,1072.8600257597163,40058.17196681863
295.0999999999986,VALID,25.41821039547674,81.83827648446693,30042.102506641742,1056.8392142830617,40057.31648704521
295.1999999999986,VALID,25.418286290705403,81.8380741866448,30050.843300814402,1048.7239671282766,40040.34112110614
295.29999999999865,VALID,25.418362185656928,81.83787188856788,30052.731593665954,1054.2151323210862,40068.55162064371
295.39999999999867,VALID,25.418438080331317,81.83766959023615,30050.28521911711,1047.0024568619233,40048.89251429882
295.4999999999987,VALID,25.41851397472857,81.83746729164962,30037.758947781153,1052.4618264931112,40048.24593179219
295.5999999999987,VALID,25.41858986884868,81.83726499280829,30039.206449577723,1048.9074681019238,40042.37726640556
295.69999999999874,VALID,25.41866576269165,81.83706269371216,30069.43514083421,1060.252724646352,40046.223083982935
295.79999999999876,VALID,25.418741656257478,81.83686039436122,30044.43063756179,1060.632497512449,40050.73591455454
295.8999999999988,VALID,25.41881754954616,81.8366580947555,30062.104466675497,1053.2422887599441,40040.842909752944
295.9999999999988,VALID,25.418893442557696,81.83645579489499,30037.202436111795,1048.2691155615382,40057.325990501115
296.09999999999883,VALID,25.418969335292083,81.83625349477967,30024.300359836347,1035.964426625215,40045.17778051874
296.19999999999885,VALID,25.419045227749322,81.83605119440955,30047.22614355191,1043.9905702546077,40054.559913619065
296.2999999999989,VALID,25.41912111992941,81.83584889378461,30038.886885022224,1040.2083078561666,40050.02635630433
296.3999999999989,VALID,25.419197011832345,81.83564659290488,30045.178637155383,1026.699443425664,40052.04815801424
296.4999999999989,VALID,25.419272903458126,81.83544429177034,30054.202930940733,1046.0983546007715,40052.865062055025
296.59999999999894,VALID,25.419348794806748,81.83524199038101,30056.566666411352,1059.2756858153098,40058.17165336977
296.69999999999897,VALID,25.419424685878212,81.83503968873687,30058.197560579276,1044.9330703016417,40044.50261322719
296.799999999999,VALID,25.41950057667252,81.83483738683793,30044.11020849606,1055.9106637325685,40046.126093900726
296.899999999999,VALID,25.419576467189664,81.83463508468418,30070.08502808372,1049.4295148165559,40054.47527924416
296.99999999999903,VALID,25.419652357429648,81.83443278227563,30069.98289811296,1056.1069000867549,40025.27611031787
297.09999999999906,VALID,25.419728247392467,81.83423047961227,30059.81676119956,1054.877939986833,40062.882697726236
297.1999999999991,VALID,25.419804137078117,81.83402817669412,30062.48282842961,1045.538797225672,40051.83530464075
297.2999999999991,VALID,25.419880026486602,81.83382587352115,30062.92163299267,1078.003768835282,40064.80609450496
297.3999999999991,VALID,25.419955915617916,81.83362357009338,30050.68265536263,1061.4589382174436,40044.694865466125
297.49999999999915,VALID,25.42003180447206,81.8334212664108,30058.629606357947,1067.6331302647486,40053.533252754314
297.59999999999917,VALID,25.42010769304903,81.83321896247341,30057.63748350154,1056.8946423129382,40049.7490164335
297.6999999999992,VALID,25.420183581348827,81.83301665828121,30041.358355113684,1038.5573424493184,40031.199306835006
297.7999999999992,VALID,25.420259469371448,81.83281435383421,30046.98242603708,1064.2436981205426,40049.61694374606
297.89999999999924,VALID,25.42033535711689,81.8326120491324,30041.692557959777,1052.611951255008,40054.53596811911
297.99999999999926,VALID,25.420411244585154,81.83240974417578,30045.159793953168,1055.9297214132487,40052.65879348501
298.0999999999993,VALID,25.420487131776234,81.83220743896435,30028.98620141071,1054.02948579129,40061.81144734854
298.1999999999993,VALID,25.42056301869013,81.83200513349811,30046.250939235393,1027.8712747822253,40042.60020696313
298.29999999999933,VALID,25.420638905326847,81.83180282777707,30055.868846385038,1027.046349524283,40054.45007315039
298.39999999999935,VALID,25.420714791686375,81.8316005218012,30049.91911039432,1063.1919148710335,40071.358904823705
298.4999999999994,VALID,25.420790677768718,81.83139821557054,30060.930434631842,1047.6790899895457,40059.96140058434
298.5999999999994,VALID,25.42086656357387,81.83119590908507,30053.860339245028,1044.8818149502085,40053.32531379647
298.6999999999994,VALID,25.42094244910183,81.83099360234478,30059.394518736768,1032.5725922747565,40049.302611066785
298.79999999999944,VALID,25.4210183343526,81.83079129534967,30036.895442273286,1059.5967043023004,40050.35206855181
298.89999999999947,VALID,25.42109421932617,81.83058898809975,30045.35521785079,1063.3072663631913,40027.260134088494
298.9999999999995,VALID,25.421170104022547,81.83038668059501,30047.294974374247,1060.4983700111688,40052.128310472515
299.0999999999995,VALID,25.421245988441726,81.83018437283548,30047.465015602793,1060.081784640247,40040.90664028114
299.19999999999953,VALID,25.421321872583704,81.82998206482112,30063.37252714158,1036.8467047263753,40058.03678975208
299.29999999999956,VALID,25.42139775644848,81.82977975655196,30049.470157754993,1033.9576892202313,40056.49234899729
299.3999999999996,VALID,25.42147364003606,81.82957744802798,30039.845075427966,1047.0130729005268,40038.455969371025
299.4999999999996,VALID,25.42154952334643,81.82937513924918,30032.41683186551,1048.5822751118783,40064.3655675431
299.5999999999996,VALID,25.421625406379597,81.82917283021557,30053.401917356077,1067.3301675735677,40072.57046939253
299.69999999999965,VALID,25.421701289135555,81.82897052092713,30037.965355854718,1042.3096086801265,40043.994342777376
299.79999999999967,VALID,25.421777171614302,81.82876821138387,30065.196669279194,1068.464207704519,40048.27057329352
299.8999999999997,VALID,25.421853053815838,81.8285659015858,30062.124273214467,1054.6989335251747,40064.37638426414
299.9999999999997,VALID,25.421928935740162,81.82836359153292,30048.172067397805,1047.3463904834737,40061.69116074024
300.09999999999974,VALID,25.422004817387272,81.82816128122522,30047.23565876052,1028.0836869898149,40032.71645343462
300.19999999999976,VALID,25.422080698757163,81.82795897066269,30053.322270358065,1045.523605349276,40039.23502499925
300.2999999999998,VALID,25.422156579849837,81.82775665984535,30037.480623209765,1049.8709386911344,40068.55913037725
300.3999999999998,VALID,25.422232460665292,81.82755434877319,30032.493434755357,1066.2388194961834,40055.268486705456
300.49999999999983,VALID,25.422308341203525,81.82735203744622,30049.316223644026,1053.9217673722803,40058.58602392771
300.59999999999985,VALID,25.422384221464537,81.82714972586442,30034.896166480394,1040.8695057756017,40070.25746544443
300.6999999999999,VALID,25.422460101448323,81.8269474140278,30068.08597141249,1034.3765231785344,40060.17972701135
300.7999999999999,VALID,25.42253598115488,81.82674510193635,30053.801199386224,1046.9131264045773,40056.21050565018
300.8999999999999,VALID,25.42261186058421,81.82654278959009,30052.138687533636,1042.7927319986663,40075.87498758548
300.99999999999994,VALID,25.42268773973631,81.826340476989,30043.99980175347,1042.6509532667387,40043.588171834424
301.09999999999997,VALID,25.42276361861118,81.8261381641331,30039.328390836334,1029.879062524059,40052.74397506142
301.2,VALID,25.422839497208816,81.82593585102236,30059.00660660899,1062.051329407756,40056.019893459736
301.3,VALID,25.422915375529218,81.82573353765682,30054.38049290947,1065.823161261244,40053.922510895485
301.40000000000003,VALID,25.42299125357238,81.82553122403644,30041.510337157288,1051.9597137144808,40058.50528770796
301.50000000000006,VALID,25.423067131338307,81.82532891016123,30032.14771360759,1042.943578011429,40057.62389681837
301.6000000000001,VALID,25.423143008826994,81.82512659603121,30061.973194233276,1050.211363045158,40050.34348905383
301.7000000000001,VALID,25.423218886038438,81.82492428164636,30055.69749020863,1042.4783467378343,40034.38772541693
301.8000000000001,VALID,25.42329476297264,81.82472196700668,30064.909379460903,1059.7190777618914,40060.69152671269
301.90000000000015,VALID,25.423370639629592,81.82451965211217,30044.05005046308,1054.271004157478,40047.2172489126
302.00000000000017,VALID,25.4234465160093,81.82431733696285,30060.372671257905,1055.9597844168516,40048.58646338202
302.1000000000002,VALID,25.42352239211176,81.8241150215587,30044.122333417985,1048.0567424299943,40042.513897632096
302.2000000000002,VALID,25.423598267936967,81.82391270589972,30068.40516936709,1051.9983501435338,40042.805094853735
302.30000000000024,VALID,25.423674143484924,81.8237103899859,30056.489676535446,1035.3648202880368,40060.50419170652
302.40000000000026,VALID,25.423750018755626,81.82350807381727,30032.8744313421,1042.8601076372474,40070.05911793794
302.5000000000003,VALID,25.423825893749072,81.8233057573938,30038.829217579143,1039.9428857405437,40035.6232156737
302.6000000000003,VALID,25.42390176846526,81.8231034407155,30062.26602058998,1041.6467400112597,40048.01348914192
302.70000000000033,VALID,25.42397764290419,81.82290112378237,30043.307642588235,1055.1673646036968,40043.1529250532
302.80000000000035,VALID,25.42405351706586,81.82269880659442,30066.51227314718,1045.541784438997,40034.033709063086
302.9000000000004,VALID,25.424129390950267,81.82249648915163,30044.856897272646,1057.764053944293,40041.047576251214
303.0000000000004,VALID,25.42420526455741,81.82229417145402,30041.814897388307,1054.6050855018548,40040.33324056275
303.1000000000004,VALID,25.424281137887288,81.82209185350158,30057.568782040813,1054.37012931849,40045.57382282469
303.20000000000044,VALID,25.424357010939897,81.82188953529429,30055.15182816391,1046.7037982857466,40031.45942025017
303.30000000000047,VALID,25.424432883715237,81.82168721683217,30059.522193535,1053.5852751174843,40037.52353926522
303.4000000000005,VALID,25.424508756213307,81.82148489811523,30065.12877260381,1040.4513431316298,40039.50304910813
303.5000000000005,VALID,25.4245846284341,81.82128257914346,30048.38994381128,1054.2169663884042,40051.943809985016
303.60000000000053,VALID,25.424660500377623,81.82108025991684,30068.169065607162,1045.3466247745375,40046.85399150599
303.70000000000056,VALID,25.424736372043867,81.8208779404354,30057.189015627755,1059.787555189117,40039.8343790451
303.8000000000006,VALID,25.424812243432832,81.8206756206991,30063.606721149557,1052.4501312154387,40059.62401666227
303.9000000000006,VALID,25.42488811454452,81.82047330070799,30061.362340935662,1051.9543910878408,40050.43029261835
304.0000000000006,VALID,25.424963985378923,81.82027098046204,30048.906762515337,1038.8572851425604,40062.33626470051
304.10000000000065,VALID,25.425039855936046,81.82006865996125,30068.613610977893,1035.6249795936774,40047.060032427806
304.20000000000067,VALID,25.425115726215882,81.81986633920563,30057.970897347546,1037.3341529913037,40049.181017359246
304.3000000000007,VALID,25.425191596218433,81.81966401819517,30061.631592412126,1046.5971588603322,40057.01118477353
304.4000000000007,VALID,25.425267465943694,81.81946169692986,30060.488532039046,1051.236635429525,40043.81942833731
304.50000000000074,VALID,25.425343335391666,81.81925937540973,30058.802221106147,1041.7166195525833,40051.71850904095
304.60000000000076,VALID,25.425419204562345,81.81905705363475,30070.935475826464,1048.4507056187315,40043.41709305362
304.7000000000008,VALID,25.425495073455732,81.81885473160493,30047.817053119576,1035.0843563160056,40049.01903820539
304.8000000000008,VALID,25.425570942071822,81.81865240932028,30051.956023472954,1049.8253565161872,40045.952897101924
304.90000000000083,VALID,25.425646810410615,81.81845008678079,30057.054813491286,1046.7010885929192,40048.18004328292
305.00000000000085,VALID,25.42572267847211,81.81824776398645,30044.24171040825,1039.6783801843185,40030.46036290496
305.1000000000009,VALID,25.425798546256303,81.81804544093727,30048.18327873255,1070.2533251264822,40045.29972369973
305.2000000000009,VALID,25.425874413763193,81.81784311763325,30044.489540977338,1033.8331238757003,40029.23486854716
305.3000000000009,VALID,25.425950280992776,81.81764079407439,30048.848417778685,1036.3613232713076,40058.775871313635
305.40000000000094,VALID,25.426026147945056,81.8174384702607,30057.312644478614,1035.9026056446685,40050.52008177267
305.50000000000097,VALID,25.426102014620025,81.81723614619216,30056.75674150431,1052.253567105488,40057.23667444278
305.600000000001,VALID,25.426177881017686,81.81703382186878,30052.299929890367,1058.1134050134717,40050.52878144127
305.700000000001,VALID,25.426253747138038,81.81683149729055,30045.776653364515,1046.0596323210737,40049.69477296894
305.80000000000103,VALID,25.426329612981075,81.81662917245748,30057.7419089282,1053.8760446449307,40047.83699357051
305.90000000000106,VALID,25.426405478546798,81.81642684736957,30069.258275851145,1062.5342435884904,40055.544092295306
306.0000000000011,VALID,25.426481343835203,81.8162245220268,30063.21071427073,1059.590571435997,40043.119452318126
306.1000000000011,VALID,25.42655720884629,81.81602219642919,30047.728159207134,1052.476190719538,40060.059641189946
306.2000000000011,VALID,25.426633073580057,81.81581987057673,30078.253041065134,1057.1611936220702,40037.98411317534
306.30000000000115,VALID,25.4267089380365,81.81561754446943,30041.4093995095,1064.5561811417488,40040.02138098355
306.40000000000117,VALID,25.42678480221562,81.81541521810729,30047.31051149283,1064.0389762334864,40069.171436419994
306.5000000000012,VALID,25.426860666117417,81.81521289149029,30048.287977402488,1046.5348698151622,40046.94348411619
306.6000000000012,VALID,25.426936529741884,81.81501056461845,30044.9678553102,1051.009839747234,40057.268812550385
306.70000000000124,VALID,25.427012393089022,81.81480823749176,30055.91806178745,1060.2426253406006,40052.134730728714
306.80000000000126,VALID,25.42708825615883,81.81460591011022,30047.87289308923,1069.0443770786992,40061.465140344175
306.9000000000013,VALID,25.427164118951303,81.81440358247383,30042.71612649467,1049.5900434678447,40056.18665577268
307.0000000000013,VALID,25.427239981466442,81.81420125458258,30058.96731607048,1061.466868475167,40053.5456300399
307.10000000000133,VALID,25.427315843704243,81.8139989264365,30056.515981129214,1039.8223080192124,40057.88939931512
307.20000000000135,VALID,25.427391705664707,81.81379659803555,30053.165752128014,1048.2886656600554,40051.62388306036
307.3000000000014,VALID,25.42746756734783,81.81359426937976,30043.421267564267,1043.637478625742,40051.89099426659
307.4000000000014,VALID,25.427543428753612,81.81339194046912,30050.009722647745,1056.975606593889,40054.72739992216
307.5000000000014,VALID,25.42761928988205,81.81318961130361,30062.78308225783,1055.1988090290772,40057.34938831483
307.60000000000144,VALID,25.427695150733143,81.81298728188327,30051.11758682489,1050.6927997880605,40057.17287922504
307.70000000000147,VALID,25.427771011306888,81.81278495220806,30043.687667199498,1046.600844074083,40049.086359839384
307.8000000000015,VALID,25.427846871603283,81.812582622278,30041.477544056248,1072.7791911125264,40069.91250789769
307.9000000000015,VALID,25.427922731622328,81.81238029209308,30049.666454197635,1034.8383505187312,40045.758983329855
308.00000000000153,VALID,25.42799859136402,81.81217796165332,30053.58216428117,1059.907102750125,40046.385059971726
308.10000000000156,VALID,25.42807445082836,81.8119756309587,30049.68206287414,1052.480026669327,40053.10730435872
308.2000000000016,VALID,25.42815031001534,81.81177330000922,30041.56915679946,1043.3334278806685,40039.421850209306
308.3000000000016,VALID,25.428226168924965,81.81157096880489,30039.12054842149,1078.8251596983228,40056.45492747414
308.4000000000016,VALID,25.42830202755723,81.8113686373457,30050.785354378735,1030.872038071786,40041.68506256212
308.50000000000165,VALID,25.42837788591213,81.81116630563164,30055.718007664138,1061.7664108746972,40061.336824532336
308.60000000000167,VALID,25.428453743989667,81.81096397366274,30021.234580850098,1047.9465088861953,40065.907872997595
308.7000000000017,VALID,25.42852960178984,81.81076164143897,30043.204862683346,1055.5680247542882,40038.68125327845
308.8000000000017,VALID,25.428605459312646,81.81055930896035,30054.858278611562,1053.2780549668505,40052.00626439076
308.90000000000174,VALID,25.428681316558084,81.81035697622687,30042.032073524988,1059.4033502975851,40042.86743788921
309.00000000000176,VALID,25.42875717352615,81.81015464323853,30067.210910901165,1054.4940755866912,40044.27344138269
309.1000000000018,VALID,25.428833030216843,81.80995230999532,30039.193805969444,1038.797093032751,40046.50738410888
309.2000000000018,VALID,25.42890888663016,81.80974997649726,30072.03195075193,1058.6166031868001,40047.49621118102
309.30000000000183,VALID,25.428984742766104,81.80954764274433,30049.610849279703,1039.8642787624076,40051.54221398785
309.40000000000185,VALID,25.42906059862467,81.80934530873655,30051.63631150498,1057.2994008672617,40053.15692818048
309.5000000000019,VALID,25.429136454205853,81.8091429744739,30038.64341573107,1069.6923911358178,40043.55080952311
309.6000000000019,VALID,25.429212309509655,81.80894063995639,30031.636514857695,1046.138559920046,40050.963553063615
309.7000000000019,VALID,25.42928816453607,81.80873830518401,30055.92718251901,1037.1790055384624,40061.388642951046
309.80000000000194,VALID,25.429364019285103,81.80853597015677,30036.052997832085,1062.5285861009845,40057.82260367013
309.90000000000197,VALID,25.42943987375675,81.80833363487466,30056.043407988705,1040.941026568011,40037.914794179225
310.000000000002,VALID,25.429515727951006,81.80813129933769,30052.651852363688,1044.5348335609312,40051.56633612578
310.100000000002,VALID,25.42959158186787,81.80792896354585,30038.877923956225,1044.6660063153624,40049.538431089786
310.20000000000203,VALID,25.429667435507344,81.80772662749915,30054.00881686585,1058.22735843878,40039.69685302598
310.30000000000206,VALID,25.42974328886942,81.80752429119758,30049.142100027784,1059.3948906714834,40056.30193677909
310.4000000000021,VALID,25.429819141954102,81.80732195464114,30044.002085230746,1027.0977740809258,40051.71059446624
310.5000000000021,VALID,25.429894994761383,81.80711961782984,30043.602900060076,1048.7463231629847,40057.73564609856
310.6000000000021,VALID,25.429970847291266,81.80691728076367,30042.20019177983,1064.4248920571804,40067.76566232228
310.70000000000215,VALID,25.430046699543745,81.80671494344263,30064.638957066294,1045.9311517635467,40053.293526132176
310.80000000000217,VALID,25.43012255151882,81.80651260586671,30037.25394208847,1052.3551500241635,40036.38330487585
310.9000000000022,VALID,25.43019840321649,81.80631026803594,30057.768167590246,1051.5519196718747,40060.79161025474
311.0000000000022,VALID,25.43027425463675,81.8061079299503,30040.98300724228,1032.224897744035,40052.366772995454
311.10000000000224,VALID,25.4303501057796,81.80590559160979,30044.609741662687,1048.4764304894338,40042.05158419975
311.20000000000226,VALID,25.43042595664504,81.8057032530144,30068.81837660871,1058.0499968530826,40052.92576877914
311.3000000000023,VALID,25.430501807233064,81.80550091416414,30047.49715492722,1037.0763212345703,40054.87805900083
311.4000000000023,VALID,25.430577657543672,81.80529857505901,30041.552872690052,1038.596154814566,40050.14137599956
311.50000000000233,VALID,25.430653507576864,81.80509623569901,30053.01942978448,1043.5421119737039,40043.095025660106
311.60000000000235,VALID,25.430729357332638,81.80489389608414,30044.11498561098,1062.3276395613436,40042.693317332705
311.7000000000024,VALID,25.43080520681099,81.80469155621438,30064.387082978483,1053.4115551924046,40052.50217205903
311.8000000000024,VALID,25.43088105601192,81.80448921608975,30061.89144671064,1066.701356929994,40036.63002947664
311.9000000000024,VALID,25.430956904935424,81.80428687571025,30058.888645883108,1050.6981464887604,40060.050608734055
312.00000000000244,VALID,25.4310327535815,81.80408453507587,30040.749350360264,1044.2663546202161,40047.58375889801
312.10000000000247,VALID,25.43110860195015,81.80388219418661,30058.25691299309,1052.6393806603298,40055.03478464443
312.2000000000025,VALID,25.431184450041368,81.80367985304248,30054.750028005878,1067.2787752682063,40045.816978265706
312.3000000000025,VALID,25.431260297855154,81.80347751164348,30041.89162658746,1045.6363878101488,40041.83945630134
312.40000000000254,VALID,25.431336145391505,81.80327516998959,30046.236215644618,1041.3935063743045,40064.170582772225
312.50000000000256,VALID,25.43141199265042,81.80307282808083,30038.111098554215,1068.790947756109,40061.9684375801
312.6000000000026,VALID,25.4314878396319,81.80287048591718,30053.378533552466,1057.3048723114382,40056.033864427955
312.7000000000026,VALID,25.431563686335934,81.80266814349866,30060.121919580066,1046.964374108397,40047.706330426125
312.8000000000026,VALID,25.43163953276253,81.80246580082526,30062.367183661172,1050.3658277680495,40042.722898657456
312.90000000000265,VALID,25.431715378911683,81.80226345789698,30065.090156458802,1075.3589673142171,40038.82760363518
313.0000000000027,VALID,25.43179122478339,81.80206111471382,30042.18205927614,1047.180901722732,40065.0681928919
313.1000000000027,VALID,25.431867070377645,81.80185877127577,30058.496292957054,1051.1981731907044,40035.709617880064
313.2000000000027,VALID,25.431942915694453,81.80165642758286,30066.040700783233,1057.9276505895755,40049.79319591785
313.30000000000274,VALID,25.43201876073381,81.80145408363505,30056.444607785423,1055.2856767395917,40046.39197315429
313.40000000000276,VALID,25.432094605495713,81.80125173943236,30077.66125522181,1049.5707117421248,40062.48445852142
313.5000000000028,VALID,25.432170449980163,81.80104939497478,30032.059218839444,1046.185506604041,40079.701801895986
313.6000000000028,VALID,25.432246294187152,81.80084705026232,30041.507067968534,1029.0443876010806,40047.64244361884
313.70000000000283,VALID,25.43232213811668,81.80064470529497,30044.383709593265,1050.7941388203596,40067.20663592624
313.80000000000285,VALID,25.43239798176875,81.80044236007275,30045.59878786064,1030.351313075452,40054.81976070625
313.9000000000029,VALID,25.432473825143358,81.80024001459564,30063.212311045314,1060.2684093894566,40082.53941779966
314.0000000000029,VALID,25.4325496682405,81.80003766886364,30067.29794785694,1055.1194612690972,40051.45584246008
314.1000000000029,VALID,25.432625511060174,81.79983532287675,30036.849728520978,1069.141341782809,40050.084236697985
314.20000000000294,VALID,25.43270135360238,81.79963297663497,30063.36843412667,1052.1426640885084,40056.558665314806
314.30000000000297,VALID,25.432777195867114,81.7994306301383,30054.392557471907,1051.2581213884564,40026.73100428208
314.400000000003,VALID,25.432853037854375,81.79922828338675,30024.895384681346,1046.0569335392518,40044.815565803794
314.500000000003,VALID,25.432928879564162,81.79902593638032,30050.82360424176,1035.0392583523503,40042.84672197515
314.60000000000304,VALID,25.433004720996472,81.79882358911898,30049.273484740494,1051.372173187803,40039.39229580685
314.70000000000306,VALID,25.433080562151304,81.79862124160276,30041.819587957765,1074.7236203125074,40070.07209297352
314.8000000000031,VALID,25.433156403028654,81.79841889383165,30055.25943049387,1066.8805258207278,40043.01904409603
314.9000000000031,VALID,25.43323224362852,81.79821654580564,30045.4313606255,1045.333471192909,40055.39382235388
315.0000000000031,VALID,25.4333080839509,81.79801419752475,30039.045867078854,1039.0014045919827,40069.00605230064
315.10000000000315,VALID,25.433383923995798,81.79781184898897,30047.364128563502,1053.483249637357,40045.87794962463
315.2000000000032,VALID,25.433459763763206,81.79760950019829,30049.124340818646,1050.9827682162795,40055.7589982015
315.3000000000032,VALID,25.433535603253123,81.79740715115273,30051.449411933714,1046.1958125991682,40063.004523704745
315.4000000000032,VALID,25.433611442465548,81.79720480185226,30045.015626321176,1047.5656294600094,40028.80257789205
315.50000000000324,VALID,25.433687281400477,81.7970024522969,30050.463232818594,1046.3833546340281,40066.268896520516
315.60000000000326,VALID,25.43376312005791,81.79680010248664,30053.34549744508,1039.3691115290087,40035.91608095997
315.7000000000033,VALID,25.433838958437846,81.79659775242149,30060.86639964158,1059.8558607496104,40061.52355577432
315.8000000000033,VALID,25.43391479654028,81.79639540210144,30048.30543430222,1048.6021629322286,40043.08489173007
315.90000000000333,VALID,25.43399063436521,81.79619305152649,30062.52271436657,1034.9047558324037,40049.884736311265
316.00000000000335,VALID,25.434066471912637,81.79599070069665,30054.39030774197,1063.5641190561096,40039.543022864826
316.1000000000034,VALID,25.434142309182555,81.79578834961191,30042.120766495424,1054.4476727670256,40036.44011880299
316.2000000000034,VALID,25.434218146174967,81.79558599827227,30045.62157318712,1041.2022443560807,40051.928132848145
316.3000000000034,VALID,25.434293982889866,81.79538364667773,30033.568470413193,1050.344789833036,40036.14657451952
316.40000000000344,VALID,25.434369819327255,81.7951812948283,30043.144397902495,1047.4715655343186,40042.87321531729
316.50000000000347,VALID,25.434445655487128,81.79497894272396,30041.170551372343,1049.299750946696,40049.673346575095
316.6000000000035,VALID,25.434521491369484,81.79477659036472,30058.58429492089,1053.1541333025734,40062.23597839247
316.7000000000035,VALID,25.434597326974323,81.79457423775058,30048.57066460366,1055.3148208705643,40060.18410196447
316.80000000000354,VALID,25.434673162301642,81.79437188488153,30054.85161274167,1053.8609249805318,40055.28536893769
316.90000000000356,VALID,25.434748997351438,81.79416953175757,30061.0164339502,1042.2494602732502,40054.91220888742
317.0000000000036,VALID,25.43482483212371,81.79396717837872,30046.538500228875,1047.779170427845,40048.36280138522
317.1000000000036,VALID,25.434900666618454,81.79376482474497,30052.81244209388,1052.8661336098178,40060.73269396279
317.2000000000036,VALID,25.434976500835667,81.7935624708563,30043.280513135756,1056.9751438902356,40062.48658926452
317.30000000000365,VALID,25.43505233477535,81.79336011671273,30059.30383289854,1045.2767990977668,40047.47092097173
317.4000000000037,VALID,25.4351281684375,81.79315776231427,30057.580447373603,1032.8316575109097,40042.11185894163
317.5000000000037,VALID,25.435204001822118,81.79295540766088,30037.309732883823,1031.8497712145897,40043.11484675074
317.6000000000037,VALID,25.435279834929197,81.7927530527526,30051.934989182537,1040.8331139402158,40039.47531192142
317.70000000000374,VALID,25.43535566775874,81.7925506975894,30043.807251839014,1049.8771206432932,40050.314081384655
317.80000000000376,VALID,25.435431500310738,81.79234834217131,30061.676034077016,1062.1018125165554,40049.67422425817
317.9000000000038,VALID,25.435507332585193,81.7921459864983,30059.887095701997,1051.517423772514,40059.30816687176
318.0000000000038,VALID,25.435583164582102,81.79194363057037,30053.290081440082,1053.9489863636816,40061.57613348738
318.10000000000383,VALID,25.435658996301466,81.79174127438755,30049.06503323869,1067.2628355402878,40050.604275748854
318.20000000000385,VALID,25.43573482774328,81.79153891794981,30047.442305109867,1042.4461887293041,40060.14789406166
318.3000000000039,VALID,25.435810658907542,81.79133656125715,30049.683964583754,1065.3426077389586,40047.76748665047
318.4000000000039,VALID,25.43588648979425,81.79113420430959,30057.613838610876,1067.0785969255176,40047.329866648906
318.5000000000039,VALID,25.4359623204034,81.7909318471071,30056.564049520122,1034.488242560436,40062.050946236304
318.60000000000394,VALID,25.436038150734998,81.7907294896497,30045.615531692318,1053.34295294101,40058.79273412006
318.70000000000397,VALID,25.436113980789035,81.7905271319374,30059.331848468668,1033.3259075156932,40050.23739263
318.800000000004,VALID,25.43618981056551,81.79032477397017,30052.659441913867,1049.674213344563,40043.299646322026
318.900000000004,VALID,25.43626564006442,81.79012241574803,30054.79329853012,1056.1444079161934,40056.29694407316
319.00000000000404,VALID,25.436341469285765,81.78992005727098,30021.901317840915,1038.5736790073695,40037.91558732988
319.10000000000406,VALID,25.43641729822954,81.78971769853901,30038.410287751307,1050.0699119744017,40038.830368506446
319.2000000000041,VALID,25.436493126895744,81.78951533955212,30051.152779790722,1048.916346164319,40047.428787585566
319.3000000000041,VALID,25.43656895528438,81.78931298031033,30054.937725123204,1027.7402740388216,40042.48914932887
319.4000000000041,VALID,25.436644783395437,81.7891106208136,30034.926553177796,1050.0599295680413,40038.74087652424
319.50000000000415,VALID,25.436720611228917,81.78890826106196,30051.240160221794,1051.3150845504274,40049.44312796918
319.6000000000042,VALID,25.43679643878482,81.78870590105541,30065.743359005246,1066.8218885739238,40062.88463881589
319.7000000000042,VALID,25.436872266063144,81.78850354079393,30055.027531165942,1051.8011574984055,40053.7217744352
319.8000000000042,VALID,25.436948093063883,81.78830118027753,30061.598727395078,1057.3008289311626,40046.945231778984
319.90000000000424,VALID,25.437023919787038,81.7880988195062,30040.799918836838,1034.1588481291851,40054.952878012475
320.00000000000426,VALID,25.437099746232605,81.78789645847996,30035.018838790696,1060.6181654589825,40046.20059261672
320.1000000000043,VALID,25.437175572400584,81.7876940971988,30067.478102004676,1027.2561653638932,40052.240218628314
320.2000000000043,VALID,25.43725139829097,81.7874917356627,30057.559204327197,1064.3413401860212,40072.4309821133
320.30000000000433,VALID,25.437327223903765,81.78728937387169,30053.541815228302,1055.3182716980857,40053.07572184854
320.40000000000435,VALID,25.437403049238963,81.78708701182575,30041.228335726017,1040.7593725828378,40061.0160560524
320.5000000000044,VALID,25.437478874296563,81.78688464952488,30046.14635047909,1048.2662173021795,40053.06646109599
320.6000000000044,VALID,25.437554699076564,81.78668228696908,30043.708784804752,1037.5417244110618,40056.888417960574
320.7000000000044,VALID,25.43763052357896,81.78647992415837,30057.95817982075,1055.8971200910346,40057.33339524037
320.80000000000445,VALID,25.437706347803754,81.78627756109273,30035.834212986352,1060.6245065168666,40048.63938201801
320.90000000000447,VALID,25.43778217175094,81.78607519777216,30063.312161406735,1041.1876558715853,40057.87528498796
321.0000000000045,VALID,25.43785799542052,81.78587283419667,30054.113115882,1025.9591734366575,40055.22567763422
321.1000000000045,VALID,25.437933818812485,81.78567047036624,30041.623945033843,1057.1338310398144,40060.09092547342
321.20000000000454,VALID,25.43800964192684,81.78546810628089,30045.009590128633,1044.5696737460426,40049.31276175773
321.30000000000456,VALID,25.438085464763578,81.78526574194059,30042.73581741923,1046.720823288283,40067.93599725712
321.4000000000046,VALID,25.4381612873227,81.78506337734537,30035.859809700578,1046.327482236278,40045.867736017324
321.5000000000046,VALID,25.438237109604202,81.78486101249521,30068.454607757114,1048.1704286382949,40024.539605452585
321.6000000000046,VALID,25.43831293160808,81.78465864739013,30051.555289449516,1044.185450099907,40037.49886574375
321.70000000000465,VALID,25.438388753334337,81.7844562820301,30045.975443737025,1055.11485060556,40040.534123072524
321.8000000000047,VALID,25.438464574782966,81.78425391641515,30038.98821122579,1042.2921446559749,40058.37301894206
321.9000000000047,VALID,25.438540395953968,81.78405155054527,30038.49453934826,1051.430772752415,40047.07348365946
322.0000000000047,VALID,25.438616216847336,81.78384918442045,30052.702109033027,1048.4222207210757,40056.422907701184
322.10000000000474,VALID,25.438692037463074,81.78364681804068,30054.623236492,1056.8897274972414,40062.116625406976
322.20000000000476,VALID,25.438767857801174,81.78344445140598,30054.188040313446,1054.9489560190889,40045.59612606173
322.3000000000048,VALID,25.438843677861637,81.78324208451635,30058.48373995418,1049.4231512764509,40041.170135050525
322.4000000000048,VALID,25.438919497644463,81.78303971737178,30042.78431512965,1057.3670199665867,40051.24252467829
322.50000000000483,VALID,25.438995317149647,81.78283734997227,30035.589545403625,1045.6867856250715,40064.64976639276
322.60000000000485,VALID,25.439071136377187,81.78263498231782,30063.902141347397,1031.3145442397708,40046.56445606126
322.7000000000049,VALID,25.43914695532708,81.78243261440842,30053.199064754786,1032.4957224290422,40053.579197156534
322.8000000000049,VALID,25.439222773999322,81.78223024624408,30047.9579388809,1056.2058514214425,40036.81882916519
322.9000000000049,VALID,25.439298592393914,81.78202787782482,30034.672263797307,1069.95367681348,40046.65977529352
323.00000000000495,VALID,25.439374410510855,81.78182550915061,30058.797179907342,1048.495063896726,40047.87597577238
323.10000000000497,VALID,25.43945022835014,81.78162314022146,30058.73110841633,1057.3889077001793,40036.277863532596
323.200000000005,VALID,25.439526045911766,81.78142077103735,30051.261121229323,1052.9338892884023,40064.31821356278
323.300000000005,VALID,25.439601863195733,81.7812184015983,30033.95331707645,1066.952955078784,40050.27791141217
323.40000000000504,VALID,25.43967768020204,81.7810160319043,30039.28374181782,1046.990621456761,40045.005700442416
323.50000000000506,VALID,25.439753496930678,81.78081366195536,30049.185460357905,1047.8871446644089,40055.63338544351
323.6000000000051,VALID,25.43982931338165,81.78061129175148,30041.653897809436,1031.6168459816022,40056.32044468284
323.7000000000051,VALID,25.439905129554955,81.78040892129265,30025.601469345733,1048.8360157912036,40055.01882394097
323.8000000000051,VALID,25.43998094545059,81.78020655057887,30032.694630321148,1039.7575801928986,40028.57806599051
323.90000000000515,VALID,25.440056761068547,81.78000417961015,30060.38219372464,1040.2317746256574,40048.26854967476
324.0000000000052,VALID,25.440132576408832,81.77980180838647,30052.625394143488,1056.9270236145383,40052.44058322929
324.1000000000052,VALID,25.440208391471437,81.77959943690784,30047.882953963966,1043.7722197602895,40042.78891298407
324.2000000000052,VALID,25.44028420625636,81.77939706517427,30036.725354234848,1055.3317134777863,40069.053875082944
324.30000000000524,VALID,25.440360020763602,81.77919469318573,30041.77774908712,1043.4597976555651,40064.018880744195
324.40000000000526,VALID,25.44043583499316,81.77899232094225,30046.574820518028,1046.6974265934432,40060.569342777504
324.5000000000053,VALID,25.440511648945026,81.77878994844382,30040.30308678196,1053.9540787235337,40044.82214813353
324.6000000000053,VALID,25.440587462619206,81.77858757569042,30050.377818882564,1061.895489501558,40054.87798090525
324.70000000000533,VALID,25.44066327601569,81.77838520268207,30056.51397913857,1045.1518520509278,40044.80639050245
324.80000000000535,VALID,25.440739089134482,81.77818282941878,30065.227822858797,1051.0789859291501,40046.04934520134
324.9000000000054,VALID,25.440814901975575,81.77798045590053,30042.55821538935,1049.0825481243585,40060.99824751158
325.0000000000054,VALID,25.44089071453897,81.77777808212733,30049.164051539105,1041.0303502640388,40043.18585896857
325.1000000000054,VALID,25.440966526824663,81.77757570809916,30051.03209091216,1033.2735339585868,40047.99582944234
325.20000000000545,VALID,25.441042338832652,81.77737333381603,30055.42206510717,1049.51245345575,40054.81408894017
325.30000000000547,VALID,25.441118150562936,81.77717095927794,30046.08064527782,1077.7689124452272,40049.873514106206
325.4000000000055,VALID,25.441193962015507,81.77696858448489,30046.974979921735,1061.6681870172247,40059.19275921408
325.5000000000055,VALID,25.44126977319037,81.77676620943689,30052.0121344458,1055.5099195787857,40062.190324279465
325.60000000000554,VALID,25.441345584087518,81.77656383413392,30055.841468005445,1049.2430213860443,40057.52035569582
325.70000000000556,VALID,25.44142139470695,81.77636145857599,30057.479588483064,1055.3365711562924,40050.724087280076
325.8000000000056,VALID,25.441497205048663,81.7761590827631,30018.771719408527,1047.1652397661232,40053.466443995305
325.9000000000056,VALID,25.441573015112656,81.77595670669524,30039.463045407098,1046.9191228490356,40048.4334922474
326.0000000000056,VALID,25.441648824898923,81.77575433037242,30057.908831316032,1030.9419918593062,40050.636979535455
326.10000000000565,VALID,25.441724634407468,81.77555195379463,30048.688040560388,1038.525814286239,40035.623691650464
326.2000000000057,VALID,25.441800443638282,81.77534957696189,30052.36805107974,1051.240242688231,40035.23345034056
326.3000000000057,VALID,25.441876252591367,81.77514719987417,30035.56515180696,1066.4258664927736,40056.86876594696
326.4000000000057,VALID,25.44195206126672,81.77494482253148,30060.899286415326,1042.243032967998,40057.89496285624
326.50000000000574,VALID,25.442027869664333,81.77474244493382,30053.42051090562,1048.604173640731,40051.458071810666
326.60000000000576,VALID,25.44210367778421,81.7745400670812,30025.568589783576,1055.8813598713793,40061.62667661548
326.7000000000058,VALID,25.442179485626347,81.77433768897362,30040.990908557014,1043.042888810109,40044.63840426048
326.8000000000058,VALID,25.44225529319074,81.77413531061106,30052.365177637905,1031.2308118635954,40033.081329052555
326.90000000000583,VALID,25.44233110047739,81.77393293199353,30053.00673917855,1050.6526356893182,40056.6182866429
327.00000000000585,VALID,25.44240690748629,81.77373055312103,30037.886096363374,1035.6390944911002,40043.10207349252
327.1000000000059,VALID,25.44248271421744,81.77352817399354,30040.90300369086,1048.4389086174044,40056.033857334565
327.2000000000059,VALID,25.442558520670836,81.77332579461108,30056.80124778011,1054.896726283823,40058.29068885005
327.3000000000059,VALID,25.442634326846477,81.77312341497365,30049.91907891102,1036.834084966563,40057.213561470904
327.40000000000595,VALID,25.44271013274436,81.77292103508125,30048.768344029548,1034.2889944061476,40057.93639778408
327.50000000000597,VALID,25.442785938364484,81.77271865493387,30035.203253439202,1053.329215550588,40048.61322989038
327.600000000006,VALID,25.442861743706843,81.77251627453151,30065.938671109227,1046.021290456565,40031.29034590233
327.700000000006,VALID,25.442937548771436,81.77231389387417,30071.622707016977,1048.8722907276867,40041.42223559748
327.80000000000604,VALID,25.44301335355826,81.77211151296186,30038.831592652645,1052.802160748159,40030.71581526959
327.90000000000606,VALID,25.443089158067316,81.77190913179456,30045.794154335268,1038.5802936932243,40049.4011347472
328.0000000000061,VALID,25.4431649622986,81.77170675037229,30061.68723221862,1044.4855655459653,40050.933049555155
328.1000000000061,VALID,25.443240766252107,81.77150436869503,30067.98100852792,1062.6094532636334,40075.146880390595
328.2000000000061,VALID,25.443316569927834,81.7713019867628,30047.229058667428,1068.8024453486737,40059.30635454656
328.30000000000615,VALID,25.443392373325782,81.77109960457557,30062.577510277762,1041.6259974063407,40045.295435725646
328.4000000000062,VALID,25.443468176445947,81.77089722213336,30057.404801411703,1043.7350988572475,40051.209394559686
328.5000000000062,VALID,25.443543979288325,81.77069483943616,30052.37018065788,1023.7361823413958,40058.96532017647
328.6000000000062,VALID,25.443619781852913,81.77049245648398,30045.295247740203,1041.3269045991901,40051.68037029606
328.70000000000624,VALID,25.44369558413971,81.77029007327681,30052.855772652103,1038.2836270125465,40051.81445014859
328.80000000000626,VALID,25.443771386148715,81.77008768981466,30056.497395180504,1040.4399919471512,40046.19302332509
328.9000000000063,VALID,25.44384718787992,81.76988530609752,30064.258898853433,1044.522605366867,40038.172444670774
329.0000000000063,VALID,25.44392298933333,81.7696829221254,30046.91784598583,1057.6698205427792,40045.85576014042
329.10000000000633,VALID,25.443998790508935,81.76948053789827,30065.01808871879,1071.447267292299,40061.122595341854
329.20000000000636,VALID,25.444074591406736,81.76927815341617,30053.098942570465,1040.737415423647,40039.39281697947
329.3000000000064,VALID,25.44415039202673,81.76907576867907,30051.24743734567,1033.6829168457682,40055.42350546749
329.4000000000064,VALID,25.444226192368916,81.76887338368698,30058.339508186757,1050.6913457347016,40041.72287019629
329.5000000000064,VALID,25.44430199243329,81.7686709984399,30057.227170396578,1047.1084436477304,40045.659519957735
329.60000000000645,VALID,25.444377792219846,81.76846861293782,30071.29866465044,1043.2297948428345,40049.138407080616
329.70000000000647,VALID,25.444453591728585,81.76826622718075,30071.332269538645,1050.299281206322,40063.80031284742
329.8000000000065,VALID,25.444529390959506,81.76806384116868,30042.099963289726,1062.9740783967418,40066.128396641325
329.9000000000065,VALID,25.444605189912604,81.76786145490162,30053.7429930938,1056.0555542387967,40056.09065935148
330.00000000000654,VALID,25.444680988587873,81.76765906837956,30050.738316415263,1049.2312779078502,40062.25016951438
330.10000000000656,VALID,25.444756786985316,81.7674566816025,30055.294335569422,1045.6675692395231,40032.00432767066
330.2000000000066,VALID,25.444832585104926,81.76725429457044,30044.184480449883,1060.853467203141,40045.519442370874
330.3000000000066,VALID,25.444908382946704,81.76705190728337,30043.698232737708,1052.687854970915,40035.73199454467
330.4000000000066,VALID,25.444984180510644,81.76684951974131,30037.971820582374,1064.2051322973473,40047.92394485611
330.50000000000665,VALID,25.445059977796745,81.76664713194424,30056.956091334803,1062.9001846167394,40036.60831128093
330.6000000000067,VALID,25.445135774805003,81.76644474389217,30061.73902782383,1038.2271099587967,40044.464644236665
330.7000000000067,VALID,25.445211571535417,81.76624235558509,30051.966180214236,1044.790800324515,40045.31358183939
330.8000000000067,VALID,25.445287367987984,81.766039967023,30043.78228448259,1052.4224118399472,40042.419858401176
330.90000000000674,VALID,25.4453631641627,81.76583757820592,30055.367633361027,1048.6387696143643,40027.00353363453
331.00000000000676,VALID,25.445438960059562,81.76563518913382,30030.47048605546,1038.1617170937157,40054.1595209374
331.1000000000068,VALID,25.445514755678566,81.76543279980672,30053.567967400984,1052.8434171167473,40042.85726681482
331.2000000000068,VALID,25.445590551019713,81.7652304102246,30042.048816068618,1059.2392679182783,40042.149992670085
331.30000000000683,VALID,25.445666346082998,81.76502802038748,30038.931510349354,1056.5879249469197,40056.50162930852
331.40000000000686,VALID,25.44574214086842,81.76482563029535,30066.760758712342,1057.293965524995,40058.00239959331
331.5000000000069,VALID,25.44581793537597,81.76462323994821,30051.258124753043,1052.0259669641803,40060.27172960875
331.6000000000069,VALID,25.44589372960565,81.76442084934605,30050.53743131704,1051.748256251824,40063.01405521578
331.7000000000069,VALID,25.44596952355746,81.76421845848888,30052.453610557084,1052.9232909116995,40024.8258694993
331.80000000000695,VALID,25.44604531723139,81.7640160673767,30051.59279090034,1065.5295445311326,40033.552051681385
331.90000000000697,VALID,25.446121110627445,81.7638136760095,30064.944247495074,1050.44891557192,40053.86889033243
332.000000000007,VALID,25.446196903745616,81.76361128438728,30039.80940289491,1059.8087857487012,40051.3824621247
332.100000000007,VALID,25.4462726965859,81.76340889251004,30034.93851374477,1052.6393202786292,40062.680549543475
332.20000000000704,VALID,25.4463484891483,81.76320650037779,30045.01649988817,1063.277277628142,40048.418894904375
332.30000000000706,VALID,25.446424281432808,81.76300410799051,30037.315849195955,1058.6494486694467,40046.99818026422
332.4000000000071,VALID,25.446500073439424,81.76280171534822,30048.9272449159,1055.053423818143,40051.343838462635
332.5000000000071,VALID,25.446575865168143,81.7625993224509,30045.406060760375,1059.6469230123216,40061.588909498816
332.6000000000071,VALID,25.44665165661896,81.76239692929856,30056.070684533468,1033.5058394656207,40039.32693299857
332.70000000000715,VALID,25.446727447791876,81.7621945358912,30047.548929501674,1048.9402564542831,40055.912136004124
332.8000000000072,VALID,25.446803238686886,81.7619921422288,30056.18170680178,1045.9643059523976,40040.27012812926
332.9000000000072,VALID,25.44687902930399,81.76178974831139,30042.95226626106,1050.6786368909409,40061.71737734943
333.0000000000072,VALID,25.44695481964318,81.76158735413894,30054.12179317673,1038.0876971873386,40043.149633640794
333.10000000000724,VALID,25.44703060970446,81.76138495971146,30045.01758533614,1049.3965636833448,40038.77630445513
333.20000000000726,VALID,25.44710639948782,81.76118256502896,30052.48410171391,1059.9842237208427,40046.21445430301
333.3000000000073,VALID,25.447182188993256,81.76098017009143,30053.865441191203,1048.7274732343697,40075.3056289709
333.4000000000073,VALID,25.447257978220772,81.76077777489887,30037.860928375176,1057.618286145309,40044.12831057489
333.50000000000733,VALID,25.44733376717036,81.76057537945128,30032.1933879966,1056.0543579161715,40053.57048529694
333.60000000000736,VALID,25.447409555842018,81.76037298374865,30050.478476027667,1057.5664917822146,40054.31879213706
333.7000000000074,VALID,25.447485344235744,81.760170587791,30044.45863909259,1028.7182774780163,40049.455431252354
333.8000000000074,VALID,25.447561132351534,81.7599681915783,30051.70132313955,1058.9235894564322,40078.46847850633
333.9000000000074,VALID,25.447636920189385,81.75976579511057,30052.508274353575,1064.3899081835982,40057.55960440179
334.00000000000745,VALID,25.447712707749293,81.7595633983878,30054.438537110742,1052.3958025053355,40058.90293893307
334.10000000000747,VALID,25.447788495031258,81.75936100140999,30034.946682420843,1056.8012192921267,40052.07209640492
334.2000000000075,VALID,25.447864282035273,81.75915860417713,30040.21131248002,1035.1557672534534,40050.7264378122
334.3000000000075,VALID,25.447940068761337,81.75895620668925,30062.967937887395,1057.9950066097451,40083.091530854384
334.40000000000754,VALID,25.448015855209448,81.75875380894632,30039.093671283455,1047.962810801762,40042.616017784756
334.50000000000756,VALID,25.4480916413796,81.75855141094836,30058.19312753896,1048.7194195192158,40040.75950229826
334.6000000000076,VALID,25.44816742727179,81.75834901269533,30061.954049546635,1035.3739948623836,40046.42277121542
334.7000000000076,VALID,25.44824321288602,81.75814661418727,30058.913970639358,1051.6470514348273,40045.970405120686
334.8000000000076,VALID,25.44831899822228,81.75794421542416,30056.41861196678,1030.8927648107936,40056.01332936439
334.90000000000765,VALID,25.44839478328057,81.757741816406,30047.54708087845,1051.6055542691697,40042.49837878644
335.0000000000077,VALID,25.448470568060884,81.75753941713279,30055.651289926842,1046.5259405175227,40033.37806070988
335.1000000000077,VALID,25.448546352563223,81.75733701760453,30056.245302457035,1052.9320509662234,40053.538861921574
335.2000000000077,VALID,25.44862213678758,81.75713461782122,30067.540974088315,1038.3997703906339,40029.364503770805
335.30000000000774,VALID,25.448697920733956,81.75693221778286,30044.321424800255,1032.0341296617264,40036.22712415516
335.40000000000776,VALID,25.448773704402342,81.75672981748944,30052.69439159266,1049.8955121628483,40056.23733661152
335.5000000000078,VALID,25.44884948779274,81.75652741694097,30043.49025601213,1062.4946066388775,40054.31397478956
335.6000000000078,VALID,25.448925270905143,81.75632501613744,30053.152218929703,1071.7697663030724,40044.594043692974
335.70000000000783,VALID,25.449001053739547,81.75612261507885,30051.01722356351,1048.221296533667,40053.5354218777
335.80000000000786,VALID,25.44907683629595,81.75592021376521,30046.86607413628,1032.1705137635065,40052.06047711551
335.9000000000079,VALID,25.449152618574352,81.75571781219651,30031.925852033994,1062.5039648967954,40065.47404151037
336.0000000000079,VALID,25.449228400574746,81.75551541037275,30059.211335370153,1049.8959656970007,40046.69473351411
336.1000000000079,VALID,25.44930418229713,81.75531300829392,30050.679502011288,1057.8906116186802,40059.575328402454
336.20000000000795,VALID,25.4493799637415,81.75511060596004,30039.85440763368,1035.738241338472,40050.44335454334
336.30000000000797,VALID,25.44945574490785,81.75490820337109,30047.386995991837,1032.8853225185387,40050.14105367148
336.400000000008,VALID,25.449531525796182,81.75470580052708,30052.64241042905,1058.9795367844176,40078.678922725696
336.500000000008,VALID,25.449607306406488,81.754503397428,30044.951821387443,1052.8569782517238,40054.97504131572
336.60000000000804,VALID,25.44968308673877,81.75430099407384,30042.93552829785,1050.7725938323574,40037.214627673944
336.70000000000806,VALID,25.44975886679302,81.75409859046462,30057.256536052722,1031.3643589206583,40039.307018028194
336.8000000000081,VALID,25.449834646569233,81.75389618660033,30045.22565750611,1065.8755849619895,40038.69176577436
336.9000000000081,VALID,25.449910426067408,81.75369378248097,30041.573350700684,1053.5120093293833,40049.85927527573
337.00000000000813,VALID,25.44998620528754,81.75349137810653,30037.9553631531,1054.3918452178566,40053.39070065184
337.10000000000815,VALID,25.450061984229627,81.75328897347703,30045.611990694015,1062.0191357046117,40041.00697766021
337.2000000000082,VALID,25.450137762893664,81.75308656859244,30056.63148610564,1055.5675044986467,40042.11015778187
337.3000000000082,VALID,25.450213541279652,81.75288416345278,30041.65870501571,1042.2776645135361,40050.480822013655
337.4000000000082,VALID,25.450289319387583,81.75268175805803,30043.656807365278,1062.4078815660325,40051.409245772156
337.50000000000824,VALID,25.450365097217453,81.75247935240822,30043.919178004508,1038.9585614078042,40035.174115486014
337.60000000000827,VALID,25.45044087476926,81.75227694650332,30048.995350731642,1044.5094096404864,40045.23901879394
337.7000000000083,VALID,25.450516652043,81.75207454034333,30048.29628121879,1044.379430268329,40058.18446177946
337.8000000000083,VALID,25.450592429038668,81.75187213392826,30051.74256952487,1045.7265275668449,40040.933344695746
337.90000000000833,VALID,25.450668205756262,81.7516697272581,30054.09370728449,1053.1127016164066,40064.10737889111
338.00000000000836,VALID,25.450743982195778,81.75146732033286,30044.123943697337,1058.9631201744926,40038.82493368534
338.1000000000084,VALID,25.450819758357213,81.75126491315254,30045.50494352419,1043.1529120231842,40059.80813227868
338.2000000000084,VALID,25.45089553424056,81.75106250571713,30053.438283294006,1048.1147295441233,40042.46204242228
338.3000000000084,VALID,25.450971309845816,81.75086009802662,30051.939042421414,1059.7345210318654,40045.990241274245
338.40000000000845,VALID,25.45104708517298,81.75065769008103,30040.64606398001,1053.7775467477716,40047.09834893829
338.50000000000847,VALID,25.451122860222046,81.75045528188033,30060.35928618579,1038.0709592108824,40036.3652238456
338.6000000000085,VALID,25.451198634993013,81.75025287342454,30051.605577112878,1043.3349602344717,40055.22578104123
338.7000000000085,VALID,25.451274409485872,81.75005046471365,30062.512132257336,1050.0886601864597,40030.67189794024
338.80000000000854,VALID,25.451350183700622,81.74984805574768,30055.851258858867,1033.590441935112,40048.60459311312
338.90000000000856,VALID,25.451425957637262,81.7496456465266,30053.622942839276,1047.5432178428698,40072.42691964782
339.0000000000086,VALID,25.451501731295785,81.74944323705041,30050.536890823827,1037.9509274417526,40028.279833090375
339.1000000000086,VALID,25.451577504676187,81.74924082731913,30047.11702660847,1070.3276788917015,40043.61801645971
339.20000000000863,VALID,25.451653277778465,81.74903841733274,30054.52988428731,1052.4112884061922,40051.59063470513
339.30000000000865,VALID,25.451729050602612,81.74883600709124,30034.534271771467,1056.786268223426,40027.98479172049
339.4000000000087,VALID,25.451804823148628,81.74863359659464,30038.161977110485,1044.4688621132145,40043.94302917155
339.5000000000087,VALID,25.451880595416505,81.74843118584293,30056.154174944186,1032.703747667877,40056.62165916407
339.6000000000087,VALID,25.451956367406243,81.74822877483611,30050.105572670083,1038.5774652260138,40059.562570598435
339.70000000000874,VALID,25.452032139117836,81.74802636357418,30080.07737226315,1062.7443336593005,40050.06347676754
339.80000000000877,VALID,25.45210791055128,81.74782395205715,30050.36370606206,1051.888633915103,40051.69280075582
339.9000000000088,VALID,25.452183681706572,81.747621540285,30046.445771061135,1040.7475822440952,40057.32935033221
340.0000000000088,VALID,25.452259452583704,81.74741912825772,30057.309268660767,1046.488437877982,40050.3127427953
340.10000000000883,VALID,25.452335223182676,81.74721671597533,30061.075976487373,1043.2319745028642,40042.57146206246
340.20000000000886,VALID,25.45241099350348,81.74701430343782,30043.097299391586,1066.626574478652,40034.547173088635
340.3000000000089,VALID,25.452486763546116,81.74681189064519,30044.281628765744,1040.6757355044463,40050.346677063855
340.4000000000089,VALID,25.452562533310576,81.74660947759743,30049.55804227563,1038.5779833642905,40038.72799983845
340.5000000000089,VALID,25.45263830279686,81.74640706429456,30048.51662430495,1026.3500926007648,40034.70690833609
340.60000000000895,VALID,25.45271407200496,81.74620465073656,30060.790824086285,1025.484323840543,40038.038718792974
340.70000000000897,VALID,25.452789840934873,81.74600223692343,30037.58707844775,1045.7681200327386,40071.77859806242
340.800000000009,VALID,25.452865609586595,81.74579982285518,30040.493320188878,1042.1452755183723,40039.82437235259
340.900000000009,VALID,25.452941377960123,81.7455974085318,30079.766561763783,1058.2325471644149,40059.1427662068
341.00000000000904,VALID,25.453017146055448,81.74539499395327,30062.45404262673,1055.5822126298829,40058.44261832185
341.10000000000906,VALID,25.453092913872567,81.74519257911962,30046.882205797243,1053.5578544870762,40051.33640358746
341.2000000000091,VALID,25.453168681411476,81.74499016403082,30056.28027186472,1026.7799860467564,40073.51558030968
341.3000000000091,VALID,25.453244448672173,81.74478774868689,30066.763915941072,1031.719666949723,40056.07977739737
341.40000000000913,VALID,25.453320215654653,81.74458533308783,30064.100906717715,1050.6731520647036,40051.419776763076
341.50000000000915,VALID,25.45339598235891,81.74438291723362,30064.814674566347,1060.7936135320997,40049.47999118389
341.6000000000092,VALID,25.45347174878494,81.74418050112428,30056.568319792765,1040.7879921461956,40044.7054918296
341.7000000000092,VALID,25.453547514932733,81.74397808475977,30044.274776778402,1048.4719938523488,40071.842282990874
341.8000000000092,VALID,25.453623280802294,81.74377566814013,30061.98875503996,1046.964199758999,40047.85487232302
341.90000000000924,VALID,25.453699046393613,81.74357325126535,30033.984138915934,1052.2446284387531,40068.8183065845
342.00000000000927,VALID,25.453774811706683,81.7433708341354,30068.008671046704,1047.1027621183985,40063.899300594785
342.1000000000093,VALID,25.453850576741505,81.74316841675031,30045.677369491168,1042.6563843810195,40048.95574722522
342.2000000000093,VALID,25.45392634149807,81.74296599911006,30049.43864174494,1060.5383161046498,40050.70197155833
342.30000000000933,VALID,25.454002105976375,81.74276358121466,30041.797900079084,1059.0708654401208,40043.678993076916
342.40000000000936,VALID,25.454077870176416,81.7425611630641,30050.026894349372,1041.5774976519513,40046.58626383875
342.5000000000094,VALID,25.454153634098187,81.74235874465838,30041.746694934933,1042.0034236884371,40059.698755718244
342.6000000000094,VALID,25.45422939774168,81.7421563259975,30046.361909735322,1040.265863164933,40066.22118038787
342.7000000000094,VALID,25.454305161106895,81.74195390708145,30043.78228330304,1040.3980282603875,40056.37028110887
342.80000000000945,VALID,25.454380924193824,81.74175148791025,30043.26661527954,1064.7281128310026,40039.51878298862
342.90000000000947,VALID,25.454456687002462,81.74154906848388,30033.278166471435,1062.3383580473721,40037.665664580716
343.0000000000095,VALID,25.454532449532806,81.74134664880233,30077.07287176039,1049.6011597382076,40042.54666941559
343.1000000000095,VALID,25.45460821178485,81.74114422886562,30068.694469132883,1042.1433800747395,40046.460357754426
343.20000000000954,VALID,25.45468397375859,81.74094180867374,30056.497683345686,1041.5129586195546,40058.047447640674
343.30000000000956,VALID,25.45475973545402,81.74073938822667,30041.65814125398,1040.1936383254715,40038.756874858096
343.4000000000096,VALID,25.45483549687113,81.74053696752443,30056.224340263863,1051.5041228787766,40054.37997807401
343.5000000000096,VALID,25.454911258009922,81.74033454656701,30043.82456185343,1060.8172676863558,40059.7983827974
343.60000000000963,VALID,25.454987018870387,81.7401321253544,30063.881100046747,1047.7182124762774,40058.03856068871
343.70000000000965,VALID,25.455062779452522,81.73992970388662,30048.655374638904,1048.7096562257818,40047.02542790354
343.8000000000097,VALID,25.45513853975632,81.73972728216364,30037.508274772084,1046.9455444015744,40043.132289834735
343.9000000000097,VALID,25.455214299781773,81.73952486018548,30048.19718731566,1063.0195055807906,40057.684084682056
344.0000000000097,VALID,25.455290059528878,81.73932243795214,30050.89863126153,1053.5301406922902,40042.7006910599
344.10000000000974,VALID,25.45536581899763,81.7391200154636,30041.456490118442,1060.0855745639744,40047.79146477562
344.20000000000977,VALID,25.455441578188026,81.73891759271987,30051.53059241032,1041.8994137814977,40040.18621205437
344.3000000000098,VALID,25.455517337100055,81.73871516972095,30048.226300142356,1069.628526891662,40035.84306452025
344.4000000000098,VALID,25.455593095733715,81.73851274646682,30067.814182714214,1041.365613750915,40050.16230975741
344.50000000000983,VALID,25.455668854088998,81.7383103229575,30044.209148369642,1039.3326235803208,40053.84091047749
344.60000000000986,VALID,25.4557446121659,81.73810789919297,30049.801600804574,1045.955805591083,40050.765081261416
344.7000000000099,VALID,25.455820369964417,81.73790547517324,30057.181734852857,1052.1413421967654,40054.09852645909
344.8000000000099,VALID,25.45589612748454,81.73770305089829,30063.29816606687,1053.8749588750688,40049.52894866805
344.9000000000099,VALID,25.455971884726264,81.73750062636813,30060.768930356127,1042.5028205619346,40059.55009569317
345.00000000000995,VALID,25.456047641689583,81.73729820158276,30058.37031098497,1040.9358423762867,40042.287467043374
345.10000000000997,VALID,25.45612339837449,81.73709577654218,30045.976894382566,1049.7662887797026,40054.46838693827
345.20000000001,VALID,25.456199154780982,81.73689335124638,30043.720189286447,1051.6645000378026,40056.42585654199
345.30000000001,VALID,25.45627491090905,81.73669092569536,30058.506117955407,1043.0319155244424,40058.2193943157
345.40000000001004,VALID,25.456350666758688,81.73648849988912,30047.993820323085,1046.4747941548292,40072.90933836597
345.50000000001006,VALID,25.45642642232989,81.73628607382766,30056.17034294667,1051.889076674835,40033.383694117045
345.6000000000101,VALID,25.456502177622653,81.73608364751097,30049.73137516395,1056.772169824359,40055.3875552783
345.7000000000101,VALID,25.456577932636968,81.73588122093905,30036.03346631998,1062.0832987802557,40061.34741912867
345.80000000001013,VALID,25.456653687372828,81.73567879411189,30039.63571201595,1043.7063642400012,40027.73864132155
345.90000000001015,VALID,25.456729441830227,81.7354763670295,30048.032641192414,1056.6073743399882,40055.93296563136
346.0000000000102,VALID,25.45680519600916,81.73527393969188,30046.23114495622,1051.6368350391238,40060.11455559809
346.1000000000102,VALID,25.45688094990962,81.73507151209901,30038.75649553073,1047.7618648530977,40051.639201579594
346.2000000000102,VALID,25.4569567035316,81.7348690842509,30044.984802750754,1038.4714449408586,40063.63440141599
346.30000000001024,VALID,25.45703245687509,81.73466665614755,30054.676813371218,1056.305883195008,40047.19678481522
346.40000000001027,VALID,25.457108209940092,81.73446422778895,30041.96196194816,1050.4883678975089,40049.65014688022
346.5000000000103,VALID,25.457183962726592,81.73426179917509,30044.55290514944,1070.5198748010293,40058.79764930471
346.6000000000103,VALID,25.457259715234585,81.73405937030597,30049.982735991187,1036.1656505327528,40043.59513063065
346.70000000001033,VALID,25.457335467464063,81.7338569411816,30046.5697711308,1080.2360402580396,40044.70053727256
346.80000000001036,VALID,25.45741121941502,81.73365451180197,30048.05495002051,1061.2799739859065,40065.14073909726
346.9000000000104,VALID,25.45748697108745,81.73345208216709,30027.892643454357,1041.6827581679681,40048.522519427
347.0000000000104,VALID,25.45756272248135,81.73324965227694,30041.851719879247,1053.3948686671604,40050.826320214495
347.1000000000104,VALID,25.457638473596703,81.73304722213152,30041.30616411911,1048.0652339744856,40052.33975110669
347.20000000001045,VALID,25.457714224433506,81.73284479173083,30062.941685234044,1051.3936014088247,40035.643155988015
347.30000000001047,VALID,25.457789974991755,81.73264236107487,30057.183260381877,1046.531660212381,40042.244473510575
347.4000000000105,VALID,25.45786572527144,81.73243993016362,30054.38836369355,1044.5327971200516,40050.02109993764
347.5000000000105,VALID,25.457941475272552,81.7322374989971,30042.199933557768,1059.213512531862,40036.11701957982
347.60000000001054,VALID,25.458017224995086,81.73203506757528,30064.06536146859,1051.9792138197777,40052.61875516956
347.70000000001056,VALID,25.458092974439033,81.73183263589819,30046.89823032398,1049.138143632447,40071.93007416526
347.8000000000106,VALID,25.458168723604388,81.7316302039658,30021.994388044615,1066.5118752938251,40060.04900348504
347.9000000000106,VALID,25.45824447249114,81.73142777177813,30056.185628182044,1045.0633022407367,40073.57433594187
348.00000000001063,VALID,25.458320221099278,81.73122533933515,30057.448692738068,1044.4677257829567,40058.06887798125
348.10000000001065,VALID,25.458395969428803,81.73102290663688,30056.755180883014,1052.1111690219627,40066.55338524308
348.2000000000107,VALID,25.4584717174797,81.73082047368331,30064.90555793118,1036.3199096782157,40039.88970018678
348.3000000000107,VALID,25.458547465251964,81.73061804047443,30053.068247594638,1041.1797828899573,40053.63010665649
348.4000000000107,VALID,25.458623212745586,81.73041560701023,30052.403587170404,1052.7213272784666,40053.045705206874
348.50000000001074,VALID,25.458698959960557,81.73021317329072,30042.541257311495,1059.0880923418486,40041.99491380109
348.60000000001077,VALID,25.458774706896868,81.7300107393159,30035.848325822102,1038.6217143422941,40066.24388968518
348.7000000000108,VALID,25.458850453554515,81.72980830508575,30037.69063255492,1035.6127813709834,40047.30601556148
348.8000000000108,VALID,25.458926199933483,81.7296058706003,30047.2444385592,1047.0275728603758,40049.66907734778
348.90000000001083,VALID,25.45900194603377,81.7294034358595,30056.212060410187,1045.821333798771,40047.44289633824
349.00000000001086,VALID,25.45907769185536,81.72920100086337,30049.70961283628,1038.1674599035857,40036.720938229846
349.1000000000109,VALID,25.45915343739825,81.72899856561192,30045.162149981817,1039.316458372169,40039.408906821285
349.2000000000109,VALID,25.459229182662426,81.72879613010512,30029.07778634836,1039.8262734341452,40044.50472690745
349.3000000000109,VALID,25.45930492764788,81.72859369434299,30052.976381003795,1034.7012898206196,40042.68638877172
349.40000000001095,VALID,25.45938067235461,81.7283912583255,30047.554550555753,1047.4865364030713,40058.2458065578
349.50000000001097,VALID,25.459456416782597,81.72818882205266,30064.539056455567,1059.7911922112066,40039.39208872641
349.600000000011,VALID,25.459532160931836,81.72798638552446,30063.651163286035,1044.1570950822309,40054.87434829457
349.700000000011,VALID,25.45960790480232,81.7277839487409,30050.741123055734,1048.1368041050262,40056.07075358594
349.80000000001104,VALID,25.459683648394034,81.727581511702,30051.190538577175,1039.2177994115018,40039.624175402125
349.90000000001106,VALID,25.45975939170697,81.72737907440772,30032.233876985396,1054.860861092299,40052.94200130456
350.0000000000111,VALID,25.45983513474112,81.72717663685808,30057.668952944605,1039.7536273114144,40057.59396323047
350.1000000000111,VALID,25.459910877496473,81.72697419905305,30035.359420343655,1057.637396847552,40046.5636295177
350.20000000001113,VALID,25.459986619973016,81.72677176099265,30042.865898502205,1053.3125169648044,40048.41140432176
350.30000000001115,VALID,25.460062362170742,81.72656932267685,30047.713917768582,1058.9796952936313,40043.860758295996
350.4000000000112,VALID,25.46013810408964,81.72636688410567,30050.46151382084,1047.871878878515,40028.426464930206
350.5000000000112,VALID,25.460213845729697,81.7261644452791,30058.679654337007,1044.937581135518,40056.37323466569
350.6000000000112,VALID,25.460289587090905,81.72596200619712,30044.37056265941,1045.2040750785789,40047.11267595211
350.70000000001124,VALID,25.460365328173253,81.72575956685975,30046.21448129606,1054.4312130841986,40056.5832294608
350.80000000001127,VALID,25.460441068976728,81.72555712726697,30064.09857074001,1044.1138379930705,40050.531609016776
350.9000000000113,VALID,25.46051680950132,81.72535468741877,30042.622548949435,1057.0961421342004,40049.844471198456
351.0000000000113,VALID,25.46059254974702,81.72515224731517,30054.357493126525,1031.549806838312,40060.191707684535
351.10000000001133,VALID,25.460668289713812,81.72494980695613,30039.642131704717,1052.3193601298165,40048.13222563835
351.20000000001136,VALID,25.46074402940169,81.72474736634167,30057.80839768824,1045.8750012379815,40068.87113952958
351.3000000000114,VALID,25.460819768810634,81.72454492547179,30058.493557499576,1059.291418304258,40044.13019605104
351.4000000000114,VALID,25.460895507940638,81.72434248434647,30060.32350094015,1039.8169625802545,40052.43542407179
351.5000000000114,VALID,25.460971246791686,81.7241400429657,30046.58442525524,1058.0910110856962,40055.68485467715
351.60000000001145,VALID,25.46104698536377,81.7239376013295,30049.301858565937,1045.6120121757378,40055.71837625212
351.70000000001147,VALID,25.461122723656874,81.72373515943784,30040.799990370946,1047.7708273993924,40052.270157909836
351.8000000000115,VALID,25.46119846167099,81.72353271729071,30056.507088872673,1048.4739924720802,40044.59999569608
351.9000000000115,VALID,25.4612741994061,81.72333027488813,30044.016148490555,1045.0169170617523,40044.50050079735
352.00000000001154,VALID,25.461349936862188,81.72312783223008,30037.103546778,1066.0515331973863,40062.56062757131
352.10000000001156,VALID,25.461425674039248,81.72292538931654,30045.737757031777,1034.0491725285376,40028.933326145234
352.2000000000116,VALID,25.461501410937263,81.72272294614753,30049.65026203458,1054.5068269951141,40047.60920893535
352.3000000000116,VALID,25.46157714755622,81.72252050272303,30048.124897310096,1033.4630250151624,40051.612403550665
352.40000000001163,VALID,25.461652883896104,81.72231805904303,30041.794387984526,1040.2861713870732,40040.77159296182
352.50000000001165,VALID,25.4617286199569,81.72211561510754,30066.414319085085,1043.4982797491657,40047.88424582619
352.6000000000117,VALID,25.461804355738597,81.72191317091654,30065.25163675254,1045.0274050760027,40039.02931722431
352.7000000000117,VALID,25.461880091241177,81.72171072647002,30058.910847634295,1063.1920472183808,40069.28195950689
352.8000000000117,VALID,25.461955826464624,81.721508281768,30047.760488304113,1053.551950373067,40052.72885826163
352.90000000001174,VALID,25.462031561408924,81.72130583681044,30052.872503678453,1049.9486600390003,40035.78159860858
353.00000000001177,VALID,25.462107296074063,81.72110339159735,30047.941137198028,1046.0110296778732,40050.789109772435
353.1000000000118,VALID,25.462183030460025,81.72090094612872,30053.478327122848,1020.4143104236209,40039.10219801463
353.2000000000118,VALID,25.462258764566794,81.72069850040455,30044.727609045807,1045.3619040515769,40053.29446871198
353.30000000001183,VALID,25.462334498394352,81.72049605442483,30048.57162410719,1046.6760642853994,40045.97524511549
353.40000000001186,VALID,25.46241023194268,81.72029360818954,30053.805325703812,1058.5282174962165,40040.36690239759
353.5000000000119,VALID,25.462485965211766,81.72009116169868,30057.26018623236,1042.881277340401,40047.525807644866
353.6000000000119,VALID,25.46256169820159,81.71988871495225,30049.33945864243,1062.965532714386,40045.324767686245
353.7000000000119,VALID,25.462637430912135,81.71968626795024,30032.13737583342,1041.9882866581474,40052.96924954389
353.80000000001195,VALID,25.462713163343384,81.71948382069263,30050.666078674225,1044.190024056827,40039.01959647178
353.90000000001197,VALID,25.46278889549532,81.71928137317943,30034.576729154753,1042.6779656063286,40044.70838912733
354.000000000012,VALID,25.462864627367917,81.71907892541061,30051.619583415828,1045.414995959402,40056.73319909136
354.100000000012,VALID,25.462940358961163,81.71887647738619,30046.029616172713,1055.4904924935418,40039.42516406921
354.20000000001204,VALID,25.463016090275037,81.71867402910614,30063.535127675455,1054.4849087048979,40041.39401358202
354.30000000001206,VALID,25.46309182130952,81.71847158057045,30064.55070597676,1055.7704735593563,40054.236947767095
354.4000000000121,VALID,25.46316755206459,81.71826913177912,30059.978741240557,1056.0898100604554,40056.374303382065
354.5000000000121,VALID,25.463243282540226,81.71806668273214,30019.352353404036,1058.3902403215588,40043.55297529004
354.60000000001213,VALID,25.46331901273641,81.7178642334295,30053.335001070584,1039.537986082038,40059.87439638978
354.70000000001215,VALID,25.46339474265312,81.71766178387118,30048.889823911373,1051.1189175042196,40047.23063484767
354.8000000000122,VALID,25.46347047229033,81.71745933405718,30045.36955203219,1053.5011078168277,40059.78618664705
354.9000000000122,VALID,25.46354620164802,81.7172568839875,30036.154895634223,1052.173222453119,40033.45312683968
355.0000000000122,VALID,25.463621930726166,81.71705443366211,30078.666552060666,1050.5454002038282,40070.47178646044
355.10000000001224,VALID,25.463697659524748,81.71685198308101,30052.542941470347,1041.5833153008955,40054.40163861318
355.20000000001227,VALID,25.463773388043737,81.71664953224419,30046.416145402705,1057.375511299838,40047.379529621525
355.3000000000123,VALID,25.46384911628311,81.71644708115164,30062.7138281262,1044.613270078204,40039.961431287666
355.4000000000123,VALID,25.463924844242847,81.71624462980336,30051.44028081831,1058.3196997643797,40059.56187893274
355.50000000001234,VALID,25.464000571922917,81.7160421781993,30050.44456914805,1064.5410936550809,40043.18555578803
355.60000000001236,VALID,25.464076299323292,81.71583972633948,30048.6627710133,1037.3540288248073,40041.67122485912
355.7000000000124,VALID,25.464152026443948,81.7156372742239,30046.276340074528,1056.42265698704,40047.12982832419
355.8000000000124,VALID,25.46422775328486,81.71543482185251,30056.45043859985,1052.877658269187,40050.96760021459
355.9000000000124,VALID,25.464303479845995,81.71523236922532,30056.23392583051,1075.173825890507,40048.969612301626
356.00000000001245,VALID,25.464379206127326,81.71502991634232,30043.352517925847,1058.7855825028582,40054.62960288917
356.10000000001247,VALID,25.464454932128824,81.71482746320348,30045.342364034317,1053.7869789672693,40044.41713551734
356.2000000000125,VALID,25.464530657850457,81.7146250098088,30034.711290518826,1047.0075495586082,40044.02939091307
356.3000000000125,VALID,25.464606383292193,81.71442255615827,30055.809515815377,1063.1023455567306,40053.24275768618
356.40000000001254,VALID,25.464682108454,81.71422010225186,30044.242720108316,1040.6923278909035,40058.979067668835
356.50000000001256,VALID,25.464757833335845,81.71401764808957,30035.78494832124,1045.8814869508185,40033.256945120025
356.6000000000126,VALID,25.464833557937695,81.71381519367137,30057.30907224574,1067.688176362554,40060.62935475074
356.7000000000126,VALID,25.464909282259516,81.71361273899726,30041.55495807492,1052.701417982312,40054.036482971824
356.80000000001263,VALID,25.46498500630127,81.71341028406721,30050.74915094961,1044.1339386044638,40052.975237840204
356.90000000001265,VALID,25.46506073006292,81.71320782888121,30041.81678903585,1033.3988180417052,40043.25307893638
357.0000000000127,VALID,25.465136453544428,81.71300537343924,30052.28012674607,1049.6347956095437,40049.17306801766
357.1000000000127,VALID,25.465212176745755,81.71280291774129,30050.075618240484,1050.5570578836982,40025.21878716489
357.2000000000127,VALID,25.465287899666862,81.71260046178733,30057.398761271725,1041.578574950946,40033.45847549871
357.30000000001274,VALID,25.465363622307706,81.71239800557736,30044.265139818563,1036.1639587701811,40056.832285850316
357.40000000001277,VALID,25.465439344668244,81.71219554911133,30048.998681782003,1050.0640239406725,40057.85400594346
357.5000000000128,VALID,25.46551506674843,81.71199309238925,30046.10142750074,1046.2530637847021,40050.35615926244
357.6000000000128,VALID,25.46559078854822,81.71179063541108,30044.97199279619,1048.5861668404766,40049.58219553556
357.70000000001284,VALID,25.465666510067564,81.71158817817681,30057.582015101227,1034.0535248571823,40044.73989688466
357.80000000001286,VALID,25.465742231306415,81.71138572068641,30045.02693134067,1046.172765650564,40044.96719956235
357.9000000000129,VALID,25.46581795226472,81.71118326293985,30034.045555564946,1056.4349697442196,40046.771106151966
358.0000000000129,VALID,25.465893672942432,81.71098080493714,30037.02284610989,1050.526304877402,40055.71592905944
358.1000000000129,VALID,25.465969393339492,81.71077834667823,30050.024537069254,1033.5348199774264,40048.281908294186
358.20000000001295,VALID,25.466045113455845,81.71057588816308,30050.22987107877,1044.5621318545345,40048.83859285715
358.300000000013,VALID,25.46612083329143,81.71037342939168,30047.402261383268,1047.0818296323484,40048.24688394441
358.400000000013,VALID,25.466196552846192,81.71017097036402,30049.84656821155,1037.9914555879673,40055.680389287874
358.500000000013,VALID,25.46627227212006,81.70996851108005,30057.748824197974,1045.189675945124,40039.26347448243
358.60000000001304,VALID,25.466347991112976,81.70976605153975,30055.609734332673,1041.5233409825305,40043.445398468124
358.70000000001306,VALID,25.466423709824866,81.70956359174306,30034.258162335056,1054.8002735427906,40053.50262456775
358.8000000000131,VALID,25.466499428255663,81.70936113168999,30033.977626125677,1039.886556764861,40050.58483903922
358.9000000000131,VALID,25.46657514640529,81.70915867138048,30042.381828409445,1051.5358930154841,40043.73709064948
359.00000000001313,VALID,25.46665086427367,81.7089562108145,30057.618378160103,1044.483031130196,40032.79784410335
359.10000000001315,VALID,25.466726581860723,81.70875374999203,30057.948901124735,1059.378460896302,40054.17498025738
359.2000000000132,VALID,25.46680229916636,81.708551288913,30063.676448079237,1036.0971934869567,40056.846323811355
359.3000000000132,VALID,25.4668780161905,81.7083488275774,30041.998126582275,1061.5528366392477,40057.32597478438
359.4000000000132,VALID,25.466953732933046,81.70814636598516,30046.98432919655,1058.8415778526594,40057.75575472698
359.50000000001324,VALID,25.467029449393902,81.70794390413626,30053.547763982137,1058.374961075193,40053.6813412217
359.60000000001327,VALID,25.467105165572963,81.70774144203064,30061.090767053225,1042.199248630404,40036.62389981306
359.7000000000133,VALID,25.467180881470124,81.70753897966826,30044.56671394329,1036.51701624814,40057.35606198385
359.8000000000133,VALID,25.46725659708527,81.70733651704906,30057.965106136275,1045.480166193704,40048.206719549904
359.90000000001334,VALID,25.467332312418286,81.70713405417298,30055.413936715588,1049.5633881978395,40061.78330622244
360.00000000001336,VALID,25.46740802746904,81.70693159103998,30067.381306049552,1055.3377300833602,40048.09649737918
360.1000000000134,VALID,25.467483742237405,81.70672912764998,30053.060062532968,1061.0304134928654,40056.5129634524
360.2000000000134,VALID,25.467559456723237,81.70652666400294,30047.163607551345,1056.5659484610287,40049.37772879917
360.3000000000134,VALID,25.467635170926386,81.70632420009876,30044.746182813113,1038.2804005065975,40052.665208759114
360.40000000001345,VALID,25.46771088484669,81.7061217359374,30042.774839216436,1056.997466027395,40042.45201947821
360.5000000000135,VALID,25.467786598483983,81.70591927151877,30043.917160804536,1027.2602927032485,40040.25083012492
360.6000000000135,VALID,25.46786231183808,81.70571680684277,30058.55222463089,1048.1460285003361,40066.43374463839
360.7000000000135,VALID,25.46793802490879,81.70551434190934,30067.842094762666,1049.796372675867,40035.54289374001
360.80000000001354,VALID,25.4680137376959,81.70531187671835,30057.234481871095,1040.7032430059214,40061.59314121637
360.90000000001356,VALID,25.468089450199194,81.70510941126975,30038.833240945583,1063.2590012402597,40062.01664258304
361.0000000000136,VALID,25.468165162418426,81.70490694556338,30043.008459834204,1053.6296068176268,40051.49843475508
361.1000000000136,VALID,25.46824087435333,81.70470447959914,30058.158041770323,1047.3063099676908,40055.51276100145
361.20000000001363,VALID,25.468316586003628,81.7045020133769,30054.143553689686,1041.0942392714878,40055.178909722
361.30000000001365,VALID,25.468392297369007,81.70429954689651,30060.22760929952,1044.6646786650558,40056.7688761104
361.4000000000137,VALID,25.468468008449133,81.70409708015782,30053.60012394431,1051.62362070354,40052.26260188467
361.5000000000137,VALID,25.468543719243627,81.70389461316067,30035.12880647088,1059.8847333486287,40061.042425071544
361.6000000000137,VALID,25.468619429752085,81.70369214590487,30050.58863419473,1071.2122938663672,40042.39429959443
361.70000000001374,VALID,25.46869513997405,81.70348967839018,30058.26146020061,1042.7311947618198,40045.80884218815
361.80000000001377,VALID,25.46877084990901,81.70328721061641,30050.173162971532,1051.1592877914254,40040.058834259165
361.9000000000138,VALID,25.4688465595564,81.70308474258327,30063.851266763766,1047.5496600518634,40052.205957256374
362.0000000000138,VALID,25.468922268915573,81.70288227429049,30060.705041623336,1075.9702665160896,40054.3291785702
362.10000000001384,VALID,25.468997977985794,81.7026798057377,30047.696643432595,1042.911732962449,40060.373494433574
362.20000000001386,VALID,25.469073686766215,81.70247733692455,30048.510402369666,1063.2042910176674,40049.05574713902
362.3000000000139,VALID,25.469149395255855,81.70227486785056,30044.379160613982,1051.8869215298937,40032.14110745634
362.4000000000139,VALID,25.46922510345355,81.70207239851521,30030.087741462874,1045.8302830159087,40043.321623437005
362.5000000000139,VALID,25.469300811357915,81.70186992891786,30066.40707758984,1053.9935399421065,40064.816892016526
362.60000000001395,VALID,25.469376518967266,81.70166745905775,30058.30192965801,1047.8759409517822,40067.05674112584
362.700000000014,VALID,25.469452226279508,81.70146498893389,30047.657764052765,1058.5072409995007,40067.078163936705
362.800000000014,VALID,25.469527933291968,81.70126251854508,30050.966964536245,1038.4636596805396,40054.059038911284
362.900000000014,VALID,25.469603640001115,81.7010600478897,30053.93697849008,1050.8440796117857,40069.9011485272
363.00000000001404,VALID,25.469679346402067,81.7008575769655,30060.271396982753,1045.222630121262,40063.71608241503
363.10000000001406,VALID,25.469755052487645,81.7006551057692,30048.09895286368,1040.5225153536041,40055.46726177766
363.2000000000141,VALID,25.46983075824623,81.70045263429546,30046.43771276716,1065.4291056557677,40042.25920704843
363.3000000000141,VALID,25.469906463655803,81.70025016253418,30044.770388796434,1067.1031805445357,40051.35416459884
363.40000000001413,VALID,25.46998216865872,81.70004769045892,30076.03176521794,1035.0360941462432,40061.48111410823
363.50000000001415,VALID,25.47,81.7,30047.791738311902,1052.433769113789,40037.49818575117
