timestamp,status,latitude,longitude,altitude_above_ground_m
0.0,VALID,25.050121050170347,81.55017274733822,1889.6829092845915
0.1,VALID,25.05024210014067,81.5503454950178,1891.2924527191535
0.2,VALID,25.050363149910975,81.55051824303872,1891.583549394129
0.30000000000000004,VALID,25.050484199481254,81.55069099140101,1888.8950742460954
0.4,VALID,25.050605248851504,81.55086374010466,1889.2677156005216
0.5,VALID,25.050726298021726,81.55103648914968,1888.1308056346593
0.6,VALID,25.050847346991915,81.55120923853606,1887.7887178055314
0.7,VALID,25.050968395762073,81.55138198826381,1888.978367369855
0.7999999999999999,VALID,25.051089444332195,81.55155473833292,1887.7655340154745
0.8999999999999999,VALID,25.051210492702282,81.55172748874341,1892.0594437003006
0.9999999999999999,VALID,25.05133154087233,81.55190023949528,1890.7305587132412
1.0999999999999999,VALID,25.051452588842334,81.55207299058853,1888.623980075843
1.2,VALID,25.051573636612297,81.55224574202315,1889.354746283049
1.3,VALID,25.051694684182216,81.55241849379915,1890.671312983766
1.4000000000000001,VALID,25.05181573155209,81.55259124591655,1885.8873739052472
1.5000000000000002,VALID,25.051936778721913,81.55276399837533,1884.6276547591206
1.6000000000000003,VALID,25.052057825691687,81.5529367511755,1887.8374393610886
1.7000000000000004,VALID,25.052178872461408,81.55310950431705,1883.4056181003627
1.8000000000000005,VALID,25.052299919031075,81.5532822578,1888.8253834238694
1.9000000000000006,VALID,25.052420965400685,81.55345501162435,1888.9293762267648
2.0000000000000004,VALID,25.05254201157024,81.5536277657901,1887.6128307319916
2.1000000000000005,VALID,25.052663057539732,81.55380052029724,1886.6891968795553
2.2000000000000006,VALID,25.052784103309165,81.5539732751458,1891.7153795002803
2.3000000000000007,VALID,25.052905148878533,81.55414603033574,1892.3452083001994
2.400000000000001,VALID,25.053026194247835,81.55431878586711,1890.8052742095224
2.500000000000001,VALID,25.05314723941707,81.55449154173989,1884.9348552933077
2.600000000000001,VALID,25.053268284386235,81.55466429795408,1892.7214870190835
2.700000000000001,VALID,25.05338932915533,81.55483705450968,1892.4821124265331
2.800000000000001,VALID,25.05351037372435,81.55500981140669,1893.0129413120767
2.9000000000000012,VALID,25.053631418093296,81.55518256864514,1891.2536349935292
3.0000000000000013,VALID,25.053752462262164,81.555355326225,1888.9026821320729
3.1000000000000014,VALID,25.053873506230953,81.55552808414629,1894.6698060967383
3.2000000000000015,VALID,25.05399454999966,81.55570084240901,1890.9223984966816
3.3000000000000016,VALID,25.054115593568284,81.55587360101316,1889.060387815072
3.4000000000000017,VALID,25.05423663693682,81.55604635995874,1893.186780799554
3.5000000000000018,VALID,25.054357680105273,81.55621911924575,1888.6013661014633
3.600000000000002,VALID,25.054478723073636,81.55639187887421,1891.061260453734
3.700000000000002,VALID,25.054599765841907,81.5565646388441,1885.331760457608
3.800000000000002,VALID,25.054720808410085,81.55673739915542,1887.4142388450593
3.900000000000002,VALID,25.054841850778168,81.5569101598082,1888.6117491760588
4.000000000000002,VALID,25.054962892946154,81.55708292080242,1891.715208812198
4.100000000000001,VALID,25.05508393491404,81.55725568213808,1887.6295192652135
4.200000000000001,VALID,25.055204976681825,81.5574284438152,1887.3313825939128
4.300000000000001,VALID,25.055326018249506,81.55760120583378,1891.2563520803822
4.4,VALID,25.055447059617084,81.5577739681938,1889.3414524163109
4.5,VALID,25.055568100784555,81.55794673089528,1887.2495535439355
4.6,VALID,25.055689141751916,81.55811949393824,1885.8084563547638
4.699999999999999,VALID,25.055810182519167,81.55829225732265,1886.832566811689
4.799999999999999,VALID,25.055931223086304,81.55846502104852,1884.7357672609933
4.899999999999999,VALID,25.056052263453328,81.55863778511586,1890.944412220101
4.999999999999998,VALID,25.056173303620234,81.55881054952468,1891.368625795677
5.099999999999998,VALID,25.05629434358702,81.55898331427497,1890.7290076658692
5.1999999999999975,VALID,25.056415383353684,81.55915607936673,1891.6870828871693
5.299999999999997,VALID,25.056536422920228,81.55932884479996,1890.0174704849262
5.399999999999997,VALID,25.056657462286648,81.55950161057469,1891.0370618675524
5.4999999999999964,VALID,25.05677850145294,81.5596743766909,1888.1469771219909
5.599999999999996,VALID,25.056899540419103,81.55984714314857,1893.8907531403913
5.699999999999996,VALID,25.057020579185135,81.56001990994774,1890.7169545494005
5.799999999999995,VALID,25.057141617751036,81.56019267708841,1888.6788618005226
5.899999999999995,VALID,25.0572626561168,81.56036544457056,1887.966402359709
5.999999999999995,VALID,25.05738369428243,81.56053821239422,1890.595043103637
6.099999999999994,VALID,25.057504732247917,81.56071098055936,1892.642886666578
6.199999999999994,VALID,25.057625770013264,81.56088374906601,1892.1423678518922
6.299999999999994,VALID,25.057746807578468,81.56105651791415,1894.545816655997
6.399999999999993,VALID,25.057867844943527,81.5612292871038,1896.5807763142448
6.499999999999993,VALID,25.05798888210844,81.56140205663496,1893.4808074691018
6.5999999999999925,VALID,25.058109919073203,81.56157482650762,1894.2346690008924
6.699999999999992,VALID,25.058230955837818,81.5617475967218,1893.6832193965442
6.799999999999992,VALID,25.05835199240228,81.5619203672775,1889.3147410737322
6.8999999999999915,VALID,25.058473028766585,81.5620931381747,1887.1290982989822
6.999999999999991,VALID,25.058594064930734,81.56226590941343,1887.618807278471
7.099999999999991,VALID,25.058715100894723,81.56243868099368,1891.1167828752423
7.19999999999999,VALID,25.058836136658552,81.56261145291545,1883.4476859100384
7.29999999999999,VALID,25.058957172222218,81.56278422517875,1892.6877156540045
7.39999999999999,VALID,25.059078207585717,81.56295699778357,1886.5173888392553
7.499999999999989,VALID,25.05919924274905,81.56312977072993,1886.0893854170379
7.599999999999989,VALID,25.059320277712214,81.56330254401783,1886.7901905484862
7.699999999999989,VALID,25.059441312475204,81.56347531764726,1885.0043149448452
7.799999999999988,VALID,25.059562347038025,81.56364809161823,1887.2547919355472
7.899999999999988,VALID,25.059683381400667,81.56382086593074,1887.3446495386718
7.999999999999988,VALID,25.059804415563132,81.56399364058478,1890.7891875101634
8.099999999999987,VALID,25.05992544952542,81.56416641558039,1884.2781694703367
8.199999999999987,VALID,25.060046483287525,81.56433919091754,1889.2712770322514
8.299999999999986,VALID,25.060167516849447,81.56451196659623,1888.545323241995
8.399999999999986,VALID,25.060288550211183,81.56468474261648,1888.9268135596717
8.499999999999986,VALID,25.06040958337273,81.56485751897829,1883.8629451184138
8.599999999999985,VALID,25.06053061633409,81.56503029568165,1889.9786364362394
8.699999999999985,VALID,25.06065164909526,81.56520307272658,1890.421073800311
8.799999999999985,VALID,25.060772681656232,81.56537585011306,1886.8820197646448
8.899999999999984,VALID,25.06089371401701,81.56554862784111,1891.7030445911398
8.999999999999984,VALID,25.061014746177587,81.56572140591074,1894.6780377609664
9.099999999999984,VALID,25.061135778137967,81.56589418432193,1893.5321355399715
9.199999999999983,VALID,25.061256809898143,81.5660669630747,1893.0639653002042
9.299999999999983,VALID,25.061377841458114,81.56623974216905,1890.8246907318876
9.399999999999983,VALID,25.06149887281788,81.56641252160496,1892.156842684557
9.499999999999982,VALID,25.061619903977437,81.56658530138246,1887.3870630334895
9.599999999999982,VALID,25.061740934936783,81.56675808150155,1889.9822042032104
9.699999999999982,VALID,25.06186196569592,81.56693086196222,1887.3006954487312
9.799999999999981,VALID,25.061982996254837,81.56710364276448,1885.4095338795266
9.89999999999998,VALID,25.06210402661354,81.56727642390833,1886.1217589779278
9.99999999999998,VALID,25.06222505677202,81.56744920539377,1882.9662058158046
10.09999999999998,VALID,25.062346086730283,81.5676219872208,1879.9884734871166
10.19999999999998,VALID,25.06246711648832,81.56779476938944,1888.4003534408937
10.29999999999998,VALID,25.062588146046135,81.56796755189967,1886.17103562144
10.399999999999979,VALID,25.06270917540372,81.5681403347515,1888.571386773005
10.499999999999979,VALID,25.06283020456108,81.56831311794495,1882.3633401579964
10.599999999999978,VALID,25.062951233518206,81.56848590148,1884.190458716528
10.699999999999978,VALID,25.0630722622751,81.56865868535667,1885.8944958317009
10.799999999999978,VALID,25.063193290831755,81.56883146957495,1886.0530434793172
10.899999999999977,VALID,25.063314319188173,81.56900425413484,1886.0858084134422
10.999999999999977,VALID,25.063435347344353,81.56917703903635,1890.911433031385
11.099999999999977,VALID,25.06355637530029,81.56934982427947,1888.430727956607
11.199999999999976,VALID,25.063677403055983,81.56952260986422,1885.8868141963783
11.299999999999976,VALID,25.06379843061143,81.5696953957906,1888.6011983257035
11.399999999999975,VALID,25.06391945796663,81.56986818205861,1887.8798343007634
11.499999999999975,VALID,25.064040485121577,81.57004096866825,1886.5736650501751
11.599999999999975,VALID,25.06416151207627,81.57021375561952,1892.9258859264492
11.699999999999974,VALID,25.06428253883071,81.57038654291243,1888.8850901705914
11.799999999999974,VALID,25.064403565384893,81.57055933054697,1894.5114002724208
11.899999999999974,VALID,25.064524591738817,81.57073211852315,1890.5411084258471
11.999999999999973,VALID,25.064645617892477,81.57090490684098,1890.4179357774078
12.099999999999973,VALID,25.064766643845875,81.57107769550045,1887.6415912712332
12.199999999999973,VALID,25.064887669599006,81.57125048450158,1888.2119794836583
12.299999999999972,VALID,25.06500869515187,81.57142327384435,1886.216595389575
12.399999999999972,VALID,25.065129720504466,81.57159606352877,1887.0971805879205
12.499999999999972,VALID,25.065250745656787,81.57176885355486,1888.6280289897024
12.599999999999971,VALID,25.065371770608834,81.5719416439226,1886.608239864568
12.69999999999997,VALID,25.065492795360605,81.572114434632,1888.6720870043396
12.79999999999997,VALID,25.065613819912098,81.57228722568307,1887.893211242786
12.89999999999997,VALID,25.06573484426331,81.57246001707581,1888.0010547699062
12.99999999999997,VALID,25.06585586841424,81.57263280881021,1894.3670115102339
13.09999999999997,VALID,25.065976892364883,81.57280560088628,1889.7101285214208
13.199999999999969,VALID,25.06609791611524,81.57297839330404,1891.0340404623726
13.299999999999969,VALID,25.066218939665305,81.57315118606347,1888.336208201221
13.399999999999968,VALID,25.06633996301508,81.57332397916457,1892.2363910423055
13.499999999999968,VALID,25.06646098616456,81.57349677260736,1890.123402882084
13.599999999999968,VALID,25.066582009113745,81.57366956639183,1887.2289754165236
13.699999999999967,VALID,25.06670303186263,81.57384236051799,1884.9316043139747
13.799999999999967,VALID,25.066824054411217,81.57401515498584,1888.083169529745
13.899999999999967,VALID,25.0669450767595,81.57418794979539,1884.4725365019767
13.999999999999966,VALID,25.067066098907475,81.57436074494663,1882.162095066074
14.099999999999966,VALID,25.067187120855145,81.57453354043956,1890.4936441021803
14.199999999999966,VALID,25.067308142602506,81.57470633627419,1888.7544556902608
14.299999999999965,VALID,25.067429164149555,81.57487913245053,1890.724939658103
14.399999999999965,VALID,25.06755018549629,81.57505192896858,1889.7243807754066
14.499999999999964,VALID,25.06767120664271,81.57522472582833,1888.2214631096415
14.599999999999964,VALID,25.06779222758881,81.57539752302979,1887.127923860085
14.699999999999964,VALID,25.06791324833459,81.57557032057296,1887.3421296019378
14.799999999999963,VALID,25.068034268880048,81.57574311845785,1888.3802362030128
14.899999999999963,VALID,25.06815528922518,81.57591591668447,1890.0065318843576
14.999999999999963,VALID,25.06827630936999,81.5760887152528,1888.8777392991058
15.099999999999962,VALID,25.068397329314465,81.57626151416285,1886.023329401143
15.199999999999962,VALID,25.068518349058607,81.57643431341464,1886.095724979235
15.299999999999962,VALID,25.068639368602415,81.57660711300815,1886.1201143207325
15.399999999999961,VALID,25.06876038794589,81.5767799129434,1885.779762832846
15.499999999999961,VALID,25.068881407089023,81.57695271322036,1889.420737472388
15.59999999999996,VALID,25.069002426031815,81.57712551383908,1890.383351043263
15.69999999999996,VALID,25.069123444774267,81.57729831479953,1891.7176012412428
15.79999999999996,VALID,25.069244463316373,81.57747111610173,1887.6056048975586
15.89999999999996,VALID,25.06936548165813,81.57764391774568,1886.5650175205287
15.99999999999996,VALID,25.069486499799538,81.57781671973136,1890.7228125432339
16.09999999999996,VALID,25.069607517740593,81.5779895220588,1885.473862228387
16.19999999999996,VALID,25.069728535481293,81.578162324728,1890.089239279121
16.29999999999996,VALID,25.069849553021637,81.57833512773894,1885.6546024241245
16.399999999999963,VALID,25.069970570361622,81.57850793109165,1889.0873274730518
16.499999999999964,VALID,25.070091587501246,81.57868073478612,1888.6694695765473
16.599999999999966,VALID,25.070212604440506,81.57885353882234,1890.9834217637601
16.699999999999967,VALID,25.0703336211794,81.57902634320034,1886.7817019909357
16.79999999999997,VALID,25.070454637717926,81.57919914792011,1889.2160728158608
16.89999999999997,VALID,25.070575654056082,81.57937195298165,1889.1960123478839
16.99999999999997,VALID,25.070696670193865,81.57954475838496,1887.327693433768
17.099999999999973,VALID,25.07081768613127,81.57971756413005,1887.2744193961853
17.199999999999974,VALID,25.0709387018683,81.57989037021692,1882.9760838390182
17.299999999999976,VALID,25.07105971740495,81.58006317664557,1884.9062761249102
17.399999999999977,VALID,25.071180732741215,81.580235983416,1888.7077477400107
17.49999999999998,VALID,25.071301747877097,81.58040879052822,1890.268973828229
17.59999999999998,VALID,25.071422762812592,81.58058159798223,1891.7917904971105
17.69999999999998,VALID,25.071543777547696,81.58075440577804,1890.7253266635205
17.799999999999983,VALID,25.07166479208241,81.58092721391564,1889.3499251112767
17.899999999999984,VALID,25.071785806416727,81.58110002239505,1887.4727440760014
17.999999999999986,VALID,25.07190682055065,81.58127283121625,1886.452711592032
18.099999999999987,VALID,25.072027834484174,81.58144564037926,1888.9575847316548
18.19999999999999,VALID,25.0721488482173,81.58161844988408,1883.378782061597
18.29999999999999,VALID,25.07226986175002,81.5817912597307,1887.0127002754252
18.39999999999999,VALID,25.072390875082334,81.58196406991912,1884.4082419857582
18.499999999999993,VALID,25.07251188821424,81.58213688044937,1884.972664982402
18.599999999999994,VALID,25.072632901145735,81.58230969132144,1887.48341271794
18.699999999999996,VALID,25.072753913876817,81.58248250253533,1883.3337430943664
18.799999999999997,VALID,25.072874926407483,81.58265531409104,1887.8291351681505
18.9,VALID,25.07299593873773,81.58282812598858,1887.3767136268518
19.0,VALID,25.073116950867558,81.58300093822795,1886.567603695854
19.1,VALID,25.073237962796963,81.58317375080915,1887.6796440789376
19.200000000000003,VALID,25.07335897452594,81.58334656373219,1890.7592474981536
19.300000000000004,VALID,25.073479986054494,81.58351937699706,1888.6100690823798
19.400000000000006,VALID,25.073600997382616,81.58369219060377,1884.811292668995
19.500000000000007,VALID,25.073722008510305,81.58386500455232,1885.139191259247
19.60000000000001,VALID,25.07384301943756,81.58403781884272,1889.3915180791666
19.70000000000001,VALID,25.07396403016438,81.58421063347497,1885.1333341588902
19.80000000000001,VALID,25.074085040690758,81.58438344844907,1888.068065564768
19.900000000000013,VALID,25.074206051016695,81.58455626376502,1889.2035360561424
20.000000000000014,VALID,25.07432706114219,81.58472907942283,1889.9372388554532
20.100000000000016,VALID,25.074448071067234,81.5849018954225,1886.6201109700567
20.200000000000017,VALID,25.07456908079183,81.58507471176404,1886.8571848220847
20.30000000000002,VALID,25.074690090315972,81.58524752844744,1890.6461997102615
20.40000000000002,VALID,25.07481109963966,81.58542034547271,1887.0095315681522
20.50000000000002,VALID,25.07493210876289,81.58559316283986,1887.4921276311488
20.600000000000023,VALID,25.075053117685663,81.58576598054887,1890.0033435650005
20.700000000000024,VALID,25.075174126407973,81.58593879859976,1886.5417916766426
20.800000000000026,VALID,25.075295134929817,81.58611161699253,1892.5180227835062
20.900000000000027,VALID,25.075416143251196,81.58628443572718,1893.2116274970326
21.00000000000003,VALID,25.075537151372107,81.58645725480372,1886.194928393353
21.10000000000003,VALID,25.075658159292544,81.58663007422214,1888.584088577923
21.20000000000003,VALID,25.075779167012506,81.58680289398245,1889.2986493477592
21.300000000000033,VALID,25.07590017453199,81.58697571408466,1888.0595959957257
21.400000000000034,VALID,25.076021181850997,81.58714853452877,1884.8088081894216
21.500000000000036,VALID,25.07614218896952,81.58732135531477,1890.4905535638927
21.600000000000037,VALID,25.07626319588756,81.58749417644268,1887.693124098195
21.70000000000004,VALID,25.076384202605112,81.58766699791249,1888.6981557199272
21.80000000000004,VALID,25.076505209122175,81.58783981972421,1892.7071858048485
21.90000000000004,VALID,25.076626215438743,81.58801264187784,1889.9065677281735
22.000000000000043,VALID,25.076747221554818,81.58818546437338,1886.246378558693
22.100000000000044,VALID,25.076868227470396,81.58835828721084,1888.1641521307804
22.200000000000045,VALID,25.076989233185472,81.58853111039022,1886.8503536331916
22.300000000000047,VALID,25.077110238700048,81.58870393391152,1893.008105909226
22.40000000000005,VALID,25.07723124401412,81.58887675777474,1890.9053857013398
22.50000000000005,VALID,25.07735224912768,81.58904958197989,1892.5645522025723
22.60000000000005,VALID,25.077473254040733,81.58922240652699,1889.0869254609036
22.700000000000053,VALID,25.077594258753273,81.589395231416,1891.3957805171253
22.800000000000054,VALID,25.077715263265297,81.58956805664697,1891.8757744556008
22.900000000000055,VALID,25.077836267576803,81.58974088221987,1886.7012941522266
23.000000000000057,VALID,25.077957271687787,81.58991370813472,1886.4354614234737
23.10000000000006,VALID,25.078078275598248,81.5900865343915,1886.835305733034
23.20000000000006,VALID,25.078199279308183,81.59025936099025,1888.2567128050196
23.30000000000006,VALID,25.07832028281759,81.59043218793094,1883.373512567183
23.400000000000063,VALID,25.078441286126463,81.5906050152136,1881.6676582844789
23.500000000000064,VALID,25.078562289234803,81.59077784283821,1883.0619872754585
23.600000000000065,VALID,25.078683292142607,81.59095067080477,1887.0867054177284
23.700000000000067,VALID,25.07880429484987,81.59112349911331,1886.2678005359624
23.800000000000068,VALID,25.07892529735659,81.5912963277638,1889.5397075317476
23.90000000000007,VALID,25.079046299662767,81.59146915675626,1893.380883347494
24.00000000000007,VALID,25.079167301768397,81.5916419860907,1891.9078698148826
24.100000000000072,VALID,25.079288303673476,81.59181481576712,1892.5821840785557
24.200000000000074,VALID,25.079409305378,81.59198764578552,1892.49880854062
24.300000000000075,VALID,25.07953030688197,81.5921604761459,1891.8090036020249
24.400000000000077,VALID,25.079651308185383,81.59233330684827,1890.2178761279017
24.500000000000078,VALID,25.079772309288234,81.59250613789263,1888.2249064016146
24.60000000000008,VALID,25.07989331019052,81.59267896927896,1894.4420508298158
24.70000000000008,VALID,25.080014310892242,81.5928518010073,1889.6651240928566
24.800000000000082,VALID,25.08013531139339,81.59302463307763,1889.8007120284674
24.900000000000084,VALID,25.08025631169397,81.59319746548996,1890.9041768646146
25.000000000000085,VALID,25.080377311793974,81.59337029824431,1891.9248310233588
25.100000000000087,VALID,25.0804983116934,81.59354313134065,1885.6174387657454
25.200000000000088,VALID,25.080619311392248,81.59371596477901,1886.6980501491673
25.30000000000009,VALID,25.08074031089051,81.59388879855938,1892.4901374326673
25.40000000000009,VALID,25.080861310188187,81.59406163268176,1892.0140938006282
25.500000000000092,VALID,25.080982309285275,81.59423446714617,1890.1799484157448
25.600000000000094,VALID,25.08110330818177,81.59440730195259,1887.4045827800226
25.700000000000095,VALID,25.081224306877672,81.59458013710103,1890.9735944656418
25.800000000000097,VALID,25.081345305372977,81.59475297259151,1893.7551509724815
25.900000000000098,VALID,25.081466303667682,81.59492580842402,1887.423512664775
26.0000000000001,VALID,25.081587301761783,81.59509864459856,1891.1105831176499
26.1000000000001,VALID,25.08170829965528,81.59527148111515,1887.9151340476117
26.200000000000102,VALID,25.081829297348165,81.59544431797377,1889.8386853405036
26.300000000000104,VALID,25.08195029484044,81.59561715517444,1889.5687383756633
26.400000000000105,VALID,25.0820712921321,81.59578999271716,1891.5636651653497
26.500000000000107,VALID,25.08219228922314,81.59596283060192,1889.3842690791942
26.600000000000108,VALID,25.082313286113564,81.59613566882874,1892.0229517007242
26.70000000000011,VALID,25.082434282803362,81.59630850739761,1893.5090698838778
26.80000000000011,VALID,25.082555279292535,81.59648134630855,1895.4429634982387
26.900000000000112,VALID,25.08267627558108,81.59665418556155,1892.3416551427474
27.000000000000114,VALID,25.08279727166899,81.59682702515661,1889.9212358535428
27.100000000000115,VALID,25.082918267556266,81.59699986509375,1888.7715834979595
27.200000000000117,VALID,25.083039263242906,81.59717270537296,1888.5532688511178
27.300000000000118,VALID,25.083160258728903,81.59734554599424,1888.0675832253469
27.40000000000012,VALID,25.083281254014256,81.5975183869576,1887.9649767777744
27.50000000000012,VALID,25.083402249098963,81.59769122826305,1888.914432398582
27.600000000000122,VALID,25.08352324398302,81.59786406991057,1893.156130639321
27.700000000000124,VALID,25.083644238666423,81.5980369119002,1893.1759743634818
27.800000000000125,VALID,25.083765233149173,81.5982097542319,1885.068795877457
27.900000000000126,VALID,25.08388622743126,81.59838259690571,1891.4524782142444
28.000000000000128,VALID,25.08400722151269,81.59855543992161,1890.1511669893123
28.10000000000013,VALID,25.084128215393452,81.59872828327963,1887.0297863172075
28.20000000000013,VALID,25.084249209073548,81.59890112697974,1887.5837051062667
28.300000000000132,VALID,25.08437020255297,81.59907397102197,1889.7636204208125
28.400000000000134,VALID,25.08449119583172,81.5992468154063,1890.5743753971958
28.500000000000135,VALID,25.08461218890979,81.59941966013275,1889.465928977127
28.600000000000136,VALID,25.084733181787183,81.59959250520133,1890.4193179362208
28.700000000000138,VALID,25.084854174463892,81.59976535061203,1892.4537937408356
28.80000000000014,VALID,25.084975166939913,81.59993819636486,1887.7450212546466
28.90000000000014,VALID,25.085096159215244,81.60011104245982,1890.6025528539583
29.000000000000142,VALID,25.085217151289882,81.6002838888969,1893.4421649960314
29.100000000000144,VALID,25.085338143163824,81.60045673567612,1888.4751098627157
29.200000000000145,VALID,25.085459134837066,81.60062958279748,1892.0676047956015
29.300000000000146,VALID,25.08558012630961,81.60080243026098,1891.9678207154602
29.400000000000148,VALID,25.085701117581443,81.60097527806663,1891.1368182218664
29.50000000000015,VALID,25.085822108652568,81.60114812621443,1888.5330274981811
29.60000000000015,VALID,25.085943099522982,81.60132097470438,1891.2551980003625
29.700000000000152,VALID,25.086064090192682,81.60149382353649,1890.610429209587
29.800000000000153,VALID,25.08618508066166,81.60166667271075,1889.9711013648034
29.900000000000155,VALID,25.08630607092992,81.60183952222718,1894.793906366693
30.000000000000156,INVALID,25.08642706099745,81.60201237208578,nan
30.100000000000158,INVALID,25.086548050864256,81.60218522228655,nan
30.20000000000016,INVALID,25.086669040530328,81.60235807282949,nan
30.30000000000016,INVALID,25.086790029995665,81.60253092371461,nan
30.400000000000162,INVALID,25.086911019260267,81.60270377494192,nan
30.500000000000163,INVALID,25.087032008324126,81.6028766265114,nan
30.600000000000165,INVALID,25.08715299718724,81.60304947842307,nan
30.700000000000166,INVALID,25.087273985849606,81.60322233067694,nan
30.800000000000168,INVALID,25.08739497431122,81.60339518327301,nan
30.90000000000017,INVALID,25.087515962572077,81.60356803621127,nan
31.00000000000017,INVALID,25.087636950632177,81.60374088949173,nan
31.100000000000172,INVALID,25.087757938491514,81.6039137431144,nan
31.200000000000173,INVALID,25.087878926150086,81.60408659707929,nan
31.300000000000175,INVALID,25.08799991360789,81.60425945138638,nan
31.400000000000176,INVALID,25.088120900864922,81.6044323060357,nan
31.500000000000178,INVALID,25.08824188792118,81.60460516102724,nan
31.60000000000018,INVALID,25.088362874776656,81.604778016361,nan
31.70000000000018,INVALID,25.08848386143135,81.60495087203698,nan
31.800000000000182,INVALID,25.088604847885257,81.6051237280552,nan
31.900000000000183,INVALID,25.088725834138376,81.60529658441567,nan
32.000000000000185,INVALID,25.088846820190703,81.60546944111836,nan
32.100000000000186,INVALID,25.08896780604223,81.6056422981633,nan
32.20000000000019,INVALID,25.08908879169296,81.60581515555049,nan
32.30000000000019,INVALID,25.089209777142884,81.60598801327993,nan
32.40000000000019,INVALID,25.089330762392,81.60616087135162,nan
32.50000000000019,INVALID,25.089451747440304,81.60633372976557,nan
32.60000000000019,INVALID,25.089572732287795,81.60650658852178,nan
32.700000000000195,INVALID,25.089693716934466,81.60667944762027,nan
32.800000000000196,INVALID,25.089814701380316,81.60685230706102,nan
32.9000000000002,INVALID,25.08993568562534,81.60702516684404,nan
33.0000000000002,INVALID,25.090056669669533,81.60719802696934,nan
33.1000000000002,INVALID,25.090177653512892,81.60737088743693,nan
33.2000000000002,INVALID,25.090298637155414,81.6075437482468,nan
33.3000000000002,INVALID,25.090419620597096,81.60771660939896,nan
33.400000000000205,INVALID,25.090540603837933,81.60788947089341,nan
33.500000000000206,INVALID,25.09066158687792,81.60806233273016,nan
33.60000000000021,INVALID,25.090782569717057,81.60823519490921,nan
33.70000000000021,INVALID,25.090903552355336,81.60840805743057,nan
33.80000000000021,INVALID,25.091024534792755,81.60858092029423,nan
33.90000000000021,INVALID,25.09114551702931,81.6087537835002,nan
34.00000000000021,INVALID,25.091266499064997,81.6089266470485,nan
34.100000000000215,INVALID,25.09138748089981,81.60909951093913,nan
34.200000000000216,INVALID,25.091508462533753,81.60927237517208,nan
34.30000000000022,INVALID,25.091629443966813,81.60944523974736,nan
34.40000000000022,INVALID,25.09175042519899,81.60961810466496,nan
34.50000000000022,INVALID,25.091871406230275,81.6097909699249,nan
34.60000000000022,INVALID,25.09199238706067,81.6099638355272,nan
34.70000000000022,INVALID,25.09211336769017,81.61013670147183,nan
34.800000000000225,INVALID,25.092234348118772,81.61030956775882,nan
34.900000000000226,INVALID,25.092355328346468,81.61048243438816,nan
35.00000000000023,INVALID,25.092476308373257,81.61065530135986,nan
35.10000000000023,INVALID,25.092597288199133,81.61082816867392,nan
35.20000000000023,INVALID,25.092718267824093,81.61100103633035,nan
35.30000000000023,INVALID,25.092839247248133,81.61117390432915,nan
35.40000000000023,INVALID,25.092960226471245,81.61134677267033,nan
35.500000000000234,INVALID,25.09308120549343,81.6115196413539,nan
35.600000000000236,INVALID,25.09320218431468,81.61169251037984,nan
35.70000000000024,INVALID,25.093323162934993,81.61186537974817,nan
35.80000000000024,INVALID,25.093444141354365,81.61203824945889,nan
35.90000000000024,INVALID,25.09356511957279,81.61221111951201,nan
36.00000000000024,INVALID,25.093686097590265,81.61238398990754,nan
36.10000000000024,INVALID,25.093807075406783,81.61255686064547,nan
36.200000000000244,INVALID,25.093928053022342,81.6127297317258,nan
36.300000000000246,INVALID,25.09404903043694,81.61290260314857,nan
36.40000000000025,INVALID,25.094170007650565,81.61307547491376,nan
36.50000000000025,INVALID,25.094290984663218,81.61324834702137,nan
36.60000000000025,INVALID,25.094411961474894,81.6134212194714,nan
36.70000000000025,INVALID,25.094532938085585,81.61359409226388,nan
36.80000000000025,INVALID,25.094653914495293,81.61376696539878,nan
36.900000000000254,INVALID,25.09477489070401,81.61393983887614,nan
37.000000000000256,INVALID,25.094895866711727,81.61411271269593,nan
37.10000000000026,INVALID,25.095016842518447,81.61428558685817,nan
37.20000000000026,INVALID,25.09513781812416,81.61445846136289,nan
37.30000000000026,INVALID,25.095258793528863,81.61463133621005,nan
37.40000000000026,INVALID,25.095379768732553,81.61480421139969,nan
37.50000000000026,INVALID,25.095500743735222,81.6149770869318,nan
37.600000000000264,INVALID,25.095621718536865,81.61514996280638,nan
37.700000000000266,INVALID,25.09574269313748,81.61532283902345,nan
37.80000000000027,INVALID,25.09586366753706,81.61549571558301,nan
37.90000000000027,INVALID,25.0959846417356,81.61566859248505,nan
38.00000000000027,INVALID,25.096105615733098,81.61584146972959,nan
38.10000000000027,INVALID,25.096226589529547,81.61601434731664,nan
38.20000000000027,INVALID,25.09634756312494,81.6161872252462,nan
38.300000000000274,INVALID,25.096468536519275,81.61636010351826,nan
38.400000000000276,INVALID,25.096589509712544,81.61653298213284,nan
38.50000000000028,INVALID,25.096710482704744,81.61670586108994,nan
38.60000000000028,INVALID,25.096831455495867,81.61687874038957,nan
38.70000000000028,INVALID,25.09695242808591,81.61705162003173,nan
38.80000000000028,INVALID,25.09707340047487,81.61722450001642,nan
38.90000000000028,INVALID,25.097194372662738,81.61739738034366,nan
39.000000000000284,INVALID,25.09731534464951,81.61757026101344,nan
39.100000000000286,INVALID,25.09743631643518,81.61774314202577,nan
39.20000000000029,INVALID,25.097557288019743,81.61791602338067,nan
39.30000000000029,INVALID,25.097678259403196,81.61808890507814,nan
39.40000000000029,INVALID,25.09779923058553,81.61826178711817,nan
39.50000000000029,INVALID,25.09792020156674,81.61843466950077,nan
39.60000000000029,INVALID,25.09804117234682,81.61860755222595,nan
39.700000000000294,INVALID,25.098162142925766,81.61878043529373,nan
39.800000000000296,INVALID,25.09828311330357,81.61895331870409,nan
39.9000000000003,INVALID,25.09840408348023,81.61912620245704,nan
40.0000000000003,VALID,25.098525053455738,81.6192990865526,1895.7145175321502
40.1000000000003,VALID,25.09864602323009,81.61947197099077,1896.3801324565763
40.2000000000003,VALID,25.098766992803274,81.61964485577155,1893.0872739523156
40.3000000000003,VALID,25.09888796217529,81.61981774089496,1892.2777278748526
40.400000000000304,VALID,25.09900893134613,81.61999062636099,1895.7803013609007
40.500000000000306,VALID,25.099129900315788,81.62016351216964,1893.2327163459756
40.60000000000031,VALID,25.09925086908426,81.62033639832093,1897.0482579037414
40.70000000000031,VALID,25.099371837651535,81.62050928481487,1892.9175714958485
40.80000000000031,VALID,25.09949280601761,81.62068217165147,1892.6237220565595
40.90000000000031,VALID,25.09961377418248,81.62085505883071,1895.9668792400757
41.00000000000031,VALID,25.099734742146136,81.62102794635261,1890.5847721384444
41.100000000000314,VALID,25.099855709908574,81.62120083421719,1890.7831818644072
41.200000000000315,VALID,25.099976677469787,81.62137372242444,1891.8730531795918
41.30000000000032,VALID,25.100097644829766,81.62154661097436,1893.8368963162281
41.40000000000032,VALID,25.100218611988506,81.62171949986697,1894.842337611903
41.50000000000032,VALID,25.100339578946002,81.62189238910227,1898.8593119007535
41.60000000000032,VALID,25.100460545702248,81.62206527868028,1891.9778232146411
41.70000000000032,VALID,25.100581512257232,81.62223816860099,1896.0915344051557
41.800000000000324,VALID,25.100702478610952,81.62241105886442,1891.6129036080974
41.900000000000325,VALID,25.1008234447634,81.62258394947055,1893.4686235341767
42.00000000000033,VALID,25.10094441071457,81.62275684041941,1891.7062023628919
42.10000000000033,VALID,25.10106537646445,81.62292973171101,1891.597439395642
42.20000000000033,VALID,25.10118634201304,81.62310262334535,1889.8196516139024
42.30000000000033,VALID,25.10130730736033,81.62327551532243,1889.5647080120523
42.40000000000033,VALID,25.101428272506308,81.62344840764227,1891.4322591460939
42.500000000000334,VALID,25.10154923745097,81.62362130030486,1892.595706685507
42.600000000000335,VALID,25.101670202194313,81.62379419331022,1890.852614001178
42.70000000000034,VALID,25.101791166736326,81.62396708665835,1894.8137007528721
42.80000000000034,VALID,25.101912131077,81.62413998034927,1896.9764701616355
42.90000000000034,VALID,25.10203309521633,81.62431287438297,1891.0181506524061
43.00000000000034,VALID,25.10215405915431,81.62448576875946,1894.1909454495783
43.10000000000034,VALID,25.102275022890925,81.62465866347875,1890.9792627232812
43.200000000000344,VALID,25.102395986426174,81.62483155854086,1893.6241881765388
43.300000000000345,VALID,25.102516949760044,81.62500445394579,1893.961926295171
43.40000000000035,VALID,25.10263791289253,81.62517734969354,1893.9370043791655
43.50000000000035,VALID,25.10275887582362,81.62535024578413,1891.8841558975687
43.60000000000035,VALID,25.102879838553314,81.62552314221756,1891.8677883822336
43.70000000000035,VALID,25.103000801081595,81.62569603899384,1897.2906332859159
43.80000000000035,VALID,25.10312176340846,81.62586893611297,1894.0490501670338
43.900000000000354,VALID,25.1032427255339,81.62604183357496,1890.4852686210688
44.000000000000355,VALID,25.103363687457904,81.62621473137982,1892.7079366831135
44.10000000000036,VALID,25.103484649180466,81.62638762952756,1896.0133236329418
44.20000000000036,VALID,25.103605610701575,81.62656052801819,1893.7485185955322
44.30000000000036,VALID,25.103726572021223,81.62673342685171,1888.7018263406787
44.40000000000036,VALID,25.1038475331394,81.62690632602815,1889.833908802057
44.50000000000036,VALID,25.103968494056097,81.62707922554749,1893.2560551290674
44.600000000000364,VALID,25.104089454771305,81.62725212540975,1891.6817639527205
44.700000000000365,VALID,25.104210415285017,81.62742502561495,1894.4337369183186
44.80000000000037,VALID,25.10433137559722,81.62759792616309,1895.7339033514254
44.90000000000037,VALID,25.104452335707904,81.62777082705418,1893.2102526222075
45.00000000000037,VALID,25.10457329561706,81.62794372828823,1896.2196727752028
45.10000000000037,VALID,25.10469425532468,81.62811662986525,1896.3374230302607
45.20000000000037,VALID,25.104815214830754,81.62828953178524,1895.74472910383
45.300000000000374,VALID,25.104936174135272,81.62846243404822,1895.0837735378268
45.400000000000375,VALID,25.10505713323822,81.62863533665418,1897.4380940743747
45.50000000000038,VALID,25.10517809213959,81.62880823960316,1900.4478469848407
45.60000000000038,VALID,25.10529905083937,81.62898114289516,1900.20455591598
45.70000000000038,VALID,25.105420009337553,81.62915404653018,1902.5837716847586
45.80000000000038,VALID,25.105540967634127,81.62932695050823,1897.2407631817214
45.90000000000038,VALID,25.105661925729077,81.62949985482932,1897.5619091379347
46.000000000000384,VALID,25.105782883622396,81.62967275949347,1893.835660483348
46.100000000000385,VALID,25.10590384131407,81.62984566450069,1900.5779945033457
46.20000000000039,VALID,25.10602479880409,81.63001856985099,1897.1385583504275
46.30000000000039,VALID,25.10614575609244,81.63019147554436,1898.4393787060026
46.40000000000039,VALID,25.106266713179114,81.63036438158085,1890.4051774044628
46.50000000000039,VALID,25.106387670064095,81.63053728796044,1896.0875292998303
46.60000000000039,VALID,25.10650862674737,81.63071019468315,1893.8617140957824
46.700000000000394,VALID,25.10662958322893,81.63088310174898,1897.127685652519
46.800000000000395,VALID,25.106750539508763,81.63105600915796,1895.6447738665977
46.9000000000004,VALID,25.106871495586855,81.63122891691009,1900.8579379564928
47.0000000000004,VALID,25.106992451463192,81.63140182500538,1898.9582352137766
47.1000000000004,VALID,25.10711340713776,81.63157473344386,1894.1556357831407
47.2000000000004,VALID,25.107234362610548,81.63174764222552,1898.133722258657
47.3000000000004,VALID,25.107355317881538,81.63192055135039,1895.028757868132
47.400000000000404,VALID,25.10747627295072,81.63209346081848,1894.4620555334302
47.500000000000405,VALID,25.10759722781808,81.6322663706298,1894.1900071073765
47.600000000000406,VALID,25.107718182483598,81.63243928078435,1898.7627800155858
47.70000000000041,VALID,25.107839136947266,81.63261219128216,1893.6661207992242
47.80000000000041,VALID,25.107960091209065,81.63278510212324,1896.8818243177332
47.90000000000041,VALID,25.10808104526898,81.6329580133076,1894.2385452592027
48.00000000000041,VALID,25.108201999127,81.63313092483526,1898.9190487838678
48.10000000000041,VALID,25.108322952783105,81.63330383670622,1892.4682464488267
48.200000000000415,VALID,25.10844390623728,81.63347674892051,1887.6868698766214
48.300000000000416,VALID,25.108564859489505,81.63364966147815,1893.9818436088053
48.40000000000042,VALID,25.10868581253977,81.63382257437912,1894.9052757141035
48.50000000000042,VALID,25.10880676538805,81.63399548762348,1888.419726073133
48.60000000000042,VALID,25.108927718034334,81.63416840121121,1895.6040411592955
48.70000000000042,VALID,25.1090486704786,81.63434131514235,1892.485018523705
48.80000000000042,VALID,25.109169622720835,81.63451422941691,1892.246035504976
48.900000000000425,VALID,25.109290574761015,81.6346871440349,1896.0195843351053
49.000000000000426,VALID,25.109411526599125,81.63486005899634,1895.4704948674555
49.10000000000043,VALID,25.109532478235142,81.63503297430125,1893.926325291072
49.20000000000043,VALID,25.10965342966905,81.63520588994965,1894.530653135726
49.30000000000043,VALID,25.109774380900827,81.63537880594154,1889.7797845633283
49.40000000000043,VALID,25.109895331930453,81.63555172227696,1893.0390730236359
49.50000000000043,VALID,25.110016282757908,81.63572463895592,1895.618441334325
49.600000000000435,VALID,25.110137233383167,81.63589755597845,1890.5877404281034
49.700000000000436,VALID,25.110258183806213,81.63607047334455,1895.2684391183177
49.80000000000044,VALID,25.11037913402702,81.63624339105424,1895.9021933752147
49.90000000000044,VALID,25.110500084045565,81.63641630910755,1890.3423393745472
50.00000000000044,VALID,25.110621033861825,81.6365892275045,1893.8823586063486
50.10000000000044,VALID,25.110741983475776,81.63676214624512,1892.624498557125
50.20000000000044,VALID,25.110862932887397,81.63693506532941,1892.747640071869
50.300000000000445,VALID,25.110983882096658,81.6371079847574,1895.9947088054366
50.400000000000446,VALID,25.111104831103535,81.63728090452913,1897.2870438638379
50.50000000000045,VALID,25.111225779908,81.63745382464461,1896.4781069064752
50.60000000000045,VALID,25.111346728510025,81.63762674510386,1893.4333730804924
50.70000000000045,VALID,25.111467676909584,81.63779966590691,1891.022202760406
50.80000000000045,VALID,25.11158862510665,81.6379725870538,1890.2716489944426
50.90000000000045,VALID,25.111709573101187,81.63814550854453,1896.792000636082
51.000000000000455,VALID,25.111830520893168,81.63831843037913,1896.2506491086133
51.100000000000456,VALID,25.111951468482562,81.63849135255764,1896.0992774297492
51.20000000000046,VALID,25.11207241586934,81.63866427508007,1895.7143854172693
51.30000000000046,VALID,25.112193363053464,81.63883719794649,1899.55351402407
51.40000000000046,VALID,25.112314310034904,81.63901012115689,1898.1175989464543
51.50000000000046,VALID,25.112435256813622,81.6391830447113,1900.1975257435142
51.60000000000046,VALID,25.11255620338958,81.63935596860978,1897.342284955475
51.700000000000465,VALID,25.112677149762746,81.63952889285234,1897.087550279033
51.800000000000466,VALID,25.112798095933076,81.63970181743902,1894.0839230077563
51.90000000000047,VALID,25.112919041900536,81.63987474236986,1896.0572650221225
52.00000000000047,VALID,25.11303998766508,81.64004766764488,1897.3065804357648
52.10000000000047,VALID,25.113160933226666,81.64022059326413,1893.8671637612963
52.20000000000047,VALID,25.113281878585255,81.64039351922766,1895.1797064080085
52.30000000000047,VALID,25.1134028237408,81.64056644553548,1894.7625781238523
52.400000000000475,VALID,25.11352376869325,81.64073937218765,1893.2385102348474
52.500000000000476,VALID,25.113644713442557,81.64091229918421,1892.3556697783943
52.60000000000048,VALID,25.113765657988676,81.64108522652519,1893.7401626815683
52.70000000000048,VALID,25.113886602331547,81.64125815421066,1891.9085801609162
52.80000000000048,VALID,25.11400754647112,81.64143108224064,1893.901775804572
52.90000000000048,VALID,25.114128490407342,81.64160401061521,1892.5748035907645
53.00000000000048,VALID,25.11424943414015,81.64177693933439,1892.7201981731355
53.100000000000485,VALID,25.11437037766948,81.64194986839826,1892.8074296644554
53.200000000000486,VALID,25.114491320995274,81.64212279780685,1893.1075466292991
53.30000000000049,VALID,25.11461226411746,81.64229572756022,1892.481457165415
53.40000000000049,VALID,25.11473320703597,81.64246865765845,1895.5823810843444
53.50000000000049,VALID,25.114854149750737,81.6426415881016,1894.8340318918572
53.60000000000049,VALID,25.114975092261677,81.64281451888972,1893.8269127587705
53.70000000000049,VALID,25.115096034568715,81.64298745002289,1891.3422933261506
53.800000000000495,VALID,25.115216976671768,81.64316038150118,1895.0690720199686
53.900000000000496,VALID,25.11533791857075,81.64333331332465,1893.634693064863
54.0000000000005,VALID,25.115458860265562,81.6435062454934,1891.2809947345238
54.1000000000005,VALID,25.115579801756116,81.6436791780075,1893.4549743811592
54.2000000000005,VALID,25.115700743042304,81.64385211086704,1894.451710747998
54.3000000000005,VALID,25.115821684124022,81.64402504407212,1890.8927378398373
54.4000000000005,VALID,25.115942625001153,81.64419797762284,1891.048055869572
54.500000000000504,VALID,25.11606356567358,81.64437091151929,1894.3860373319033
54.600000000000506,VALID,25.116184506141174,81.64454384576159,1894.6391277048192
54.70000000000051,VALID,25.1163054464038,81.64471678034984,1894.1173302080356
54.80000000000051,VALID,25.11642638646131,81.64488971528418,1892.9537127347808
54.90000000000051,VALID,25.116547326313555,81.64506265056474,1892.3157910928942
55.00000000000051,VALID,25.116668265960367,81.64523558619166,1892.344961420049
55.10000000000051,VALID,25.11678920540157,81.64540852216508,1893.2982402457733
55.200000000000514,VALID,25.116910144636975,81.64558145848518,1886.6549017289597
55.300000000000516,VALID,25.117031083666376,81.64575439515214,1889.9169910433727
55.40000000000052,VALID,25.11715202248955,81.64592733216612,1887.479829498274
55.50000000000052,VALID,25.11727296110626,81.64610026952735,1891.2839490914237
55.60000000000052,VALID,25.117393899516244,81.64627320723605,1895.4278209272343
55.70000000000052,VALID,25.117514837719217,81.64644614529246,1892.9950431990467
55.80000000000052,VALID,25.117635775714866,81.64661908369685,1894.217744245672
55.900000000000524,VALID,25.117756713502846,81.64679202244952,1891.3167400323048
56.000000000000526,VALID,25.11787765108278,81.64696496155078,1894.847434416515
56.10000000000053,VALID,25.117998588454235,81.647137901001,1891.676851540206
56.20000000000053,VALID,25.11811952561674,81.6473108408006,1897.1913933607557
56.30000000000053,VALID,25.11824046256976,81.64748378095003,1891.1108862532174
56.40000000000053,VALID,25.11836139931268,81.64765672144979,1897.3744169738989
56.50000000000053,VALID,25.1184823358448,81.64782966230051,1898.9894138335942
56.600000000000534,VALID,25.11860327216531,81.64800260350287,1892.1795422397802
56.700000000000536,VALID,25.118724208273257,81.64817554505768,1891.8356859984344
56.80000000000054,VALID,25.11884514416751,81.64834848696592,1897.6582213564325
56.90000000000054,VALID,25.118966079846697,81.64852142922874,1895.1231714428495
57.00000000000054,VALID,25.11908701530913,81.64869437184758,1893.9015935624827
57.10000000000054,VALID,25.11920795055267,81.64886731482429,1890.0732839122795
57.20000000000054,VALID,25.119328885574532,81.64904025816122,1893.629549957773
57.300000000000544,VALID,25.11944982037092,81.64921320186163,1895.7320070508845
57.400000000000546,VALID,25.119570754936372,81.64938614593017,1893.9107228015966
57.50000000000055,VALID,25.119691689262357,81.64955909037411,1892.4827344619812
57.60000000000055,VALID,25.11981262333364,81.64973203520645,1890.3637509632777
57.70000000000055,VALID,25.11993355711534,81.64990498045697,1892.912322247924
57.80000000000055,VALID,25.120131082602306,81.65016367721526,1890.3404312198973
57.90000000000055,VALID,25.12026216502468,81.65032735478187,1899.5400463825606
58.000000000000554,VALID,25.12039324726712,81.65049103269983,1897.521643228168
58.100000000000556,VALID,25.120524329329623,81.65065471096915,1890.9391119958937
58.20000000000056,VALID,25.120655411212187,81.65081838958983,1894.2294036242624
58.30000000000056,VALID,25.12078649291481,81.65098206856187,1892.702844217509
58.40000000000056,VALID,25.12091757443749,81.65114574788528,1889.877825242228
58.50000000000056,VALID,25.12104865578023,81.65130942756005,1890.9691153105975
58.60000000000056,VALID,25.12117973694302,81.6514731075862,1892.5273986983673
58.700000000000564,VALID,25.121310817925863,81.65163678796371,1895.295030238524
58.800000000000566,VALID,25.121441898728758,81.6518004686926,1895.7592970124447
58.90000000000057,VALID,25.1215729793517,81.65196414977287,1893.9480552546263
59.00000000000057,VALID,25.121704059794688,81.65212783120452,1891.027178364454
59.10000000000057,VALID,25.121835140057723,81.65229151298756,1894.558140852571
59.20000000000057,VALID,25.1219662201408,81.65245519512199,1889.502169603417
59.30000000000057,VALID,25.122097300043915,81.6526188776078,1891.588506059494
59.400000000000574,VALID,25.122228379767073,81.65278256044499,1892.9871087733009
59.500000000000576,VALID,25.122359459310267,81.6529462436336,1893.7826143707805
59.60000000000058,VALID,25.1224905386735,81.65310992717359,1893.6572219178356
59.70000000000058,VALID,25.122621617856765,81.65327361106499,1897.6543608837756
59.80000000000058,VALID,25.12275269686006,81.65343729530778,1898.2546562500331
59.90000000000058,VALID,25.12288377568339,81.65360097990198,1896.889818502815
60.00000000000058,VALID,25.123014854326748,81.65376466484759,1892.8749832821015
60.100000000000584,VALID,25.12314593279013,81.65392835014461,1891.2238157048318
60.200000000000585,VALID,25.12327701107354,81.65409203579304,1892.5754187511839
60.30000000000059,VALID,25.123408089176973,81.6542557217929,1893.8620172213673
60.40000000000059,VALID,25.123539167100425,81.65441940814416,1892.0881896899205
60.50000000000059,VALID,25.123670244843897,81.65458309484686,1894.398769456492
60.60000000000059,VALID,25.123801322407388,81.65474678190097,1898.7591648795928
60.70000000000059,VALID,25.123932399790895,81.65491046930651,1894.0004194488452
60.800000000000594,VALID,25.124063476994415,81.6550741570635,1895.952318061366
60.900000000000595,VALID,25.124194554017947,81.6552378451719,1892.7704340718994
61.0000000000006,VALID,25.124325630861488,81.65540153363175,1893.311143350036
61.1000000000006,VALID,25.124456707525038,81.65556522244303,1895.4675966939965
61.2000000000006,VALID,25.124587784008593,81.65572891160575,1895.3135867884748
61.3000000000006,VALID,25.124718860312154,81.65589260111992,1891.9633967809852
61.4000000000006,VALID,25.12484993643572,81.65605629098553,1898.6669414352734
61.500000000000604,VALID,25.124981012379283,81.6562199812026,1895.9689340207215
61.600000000000605,VALID,25.12511208814285,81.65638367177111,1897.4252907905568
61.70000000000061,VALID,25.12524316372641,81.65654736269107,1893.183081628856
61.80000000000061,VALID,25.125374239129968,81.6567110539625,1894.5245237702131
61.90000000000061,VALID,25.125505314353518,81.65687474558538,1893.9114305722717
62.00000000000061,VALID,25.12563638939706,81.65703843755973,1893.8678297505835
62.10000000000061,VALID,25.12576746426059,81.65720212988555,1893.794279565692
62.200000000000614,VALID,25.12589853894411,81.65736582256282,1897.6911392525767
62.300000000000615,VALID,25.126029613447617,81.65752951559158,1895.7623449558603
62.40000000000062,VALID,25.126160687771108,81.6576932089718,1893.963155237529
62.50000000000062,VALID,25.12629176191458,81.65785690270351,1894.7223786757518
62.60000000000062,VALID,25.12642283587803,81.6580205967867,1897.6951646486523
62.70000000000062,VALID,25.126553909661464,81.65818429122136,1888.0143961928604
62.80000000000062,VALID,25.126684983264873,81.65834798600751,1892.5205983219626
62.900000000000624,VALID,25.126816056688256,81.65851168114516,1894.7711434769935
63.000000000000625,VALID,25.12694712993161,81.65867537663429,1894.85367363705
63.10000000000063,VALID,25.12707820299494,81.65883907247492,1893.4735800122976
63.20000000000063,VALID,25.12720927587824,81.65900276866704,1894.7129164776154
63.30000000000063,VALID,25.127340348581505,81.65916646521066,1892.4010435632572
63.40000000000063,VALID,25.127471421104737,81.65933016210577,1888.4414127581692
63.50000000000063,VALID,25.12760249344793,81.6594938593524,1894.637779543491
63.600000000000634,VALID,25.127733565611088,81.65965755695052,1896.6865381307516
63.700000000000635,VALID,25.127864637594204,81.65982125490017,1893.8264096993958
63.80000000000064,VALID,25.12799570939728,81.65998495320132,1889.4956406008532
63.90000000000064,VALID,25.12812678102031,81.66014865185399,1890.097880687785
64.00000000000064,VALID,25.128257852463292,81.66031235085818,1894.0206431377055
64.10000000000063,VALID,25.12838892372623,81.66047605021389,1893.2603580135083
64.20000000000063,VALID,25.128519994809118,81.66063974992112,1889.3791998994732
64.30000000000062,VALID,25.128651065711953,81.66080344997988,1888.865471354277
64.40000000000062,VALID,25.128782136434737,81.66096715039018,1887.3837101312654
64.50000000000061,VALID,25.128913206977465,81.661130851152,1890.7230206475206
64.6000000000006,VALID,25.129044277340135,81.66129455226535,1889.75979684935
64.7000000000006,VALID,25.129175347522747,81.66145825373025,1886.4480026672043
64.8000000000006,VALID,25.129306417525296,81.66162195554668,1893.4136235933415
64.90000000000059,VALID,25.129437487347783,81.66178565771466,1890.0172138603543
65.00000000000058,VALID,25.129568556990204,81.66194936023419,1888.5002681552528
65.10000000000058,VALID,25.12969962645256,81.66211306310527,1888.5445588049242
65.20000000000057,VALID,25.129830695734846,81.66227676632789,1884.6162151743476
65.30000000000057,VALID,25.129961764837063,81.66244046990208,1886.3700171329726
65.40000000000056,VALID,25.130092833759207,81.66260417382782,1884.8231897183448
65.50000000000055,VALID,25.130223902501278,81.66276787810511,1887.1698998754405
65.60000000000055,VALID,25.130354971063273,81.66293158273398,1888.0715232760956
65.70000000000054,VALID,25.130486039445188,81.6630952877144,1889.3489190952546
65.80000000000054,VALID,25.130617107647023,81.6632589930464,1886.9101700001356
65.90000000000053,VALID,25.130748175668778,81.66342269872997,1888.0313079940843
66.00000000000053,VALID,25.13087924351045,81.66358640476511,1889.0956881639815
66.10000000000052,VALID,25.131010311172034,81.66375011115183,1886.6154674206703
66.20000000000051,VALID,25.13114137865353,81.66391381789013,1886.8308694638142
66.30000000000051,VALID,25.131272445954938,81.66407752498002,1888.364142632906
66.4000000000005,VALID,25.131403513076254,81.66424123242149,1883.181835628886
66.5000000000005,VALID,25.131534580017476,81.66440494021455,1890.5846614495222
66.60000000000049,VALID,25.131665646778604,81.66456864835921,1888.6677808315633
66.70000000000049,VALID,25.131796713359634,81.66473235685545,1881.2445966570497
66.80000000000048,VALID,25.131927779760566,81.66489606570329,1884.2590086287012
66.90000000000047,VALID,25.132058845981398,81.66505977490273,1885.096833925938
67.00000000000047,VALID,25.132189912022124,81.66522348445378,1883.9688170121447
67.10000000000046,VALID,25.132320977882745,81.66538719435643,1885.1442015358527
67.20000000000046,VALID,25.13245204356326,81.66555090461068,1885.0071759099524
67.30000000000045,VALID,25.132583109063663,81.66571461521654,1883.5742832321446
67.40000000000045,VALID,25.132714174383956,81.66587832617402,1882.903696404452
67.50000000000044,VALID,25.132845239524137,81.66604203748312,1885.3978612377152
67.60000000000043,VALID,25.132976304484203,81.66620574914384,1885.3599301101885
67.70000000000043,VALID,25.133107369264152,81.66636946115618,1884.3411170342245
67.80000000000042,VALID,25.133238433863983,81.66653317352015,1884.7903855230445
67.90000000000042,VALID,25.133369498283695,81.66669688623574,1882.7465282112103
68.00000000000041,VALID,25.133500562523285,81.66686059930296,1882.4402095786058
68.1000000000004,VALID,25.133631626582748,81.66702431272182,1881.0520205280268
68.2000000000004,VALID,25.133762690462085,81.66718802649231,1884.0069817255974
68.3000000000004,VALID,25.133893754161292,81.66735174061445,1886.794801266339
68.40000000000039,VALID,25.13402481768037,81.66751545508822,1882.9784455878744
68.50000000000038,VALID,25.134155881019314,81.66767916991364,1884.455587170543
68.60000000000038,VALID,25.134286944178125,81.6678428850907,1884.7756802899116
68.70000000000037,VALID,25.1344180071568,81.66800660061944,1883.6222833092847
68.80000000000037,VALID,25.134549069955337,81.66817031649981,1885.5617623263315
68.90000000000036,VALID,25.134680132573735,81.66833403273185,1881.2419237676381
69.00000000000036,VALID,25.134811195011988,81.66849774931553,1887.8372504107592
69.10000000000035,VALID,25.134942257270097,81.6686614662509,1883.9995126870067
69.20000000000034,VALID,25.13507331934806,81.66882518353792,1886.5513928646826
69.30000000000034,VALID,25.135204381245874,81.6689889011766,1884.3723728884734
69.40000000000033,VALID,25.135335442963537,81.66915261916697,1882.4494325385367
69.50000000000033,VALID,25.13546650450105,81.669316337509,1887.2892331127991
69.60000000000032,VALID,25.135597565858408,81.66948005620272,1885.1926356969545
69.70000000000032,VALID,25.13572862703561,81.6696437752481,1885.782974143912
69.80000000000031,VALID,25.135859688032657,81.66980749464518,1885.2142724073083
69.9000000000003,VALID,25.13599074884954,81.66997121439394,1886.0595864947309
70.0000000000003,INVALID,25.136121809486262,81.67013493449438,nan
70.10000000000029,INVALID,25.13625286994282,81.67029865494652,nan
70.20000000000029,INVALID,25.13638393021921,81.67046237575035,nan
70.30000000000028,INVALID,25.136514990315433,81.67062609690588,nan
70.40000000000028,INVALID,25.136646050231487,81.67078981841311,nan
70.50000000000027,INVALID,25.13677710996737,81.67095354027205,nan
70.60000000000026,INVALID,25.136908169523075,81.6711172624827,nan
70.70000000000026,INVALID,25.137039228898605,81.67128098504504,nan
70.80000000000025,INVALID,25.137170288093955,81.6714447079591,nan
70.90000000000025,INVALID,25.137301347109126,81.67160843122487,nan
71.00000000000024,INVALID,25.137432405944114,81.67177215484236,nan
71.10000000000024,INVALID,25.13756346459892,81.67193587881157,nan
71.20000000000023,INVALID,25.137694523073538,81.67209960313251,nan
71.30000000000022,INVALID,25.137825581367967,81.67226332780517,nan
71.40000000000022,INVALID,25.137956639482205,81.67242705282956,nan
71.50000000000021,INVALID,25.138087697416253,81.67259077820569,nan
71.60000000000021,INVALID,25.138218755170104,81.67275450393355,nan
71.7000000000002,INVALID,25.13834981274376,81.67291823001314,nan
71.8000000000002,INVALID,25.138480870137215,81.67308195644448,nan
71.90000000000019,INVALID,25.13861192735047,81.67324568322756,nan
72.00000000000018,INVALID,25.138742984383526,81.6734094103624,nan
72.10000000000018,INVALID,25.138874041236374,81.67357313784898,nan
72.20000000000017,INVALID,25.139005097909017,81.6737368656873,nan
72.30000000000017,INVALID,25.13913615440145,81.67390059387739,nan
72.40000000000016,INVALID,25.139267210713673,81.67406432241924,nan
72.50000000000016,INVALID,25.13939826684568,81.67422805131285,nan
72.60000000000015,INVALID,25.139529322797475,81.67439178055822,nan
72.70000000000014,INVALID,25.13966037856905,81.67455551015536,nan
72.80000000000014,INVALID,25.139791434160408,81.67471924010427,nan
72.90000000000013,INVALID,25.139922489571546,81.67488297040495,nan
73.00000000000013,INVALID,25.14005354480246,81.67504670105741,nan
73.10000000000012,INVALID,25.140184599853146,81.67521043206165,nan
73.20000000000012,INVALID,25.140315654723608,81.67537416341767,nan
73.30000000000011,INVALID,25.14044670941384,81.67553789512547,nan
73.4000000000001,INVALID,25.14057776392384,81.67570162718506,nan
73.5000000000001,INVALID,25.140708818253607,81.67586535959644,nan
73.6000000000001,INVALID,25.140839872403138,81.67602909235963,nan
73.70000000000009,INVALID,25.14097092637243,81.6761928254746,nan
73.80000000000008,INVALID,25.14110198016148,81.67635655894138,nan
73.90000000000008,INVALID,25.14123303377029,81.67652029275996,nan
74.00000000000007,INVALID,25.141364087198856,81.67668402693035,nan
74.10000000000007,INVALID,25.141495140447176,81.67684776145254,nan
74.20000000000006,INVALID,25.141626193515247,81.67701149632654,nan
74.30000000000005,INVALID,25.141757246403067,81.67717523155237,nan
74.40000000000005,INVALID,25.141888299110636,81.67733896713001,nan
74.50000000000004,INVALID,25.14201935163795,81.67750270305947,nan
74.60000000000004,INVALID,25.142150403985006,81.67766643934075,nan
74.70000000000003,INVALID,25.142281456151803,81.67783017597387,nan
74.80000000000003,INVALID,25.14241250813834,81.67799391295881,nan
74.90000000000002,INVALID,25.142543559944613,81.67815765029559,nan
75.00000000000001,INVALID,25.14267461157062,81.6783213879842,nan
75.10000000000001,INVALID,25.14280566301636,81.67848512602465,nan
75.2,INVALID,25.14293671428183,81.67864886441694,nan
75.3,INVALID,25.14306776536703,81.67881260316108,nan
75.39999999999999,INVALID,25.143198816271955,81.67897634225706,nan
75.49999999999999,INVALID,25.143329866996602,81.6791400817049,nan
75.59999999999998,INVALID,25.143460917540974,81.67930382150459,nan
75.69999999999997,INVALID,25.143591967905063,81.67946756165614,nan
75.79999999999997,INVALID,25.14372301808887,81.67963130215955,nan
75.89999999999996,INVALID,25.14385406809239,81.67979504301482,nan
75.99999999999996,INVALID,25.143985117915626,81.67995878422197,nan
76.09999999999995,INVALID,25.144116167558572,81.68012252578097,nan
76.19999999999995,INVALID,25.144247217021228,81.68028626769186,nan
76.29999999999994,INVALID,25.14437826630359,81.68045000995461,nan
76.39999999999993,INVALID,25.144509315405656,81.68061375256924,nan
76.49999999999993,INVALID,25.144640364327426,81.68077749553576,nan
76.59999999999992,INVALID,25.144771413068895,81.68094123885417,nan
76.69999999999992,INVALID,25.14490246163006,81.68110498252446,nan
76.79999999999991,INVALID,25.145033510010922,81.68126872654665,nan
76.8999999999999,INVALID,25.14516455821148,81.68143247092073,nan
76.9999999999999,INVALID,25.145295606231727,81.68159621564669,nan
77.0999999999999,INVALID,25.145426654071663,81.68175996072456,nan
77.19999999999989,INVALID,25.14555770173129,81.68192370615434,nan
77.29999999999988,INVALID,25.145688749210596,81.68208745193601,nan
77.39999999999988,INVALID,25.145819796509585,81.68225119806961,nan
77.49999999999987,INVALID,25.145950843628256,81.68241494455512,nan
77.59999999999987,INVALID,25.146081890566606,81.68257869139254,nan
77.69999999999986,INVALID,25.14621293732463,81.68274243858188,nan
77.79999999999986,INVALID,25.14634398390233,81.68290618612315,nan
77.89999999999985,INVALID,25.1464750302997,81.68306993401633,nan
77.99999999999984,INVALID,25.14660607651674,81.68323368226145,nan
78.09999999999984,INVALID,25.146737122553446,81.68339743085849,nan
78.19999999999983,INVALID,25.146868168409817,81.68356117980747,nan
78.29999999999983,INVALID,25.146999214085852,81.6837249291084,nan
78.39999999999982,INVALID,25.147130259581544,81.68388867876125,nan
78.49999999999982,INVALID,25.147261304896897,81.68405242876605,nan
78.59999999999981,INVALID,25.147392350031904,81.6842161791228,nan
78.6999999999998,INVALID,25.147523394986564,81.68437992983151,nan
78.7999999999998,INVALID,25.147654439760874,81.68454368089216,nan
78.89999999999979,INVALID,25.147785484354834,81.68470743230478,nan
78.99999999999979,INVALID,25.14791652876844,81.68487118406935,nan
79.09999999999978,INVALID,25.148047573001694,81.68503493618589,nan
79.19999999999978,INVALID,25.148178617054587,81.68519868865438,nan
79.29999999999977,INVALID,25.14830966092712,81.68536244147485,nan
79.39999999999976,INVALID,25.14844070461929,81.6855261946473,nan
79.49999999999976,INVALID,25.148571748131097,81.68568994817171,nan
79.59999999999975,INVALID,25.148702791462537,81.6858537020481,nan
79.69999999999975,INVALID,25.148833834613605,81.68601745627649,nan
79.79999999999974,INVALID,25.1489648775843,81.68618121085686,nan
79.89999999999974,INVALID,25.149095920374624,81.68634496578922,nan
79.99999999999973,INVALID,25.14922696298457,81.68650872107357,nan
80.09999999999972,VALID,25.14935800541414,81.6866724767099,1883.484675386564
80.19999999999972,VALID,25.149489047663327,81.68683623269824,1887.4683401540465
80.29999999999971,VALID,25.14962008973213,81.68699998903858,1881.074965253441
80.39999999999971,VALID,25.14975113162055,81.68716374573093,1881.3536864532457
80.4999999999997,VALID,25.14988217332858,81.68732750277528,1884.4116099509276
80.5999999999997,VALID,25.150013214856223,81.68749126017164,1884.6807409308801
80.69999999999969,VALID,25.150144256203472,81.68765501792001,1882.9621431372518
80.79999999999968,VALID,25.150275297370325,81.68781877602039,1884.8659608061696
80.89999999999968,VALID,25.15040633835678,81.68798253447281,1885.7935544839158
80.99999999999967,VALID,25.150537379162838,81.68814629327724,1884.104361455027
81.09999999999967,VALID,25.15066841978849,81.6883100524337,1887.2870967693111
81.19999999999966,VALID,25.150799460233742,81.6884738119422,1883.5332623383983
81.29999999999966,VALID,25.150930500498585,81.68863757180273,1887.6809308429656
81.39999999999965,VALID,25.15106154058302,81.68880133201529,1882.3226345025619
81.49999999999964,VALID,25.151192580487038,81.68896509257989,1883.3385977557225
81.59999999999964,VALID,25.151323620210643,81.68912885349654,1879.5494895977833
81.69999999999963,VALID,25.151454659753835,81.68929261476524,1880.0773737633199
81.79999999999963,VALID,25.151585699116605,81.68945637638598,1882.3188068698057
81.89999999999962,VALID,25.151716738298955,81.68962013835878,1878.5894253403044
81.99999999999962,VALID,25.15184777730088,81.68978390068362,1884.1581103217052
82.09999999999961,VALID,25.15197881612238,81.68994766336053,1881.465706851428
82.1999999999996,VALID,25.152109854763452,81.6901114263895,1881.099244675235
82.2999999999996,VALID,25.152240893224093,81.69027518977055,1883.5754247843445
82.3999999999996,VALID,25.1523719315043,81.69043895350366,1882.4694327013049
82.49999999999959,VALID,25.152502969604075,81.69060271758885,1882.4123458518068
82.59999999999958,VALID,25.15263400752341,81.6907664820261,1876.408048004217
82.69999999999958,VALID,25.152765045262303,81.69093024681544,1879.2552915012645
82.79999999999957,VALID,25.152896082820753,81.69109401195686,1882.27895879982
82.89999999999957,VALID,25.153027120198757,81.69125777745037,1885.2496374731654
82.99999999999956,VALID,25.153158157396312,81.69142154329597,1877.3923310458954
83.09999999999955,VALID,25.153289194413418,81.69158530949366,1878.6899592107961
83.19999999999955,VALID,25.15342023125007,81.69174907604345,1882.4260111996844
83.29999999999954,VALID,25.153551267906266,81.69191284294534,1882.7588563245515
83.39999999999954,VALID,25.153682304382006,81.69207661019934,1876.5165443154297
83.49999999999953,VALID,25.153813340677285,81.69224037780543,1879.8114059986856
83.59999999999953,VALID,25.1539443767921,81.69240414576365,1878.6251287047698
83.69999999999952,VALID,25.154075412726453,81.69256791407396,1876.2960010463669
83.79999999999951,VALID,25.154206448480334,81.6927316827364,1880.1452679854006
83.89999999999951,VALID,25.154337484053745,81.69289545175096,1882.2201755774745
83.9999999999995,VALID,25.154468519446684,81.69305922111764,1880.5544001245692
84.0999999999995,VALID,25.154599554659146,81.69322299083645,1878.83010702695
84.19999999999949,VALID,25.15473058969113,81.69338676090739,1881.1268494129442
84.29999999999949,VALID,25.154861624542637,81.69355053133046,1878.554278337029
84.39999999999948,VALID,25.154992659213658,81.69371430210568,1875.1205357531128
84.49999999999947,VALID,25.155123693704194,81.69387807323302,1874.9457993453539
84.59999999999947,VALID,25.155254728014242,81.69404184471252,1877.0821590375572
84.69999999999946,VALID,25.155385762143798,81.69420561654415,1876.110073727445
84.79999999999946,VALID,25.15551679609286,81.69436938872795,1874.0446269416273
84.89999999999945,VALID,25.15564782986143,81.69453316126389,1875.8286177899024
84.99999999999945,VALID,25.1557788634495,81.69469693415199,1871.3586404498874
85.09999999999944,VALID,25.155909896857064,81.69486070739225,1872.3358212550243
85.19999999999943,VALID,25.156040930084128,81.69502448098469,1873.8678541873599
85.29999999999943,VALID,25.156171963130685,81.69518825492928,1877.4313131844897
85.39999999999942,VALID,25.156302995996732,81.69535202922604,1873.7983927319317
85.49999999999942,VALID,25.15643402868227,81.69551580387498,1879.7881985536437
85.59999999999941,VALID,25.15656506118729,81.69567957887611,1876.7739675334706
85.6999999999994,VALID,25.156696093511794,81.69584335422941,1873.2977411909683
85.7999999999994,VALID,25.15682712565578,81.6960071299349,1877.2172535336601
85.8999999999994,VALID,25.156958157619243,81.69617090599257,1880.3176893413347
85.99999999999939,VALID,25.157089189402182,81.69633468240245,1880.7898446675606
86.09999999999938,VALID,25.157220221004593,81.69649845916452,1876.8986376235741
86.19999999999938,VALID,25.157351252426473,81.69666223627878,1877.0461033797624
86.29999999999937,VALID,25.15748228366782,81.69682601374525,1876.6665715883337
86.39999999999937,VALID,25.157613314728632,81.69698979156394,1878.6559230395792
86.49999999999936,VALID,25.157744345608904,81.69715356973482,1873.837198785041
86.59999999999935,VALID,25.15787537630864,81.69731734825793,1875.3900918527236
86.69999999999935,VALID,25.158006406827827,81.69748112713324,1879.4619324801868
86.79999999999934,VALID,25.15813743716647,81.6976449063608,1876.2742528136635
86.89999999999934,VALID,25.158268467324564,81.69780868594056,1881.8749497810013
86.99999999999933,VALID,25.158399497302106,81.69797246587255,1881.2051492585113
87.09999999999933,VALID,25.158530527099092,81.69813624615678,1880.5955336449306
87.19999999999932,VALID,25.158661556715522,81.69830002679325,1879.5534647662334
87.29999999999932,VALID,25.158792586151392,81.69846380778196,1880.068294501679
87.39999999999931,VALID,25.1589236154067,81.6986275891229,1883.1713762172353
87.4999999999993,VALID,25.15905464448144,81.69879137081611,1881.3092748215122
87.5999999999993,VALID,25.159185673375614,81.69895515286156,1881.1315731916911
87.69999999999929,VALID,25.159316702089214,81.69911893525926,1876.9493747973916
87.79999999999929,VALID,25.15944773062224,81.69928271800923,1875.41810270754
87.89999999999928,VALID,25.15957875897469,81.69944650111145,1880.8073177726137
87.99999999999928,VALID,25.15970978714656,81.69961028456594,1886.9410038685485
88.09999999999927,VALID,25.159840815137848,81.69977406837269,1882.5668960070093
88.19999999999926,VALID,25.15997184294855,81.69993785253172,1879.7968618083387
88.29999999999926,VALID,25.160102870578665,81.70010163704302,1878.8551232158686
88.39999999999925,VALID,25.16023389802819,81.70026542190661,1882.11540050982
88.49999999999925,VALID,25.160364925297117,81.70042920712247,1883.3972933163188
88.59999999999924,VALID,25.16049595238545,81.70059299269062,1883.4923294439056
88.69999999999924,VALID,25.160626979293184,81.70075677861107,1885.2272255363596
88.79999999999923,VALID,25.160758006020316,81.7009205648838,1884.6688331567573
88.89999999999922,VALID,25.160889032566843,81.70108435150884,1889.5688573804823
88.99999999999922,VALID,25.16102005893276,81.70124813848618,1886.3323935128183
89.09999999999921,VALID,25.161151085118064,81.70141192581583,1889.5849408571116
89.1999999999992,VALID,25.161282111122755,81.70157571349779,1890.321951266173
89.2999999999992,VALID,25.16141313694683,81.70173950153206,1890.5562174532413
89.3999999999992,VALID,25.161544162590285,81.70190328991865,1892.3670774433767
89.49999999999919,VALID,25.161675188053117,81.70206707865756,1889.957184896416
89.59999999999918,VALID,25.16180621333532,81.7022308677488,1895.2803141946295
89.69999999999918,VALID,25.1619372384369,81.70239465719236,1892.8216513397517
89.79999999999917,VALID,25.162068263357842,81.70255844698826,1888.4551799250626
89.89999999999917,VALID,25.16219928809815,81.7027222371365,1892.4291801722497
89.99999999999916,VALID,25.162330312657822,81.70288602763708,1892.6344441058109
90.09999999999916,VALID,25.162461337036852,81.70304981849,1890.502916441889
90.19999999999915,VALID,25.162592361235237,81.70321360969527,1893.154650088139
90.29999999999914,VALID,25.162723385252974,81.7033774012529,1889.5964620910547
90.39999999999914,VALID,25.162854409090063,81.70354119316288,1892.4654387759083
90.49999999999913,VALID,25.1629854327465,81.70370498542522,1893.8251186237949
90.59999999999913,VALID,25.163116456222276,81.70386877803992,1893.5672508614914
90.69999999999912,VALID,25.163247479517395,81.70403257100699,1892.7138420633348
90.79999999999912,VALID,25.16337850263185,81.70419636432644,1895.7314637842258
90.89999999999911,VALID,25.16350952556564,81.70436015799825,1890.1275594147965
90.9999999999991,VALID,25.163640548318764,81.70452395202246,1890.5931010923468
91.0999999999991,VALID,25.163771570891214,81.70468774639905,1891.717663674966
91.1999999999991,VALID,25.16390259328299,81.70485154112802,1893.8609586191642
91.29999999999909,VALID,25.164033615494088,81.70501533620939,1895.5097478239657
91.39999999999908,VALID,25.164164637524504,81.70517913164315,1891.1933941782697
91.49999999999908,VALID,25.164295659374236,81.70534292742931,1891.9414512481326
91.59999999999907,VALID,25.16442668104328,81.70550672356788,1893.7017796170235
91.69999999999906,VALID,25.164557702531635,81.70567052005886,1892.7327000729465
91.79999999999906,VALID,25.164688723839294,81.70583431690225,1891.7756734281822
91.89999999999905,VALID,25.164819744966255,81.70599811409807,1892.4957407926925
91.99999999999905,VALID,25.164950765912515,81.70616191164629,1894.3920796805362
92.09999999999904,VALID,25.16508178667807,81.70632570954695,1893.3293993267948
92.19999999999904,VALID,25.165212807262918,81.70648950780003,1896.229781428331
92.29999999999903,VALID,25.165343827667055,81.70665330640554,1891.4680396355304
92.39999999999903,VALID,25.16547484789048,81.7068171053635,1890.3412647321945
92.49999999999902,VALID,25.165605867933188,81.7069809046739,1891.8719668271708
92.59999999999901,VALID,25.165736887795173,81.70714470433674,1890.9599480516736
92.69999999999901,VALID,25.165867907476436,81.70730850435203,1890.8880127857299
92.799999999999,VALID,25.16599892697697,81.70747230471977,1890.8823447327004
92.899999999999,VALID,25.166129946296778,81.70763610543997,1896.7282245454246
92.99999999999899,VALID,25.16626096543585,81.70779990651263,1897.6155281677645
93.09999999999899,VALID,25.166391984394185,81.70796370793776,1896.8010705576687
93.19999999999898,VALID,25.166523003171775,81.70812750971537,1893.8139013410341
93.29999999999897,VALID,25.166654021768625,81.70829131184544,1895.4082768438886
93.39999999999897,VALID,25.166785040184728,81.708455114328,1894.2357958813616
93.49999999999896,VALID,25.166916058420078,81.70861891716305,1894.6118598730966
93.59999999999896,VALID,25.167047076474674,81.70878272035058,1894.8440075886092
93.69999999999895,VALID,25.16717809434851,81.7089465238906,1896.220943484743
93.79999999999895,VALID,25.167309112041586,81.70911032778312,1895.8630234666455
93.89999999999894,VALID,25.167440129553896,81.70927413202814,1896.0555093066187
93.99999999999893,VALID,25.167571146885436,81.70943793662568,1890.5873884765929
94.09999999999893,VALID,25.167702164036204,81.70960174157571,1896.073074654705
94.19999999999892,VALID,25.167833181006195,81.70976554687826,1892.2404910990047
94.29999999999892,VALID,25.167964197795406,81.70992935253334,1898.4663153894478
94.39999999999891,VALID,25.168095214403834,81.71009315854093,1898.6575243569234
94.4999999999989,VALID,25.168226230831475,81.71025696490105,1897.0436464537129
94.5999999999989,VALID,25.168357247078326,81.71042077161371,1892.5712633193432
94.6999999999989,VALID,25.168488263144383,81.7105845786789,1893.8447243416538
94.79999999999889,VALID,25.16861927902964,81.71074838609664,1897.6293399062897
94.89999999999888,VALID,25.1687502947341,81.71091219386692,1896.7982946466884
94.99999999999888,VALID,25.168881310257753,81.71107600198975,1894.826322967173
95.09999999999887,VALID,25.169012325600598,81.71123981046514,1896.1764657410251
95.19999999999887,VALID,25.169143340762627,81.7114036192931,1895.8285035444953
95.29999999999886,VALID,25.16927435574384,81.71156742847361,1893.7280580087659
95.39999999999885,VALID,25.169405370544236,81.7117312380067,1893.6962050207694
95.49999999999885,VALID,25.169536385163806,81.71189504789237,1897.0597350742664
95.59999999999884,VALID,25.16966739960255,81.7120588581306,1896.1435383752464
95.69999999999884,VALID,25.16979841386046,81.71222266872142,1894.8460114070347
95.79999999999883,VALID,25.169929427937532,81.71238647966483,1897.5045174718155
95.89999999999883,VALID,25.170060441833765,81.71255029096083,1895.8242546319557
95.99999999999882,VALID,25.170191455549155,81.71271410260944,1892.9008914124224
96.09999999999881,VALID,25.170322469083697,81.71287791461064,1898.7564173846436
96.19999999999881,VALID,25.170453482437388,81.71304172696446,1897.8649133035376
96.2999999999988,VALID,25.170584495610225,81.71320553967088,1900.4784736790598
96.3999999999988,VALID,25.1707155086022,81.71336935272993,1900.2997597969074
96.49999999999879,VALID,25.17084652141331,81.71353316614159,1901.2596612769498
96.59999999999879,VALID,25.170977534043555,81.71369697990588,1896.9592818557328
96.69999999999878,VALID,25.171108546492928,81.7138607940228,1895.9118322588774
96.79999999999878,VALID,25.171239558761425,81.71402460849237,1895.6581318420685
96.89999999999877,VALID,25.17137057084904,81.71418842331457,1899.3745618003193
96.99999999999876,VALID,25.17150158275577,81.71435223848941,1896.4557533981465
97.09999999999876,VALID,25.17163259448161,81.71451605401691,1898.8104185739205
97.19999999999875,VALID,25.171763606026563,81.71467986989707,1892.8276342385573
97.29999999999875,VALID,25.171894617390617,81.7148436861299,1894.7935468383582
97.39999999999874,VALID,25.17202562857377,81.71500750271538,1895.1811148162972
97.49999999999874,VALID,25.172156639576016,81.71517131965354,1897.3946227364263
97.59999999999873,VALID,25.172287650397354,81.71533513694438,1895.9816224615845
97.69999999999872,VALID,25.172418661037778,81.7154989545879,1902.601893513458
97.79999999999872,VALID,25.172549671497283,81.71566277258411,1899.876248727734
97.89999999999871,VALID,25.172680681775862,81.715826590933,1898.0329043436816
97.9999999999987,VALID,25.172811691873516,81.7159904096346,1899.6944357381549
98.0999999999987,VALID,25.172942701790237,81.71615422868891,1895.2280365500246
98.1999999999987,VALID,25.173073711526023,81.71631804809591,1895.459680034811
98.29999999999869,VALID,25.173204721080868,81.71648186785565,1896.5565953524722
98.39999999999868,VALID,25.173335730454767,81.7166456879681,1892.202922992268
98.49999999999868,VALID,25.173466739647715,81.71680950843327,1891.212815076052
98.59999999999867,VALID,25.17359774865971,81.71697332925118,1897.6815003859808
98.69999999999867,VALID,25.173728757490743,81.71713715042182,1895.1848621855356
98.79999999999866,VALID,25.173859766140815,81.7173009719452,1899.3198223272097
98.89999999999866,VALID,25.173990774609916,81.71746479382134,1897.4364696333532
98.99999999999865,VALID,25.174121782898045,81.71762861605022,1898.7325656691817
99.09999999999864,VALID,25.174252791005195,81.71779243863186,1900.9037741986351
99.19999999999864,VALID,25.174383798931363,81.71795626156626,1897.3159916896861
99.29999999999863,VALID,25.17451480667654,81.71812008485342,1900.162779657103
99.39999999999863,VALID,25.17464581424073,81.71828390849338,1899.316462843422
99.49999999999862,VALID,25.17477682162392,81.7184477324861,1898.9012803681978
99.59999999999862,VALID,25.174907828826107,81.71861155683162,1899.0421977569588
99.69999999999861,VALID,25.17503883584729,81.71877538152992,1897.8402712264678
99.7999999999986,VALID,25.175169842687456,81.71893920658103,1898.5674467546055
99.8999999999986,VALID,25.175300849346606,81.71910303198494,1903.586936033734
99.9999999999986,VALID,25.175431855824733,81.71926685774166,1899.2250919659732
100.09999999999859,VALID,25.175562862121833,81.7194306838512,1900.821754796483
100.19999999999858,VALID,25.1756938682379,81.71959451031356,1898.567586009646
100.29999999999858,VALID,25.17582487417293,81.71975833712874,1898.6926141838326
100.39999999999857,VALID,25.175955879926914,81.71992216429676,1899.7686848534474
100.49999999999856,VALID,25.17608688549985,81.72008599181763,1899.0145468957596
100.59999999999856,VALID,25.17621789089173,81.72024981969133,1897.7641041685724
100.69999999999855,VALID,25.176348896102553,81.7204136479179,1904.339498195732
100.79999999999855,VALID,25.17647990113231,81.72057747649731,1899.5051127717848
100.89999999999854,VALID,25.176610905980997,81.7207413054296,1904.5543091601498
100.99999999999854,VALID,25.17674191064861,81.72090513471476,1907.7796362646159
101.09999999999853,VALID,25.17687291513514,81.7210689643528,1902.965669064852
101.19999999999852,VALID,25.177003919440583,81.72123279434372,1900.9652637738475
101.29999999999852,VALID,25.17713492356493,81.72139662468753,1900.340741182261
101.39999999999851,VALID,25.177265927508184,81.72156045538424,1902.0719382646148
101.49999999999851,VALID,25.177396931270334,81.72172428643384,1901.286172286746
101.5999999999985,VALID,25.177527934851373,81.72188811783636,1902.9952266968394
101.6999999999985,VALID,25.177658938251295,81.7220519495918,1904.5969599511798
101.79999999999849,VALID,25.177789941470095,81.72221578170016,1902.6933544485598
101.89999999999849,VALID,25.17792094450777,81.72237961416145,1903.5357332473095
101.99999999999848,VALID,25.178051947364306,81.72254344697568,1903.6799370459346
102.09999999999847,VALID,25.178182950039705,81.72270728014286,1903.1066214347914
102.19999999999847,VALID,25.17831395253396,81.72287111366298,1904.2931754580602
102.29999999999846,VALID,25.17844495484706,81.72303494753605,1901.763301009099
102.39999999999846,VALID,25.178575956979003,81.7231987817621,1898.0856825857477
102.49999999999845,VALID,25.178706958929784,81.7233626163411,1897.388865069447
102.59999999999845,VALID,25.178837960699394,81.7235264512731,1899.7587358737821
102.69999999999844,VALID,25.178968962287826,81.72369028655808,1899.569240788558
102.79999999999843,VALID,25.179099963695073,81.72385412219606,1899.9293885745853
102.89999999999843,VALID,25.179230964921132,81.72401795818703,1899.1041970591618
102.99999999999842,VALID,25.17936196596599,81.72418179453102,1899.818781009687
103.09999999999842,VALID,25.17949296682965,81.72434563122802,1901.0800274377189
103.19999999999841,VALID,25.179623967512097,81.72450946827804,1904.3701583077682
103.2999999999984,VALID,25.179754968013327,81.7246733056811,1902.641246385375
103.3999999999984,VALID,25.179885968333334,81.72483714343718,1903.723539033184
103.4999999999984,VALID,25.18001696847211,81.72500098154633,1905.2901786634352
103.59999999999839,VALID,25.180147968429647,81.72516482000853,1903.311091656091
103.69999999999838,VALID,25.18027896820594,81.72532865882378,1903.095353556098
103.79999999999838,VALID,25.18040996780098,81.72549249799211,1903.8228068307305
103.89999999999837,VALID,25.18054096721476,81.72565633751351,1899.6353561116582
103.99999999999837,VALID,25.180671966447274,81.725820177388,1902.9044894227113
104.09999999999836,VALID,25.180802965498515,81.72598401761559,1900.6646336352278
104.19999999999835,VALID,25.180933964368474,81.72614785819627,1899.0617898646487
104.29999999999835,VALID,25.181064963057146,81.72631169913006,1901.994439942685
104.39999999999834,VALID,25.18119596156452,81.72647554041698,1897.117686644531
104.49999999999834,VALID,25.18132695989059,81.72663938205703,1897.8844962223188
104.59999999999833,VALID,25.18145795803535,81.7268032240502,1898.6570284774016
104.69999999999833,VALID,25.181588955998787,81.72696706639653,1899.4340077164857
104.79999999999832,VALID,25.181719953780895,81.727130909096,1900.6273481221021
104.89999999999831,VALID,25.18185095138167,81.72729475214864,1902.1176618515688
104.99999999999831,VALID,25.1819819488011,81.72745859555444,1902.1119141534693
105.0999999999983,VALID,25.182112946039176,81.72762243931342,1901.3663285639218
105.1999999999983,VALID,25.18224394309589,81.7277862834256,1905.5655548083623
105.29999999999829,VALID,25.182374939971236,81.72795012789098,1898.457377415419
105.39999999999829,VALID,25.182505936665205,81.72811397270956,1901.4545981160343
105.49999999999828,VALID,25.182636933177786,81.72827781788136,1898.2977550085345
105.59999999999827,VALID,25.182767929508973,81.72844166340639,1901.4514845199985
105.69999999999827,VALID,25.182898925658755,81.72860550928465,1899.3716648938173
105.79999999999826,VALID,25.183029921627124,81.72876935551615,1902.6152575504932
105.89999999999826,VALID,25.18316091741407,81.72893320210092,1901.0071110170547
105.99999999999825,VALID,25.183291913019584,81.72909704903896,1899.8868789032838
106.09999999999825,VALID,25.183422908443656,81.72926089633026,1895.2492923102457
106.19999999999824,VALID,25.183553903686278,81.72942474397485,1899.5698023263549
106.29999999999824,VALID,25.18368489874744,81.72958859197273,1898.4639424037236
106.39999999999823,VALID,25.18381589362713,81.72975244032392,1898.655160401254
106.49999999999822,VALID,25.18394688832534,81.72991628902844,1900.9627077349946
106.59999999999822,VALID,25.184077882842065,81.73008013808628,1902.6897450202687
106.69999999999821,VALID,25.184208877177287,81.73024398749746,1897.988968349722
106.7999999999982,VALID,25.184339871330998,81.73040783726199,1898.968462242648
106.8999999999982,VALID,25.184470865303187,81.73057168737988,1898.0778573810774
106.9999999999982,VALID,25.184601859093846,81.73073553785115,1896.4784285243104
107.09999999999819,VALID,25.18473285270296,81.7308993886758,1898.4544231882521
107.19999999999818,VALID,25.184863846130522,81.73106323985384,1898.281334186433
107.29999999999818,VALID,25.18499483937652,81.73122709138529,1899.7559468236052
107.39999999999817,VALID,25.185125832440946,81.73139094327016,1893.7413524616768
107.49999999999817,VALID,25.18525682532378,81.73155479550846,1900.2969257341902
107.59999999999816,VALID,25.185387818025017,81.7317186481002,1900.9124709032794
107.69999999999816,VALID,25.185518810544643,81.7318825010454,1897.586459371732
107.79999999999815,VALID,25.185649802882647,81.73204635434408,1899.166220164099
107.89999999999814,VALID,25.185780795039015,81.73221020799623,1897.2614197677688
107.99999999999814,VALID,25.185911787013737,81.73237406200188,1903.1256957133094
108.09999999999813,VALID,25.186042778806797,81.73253791636104,1897.421918220838
108.19999999999813,VALID,25.186173770418186,81.73270177107372,1904.6904715525814
108.29999999999812,VALID,25.18630476184789,81.73286562613993,1900.9583557548904
108.39999999999812,VALID,25.186435753095896,81.73302948155968,1902.5514431209037
108.49999999999811,VALID,25.18656674416219,81.733193337333,1900.221649615955
108.5999999999981,VALID,25.186697735046756,81.73335719345991,1901.8603685653497
108.6999999999981,VALID,25.186828725749585,81.7335210499404,1903.8193201305598
108.7999999999981,VALID,25.186959716270657,81.7336849067745,1904.1762140691026
108.89999999999809,VALID,25.18709070660996,81.73384876396221,1900.3846706328295
108.99999999999808,VALID,25.187221696767484,81.73401262150357,1902.9801651446821
109.09999999999808,VALID,25.187352686743207,81.73417647939857,1901.4223699498061
109.19999999999807,VALID,25.187483676537116,81.73434033764725,1901.0800331474761
109.29999999999806,VALID,25.187614666149198,81.73450419624962,1905.694759541574
109.39999999999806,VALID,25.187745655579434,81.73466805520567,1903.1032966917508
109.49999999999805,VALID,25.18787664482781,81.73483191451545,1902.4243851818273
109.59999999999805,VALID,25.18800763389431,81.73499577417897,1903.5120616866297
109.69999999999804,VALID,25.18813862277891,81.73515963419624,1903.731154960325
109.79999999999804,VALID,25.188269611481605,81.73532349456727,1900.3935539732984
109.89999999999803,VALID,25.188400600002367,81.7354873552921,1902.4355284230767
109.99999999999802,VALID,25.188531588341185,81.73565121637073,1904.203642270521
110.09999999999802,VALID,25.18866257649804,81.73581507780318,1897.6415419555678
110.19999999999801,VALID,25.18879356447291,81.73597893958947,1901.2954493236339
110.29999999999801,VALID,25.188924552265778,81.73614280172963,1902.0723040678693
110.399999999998,VALID,25.189055539876623,81.73630666422366,1904.649965919679
110.499999999998,VALID,25.189186527305427,81.7364705270716,1904.1903712359988
110.59999999999799,VALID,25.18931751455217,81.73663439027347,1902.7147991219806
110.69999999999798,VALID,25.189448501616827,81.73679825382928,1902.0947489287128
110.79999999999798,VALID,25.189579488499383,81.73696211773905,1898.3345416128814
110.89999999999797,VALID,25.189710475199814,81.73712598200282,1904.4886087193752
110.99999999999797,VALID,25.189841461718096,81.7372898466206,1903.2311290081007
111.09999999999796,VALID,25.189972448054206,81.73745371159241,1899.454163281659
111.19999999999796,VALID,25.190103434208122,81.73761757691828,1907.5922780010678
111.29999999999795,VALID,25.19023442017982,81.73778144259823,1904.6683948209848
111.39999999999795,VALID,25.190365405969278,81.73794530863229,1899.4142537626242
111.49999999999794,VALID,25.190496391576467,81.73810917502048,1902.704214723303
111.59999999999793,VALID,25.190627377001363,81.73827304176284,1905.3373417952023
111.69999999999793,VALID,25.190758362243937,81.73843690885938,1901.2884357252465
111.79999999999792,VALID,25.190889347304164,81.73860077631014,1905.3189764812923
111.89999999999792,VALID,25.191020332182017,81.73876464411514,1901.6950615422688
111.99999999999791,VALID,25.191151316877466,81.7389285122744,1901.2469059738578
112.0999999999979,VALID,25.191282301390483,81.73909238078797,1903.2815680614078
112.1999999999979,VALID,25.191413285721037,81.73925624965587,1900.7812783055647
112.2999999999979,VALID,25.191544269869095,81.73942011887813,1900.9118836290813
112.39999999999789,VALID,25.191675253834624,81.73958398845478,1895.7693093660896
112.49999999999788,VALID,25.191806237617595,81.73974785838587,1897.2303356350692
112.59999999999788,VALID,25.191937221217973,81.73991172867142,1900.1395680775634
112.69999999999787,VALID,25.19206820463572,81.74007559931145,1897.4977410567772
112.79999999999787,VALID,25.192199187870802,81.74023947030602,1898.2230761791875
112.89999999999786,VALID,25.19233017092318,81.74040334165517,1898.9010113012616
112.99999999999785,VALID,25.19246115379282,81.74056721335893,1902.4419822361838
113.09999999999785,VALID,25.192592136479675,81.74073108541734,1901.5016461312043
113.19999999999784,VALID,25.192723118983707,81.74089495783043,1902.1693499115793
113.29999999999784,VALID,25.192854101304874,81.74105883059826,1906.0391152318675
113.39999999999783,VALID,25.19298508344313,81.74122270372088,1907.2352289688142
113.49999999999783,VALID,25.19311606539843,81.74138657719831,1904.9030934565264
113.59999999999782,VALID,25.193247047170725,81.74155045103062,1901.4459895433804
113.69999999999781,VALID,25.19337802875997,81.74171432521784,1899.9904376508925
113.79999999999781,VALID,25.193509010166107,81.74187819976004,1902.2429749237767
113.8999999999978,VALID,25.193639991389087,81.74204207465726,1903.9484240429474
113.9999999999978,VALID,25.193770972428855,81.74220594990956,1901.051130425721
114.09999999999779,VALID,25.19390195328535,81.742369825517,1897.363883708587
114.19999999999779,VALID,25.194032933958518,81.74253370147963,1903.777676768111
114.29999999999778,VALID,25.19416391444829,81.74269757779753,1903.9498424852472
114.39999999999777,VALID,25.194294894754602,81.74286145447074,1904.8476782139721
114.49999999999777,VALID,25.194425874877385,81.74302533149935,1902.1030656315031
114.59999999999776,VALID,25.19455685481657,81.74318920888342,1903.1147768537662
114.69999999999776,VALID,25.194687834572083,81.74335308662303,1902.8357974336034
114.79999999999775,VALID,25.19481881414384,81.74351696471825,1903.2268187430914
114.89999999999775,VALID,25.194949793531766,81.74368084316916,1909.4843952261522
114.99999999999774,VALID,25.195080772735768,81.74384472197585,1904.550140267444
115.09999999999773,VALID,25.195211751755757,81.7440086011384,1904.7314114252263
115.19999999999773,VALID,25.195342730591637,81.74417248065693,1902.7183103041918
115.29999999999772,VALID,25.19547370924331,81.74433636053152,1897.756615747369
115.39999999999772,VALID,25.195604687710663,81.74450024076228,1900.281443253355
115.49999999999771,VALID,25.195735665993585,81.74466412134932,1906.0839961240808
115.5999999999977,VALID,25.195866644091957,81.74482800229276,1899.9796129674744
115.6999999999977,VALID,25.19599762200565,81.74499188359273,1904.7918485102523
115.7999999999977,VALID,25.196128599734525,81.74515576524936,1898.7426907793188
115.89999999999769,VALID,25.196259577278443,81.74531964726279,1904.3713465577762
115.99999999999768,VALID,25.196390554637244,81.74548352963318,1898.5705299365936
116.09999999999768,VALID,25.196521531810763,81.74564741236068,1899.8587937055618
116.19999999999767,VALID,25.19665250879882,81.74581129544548,1900.5632576602595
116.29999999999767,VALID,25.196783485601223,81.74597517888776,1896.1505173975902
116.39999999999766,VALID,25.196914462217766,81.74613906268773,1899.7906444662688
116.49999999999766,VALID,25.19704543864822,81.74630294684562,1902.0477966511692
116.59999999999765,VALID,25.19717641489234,81.74646683136164,1901.0326918642254
116.69999999999764,VALID,25.197307390949856,81.74663071623608,1903.6398457945434
116.79999999999764,VALID,25.197438366820474,81.74679460146923,1905.597378308791
116.89999999999763,VALID,25.197569342503872,81.74695848706139,1899.2743586298589
116.99999999999763,VALID,25.19770031799969,81.74712237301293,1903.2633886830645
117.09999999999762,VALID,25.197831293307527,81.74728625932423,1904.0487869559847
117.19999999999762,VALID,25.197962268426934,81.74745014599571,1898.6646276448175
117.29999999999761,VALID,25.198093243357405,81.7476140330279,1902.8140832746174
117.3999999999976,VALID,25.198224218098368,81.74777792042134,1896.7172369748218
117.4999999999976,VALID,25.19835519264916,81.74794180817669,1903.982591205914
117.59999999999759,VALID,25.19848616700902,81.74810569629469,1905.5312889207112
117.69999999999759,VALID,25.19861714117705,81.74826958477621,1903.5435804705828
117.79999999999758,VALID,25.198748115152185,81.7484334736223,1905.3514295394755
117.89999999999758,VALID,25.198879088933136,81.7485973628342,1907.0288311188283
117.99999999999757,VALID,25.19901006251831,81.74876125241349,1903.8167443585353
118.09999999999756,VALID,25.199141035905708,81.74892514236211,1899.671541046905
118.19999999999756,VALID,25.1992720090927,81.74908903268263,1903.3615634697605
118.29999999999755,VALID,25.19940298207572,81.74925292337853,1901.3570316491307
118.39999999999755,VALID,25.19953395484965,81.74941681445482,1904.2125326976056
118.49999999999754,VALID,25.19966492740647,81.7495807059193,1898.1153727757141
118.59999999999754,VALID,25.19979589973192,81.7497445977859,1901.0121827927221
118.69999999999753,VALID,25.199926871793416,81.74990849008645,1899.29712856336
118.79999999999752,VALID,25.200131131076912,81.75016373719461,1897.4277082652297
118.89999999999752,VALID,25.20026226197334,81.75032747474212,1903.002113539342
118.99999999999751,VALID,25.200393392689282,81.75049121264252,1902.338772163643
119.09999999999751,VALID,25.20052452322474,81.75065495089581,1902.3488009628306
119.1999999999975,VALID,25.20065565357971,81.750818689502,1900.1234387593113
119.2999999999975,VALID,25.200786783754186,81.75098242846109,1902.8157120583164
119.39999999999749,VALID,25.20091791374817,81.75114616777307,1903.0879287420719
119.49999999999748,VALID,25.201049043561664,81.75130990743796,1900.223052069561
119.59999999999748,VALID,25.20118017319466,81.75147364745575,1899.5950498086859
119.69999999999747,VALID,25.20131130264716,81.75163738782646,1905.1411217592229
119.79999999999747,VALID,25.20144243191916,81.75180112855008,1903.9898806259957
119.89999999999746,VALID,25.201573561010658,81.75196486962662,1904.7238656378722
119.99999999999746,VALID,25.201704689921655,81.75212861105608,1903.5370587506595
120.09999999999745,VALID,25.201835818652146,81.75229235283845,1907.0773204988147
120.19999999999744,VALID,25.20196694720213,81.75245609497375,1906.457610265214
120.29999999999744,VALID,25.20209807557161,81.75261983746198,1902.1743238570414
120.39999999999743,VALID,25.202229203760574,81.75278358030313,1905.4570437383315
120.49999999999743,VALID,25.20236033176903,81.75294732349721,1906.4964178805583
120.59999999999742,VALID,25.20249145959697,81.75311106704423,1903.8175209184344
120.69999999999742,VALID,25.202622587244395,81.75327481094419,1900.5781142807177
120.79999999999741,VALID,25.202753714711303,81.75343855519709,1903.860580042979
120.8999999999974,VALID,25.20288484199769,81.75360229980294,1903.09511459479
120.9999999999974,VALID,25.203015969103557,81.75376604476172,1902.3543415121003
121.0999999999974,VALID,25.2031470960289,81.75392979007346,1900.0471177536172
121.19999999999739,VALID,25.20327822277372,81.75409353573814,1902.8981263099668
121.29999999999738,VALID,25.20340934933801,81.75425728175577,1902.7351595329746
121.39999999999738,VALID,25.203540475721773,81.75442102812636,1905.1569605621999
121.49999999999737,VALID,25.203671601925006,81.75458477484992,1904.565465253813
121.59999999999737,VALID,25.203802727947707,81.75474852192643,1900.268311599305
121.69999999999736,VALID,25.203933853789874,81.75491226935591,1904.643996158985
121.79999999999735,VALID,25.204064979451505,81.75507601713836,1903.5410796700596
121.89999999999735,VALID,25.2041961049326,81.75523976527379,1904.6298818835405
121.99999999999734,VALID,25.20432723023315,81.75540351376218,1903.562043047482
122.09999999999734,VALID,25.204458355353164,81.75556726260353,1901.6081760706627
122.19999999999733,VALID,25.204589480292633,81.75573101179788,1904.5519080052468
122.29999999999733,VALID,25.204720605051556,81.7558947613452,1901.9338380199597
122.39999999999732,VALID,25.204851729629933,81.75605851124551,1908.5008582907433
122.49999999999731,VALID,25.20498285402776,81.7562222614988,1902.7362923320222
122.59999999999731,VALID,25.205113978245038,81.7563860121051,1903.2064422558456
122.6999999999973,VALID,25.20524510228176,81.75654976306437,1903.3340435632058
122.7999999999973,VALID,25.205376226137933,81.75671351437664,1900.0629743448053
122.89999999999729,VALID,25.205507349813548,81.75687726604191,1903.244109561885
122.99999999999729,VALID,25.205638473308603,81.75704101806018,1899.9355808664786
123.09999999999728,VALID,25.2057695966231,81.75720477043146,1905.683095460825
123.19999999999727,VALID,25.205900719757032,81.75736852315573,1907.6730945587178
123.29999999999727,VALID,25.206031842710402,81.75753227623302,1905.8604477354438
123.39999999999726,VALID,25.206162965483205,81.75769602966332,1906.4605059809821
123.49999999999726,VALID,25.206294088075442,81.75785978344663,1905.8950766548908
123.59999999999725,VALID,25.206425210487108,81.75802353758296,1906.507619897828
123.69999999999725,VALID,25.206556332718204,81.75818729207231,1906.462442092575
123.79999999999724,VALID,25.206687454768726,81.75835104691468,1906.866942784974
123.89999999999723,VALID,25.206818576638675,81.75851480211008,1914.569147537975
123.99999999999723,VALID,25.206949698328046,81.75867855765851,1909.7511824135436
124.09999999999722,VALID,25.207080819836836,81.75884231355997,1899.2817008574875
124.19999999999722,VALID,25.20721194116505,81.75900606981446,1907.1985805584616
124.29999999999721,VALID,25.207343062312678,81.75916982642198,1905.386702627583
124.3999999999972,VALID,25.20747418327972,81.75933358338254,1905.4774465398916
124.4999999999972,VALID,25.20760530406618,81.75949734069614,1902.261819293061
124.5999999999972,VALID,25.207736424672053,81.7596610983628,1905.5747769983957
124.69999999999719,VALID,25.207867545097333,81.7598248563825,1904.9897616406884
124.79999999999718,VALID,25.20799866534202,81.75998861475524,1903.944002702867
124.89999999999718,VALID,25.208129785406115,81.76015237348105,1909.9372127206852
124.99999999999717,VALID,25.208260905289613,81.76031613255991,1907.1192939122868
125.09999999999717,VALID,25.208392024992513,81.76047989199182,1909.6056674740842
125.19999999999716,VALID,25.208523144514814,81.7606436517768,1906.8486734814485
125.29999999999715,VALID,25.208654263856513,81.76080741191484,1905.1420079098302
125.39999999999715,VALID,25.20878538301761,81.76097117240595,1903.994054944555
125.49999999999714,VALID,25.2089165019981,81.76113493325012,1903.6692160063144
125.59999999999714,VALID,25.209047620797985,81.76129869444738,1901.4407800921826
125.69999999999713,VALID,25.20917873941726,81.7614624559977,1902.7700509667836
125.79999999999713,VALID,25.209309857855924,81.76162621790111,1903.174046450575
125.89999999999712,VALID,25.209440976113974,81.7617899801576,1905.585020859173
125.99999999999712,VALID,25.20957209419141,81.76195374276718,1906.962810617481
126.09999999999711,VALID,25.209703212088233,81.76211750572983,1908.8295637021467
126.1999999999971,VALID,25.209834329804433,81.76228126904559,1905.9354550399237
126.2999999999971,VALID,25.209965447340014,81.76244503271442,1901.1447141163499
126.39999999999709,VALID,25.21009656469497,81.76260879673636,1905.3415754471403
126.49999999999709,VALID,25.210227681869306,81.76277256111139,1906.3228918111458
126.59999999999708,VALID,25.210358798863012,81.76293632583952,1906.7128338801913
126.69999999999708,VALID,25.210489915676092,81.76310009092076,1905.6136671064428
126.79999999999707,VALID,25.21062103230854,81.76326385635511,1905.9763658269442
126.89999999999706,VALID,25.21075214876036,81.76342762214256,1902.7587919235593
126.99999999999706,VALID,25.210883265031544,81.76359138828313,1903.0505055154008
127.09999999999705,VALID,25.21101438112209,81.76375515477682,1909.7896851013907
127.19999999999705,VALID,25.211145497032,81.76391892162361,1905.2941533154747
127.29999999999704,VALID,25.21127661276127,81.76408268882354,1909.5626224748687
127.39999999999704,VALID,25.2114077283099,81.76424645637658,1904.0396492672635
127.49999999999703,VALID,25.211538843677886,81.76441022428276,1905.8079903081327
127.59999999999702,VALID,25.211669958865226,81.76457399254205,1905.9176933002705
127.69999999999702,VALID,25.211801073871918,81.76473776115448,1904.457086610855
127.79999999999701,VALID,25.21193218869796,81.76490153012004,1902.027270170438
127.89999999999701,VALID,25.212063303343353,81.76506529943875,1900.590283568685
127.999999999997,VALID,25.21219441780809,81.76522906911059,1901.5266168925068
128.099999999997,VALID,25.21232553209217,81.76539283913557,1903.3585819831449
128.199999999997,VALID,25.212456646195594,81.76555660951371,1903.371263084352
128.299999999997,VALID,25.21258776011836,81.76572038024499,1904.2033214210967
128.399999999997,VALID,25.212718873860464,81.76588415132942,1904.7186285013938
128.499999999997,VALID,25.212849987421905,81.766047922767,1906.3653909773698
128.59999999999698,VALID,25.212981100802683,81.76621169455775,1905.655422723792
128.69999999999698,VALID,25.21311221400279,81.76637546670166,1903.7950992742315
128.79999999999697,VALID,25.213243327022234,81.76653923919874,1904.9664672945823
128.89999999999696,VALID,25.213374439861003,81.76670301204898,1899.916168565589
128.99999999999696,VALID,25.2135055525191,81.76686678525239,1902.649253240065
129.09999999999695,VALID,25.21363666499652,81.76703055880897,1905.6055956959628
129.19999999999695,VALID,25.213767777293267,81.76719433271872,1906.3229750929083
129.29999999999694,VALID,25.213898889409332,81.76735810698165,1901.8441362824726
129.39999999999694,VALID,25.214030001344717,81.76752188159776,1901.6389086097415
129.49999999999693,VALID,25.214161113099422,81.76768565656705,1902.5248615827954
129.59999999999692,VALID,25.21429222467344,81.76784943188953,1902.2008842043183
129.69999999999692,VALID,25.214423336066773,81.7680132075652,1903.6266549752331
129.7999999999969,VALID,25.214554447279415,81.76817698359406,1903.167147943656
129.8999999999969,VALID,25.214685558311366,81.76834075997611,1904.1004510009996
129.9999999999969,VALID,25.214816669162627,81.76850453671136,1903.820098013455
130.0999999999969,VALID,25.214947779833192,81.76866831379982,1900.7014771229935
130.1999999999969,VALID,25.21507889032306,81.76883209124148,1903.934449655089
130.29999999999688,VALID,25.21521000063223,81.76899586903635,1901.2434366093173
130.39999999999688,VALID,25.215341110760697,81.76915964718442,1904.8308852602886
130.49999999999687,VALID,25.215472220708463,81.76932342568571,1903.0819700024565
130.59999999999687,VALID,25.215603330475524,81.76948720454021,1901.873440337247
130.69999999999686,VALID,25.21573444006188,81.76965098374794,1898.0325873146257
130.79999999999686,VALID,25.215865549467527,81.76981476330887,1904.5613505533377
130.89999999999685,VALID,25.215996658692465,81.76997854322303,1903.7342739778928
130.99999999999685,VALID,25.21612776773669,81.77014232349042,1901.1370144796601
131.09999999999684,VALID,25.2162588766002,81.77030610411104,1905.132751310017
131.19999999999683,VALID,25.216389985282994,81.77046988508489,1900.5157282489968
131.29999999999683,VALID,25.21652109378507,81.77063366641198,1904.3713908464667
131.39999999999682,VALID,25.216652202106424,81.77079744809231,1901.9783778732453
131.49999999999682,VALID,25.216783310247056,81.77096123012588,1902.0557215994527
131.5999999999968,VALID,25.21691441820696,81.77112501251268,1898.286514933931
131.6999999999968,VALID,25.21704552598614,81.77128879525274,1896.5261998205083
131.7999999999968,VALID,25.217176633584593,81.77145257834606,1895.70160603103
131.8999999999968,VALID,25.217307741002312,81.77161636179262,1901.4419714041455
131.9999999999968,VALID,25.2174388482393,81.77178014559244,1896.9172261568872
132.09999999999678,VALID,25.217569955295552,81.77194392974552,1901.6807732795533
132.19999999999678,VALID,25.217701062171066,81.77210771425186,1902.76088113518
132.29999999999677,VALID,25.217832168865844,81.77227149911147,1900.2292317603262
132.39999999999677,VALID,25.21796327537988,81.77243528432435,1903.9526631044619
132.49999999999676,VALID,25.218094381713172,81.77259906989049,1901.0442010583963
132.59999999999675,VALID,25.21822548786572,81.7727628558099,1901.4945185978545
132.69999999999675,VALID,25.21835659383752,81.7729266420826,1904.8925856835906
132.79999999999674,VALID,25.21848769962857,81.77309042870857,1907.3859947860717
132.89999999999674,VALID,25.218618805238872,81.77325421568783,1901.21885436827
132.99999999999673,VALID,25.21874991066842,81.77341800302037,1897.7468670643404
133.09999999999673,VALID,25.218881015917216,81.77358179070619,1903.080764967026
133.19999999999672,VALID,25.21901212098525,81.7737455787453,1905.7148359337673
133.29999999999671,VALID,25.21914322587253,81.77390936713772,1902.3233896526926
133.3999999999967,VALID,25.219274330579044,81.77407315588343,1902.2062181094539
133.4999999999967,VALID,25.219405435104793,81.77423694498243,1902.8769483600788
133.5999999999967,VALID,25.219536539449777,81.77440073443475,1902.2360433573378
133.6999999999967,VALID,25.219667643613995,81.77456452424036,1903.7925627322552
133.7999999999967,VALID,25.219798747597444,81.77472831439928,1904.956777413235
133.89999999999668,VALID,25.21992985140012,81.77489210491152,1904.8165855249094
133.99999999999667,VALID,25.220060955022024,81.77505589577707,1903.3433052543103
134.09999999999667,VALID,25.22019205846315,81.77521968699594,1900.0905594449493
134.19999999999666,VALID,25.2203231617235,81.77538347856813,1903.2974746894117
134.29999999999666,VALID,25.220454264803067,81.77554727049365,1894.4458041448886
134.39999999999665,VALID,25.220585367701855,81.77571106277249,1899.1928900302514
134.49999999999665,VALID,25.220716470419855,81.77587485540465,1900.9416294114794
134.59999999999664,VALID,25.22084757295707,81.77603864839016,1899.4266496677337
134.69999999999663,VALID,25.220978675313496,81.776202441729,1896.5278490089968
134.79999999999663,VALID,25.221109777489133,81.77636623542118,1898.6302858207823
134.89999999999662,VALID,25.221240879483975,81.7765300294667,1897.0414455531447
134.99999999999662,VALID,25.221371981298024,81.77669382386556,1899.16546518784
135.0999999999966,VALID,25.221503082931275,81.77685761861777,1897.9596527428605
135.1999999999966,VALID,25.221634184383728,81.77702141372333,1897.8606419933749
135.2999999999966,VALID,25.22176528565538,81.77718520918225,1901.6611229168127
135.3999999999966,VALID,25.221896386746227,81.77734900499452,1900.74042241777
135.4999999999966,VALID,25.22202748765627,81.77751280116016,1894.9219229400426
135.59999999999658,VALID,25.222158588385504,81.77767659767916,1898.6209739929723
135.69999999999658,VALID,25.22228968893393,81.77784039455152,1898.9523143293652
135.79999999999657,VALID,25.222420789301545,81.77800419177726,1897.0070736658636
135.89999999999657,VALID,25.222551889488344,81.77816798935636,1900.282546031799
135.99999999999656,VALID,25.222682989494327,81.77833178728883,1903.087702428364
136.09999999999656,VALID,25.222814089319492,81.77849558557469,1903.237704569023
136.19999999999655,VALID,25.222945188963838,81.77865938421392,1903.315702443964
136.29999999999654,VALID,25.22307628842736,81.77882318320654,1900.38990171413
136.39999999999654,VALID,25.223207387710058,81.77898698255255,1904.5324192465303
136.49999999999653,VALID,25.22333848681193,81.77915078225195,1901.0345512958284
136.59999999999653,VALID,25.22346958573297,81.77931458230474,1903.5213402956933
136.69999999999652,VALID,25.223600684473183,81.77947838271092,1905.1408992315567
136.79999999999652,VALID,25.223731783032562,81.77964218347051,1906.3159367079807
136.8999999999965,VALID,25.223862881411105,81.7798059845835,1906.113583828838
136.9999999999965,VALID,25.22399397960881,81.7799697860499,1906.1461481157576
137.0999999999965,VALID,25.224125077625676,81.78013358786971,1902.3848139805752
137.1999999999965,VALID,25.224256175461697,81.78029739004293,1904.9466592723427
137.2999999999965,VALID,25.224387273116875,81.78046119256956,1906.4192119622928
137.39999999999648,VALID,25.22451837059121,81.78062499544961,1905.6987997998808
137.49999999999648,VALID,25.224649467884692,81.78078879868308,1903.8609327143151
137.59999999999647,VALID,25.224780564997324,81.78095260226996,1906.06742090635
137.69999999999646,VALID,25.224911661929106,81.78111640621029,1906.7457018669825
137.79999999999646,VALID,25.225042758680033,81.78128021050404,1903.7836299487385
137.89999999999645,VALID,25.2251738552501,81.78144401515122,1904.0345254493984
137.99999999999645,VALID,25.22530495163931,81.78160782015185,1904.9841246251744
138.09999999999644,VALID,25.225436047847655,81.78177162550591,1904.3144452060947
138.19999999999644,VALID,25.22556714387514,81.78193543121341,1900.3413859709128
138.29999999999643,VALID,25.225698239721755,81.78209923727437,1898.4277702929435
138.39999999999642,VALID,25.225829335387502,81.78226304368876,1900.242945648107
138.49999999999642,VALID,25.22596043087238,81.7824268504566,1901.1337753354194
138.5999999999964,VALID,25.226091526176386,81.7825906575779,1908.6854309646744
138.6999999999964,VALID,25.226222621299517,81.78275446505266,1907.9770621614541
138.7999999999964,VALID,25.22635371624177,81.78291827288088,1907.304127727782
138.8999999999964,VALID,25.226484811003147,81.78308208106256,1908.2797035529074
138.9999999999964,VALID,25.22661590558364,81.78324588959771,1906.411050719237
139.09999999999638,VALID,25.22674699998325,81.78340969848634,1903.630022929396
139.19999999999638,VALID,25.22687809420197,81.78357350772843,1901.6761502612621
139.29999999999637,VALID,25.227009188239805,81.78373731732401,1904.853770291575
139.39999999999637,VALID,25.227140282096748,81.78390112727307,1904.0315839629186
139.49999999999636,VALID,25.227271375772798,81.78406493757561,1905.5345455704878
139.59999999999636,VALID,25.22740246926795,81.78422874823163,1901.1110821284915
139.69999999999635,VALID,25.227533562582206,81.78439255924114,1903.1392744683712
139.79999999999634,VALID,25.227664655715564,81.78455637060415,1904.7132466089665
139.89999999999634,VALID,25.22779574866802,81.78472018232065,1899.2959812475292
139.99999999999633,VALID,25.22792684143957,81.78488399439065,1905.4739526137332
140.09999999999633,VALID,25.22805793403021,81.78504780681416,1902.03809463041
140.19999999999632,VALID,25.228189026439946,81.78521161959117,1903.7977054879655
140.29999999999632,VALID,25.22832011866877,81.78537543272168,1904.694357801311
140.3999999999963,VALID,25.228451210716678,81.7855392462057,1897.7773975241369
140.4999999999963,VALID,25.22858230258367,81.78570306004325,1898.1008358223537
140.5999999999963,VALID,25.228713394269747,81.7858668742343,1897.3895717178327
140.6999999999963,VALID,25.228844485774903,81.78603068877888,1901.9138208862241
140.7999999999963,VALID,25.228975577099135,81.78619450367698,1902.0615736662803
140.89999999999628,VALID,25.22910666824244,81.78635831892862,1901.8186749897923
140.99999999999628,VALID,25.22923775920482,81.78652213453378,1903.5856291774376
141.09999999999627,VALID,25.229368849986272,81.78668595049248,1901.7393027880426
141.19999999999627,VALID,25.22949994058679,81.78684976680472,1900.0271599269133
141.29999999999626,VALID,25.229631031006374,81.7870135834705,1905.2658156381492
141.39999999999625,VALID,25.22976212124502,81.78717740048982,1902.4918308286715
141.49999999999625,VALID,25.229893211302727,81.78734121786269,1906.1653554256195
141.59999999999624,VALID,25.230024301179494,81.7875050355891,1900.4123488012435
141.69999999999624,VALID,25.230155390875318,81.78766885366908,1901.8392457074865
141.79999999999623,VALID,25.230286480390195,81.78783267210261,1900.7569050243094
141.89999999999623,VALID,25.23041756972412,81.7879964908897,1905.399570079098
141.99999999999622,VALID,25.230548658877098,81.78816031003035,1903.676479755115
142.09999999999621,VALID,25.23067974784912,81.78832412952457,1907.4727007476874
142.1999999999962,VALID,25.230810836640188,81.78848794937235,1903.6642700791729
142.2999999999962,VALID,25.2309419252503,81.78865176957372,1906.2691844746182
142.3999999999962,VALID,25.23107301367945,81.78881559012865,1902.1906566955597
142.4999999999962,VALID,25.231204101927638,81.78897941103716,1904.2892115592424
142.5999999999962,VALID,25.23133518999486,81.78914323229927,1902.618053937794
142.69999999999618,VALID,25.23146627788111,81.78930705391495,1905.6774055520825
142.79999999999617,VALID,25.231597365586396,81.78947087588423,1903.2406916940488
142.89999999999617,VALID,25.23172845311071,81.78963469820711,1904.4680971345574
142.99999999999616,VALID,25.231859540454046,81.78979852088358,1903.0091291012268
143.09999999999616,VALID,25.231990627616405,81.78996234391364,1904.1374865028845
143.19999999999615,VALID,25.232121714597785,81.79012616729732,1903.2631036848843
143.29999999999615,VALID,25.232252801398182,81.79028999103458,1901.9724618275106
143.39999999999614,VALID,25.232383888017594,81.79045381512546,1898.0797402734722
143.49999999999613,VALID,25.23251497445602,81.79061763956996,1901.6183268156005
143.59999999999613,VALID,25.232646060713456,81.79078146436807,1904.0522416299561
143.69999999999612,VALID,25.2327771467899,81.7909452895198,1903.4829166154475
143.79999999999612,VALID,25.23290823268535,81.79110911502515,1904.6888895620011
143.8999999999961,VALID,25.233039318399804,81.79127294088413,1904.579166575219
143.9999999999961,VALID,25.233170403933258,81.79143676709674,1902.5112688870652
144.0999999999961,VALID,25.23330148928571,81.79160059366298,1908.8520323565062
144.1999999999961,VALID,25.233432574457158,81.79176442058285,1907.0169215441947
144.2999999999961,VALID,25.2335636594476,81.79192824785638,1907.6324778728479
144.39999999999608,VALID,25.233694744257033,81.79209207548354,1903.356428544214
144.49999999999608,VALID,25.233825828885454,81.79225590346435,1901.1823618828585
144.59999999999607,VALID,25.23395691333286,81.7924197317988,1905.5109813132076
144.69999999999607,VALID,25.23408799759925,81.79258356048692,1903.1553944031205
144.79999999999606,VALID,25.234219081684618,81.79274738952869,1904.4531145995736
144.89999999999606,VALID,25.234350165588964,81.79291121892412,1899.7837691158807
144.99999999999605,VALID,25.23448124931229,81.7930750486732,1902.8392365412724
145.09999999999604,VALID,25.234612332854585,81.79323887877597,1900.5199200477196
145.19999999999604,VALID,25.234743416215853,81.7934027092324,1904.7742279890822
145.29999999999603,VALID,25.23487449939609,81.79356654004249,1904.1493302546785
145.39999999999603,VALID,25.23500558239529,81.79373037120627,1902.5507373327941
145.49999999999602,VALID,25.235136665213453,81.79389420272372,1901.2226194563161
145.59999999999602,VALID,25.235267747850575,81.79405803459487,1904.1591047629786
145.699999999996,VALID,25.235398830306657,81.7942218668197,1902.547248140291
145.799999999996,VALID,25.235529912581693,81.79438569939822,1905.9746184868602
145.899999999996,VALID,25.235660994675683,81.79454953233044,1904.1643437087514
145.999999999996,VALID,25.23579207658862,81.79471336561635,1900.5554116736657
146.099999999996,VALID,25.235923158320507,81.79487719925596,1903.7132725956465
146.19999999999598,VALID,25.236054239871336,81.79504103324929,1907.953434599452
146.29999999999598,VALID,25.23618532124111,81.79520486759633,1904.693419755781
146.39999999999597,VALID,25.23631640242982,81.79536870229707,1900.823755296652
146.49999999999596,VALID,25.23644748343747,81.79553253735152,1900.3809414312466
146.59999999999596,VALID,25.236578564264054,81.79569637275969,1900.5768209740136
146.69999999999595,VALID,25.236709644909567,81.79586020852159,1897.7694989227061
146.79999999999595,VALID,25.23684072537401,81.7960240446372,1900.5878982161191
146.89999999999594,VALID,25.23697180565738,81.79618788110656,1903.2114292552562
146.99999999999594,VALID,25.237102885759672,81.79635171792965,1906.9507430606996
147.09999999999593,VALID,25.237233965680886,81.79651555510648,1903.0868050955462
147.19999999999592,VALID,25.23736504542102,81.79667939263705,1900.896146993036
147.29999999999592,VALID,25.237496124980066,81.79684323052135,1908.3339224831473
147.3999999999959,VALID,25.237627204358027,81.7970070687594,1903.959149275376
147.4999999999959,VALID,25.237758283554896,81.7971709073512,1902.049662356031
147.5999999999959,VALID,25.237889362570673,81.79733474629676,1904.9659317956407
147.6999999999959,VALID,25.238020441405357,81.79749858559607,1907.5362407868508
147.7999999999959,VALID,25.238151520058942,81.79766242524916,1905.7055612233767
147.89999999999588,VALID,25.238282598531427,81.797826265256,1902.860234253844
147.99999999999588,VALID,25.238413676822805,81.79799010561662,1903.5262128075728
148.09999999999587,VALID,25.23854475493308,81.798153946331,1906.1100941174093
148.19999999999587,VALID,25.238675832862246,81.79831778739916,1908.2994164627387
148.29999999999586,VALID,25.238806910610297,81.7984816288211,1908.611907548756
148.39999999999586,VALID,25.238937988177234,81.79864547059682,1907.1561184318175
148.49999999999585,VALID,25.239069065563054,81.79880931272633,1905.6495416321004
148.59999999999584,VALID,25.239200142767753,81.79897315520964,1905.5235150232265
148.69999999999584,VALID,25.23933121979133,81.79913699804673,1909.2442027311206
148.79999999999583,VALID,25.239462296633782,81.79930084123762,1905.096369405351
148.89999999999583,VALID,25.239593373295104,81.79946468478232,1904.8558554366775
148.99999999999582,VALID,25.239724449775295,81.79962852868083,1901.2048712149226
149.09999999999582,VALID,25.239855526074354,81.79979237293314,1904.5564784164217
149.1999999999958,VALID,25.239986602192275,81.79995621753926,1906.47086342716
149.2999999999958,VALID,25.240117678129057,81.8001200624992,1904.8774396322553
149.3999999999958,VALID,25.240248753884693,81.80028390781297,1903.2292489732952
149.4999999999958,VALID,25.240379829459183,81.80044775348055,1903.5283166282168
149.5999999999958,VALID,25.240510904852528,81.80061159950198,1905.3500459702757
149.69999999999578,VALID,25.24064198006472,81.80077544587722,1907.7895747309653
149.79999999999578,VALID,25.240773055095758,81.8009392926063,1908.543464446693
149.89999999999577,VALID,25.240904129945637,81.80110313968922,1904.3284047066381
149.99999999999577,VALID,25.241035204614356,81.80126698712598,1904.8435087292135
150.09999999999576,VALID,25.24116627910191,81.8014308349166,1905.2571071478435
150.19999999999575,VALID,25.241297353408303,81.80159468306107,1905.8116556663003
150.29999999999575,VALID,25.241428427533524,81.80175853155939,1903.0191451572887
150.39999999999574,VALID,25.241559501477575,81.80192238041157,1902.6366121776075
150.49999999999574,VALID,25.24169057524045,81.8020862296176,1899.116385555267
150.59999999999573,VALID,25.241821648822146,81.80225007917751,1904.3521159118982
150.69999999999573,VALID,25.241952722222663,81.80241392909129,1901.6308960819708
150.79999999999572,VALID,25.242083795441996,81.80257777935894,1903.8603143233024
150.8999999999957,VALID,25.24221486848014,81.80274162998047,1901.7170665187318
150.9999999999957,VALID,25.242345941337096,81.80290548095589,1904.2794788705035
151.0999999999957,VALID,25.242477014012856,81.80306933228518,1907.329144799942
151.1999999999957,VALID,25.24260808650742,81.80323318396836,1905.9381967787353
151.2999999999957,VALID,25.242739158820786,81.80339703600544,1901.8746476624722
151.39999999999569,VALID,25.24287023095295,81.8035608883964,1907.0200328840815
151.49999999999568,VALID,25.24300130290391,81.80372474114128,1905.3992234357377
151.59999999999567,VALID,25.24313237467366,81.80388859424006,1901.5264116292058
151.69999999999567,VALID,25.243263446262198,81.80405244769275,1902.9434629877276
151.79999999999566,VALID,25.243394517669522,81.80421630149935,1903.8472480445428
151.89999999999566,VALID,25.24352558889563,81.80438015565987,1903.8088178270405
151.99999999999565,VALID,25.243656659940516,81.80454401017431,1900.07071945212
152.09999999999565,VALID,25.24378773080418,81.80470786504267,1902.8939878943872
152.19999999999564,VALID,25.243918801486615,81.80487172026497,1902.4704922487467
152.29999999999563,VALID,25.24404987198782,81.8050355758412,1902.16031510315
152.39999999999563,VALID,25.24418094230779,81.80519943177137,1901.7002822717443
152.49999999999562,VALID,25.244312012446525,81.80536328805547,1906.8215427360583
152.59999999999562,VALID,25.24444308240402,81.80552714469353,1904.9911776356444
152.6999999999956,VALID,25.24457415218027,81.80569100168553,1905.0676999586888
152.7999999999956,VALID,25.244705221775273,81.80585485903148,1906.135365730565
152.8999999999956,VALID,25.244836291189028,81.8060187167314,1905.740855492059
152.9999999999956,VALID,25.24496736042153,81.80618257478528,1906.169172586769
153.0999999999956,VALID,25.245098429472776,81.80634643319313,1902.9464735463669
153.19999999999558,VALID,25.245229498342763,81.80651029195494,1899.52281852167
153.29999999999558,VALID,25.245360567031486,81.80667415107072,1903.7869960050334
153.39999999999557,VALID,25.245491635538944,81.80683801054049,1899.0418379248417
153.49999999999557,VALID,25.24562270386513,81.80700187036425,1898.799292865084
153.59999999999556,VALID,25.245753772010044,81.80716573054198,1900.303957374234
153.69999999999555,VALID,25.245884839973684,81.80732959107371,1903.4500413186734
153.79999999999555,VALID,25.246015907756043,81.80749345195943,1901.5508387590341
153.89999999999554,VALID,25.246146975357117,81.80765731319916,1906.0941331065042
153.99999999999554,VALID,25.246278042776908,81.80782117479289,1906.1031011645136
154.09999999999553,VALID,25.246409110015406,81.80798503674063,1902.8092225836058
154.19999999999553,VALID,25.246540177072614,81.80814889904238,1904.7748507818355
154.29999999999552,VALID,25.246671243948523,81.80831276169815,1901.701374578142
154.39999999999552,VALID,25.246802310643133,81.80847662470794,1906.1332197674367
154.4999999999955,VALID,25.246933377156438,81.80864048807175,1904.5894937490425
154.5999999999955,VALID,25.247064443488437,81.80880435178959,1903.6914556678703
154.6999999999955,VALID,25.247195509639127,81.80896821586147,1907.76446237363
154.7999999999955,VALID,25.2473265756085,81.80913208028738,1903.344715079049
154.8999999999955,VALID,25.247457641396558,81.80929594506735,1906.8345681377687
154.99999999999548,VALID,25.247588707003292,81.80945981020136,1902.327096115999
155.09999999999548,VALID,25.247719772428702,81.80962367568942,1902.242981119448
155.19999999999547,VALID,25.247850837672782,81.80978754153153,1903.576671711194
155.29999999999546,VALID,25.247981902735532,81.80995140772771,1905.4788643633715
155.39999999999546,VALID,25.248112967616947,81.81011527427795,1905.5499390707132
155.49999999999545,VALID,25.24824403231702,81.81027914118226,1908.101275852198
155.59999999999545,VALID,25.24837509683575,81.81044300844066,1907.265748350217
155.69999999999544,VALID,25.248506161173136,81.81060687605313,1905.1585004974
155.79999999999544,VALID,25.24863722532917,81.81077074401968,1902.3396307272799
155.89999999999543,VALID,25.24876828930385,81.81093461234032,1902.4227728585965
155.99999999999542,VALID,25.248899353097173,81.81109848101505,1905.0939642920698
156.09999999999542,VALID,25.249030416709132,81.81126235004388,1904.9289528804488
156.1999999999954,VALID,25.249161480139726,81.8114262194268,1908.1557637085914
156.2999999999954,VALID,25.24929254338895,81.81159008916384,1903.670578199417
156.3999999999954,VALID,25.2494236064568,81.811753959255,1902.41292798826
156.4999999999954,VALID,25.249554669343276,81.81191782970026,1905.2729377727371
156.5999999999954,VALID,25.24968573204837,81.81208170049965,1902.9593246566114
156.69999999999538,VALID,25.24981679457208,81.81224557165316,1904.1914601449403
156.79999999999538,VALID,25.2499478569144,81.8124094431608,1905.9497382062098
156.89999999999537,VALID,25.250078919075328,81.81257331502259,1903.6490940788008
156.99999999999537,VALID,25.25020998105486,81.81273718723851,1905.6158815003107
157.09999999999536,VALID,25.25034104285299,81.81290105980858,1905.1770099378193
157.19999999999536,VALID,25.25047210446972,81.8130649327328,1906.937119597712
157.29999999999535,VALID,25.250603165905037,81.81322880601117,1901.7910057666766
157.39999999999534,VALID,25.250734227158944,81.8133926796437,1903.363899777083
157.49999999999534,VALID,25.25086528823143,81.81355655363039,1907.0021211529315
157.59999999999533,VALID,25.2509963491225,81.81372042797125,1906.352028882178
157.69999999999533,VALID,25.251127409832144,81.81388430266628,1904.6781654456067
157.79999999999532,VALID,25.25125847036036,81.81404817771549,1903.2360908887067
157.89999999999532,VALID,25.25138953070714,81.8142120531189,1903.74911969838
157.9999999999953,VALID,25.251520590872484,81.81437592887649,1903.420223422171
158.0999999999953,VALID,25.251651650856388,81.81453980498827,1902.896999911387
158.1999999999953,VALID,25.251782710658844,81.81470368145426,1899.380315150036
158.2999999999953,VALID,25.25191377027985,81.81486755827444,1904.6880854820645
158.3999999999953,VALID,25.252044829719402,81.81503143544884,1900.113406887661
158.49999999999528,VALID,25.252175888977497,81.81519531297745,1905.0529217314293
158.59999999999528,VALID,25.252306948054127,81.81535919086028,1900.1840277327121
158.69999999999527,VALID,25.25243800694929,81.81552306909734,1900.0428096023543
158.79999999999526,VALID,25.252569065662982,81.81568694768863,1904.2162334486181
158.89999999999526,VALID,25.252700124195197,81.81585082663416,1904.9737755695485
158.99999999999525,VALID,25.252831182545933,81.81601470593392,1907.8469121146445
159.09999999999525,VALID,25.25296224071518,81.81617858558793,1903.0339560831105
159.19999999999524,VALID,25.253093298702943,81.8163424655962,1910.46574306949
159.29999999999524,VALID,25.253224356509207,81.81650634595871,1907.7929065408466
159.39999999999523,VALID,25.253355414133974,81.8166702266755,1904.3534393788898
159.49999999999523,VALID,25.253486471577236,81.81683410774654,1904.6744928517082
159.59999999999522,VALID,25.253617528838994,81.81699798917187,1904.252822758249
159.6999999999952,VALID,25.253748585919237,81.81716187095147,1907.2251896819878
159.7999999999952,VALID,25.253879642817964,81.81732575308536,1903.169753885861
159.8999999999952,VALID,25.25401069953517,81.81748963557354,1904.9456418939417
159.9999999999952,VALID,25.254141756070847,81.81765351841601,1906.2389306725174
160.0999999999952,VALID,25.254272812424993,81.81781740161279,1906.0163392489626
160.19999999999519,VALID,25.254403868597603,81.81798128516387,1907.5634692745732
160.29999999999518,VALID,25.254534924588672,81.81814516906925,1903.0592228191513
160.39999999999517,VALID,25.254665980398194,81.81830905332896,1902.021594493799
160.49999999999517,VALID,25.254797036026165,81.818472937943,1904.7769365768102
160.59999999999516,VALID,25.25492809147258,81.81863682291136,1899.7065478608672
160.69999999999516,VALID,25.25505914673743,81.81880070823406,1902.027916905865
160.79999999999515,VALID,25.255190201820717,81.8189645939111,1904.0529827368534
160.89999999999515,VALID,25.255321256722432,81.81912847994249,1905.200336892955
160.99999999999514,VALID,25.25545231144257,81.81929236632824,1905.363207922302
161.09999999999513,VALID,25.25558336598113,81.81945625306834,1906.9401654671697
161.19999999999513,VALID,25.255714420338105,81.81962014016281,1905.9799696595603
161.29999999999512,VALID,25.255845474513485,81.81978402761165,1906.1074789783468
161.39999999999512,VALID,25.25597652850727,81.81994791541486,1904.42860381591
161.4999999999951,VALID,25.256107582319448,81.82011180357246,1903.1304287712442
161.5999999999951,VALID,25.25623863595002,81.82027569208445,1904.6580094007418
161.6999999999951,VALID,25.25636968939898,81.82043958095083,1904.4003228019708
161.7999999999951,VALID,25.256500742666322,81.82060347017162,1908.8078843890605
161.8999999999951,VALID,25.25663179575204,81.82076735974681,1904.2268094401236
161.99999999999508,VALID,25.256762848656127,81.82093124967642,1902.1354005842898
162.09999999999508,VALID,25.25689390137858,81.82109513996045,1905.8887584602815
162.19999999999507,VALID,25.257024953919387,81.82125903059891,1903.0429407125807
162.29999999999507,VALID,25.25715600627855,81.8214229215918,1905.1028976970395
162.39999999999506,VALID,25.25728705845606,81.82158681293915,1900.9929512060587
162.49999999999505,VALID,25.257418110451916,81.82175070464093,1903.8282836865071
162.59999999999505,VALID,25.257549162266105,81.82191459669717,1907.987382010032
162.69999999999504,VALID,25.257680213898624,81.82207848910787,1905.2425006769638
162.79999999999504,VALID,25.257811265349467,81.82224238187304,1901.6863320213854
162.89999999999503,VALID,25.257942316618628,81.82240627499267,1902.3834371199532
162.99999999999503,VALID,25.258073367706103,81.8225701684668,1902.7885189334938
163.09999999999502,VALID,25.258204418611882,81.82273406229541,1898.0416593403677
163.19999999999501,VALID,25.25833546933596,81.82289795647851,1903.364824731217
163.299999999995,VALID,25.258466519878336,81.82306185101612,1903.6237317920338
163.399999999995,VALID,25.258597570238997,81.82322574590823,1902.3825809196983
163.499999999995,VALID,25.25872862041794,81.82338964115486,1900.343568643215
163.599999999995,VALID,25.25885967041516,81.82355353675602,1904.1952892224551
163.699999999995,VALID,25.258990720230646,81.8237174327117,1905.456722068926
163.79999999999498,VALID,25.259121769864393,81.82388132902193,1905.309838065346
163.89999999999498,VALID,25.259252819316394,81.8240452256867,1904.016204795176
163.99999999999497,VALID,25.259383868586646,81.82420912270602,1904.0641228823413
164.09999999999496,VALID,25.25951491767514,81.8243730200799,1902.8315964378694
164.19999999999496,VALID,25.259645966581868,81.82453691780836,1907.1726544394364
164.29999999999495,VALID,25.259777015306824,81.82470081589139,1904.7927792017667
164.39999999999495,VALID,25.259908063850002,81.824864714329,1901.3584967402846
164.49999999999494,VALID,25.260039112211395,81.82502861312119,1904.6970218288927
164.59999999999494,VALID,25.260170160390995,81.82519251226799,1906.6956352643442
164.69999999999493,VALID,25.260301208388796,81.82535641176939,1903.327660707673
164.79999999999492,VALID,25.26043225620479,81.82552031162541,1905.9446317643906
164.89999999999492,VALID,25.26056330383897,81.82568421183605,1903.1198638020242
164.9999999999949,VALID,25.26069435129133,81.82584811240132,1904.844867458237
165.0999999999949,VALID,25.26082539856186,81.82601201332123,1906.8094085349783
165.1999999999949,VALID,25.260956445650553,81.8261759145958,1903.0271583764531
165.2999999999949,VALID,25.2610874925574,81.826339816225,1902.0033698299019
165.3999999999949,VALID,25.2612185392824,81.82650371820888,1900.567291165915
165.49999999999488,VALID,25.26134958582554,81.82666762054743,1904.564968050001
165.59999999999488,VALID,25.26148063218681,81.82683152324066,1899.925116430881
165.69999999999487,VALID,25.261611678366204,81.82699542628858,1902.172547778659
165.79999999999487,VALID,25.261742724363717,81.8271593296912,1901.4067137208315
165.89999999999486,VALID,25.26187377017934,81.82732323344852,1905.621754147035
165.99999999999486,VALID,25.26200481581306,81.82748713756057,1901.9621086121872
166.09999999999485,VALID,25.262135861264873,81.82765104202733,1903.863158395105
166.19999999999484,VALID,25.26226690653477,81.82781494684883,1902.690050399156
166.29999999999484,VALID,25.26239795162274,81.82797885202508,1904.0281615509598
166.39999999999483,VALID,25.26252899652878,81.82814275755608,1904.7106122511896
166.49999999999483,VALID,25.262660041252875,81.82830666344184,1906.0094296809275
166.59999999999482,VALID,25.262791085795023,81.82847056968237,1902.57840617232
166.69999999999482,VALID,25.262922130155207,81.82863447627768,1905.2040339600294
166.7999999999948,VALID,25.263053174333425,81.82879838322779,1902.6579289116046
166.8999999999948,VALID,25.263184218329663,81.8289622905327,1899.4800077797724
166.9999999999948,VALID,25.263315262143912,81.82912619819243,1901.426274471178
167.0999999999948,VALID,25.263446305776167,81.82929010620697,1898.9444554256268
167.1999999999948,VALID,25.263577349226413,81.82945401457634,1901.4078519655852
167.29999999999478,VALID,25.263708392494642,81.82961792330056,1904.2230499177756
167.39999999999478,VALID,25.263839435580845,81.82978183237962,1901.8599643812772
167.49999999999477,VALID,25.263970478485014,81.82994574181356,1901.6336937476303
167.59999999999476,VALID,25.264101521207134,81.83010965160237,1902.208515217157
167.69999999999476,VALID,25.2642325637472,81.83027356174607,1907.2273909866033
167.79999999999475,VALID,25.2643636061052,81.83043747224465,1907.2302338450731
167.89999999999475,VALID,25.26449464828112,81.83060138309816,1902.9751149851245
167.99999999999474,VALID,25.26462569027495,81.83076529430657,1902.7796107803524
168.09999999999474,VALID,25.264756732086685,81.83092920586992,1897.8245504442034
168.19999999999473,VALID,25.26488777371631,81.83109311778821,1902.6891345793422
168.29999999999472,VALID,25.265018815163813,81.83125703006147,1901.4515994884891
168.39999999999472,VALID,25.265149856429183,81.83142094268968,1903.0157629672847
168.4999999999947,VALID,25.265280897512408,81.83158485567287,1900.7599530219175
168.5999999999947,VALID,25.26541193841348,81.83174876901106,1897.150457890834
168.6999999999947,VALID,25.26554297913238,81.83191268270424,1903.410385425124
168.7999999999947,VALID,25.265674019669103,81.83207659675244,1899.3399044932457
168.8999999999947,VALID,25.265805060023634,81.83224051115567,1901.2125400857137
168.99999999999469,VALID,25.26593610019596,81.83240442591395,1905.3204721962456
169.09999999999468,VALID,25.26606714018607,81.83256834102728,1903.6855251700138
169.19999999999467,VALID,25.26619817999395,81.83273225649569,1903.5444522546197
169.29999999999467,VALID,25.266329219619585,81.83289617231917,1901.5789194395034
169.39999999999466,VALID,25.266460259062967,81.83306008849775,1904.8806563385103
169.49999999999466,VALID,25.266591298324077,81.83322400503144,1906.8104545817382
169.59999999999465,VALID,25.266722337402904,81.83338792192025,1903.1961984178138
169.69999999999465,VALID,25.266853376299434,81.8335518391642,1902.407979128018
169.79999999999464,VALID,25.26698441501365,81.83371575676331,1901.570060802381
169.89999999999463,VALID,25.26711545354554,81.8338796747176,1899.2963462924326
169.99999999999463,VALID,25.267246491895087,81.83404359302706,1901.0960599229322
170.09999999999462,VALID,25.26737753006228,81.83420751169173,1906.4600033285456
170.19999999999462,VALID,25.267508568047102,81.83437143071161,1901.6373318903186
170.2999999999946,VALID,25.267639605849535,81.83453535008674,1902.9662377152285
170.3999999999946,VALID,25.267770643469564,81.83469926981711,1904.7918680915982
170.4999999999946,VALID,25.267901680907173,81.83486318990275,1905.2161860045962
170.5999999999946,VALID,25.268032718162345,81.83502711034367,1901.230170620785
170.6999999999946,VALID,25.268163755235065,81.8351910311399,1901.6349928797658
170.79999999999458,VALID,25.268294792125314,81.83535495229144,1902.630658366234
170.89999999999458,VALID,25.268425828833077,81.83551887379832,1905.2248108900274
170.99999999999457,VALID,25.268556865358335,81.83568279566056,1903.4051771537922
171.09999999999457,VALID,25.268687901701067,81.83584671787817,1905.4059031562242
171.19999999999456,VALID,25.268818937861255,81.83601064045118,1903.56139433616
171.29999999999455,VALID,25.268949973838883,81.8361745633796,1904.5051326136884
171.39999999999455,VALID,25.269081009633926,81.83633848666345,1906.0091943006885
171.49999999999454,VALID,25.269212045246366,81.83650241030276,1904.1314012181197
171.59999999999454,VALID,25.269343080676187,81.83666633429753,1900.1708217381993
171.69999999999453,VALID,25.269474115923362,81.83683025864781,1906.1810399110661
171.79999999999453,VALID,25.269605150987875,81.83699418335361,1905.1851697841632
171.89999999999452,VALID,25.2697361858697,81.83715810841495,1898.8673581812232
171.99999999999451,VALID,25.269867220568816,81.83732203383185,1900.7293396845262
172.0999999999945,VALID,25.2699982550852,81.83748595960434,1900.5706285290532
172.1999999999945,VALID,25.270129289418826,81.83764988573243,1905.1014710187924
172.2999999999945,VALID,25.270260323569673,81.83781381221617,1908.1715668086333
172.3999999999945,VALID,25.27039135753772,81.83797773905556,1906.446830578912
172.4999999999945,VALID,25.270522391322935,81.83814166625065,1906.3475764119516
172.59999999999448,VALID,25.270653424925293,81.83830559380145,1905.5409495449353
172.69999999999447,VALID,25.270784458344767,81.83846952170799,1905.3725087150601
172.79999999999447,VALID,25.270915491581334,81.83863344997029,1903.2178020144513
172.89999999999446,VALID,25.27104652463496,81.83879737858838,1906.8308947504117
172.99999999999446,VALID,25.271177557505624,81.8389613075623,1907.6621343192917
173.09999999999445,VALID,25.271308590193286,81.83912523689209,1906.1952857946414
173.19999999999445,VALID,25.271439622697923,81.83928916657776,1903.3753083571808
173.29999999999444,VALID,25.2715706550195,81.83945309661934,1901.3386158805558
173.39999999999444,VALID,25.271701687157986,81.83961702701687,1900.7993557540199
173.49999999999443,VALID,25.271832719113345,81.83978095777039,1899.037329930769
173.59999999999442,VALID,25.271963750885547,81.83994488887993,1902.1017013735066
173.69999999999442,VALID,25.272094782474554,81.84010882034552,1901.9098299853686
173.7999999999944,VALID,25.27222581388033,81.84027275216721,1906.5851281577159
173.8999999999944,VALID,25.272356845102834,81.84043668434502,1904.0748676004432
173.9999999999944,VALID,25.27248787614203,81.840600616879,1907.6966799420063
174.0999999999944,VALID,25.272618906997877,81.84076454976919,1904.3754247311065
174.1999999999944,VALID,25.272749937670334,81.84092848301563,1901.5855358523802
174.29999999999438,VALID,25.272880968159356,81.84109241661837,1903.9598100795588
174.39999999999438,VALID,25.2730119984649,81.84125635057744,1904.715252105438
174.49999999999437,VALID,25.273143028586915,81.8414202848929,1902.0702755627576
174.59999999999437,VALID,25.27327405852536,81.8415842195648,1907.1465432395703
174.69999999999436,VALID,25.273405088280178,81.84174815459318,1903.9652304345577
174.79999999999436,VALID,25.27353611785132,81.8419120899781,1903.5063085092
174.89999999999435,VALID,25.273667147238736,81.84207602571959,1902.8044845914353
174.99999999999434,VALID,25.273798176442366,81.84223996181774,1903.320369999303
175.09999999999434,VALID,25.27392920546215,81.84240389827258,1902.7091866514652
175.19999999999433,VALID,25.27406023429803,81.84256783508418,1904.4484261142513
175.29999999999433,VALID,25.27419126294994,81.84273177225262,1902.7956764227818
175.39999999999432,VALID,25.274322291417818,81.84289570977795,1901.142684719374
175.49999999999432,VALID,25.27445331970159,81.84305964766024,1903.936758172627
175.5999999999943,VALID,25.274584347801184,81.84322358589955,1902.206586589252
175.6999999999943,VALID,25.27471537571653,81.84338752449598,1901.8842657926075
175.7999999999943,VALID,25.27484640344754,81.84355146344959,1895.9313391677647
175.8999999999943,VALID,25.274977430994138,81.84371540276047,1900.6343067984503
175.9999999999943,VALID,25.27510845835623,81.84387934242869,1900.1244553004585
176.09999999999428,VALID,25.275239485533724,81.84404328245436,1902.1960275196416
176.19999999999428,VALID,25.27537051252653,81.84420722283758,1901.2562557176054
176.29999999999427,VALID,25.275501539334535,81.84437116357844,1895.8889000871286
176.39999999999426,VALID,25.275632565957636,81.84453510467706,1902.4011776501245
176.49999999999426,VALID,25.275763592395716,81.84469904613354,1902.8389400001972
176.59999999999425,VALID,25.275894618648653,81.844862987948,1905.8882061763627
176.69999999999425,VALID,25.276025644716317,81.84502693012058,1904.980142719548
176.79999999999424,VALID,25.276156670598567,81.84519087265141,1905.5190865175239
176.89999999999424,VALID,25.27628769629526,81.84535481554065,1908.771679809653
176.99999999999423,VALID,25.276418721806234,81.84551875878843,1905.0802216286181
177.09999999999422,VALID,25.27654974713132,81.84568270239492,1909.0649688648587
177.19999999999422,VALID,25.276680772270335,81.84584664636031,1903.5570784153529
177.2999999999942,VALID,25.276811797223083,81.8460105906848,1903.0933513208095
177.3999999999942,VALID,25.27694282198935,81.84617453536859,1906.860571573536
177.4999999999942,VALID,25.277073846568907,81.8463384804119,1905.1285698378429
177.5999999999942,VALID,25.2772048709615,81.84650242581499,1900.3131599759195
177.6999999999942,VALID,25.277335895166857,81.84666637157812,1898.1301905445705
177.79999999999418,VALID,25.277466919184675,81.84683031770159,1903.0370079923964
177.89999999999418,VALID,25.277597943014623,81.84699426418572,1905.2534053809525
177.99999999999417,VALID,25.277728966656326,81.84715821103089,1907.4928038712508
178.09999999999417,VALID,25.277859990109377,81.84732215823747,1902.1290769719014
178.19999999999416,VALID,25.277991013373313,81.84748610580594,1898.6938951553345
178.29999999999416,VALID,25.278122036447613,81.84765005373681,1900.3686762739392
178.39999999999415,VALID,25.278253059331682,81.84781400203066,1900.9495154481754
178.49999999999415,VALID,25.27838408202484,81.84797795068815,1903.4776477447067
178.59999999999414,VALID,25.27851510452629,81.84814189971006,1903.1059681956804
178.69999999999413,VALID,25.278646126835095,81.8483058490973,1901.5496628692135
178.79999999999413,VALID,25.278777148950148,81.84846979885096,1900.1791054489588
178.89999999999412,VALID,25.27890817087009,81.84863374897236,1905.1817803884178
178.99999999999412,VALID,25.279039192593245,81.84879769946316,1900.8682064963264
179.0999999999941,VALID,25.279170214117485,81.84896165032544,1901.9646498854202
179.1999999999941,VALID,25.27930123544,81.84912560156192,1899.7933191970492
179.2999999999941,VALID,25.279432256556923,81.8492895531764,1898.2215536616645
179.3999999999941,VALID,25.279563277462625,81.84945350517438,1897.885473114495
179.4999999999941,VALID,25.27969429814808,81.84961745756468,1895.3918351813213
179.59999999999408,VALID,25.27982531859653,81.84978141036368,1899.945088605303
179.69999999999408,VALID,25.27995633876608,81.84994536361232,1900.7185660032658
179.79999999999407,VALID,25.28015352356492,81.85013801947993,1899.1869276242164
179.89999999999407,VALID,25.280307047001298,81.85027603930938,1901.7984317429054
179.99999999999406,VALID,25.28046057030913,81.85041405948837,1901.7430927899165
180.09999999999405,VALID,25.28061409348842,81.8505520800169,1898.4977590413537
180.19999999999405,VALID,25.280767616539162,81.85069010089497,1905.5923387149971
180.29999999999404,VALID,25.280921139461356,81.85082812212256,1899.8806174248416
180.39999999999404,VALID,25.281074662255,81.85096614369972,1903.423102981482
180.49999999999403,VALID,25.281228184920096,81.85110416562642,1901.0545614028265
180.59999999999403,VALID,25.28138170745664,81.85124218790267,1902.1130279519477
180.69999999999402,VALID,25.281535229864627,81.85138021052848,1905.5083586932615
180.79999999999401,VALID,25.28168875214406,81.85151823350384,1905.232791699577
180.899999999994,VALID,25.281842274294938,81.85165625682876,1905.9234484334622
180.999999999994,VALID,25.281995796317258,81.85179428050326,1908.4339872631617
181.099999999994,VALID,25.28214931821102,81.85193230452732,1903.1614698275791
181.199999999994,VALID,25.282302839976218,81.85207032890096,1907.0964748685442
181.299999999994,VALID,25.282456361612855,81.85220835362418,1906.6564019960083
181.39999999999398,VALID,25.28260988312093,81.85234637869696,1900.7216721376824
181.49999999999397,VALID,25.28276340450044,81.85248440411934,1900.064588788383
181.59999999999397,VALID,25.28291692575138,81.8526224298913,1904.030197314929
181.69999999999396,VALID,25.283070446873754,81.85276045601285,1897.4793452350643
181.79999999999396,VALID,25.283223967867556,81.85289848248398,1897.7133426534704
181.89999999999395,VALID,25.28337748873279,81.85303650930472,1898.3062353296882
181.99999999999395,VALID,25.28353100946945,81.85317453647505,1897.1154448960071
182.09999999999394,VALID,25.283684530077533,81.85331256399499,1897.5969897945968
182.19999999999393,VALID,25.283838050557044,81.85345059186453,1902.411321621554
182.29999999999393,VALID,25.283991570907975,81.85358862008368,1898.6009095784689
182.39999999999392,VALID,25.28414509113033,81.85372664865245,1897.0739025252765
182.49999999999392,VALID,25.284298611224106,81.85386467757084,1900.6355733730568
182.5999999999939,VALID,25.284452131189298,81.85400270683884,1898.2937721287433
182.6999999999939,VALID,25.284605651025906,81.85414073645647,1902.3201054344613
182.7999999999939,VALID,25.28475917073393,81.85427876642372,1902.477098646474
182.8999999999939,VALID,25.28491269031337,81.8544167967406,1899.1489874831186
182.9999999999939,VALID,25.28506620976422,81.85455482740711,1905.6813905651682
183.09999999999388,VALID,25.28521972908648,81.85469285842326,1901.579208895178
183.19999999999388,VALID,25.285373248280152,81.85483088978906,1901.5577833029631
183.29999999999387,VALID,25.28552676734523,81.8549689215045,1902.812796475728
183.39999999999387,VALID,25.285680286281718,81.85510695356957,1903.3922980332634
183.49999999999386,VALID,25.28583380508961,81.8552449859843,1903.1700016459313
183.59999999999386,VALID,25.285987323768904,81.85538301874868,1904.7756978025388
183.69999999999385,VALID,25.2861408423196,81.85552105186272,1903.2607430183023
183.79999999999384,VALID,25.286294360741696,81.85565908532642,1908.1919465130925
183.89999999999384,VALID,25.28644787903519,81.8557971191398,1900.3820037631642
183.99999999999383,VALID,25.286601397200084,81.85593515330282,1900.596938786733
184.09999999999383,VALID,25.286754915236372,81.85607318781553,1895.8239603133557
184.19999999999382,VALID,25.286908433144056,81.8562112226779,1901.674798165969
184.29999999999382,VALID,25.287061950923132,81.85634925788995,1900.157744389005
184.3999999999938,VALID,25.2872154685736,81.85648729345168,1901.0270731678438
184.4999999999938,VALID,25.28736898609546,81.8566253293631,1904.6565905620805
184.5999999999938,VALID,25.287522503488706,81.8567633656242,1900.7021106231487
184.6999999999938,VALID,25.28767602075334,81.856901402235,1899.2398345680404
184.7999999999938,VALID,25.287829537889362,81.85703943919549,1902.502728127597
184.89999999999378,VALID,25.287983054896767,81.85717747650568,1903.9110608562225
184.99999999999378,VALID,25.288136571775553,81.85731551416558,1901.4641684737107
185.09999999999377,VALID,25.28829008852572,81.85745355217517,1904.6293746817996
185.19999999999376,VALID,25.28844360514727,81.85759159053447,1908.2628178525267
185.29999999999376,VALID,25.288597121640194,81.85772962924348,1901.718529880176
185.39999999999375,VALID,25.288750638004494,81.8578676683022,1904.0443261435419
185.49999999999375,VALID,25.28890415424017,81.85800570771065,1903.768495433786
185.59999999999374,VALID,25.289057670347223,81.85814374746882,1908.6477809178284
185.69999999999374,VALID,25.289211186325645,81.8582817875767,1900.8645450905058
185.79999999999373,VALID,25.289364702175437,81.85841982803431,1899.6784667894528
185.89999999999372,VALID,25.2895182178966,81.85855786884167,1901.7690908123047
185.99999999999372,VALID,25.28967173348913,81.85869590999876,1902.8320829969075
186.0999999999937,VALID,25.289825248953026,81.85883395150559,1903.3142382126919
186.1999999999937,VALID,25.289978764288286,81.85897199336216,1903.0423441514472
186.2999999999937,VALID,25.29013227949491,81.85911003556848,1901.9588466167036
186.3999999999937,VALID,25.290285794572892,81.85924807812454,1900.696182115821
186.4999999999937,VALID,25.290439309522235,81.85938612103035,1901.5738140695853
186.59999999999368,VALID,25.290592824342937,81.85952416428593,1905.6027976703351
186.69999999999368,VALID,25.290746339034996,81.85966220789126,1902.7629110579658
186.79999999999367,VALID,25.29089985359841,81.85980025184635,1904.3395233514507
186.89999999999367,VALID,25.29105336803318,81.85993829615121,1904.7727377984256
186.99999999999366,VALID,25.2912068823393,81.86007634080583,1905.285799184537
187.09999999999366,VALID,25.29136039651677,81.86021438581024,1901.999059897124
187.19999999999365,VALID,25.291513910565588,81.86035243116442,1902.7876790520002
187.29999999999364,VALID,25.291667424485755,81.86049047686836,1905.7985210735176
187.39999999999364,VALID,25.29182093827727,81.8606285229221,1905.3203301714925
187.49999999999363,VALID,25.291974451940128,81.86076656932562,1905.7104189269503
187.59999999999363,VALID,25.29212796547433,81.86090461607894,1902.904471906559
187.69999999999362,VALID,25.29228147887987,81.86104266318205,1905.1902748522466
187.79999999999362,VALID,25.292434992156753,81.86118071063495,1906.6873125024915
187.8999999999936,VALID,25.292588505304977,81.86131875843766,1906.9770380532789
187.9999999999936,VALID,25.292742018324535,81.86145680659017,1904.1221678706645
188.0999999999936,VALID,25.29289553121543,81.86159485509249,1902.6494754158095
188.1999999999936,VALID,25.293049043977657,81.86173290394461,1904.024982968245
188.2999999999936,VALID,25.293202556611217,81.86187095314655,1905.037338080866
188.39999999999358,VALID,25.293356069116108,81.86200900269831,1904.2267975332945
188.49999999999358,VALID,25.293509581492327,81.8621470525999,1905.1637634865517
188.59999999999357,VALID,25.293663093739873,81.8622851028513,1902.3234367082655
188.69999999999357,VALID,25.293816605858748,81.86242315345254,1904.4906099602363
188.79999999999356,VALID,25.293970117848946,81.8625612044036,1903.9725606975367
188.89999999999355,VALID,25.29412362971047,81.8626992557045,1904.3654908826418
188.99999999999355,VALID,25.294277141443313,81.86283730735524,1907.6235042232286
189.09999999999354,VALID,25.294430653047478,81.86297535935581,1904.635731330154
189.19999999999354,VALID,25.29458416452296,81.86311341170624,1905.501233565881
189.29999999999353,VALID,25.294737675869758,81.86325146440652,1907.5635314480844
189.39999999999353,VALID,25.294891187087874,81.86338951745664,1906.9901178912382
189.49999999999352,VALID,25.295044698177303,81.86352757085662,1907.019636066913
189.5999999999935,VALID,25.295198209138043,81.86366562460645,1904.3005785252635
189.6999999999935,VALID,25.295351719970093,81.86380367870616,1903.7585652055034
189.7999999999935,VALID,25.295505230673452,81.86394173315573,1903.547118643735
189.8999999999935,VALID,25.29565874124812,81.86407978795516,1906.4242236401587
189.9999999999935,VALID,25.29581225169409,81.86421784310448,1905.4949058414606
190.09999999999349,VALID,25.29596576201137,81.86435589860368,1906.7633189877424
190.19999999999348,VALID,25.296119272199952,81.86449395445275,1904.8152700257824
190.29999999999347,VALID,25.296272782259834,81.8646320106517,1907.4768170889117
190.39999999999347,VALID,25.296426292191015,81.86477006720055,1906.2626281007226
190.49999999999346,VALID,25.296579801993495,81.86490812409929,1904.9895092979812
190.59999999999346,VALID,25.29673331166727,81.8650461813479,1904.7500147555336
190.69999999999345,VALID,25.296886821212343,81.86518423894643,1905.1334760005298
190.79999999999345,VALID,25.297040330628707,81.86532229689485,1903.665225095846
190.89999999999344,VALID,25.297193839916364,81.86546035519318,1908.7112652869905
190.99999999999343,VALID,25.297347349075313,81.86559841384141,1903.5610472482388
191.09999999999343,VALID,25.29750085810555,81.86573647283956,1910.3288252077768
191.19999999999342,VALID,25.297654367007073,81.86587453218762,1905.309767206249
191.29999999999342,VALID,25.29780787577988,81.8660125918856,1906.0336091198287
191.3999999999934,VALID,25.297961384423974,81.86615065193351,1904.922447927036
191.4999999999934,VALID,25.29811489293935,81.86628871233134,1904.1600502667366
191.5999999999934,VALID,25.298268401326006,81.8664267730791,1906.870909626725
191.6999999999934,VALID,25.29842190958394,81.86656483417678,1906.684566013465
191.7999999999934,VALID,25.298575417713153,81.86670289562441,1907.2371307456876
191.89999999999338,VALID,25.298728925713643,81.86684095742199,1907.3554835616117
191.99999999999338,VALID,25.29888243358541,81.8669790195695,1905.5874374021585
192.09999999999337,VALID,25.299035941328444,81.86711708206695,1899.2635316508672
192.19999999999337,VALID,25.299189448942755,81.86725514491437,1901.0043794430717
192.29999999999336,VALID,25.299342956428333,81.86739320811174,1900.2430326600982
192.39999999999336,VALID,25.29949646378518,81.86753127165906,1899.7570437433722
192.49999999999335,VALID,25.29964997101329,81.86766933555634,1908.1628262287607
192.59999999999334,VALID,25.299803478112672,81.8678073998036,1901.1431270720789
192.69999999999334,VALID,25.299956985083313,81.8679454644008,1904.479475929443
192.79999999999333,VALID,25.300110491925217,81.86808352934798,1898.4949658101577
192.89999999999333,VALID,25.300263998638382,81.86822159464515,1896.885052494962
192.99999999999332,VALID,25.300417505222804,81.86835966029228,1904.8650709215271
193.09999999999332,VALID,25.300571011678482,81.8684977262894,1900.6903312533414
193.1999999999933,VALID,25.300724518005417,81.86863579263651,1903.1858610991828
193.2999999999933,VALID,25.300878024203605,81.8687738593336,1904.0704736075668
193.3999999999933,VALID,25.301031530273047,81.86891192638069,1906.9811749897099
193.4999999999933,VALID,25.301185036213738,81.86904999377778,1904.6682366771665
193.5999999999933,VALID,25.30133854202568,81.86918806152487,1904.99243274805
193.69999999999328,VALID,25.301492047708866,81.86932612962195,1907.292658644972
193.79999999999328,VALID,25.3016455532633,81.86946419806905,1906.2427241388996
193.89999999999327,VALID,25.301799058688978,81.86960226686615,1905.0051023173555
193.99999999999326,VALID,25.3019525639859,81.86974033601327,1906.9842645039641
194.09999999999326,VALID,25.30210606915406,81.8698784055104,1906.5612720186346
194.19999999999325,VALID,25.30225957419346,81.87001647535756,1904.1358418692225
194.29999999999325,VALID,25.3024130791041,81.87015454555474,1904.0642019636057
194.39999999999324,VALID,25.302566583885973,81.87029261610195,1904.8753087828125
194.49999999999324,VALID,25.302720088539083,81.87043068699919,1901.841761419351
194.59999999999323,VALID,25.302873593063424,81.87056875824646,1902.9194539777973
194.69999999999322,VALID,25.303027097458997,81.87070682984378,1902.1154251285886
194.79999999999322,VALID,25.3031806017258,81.87084490179114,1901.5474055682005
194.8999999999932,VALID,25.30333410586383,81.87098297408855,1904.4233916312746
194.9999999999932,VALID,25.303487609873088,81.87112104673601,1900.3570576611344
195.0999999999932,VALID,25.30364111375357,81.87125911973352,1900.2352381002725
195.1999999999932,VALID,25.303794617505275,81.8713971930811,1900.7825518960879
195.2999999999932,VALID,25.3039481211282,81.87153526677872,1900.9527904762247
195.39999999999318,VALID,25.304101624622348,81.8716733408264,1902.3329835301522
195.49999999999318,VALID,25.304255127987712,81.87181141522416,1904.9265836938646
195.59999999999317,VALID,25.30440863122429,81.87194948997198,1901.247734954355
195.69999999999317,VALID,25.304562134332087,81.87208756506989,1903.9388369759436
195.79999999999316,VALID,25.304715637311094,81.87222564051787,1897.5120369760523
195.89999999999316,VALID,25.304869140161315,81.87236371631593,1900.7685626374098
195.99999999999315,VALID,25.305022642882747,81.87250179246408,1902.2831836315206
196.09999999999314,VALID,25.305176145475386,81.87263986896232,1902.7506207718013
196.19999999999314,VALID,25.30532964793923,81.87277794581065,1901.3356724600394
196.29999999999313,VALID,25.30548315027428,81.87291602300908,1901.4828167664884
196.39999999999313,VALID,25.305636652480533,81.87305410055761,1907.6197984418648
196.49999999999312,VALID,25.30579015455799,81.87319217845624,1903.4971596205457
196.59999999999312,VALID,25.305943656506646,81.87333025670497,1904.797641293166
196.6999999999931,VALID,25.306097158326498,81.87346833530383,1905.045855891433
196.7999999999931,VALID,25.306250660017547,81.87360641425279,1903.2841499206672
196.8999999999931,VALID,25.306404161579792,81.87374449355187,1901.7910352794672
196.9999999999931,VALID,25.30655766301323,81.87388257320107,1906.361517104209
197.0999999999931,VALID,25.30671116431786,81.8740206532004,1907.6212605456442
197.19999999999308,VALID,25.30686466549368,81.87415873354986,1908.2598701856134
197.29999999999308,VALID,25.30701816654069,81.87429681424945,1905.556258658252
197.39999999999307,VALID,25.307171667458885,81.87443489529917,1907.5424185041936
197.49999999999307,VALID,25.307325168248266,81.87457297669904,1913.6159192801058
197.59999999999306,VALID,25.30747866890883,81.87471105844905,1908.023351056032
197.69999999999305,VALID,25.307632169440573,81.87484914054922,1904.970223965143
197.79999999999305,VALID,25.307785669843497,81.87498722299952,1904.6683771074786
197.89999999999304,VALID,25.3079391701176,81.87512530579998,1905.279630315984
197.99999999999304,VALID,25.308092670262877,81.8752633889506,1904.4485154264453
198.09999999999303,VALID,25.30824617027933,81.87540147245139,1906.4315368092693
198.19999999999303,VALID,25.308399670166956,81.87553955630234,1905.156691381217
198.29999999999302,VALID,25.308553169925755,81.87567764050347,1901.2130066975456
198.399999999993,VALID,25.308706669555722,81.87581572505476,1903.7823943274827
198.499999999993,VALID,25.308860169056857,81.87595380995623,1901.1520524564535
198.599999999993,VALID,25.30901366842916,81.87609189520788,1902.8527273899795
198.699999999993,VALID,25.309167167672626,81.87622998080971,1906.9147591843068
198.799999999993,VALID,25.309320666787258,81.87636806676173,1905.4879420596624
198.89999999999299,VALID,25.30947416577305,81.87650615306394,1905.7559993335635
198.99999999999298,VALID,25.30962766463,81.87664423971636,1908.5188136647764
199.09999999999297,VALID,25.30978116335811,81.87678232671897,1906.7505922601601
199.19999999999297,VALID,25.309934661957374,81.87692041407178,1907.5884115976808
199.29999999999296,VALID,25.310088160427792,81.8770585017748,1912.4507351977702
199.39999999999296,VALID,25.310241658769364,81.87719658982802,1911.0254569594988
199.49999999999295,VALID,25.310395156982086,81.87733467823145,1909.1316491962173
199.59999999999295,VALID,25.310548655065958,81.87747276698511,1909.1378946904265
199.69999999999294,VALID,25.310702153020976,81.87761085608898,1906.1512627231746
199.79999999999293,VALID,25.31085565084714,81.87774894554308,1906.7338057268307
199.89999999999293,VALID,25.31100914854445,81.8778870353474,1905.7818957571938
199.99999999999292,VALID,25.3111626461129,81.87802512550196,1905.1298869842647
200.09999999999292,VALID,25.311316143552496,81.87816321600675,1902.2345513051685
200.1999999999929,VALID,25.311469640863226,81.87830130686179,1903.8394206258308
200.2999999999929,VALID,25.311623138045096,81.87843939806706,1908.4744960958508
200.3999999999929,VALID,25.311776635098102,81.87857748962259,1906.5008312386803
200.4999999999929,VALID,25.31193013202224,81.87871558152837,1906.2376025340739
200.5999999999929,VALID,25.31208362881751,81.8788536737844,1899.4303705916284
200.69999999999288,VALID,25.31223712548391,81.8789917663907,1904.884150663104
200.79999999999288,VALID,25.31239062202144,81.87912985934724,1905.5873522721288
200.89999999999287,VALID,25.312544118430097,81.87926795265406,1904.214269164661
200.99999999999287,VALID,25.312697614709876,81.87940604631115,1901.202393594532
201.09999999999286,VALID,25.31285111086078,81.8795441403185,1899.1019012481358
201.19999999999285,VALID,25.313004606882807,81.87968223467614,1895.8220788868764
201.29999999999285,VALID,25.31315810277595,81.87982032938406,1895.9904071259527
201.39999999999284,VALID,25.313311598540214,81.87995842444226,1901.3836347779447
201.49999999999284,VALID,25.31346509417559,81.88009651985075,1905.0814017346684
201.59999999999283,VALID,25.313618589682083,81.88023461560954,1900.9240924321334
201.69999999999283,VALID,25.31377208505969,81.88037271171862,1902.506541078581
201.79999999999282,VALID,25.313925580308407,81.880510808178,1900.9820592833635
201.89999999999281,VALID,25.314079075428232,81.88064890498768,1902.92377632793
201.9999999999928,VALID,25.314232570419165,81.88078700214767,1904.6549962368076
202.0999999999928,VALID,25.314386065281205,81.88092509965797,1905.4035990563582
202.1999999999928,VALID,25.31453956001435,81.88106319751859,1904.5859883140024
202.2999999999928,VALID,25.314693054618594,81.88120129572951,1903.1122739205748
202.3999999999928,VALID,25.31484654909394,81.88133939429076,1904.664321477272
202.49999999999278,VALID,25.31500004344038,81.88147749320234,1898.3056118358445
202.59999999999278,VALID,25.31515353765792,81.88161559246424,1904.4614653101562
202.69999999999277,VALID,25.315307031746556,81.88175369207649,1904.462564366337
202.79999999999276,VALID,25.315460525706282,81.88189179203907,1909.8955761693048
202.89999999999276,VALID,25.3156140195371,81.882029892352,1905.6086511636258
202.99999999999275,VALID,25.31576751323901,81.88216799301526,1903.9625809476875
203.09999999999275,VALID,25.315921006812005,81.88230609402888,1904.0122647695775
203.19999999999274,VALID,25.316074500256086,81.88244419539284,1905.7591084468418
203.29999999999274,VALID,25.31622799357125,81.88258229710716,1908.05388406192
203.39999999999273,VALID,25.316381486757496,81.88272039917184,1907.805816334979
203.49999999999272,VALID,25.316534979814826,81.8828585015869,1901.0410666447897
203.59999999999272,VALID,25.31668847274323,81.88299660435231,1906.072167928901
203.6999999999927,VALID,25.316841965542714,81.8831347074681,1905.115669452634
203.7999999999927,VALID,25.31699545821327,81.88327281093426,1906.1633492670885
203.8999999999927,VALID,25.317148950754902,81.8834109147508,1901.233207466682
203.9999999999927,VALID,25.317302443167605,81.88354901891772,1900.4301840473092
204.0999999999927,VALID,25.317455935451378,81.88368712343502,1901.2507628799467
204.19999999999268,VALID,25.317609427606214,81.88382522830273,1902.8487101623941
204.29999999999268,VALID,25.31776291963212,81.88396333352082,1907.5435550238974
204.39999999999267,VALID,25.317916411529087,81.88410143908932,1904.268150504193
204.49999999999267,VALID,25.31806990329712,81.88423954500821,1906.8397323193533
204.59999999999266,VALID,25.318223394936208,81.88437765127752,1902.9502176378933
204.69999999999266,VALID,25.318376886446355,81.88451575789723,1901.7409980305436
204.79999999999265,VALID,25.31853037782756,81.88465386486736,1900.5942899786562
204.89999999999264,VALID,25.31868386907982,81.88479197218791,1899.9863400715733
204.99999999999264,VALID,25.318837360203133,81.88493007985888,1903.4472938216106
205.09999999999263,VALID,25.318990851197498,81.88506818788026,1905.338179097658
205.19999999999263,VALID,25.31914434206291,81.8852062962521,1906.3795221634175
205.29999999999262,VALID,25.319297832799368,81.88534440497435,1901.4271204092636
205.39999999999262,VALID,25.31945132340687,81.88548251404704,1906.9867018591583
205.4999999999926,VALID,25.319604813885416,81.88562062347017,1904.8694813773686
205.5999999999926,VALID,25.319758304235005,81.88575873324376,1906.914498463303
205.6999999999926,VALID,25.319911794455635,81.8858968433678,1905.0984373760389
205.7999999999926,VALID,25.3200652845473,81.88603495384228,1902.0825347240059
205.8999999999926,VALID,25.320218774510003,81.88617306466723,1906.0969593920242
205.99999999999258,VALID,25.32037226434374,81.88631117584264,1904.945818094664
206.09999999999258,VALID,25.320525754048507,81.8864492873685,1902.6369912021792
206.19999999999257,VALID,25.320679243624305,81.88658739924485,1906.7162181085366
206.29999999999256,VALID,25.320832733071132,81.88672551147167,1907.928491652584
206.39999999999256,VALID,25.320986222388985,81.88686362404896,1900.9916633520204
206.49999999999255,VALID,25.32113971157786,81.88700173697673,1908.3610245771488
206.59999999999255,VALID,25.321293200637758,81.88713985025498,1900.6577589927238
206.69999999999254,VALID,25.321446689568678,81.88727796388373,1898.9375613579268
206.79999999999254,VALID,25.321600178370616,81.88741607786297,1895.4967157953934
206.89999999999253,VALID,25.32175366704357,81.88755419219271,1897.225095760651
206.99999999999253,VALID,25.32190715558754,81.88769230687295,1903.4936209923394
207.09999999999252,VALID,25.32206064400252,81.88783042190369,1900.4278991433646
207.1999999999925,VALID,25.32221413228851,81.88796853728493,1909.8012153372222
207.2999999999925,VALID,25.32236762044551,81.8881066530167,1908.3954305943394
207.3999999999925,VALID,25.32252110847352,81.88824476909899,1904.9645097694054
207.4999999999925,VALID,25.322674596372533,81.8883828855318,1906.0650323371883
207.5999999999925,VALID,25.322828084142547,81.88852100231513,1904.0278882001953
207.69999999999249,VALID,25.322981571783565,81.88865911944899,1903.9882304617224
207.79999999999248,VALID,25.32313505929558,81.88879723693339,1903.8278397878707
207.89999999999247,VALID,25.323288546678594,81.88893535476831,1908.0860636783366
207.99999999999247,VALID,25.3234420339326,81.88907347295378,1907.9478357773326
208.09999999999246,VALID,25.3235955210576,81.8892115914898,1911.2843061681224
208.19999999999246,VALID,25.323749008053593,81.88934971037637,1906.6815629167063
208.29999999999245,VALID,25.323902494920574,81.88948782961349,1903.8321323873945
208.39999999999245,VALID,25.324055981658542,81.88962594920116,1900.8626933437674
208.49999999999244,VALID,25.324209468267497,81.8897640691394,1906.4420201043183
208.59999999999243,VALID,25.324362954747436,81.88990218942821,1903.353522792225
208.69999999999243,VALID,25.324516441098353,81.89004031006759,1904.718233738631
208.79999999999242,VALID,25.32466992732025,81.89017843105754,1906.8567693310697
208.89999999999242,VALID,25.324823413413124,81.89031655239806,1913.081249571558
208.9999999999924,VALID,25.324976899376974,81.89045467408917,1910.763415808711
209.0999999999924,VALID,25.325130385211796,81.89059279613086,1908.0456433796767
209.1999999999924,VALID,25.32528387091759,81.89073091852315,1912.713793289091
209.2999999999924,VALID,25.325437356494355,81.89086904126603,1908.6083373072818
209.3999999999924,VALID,25.325590841942084,81.89100716435951,1907.9593430030304
209.49999999999238,VALID,25.32574432726078,81.89114528780358,1910.0825476966927
209.59999999999238,VALID,25.325897812450435,81.89128341159827,1909.5293551823042
209.69999999999237,VALID,25.326051297511054,81.89142153574356,1908.7017009103645
209.79999999999237,VALID,25.32620478244263,81.89155966023947,1910.3172818169216
209.89999999999236,VALID,25.326358267245165,81.891697785086,1908.8662458476106
209.99999999999235,VALID,25.326511751918655,81.89183591028315,1906.3709589546118
210.09999999999235,VALID,25.326665236463096,81.89197403583093,1906.1863221183626
210.19999999999234,VALID,25.32681872087849,81.89211216172934,1913.0722982086556
210.29999999999234,VALID,25.32697220516483,81.8922502879784,1910.7503747677893
210.39999999999233,VALID,25.327125689322116,81.8923884145781,1910.4701040654481
210.49999999999233,VALID,25.327279173350348,81.89252654152843,1911.6828768263874
210.59999999999232,VALID,25.32743265724952,81.89266466882941,1908.0320195889176
210.69999999999231,VALID,25.327586141019633,81.89280279648105,1908.5406008362327
210.7999999999923,VALID,25.327739624660683,81.89294092448334,1904.1070606307305
210.8999999999923,VALID,25.32789310817267,81.8930790528363,1905.202064520647
210.9999999999923,VALID,25.32804659155559,81.89321718153992,1904.8260474420508
211.0999999999923,VALID,25.328200074809445,81.89335531059422,1906.2138404756565
211.1999999999923,VALID,25.328353557934225,81.89349343999918,1907.599869436399
211.29999999999228,VALID,25.328507040929935,81.89363156975482,1904.5551713164384
211.39999999999227,VALID,25.328660523796568,81.89376969986114,1908.5684184289712
211.49999999999227,VALID,25.328814006534124,81.89390783031816,1905.9553073614813
211.59999999999226,VALID,25.328967489142602,81.89404596112585,1908.4653805940738
211.69999999999226,VALID,25.329120971622,81.89418409228425,1903.1009119297587
211.79999999999225,VALID,25.329274453972314,81.89432222379335,1906.3024802623402
211.89999999999225,VALID,25.329427936193543,81.89446035565315,1906.40877102999
211.99999999999224,VALID,25.329581418285684,81.89459848786366,1912.0945130783848
212.09999999999224,VALID,25.329734900248734,81.89473662042488,1907.408613989656
212.19999999999223,VALID,25.329888382082693,81.89487475333682,1908.8144379969854
212.29999999999222,VALID,25.330041863787557,81.89501288659949,1909.9204244738312
212.39999999999222,VALID,25.330195345363325,81.89515102021288,1909.2899345141873
212.4999999999922,VALID,25.330348826809995,81.895289154177,1907.6991945613777
212.5999999999922,VALID,25.330502308127564,81.89542728849185,1904.4822107673476
212.6999999999922,VALID,25.33065578931603,81.89556542315744,1906.956611065954
212.7999999999922,VALID,25.33080927037539,81.89570355817376,1903.1118728715428
212.8999999999922,VALID,25.330962751305645,81.89584169354085,1904.3810718604814
212.99999999999218,VALID,25.331116232106787,81.89597982925868,1907.7820489772866
213.09999999999218,VALID,25.33126971277882,81.89611796532726,1908.9890194478733
213.19999999999217,VALID,25.331423193321736,81.89625610174662,1911.2810614162966
213.29999999999217,VALID,25.331576673735537,81.89639423851673,1913.56054320505
213.39999999999216,VALID,25.33173015402022,81.89653237563762,1911.4746521671561
213.49999999999216,VALID,25.33188363417578,81.89667051310927,1911.7128568815742
213.59999999999215,VALID,25.33203711420222,81.8968086509317,1909.3974451795605
213.69999999999214,VALID,25.332190594099533,81.89694678910492,1901.6242068501851
213.79999999999214,VALID,25.33234407386772,81.89708492762892,1906.0555711671293
213.89999999999213,VALID,25.332497553506776,81.89722306650373,1904.459913379749
213.99999999999213,VALID,25.3326510330167,81.89736120572933,1905.5656298887382
214.09999999999212,VALID,25.332804512397487,81.89749934530572,1908.1632836801487
214.19999999999212,VALID,25.33295799164914,81.89763748523292,1902.838471014676
214.2999999999921,VALID,25.33311147077165,81.89777562551093,1906.2653902147542
214.3999999999921,VALID,25.333264949765024,81.89791376613975,1906.434765274182
214.4999999999921,VALID,25.33341842862925,81.8980519071194,1904.502320418947
214.5999999999921,VALID,25.33357190736433,81.89819004844986,1905.7436203844147
214.6999999999921,VALID,25.33372538597026,81.89832819013115,1909.6365890030056
214.79999999999208,VALID,25.33387886444704,81.89846633216328,1910.547296939763
214.89999999999208,VALID,25.334032342794668,81.89860447454625,1909.1508527967028
214.99999999999207,VALID,25.33418582101314,81.89874261728005,1906.9013958984158
215.09999999999206,VALID,25.334339299102453,81.8988807603647,1907.3036962277126
215.19999999999206,VALID,25.334492777062607,81.89901890380021,1905.8272902857084
215.29999999999205,VALID,25.3346462548936,81.89915704758657,1906.1956780974203
215.39999999999205,VALID,25.334799732595425,81.8992951917238,1908.0507345475057
215.49999999999204,VALID,25.33495321016808,81.89943333621189,1906.2578167510565
215.59999999999204,VALID,25.335106687611567,81.89957148105084,1908.2980475601537
215.69999999999203,VALID,25.33526016492588,81.89970962624066,1904.880219979937
215.79999999999202,VALID,25.33541364211102,81.89984777178137,1905.506551956833
215.89999999999202,VALID,25.335567119166985,81.89998591767296,1903.1762751217154
215.999999999992,VALID,25.33572059609377,81.90012406391544,1904.6027326866283
216.099999999992,VALID,25.335874072891368,81.90026221050881,1907.5276085305345
216.199999999992,VALID,25.336027549559784,81.90040035745308,1908.0528669240293
216.299999999992,VALID,25.336181026099013,81.90053850474825,1907.5182111470483
216.399999999992,VALID,25.33633450250905,81.90067665239434,1906.6483166512144
216.49999999999199,VALID,25.336487978789897,81.90081480039133,1906.8627890424682
216.59999999999198,VALID,25.33664145494155,81.90095294873923,1903.4897204094943
216.69999999999197,VALID,25.336794930964004,81.90109109743806,1903.2938701254527
216.79999999999197,VALID,25.33694840685726,81.90122924648782,1905.8256848502326
216.89999999999196,VALID,25.33710188262131,81.9013673958885,1903.1175394644586
216.99999999999196,VALID,25.33725535825616,81.90150554564012,1900.2381563066824
217.09999999999195,VALID,25.337408833761803,81.90164369574268,1896.8306156345125
217.19999999999195,VALID,25.337562309138235,81.90178184619619,1902.596162176352
217.29999999999194,VALID,25.337715784385455,81.90191999700065,1902.833640478351
217.39999999999193,VALID,25.33786925950346,81.90205814815606,1897.6182043796537
217.49999999999193,VALID,25.338022734492245,81.90219629966244,1897.8356473523195
217.59999999999192,VALID,25.33817620935181,81.90233445151978,1898.9830350232007
217.69999999999192,VALID,25.338329684082154,81.90247260372809,1899.6179665881202
217.7999999999919,VALID,25.33848315868327,81.90261075628737,1903.9377069008615
217.8999999999919,VALID,25.33863663315516,81.90274890919764,1895.9325264419908
217.9999999999919,VALID,25.33879010749782,81.90288706245889,1896.6026585451161
218.0999999999919,VALID,25.33894358171125,81.90302521607113,1897.0932436772878
218.1999999999919,VALID,25.33909705579544,81.90316337003436,1899.2832414452068
218.29999999999188,VALID,25.339250529750387,81.90330152434859,1902.7836330133757
218.39999999999188,VALID,25.339404003576096,81.90343967901383,1897.0687653417456
218.49999999999187,VALID,25.33955747727256,81.90357783403007,1898.9169097324007
218.59999999999187,VALID,25.33971095083978,81.90371598939733,1899.4457038209814
218.69999999999186,VALID,25.33986442427775,81.9038541451156,1899.1625848503
218.79999999999185,VALID,25.340017897586467,81.9039923011849,1901.3099851946085
218.89999999999185,VALID,25.34017137076593,81.90413045760523,1902.8186676573678
218.99999999999184,VALID,25.340324843816134,81.9042686143766,1905.2435019545267
219.09999999999184,VALID,25.340478316737077,81.90440677149901,1903.3193264364074
219.19999999999183,VALID,25.340631789528757,81.90454492897247,1902.9713596069564
219.29999999999183,VALID,25.340785262191172,81.90468308679698,1908.0877703788094
219.39999999999182,VALID,25.34093873472432,81.90482124497254,1901.9961785769724
219.49999999999181,VALID,25.34109220712819,81.90495940349916,1902.1405174315255
219.5999999999918,VALID,25.341245679402792,81.90509756237685,1905.124023706033
219.6999999999918,VALID,25.341399151548114,81.9052357216056,1902.0892027190625
219.7999999999918,VALID,25.341552623564155,81.90537388118544,1908.591107784873
219.8999999999918,VALID,25.341706095450913,81.90551204111635,1903.9276138335545
219.9999999999918,VALID,25.341859567208385,81.90565020139836,1904.9452663898169
220.09999999999178,VALID,25.34201303883657,81.90578836203146,1907.7294562270822
220.19999999999177,VALID,25.342166510335463,81.90592652301565,1908.2273496498876
220.29999999999177,VALID,25.34231998170506,81.90606468435095,1906.121575269498
220.39999999999176,VALID,25.34247345294536,81.90620284603736,1906.527951745374
220.49999999999176,VALID,25.34262692405636,81.90634100807488,1906.9064712297275
220.59999999999175,VALID,25.34278039503806,81.90647917046351,1905.4486138631373
220.69999999999175,VALID,25.342933865890448,81.90661733320327,1903.5968531944804
220.79999999999174,VALID,25.34308733661353,81.90675549629417,1904.09612331618
220.89999999999173,VALID,25.343240807207298,81.9068936597362,1902.934104772979
220.99999999999173,VALID,25.343394277671752,81.90703182352937,1905.219792517514
221.09999999999172,VALID,25.343547748006888,81.90716998767368,1902.8155040436704
221.19999999999172,VALID,25.3437012182127,81.90730815216915,1903.0815174857082
221.2999999999917,VALID,25.34385468828919,81.90744631701577,1907.4079539969512
221.3999999999917,VALID,25.344008158236353,81.90758448221355,1910.5978831029518
221.4999999999917,VALID,25.344161628054184,81.9077226477625,1905.9441102958097
221.5999999999917,VALID,25.34431509774268,81.90786081366262,1910.603390227431
221.6999999999917,VALID,25.34446856730184,81.90799897991393,1907.01438449446
221.79999999999168,VALID,25.344622036731657,81.90813714651642,1904.2258398535514
221.89999999999168,VALID,25.344775506032132,81.9082753134701,1906.0920166422316
221.99999999999167,VALID,25.344928975203263,81.90841348077498,1903.521104674949
222.09999999999167,VALID,25.345082444245044,81.90855164843106,1905.2681544300426
222.19999999999166,VALID,25.34523591315747,81.90868981643834,1907.9740431272787
222.29999999999166,VALID,25.345389381940542,81.90882798479684,1909.6278064144012
222.39999999999165,VALID,25.345542850594256,81.90896615350657,1907.9338849613732
222.49999999999164,VALID,25.345696319118606,81.90910432256752,1902.7889654692663
222.59999999999164,VALID,25.34584978751359,81.9092424919797,1905.1465282491788
222.69999999999163,VALID,25.346003255779205,81.90938066174311,1905.1772869439437
222.79999999999163,VALID,25.34615672391545,81.90951883185777,1903.980541679711
222.89999999999162,VALID,25.346310191922317,81.90965700232367,1906.6423334711428
222.99999999999162,VALID,25.346463659799806,81.90979517314084,1906.5983942089927
223.0999999999916,VALID,25.346617127547912,81.90993334430925,1904.9304947267601
223.1999999999916,VALID,25.346770595166632,81.91007151582895,1907.6106248316885
223.2999999999916,VALID,25.34692406265596,81.9102096876999,1905.4580103789378
223.3999999999916,VALID,25.3470775300159,81.91034785992214,1908.720078968722
223.4999999999916,VALID,25.347230997246438,81.91048603249567,1907.375748202924
223.59999999999158,VALID,25.34738446434758,81.91062420542049,1902.8125543602373
223.69999999999158,VALID,25.34753793131932,81.9107623786966,1903.0883264253807
223.79999999999157,VALID,25.34769139816165,81.91090055232402,1905.8178813800291
223.89999999999156,VALID,25.34784486487457,81.91103872630275,1906.169270349467
223.99999999999156,VALID,25.34799833145808,81.91117690063278,1901.2659918317747
224.09999999999155,VALID,25.34815179791217,81.91131507531414,1902.798137357457
224.19999999999155,VALID,25.34830526423684,81.91145325034682,1907.9856414670614
224.29999999999154,VALID,25.348458730432082,81.91159142573085,1906.1162123206745
224.39999999999154,VALID,25.348612196497896,81.9117296014662,1904.6157814557719
224.49999999999153,VALID,25.348765662434282,81.91186777755291,1908.476582790069
224.59999999999152,VALID,25.34891912824123,81.91200595399097,1904.4706179591867
224.69999999999152,VALID,25.34907259391874,81.91214413078039,1903.9258743277246
224.7999999999915,VALID,25.349226059466808,81.91228230792117,1905.378484739447
224.8999999999915,VALID,25.34937952488543,81.91242048541334,1902.5268893870707
224.9999999999915,VALID,25.349532990174595,81.91255866325687,1904.0050646348502
225.0999999999915,VALID,25.349686455334307,81.9126968414518,1902.0682488426519
225.1999999999915,VALID,25.349839920364563,81.91283501999813,1903.8423373609128
225.29999999999148,VALID,25.349993385265357,81.91297319889584,1905.1889720438746
225.39999999999148,VALID,25.350146850036683,81.91311137814496,1900.9830931740141
225.49999999999147,VALID,25.350300314678538,81.9132495577455,1902.2147229591296
225.59999999999147,VALID,25.35045377919092,81.91338773769746,1904.1265311653278
225.69999999999146,VALID,25.350607243573826,81.91352591800084,1904.0927435544402
225.79999999999146,VALID,25.35076070782725,81.91366409865566,1900.2104114196952
225.89999999999145,VALID,25.350914171951185,81.91380227966191,1906.6179443227918
225.99999999999145,VALID,25.35106763594563,81.9139404610196,1901.7811059812732
226.09999999999144,VALID,25.35122109981058,81.91407864272877,1900.7010912515398
226.19999999999143,VALID,25.35137456354603,81.91421682478938,1900.023578704554
226.29999999999143,VALID,25.35152802715198,81.91435500720146,1898.2793037543418
226.39999999999142,VALID,25.351681490628422,81.91449318996503,1898.7151106512877
226.49999999999142,VALID,25.351834953975352,81.91463137308007,1896.5951246161442
226.5999999999914,VALID,25.351988417192768,81.9147695565466,1895.979272892416
226.6999999999914,VALID,25.352141880280662,81.91490774036463,1894.5470896255204
226.7999999999914,VALID,25.352295343239035,81.91504592453416,1895.989355450953
226.8999999999914,VALID,25.35244880606788,81.91518410905519,1895.3532800972155
226.9999999999914,VALID,25.35260226876719,81.91532229392774,1897.4036192004967
227.09999999999138,VALID,25.352755731336963,81.91546047915183,1892.779770727286
227.19999999999138,VALID,25.352909193777194,81.91559866472745,1899.7966889238364
227.29999999999137,VALID,25.35306265608788,81.91573685065461,1902.4246174219925
227.39999999999137,VALID,25.353216118269014,81.91587503693331,1903.7030709417663
227.49999999999136,VALID,25.353369580320592,81.91601322356358,1903.5559101376546
227.59999999999135,VALID,25.35352304224261,81.91615141054541,1907.5770203960585
227.69999999999135,VALID,25.353676504035064,81.9162895978788,1903.6355185606249
227.79999999999134,VALID,25.353829965697948,81.91642778556378,1902.3171329385873
227.89999999999134,VALID,25.353983427231256,81.91656597360034,1903.6574958793728
227.99999999999133,VALID,25.354136888634986,81.9167041619885,1901.9821696613817
228.09999999999133,VALID,25.35429034990913,81.91684235072826,1907.7448426884353
228.19999999999132,VALID,25.354443811053688,81.91698053981963,1909.2361916590817
228.29999999999131,VALID,25.354597272068652,81.91711872926263,1916.6445669979478
228.3999999999913,VALID,25.354750732954017,81.91725691905724,1917.3083903212632
228.4999999999913,VALID,25.35490419370978,81.91739510920348,1922.706400619402
228.5999999999913,VALID,25.35505765433593,81.91753329970138,1920.681596989451
228.6999999999913,VALID,25.355211114832468,81.91767149055092,1927.5734018638157
228.7999999999913,VALID,25.355364575199385,81.91780968175212,1926.2975809875868
228.89999999999128,VALID,25.355518035436678,81.917947873305,1930.7673724003214
228.99999999999127,VALID,25.355671495544343,81.91808606520955,1925.7782822016002
229.09999999999127,VALID,25.355824955522372,81.91822425746578,1930.5129702781408
229.19999999999126,VALID,25.355978415370764,81.91836245007372,1928.580839141775
229.29999999999126,VALID,25.35613187508951,81.91850064303335,1927.2732178792576
229.39999999999125,VALID,25.356285334678603,81.9186388363447,1926.9875084577563
229.49999999999125,VALID,25.35643879413804,81.91877703000776,1929.7205957152098
229.59999999999124,VALID,25.356592253467813,81.91891522402256,1928.1887996297266
229.69999999999123,VALID,25.35674571266792,81.91905341838908,1929.1470908470083
229.79999999999123,VALID,25.356899171738352,81.91919161310736,1927.7377134333296
229.89999999999122,VALID,25.357052630679107,81.9193298081774,1924.7296756589158
229.99999999999122,VALID,25.357206089490173,81.9194680035992,1917.228499850894
230.0999999999912,VALID,25.35735954817155,81.9196061993728,1918.9399198546632
230.1999999999912,VALID,25.35751300672323,81.91974439549816,1918.711290857501
230.2999999999912,VALID,25.357666465145208,81.91988259197532,1927.4960608205777
230.3999999999912,VALID,25.357819923437475,81.9200207888043,1916.0354736801803
230.4999999999912,VALID,25.35797338160003,81.92015898598507,1926.0574033737578
230.59999999999118,VALID,25.35812683963286,81.92029718351768,1927.8803957124298
230.69999999999118,VALID,25.358280297535963,81.92043538140211,1922.0489599416092
230.79999999999117,VALID,25.35843375530933,81.92057357963839,1925.6881290705567
230.89999999999117,VALID,25.358587212952962,81.92071177822652,1918.8640938736778
230.99999999999116,VALID,25.358740670466844,81.92084997716651,1919.928408563704
231.09999999999116,VALID,25.358894127850974,81.92098817645838,1918.2008145367815
231.19999999999115,VALID,25.35904758510534,81.92112637610214,1925.5026855564379
231.29999999999114,VALID,25.35920104222994,81.92126457609778,1923.9318377977256
231.39999999999114,VALID,25.359354499224768,81.92140277644533,1922.2055131843072
231.49999999999113,VALID,25.359507956089814,81.9215409771448,1919.21722813522
231.59999999999113,VALID,25.359661412825073,81.9216791781962,1919.9936228163854
231.69999999999112,VALID,25.359814869430537,81.92181737959953,1923.6306545866687
231.79999999999112,VALID,25.3599683259062,81.92195558135482,1928.1497257711555
231.8999999999911,VALID,25.36012178225205,81.92209378346207,1926.8899520068962
231.9999999999911,VALID,25.360275238468088,81.92223198592129,1929.6408495243604
232.0999999999911,VALID,25.3604286945543,81.92237018873249,1928.485090295543
232.1999999999911,VALID,25.360582150510684,81.92250839189569,1929.1706598398775
232.2999999999911,VALID,25.36073560633723,81.9226465954109,1925.7452681120244
232.39999999999108,VALID,25.360889062033927,81.92278479927812,1925.5468916496388
232.49999999999108,VALID,25.36104251760077,81.92292300349737,1926.5631953936645
232.59999999999107,VALID,25.36119597303775,81.92306120806867,1926.955590050186
232.69999999999106,VALID,25.36134942834486,81.92319941299202,1927.0203422981133
232.79999999999106,VALID,25.36150288352209,81.92333761826744,1926.5582692839532
232.89999999999105,VALID,25.361656338569432,81.92347582389493,1927.7997598174495
232.99999999999105,VALID,25.36180979348688,81.92361402987453,1928.7940016395412
233.09999999999104,VALID,25.361963248274424,81.92375223620623,1927.1209126223628
233.19999999999104,VALID,25.362116702932056,81.92389044289004,1926.480158897091
233.29999999999103,VALID,25.362270157459765,81.92402864992599,1927.8854553757353
233.39999999999102,VALID,25.362423611857544,81.92416685731408,1929.5052939522097
233.49999999999102,VALID,25.362577066125386,81.92430506505433,1928.7036664228478
233.599999999991,VALID,25.362730520263277,81.92444327314675,1929.404057547316
233.699999999991,VALID,25.362883974271213,81.92458148159136,1932.135438486448
233.799999999991,VALID,25.36303742814918,81.92471969038817,1929.2408033796357
233.899999999991,VALID,25.36319088189717,81.9248578995372,1929.4998254821205
233.999999999991,VALID,25.363344335515176,81.92499610903846,1927.518664407578
234.09999999999098,VALID,25.363497789003183,81.92513431889196,1927.6440159713593
234.19999999999098,VALID,25.363651242361183,81.92527252909773,1933.4212442084292
234.29999999999097,VALID,25.363804695589167,81.92541073965577,1928.3298424371146
234.39999999999097,VALID,25.363958148687125,81.92554895056611,1927.4876244594345
234.49999999999096,VALID,25.364111601655043,81.92568716182875,1927.021172409767
234.59999999999096,VALID,25.364265054492915,81.92582537344371,1928.412918914112
234.69999999999095,VALID,25.364418507200725,81.92596358541101,1930.4438994432023
234.79999999999094,VALID,25.364571959778463,81.92610179773067,1927.325930709768
234.89999999999094,VALID,25.36472541222612,81.9262400104027,1928.7852584917343
234.99999999999093,VALID,25.364878864543684,81.92637822342712,1927.811982292319
235.09999999999093,VALID,25.365032316731142,81.92651643680395,1928.3178424856515
235.19999999999092,VALID,25.365185768788482,81.92665465053321,1926.436761826243
235.29999999999092,VALID,25.365339220715693,81.92679286461491,1929.1052528793416
235.3999999999909,VALID,25.36549267251276,81.92693107904907,1930.032767212881
235.4999999999909,VALID,25.365646124179676,81.9270692938357,1932.5316952491494
235.5999999999909,VALID,25.365799575716423,81.92720750897483,1927.4060589912742
235.6999999999909,VALID,25.365953027122988,81.92734572446649,1926.0850657799372
235.7999999999909,VALID,25.36610647839936,81.92748394031068,1927.7256521484899
235.89999999999088,VALID,25.366259929545524,81.92762215650743,1930.6748345637845
235.99999999999088,VALID,25.366413380561465,81.92776037305676,1928.154867565975
236.09999999999087,VALID,25.36656683144717,81.92789858995869,1927.2159883173626
236.19999999999087,VALID,25.366720282202625,81.92803680721323,1922.6969343487767
236.29999999999086,VALID,25.366873732827813,81.92817502482042,1926.1313218743842
236.39999999999085,VALID,25.36702718332272,81.92831324278026,1925.4328258542466
236.49999999999085,VALID,25.36718063368733,81.92845146109279,1931.010259479468
236.59999999999084,VALID,25.36733408392163,81.92858967975803,1929.3888255914596
236.69999999999084,VALID,25.3674875340256,81.928727898776,1933.591498689013
236.79999999999083,VALID,25.367640983999223,81.92886611814673,1927.56844153201
236.89999999999083,VALID,25.367794433842487,81.92900433787024,1928.9635691396056
236.99999999999082,VALID,25.36794788355537,81.92914255794656,1930.816258328628
237.0999999999908,VALID,25.368101333137858,81.92928077837571,1927.5853723643704
237.1999999999908,VALID,25.36825478258993,81.92941899915772,1931.9421073453748
237.2999999999908,VALID,25.368408231911566,81.92955722029261,1930.1577443183903
237.3999999999908,VALID,25.36856168110275,81.92969544178041,1926.364505058426
237.4999999999908,VALID,25.368715130163462,81.92983366362115,1931.151726903384
237.59999999999079,VALID,25.36886857909368,81.92997188581487,1929.3172159816181
237.69999999999078,VALID,25.369022027893383,81.93011010836157,1927.790139582724
237.79999999999077,VALID,25.369175476562553,81.93024833126131,1918.9527928010182
237.89999999999077,VALID,25.36932892510117,81.9303865545141,1918.688836630183
237.99999999999076,VALID,25.369482373509204,81.93052477811999,1917.6475187634094
238.09999999999076,VALID,25.369635821786638,81.93066300207899,1921.7517270744718
238.19999999999075,VALID,25.369789269933445,81.93080122639115,1923.9717907394481
238.29999999999075,VALID,25.369942717949606,81.9309394510565,1920.6164006435179
238.39999999999074,VALID,25.37009616583509,81.93107767607508,1923.5001947497344
238.49999999999073,VALID,25.370249613589873,81.93121590144692,1918.0007987471595
238.59999999999073,VALID,25.37040306121393,81.93135412717206,1916.9347973943811
238.69999999999072,VALID,25.370556508707235,81.93149235325053,1915.1138426882992
238.79999999999072,VALID,25.370709956069756,81.93163057968239,1915.8505167813457
238.8999999999907,VALID,25.370863403301467,81.93176880646766,1914.7888837845412
238.9999999999907,VALID,25.371016850402338,81.9319070336064,1920.4686010972193
239.0999999999907,VALID,25.371170297372338,81.93204526109862,1917.7511492742553
239.1999999999907,VALID,25.371323744211434,81.9321834889444,1913.225705355288
239.2999999999907,VALID,25.371477190919595,81.93232171714378,1915.7250613586305
239.39999999999068,VALID,25.371630637496786,81.93245994569679,1920.107069015762
239.49999999999068,VALID,25.37178408394297,81.9325981746035,1918.3967511945539
239.59999999999067,VALID,25.37193753025811,81.93273640386396,1918.0900492775343
239.69999999999067,VALID,25.37209097644217,81.9328746334782,1920.5520018135276
239.79999999999066,VALID,25.372244422495108,81.93301286344631,1921.6935310474369
239.89999999999065,VALID,25.372397868416886,81.93315109376832,1918.918143246003
239.99999999999065,VALID,25.37255131420746,81.93328932444429,1921.5239983248707
240.09999999999064,VALID,25.372704759866785,81.9334275554743,1916.9859064419547
240.19999999999064,VALID,25.372858205394817,81.9335657868584,1916.9353172832934
240.29999999999063,VALID,25.373011650791508,81.93370401859664,1917.2403333280752
240.39999999999063,VALID,25.37316509605681,81.93384225068912,1917.337584267377
240.49999999999062,VALID,25.373318541190663,81.93398048313591,1924.513076866766
240.59999999999062,VALID,25.37347198619302,81.93411871593707,1921.1984997579723
240.6999999999906,VALID,25.37362543106382,81.93425694909268,1922.1010164387317
240.7999999999906,VALID,25.37377887580301,81.93439518260284,1921.8696942584054
240.8999999999906,VALID,25.373932320410518,81.93453341646762,1922.164181534672
240.9999999999906,VALID,25.37408576488628,81.93467165068711,1924.8006923789542
241.0999999999906,VALID,25.374239209230232,81.9348098852614,1923.8139611915121
241.19999999999058,VALID,25.374392653442296,81.93494812019061,1922.9199005306496
241.29999999999058,VALID,25.374546097522398,81.93508635547484,1923.3837701557968
241.39999999999057,VALID,25.37469954147046,81.93522459111419,1921.7190020313
241.49999999999056,VALID,25.37485298528639,81.93536282710879,1922.9724854496678
241.59999999999056,VALID,25.375006428970103,81.93550106345876,1927.2390816286327
241.69999999999055,VALID,25.3751598725215,81.93563930016423,1929.3257469130804
241.79999999999055,VALID,25.37531331594048,81.93577753722533,1928.2795587582896
241.89999999999054,VALID,25.375466759226935,81.93591577464224,1929.2232958382779
241.99999999999054,VALID,25.37562020238075,81.93605401241508,1924.5954101883387
242.09999999999053,VALID,25.375773645401797,81.93619225054405,1927.7113994863498
242.19999999999052,VALID,25.375927088289945,81.93633048902933,1931.3975196412248
242.29999999999052,VALID,25.376080531045055,81.9364687278711,1926.701026653017
242.3999999999905,VALID,25.37623397366697,81.93660696706958,1927.7408480270453
242.4999999999905,VALID,25.376387416155524,81.93674520662499,1915.6409204474467
242.5999999999905,VALID,25.376540858510538,81.93688344653758,1912.2177968005553
242.6999999999905,VALID,25.376694300731813,81.93702168680761,1909.490426671524
242.7999999999905,VALID,25.376847742819137,81.93715992743539,1915.6332635842061
242.89999999999048,VALID,25.377001184772276,81.93729816842122,1913.0248157816072
242.99999999999048,VALID,25.37715462659097,81.93743640976548,1911.2808037025027
243.09999999999047,VALID,25.377308068274928,81.93757465146854,1913.4762425915578
243.19999999999047,VALID,25.37746150982384,81.93771289353084,1912.0887771816183
243.29999999999046,VALID,25.377614951237337,81.93785113595287,1909.0264999916494
243.39999999999046,VALID,25.377768392515026,81.93798937873518,1903.6943803494141
243.49999999999045,VALID,25.377921833656444,81.9381276218784,1906.18909373752
243.59999999999044,VALID,25.378075274661064,81.93826586538323,1904.1875985312704
243.69999999999044,VALID,25.378228715528277,81.93840410925051,1904.7881069025073
243.79999999999043,VALID,25.378382156257366,81.93854235348122,1901.659269898566
243.89999999999043,VALID,25.37853559684748,81.93868059807653,1908.5464875910318
243.99999999999042,VALID,25.378689037297594,81.93881884303782,1904.2952529067304
244.09999999999042,VALID,25.378842477606433,81.93895708836682,1906.1902510790874
244.1999999999904,VALID,25.378995917772393,81.93909533406571,1904.0354854146885
244.2999999999904,VALID,25.379149357793377,81.93923358013735,1908.2626286376262
244.3999999999904,VALID,25.379302797666533,81.93937182658563,1906.2370622363285
244.4999999999904,VALID,25.379456237387753,81.93951007341613,1908.9651004798584
244.5999999999904,VALID,25.379609676950615,81.93964832063757,1910.2736962162533
244.69999999999038,VALID,25.37976311634364,81.93978656826557,1912.5660626877527
244.79999999999038,VALID,25.379916555540486,81.93992481633596,1914.6022077551443
244.89999999999037,VALID,25.380076034433838,81.93979783029401,1914.2438654344978
244.99999999999037,VALID,25.380152068591293,81.93959566033341,1906.3833443198832
245.09999999999036,VALID,25.380228102472362,81.93939349011818,1903.2582598360568
245.19999999999035,VALID,25.380304136077044,81.93919131964833,1901.5660518366187
245.29999999999035,VALID,25.380380169405335,81.93898914892387,1908.4044430165404
245.39999999999034,VALID,25.380456202457236,81.93878697794479,1904.7281589706604
245.49999999999034,VALID,25.380532235232746,81.93858480671108,1906.8725985309675
245.59999999999033,VALID,25.380608267731862,81.93838263522275,1912.9985090963885
245.69999999999033,VALID,25.380684299954584,81.9381804634798,1910.9468884373766
245.79999999999032,VALID,25.380760331900913,81.93797829148222,1911.070942744788
245.8999999999903,VALID,25.380836363570843,81.93777611923004,1909.0847135350464
245.9999999999903,VALID,25.380912394964376,81.93757394672322,1910.5137119412238
246.0999999999903,VALID,25.380988426081508,81.93737177396179,1904.514221955584
246.1999999999903,VALID,25.38106445692224,81.93716960094572,1905.2472109652938
246.2999999999903,VALID,25.381140487486565,81.93696742767504,1904.3691099465593
246.39999999999029,VALID,25.38121651777449,81.93676525414973,1908.528844370455
246.49999999999028,VALID,25.381292547786007,81.93656308036981,1906.5331043551816
246.59999999999027,VALID,25.38136857752112,81.93636090633525,1904.8890686372542
246.69999999999027,VALID,25.381444606979823,81.93615873204608,1904.1357314536529
246.79999999999026,VALID,25.381520636162115,81.93595655750228,1902.3230993445857
246.89999999999026,VALID,25.381596665067995,81.93575438270385,1902.9299247682625
246.99999999999025,VALID,25.381672693697464,81.9355522076508,1904.7333183719338
247.09999999999025,VALID,25.381748722050517,81.93535003234312,1905.3660845050974
247.19999999999024,VALID,25.381824750127155,81.93514785678082,1901.6825366759058
247.29999999999023,VALID,25.381900777927378,81.93494568096388,1907.4388023429842
247.39999999999023,VALID,25.38197680545118,81.93474350489232,1909.2041127773086
247.49999999999022,VALID,25.382052832698566,81.93454132856614,1910.5882490641109
247.59999999999022,VALID,25.38212885966953,81.93433915198533,1911.0089266291661
247.6999999999902,VALID,25.382204886364068,81.93413697514988,1906.5054823767694
247.7999999999902,VALID,25.382280912782186,81.93393479805981,1906.2573472374474
247.8999999999902,VALID,25.382356938923877,81.93373262071512,1908.9417719943572
247.9999999999902,VALID,25.382432964789142,81.9335304431158,1906.7351179871075
248.0999999999902,VALID,25.38250899037798,81.93332826526185,1909.0018668796863
248.19999999999018,VALID,25.382585015690385,81.93312608715327,1907.8570636939241
248.29999999999018,VALID,25.38266104072636,81.93292390879006,1908.1859043936877
248.39999999999017,VALID,25.382737065485905,81.93272173017222,1910.4785578151561
248.49999999999017,VALID,25.382813089969016,81.93251955129975,1908.3416189299721
248.59999999999016,VALID,25.38288911417569,81.93231737217265,1909.2278352720753
248.69999999999015,VALID,25.382965138105927,81.93211519279092,1902.7831287698752
248.79999999999015,VALID,25.383041161759728,81.93191301315456,1906.1974018765368
248.89999999999014,VALID,25.38311718513709,81.93171083326357,1905.2610879036001
248.99999999999014,VALID,25.383193208238005,81.93150865311794,1899.6284794680628
249.09999999999013,VALID,25.38326923106248,81.93130647271768,1907.1186529580762
249.19999999999013,VALID,25.383345253610514,81.93110429206278,1911.2514729604825
249.29999999999012,VALID,25.3834212758821,81.93090211115326,1905.252280886801
249.39999999999011,VALID,25.38349729787724,81.9306999299891,1904.0906174701606
249.4999999999901,VALID,25.383573319595932,81.93049774857032,1902.7109614650903
249.5999999999901,VALID,25.383649341038176,81.93029556689689,1905.764798707197
249.6999999999901,VALID,25.38372536220397,81.93009338496883,1907.9577305363798
249.7999999999901,VALID,25.383801383093306,81.92989120278614,1909.6249492200782
249.8999999999901,VALID,25.383877403706194,81.9296890203488,1905.2046305094414
249.99999999999008,VALID,25.383953424042623,81.92948683765684,1901.3212539225558
250.09999999999008,VALID,25.384029444102598,81.92928465471024,1904.3845330115935
250.19999999999007,VALID,25.384105463886115,81.929082471509,1905.927659439819
250.29999999999006,VALID,25.38418148339317,81.92888028805314,1905.6941695447845
250.39999999999006,VALID,25.38425750262377,81.92867810434264,1906.6949832864966
250.49999999999005,VALID,25.384333521577904,81.9284759203775,1910.114800974212
250.59999999999005,VALID,25.384409540255575,81.92827373615772,1914.1677231078902
250.69999999999004,VALID,25.38448555865678,81.9280715516833,1907.4449181323093
250.79999999999004,VALID,25.384561576781522,81.92786936695425,1910.2677650387675
250.89999999999003,VALID,25.384637594629794,81.92766718197056,1908.365809689919
250.99999999999002,VALID,25.384713612201597,81.92746499673223,1910.9303558870508
251.09999999999002,VALID,25.38478962949693,81.92726281123926,1904.1150333853634
251.19999999999,VALID,25.384865646515788,81.92706062549165,1910.8544407802387
251.29999999999,VALID,25.384941663258175,81.92685843948941,1911.2705976509558
251.39999999999,VALID,25.385017679724086,81.92665625323252,1910.8941958067742
251.49999999999,VALID,25.385093695913522,81.92645406672099,1910.3766687095135
251.59999999999,VALID,25.385169711826478,81.92625187995483,1904.2207581632767
251.69999999998998,VALID,25.385245727462955,81.92604969293403,1908.3301430452445
251.79999999998998,VALID,25.385321742822953,81.92584750565858,1913.4020018483566
251.89999999998997,VALID,25.385397757906468,81.92564531812849,1914.552722405837
251.99999999998997,VALID,25.3854737727135,81.92544313034375,1910.4603788080533
252.09999999998996,VALID,25.385549787244045,81.92524094230438,1912.5346049122545
252.19999999998996,VALID,25.385625801498104,81.92503875401037,1910.6045534583318
252.29999999998995,VALID,25.385701815475677,81.92483656546172,1912.0701367732406
252.39999999998994,VALID,25.38577782917676,81.92463437665842,1913.1163347364718
252.49999999998994,VALID,25.385853842601353,81.92443218760047,1915.3702860656863
252.59999999998993,VALID,25.385929855749453,81.92422999828788,1917.3191087045566
252.69999999998993,VALID,25.38600586862106,81.92402780872065,1918.6518559946032
252.79999999998992,VALID,25.38608188121617,81.92382561889877,1916.7463189129337
252.89999999998992,VALID,25.386157893534786,81.92362342882225,1923.7973304123975
252.9999999999899,VALID,25.386233905576905,81.92342123849109,1923.9634737293582
253.0999999999899,VALID,25.386309917342523,81.92321904790528,1925.3190565251455
253.1999999999899,VALID,25.38638592883164,81.92301685706482,1925.3496296270168
253.2999999999899,VALID,25.386461940044256,81.92281466596972,1922.5060428486931
253.3999999999899,VALID,25.38653795098037,81.92261247461998,1922.5956949643023
253.49999999998988,VALID,25.386613961639977,81.9224102830156,1923.2934376977164
253.59999999998988,VALID,25.386689972023078,81.92220809115656,1923.6003516797116
253.69999999998987,VALID,25.38676598212967,81.92200589904287,1929.07581639856
253.79999999998986,VALID,25.386841991959756,81.92180370667454,1930.3044299903488
253.89999999998986,VALID,25.38691800151333,81.92160151405156,1928.3030809119455
253.99999999998985,VALID,25.386994010790392,81.92139932117394,1929.181727588265
254.09999999998985,VALID,25.38707001979094,81.92119712804165,1929.021047647163
254.19999999998984,VALID,25.387146028514973,81.92099493465473,1929.463260442989
254.29999999998984,VALID,25.387222036962488,81.92079274101316,1926.6346754216597
254.39999999998983,VALID,25.387298045133488,81.92059054711693,1925.9944265294505
254.49999999998983,VALID,25.387374053027965,81.92038835296606,1927.7645418322654
254.59999999998982,VALID,25.387450060645925,81.92018615856054,1929.213438022561
254.6999999999898,VALID,25.387526067987363,81.91998396390036,1929.4318470392095
254.7999999999898,VALID,25.387602075052275,81.91978176898554,1927.760458861008
254.8999999999898,VALID,25.38767808184066,81.91957957381607,1928.7427062666347
254.9999999999898,VALID,25.387754088352523,81.91937737839194,1926.8300939033986
255.0999999999898,VALID,25.38783009458786,81.91917518271316,1926.7177239653017
255.19999999998979,VALID,25.387906100546665,81.91897298677974,1926.8478410782805
255.29999999998978,VALID,25.38798210622894,81.91877079059165,1928.1246248653727
255.39999999998977,VALID,25.38805811163468,81.91856859414892,1928.793784292075
255.49999999998977,VALID,25.38813411676389,81.91836639745154,1930.060768108544
255.59999999998976,VALID,25.388210121616563,81.91816420049949,1926.6812454639446
255.69999999998976,VALID,25.3882861261927,81.9179620032928,1929.3361068810834
255.79999999998975,VALID,25.3883621304923,81.91775980583145,1927.4800871189063
255.89999999998975,VALID,25.38843813451536,81.91755760811544,1928.018555275427
255.99999999998974,VALID,25.388514138261883,81.9173554101448,1926.878118928155
256.09999999998973,VALID,25.38859014173186,81.91715321191948,1929.8659123344871
256.19999999998976,VALID,25.388666144925295,81.91695101343952,1928.8957024080719
256.2999999999898,VALID,25.388742147842184,81.91674881470489,1928.1947399283663
256.3999999999898,VALID,25.38881815048253,81.9165466157156,1926.4050457238452
256.4999999999898,VALID,25.388894152846323,81.91634441647167,1928.9109317398847
256.59999999998985,VALID,25.38897015493357,81.91614221697309,1930.2938082035055
256.69999999998987,VALID,25.389046156744268,81.91594001721984,1925.9722792833948
256.7999999999899,VALID,25.38912215827841,81.91573781721193,1929.468939844173
256.8999999999899,VALID,25.389198159536,81.91553561694937,1926.7909374556123
256.99999999998994,VALID,25.389274160517036,81.91533341643215,1929.9855286665613
257.09999999998996,VALID,25.389350161221515,81.91513121566027,1929.8340827076431
257.19999999999,VALID,25.389426161649435,81.91492901463373,1931.0729599317328
257.29999999999,VALID,25.3895021618008,81.91472681335253,1929.2515555684902
257.39999999999003,VALID,25.3895781616756,81.91452461181667,1927.3102501873784
257.49999999999005,VALID,25.38965416127384,81.91432241002616,1928.9588035051188
257.5999999999901,VALID,25.389730160595516,81.91412020798099,1924.7736854718514
257.6999999999901,VALID,25.389806159640624,81.91391800568115,1925.7776200060932
257.7999999999901,VALID,25.38988215840917,81.91371580312666,1930.1870876691842
257.89999999999014,VALID,25.389958156901145,81.9135136003175,1927.61613059618
257.99999999999017,VALID,25.390034155116552,81.91331139725368,1925.3962327157872
258.0999999999902,VALID,25.39011015305539,81.9131091939352,1927.9135950960485
258.1999999999902,VALID,25.390186150717653,81.91290699036206,1929.9767493058255
258.29999999999023,VALID,25.390262148103343,81.91270478653426,1928.1250672514554
258.39999999999026,VALID,25.390338145212457,81.9125025824518,1931.2233181327338
258.4999999999903,VALID,25.390414142044996,81.91230037811467,1923.517262482426
258.5999999999903,VALID,25.390490138600956,81.91209817352288,1929.7840558971327
258.6999999999903,VALID,25.390566134880338,81.91189596867642,1929.2302390967004
258.79999999999035,VALID,25.390642130883137,81.9116937635753,1927.3767952283167
258.89999999999037,VALID,25.390718126609354,81.91149155821952,1931.970056794124
258.9999999999904,VALID,25.39079412205899,81.91128935260907,1925.3119750267601
259.0999999999904,VALID,25.390870117232037,81.91108714674397,1930.8492947712489
259.19999999999044,VALID,25.3909461121285,81.91088494062419,1927.7577994519204
259.29999999999046,VALID,25.391022106748373,81.91068273424975,1927.365900159569
259.3999999999905,VALID,25.391098101091657,81.91048052762063,1928.3161785795908
259.4999999999905,VALID,25.39117409515835,81.91027832073686,1927.6073660693576
259.59999999999053,VALID,25.391250088948453,81.91007611359842,1926.3564247421632
259.69999999999055,VALID,25.391326082461962,81.9098739062053,1930.8396792311582
259.7999999999906,VALID,25.391402075698874,81.90967169855753,1927.3584401632108
259.8999999999906,VALID,25.39147806865919,81.90946949065508,1929.0511545845648
259.9999999999906,VALID,25.39155406134291,81.90926728249798,1924.5383662268325
260.09999999999064,VALID,25.391630053750028,81.9090650740862,1926.7890730043584
260.19999999999067,VALID,25.391706045880543,81.90886286541975,1925.1635202018454
260.2999999999907,VALID,25.39178203773446,81.90866065649863,1930.5976033574614
260.3999999999907,VALID,25.39185802931177,81.90845844732284,1930.288423134892
260.49999999999073,VALID,25.391934020612474,81.90825623789239,1928.5538786176226
260.59999999999076,VALID,25.39201001163657,81.90805402820726,1927.5928170798718
260.6999999999908,VALID,25.39208600238406,81.90785181826746,1931.9908421428477
260.7999999999908,VALID,25.39216199285494,81.907649608073,1926.5452376434937
260.8999999999908,VALID,25.39223798304921,81.90744739762387,1921.9574763787368
260.99999999999085,VALID,25.392313972966868,81.90724518692006,1931.170476839105
261.09999999999087,VALID,25.39238996260791,81.90704297596159,1926.003406258441
261.1999999999909,VALID,25.392465951972337,81.90684076474844,1927.8790852502748
261.2999999999909,VALID,25.39254194106015,81.90663855328062,1928.073138455461
261.39999999999094,VALID,25.392617929871342,81.90643634155812,1923.9890250642923
261.49999999999096,VALID,25.392693918405914,81.90623412958095,1926.6504487089555
261.599999999991,VALID,25.392769906663865,81.90603191734911,1923.8542506449533
261.699999999991,VALID,25.392845894645195,81.9058297048626,1924.4940593424296
261.79999999999103,VALID,25.3929218823499,81.90562749212141,1922.632928048946
261.89999999999105,VALID,25.39299786977798,81.90542527912555,1923.741486593894
261.9999999999911,VALID,25.39307385692943,81.90522306587502,1923.8306095546868
262.0999999999911,VALID,25.393149843804252,81.9050208523698,1921.9549072148263
262.1999999999911,VALID,25.393225830402447,81.90481863860991,1925.1263685893084
262.29999999999114,VALID,25.39330181672401,81.90461642459535,1928.7480366617956
262.39999999999117,VALID,25.39337780276894,81.90441421032611,1930.5369565299072
262.4999999999912,VALID,25.393453788537233,81.9042119958022,1929.842662939697
262.5999999999912,VALID,25.39352977402889,81.9040097810236,1926.1761470049494
262.69999999999123,VALID,25.39360575924391,81.90380756599033,1929.7102802283687
262.79999999999126,VALID,25.393681744182295,81.90360535070239,1929.1372182499683
262.8999999999913,VALID,25.393757728844037,81.90340313515976,1930.1172413888908
262.9999999999913,VALID,25.39383371322914,81.90320091936246,1933.700002738424
263.0999999999913,VALID,25.393909697337598,81.90299870331049,1930.1084776793089
263.19999999999135,VALID,25.39398568116941,81.90279648700383,1922.3347822116648
263.29999999999137,VALID,25.39406166472458,81.90259427044249,1924.052610322609
263.3999999999914,VALID,25.3941376480031,81.90239205362647,1927.8544651351792
263.4999999999914,VALID,25.39421363100497,81.90218983655578,1917.4310636698895
263.59999999999144,VALID,25.39428961373019,81.9019876192304,1914.8404491933302
263.69999999999146,VALID,25.39436559617876,81.90178540165034,1916.1089494947346
263.7999999999915,VALID,25.394441578350673,81.9015831838156,1917.8158897259477
263.8999999999915,VALID,25.394517560245934,81.90138096572619,1918.2451991901078
263.99999999999153,VALID,25.394593541864538,81.90117874738209,1918.1252188564213
264.09999999999155,VALID,25.394669523206485,81.9009765287833,1918.247910095935
264.1999999999916,VALID,25.394745504271775,81.90077430992984,1919.1501483268128
264.2999999999916,VALID,25.394821485060405,81.9005720908217,1919.5914451172666
264.3999999999916,VALID,25.39489746557237,81.90036987145886,1919.0533814855328
264.49999999999164,VALID,25.394973445807672,81.90016765184136,1918.8274729106083
264.59999999999167,VALID,25.39504942576631,81.89996543196916,1920.590247277769
264.6999999999917,VALID,25.39512540544828,81.89976321184228,1919.3567573301825
264.7999999999917,VALID,25.395201384853582,81.89956099146072,1916.2461758396387
264.89999999999173,VALID,25.395277363982217,81.89935877082448,1914.1245621722856
264.99999999999176,VALID,25.39535334283418,81.89915654993355,1913.9904144715813
265.0999999999918,VALID,25.395429321409473,81.89895432878794,1914.358072145412
265.1999999999918,VALID,25.39550529970809,81.89875210738764,1911.9827107427668
265.2999999999918,VALID,25.395581277730034,81.89854988573265,1904.3485926790152
265.39999999999185,VALID,25.3956572554753,81.89834766382297,1909.7234254837676
265.49999999999187,VALID,25.39573323294389,81.89814544165861,1907.2909683832436
265.5999999999919,VALID,25.3958092101358,81.89794321923956,1908.3882104811269
265.6999999999919,VALID,25.395885187051025,81.89774099656583,1907.9156208143984
265.79999999999194,VALID,25.39596116368957,81.89753877363741,1909.877950258178
265.89999999999196,VALID,25.396037140051433,81.8973365504543,1910.5675320454754
265.999999999992,VALID,25.39611311613661,81.8971343270165,1910.195696199362
266.099999999992,VALID,25.3961890919451,81.89693210332402,1910.7278635605187
266.19999999999203,VALID,25.396265067476904,81.89672987937685,1911.2670296563265
266.29999999999205,VALID,25.396341042732015,81.89652765517499,1909.3609571768916
266.3999999999921,VALID,25.396417017710437,81.89632543071843,1911.109670750458
266.4999999999921,VALID,25.396492992412167,81.89612320600719,1911.927111141718
266.5999999999921,VALID,25.3965689668372,81.89592098104126,1910.6012524655087
266.69999999999214,VALID,25.39664494098554,81.89571875582064,1911.8838832977556
266.79999999999217,VALID,25.39672091485718,81.89551653034532,1910.3335924977
266.8999999999922,VALID,25.396796888452123,81.89531430461531,1907.1787701120757
266.9999999999922,VALID,25.396872861770365,81.89511207863062,1910.8315636351126
267.09999999999224,VALID,25.39694883481191,81.89490985239122,1908.7080185455388
267.19999999999226,VALID,25.39702480757675,81.89470762589714,1915.458216538567
267.2999999999923,VALID,25.397100780064882,81.89450539914837,1912.3631322669635
267.3999999999923,VALID,25.397176752276312,81.8943031721449,1917.5081594731787
267.4999999999923,VALID,25.397252724211032,81.89410094488674,1915.0218773611796
267.59999999999235,VALID,25.397328695869046,81.89389871737389,1915.1109695421903
267.6999999999924,VALID,25.39740466725035,81.89369648960634,1915.7602782537638
267.7999999999924,VALID,25.397480638354942,81.8934942615841,1911.1264455144126
267.8999999999924,VALID,25.39755660918282,81.89329203330716,1916.0235641315312
267.99999999999244,VALID,25.397632579733983,81.89308980477553,1913.0482359252858
268.09999999999246,VALID,25.39770855000843,81.8928875759892,1914.4300372644188
268.1999999999925,VALID,25.397784520006162,81.89268534694818,1911.8181951347656
268.2999999999925,VALID,25.397860489727172,81.89248311765246,1913.8841238392733
268.39999999999253,VALID,25.39793645917146,81.89228088810205,1913.936550254045
268.49999999999255,VALID,25.39801242833903,81.89207865829694,1910.8652122445378
268.5999999999926,VALID,25.398088397229873,81.89187642823713,1912.4133576440477
268.6999999999926,VALID,25.398164365843993,81.89167419792263,1914.5616448855606
268.7999999999926,VALID,25.398240334181388,81.89147196735343,1915.3102559558931
268.89999999999264,VALID,25.398316302242055,81.89126973652952,1916.196146391907
268.99999999999267,VALID,25.39839227002599,81.89106750545092,1910.3812092084243
269.0999999999927,VALID,25.398468237533198,81.89086527411762,1913.4563279058618
269.1999999999927,VALID,25.39854420476367,81.89066304252962,1914.4242726210343
269.29999999999274,VALID,25.39862017171741,81.89046081068693,1912.895888457745
269.39999999999276,VALID,25.398696138394417,81.89025857858954,1913.1231689741353
269.4999999999928,VALID,25.398772104794684,81.89005634623744,1910.4231921044116
269.5999999999928,VALID,25.398848070918213,81.88985411363065,1912.1749748057885
269.6999999999928,VALID,25.398924036765003,81.88965188076915,1912.3017073972098
269.79999999999285,VALID,25.39900000233505,81.88944964765295,1914.1172808778604
269.8999999999929,VALID,25.399075967628356,81.88924741428205,1916.573642036161
269.9999999999929,VALID,25.39915193264492,81.88904518065645,1915.8027619163117
270.0999999999929,VALID,25.399227897384737,81.88884294677615,1915.59311032851
270.19999999999294,VALID,25.399303861847805,81.88864071264115,1917.4019681552618
270.29999999999296,VALID,25.399379826034128,81.88843847825144,1913.1779779859926
270.399999999993,VALID,25.399455789943698,81.88823624360703,1911.5608874236816
270.499999999993,VALID,25.399531753576518,81.8880340087079,1913.268063082456
270.59999999999303,VALID,25.399607716932586,81.88783177355408,1910.9092921220738
270.69999999999305,VALID,25.399683680011897,81.88762953814556,1915.2571650098014
270.7999999999931,VALID,25.399759642814452,81.88742730248234,1914.3740524974237
270.8999999999931,VALID,25.39983560534025,81.8872250665644,1917.774906193732
270.9999999999931,VALID,25.399911567589292,81.88702283039176,1916.4105325844048
271.09999999999314,VALID,25.39998752956157,81.88682059396442,1915.7173307590426
271.19999999999317,VALID,25.40006349125709,81.88661835728236,1912.4643398820047
271.2999999999932,VALID,25.400139452675845,81.8864161203456,1911.6476108620122
271.3999999999932,VALID,25.400215413817836,81.88621388315414,1914.511957378458
271.49999999999324,VALID,25.40029137468306,81.88601164570797,1912.8665739239268
271.59999999999326,VALID,25.40036733527152,81.88580940800709,1909.903426599598
271.6999999999933,VALID,25.400443295583205,81.8856071700515,1904.4962379366848
271.7999999999933,VALID,25.40051925561812,81.88540493184121,1909.978964013962
271.8999999999933,VALID,25.400595215376267,81.8852026933762,1908.292588773065
271.99999999999335,VALID,25.40067117485764,81.88500045465649,1913.0271819040079
272.0999999999934,VALID,25.400747134062232,81.88479821568207,1908.1614601817075
272.1999999999934,VALID,25.400823092990052,81.88459597645294,1912.3348752214276
272.2999999999934,VALID,25.400899051641094,81.8843937369691,1911.783416299241
272.39999999999344,VALID,25.400975010015355,81.88419149723055,1908.4210220477166
272.49999999999346,VALID,25.401050968112834,81.88398925723729,1908.5390194211586
272.5999999999935,VALID,25.401126925933532,81.88378701698932,1908.2426369911136
272.6999999999935,VALID,25.401202883477445,81.88358477648663,1912.2295536639083
272.79999999999353,VALID,25.401278840744574,81.88338253572923,1914.1012335893074
272.89999999999355,VALID,25.401354797734914,81.88318029471712,1906.6366118291082
272.9999999999936,VALID,25.401430754448466,81.8829780534503,1907.2751870376928
273.0999999999936,VALID,25.40150671088523,81.88277581192877,1910.777942095024
273.1999999999936,VALID,25.4015826670452,81.88257357015252,1910.7980007888855
273.29999999999364,VALID,25.401658622928377,81.88237132812155,1909.5956517588606
273.39999999999367,VALID,25.40173457853476,81.88216908583587,1904.789024470762
273.4999999999937,VALID,25.401810533864346,81.88196684329549,1908.9513129562336
273.5999999999937,VALID,25.401886488917135,81.88176460050039,1911.4268290764676
273.69999999999374,VALID,25.401962443693126,81.88156235745058,1907.066528261373
273.79999999999376,VALID,25.402038398192314,81.88136011414605,1907.6534082614505
273.8999999999938,VALID,25.402114352414703,81.8811578705868,1910.2327312615591
273.9999999999938,VALID,25.402190306360286,81.88095562677285,1910.5460214679613
274.0999999999938,VALID,25.402266260029066,81.88075338270417,1913.2267264204295
274.19999999999385,VALID,25.40234221342104,81.88055113838077,1905.4339812574633
274.2999999999939,VALID,25.402418166536204,81.88034889380265,1909.7776143331594
274.3999999999939,VALID,25.40249411937456,81.88014664896981,1909.9785145180256
274.4999999999939,VALID,25.402570071936104,81.87994440388226,1906.6633598231015
274.59999999999394,VALID,25.402646024220836,81.87974215854,1907.7580558359057
274.69999999999396,VALID,25.402721976228754,81.87953991294302,1906.8981010409618
274.799999999994,VALID,25.402797927959856,81.8793376670913,1907.9016497216437
274.899999999994,VALID,25.40287387941414,81.87913542098488,1910.774267522876
274.99999999999403,VALID,25.40294983059161,81.87893317462374,1909.1551506169305
275.09999999999405,VALID,25.403025781492257,81.87873092800787,1904.8341881822737
275.1999999999941,VALID,25.403101732116085,81.87852868113728,1905.756577105641
275.2999999999941,VALID,25.403177682463088,81.87832643401198,1905.8258661104892
275.3999999999941,VALID,25.403253632533268,81.87812418663195,1910.555466988311
275.49999999999415,VALID,25.40332958232662,81.8779219389972,1908.9965414365802
275.59999999999417,VALID,25.403405531843145,81.87771969110774,1908.5486588262422
275.6999999999942,VALID,25.403481481082842,81.87751744296355,1909.9634866461915
275.7999999999942,VALID,25.40355743004571,81.87731519456464,1906.1500380514651
275.89999999999424,VALID,25.403633378731744,81.87711294591101,1908.7046889508345
275.99999999999426,VALID,25.403709327140945,81.87691069700266,1913.5643859772713
276.0999999999943,VALID,25.40378527527331,81.87670844783958,1913.2328187463152
276.1999999999943,VALID,25.40386122312884,81.87650619842177,1910.525103718801
276.2999999999943,VALID,25.40393717070753,81.87630394874924,1909.2371211939312
276.39999999999435,VALID,25.40401311800938,81.87610169882198,1907.421538383785
276.4999999999944,VALID,25.40408906503439,81.87589944864,1907.6568225939761
276.5999999999944,VALID,25.40416501178256,81.8756971982033,1902.8538098549259
276.6999999999944,VALID,25.404240958253883,81.87549494751187,1902.9079197651108
276.79999999999444,VALID,25.40431690444836,81.87529269656571,1904.7978028362902
276.89999999999446,VALID,25.404392850365994,81.87509044536482,1908.7812536341462
276.9999999999945,VALID,25.40446879600678,81.87488819390921,1905.3323545214807
277.0999999999945,VALID,25.40454474137071,81.87468594219888,1901.241467354601
277.19999999999453,VALID,25.404620686457793,81.87448369023382,1906.120884156364
277.29999999999455,VALID,25.404696631268024,81.87428143801402,1905.0571477734081
277.3999999999946,VALID,25.4047725758014,81.8740791855395,1901.9348477097606
277.4999999999946,VALID,25.404848520057918,81.87387693281025,1904.6986037365873
277.5999999999946,VALID,25.404924464037578,81.87367467982627,1900.9275816275026
277.69999999999465,VALID,25.405000407740378,81.87347242658755,1907.2067812879777
277.79999999999467,VALID,25.40507635116632,81.87327017309411,1904.922868017236
277.8999999999947,VALID,25.405152294315396,81.87306791934594,1903.851570247065
277.9999999999947,VALID,25.40522823718761,81.87286566534304,1903.1041539669395
278.09999999999474,VALID,25.405304179782963,81.87266341108541,1902.5328178723807
278.19999999999476,VALID,25.405380122101448,81.87246115657305,1903.7746850213707
278.2999999999948,VALID,25.405456064143063,81.87225890180596,1902.4890400886984
278.3999999999948,VALID,25.40553200590781,81.87205664678415,1906.5393242352195
278.4999999999948,VALID,25.405607947395684,81.8718543915076,1905.0594767164148
278.59999999999485,VALID,25.405683888606685,81.8716521359763,1906.7776091557464
278.6999999999949,VALID,25.405759829540813,81.87144988019028,1907.832069927188
278.7999999999949,VALID,25.405835770198067,81.87124762414953,1903.376556869055
278.8999999999949,VALID,25.405911710578444,81.87104536785405,1904.5871258383852
278.99999999999494,VALID,25.40598765068194,81.87084311130383,1904.5361211118998
279.09999999999496,VALID,25.406063590508555,81.87064085449887,1905.490473208296
279.199999999995,VALID,25.40613953005829,81.87043859743919,1904.5764019874907
279.299999999995,VALID,25.40621546933114,81.87023634012476,1900.6111853282623
279.39999999999503,VALID,25.406291408327107,81.8700340825556,1904.1194528487024
279.49999999999505,VALID,25.40636734704619,81.8698318247317,1902.146976227792
279.5999999999951,VALID,25.406443285488383,81.86962956665307,1906.6624662415768
279.6999999999951,VALID,25.406519223653685,81.86942730831971,1901.8226963889203
279.7999999999951,VALID,25.406595161542096,81.86922504973161,1905.0690478041467
279.89999999999515,VALID,25.406671099153616,81.86902279088876,1906.213328302733
279.99999999999517,VALID,25.40674703648824,81.86882053179119,1907.0139263769095
280.0999999999952,VALID,25.40682297354597,81.86861827243887,1902.6446802389312
280.1999999999952,VALID,25.406898910326806,81.86841601283182,1906.1832881764321
280.29999999999524,VALID,25.406974846830742,81.86821375297002,1906.1523580607097
280.39999999999526,VALID,25.407050783057777,81.86801149285348,1904.59842976511
280.4999999999953,VALID,25.40712671900791,81.86780923248222,1903.644560389619
280.5999999999953,VALID,25.40720265468114,81.8676069718562,1900.434472956686
280.6999999999953,VALID,25.407278590077464,81.86740471097545,1903.114834260744
280.79999999999535,VALID,25.407354525196883,81.86720244983995,1903.7787708181609
280.8999999999954,VALID,25.407430460039393,81.86700018844972,1906.3724348736755
280.9999999999954,VALID,25.407506394604994,81.86679792680475,1908.2869030398492
281.0999999999954,VALID,25.407582328893685,81.86659566490503,1909.4005929620566
281.19999999999544,VALID,25.407658262905464,81.86639340275057,1907.4472015207891
281.29999999999546,VALID,25.40773419664033,81.86619114034137,1907.9972730340753
281.3999999999955,VALID,25.40781013009828,81.86598887767742,1906.5776694440171
281.4999999999955,VALID,25.407886063279314,81.86578661475873,1906.8093095970182
281.59999999999553,VALID,25.407961996183428,81.8655843515853,1905.7052855134966
281.69999999999555,VALID,25.40803792881062,81.86538208815712,1900.9508177548043
281.7999999999956,VALID,25.408113861160896,81.8651798244742,1901.9974313798666
281.8999999999956,VALID,25.408189793234246,81.86497756053653,1900.095166440812
281.9999999999956,VALID,25.408265725030674,81.86477529634412,1903.8789608507866
282.09999999999565,VALID,25.408341656550174,81.86457303189697,1909.723152507294
282.19999999999567,VALID,25.408417587792748,81.86437076719507,1903.9938350786524
282.2999999999957,VALID,25.40849351875839,81.86416850223843,1909.2791036695614
282.3999999999957,VALID,25.408569449447103,81.86396623702704,1906.0327028390457
282.49999999999574,VALID,25.408645379858886,81.8637639715609,1908.7053154012508
282.59999999999576,VALID,25.408721309993734,81.86356170584001,1908.3427677551233
282.6999999999958,VALID,25.408797239851644,81.86335943986438,1897.3036340548988
282.7999999999958,VALID,25.40887316943262,81.86315717363401,1902.5937728077738
282.8999999999958,VALID,25.408949098736656,81.86295490714888,1906.0991870110306
282.99999999999585,VALID,25.409025027763754,81.862752640409,1903.313247935171
283.0999999999959,VALID,25.40910095651391,81.86255037341436,1908.7275691201548
283.1999999999959,VALID,25.409176884987122,81.86234810616499,1904.0905274684687
283.2999999999959,VALID,25.40925281318339,81.86214583866087,1903.0337643265325
283.39999999999594,VALID,25.409328741102712,81.86194357090199,1905.9331777506102
283.49999999999596,VALID,25.409404668745086,81.86174130288836,1906.616695192289
283.599999999996,VALID,25.409480596110512,81.86153903461998,1903.4496747280689
283.699999999996,VALID,25.409556523198987,81.86133676609685,1904.4598015713916
283.79999999999603,VALID,25.40963245001051,81.86113449731897,1903.2385327337424
283.89999999999606,VALID,25.409708376545076,81.86093222828634,1903.665818197423
283.9999999999961,VALID,25.409784302802688,81.86072995899896,1902.9079140839426
284.0999999999961,VALID,25.409860228783344,81.86052768945682,1904.8696730925826
284.1999999999961,VALID,25.409936154487042,81.86032541965993,1900.3213439234105
284.29999999999615,VALID,25.41001207991378,81.86012314960828,1905.268885955017
284.39999999999617,VALID,25.410088005063557,81.85992087930188,1905.0879342613196
284.4999999999962,VALID,25.41016392993637,81.85971860874072,1896.758650933997
284.5999999999962,VALID,25.410239854532218,81.85951633792482,1893.2203888914937
284.69999999999624,VALID,25.4103157788511,81.85931406685415,1895.090016099592
284.79999999999626,VALID,25.410391702893016,81.85911179552873,1894.6790033300563
284.8999999999963,VALID,25.41046762665796,81.85890952394855,1899.4494933599237
284.9999999999963,VALID,25.410543550145935,81.85870725211362,1901.2438685314341
285.0999999999963,VALID,25.410619473356938,81.85850498002392,1900.058633620073
285.19999999999635,VALID,25.410695396290965,81.85830270767947,1906.129210944877
285.2999999999964,VALID,25.41077131894802,81.85810043508026,1901.7794274753035
285.3999999999964,VALID,25.410847241328096,81.85789816222629,1905.675603891737
285.4999999999964,VALID,25.410923163431193,81.85769588911757,1905.302433207207
285.59999999999644,VALID,25.41099908525731,81.85749361575408,1903.02911242208
285.69999999999646,VALID,25.411075006806445,81.85729134213584,1901.0534086273487
285.7999999999965,VALID,25.411150928078598,81.85708906826284,1903.9444820596489
285.8999999999965,VALID,25.411226849073767,81.85688679413508,1903.8114761716165
285.99999999999653,VALID,25.41130276979195,81.85668451975256,1906.1720223594223
286.09999999999656,VALID,25.411378690233143,81.85648224511529,1905.8653239404316
286.1999999999966,VALID,25.411454610397346,81.85627997022326,1908.6554070876934
286.2999999999966,VALID,25.41153053028456,81.85607769507645,1905.625831732404
286.3999999999966,VALID,25.411606449894776,81.85587541967489,1905.1751535674969
286.49999999999665,VALID,25.411682369228004,81.85567314401857,1907.343802149204
286.59999999999667,VALID,25.411758288284233,81.85547086810749,1909.1456956689926
286.6999999999967,VALID,25.411834207063464,81.85526859194164,1911.625318561312
286.7999999999967,VALID,25.411910125565697,81.85506631552103,1909.0333423435138
286.89999999999674,VALID,25.41198604379093,81.85486403884565,1905.8838687137222
286.99999999999676,VALID,25.41206196173916,81.85466176191551,1908.4737898582187
287.0999999999968,VALID,25.412137879410388,81.85445948473061,1903.2844704003633
287.1999999999968,VALID,25.41221379680461,81.85425720729094,1904.5186934407138
287.2999999999968,VALID,25.412289713921826,81.85405492959651,1900.4568038824686
287.39999999999685,VALID,25.412365630762032,81.85385265164732,1901.5967468602325
287.4999999999969,VALID,25.41244154732523,81.85365037344334,1906.2709008403524
287.5999999999969,VALID,25.412517463611415,81.85344809498461,1907.065859314625
287.6999999999969,VALID,25.41259337962059,81.85324581627111,1909.5734669883327
287.79999999999694,VALID,25.412669295352746,81.85304353730285,1912.3720081869612
287.89999999999696,VALID,25.412745210807888,81.85284125807982,1910.6095961896376
287.999999999997,VALID,25.412821125986014,81.85263897860202,1911.4236801372758
288.099999999997,VALID,25.41289704088712,81.85243669886945,1915.1277458811983
288.19999999999703,VALID,25.412972955511204,81.85223441888212,1913.6987602470415
288.29999999999706,VALID,25.413048869858265,81.85203213864001,1916.7889529161064
288.3999999999971,VALID,25.413124783928303,81.85182985814313,1913.879789500247
288.4999999999971,VALID,25.413200697721315,81.85162757739148,1914.2522777816532
288.5999999999971,VALID,25.4132766112373,81.85142529638507,1912.7989563461176
288.69999999999715,VALID,25.413352524476256,81.85122301512389,1910.5652024831704
288.79999999999717,VALID,25.41342843743818,81.85102073360794,1909.6696432508018
288.8999999999972,VALID,25.413504350123077,81.85081845183721,1910.2992950625949
288.9999999999972,VALID,25.41358026253094,81.85061616981172,1910.2447001276869
289.09999999999724,VALID,25.413656174661764,81.85041388753145,1908.4373007875192
289.19999999999726,VALID,25.41373208651555,81.8502116049964,1908.145848873786
289.2999999999973,VALID,25.413807998092302,81.85000932220659,1913.3624146216798
289.3999999999973,VALID,25.413883909392013,81.849807039162,1911.88751491679
289.4999999999973,VALID,25.413959820414682,81.84960475586264,1915.5498739546001
289.59999999999735,VALID,25.414035731160308,81.8494024723085,1911.807173423332
289.6999999999974,VALID,25.41411164162889,81.84920018849958,1915.021651154829
289.7999999999974,VALID,25.414187551820426,81.84899790443589,1911.6409964157597
289.8999999999974,VALID,25.41426346173491,81.84879562011743,1912.7874498327685
289.99999999999744,VALID,25.41433937137235,81.8485933355442,1905.903995936766
290.09999999999746,VALID,25.414415280732737,81.84839105071617,1909.6938811651767
290.1999999999975,VALID,25.414491189816072,81.84818876563338,1903.1624139369019
290.2999999999975,VALID,25.414567098622353,81.84798648029582,1907.0088531626182
290.39999999999753,VALID,25.41464300715158,81.84778419470346,1911.5708370538835
290.49999999999756,VALID,25.414718915403746,81.84758190885634,1911.5916814875256
290.5999999999976,VALID,25.414794823378855,81.84737962275445,1911.7571219218366
290.6999999999976,VALID,25.414870731076903,81.84717733639776,1911.7395610954834
290.7999999999976,VALID,25.414946638497888,81.84697504978631,1907.4835985230256
290.89999999999765,VALID,25.41502254564181,81.84677276292007,1904.9107467943247
290.99999999999767,VALID,25.41509845250867,81.84657047579906,1907.3660697762168
291.0999999999977,VALID,25.415174359098458,81.84636818842326,1906.8444118402865
291.1999999999977,VALID,25.415250265411178,81.84616590079267,1906.4566938828507
291.29999999999774,VALID,25.41532617144683,81.84596361290731,1907.5598352154268
291.39999999999776,VALID,25.415402077205407,81.84576132476717,1901.4577419980997
291.4999999999978,VALID,25.415477982686912,81.84555903637224,1901.6851258530812
291.5999999999978,VALID,25.415553887891345,81.84535674772253,1907.2821430831207
291.69999999999783,VALID,25.4156297928187,81.84515445881804,1906.854580416793
291.79999999999785,VALID,25.415705697468976,81.84495216965877,1905.9581780193535
291.8999999999979,VALID,25.415781601842173,81.84474988024472,1905.475383691776
291.9999999999979,VALID,25.415857505938288,81.84454759057589,1903.784992607033
292.0999999999979,VALID,25.415933409757322,81.84434530065226,1905.9973048508873
292.19999999999794,VALID,25.41600931329927,81.84414301047386,1906.4326915381546
292.29999999999797,VALID,25.41608521656413,81.84394072004066,1907.497182715866
292.399999999998,VALID,25.416161119551905,81.84373842935268,1908.7263931980228
292.499999999998,VALID,25.41623702226259,81.84353613840992,1907.832548868963
292.59999999999803,VALID,25.416312924696182,81.84333384721236,1909.1279886968773
292.69999999999806,VALID,25.416388826852685,81.84313155576002,1909.1966791626903
292.7999999999981,VALID,25.416464728732095,81.8429292640529,1907.504861526004
292.8999999999981,VALID,25.416540630334406,81.84272697209099,1910.0428210465282
292.9999999999981,VALID,25.41661653165962,81.84252467987429,1913.7898464455427
293.09999999999815,VALID,25.416692432707737,81.8423223874028,1910.6669614642185
293.19999999999817,VALID,25.416768333478753,81.84212009467653,1917.1328056846664
293.2999999999982,VALID,25.416844233972665,81.84191780169547,1912.665911756164
293.3999999999982,VALID,25.41692013418947,81.84171550845961,1914.923456621634
293.49999999999824,VALID,25.416996034129173,81.84151321496897,1914.1353589725923
293.59999999999826,VALID,25.417071933791767,81.84131092122354,1913.5930344390733
293.6999999999983,VALID,25.417147833177253,81.84110862722332,1913.3837616980647
293.7999999999983,VALID,25.41722373228563,81.8409063329683,1914.692253378234
293.89999999999833,VALID,25.417299631116897,81.8407040384585,1917.8516276361956
293.99999999999835,VALID,25.417375529671048,81.84050174369389,1915.2415597253505
294.0999999999984,VALID,25.417451427948084,81.8402994486745,1918.3558443900451
294.1999999999984,VALID,25.417527325948004,81.84009715340032,1923.1516724584683
294.2999999999984,VALID,25.417603223670806,81.83989485787134,1917.80809433595
294.39999999999844,VALID,25.417679121116485,81.83969256208758,1927.1916309300893
294.49999999999847,VALID,25.417755018285042,81.83949026604901,1925.0841391241165
294.5999999999985,VALID,25.417830915176477,81.83928796975566,1928.689640441187
294.6999999999985,VALID,25.417906811790786,81.8390856732075,1930.1485734719527
294.79999999999853,VALID,25.41798270812797,81.83888337640455,1926.5688038780702
294.89999999999856,VALID,25.418058604188023,81.83868107934681,1929.6537947459872
294.9999999999986,VALID,25.418134499970947,81.83847878203427,1927.8049411340107
295.0999999999986,VALID,25.41821039547674,81.83827648446693,1927.0008957756602
295.1999999999986,VALID,25.418286290705403,81.8380741866448,1927.8597459901662
295.29999999999865,VALID,25.418362185656928,81.83787188856788,1928.4645424659209
295.39999999999867,VALID,25.418438080331317,81.83766959023615,1926.071695840445
295.4999999999987,VALID,25.41851397472857,81.83746729164962,1929.4835604104196
295.5999999999987,VALID,25.41858986884868,81.83726499280829,1932.3142174433954
295.69999999999874,VALID,25.41866576269165,81.83706269371216,1926.5747712006578
295.79999999999876,VALID,25.418741656257478,81.83686039436122,1929.3262523200656
295.8999999999988,VALID,25.41881754954616,81.8366580947555,1926.510620128595
295.9999999999988,VALID,25.418893442557696,81.83645579489499,1927.117883787856
296.09999999999883,VALID,25.418969335292083,81.83625349477967,1926.752317635495
296.19999999999885,VALID,25.419045227749322,81.83605119440955,1927.8437604642675
296.2999999999989,VALID,25.41912111992941,81.83584889378461,1926.4715282724692
296.3999999999989,VALID,25.419197011832345,81.83564659290488,1927.0639056239795
296.4999999999989,VALID,25.419272903458126,81.83544429177034,1926.3022629151433
296.59999999999894,VALID,25.419348794806748,81.83524199038101,1928.944838052588
296.69999999999897,VALID,25.419424685878212,81.83503968873687,1924.694800494933
296.799999999999,VALID,25.41950057667252,81.83483738683793,1927.8156462452005
296.899999999999,VALID,25.419576467189664,81.83463508468418,1928.5409328260826
296.99999999999903,VALID,25.419652357429648,81.83443278227563,1926.7782736691886
297.09999999999906,VALID,25.419728247392467,81.83423047961227,1928.2107884639431
297.1999999999991,VALID,25.419804137078117,81.83402817669412,1929.615800421044
297.2999999999991,VALID,25.419880026486602,81.83382587352115,1928.3381431200762
297.3999999999991,VALID,25.419955915617916,81.83362357009338,1927.3627810194296
297.49999999999915,VALID,25.42003180447206,81.8334212664108,1925.679135965381
297.59999999999917,VALID,25.42010769304903,81.83321896247341,1928.11391390951
297.6999999999992,VALID,25.420183581348827,81.83301665828121,1915.2418257288114
297.7999999999992,VALID,25.420259469371448,81.83281435383421,1915.9761710956827
297.89999999999924,VALID,25.42033535711689,81.8326120491324,1912.9029714799346
297.99999999999926,VALID,25.420411244585154,81.83240974417578,1913.3948065985196
298.0999999999993,VALID,25.420487131776234,81.83220743896435,1913.2806386476736
298.1999999999993,VALID,25.42056301869013,81.83200513349811,1908.1288688109817
298.29999999999933,VALID,25.420638905326847,81.83180282777707,1908.4587544645556
298.39999999999935,VALID,25.420714791686375,81.8316005218012,1904.2708961332364
298.4999999999994,VALID,25.420790677768718,81.83139821557054,1905.5944249205734
298.5999999999994,VALID,25.42086656357387,81.83119590908507,1906.9602183543893
298.6999999999994,VALID,25.42094244910183,81.83099360234478,1908.9485413354944
298.79999999999944,VALID,25.4210183343526,81.83079129534967,1906.985129015697
298.89999999999947,VALID,25.42109421932617,81.83058898809975,1905.9739099072303
298.9999999999995,VALID,25.421170104022547,81.83038668059501,1905.4906549284692
299.0999999999995,VALID,25.421245988441726,81.83018437283548,1902.6544637264014
299.19999999999953,VALID,25.421321872583704,81.82998206482112,1907.2695068788641
299.29999999999956,VALID,25.42139775644848,81.82977975655196,1906.238749445488
299.3999999999996,VALID,25.42147364003606,81.82957744802798,1907.8418244363902
299.4999999999996,VALID,25.42154952334643,81.82937513924918,1910.0654788900636
299.5999999999996,VALID,25.421625406379597,81.82917283021557,1908.8319559047968
299.69999999999965,VALID,25.421701289135555,81.82897052092713,1905.8177065363066
299.79999999999967,VALID,25.421777171614302,81.82876821138387,1911.3542383571885
299.8999999999997,VALID,25.421853053815838,81.8285659015858,1902.8513494501478
299.9999999999997,VALID,25.421928935740162,81.82836359153292,1902.5047339306768
300.09999999999974,VALID,25.422004817387272,81.82816128122522,1899.3980769247914
300.19999999999976,VALID,25.422080698757163,81.82795897066269,1898.6885482937776
300.2999999999998,VALID,25.422156579849837,81.82775665984535,1900.835028809118
300.3999999999998,VALID,25.422232460665292,81.82755434877319,1903.7323355123046
300.49999999999983,VALID,25.422308341203525,81.82735203744622,1904.8596861123362
300.59999999999985,VALID,25.422384221464537,81.82714972586442,1906.33881745233
300.6999999999999,VALID,25.422460101448323,81.8269474140278,1906.1044394906182
300.7999999999999,VALID,25.42253598115488,81.82674510193635,1906.9452640002476
300.8999999999999,VALID,25.42261186058421,81.82654278959009,1902.8140671996805
300.99999999999994,VALID,25.42268773973631,81.826340476989,1903.6796099333014
301.09999999999997,VALID,25.42276361861118,81.8261381641331,1910.887123541509
301.2,VALID,25.422839497208816,81.82593585102236,1907.8520915925264
301.3,VALID,25.422915375529218,81.82573353765682,1908.4229147697674
301.40000000000003,VALID,25.42299125357238,81.82553122403644,1907.2046553860919
301.50000000000006,VALID,25.423067131338307,81.82532891016123,1904.9219374035044
301.6000000000001,VALID,25.423143008826994,81.82512659603121,1906.7771249492696
301.7000000000001,VALID,25.423218886038438,81.82492428164636,1909.3895627976822
301.8000000000001,VALID,25.42329476297264,81.82472196700668,1902.0368229520955
301.90000000000015,VALID,25.423370639629592,81.82451965211217,1897.778754558903
302.00000000000017,VALID,25.4234465160093,81.82431733696285,1900.2772894626783
302.1000000000002,VALID,25.42352239211176,81.8241150215587,1900.9465475743355
302.2000000000002,VALID,25.423598267936967,81.82391270589972,1902.3635880530087
302.30000000000024,VALID,25.423674143484924,81.8237103899859,1903.7797244871529
302.40000000000026,VALID,25.423750018755626,81.82350807381727,1903.267767070086
302.5000000000003,VALID,25.423825893749072,81.8233057573938,1900.2923586952516
302.6000000000003,VALID,25.42390176846526,81.8231034407155,1902.708176689459
302.70000000000033,VALID,25.42397764290419,81.82290112378237,1898.4536214494738
302.80000000000035,VALID,25.42405351706586,81.82269880659442,1901.7522178683887
302.9000000000004,VALID,25.424129390950267,81.82249648915163,1898.6675401361117
303.0000000000004,VALID,25.42420526455741,81.82229417145402,1901.0277660492243
303.1000000000004,VALID,25.424281137887288,81.82209185350158,1898.4072215452293
303.20000000000044,VALID,25.424357010939897,81.82188953529429,1903.0106424779767
303.30000000000047,VALID,25.424432883715237,81.82168721683217,1903.6054945106807
303.4000000000005,VALID,25.424508756213307,81.82148489811523,1902.3834490624556
303.5000000000005,VALID,25.4245846284341,81.82128257914346,1902.3714258633845
303.60000000000053,VALID,25.424660500377623,81.82108025991684,1897.3742468995158
303.70000000000056,VALID,25.424736372043867,81.8208779404354,1901.5485438386784
303.8000000000006,VALID,25.424812243432832,81.8206756206991,1901.7838354919754
303.9000000000006,VALID,25.42488811454452,81.82047330070799,1908.1836017865683
304.0000000000006,VALID,25.424963985378923,81.82027098046204,1904.6064024738348
304.10000000000065,VALID,25.425039855936046,81.82006865996125,1904.8116062703734
304.20000000000067,VALID,25.425115726215882,81.81986633920563,1904.5733033416734
304.3000000000007,VALID,25.425191596218433,81.81966401819517,1906.6339291276183
304.4000000000007,VALID,25.425267465943694,81.81946169692986,1905.1040311567851
304.50000000000074,VALID,25.425343335391666,81.81925937540973,1902.5443500467436
304.60000000000076,VALID,25.425419204562345,81.81905705363475,1908.3695570110178
304.7000000000008,VALID,25.425495073455732,81.81885473160493,1903.8537215577542
304.8000000000008,VALID,25.425570942071822,81.81865240932028,1905.078195406648
304.90000000000083,VALID,25.425646810410615,81.81845008678079,1906.1726742085912
305.00000000000085,VALID,25.42572267847211,81.81824776398645,1905.1991103261616
305.1000000000009,VALID,25.425798546256303,81.81804544093727,1906.3646928679018
305.2000000000009,VALID,25.425874413763193,81.81784311763325,1909.163070268788
305.3000000000009,VALID,25.425950280992776,81.81764079407439,1905.0920567378919
305.40000000000094,VALID,25.426026147945056,81.8174384702607,1906.0411652739692
305.50000000000097,VALID,25.426102014620025,81.81723614619216,1906.9508011468713
305.600000000001,VALID,25.426177881017686,81.81703382186878,1906.8121808588512
305.700000000001,VALID,25.426253747138038,81.81683149729055,1909.1517339913626
305.80000000000103,VALID,25.426329612981075,81.81662917245748,1903.670770199637
305.90000000000106,VALID,25.426405478546798,81.81642684736957,1908.1560572002413
306.0000000000011,VALID,25.426481343835203,81.8162245220268,1903.7793316370676
306.1000000000011,VALID,25.42655720884629,81.81602219642919,1901.4405188788148
306.2000000000011,VALID,25.426633073580057,81.81581987057673,1906.3414666079445
306.30000000000115,VALID,25.4267089380365,81.81561754446943,1908.3034466761794
306.40000000000117,VALID,25.42678480221562,81.81541521810729,1905.8928311165969
306.5000000000012,VALID,25.426860666117417,81.81521289149029,1902.5550704412751
306.6000000000012,VALID,25.426936529741884,81.81501056461845,1904.3544982571543
306.70000000000124,VALID,25.427012393089022,81.81480823749176,1902.8129024305997
306.80000000000126,VALID,25.42708825615883,81.81460591011022,1906.788490782427
306.9000000000013,VALID,25.427164118951303,81.81440358247383,1908.8591383371645
307.0000000000013,VALID,25.427239981466442,81.81420125458258,1905.7688706452752
307.10000000000133,VALID,25.427315843704243,81.8139989264365,1905.5279038278966
307.20000000000135,VALID,25.427391705664707,81.81379659803555,1902.7722670086348
307.3000000000014,VALID,25.42746756734783,81.81359426937976,1905.3359165994812
307.4000000000014,VALID,25.427543428753612,81.81339194046912,1901.9919060645934
307.5000000000014,VALID,25.42761928988205,81.81318961130361,1904.21931515437
307.60000000000144,VALID,25.427695150733143,81.81298728188327,1905.7316594106655
307.70000000000147,VALID,25.427771011306888,81.81278495220806,1901.3844259057091
307.8000000000015,VALID,25.427846871603283,81.812582622278,1903.9320444307539
307.9000000000015,VALID,25.427922731622328,81.81238029209308,1905.627379914213
308.00000000000153,VALID,25.42799859136402,81.81217796165332,1907.4340900358538
308.10000000000156,VALID,25.42807445082836,81.8119756309587,1905.1342552853337
308.2000000000016,VALID,25.42815031001534,81.81177330000922,1909.032159187835
308.3000000000016,VALID,25.428226168924965,81.81157096880489,1904.0334204505616
308.4000000000016,VALID,25.42830202755723,81.8113686373457,1906.4876630705278
308.50000000000165,VALID,25.42837788591213,81.81116630563164,1906.704286301659
308.60000000000167,VALID,25.428453743989667,81.81096397366274,1907.5647002705732
308.7000000000017,VALID,25.42852960178984,81.81076164143897,1901.3875870820823
308.8000000000017,VALID,25.428605459312646,81.81055930896035,1901.9316540180814
308.90000000000174,VALID,25.428681316558084,81.81035697622687,1904.6042117540865
309.00000000000176,VALID,25.42875717352615,81.81015464323853,1903.5796015444532
309.1000000000018,VALID,25.428833030216843,81.80995230999532,1901.338098331129
309.2000000000018,VALID,25.42890888663016,81.80974997649726,1904.0162828692723
309.30000000000183,VALID,25.428984742766104,81.80954764274433,1901.7934380677996
309.40000000000185,VALID,25.42906059862467,81.80934530873655,1899.5743981507612
309.5000000000019,VALID,25.429136454205853,81.8091429744739,1903.2759211193747
309.6000000000019,VALID,25.429212309509655,81.80894063995639,1906.2858894080423
309.7000000000019,VALID,25.42928816453607,81.80873830518401,1904.6772451791726
309.80000000000194,VALID,25.429364019285103,81.80853597015677,1906.6512649376248
309.90000000000197,VALID,25.42943987375675,81.80833363487466,1908.8176294842203
310.000000000002,VALID,25.429515727951006,81.80813129933769,1909.3571458794754
310.100000000002,VALID,25.42959158186787,81.80792896354585,1907.5306218535402
310.20000000000203,VALID,25.429667435507344,81.80772662749915,1908.310364213859
310.30000000000206,VALID,25.42974328886942,81.80752429119758,1912.1825105489625
310.4000000000021,VALID,25.429819141954102,81.80732195464114,1903.5451890416607
310.5000000000021,VALID,25.429894994761383,81.80711961782984,1901.8451286573666
310.6000000000021,VALID,25.429970847291266,81.80691728076367,1907.9311538404536
310.70000000000215,VALID,25.430046699543745,81.80671494344263,1915.333139579324
310.80000000000217,VALID,25.43012255151882,81.80651260586671,1907.5561081604235
310.9000000000022,VALID,25.43019840321649,81.80631026803594,1913.294826460562
311.0000000000022,VALID,25.43027425463675,81.8061079299503,1914.5405903993526
311.10000000000224,VALID,25.4303501057796,81.80590559160979,1912.5085712551358
311.20000000000226,VALID,25.43042595664504,81.8057032530144,1912.4539631712837
311.3000000000023,VALID,25.430501807233064,81.80550091416414,1911.44565958874
311.4000000000023,VALID,25.430577657543672,81.80529857505901,1907.631324295257
311.50000000000233,VALID,25.430653507576864,81.80509623569901,1907.5312132637448
311.60000000000235,VALID,25.430729357332638,81.80489389608414,1908.3467772409895
311.7000000000024,VALID,25.43080520681099,81.80469155621438,1907.0130814855531
311.8000000000024,VALID,25.43088105601192,81.80448921608975,1912.0023188510904
311.9000000000024,VALID,25.430956904935424,81.80428687571025,1913.297879415569
312.00000000000244,VALID,25.4310327535815,81.80408453507587,1909.645684379009
312.10000000000247,VALID,25.43110860195015,81.80388219418661,1909.6915700269208
312.2000000000025,VALID,25.431184450041368,81.80367985304248,1910.397870908594
312.3000000000025,VALID,25.431260297855154,81.80347751164348,1910.6620370367175
312.40000000000254,VALID,25.431336145391505,81.80327516998959,1906.2114755991558
312.50000000000256,VALID,25.43141199265042,81.80307282808083,1904.3858656281736
312.6000000000026,VALID,25.4314878396319,81.80287048591718,1907.0021109256259
312.7000000000026,VALID,25.431563686335934,81.80266814349866,1910.5809309779524
312.8000000000026,VALID,25.43163953276253,81.80246580082526,1907.1392231060374
312.90000000000265,VALID,25.431715378911683,81.80226345789698,1909.4995474987393
313.0000000000027,VALID,25.43179122478339,81.80206111471382,1907.249918270615
313.1000000000027,VALID,25.431867070377645,81.80185877127577,1907.6674836593015
313.2000000000027,VALID,25.431942915694453,81.80165642758286,1910.9147965429138
313.30000000000274,VALID,25.43201876073381,81.80145408363505,1901.6063447697377
313.40000000000276,VALID,25.432094605495713,81.80125173943236,1905.402229313517
313.5000000000028,VALID,25.432170449980163,81.80104939497478,1910.4459891744027
313.6000000000028,VALID,25.432246294187152,81.80084705026232,1906.207240416091
313.70000000000283,VALID,25.43232213811668,81.80064470529497,1908.6242768479467
313.80000000000285,VALID,25.43239798176875,81.80044236007275,1907.0728806210805
313.9000000000029,VALID,25.432473825143358,81.80024001459564,1906.6482841218092
314.0000000000029,VALID,25.4325496682405,81.80003766886364,1904.9972052130215
314.1000000000029,VALID,25.432625511060174,81.79983532287675,1904.5888845409795
314.20000000000294,VALID,25.43270135360238,81.79963297663497,1907.9145284023182
314.30000000000297,VALID,25.432777195867114,81.7994306301383,1900.9775017603383
314.400000000003,VALID,25.432853037854375,81.79922828338675,1904.3594564736325
314.500000000003,VALID,25.432928879564162,81.79902593638032,1900.1027088564265
314.60000000000304,VALID,25.433004720996472,81.79882358911898,1901.514375001423
314.70000000000306,VALID,25.433080562151304,81.79862124160276,1900.466713177885
314.8000000000031,VALID,25.433156403028654,81.79841889383165,1904.0035943855173
314.9000000000031,VALID,25.43323224362852,81.79821654580564,1901.6453469185178
315.0000000000031,VALID,25.4333080839509,81.79801419752475,1903.1127942067403
315.10000000000315,VALID,25.433383923995798,81.79781184898897,1905.8849733114835
315.2000000000032,VALID,25.433459763763206,81.79760950019829,1897.6674077606579
315.3000000000032,VALID,25.433535603253123,81.79740715115273,1901.5663658307637
315.4000000000032,VALID,25.433611442465548,81.79720480185226,1900.981505037434
315.50000000000324,VALID,25.433687281400477,81.7970024522969,1901.5604062942236
315.60000000000326,VALID,25.43376312005791,81.79680010248664,1900.2868593746687
315.7000000000033,VALID,25.433838958437846,81.79659775242149,1899.8201164832858
315.8000000000033,VALID,25.43391479654028,81.79639540210144,1900.1053726698813
315.90000000000333,VALID,25.43399063436521,81.79619305152649,1902.743143763735
316.00000000000335,VALID,25.434066471912637,81.79599070069665,1902.310554053316
316.1000000000034,VALID,25.434142309182555,81.79578834961191,1900.5578041345918
316.2000000000034,VALID,25.434218146174967,81.79558599827227,1902.6977399824468
316.3000000000034,VALID,25.434293982889866,81.79538364667773,1903.9578829739337
316.40000000000344,VALID,25.434369819327255,81.7951812948283,1904.077677269265
316.50000000000347,VALID,25.434445655487128,81.79497894272396,1904.9359037093554
316.6000000000035,VALID,25.434521491369484,81.79477659036472,1906.0882824211096
316.7000000000035,VALID,25.434597326974323,81.79457423775058,1897.794133830767
316.80000000000354,VALID,25.434673162301642,81.79437188488153,1897.0877701643217
316.90000000000356,VALID,25.434748997351438,81.79416953175757,1904.9351580225707
317.0000000000036,VALID,25.43482483212371,81.79396717837872,1902.0088079543807
317.1000000000036,VALID,25.434900666618454,81.79376482474497,1900.6323187696285
317.2000000000036,VALID,25.434976500835667,81.7935624708563,1902.3744032792486
317.30000000000365,VALID,25.43505233477535,81.79336011671273,1903.086271666737
317.4000000000037,VALID,25.4351281684375,81.79315776231427,1901.9957802404072
317.5000000000037,VALID,25.435204001822118,81.79295540766088,1900.4630546270018
317.6000000000037,VALID,25.435279834929197,81.7927530527526,1900.9072335056092
317.70000000000374,VALID,25.43535566775874,81.7925506975894,1900.7687430030874
317.80000000000376,VALID,25.435431500310738,81.79234834217131,1902.4438711747835
317.9000000000038,VALID,25.435507332585193,81.7921459864983,1898.699729351614
318.0000000000038,VALID,25.435583164582102,81.79194363057037,1900.5518112503155
318.10000000000383,VALID,25.435658996301466,81.79174127438755,1903.0490048021184
318.20000000000385,VALID,25.43573482774328,81.79153891794981,1902.5049367955369
318.3000000000039,VALID,25.435810658907542,81.79133656125715,1906.6321238068429
318.4000000000039,VALID,25.43588648979425,81.79113420430959,1903.5140282456086
318.5000000000039,VALID,25.4359623204034,81.7909318471071,1902.0278064510312
318.60000000000394,VALID,25.436038150734998,81.7907294896497,1905.4083710672014
318.70000000000397,VALID,25.436113980789035,81.7905271319374,1901.8540466655002
318.800000000004,VALID,25.43618981056551,81.79032477397017,1901.0423599502597
318.900000000004,VALID,25.43626564006442,81.79012241574803,1900.0470528197086
319.00000000000404,VALID,25.436341469285765,81.78992005727098,1903.6573141798906
319.10000000000406,VALID,25.43641729822954,81.78971769853901,1902.4415785899673
319.2000000000041,VALID,25.436493126895744,81.78951533955212,1901.7082755589413
319.3000000000041,VALID,25.43656895528438,81.78931298031033,1902.7573715849205
319.4000000000041,VALID,25.436644783395437,81.7891106208136,1903.2334813374462
319.50000000000415,VALID,25.436720611228917,81.78890826106196,1902.1986537428024
319.6000000000042,VALID,25.43679643878482,81.78870590105541,1897.953496063488
319.7000000000042,VALID,25.436872266063144,81.78850354079393,1896.2159898125888
319.8000000000042,VALID,25.436948093063883,81.78830118027753,1901.2387922775638
319.90000000000424,VALID,25.437023919787038,81.7880988195062,1901.1637939826815
320.00000000000426,VALID,25.437099746232605,81.78789645847996,1903.8039998290567
320.1000000000043,VALID,25.437175572400584,81.7876940971988,1901.4857484370248
320.2000000000043,VALID,25.43725139829097,81.7874917356627,1903.0941356572866
320.30000000000433,VALID,25.437327223903765,81.78728937387169,1904.4576017316192
320.40000000000435,VALID,25.437403049238963,81.78708701182575,1900.3990345844495
320.5000000000044,VALID,25.437478874296563,81.78688464952488,1899.90712411199
320.6000000000044,VALID,25.437554699076564,81.78668228696908,1901.9932010301152
320.7000000000044,VALID,25.43763052357896,81.78647992415837,1901.7738751787174
320.80000000000445,VALID,25.437706347803754,81.78627756109273,1899.6027398808058
320.90000000000447,VALID,25.43778217175094,81.78607519777216,1897.921153065033
321.0000000000045,VALID,25.43785799542052,81.78587283419667,1899.7611909451489
321.1000000000045,VALID,25.437933818812485,81.78567047036624,1897.1476354058461
321.20000000000454,VALID,25.43800964192684,81.78546810628089,1899.9311338792393
321.30000000000456,VALID,25.438085464763578,81.78526574194059,1900.9719201915918
321.4000000000046,VALID,25.4381612873227,81.78506337734537,1899.9229691528985
321.5000000000046,VALID,25.438237109604202,81.78486101249521,1902.9068832086805
321.6000000000046,VALID,25.43831293160808,81.78465864739013,1896.4068422755195
321.70000000000465,VALID,25.438388753334337,81.7844562820301,1897.3850629922476
321.8000000000047,VALID,25.438464574782966,81.78425391641515,1904.6604973776841
321.9000000000047,VALID,25.438540395953968,81.78405155054527,1898.5712883024225
322.0000000000047,VALID,25.438616216847336,81.78384918442045,1902.5963664712554
322.10000000000474,VALID,25.438692037463074,81.78364681804068,1901.2412806790987
322.20000000000476,VALID,25.438767857801174,81.78344445140598,1902.2902930264047
322.3000000000048,VALID,25.438843677861637,81.78324208451635,1900.5064026496104
322.4000000000048,VALID,25.438919497644463,81.78303971737178,1902.8134738038596
322.50000000000483,VALID,25.438995317149647,81.78283734997227,1900.9284859464672
322.60000000000485,VALID,25.439071136377187,81.78263498231782,1900.462039817862
322.7000000000049,VALID,25.43914695532708,81.78243261440842,1899.0419444487545
322.8000000000049,VALID,25.439222773999322,81.78223024624408,1901.2642041393815
322.9000000000049,VALID,25.439298592393914,81.78202787782482,1895.137685769628
323.00000000000495,VALID,25.439374410510855,81.78182550915061,1896.8229272999827
323.10000000000497,VALID,25.43945022835014,81.78162314022146,1902.704686636769
323.200000000005,VALID,25.439526045911766,81.78142077103735,1899.9377826946763
323.300000000005,VALID,25.439601863195733,81.7812184015983,1902.1766661061315
323.40000000000504,VALID,25.43967768020204,81.7810160319043,1900.2809310584946
323.50000000000506,VALID,25.439753496930678,81.78081366195536,1902.4814764994449
323.6000000000051,VALID,25.43982931338165,81.78061129175148,1900.8357677315767
323.7000000000051,VALID,25.439905129554955,81.78040892129265,1901.2821435216192
323.8000000000051,VALID,25.43998094545059,81.78020655057887,1900.6570657023117
323.90000000000515,VALID,25.440056761068547,81.78000417961015,1901.5258740456588
324.0000000000052,VALID,25.440132576408832,81.77980180838647,1896.8990004225604
324.1000000000052,VALID,25.440208391471437,81.77959943690784,1902.2757377456203
324.2000000000052,VALID,25.44028420625636,81.77939706517427,1897.8678263595084
324.30000000000524,VALID,25.440360020763602,81.77919469318573,1902.080691302847
324.40000000000526,VALID,25.44043583499316,81.77899232094225,1902.666581301686
324.5000000000053,VALID,25.440511648945026,81.77878994844382,1903.7788300525651
324.6000000000053,VALID,25.440587462619206,81.77858757569042,1903.824279681887
324.70000000000533,VALID,25.44066327601569,81.77838520268207,1904.4424161258441
324.80000000000535,VALID,25.440739089134482,81.77818282941878,1903.3631837635787
324.9000000000054,VALID,25.440814901975575,81.77798045590053,1903.2657227303778
325.0000000000054,VALID,25.44089071453897,81.77777808212733,1905.760326522908
325.1000000000054,VALID,25.440966526824663,81.77757570809916,1903.3870881718733
325.20000000000545,VALID,25.441042338832652,81.77737333381603,1903.0826817338657
325.30000000000547,VALID,25.441118150562936,81.77717095927794,1900.3725542744517
325.4000000000055,VALID,25.441193962015507,81.77696858448489,1901.2116575185378
325.5000000000055,VALID,25.44126977319037,81.77676620943689,1903.0545947143921
325.60000000000554,VALID,25.441345584087518,81.77656383413392,1898.5377069280414
325.70000000000556,VALID,25.44142139470695,81.77636145857599,1902.2742845685796
325.8000000000056,VALID,25.441497205048663,81.7761590827631,1905.474746152127
325.9000000000056,VALID,25.441573015112656,81.77595670669524,1905.1377210228345
326.0000000000056,VALID,25.441648824898923,81.77575433037242,1908.276809580019
326.10000000000565,VALID,25.441724634407468,81.77555195379463,1902.2693799275717
326.2000000000057,VALID,25.441800443638282,81.77534957696189,1901.1211384780063
326.3000000000057,VALID,25.441876252591367,81.77514719987417,1900.1109417905263
326.4000000000057,VALID,25.44195206126672,81.77494482253148,1902.2005891794163
326.50000000000574,VALID,25.442027869664333,81.77474244493382,1903.2252800015324
326.60000000000576,VALID,25.44210367778421,81.7745400670812,1903.509694826304
326.7000000000058,VALID,25.442179485626347,81.77433768897362,1901.820213215812
326.8000000000058,VALID,25.44225529319074,81.77413531061106,1902.27217520696
326.90000000000583,VALID,25.44233110047739,81.77393293199353,1904.7532857332335
327.00000000000585,VALID,25.44240690748629,81.77373055312103,1903.2781182988583
327.1000000000059,VALID,25.44248271421744,81.77352817399354,1902.2689993422105
327.2000000000059,VALID,25.442558520670836,81.77332579461108,1908.3617761559249
327.3000000000059,VALID,25.442634326846477,81.77312341497365,1903.787118275452
327.40000000000595,VALID,25.44271013274436,81.77292103508125,1904.491631378716
327.50000000000597,VALID,25.442785938364484,81.77271865493387,1906.326560907796
327.600000000006,VALID,25.442861743706843,81.77251627453151,1900.9207550714518
327.700000000006,VALID,25.442937548771436,81.77231389387417,1901.3469778511544
327.80000000000604,VALID,25.44301335355826,81.77211151296186,1903.7805129933072
327.90000000000606,VALID,25.443089158067316,81.77190913179456,1897.062825842772
328.0000000000061,VALID,25.4431649622986,81.77170675037229,1896.8383679972578
328.1000000000061,VALID,25.443240766252107,81.77150436869503,1900.2796711378692
328.2000000000061,VALID,25.443316569927834,81.7713019867628,1902.3014303955008
328.30000000000615,VALID,25.443392373325782,81.77109960457557,1900.1428553404076
328.4000000000062,VALID,25.443468176445947,81.77089722213336,1897.8561447218246
328.5000000000062,VALID,25.443543979288325,81.77069483943616,1895.5955260597775
328.6000000000062,VALID,25.443619781852913,81.77049245648398,1903.7230657529553
328.70000000000624,VALID,25.44369558413971,81.77029007327681,1898.0167093236107
328.80000000000626,VALID,25.443771386148715,81.77008768981466,1900.9980683613705
328.9000000000063,VALID,25.44384718787992,81.76988530609752,1903.5615894503044
329.0000000000063,VALID,25.44392298933333,81.7696829221254,1902.3471505758544
329.10000000000633,VALID,25.443998790508935,81.76948053789827,1904.046293568519
329.20000000000636,VALID,25.444074591406736,81.76927815341617,1903.220882544222
329.3000000000064,VALID,25.44415039202673,81.76907576867907,1905.5090068401266
329.4000000000064,VALID,25.444226192368916,81.76887338368698,1902.0331633050084
329.5000000000064,VALID,25.44430199243329,81.7686709984399,1905.6378395033817
329.60000000000645,VALID,25.444377792219846,81.76846861293782,1901.9868909046745
329.70000000000647,VALID,25.444453591728585,81.76826622718075,1903.6689811585263
329.8000000000065,VALID,25.444529390959506,81.76806384116868,1904.483118837687
329.9000000000065,VALID,25.444605189912604,81.76786145490162,1901.5641701452143
330.00000000000654,VALID,25.444680988587873,81.76765906837956,1905.2141833116827
330.10000000000656,VALID,25.444756786985316,81.7674566816025,1902.595543250741
330.2000000000066,VALID,25.444832585104926,81.76725429457044,1904.1188464626089
330.3000000000066,VALID,25.444908382946704,81.76705190728337,1900.6310833690711
330.4000000000066,VALID,25.444984180510644,81.76684951974131,1902.7517086776206
330.50000000000665,VALID,25.445059977796745,81.76664713194424,1896.5187935096353
330.6000000000067,VALID,25.445135774805003,81.76644474389217,1901.6008327609172
330.7000000000067,VALID,25.445211571535417,81.76624235558509,1900.94812351168
330.8000000000067,VALID,25.445287367987984,81.766039967023,1903.799700955981
330.90000000000674,VALID,25.4453631641627,81.76583757820592,1898.6949383496906
331.00000000000676,VALID,25.445438960059562,81.76563518913382,1895.0357950827079
331.1000000000068,VALID,25.445514755678566,81.76543279980672,1897.475274598326
331.2000000000068,VALID,25.445590551019713,81.7652304102246,1898.6119008172718
331.30000000000683,VALID,25.445666346082998,81.76502802038748,1899.8167445875208
331.40000000000686,VALID,25.44574214086842,81.76482563029535,1901.7949935326628
331.5000000000069,VALID,25.44581793537597,81.76462323994821,1902.775597726996
331.6000000000069,VALID,25.44589372960565,81.76442084934605,1901.9478190177003
331.7000000000069,VALID,25.44596952355746,81.76421845848888,1901.9248185646466
331.80000000000695,VALID,25.44604531723139,81.7640160673767,1900.7970031729242
331.90000000000697,VALID,25.446121110627445,81.7638136760095,1896.5882805475685
332.000000000007,VALID,25.446196903745616,81.76361128438728,1900.7814707945433
332.100000000007,VALID,25.4462726965859,81.76340889251004,1904.9220166376913
332.20000000000704,VALID,25.4463484891483,81.76320650037779,1906.0515412617985
332.30000000000706,VALID,25.446424281432808,81.76300410799051,1901.561511253541
332.4000000000071,VALID,25.446500073439424,81.76280171534822,1903.4900579170185
332.5000000000071,VALID,25.446575865168143,81.7625993224509,1906.4348613256193
332.6000000000071,VALID,25.44665165661896,81.76239692929856,1902.1841021888251
332.70000000000715,VALID,25.446727447791876,81.7621945358912,1902.2519088403744
332.8000000000072,VALID,25.446803238686886,81.7619921422288,1904.7346974512598
332.9000000000072,VALID,25.44687902930399,81.76178974831139,1904.947328460925
333.0000000000072,VALID,25.44695481964318,81.76158735413894,1905.320962307709
333.10000000000724,VALID,25.44703060970446,81.76138495971146,1903.2264549802155
333.20000000000726,VALID,25.44710639948782,81.76118256502896,1902.7595746457332
333.3000000000073,VALID,25.447182188993256,81.76098017009143,1902.4817794636306
333.4000000000073,VALID,25.447257978220772,81.76077777489887,1901.2639352900096
333.50000000000733,VALID,25.44733376717036,81.76057537945128,1903.6024336483486
333.60000000000736,VALID,25.447409555842018,81.76037298374865,1905.2445158574637
333.7000000000074,VALID,25.447485344235744,81.760170587791,1898.3029922278504
333.8000000000074,VALID,25.447561132351534,81.7599681915783,1899.6401162257978
333.9000000000074,VALID,25.447636920189385,81.75976579511057,1895.9237571751253
334.00000000000745,VALID,25.447712707749293,81.7595633983878,1901.8898955499312
334.10000000000747,VALID,25.447788495031258,81.75936100140999,1896.2291592643644
334.2000000000075,VALID,25.447864282035273,81.75915860417713,1900.0824393225857
334.3000000000075,VALID,25.447940068761337,81.75895620668925,1895.6825344649678
334.40000000000754,VALID,25.448015855209448,81.75875380894632,1899.411231833876
334.50000000000756,VALID,25.4480916413796,81.75855141094836,1900.143468526245
334.6000000000076,VALID,25.44816742727179,81.75834901269533,1903.7878257098032
334.7000000000076,VALID,25.44824321288602,81.75814661418727,1903.1990921226395
334.8000000000076,VALID,25.44831899822228,81.75794421542416,1897.8633428012527
334.90000000000765,VALID,25.44839478328057,81.757741816406,1899.3529392115106
335.0000000000077,VALID,25.448470568060884,81.75753941713279,1900.394848819852
335.1000000000077,VALID,25.448546352563223,81.75733701760453,1902.2019041780256
335.2000000000077,VALID,25.44862213678758,81.75713461782122,1898.730786043746
335.30000000000774,VALID,25.448697920733956,81.75693221778286,1900.6316089706863
335.40000000000776,VALID,25.448773704402342,81.75672981748944,1899.3275765535152
335.5000000000078,VALID,25.44884948779274,81.75652741694097,1906.0171553642224
335.6000000000078,VALID,25.448925270905143,81.75632501613744,1900.375759061766
335.70000000000783,VALID,25.449001053739547,81.75612261507885,1899.6004959608565
335.80000000000786,VALID,25.44907683629595,81.75592021376521,1900.2830709350515
335.9000000000079,VALID,25.449152618574352,81.75571781219651,1899.3315318835375
336.0000000000079,VALID,25.449228400574746,81.75551541037275,1897.6070065889242
336.1000000000079,VALID,25.44930418229713,81.75531300829392,1900.440668921131
336.20000000000795,VALID,25.4493799637415,81.75511060596004,1900.863236043581
336.30000000000797,VALID,25.44945574490785,81.75490820337109,1904.1874354294403
336.400000000008,VALID,25.449531525796182,81.75470580052708,1899.182341724404
336.500000000008,VALID,25.449607306406488,81.754503397428,1899.2846329490073
336.60000000000804,VALID,25.44968308673877,81.75430099407384,1898.4967011759709
336.70000000000806,VALID,25.44975886679302,81.75409859046462,1893.7307051191053
336.8000000000081,VALID,25.449834646569233,81.75389618660033,1897.6299980362878
336.9000000000081,VALID,25.449910426067408,81.75369378248097,1899.3323263647646
337.00000000000813,VALID,25.44998620528754,81.75349137810653,1898.4879268336258
337.10000000000815,VALID,25.450061984229627,81.75328897347703,1900.3508825685915
337.2000000000082,VALID,25.450137762893664,81.75308656859244,1899.9687884495484
337.3000000000082,VALID,25.450213541279652,81.75288416345278,1901.162599828225
337.4000000000082,VALID,25.450289319387583,81.75268175805803,1897.4624381109033
337.50000000000824,VALID,25.450365097217453,81.75247935240822,1898.5896322349838
337.60000000000827,VALID,25.45044087476926,81.75227694650332,1904.7328129537443
337.7000000000083,VALID,25.450516652043,81.75207454034333,1899.449067809035
337.8000000000083,VALID,25.450592429038668,81.75187213392826,1898.7285552434037
337.90000000000833,VALID,25.450668205756262,81.7516697272581,1900.0011712302382
338.00000000000836,VALID,25.450743982195778,81.75146732033286,1902.9119439057251
338.1000000000084,VALID,25.450819758357213,81.75126491315254,1905.5207981960082
338.2000000000084,VALID,25.45089553424056,81.75106250571713,1903.3292726579762
338.3000000000084,VALID,25.450971309845816,81.75086009802662,1904.5569812068745
338.40000000000845,VALID,25.45104708517298,81.75065769008103,1905.5909808453625
338.50000000000847,VALID,25.451122860222046,81.75045528188033,1904.5935879818394
338.6000000000085,VALID,25.451198634993013,81.75025287342454,1901.0837803645318
338.7000000000085,VALID,25.451274409485872,81.75005046471365,1901.2144500275365
338.80000000000854,VALID,25.451350183700622,81.74984805574768,1904.0056868763295
338.90000000000856,VALID,25.451425957637262,81.7496456465266,1903.5595376594454
339.0000000000086,VALID,25.451501731295785,81.74944323705041,1905.0648741303987
339.1000000000086,VALID,25.451577504676187,81.74924082731913,1901.1657099895406
339.20000000000863,VALID,25.451653277778465,81.74903841733274,1902.7336371353604
339.30000000000865,VALID,25.451729050602612,81.74883600709124,1901.6827265168183
339.4000000000087,VALID,25.451804823148628,81.74863359659464,1897.3220892612871
339.5000000000087,VALID,25.451880595416505,81.74843118584293,1904.1958525354746
339.6000000000087,VALID,25.451956367406243,81.74822877483611,1903.3744274227824
339.70000000000874,VALID,25.452032139117836,81.74802636357418,1904.6532321860775
339.80000000000877,VALID,25.45210791055128,81.74782395205715,1902.2243099172006
339.9000000000088,VALID,25.452183681706572,81.747621540285,1905.5339410588006
340.0000000000088,VALID,25.452259452583704,81.74741912825772,1900.8469835249855
340.10000000000883,VALID,25.452335223182676,81.74721671597533,1904.2974627147912
340.20000000000886,VALID,25.45241099350348,81.74701430343782,1901.4186759375925
340.3000000000089,VALID,25.452486763546116,81.74681189064519,1907.3534533253119
340.4000000000089,VALID,25.452562533310576,81.74660947759743,1903.6286295216003
340.5000000000089,VALID,25.45263830279686,81.74640706429456,1898.9854280381708
340.60000000000895,VALID,25.45271407200496,81.74620465073656,1900.174037896349
340.70000000000897,VALID,25.452789840934873,81.74600223692343,1898.9213193269936
340.800000000009,VALID,25.452865609586595,81.74579982285518,1896.8568769394778
340.900000000009,VALID,25.452941377960123,81.7455974085318,1897.3643255498039
341.00000000000904,VALID,25.453017146055448,81.74539499395327,1897.3408694027594
341.10000000000906,VALID,25.453092913872567,81.74519257911962,1899.9547703968678
341.2000000000091,VALID,25.453168681411476,81.74499016403082,1899.2526197499988
341.3000000000091,VALID,25.453244448672173,81.74478774868689,1900.3273940582849
341.40000000000913,VALID,25.453320215654653,81.74458533308783,1897.143401600105
341.50000000000915,VALID,25.45339598235891,81.74438291723362,1898.2658741175785
341.6000000000092,VALID,25.45347174878494,81.74418050112428,1898.20186984562
341.7000000000092,VALID,25.453547514932733,81.74397808475977,1898.5853927467326
341.8000000000092,VALID,25.453623280802294,81.74377566814013,1896.8062614377518
341.90000000000924,VALID,25.453699046393613,81.74357325126535,1893.842210758789
342.00000000000927,VALID,25.453774811706683,81.7433708341354,1899.3111692763243
342.1000000000093,VALID,25.453850576741505,81.74316841675031,1901.6787757514694
342.2000000000093,VALID,25.45392634149807,81.74296599911006,1901.2619365609694
342.30000000000933,VALID,25.454002105976375,81.74276358121466,1902.4824985683142
342.40000000000936,VALID,25.454077870176416,81.7425611630641,1901.1234096597098
342.5000000000094,VALID,25.454153634098187,81.74235874465838,1906.6426887380394
342.6000000000094,VALID,25.45422939774168,81.7421563259975,1904.6312030832219
342.7000000000094,VALID,25.454305161106895,81.74195390708145,1905.1110942952714
342.80000000000945,VALID,25.454380924193824,81.74175148791025,1905.2120429914671
342.90000000000947,VALID,25.454456687002462,81.74154906848388,1901.1225428298555
343.0000000000095,VALID,25.454532449532806,81.74134664880233,1905.2329343980043
343.1000000000095,VALID,25.45460821178485,81.74114422886562,1898.526292854993
343.20000000000954,VALID,25.45468397375859,81.74094180867374,1901.9458890828403
343.30000000000956,VALID,25.45475973545402,81.74073938822667,1900.8649058311767
343.4000000000096,VALID,25.45483549687113,81.74053696752443,1900.6682131212924
343.5000000000096,VALID,25.454911258009922,81.74033454656701,1906.7059912716488
343.60000000000963,VALID,25.454987018870387,81.7401321253544,1905.6038900383544
343.70000000000965,VALID,25.455062779452522,81.73992970388662,1907.3186958557214
343.8000000000097,VALID,25.45513853975632,81.73972728216364,1900.7964488349887
343.9000000000097,VALID,25.455214299781773,81.73952486018548,1907.7517705627768
344.0000000000097,VALID,25.455290059528878,81.73932243795214,1906.749053908883
344.10000000000974,VALID,25.45536581899763,81.7391200154636,1906.7262016163863
344.20000000000977,VALID,25.455441578188026,81.73891759271987,1900.8082296301272
344.3000000000098,VALID,25.455517337100055,81.73871516972095,1902.6876082526414
344.4000000000098,VALID,25.455593095733715,81.73851274646682,1901.936252380899
344.50000000000983,VALID,25.455668854088998,81.7383103229575,1906.8070510697298
344.60000000000986,VALID,25.4557446121659,81.73810789919297,1901.2611974102076
344.7000000000099,VALID,25.455820369964417,81.73790547517324,1900.6502272887303
344.8000000000099,VALID,25.45589612748454,81.73770305089829,1903.21457248473
344.9000000000099,VALID,25.455971884726264,81.73750062636813,1901.1117115262487
345.00000000000995,VALID,25.456047641689583,81.73729820158276,1901.985178231644
345.10000000000997,VALID,25.45612339837449,81.73709577654218,1903.7902372629674
345.20000000001,VALID,25.456199154780982,81.73689335124638,1907.80467458072
345.30000000001,VALID,25.45627491090905,81.73669092569536,1900.7429747647855
345.40000000001004,VALID,25.456350666758688,81.73648849988912,1902.4289983062754
345.50000000001006,VALID,25.45642642232989,81.73628607382766,1900.946750385983
345.6000000000101,VALID,25.456502177622653,81.73608364751097,1900.5687669557476
345.7000000000101,VALID,25.456577932636968,81.73588122093905,1903.4595086360266
345.80000000001013,VALID,25.456653687372828,81.73567879411189,1900.9785810412159
345.90000000001015,VALID,25.456729441830227,81.7354763670295,1899.175596846538
346.0000000000102,VALID,25.45680519600916,81.73527393969188,1900.2027381398568
346.1000000000102,VALID,25.45688094990962,81.73507151209901,1897.6247080043966
346.2000000000102,VALID,25.4569567035316,81.7348690842509,1894.7147168506247
346.30000000001024,VALID,25.45703245687509,81.73466665614755,1897.469810949624
346.40000000001027,VALID,25.457108209940092,81.73446422778895,1901.247863026419
346.5000000000103,VALID,25.457183962726592,81.73426179917509,1903.7829934466527
346.6000000000103,VALID,25.457259715234585,81.73405937030597,1902.89285862936
346.70000000001033,VALID,25.457335467464063,81.7338569411816,1901.9907537336478
346.80000000001036,VALID,25.45741121941502,81.73365451180197,1900.1692417046415
346.9000000000104,VALID,25.45748697108745,81.73345208216709,1898.4109806249135
347.0000000000104,VALID,25.45756272248135,81.73324965227694,1900.4486807823657
347.1000000000104,VALID,25.457638473596703,81.73304722213152,1901.9682544557998
347.20000000001045,VALID,25.457714224433506,81.73284479173083,1901.724711521033
347.30000000001047,VALID,25.457789974991755,81.73264236107487,1899.5122193558661
347.4000000000105,VALID,25.45786572527144,81.73243993016362,1903.7355306792458
347.5000000000105,VALID,25.457941475272552,81.7322374989971,1905.9138727108696
347.60000000001054,VALID,25.458017224995086,81.73203506757528,1905.0165286478154
347.70000000001056,VALID,25.458092974439033,81.73183263589819,1905.5078520235347
347.8000000000106,VALID,25.458168723604388,81.7316302039658,1901.2311114742558
347.9000000000106,VALID,25.45824447249114,81.73142777177813,1905.5385934584738
348.00000000001063,VALID,25.458320221099278,81.73122533933515,1900.964923548514
348.10000000001065,VALID,25.458395969428803,81.73102290663688,1903.4304995262933
348.2000000000107,VALID,25.4584717174797,81.73082047368331,1894.6202888837818
348.3000000000107,VALID,25.458547465251964,81.73061804047443,1902.342288334574
348.4000000000107,VALID,25.458623212745586,81.73041560701023,1902.3267980581675
348.50000000001074,VALID,25.458698959960557,81.73021317329072,1900.0035749135714
348.60000000001077,VALID,25.458774706896868,81.7300107393159,1902.956935349499
348.7000000000108,VALID,25.458850453554515,81.72980830508575,1898.7024885176354
348.8000000000108,VALID,25.458926199933483,81.7296058706003,1901.7582341039324
348.90000000001083,VALID,25.45900194603377,81.7294034358595,1899.369678387105
349.00000000001086,VALID,25.45907769185536,81.72920100086337,1899.7921586130017
349.1000000000109,VALID,25.45915343739825,81.72899856561192,1900.039603326451
349.2000000000109,VALID,25.459229182662426,81.72879613010512,1898.4553527829871
349.3000000000109,VALID,25.45930492764788,81.72859369434299,1899.2132743201241
349.40000000001095,VALID,25.45938067235461,81.7283912583255,1904.7829345781713
349.50000000001097,VALID,25.459456416782597,81.72818882205266,1899.4969064220772
349.600000000011,VALID,25.459532160931836,81.72798638552446,1903.372046933225
349.700000000011,VALID,25.45960790480232,81.7277839487409,1904.639668725295
349.80000000001104,VALID,25.459683648394034,81.727581511702,1898.7532084153854
349.90000000001106,VALID,25.45975939170697,81.72737907440772,1901.4714753842238
350.0000000000111,VALID,25.45983513474112,81.72717663685808,1900.24158182067
350.1000000000111,VALID,25.459910877496473,81.72697419905305,1899.3941014746583
350.20000000001113,VALID,25.459986619973016,81.72677176099265,1898.2164252903765
350.30000000001115,VALID,25.460062362170742,81.72656932267685,1903.1133679066506
350.4000000000112,VALID,25.46013810408964,81.72636688410567,1899.1379996262206
350.5000000000112,VALID,25.460213845729697,81.7261644452791,1899.7251798020438
350.6000000000112,VALID,25.460289587090905,81.72596200619712,1902.193975760289
350.70000000001124,VALID,25.460365328173253,81.72575956685975,1901.4791432993245
350.80000000001127,VALID,25.460441068976728,81.72555712726697,1903.550094679002
350.9000000000113,VALID,25.46051680950132,81.72535468741877,1903.2965779782517
351.0000000000113,VALID,25.46059254974702,81.72515224731517,1899.5376753036908
351.10000000001133,VALID,25.460668289713812,81.72494980695613,1898.2701425647147
351.20000000001136,VALID,25.46074402940169,81.72474736634167,1907.2862936086742
351.3000000000114,VALID,25.460819768810634,81.72454492547179,1904.4338547066804
351.4000000000114,VALID,25.460895507940638,81.72434248434647,1904.6714729286402
351.5000000000114,VALID,25.460971246791686,81.7241400429657,1901.3378414733072
351.60000000001145,VALID,25.46104698536377,81.7239376013295,1900.4604275043223
351.70000000001147,VALID,25.461122723656874,81.72373515943784,1901.6979813315374
351.8000000000115,VALID,25.46119846167099,81.72353271729071,1900.236143499339
351.9000000000115,VALID,25.4612741994061,81.72333027488813,1898.930224816323
352.00000000001154,VALID,25.461349936862188,81.72312783223008,1902.701869940219
352.10000000001156,VALID,25.461425674039248,81.72292538931654,1904.7662131643845
352.2000000000116,VALID,25.461501410937263,81.72272294614753,1906.8630877771225
352.3000000000116,VALID,25.46157714755622,81.72252050272303,1903.7172175380078
352.40000000001163,VALID,25.461652883896104,81.72231805904303,1906.8154898437374
352.50000000001165,VALID,25.4617286199569,81.72211561510754,1902.9646551725677
352.6000000000117,VALID,25.461804355738597,81.72191317091654,1902.8334737495645
352.7000000000117,VALID,25.461880091241177,81.72171072647002,1904.0221975392037
352.8000000000117,VALID,25.461955826464624,81.721508281768,1899.5373729552311
352.90000000001174,VALID,25.462031561408924,81.72130583681044,1901.16731195918
353.00000000001177,VALID,25.462107296074063,81.72110339159735,1896.7377330404652
353.1000000000118,VALID,25.462183030460025,81.72090094612872,1896.3932194375318
353.2000000000118,VALID,25.462258764566794,81.72069850040455,1900.020325496805
353.30000000001183,VALID,25.462334498394352,81.72049605442483,1902.0834910745552
353.40000000001186,VALID,25.46241023194268,81.72029360818954,1902.821230452613
353.5000000000119,VALID,25.462485965211766,81.72009116169868,1901.4421995614803
353.6000000000119,VALID,25.46256169820159,81.71988871495225,1899.933710560736
353.7000000000119,VALID,25.462637430912135,81.71968626795024,1901.4505364201596
353.80000000001195,VALID,25.462713163343384,81.71948382069263,1902.1569737585748
353.90000000001197,VALID,25.46278889549532,81.71928137317943,1903.3259446241475
354.000000000012,VALID,25.462864627367917,81.71907892541061,1902.3886201002313
354.100000000012,VALID,25.462940358961163,81.71887647738619,1901.292208207183
354.20000000001204,VALID,25.463016090275037,81.71867402910614,1901.9405098968339
354.30000000001206,VALID,25.46309182130952,81.71847158057045,1901.6859302757289
354.4000000000121,VALID,25.46316755206459,81.71826913177912,1906.254614880883
354.5000000000121,VALID,25.463243282540226,81.71806668273214,1904.0849097576877
354.60000000001213,VALID,25.46331901273641,81.7178642334295,1905.4270968143996
354.70000000001215,VALID,25.46339474265312,81.71766178387118,1904.1569754067525
354.8000000000122,VALID,25.46347047229033,81.71745933405718,1906.0519398228262
354.9000000000122,VALID,25.46354620164802,81.7172568839875,1902.12979723656
355.0000000000122,VALID,25.463621930726166,81.71705443366211,1907.2253302568379
355.10000000001224,VALID,25.463697659524748,81.71685198308101,1906.992604575544
355.20000000001227,VALID,25.463773388043737,81.71664953224419,1905.882705776214
355.3000000000123,VALID,25.46384911628311,81.71644708115164,1905.0409831266845
355.4000000000123,VALID,25.463924844242847,81.71624462980336,1907.0709611759303
355.50000000001234,VALID,25.464000571922917,81.7160421781993,1907.0320472827507
355.60000000001236,VALID,25.464076299323292,81.71583972633948,1904.9247378752561
355.7000000000124,VALID,25.464152026443948,81.7156372742239,1906.446483243761
355.8000000000124,VALID,25.46422775328486,81.71543482185251,1902.1256762685027
355.9000000000124,VALID,25.464303479845995,81.71523236922532,1902.4104773068898
356.00000000001245,VALID,25.464379206127326,81.71502991634232,1902.2136085852574
356.10000000001247,VALID,25.464454932128824,81.71482746320348,1909.1195890931167
356.2000000000125,VALID,25.464530657850457,81.7146250098088,1909.512587694002
356.3000000000125,VALID,25.464606383292193,81.71442255615827,1904.9110574466597
356.40000000001254,VALID,25.464682108454,81.71422010225186,1911.1385744446563
356.50000000001256,VALID,25.464757833335845,81.71401764808957,1905.432818262084
356.6000000000126,VALID,25.464833557937695,81.71381519367137,1905.659614073466
356.7000000000126,VALID,25.464909282259516,81.71361273899726,1912.6039515377317
356.80000000001263,VALID,25.46498500630127,81.71341028406721,1909.4160437941043
356.90000000001265,VALID,25.46506073006292,81.71320782888121,1910.179562592426
357.0000000000127,VALID,25.465136453544428,81.71300537343924,1913.3706780493287
357.1000000000127,VALID,25.465212176745755,81.71280291774129,1908.0283611851348
357.2000000000127,VALID,25.465287899666862,81.71260046178733,1911.6953013822065
357.30000000001274,VALID,25.465363622307706,81.71239800557736,1909.283230924035
357.40000000001277,VALID,25.465439344668244,81.71219554911133,1913.0076597897196
357.5000000000128,VALID,25.46551506674843,81.71199309238925,1907.8984082341437
357.6000000000128,VALID,25.46559078854822,81.71179063541108,1906.3286582448727
357.70000000001284,VALID,25.465666510067564,81.71158817817681,1908.6309839383227
357.80000000001286,VALID,25.465742231306415,81.71138572068641,1912.25471483365
357.9000000000129,VALID,25.46581795226472,81.71118326293985,1909.7575493982918
358.0000000000129,VALID,25.465893672942432,81.71098080493714,1910.0101831572392
358.1000000000129,VALID,25.465969393339492,81.71077834667823,1907.6268308787546
358.20000000001295,VALID,25.466045113455845,81.71057588816308,1910.6035683485336
358.300000000013,VALID,25.46612083329143,81.71037342939168,1908.6815493207862
358.400000000013,VALID,25.466196552846192,81.71017097036402,1910.810702969562
358.500000000013,VALID,25.46627227212006,81.70996851108005,1912.3199861109683
358.60000000001304,VALID,25.466347991112976,81.70976605153975,1906.2654446672943
358.70000000001306,VALID,25.466423709824866,81.70956359174306,1908.7161742874516
358.8000000000131,VALID,25.466499428255663,81.70936113168999,1909.4852295164003
358.9000000000131,VALID,25.46657514640529,81.70915867138048,1908.2926167264304
359.00000000001313,VALID,25.46665086427367,81.7089562108145,1908.7945453277682
359.10000000001315,VALID,25.466726581860723,81.70875374999203,1910.5776950183815
359.2000000000132,VALID,25.46680229916636,81.708551288913,1910.4017082459786
359.3000000000132,VALID,25.4668780161905,81.7083488275774,1902.518457060587
359.4000000000132,VALID,25.466953732933046,81.70814636598516,1906.884919730956
359.50000000001324,VALID,25.467029449393902,81.70794390413626,1906.1554533821636
359.60000000001327,VALID,25.467105165572963,81.70774144203064,1906.1779796256012
359.7000000000133,VALID,25.467180881470124,81.70753897966826,1908.4107970705243
359.8000000000133,VALID,25.46725659708527,81.70733651704906,1907.5852372346662
359.90000000001334,VALID,25.467332312418286,81.70713405417298,1909.1702961749477
360.00000000001336,VALID,25.46740802746904,81.70693159103998,1908.124365676203
360.1000000000134,VALID,25.467483742237405,81.70672912764998,1909.8429506041384
360.2000000000134,VALID,25.467559456723237,81.70652666400294,1907.1787263457213
360.3000000000134,VALID,25.467635170926386,81.70632420009876,1905.2417660683755
360.40000000001345,VALID,25.46771088484669,81.7061217359374,1907.7136416293172
360.5000000000135,VALID,25.467786598483983,81.70591927151877,1912.0922856547795
360.6000000000135,VALID,25.46786231183808,81.70571680684277,1910.5782281654344
360.7000000000135,VALID,25.46793802490879,81.70551434190934,1913.8379343542963
360.80000000001354,VALID,25.4680137376959,81.70531187671835,1910.9190055596673
360.90000000001356,VALID,25.468089450199194,81.70510941126975,1908.342805025168
361.0000000000136,VALID,25.468165162418426,81.70490694556338,1909.1472242716575
361.1000000000136,VALID,25.46824087435333,81.70470447959914,1908.5546744748108
361.20000000001363,VALID,25.468316586003628,81.7045020133769,1909.5758636623862
361.30000000001365,VALID,25.468392297369007,81.70429954689651,1906.5598802845498
361.4000000000137,VALID,25.468468008449133,81.70409708015782,1905.2271373871079
361.5000000000137,VALID,25.468543719243627,81.70389461316067,1906.1568299784647
361.6000000000137,VALID,25.468619429752085,81.70369214590487,1906.8058994026826
361.70000000001374,VALID,25.46869513997405,81.70348967839018,1906.1400890676775
361.80000000001377,VALID,25.46877084990901,81.70328721061641,1911.7074050813505
361.9000000000138,VALID,25.4688465595564,81.70308474258327,1905.4494652604917
362.0000000000138,VALID,25.468922268915573,81.70288227429049,1907.4544950329341
362.10000000001384,VALID,25.468997977985794,81.7026798057377,1904.4913880718825
362.20000000001386,VALID,25.469073686766215,81.70247733692455,1904.807266477544
362.3000000000139,VALID,25.469149395255855,81.70227486785056,1903.0277590915723
362.4000000000139,VALID,25.46922510345355,81.70207239851521,1903.4888799058044
362.5000000000139,VALID,25.469300811357915,81.70186992891786,1904.9402646767307
362.60000000001395,VALID,25.469376518967266,81.70166745905775,1904.9736462165679
362.700000000014,VALID,25.469452226279508,81.70146498893389,1909.4604546639623
362.800000000014,VALID,25.469527933291968,81.70126251854508,1905.2367893205817
362.900000000014,VALID,25.469603640001115,81.7010600478897,1907.113766108575
363.00000000001404,VALID,25.469679346402067,81.7008575769655,1903.3563655990306
363.10000000001406,VALID,25.469755052487645,81.7006551057692,1896.8602812560555
363.2000000000141,VALID,25.46983075824623,81.70045263429546,1903.1582258702397
363.3000000000141,VALID,25.469906463655803,81.70025016253418,1905.9948669496778
363.40000000001413,VALID,25.46998216865872,81.70004769045892,1905.9660063933704
363.50000000001415,VALID,25.47,81.7,1903.5923024011643
