mission_index,timestamp,latitude,longitude,altitude,velocity,roll,pitch,yaw
0,0.0,26.55013865056174,70.55019785255294,3000.0,250.0,0.0,0.0,0.9062658847593918
1,0.1,26.55027730084992,70.55039570558469,3000.0,250.0,0.0,0.0,0.9062674303731869
2,0.2,26.550415950864547,70.55059355909525,3000.0,250.0,0.0,0.0,0.906268976002382
3,0.30000000000000004,26.55055460060561,70.55079141308461,3000.0,250.0,0.0,0.0,0.9062705216469918
4,0.4,26.55069325007311,70.55098926755278,3000.0,250.0,0.0,0.0,0.9062720673070538
5,0.5,26.550831899267042,70.55118712249977,3000.0,250.0,0.0,0.0,0.9062736129826274
6,0.6,26.550970548187404,70.55138497792557,3000.0,250.0,0.0,0.0,0.906275158673681
7,0.7,26.551109196834194,70.55158283383018,3000.0,250.0,0.0,0.0,0.9062767043802551
8,0.7999999999999999,26.551247845207406,70.55178069021363,3000.0,250.0,0.0,0.0,0.90627825010243
9,0.8999999999999999,26.55138649330704,70.55197854707592,3000.0,250.0,0.0,0.0,0.9062797958400616
10,0.9999999999999999,26.551525141133087,70.55217640441703,3000.0,250.0,0.0,0.0,0.9062813415932554
11,1.0999999999999999,26.551663788685552,70.55237426223698,3000.0,250.0,0.0,0.0,0.9062828873620529
12,1.2,26.551802435964426,70.55257212053577,3000.0,250.0,0.0,0.0,0.9062844331464422
13,1.3,26.55194108296971,70.55276997931341,3000.0,250.0,0.0,0.0,0.9062859789464425
14,1.4000000000000001,26.552079729701397,70.5529678385699,3000.0,250.0,0.0,0.0,0.906287524762067
15,1.5000000000000002,26.552218376159487,70.55316569830524,3000.0,250.0,0.0,0.0,0.9062890705933782
16,1.6000000000000003,26.552357022343976,70.55336355851944,3000.0,250.0,0.0,0.0,0.90629061644037
17,1.7000000000000004,26.55249566825486,70.55356141921249,3000.0,250.0,0.0,0.0,0.9062921623029654
18,1.8000000000000005,26.552634313892135,70.55375928038441,3000.0,250.0,0.0,0.0,0.9062937081813668
19,1.9000000000000006,26.552772959255798,70.5539571420352,3000.0,250.0,0.0,0.0,0.9062952540754257
20,2.0000000000000004,26.552911604345848,70.55415500416485,3000.0,250.0,0.0,0.0,0.9062967999851389
21,2.1000000000000005,26.553050249162283,70.55435286677339,3000.0,250.0,0.0,0.0,0.9062983459107766
22,2.2000000000000006,26.553188893705094,70.5545507298608,3000.0,250.0,0.0,0.0,0.9062998918521703
23,2.3000000000000007,26.553327537974283,70.55474859342709,3000.0,250.0,0.0,0.0,0.9063014378093374
24,2.400000000000001,26.553466181969846,70.55494645747228,3000.0,250.0,0.0,0.0,0.9063029837822927
25,2.500000000000001,26.55360482569178,70.55514432199635,3000.0,250.0,0.0,0.0,0.9063045297710544
26,2.600000000000001,26.553743469140084,70.55534218699933,3000.0,250.0,0.0,0.0,0.9063060757757364
27,2.700000000000001,26.55388211231475,70.55554005248119,3000.0,250.0,0.0,0.0,0.9063076217962351
28,2.800000000000001,26.554020755215777,70.55573791844196,3000.0,250.0,0.0,0.0,0.906309167832712
29,2.9000000000000012,26.55415939784316,70.55593578488164,3000.0,250.0,0.0,0.0,0.9063107138850193
30,3.0000000000000013,26.5542980401969,70.55613365180022,3000.0,250.0,0.0,0.0,0.9063122599533397
31,3.1000000000000014,26.554436682276993,70.55633151919773,3000.0,250.0,0.0,0.0,0.9063138060375989
32,3.2000000000000015,26.554575324083434,70.55652938707415,3000.0,250.0,0.0,0.0,0.9063153521377895
33,3.3000000000000016,26.55471396561622,70.5567272554295,3000.0,250.0,0.0,0.0,0.9063168982540013
34,3.4000000000000017,26.554852606875347,70.55692512426376,3000.0,250.0,0.0,0.0,0.9063184443862068
35,3.5000000000000018,26.554991247860812,70.55712299357695,3000.0,250.0,0.0,0.0,0.9063199905344496
36,3.600000000000002,26.555129888572615,70.55732086336909,3000.0,250.0,0.0,0.0,0.9063215366987463
37,3.700000000000002,26.55526852901075,70.55751873364015,3000.0,250.0,0.0,0.0,0.9063230828791409
38,3.800000000000002,26.555407169175215,70.55771660439015,3000.0,250.0,0.0,0.0,0.9063246290756777
39,3.900000000000002,26.555545809066004,70.5579144756191,3000.0,250.0,0.0,0.0,0.9063261752883058
40,4.000000000000002,26.555684448683117,70.558112347327,3000.0,250.0,0.0,0.0,0.9063277215170665
41,4.100000000000001,26.55582308802655,70.55831021951384,3000.0,250.0,0.0,0.0,0.9063292677619569
42,4.200000000000001,26.5559617270963,70.55850809217965,3000.0,250.0,0.0,0.0,0.9063308140231415
43,4.300000000000001,26.556100365892362,70.55870596532442,3000.0,250.0,0.0,0.0,0.9063323603003747
44,4.4,26.556239004414735,70.55890383894815,3000.0,250.0,0.0,0.0,0.9063339065939421
45,4.5,26.556377642663417,70.55910171305085,3000.0,250.0,0.0,0.0,0.9063354529036725
46,4.6,26.5565162806384,70.55929958763252,3000.0,250.0,0.0,0.0,0.9063369992297812
47,4.699999999999999,26.55665491833969,70.55949746269317,3000.0,250.0,0.0,0.0,0.9063385455721176
48,4.799999999999999,26.55679355576727,70.5596953382328,3000.0,250.0,0.0,0.0,0.9063400919307522
49,4.899999999999999,26.55693219292115,70.55989321425142,3000.0,250.0,0.0,0.0,0.9063416383057559
50,4.999999999999998,26.55707082980132,70.56009109074901,3000.0,250.0,0.0,0.0,0.9063431846970996
51,5.099999999999998,26.557209466407773,70.5602889677256,3000.0,250.0,0.0,0.0,0.906344731104907
52,5.1999999999999975,26.557348102740512,70.56048684518119,3000.0,250.0,0.0,0.0,0.9063462775291001
53,5.299999999999997,26.557486738799533,70.56068472311577,3000.0,250.0,0.0,0.0,0.9063478239696006
54,5.399999999999997,26.55762537458483,70.56088260152936,3000.0,250.0,0.0,0.0,0.9063493704266312
55,5.4999999999999964,26.557764010096406,70.56108048042195,3000.0,250.0,0.0,0.0,0.9063509169000894
56,5.599999999999996,26.557902645334252,70.56127835979356,3000.0,250.0,0.0,0.0,0.9063524633901227
57,5.699999999999996,26.558041280298365,70.56147623964418,3000.0,250.0,0.0,0.0,0.9063540098966278
58,5.799999999999995,26.558179914988745,70.56167411997382,3000.0,250.0,0.0,0.0,0.9063555564196821
59,5.899999999999995,26.558318549405385,70.56187200078247,3000.0,250.0,0.0,0.0,0.9063571029593565
60,5.999999999999995,26.558457183548285,70.56206988207016,3000.0,250.0,0.0,0.0,0.9063586495155757
61,6.099999999999994,26.55859581741744,70.56226776383689,3000.0,250.0,0.0,0.0,0.9063601960884864
62,6.199999999999994,26.558734451012846,70.56246564608264,3000.0,250.0,0.0,0.0,0.9063617426779638
63,6.299999999999994,26.5588730843345,70.56266352880743,3000.0,250.0,0.0,0.0,0.9063632892840574
64,6.399999999999993,26.5590117173824,70.56286141201127,3000.0,250.0,0.0,0.0,0.906364835906944
65,6.499999999999993,26.559150350156543,70.56305929569416,3000.0,250.0,0.0,0.0,0.9063663825465204
66,6.5999999999999925,26.559288982656923,70.5632571798561,3000.0,250.0,0.0,0.0,0.9063679292027361
67,6.699999999999992,26.55942761488354,70.56345506449708,3000.0,250.0,0.0,0.0,0.9063694758758454
68,6.799999999999992,26.559566246836386,70.56365294961712,3000.0,250.0,0.0,0.0,0.9063710225657484
69,6.8999999999999915,26.559704878515465,70.56385083521623,3000.0,250.0,0.0,0.0,0.9063725692723917
70,6.999999999999991,26.559843509920768,70.5640487212944,3000.0,250.0,0.0,0.0,0.9063741159960066
71,7.099999999999991,26.559982141052295,70.56424660785164,3000.0,250.0,0.0,0.0,0.9063756627363643
72,7.19999999999999,26.56012077191004,70.56444449488797,3000.0,250.0,0.0,0.0,0.9063772094937196
73,7.29999999999999,26.560259402494,70.56464238240336,3000.0,250.0,0.0,0.0,0.9063787562678947
74,7.39999999999999,26.560398032804173,70.56484027039784,3000.0,250.0,0.0,0.0,0.9063803030591492
75,7.499999999999989,26.560536662840555,70.5650381588714,3000.0,250.0,0.0,0.0,0.9063818498672791
76,7.599999999999989,26.56067529260314,70.56523604782406,3000.0,250.0,0.0,0.0,0.9063833966924906
77,7.699999999999989,26.560813922091928,70.5654339372558,3000.0,250.0,0.0,0.0,0.9063849435346044
78,7.799999999999988,26.560952551306915,70.56563182716665,3000.0,250.0,0.0,0.0,0.9063864903938574
79,7.899999999999988,26.5610911802481,70.56582971755661,3000.0,250.0,0.0,0.0,0.90638803727025
80,7.999999999999988,26.561229808915474,70.56602760842567,3000.0,250.0,0.0,0.0,0.9063895841636542
81,8.099999999999987,26.56136843730904,70.56622549977384,3000.0,250.0,0.0,0.0,0.9063911310741785
82,8.199999999999987,26.56150706542879,70.56642339160112,3000.0,250.0,0.0,0.0,0.9063926780019836
83,8.299999999999986,26.56164569327472,70.56662128390752,3000.0,250.0,0.0,0.0,0.906394224946913
84,8.399999999999986,26.56178432084683,70.56681917669304,3000.0,250.0,0.0,0.0,0.9063957719090759
85,8.499999999999986,26.561922948145114,70.5670170699577,3000.0,250.0,0.0,0.0,0.9063973188885028
86,8.599999999999985,26.562061575169572,70.56721496370149,3000.0,250.0,0.0,0.0,0.9063988658851954
87,8.699999999999985,26.5622002019202,70.56741285792441,3000.0,250.0,0.0,0.0,0.9064004128991845
88,8.799999999999985,26.56233882839699,70.56761075262646,3000.0,250.0,0.0,0.0,0.9064019599305017
89,8.899999999999984,26.562477454599943,70.56780864780767,3000.0,250.0,0.0,0.0,0.9064035069792322
90,8.999999999999984,26.562616080529054,70.56800654346802,3000.0,250.0,0.0,0.0,0.9064050540453248
91,9.099999999999984,26.562754706184318,70.56820443960751,3000.0,250.0,0.0,0.0,0.9064066011288655
92,9.199999999999983,26.562893331565736,70.56840233622616,3000.0,250.0,0.0,0.0,0.9064081482298871
93,9.299999999999983,26.5630319566733,70.56860023332396,3000.0,250.0,0.0,0.0,0.9064096953484498
94,9.399999999999983,26.56317058150701,70.56879813090093,3000.0,250.0,0.0,0.0,0.9064112424844758
95,9.499999999999982,26.56330920606686,70.56899602895707,3000.0,250.0,0.0,0.0,0.9064127896380524
96,9.599999999999982,26.56344783035285,70.56919392749239,3000.0,250.0,0.0,0.0,0.9064143368092644
97,9.699999999999982,26.563586454364973,70.56939182650687,3000.0,250.0,0.0,0.0,0.9064158839979559
98,9.799999999999981,26.56372507810323,70.56958972600054,3000.0,250.0,0.0,0.0,0.9064174312044646
99,9.89999999999998,26.56386370156761,70.56978762597339,3000.0,250.0,0.0,0.0,0.9064189784285731
100,9.99999999999998,26.564002324758114,70.56998552642543,3000.0,250.0,0.0,0.0,0.9064205256704294
101,10.09999999999998,26.56414094767474,70.57018342735665,3000.0,250.0,0.0,0.0,0.9064220729299833
102,10.19999999999998,26.56427957031748,70.57038132876708,3000.0,250.0,0.0,0.0,0.9064236202073532
103,10.29999999999998,26.564418192686336,70.5705792306567,3000.0,250.0,0.0,0.0,0.9064251675024613
104,10.399999999999979,26.5645568147813,70.57077713302553,3000.0,250.0,0.0,0.0,0.9064267148154582
105,10.499999999999979,26.564695436602374,70.57097503587357,3000.0,250.0,0.0,0.0,0.9064282621463222
106,10.599999999999978,26.56483405814955,70.57117293920082,3000.0,250.0,0.0,0.0,0.9064298094950866
107,10.699999999999978,26.564972679422823,70.57137084300729,3000.0,250.0,0.0,0.0,0.9064313568618207
108,10.799999999999978,26.565111300422192,70.57156874729297,3000.0,250.0,0.0,0.0,0.906432904246475
109,10.899999999999977,26.565249921147654,70.57176665205789,3000.0,250.0,0.0,0.0,0.9064344516492279
110,10.999999999999977,26.565388541599205,70.57196455730204,3000.0,250.0,0.0,0.0,0.9064359990699461
111,11.099999999999977,26.565527161776842,70.57216246302542,3000.0,250.0,0.0,0.0,0.9064375465086678
112,11.199999999999976,26.56566578168056,70.57236036922804,3000.0,250.0,0.0,0.0,0.9064390939655456
113,11.299999999999976,26.56580440131036,70.5725582759099,3000.0,250.0,0.0,0.0,0.9064406414406191
114,11.399999999999975,26.565943020666232,70.57275618307101,3000.0,250.0,0.0,0.0,0.9064421889338683
115,11.499999999999975,26.566081639748173,70.57295409071136,3000.0,250.0,0.0,0.0,0.9064437364453339
116,11.599999999999975,26.566220258556182,70.57315199883097,3000.0,250.0,0.0,0.0,0.9064452839749993
117,11.699999999999974,26.566358877090256,70.57334990742983,3000.0,250.0,0.0,0.0,0.906446831523049
118,11.799999999999974,26.56649749535039,70.57354781650795,3000.0,250.0,0.0,0.0,0.9064483790893775
119,11.899999999999974,26.566636113336582,70.57374572606535,3000.0,250.0,0.0,0.0,0.9064499266741133
120,11.999999999999973,26.566774731048827,70.57394363610203,3000.0,250.0,0.0,0.0,0.9064514742771798
121,12.099999999999973,26.566913348487123,70.57414154661798,3000.0,250.0,0.0,0.0,0.906453021898648
122,12.199999999999973,26.567051965651462,70.5743394576132,3000.0,250.0,0.0,0.0,0.9064545695386481
123,12.299999999999972,26.567190582541844,70.57453736908771,3000.0,250.0,0.0,0.0,0.9064561171971081
124,12.399999999999972,26.567329199158266,70.5747352810415,3000.0,250.0,0.0,0.0,0.9064576648742757
125,12.499999999999972,26.567467815500724,70.57493319347459,3000.0,250.0,0.0,0.0,0.9064592125699584
126,12.599999999999971,26.567606431569214,70.57513110638698,3000.0,250.0,0.0,0.0,0.9064607602842266
127,12.69999999999997,26.56774504736373,70.57532901977866,3000.0,250.0,0.0,0.0,0.9064623080172466
128,12.79999999999997,26.56788366288427,70.57552693364966,3000.0,250.0,0.0,0.0,0.9064638557688837
129,12.89999999999997,26.568022278130833,70.57572484799995,3000.0,250.0,0.0,0.0,0.9064654035393611
130,12.99999999999997,26.56816089310341,70.57592276282956,3000.0,250.0,0.0,0.0,0.9064669513285777
131,13.09999999999997,26.568299507802003,70.5761206781385,3000.0,250.0,0.0,0.0,0.9064684991366658
132,13.199999999999969,26.568438122226603,70.57631859392674,3000.0,250.0,0.0,0.0,0.9064700469635839
133,13.299999999999969,26.56857673637721,70.57651651019432,3000.0,250.0,0.0,0.0,0.9064715948094392
134,13.399999999999968,26.56871535025382,70.57671442694124,3000.0,250.0,0.0,0.0,0.9064731426742467
135,13.499999999999968,26.56885396385643,70.57691234416748,3000.0,250.0,0.0,0.0,0.9064746905580552
136,13.599999999999968,26.568992577185032,70.57711026187307,3000.0,250.0,0.0,0.0,0.9064762384609143
137,13.699999999999967,26.569131190239627,70.57730818005801,3000.0,250.0,0.0,0.0,0.9064777863828095
138,13.799999999999967,26.56926980302021,70.5775060987223,3000.0,250.0,0.0,0.0,0.9064793343237907
139,13.899999999999967,26.569408415526773,70.57770401786593,3000.0,250.0,0.0,0.0,0.9064808822839392
140,13.999999999999966,26.56954702775932,70.57790193748892,3000.0,250.0,0.0,0.0,0.9064824302633671
141,14.099999999999966,26.569685639717843,70.57809985759127,3000.0,250.0,0.0,0.0,0.9064839782620312
142,14.199999999999966,26.569824251402338,70.57829777817298,3000.0,250.0,0.0,0.0,0.906485526279953
143,14.299999999999965,26.5699628628128,70.57849569923407,3000.0,250.0,0.0,0.0,0.9064870743172774
144,14.399999999999965,26.57010147394923,70.57869362077453,3000.0,250.0,0.0,0.0,0.9064886223740234
145,14.499999999999964,26.57024008481162,70.57889154279437,3000.0,250.0,0.0,0.0,0.9064901704500906
146,14.599999999999964,26.570378695399967,70.57908946529359,3000.0,250.0,0.0,0.0,0.9064917185457187
147,14.699999999999964,26.57051730571427,70.5792873882722,3000.0,250.0,0.0,0.0,0.9064932666608658
148,14.799999999999963,26.570655915754518,70.57948531173021,3000.0,250.0,0.0,0.0,0.9064948147955254
149,14.899999999999963,26.570794525520714,70.57968323566762,3000.0,250.0,0.0,0.0,0.9064963629498464
150,14.999999999999963,26.570933135012854,70.57988116008441,3000.0,250.0,0.0,0.0,0.9064979111237567
151,15.099999999999962,26.57107174423093,70.58007908498062,3000.0,250.0,0.0,0.0,0.9064994593175367
152,15.199999999999962,26.571210353174944,70.58027701035624,3000.0,250.0,0.0,0.0,0.9065010075309538
153,15.299999999999962,26.571348961844887,70.58047493621127,3000.0,250.0,0.0,0.0,0.9065025557641957
154,15.399999999999961,26.571487570240755,70.58067286254573,3000.0,250.0,0.0,0.0,0.906504104017349
155,15.499999999999961,26.571626178362546,70.5808707893596,3000.0,250.0,0.0,0.0,0.9065056522903147
156,15.59999999999996,26.57176478621026,70.5810687166529,3000.0,250.0,0.0,0.0,0.9065072005833754
157,15.69999999999996,26.571903393783888,70.58126664442563,3000.0,250.0,0.0,0.0,0.906508748896365
158,15.79999999999996,26.572042001083425,70.58146457267779,3000.0,250.0,0.0,0.0,0.9065102972294401
159,15.89999999999996,26.57218060810887,70.5816625014094,3000.0,250.0,0.0,0.0,0.9065118455826308
160,15.99999999999996,26.57231921486022,70.58186043062045,3000.0,250.0,0.0,0.0,0.9065133939559631
161,16.09999999999996,26.57245782133747,70.58205836031095,3000.0,250.0,0.0,0.0,0.9065149423495974
162,16.19999999999996,26.572596427540613,70.58225629048091,3000.0,250.0,0.0,0.0,0.9065164907633707
163,16.29999999999996,26.57273503346965,70.58245422113033,3000.0,250.0,0.0,0.0,0.9065180391975053
164,16.399999999999963,26.572873639124577,70.58265215225921,3000.0,250.0,0.0,0.0,0.9065195876520663
165,16.499999999999964,26.573012244505385,70.58285008386757,3000.0,250.0,0.0,0.0,0.906521136127022
166,16.599999999999966,26.573150849612073,70.5830480159554,3000.0,250.0,0.0,0.0,0.9065226846224014
167,16.699999999999967,26.573289454444637,70.5832459485227,3000.0,250.0,0.0,0.0,0.906524233138271
168,16.79999999999997,26.573428059003074,70.58344388156948,3000.0,250.0,0.0,0.0,0.9065257816747976
169,16.89999999999997,26.57356666328738,70.58364181509575,3000.0,250.0,0.0,0.0,0.9065273302320167
170,16.99999999999997,26.573705267297548,70.5838397491015,3000.0,250.0,0.0,0.0,0.906528878809994
171,17.099999999999973,26.573843871033578,70.58403768358676,3000.0,250.0,0.0,0.0,0.9065304274086333
172,17.199999999999974,26.573982474495462,70.58423561855152,3000.0,250.0,0.0,0.0,0.9065319760281334
173,17.299999999999976,26.5741210776832,70.58443355399578,3000.0,250.0,0.0,0.0,0.9065335246684658
174,17.399999999999977,26.574259680596782,70.58463148991954,3000.0,250.0,0.0,0.0,0.906535073329702
175,17.49999999999998,26.57439828323621,70.58482942632283,3000.0,250.0,0.0,0.0,0.9065366220119824
176,17.59999999999998,26.57453688560148,70.58502736320563,3000.0,250.0,0.0,0.0,0.9065381707153086
177,17.69999999999998,26.574675487692584,70.58522530056796,3000.0,250.0,0.0,0.0,0.9065397194397893
178,17.799999999999983,26.57481408950952,70.5854232384098,3000.0,250.0,0.0,0.0,0.9065412681853932
179,17.899999999999984,26.574952691052285,70.58562117673118,3000.0,250.0,0.0,0.0,0.9065428169522686
180,17.999999999999986,26.575091292320874,70.5858191155321,3000.0,250.0,0.0,0.0,0.9065443657404882
181,18.099999999999987,26.57522989331528,70.58601705481257,3000.0,250.0,0.0,0.0,0.9065459145499882
182,18.19999999999999,26.575368494035505,70.58621499457259,3000.0,250.0,0.0,0.0,0.9065474633809497
183,18.29999999999999,26.575507094481537,70.58641293481215,3000.0,250.0,0.0,0.0,0.906549012233383
184,18.39999999999999,26.575645694653378,70.58661087553126,3000.0,250.0,0.0,0.0,0.9065505611072987
185,18.499999999999993,26.57578429455102,70.58680881672994,3000.0,250.0,0.0,0.0,0.9065521100028422
186,18.599999999999994,26.575922894174465,70.58700675840818,3000.0,250.0,0.0,0.0,0.9065536589201653
187,18.699999999999996,26.576061493523703,70.58720470056599,3000.0,250.0,0.0,0.0,0.9065552078592464
188,18.799999999999997,26.57620009259873,70.58740264320338,3000.0,250.0,0.0,0.0,0.9065567568200942
189,18.9,26.576338691399542,70.58760058632035,3000.0,250.0,0.0,0.0,0.9065583058027931
190,19.0,26.57647728992614,70.5877985299169,3000.0,250.0,0.0,0.0,0.9065598548073881
191,19.1,26.576615888178512,70.58799647399303,3000.0,250.0,0.0,0.0,0.9065614038341113
192,19.200000000000003,26.57675448615666,70.58819441854877,3000.0,250.0,0.0,0.0,0.9065629528829042
193,19.300000000000004,26.576893083860575,70.5883923635841,3000.0,250.0,0.0,0.0,0.9065645019538144
194,19.400000000000006,26.577031681290254,70.58859030909905,3000.0,250.0,0.0,0.0,0.9065660510469308
195,19.500000000000007,26.577170278445696,70.58878825509359,3000.0,250.0,0.0,0.0,0.9065676001622712
196,19.60000000000001,26.577308875326892,70.58898620156775,3000.0,250.0,0.0,0.0,0.9065691493001061
197,19.70000000000001,26.57744747193384,70.58918414852153,3000.0,250.0,0.0,0.0,0.9065706984603437
198,19.80000000000001,26.577586068266537,70.58938209595493,3000.0,250.0,0.0,0.0,0.9065722476430036
199,19.900000000000013,26.57772466432498,70.58958004386795,3000.0,250.0,0.0,0.0,0.906573796848284
200,20.000000000000014,26.577863260109158,70.58977799226062,3000.0,250.0,0.0,0.0,0.9065753460763576
201,20.100000000000016,26.57800185561907,70.58997594113292,3000.0,250.0,0.0,0.0,0.9065768953269463
202,20.200000000000017,26.578140450854715,70.59017389048486,3000.0,250.0,0.0,0.0,0.9065784446004806
203,20.30000000000002,26.578279045816085,70.59037184031645,3000.0,250.0,0.0,0.0,0.906579993896908
204,20.40000000000002,26.578417640503176,70.5905697906277,3000.0,250.0,0.0,0.0,0.9065815432162535
205,20.50000000000002,26.578556234915986,70.59076774141859,3000.0,250.0,0.0,0.0,0.9065830925585755
206,20.600000000000023,26.57869482905451,70.59096569268915,3000.0,250.0,0.0,0.0,0.906584641924203
207,20.700000000000024,26.578833422918738,70.59116364443938,3000.0,250.0,0.0,0.0,0.9065861913129695
208,20.800000000000026,26.578972016508672,70.59136159666927,3000.0,250.0,0.0,0.0,0.9065877407250205
209,20.900000000000027,26.579110609824305,70.59155954937884,3000.0,250.0,0.0,0.0,0.9065892901604936
210,21.00000000000003,26.579249202865633,70.5917575025681,3000.0,250.0,0.0,0.0,0.9065908396193452
211,21.10000000000003,26.579387795632652,70.59195545623705,3000.0,250.0,0.0,0.0,0.9065923891017522
212,21.20000000000003,26.579526388125355,70.59215341038568,3000.0,250.0,0.0,0.0,0.906593938607748
213,21.300000000000033,26.57966498034374,70.59235136501401,3000.0,250.0,0.0,0.0,0.9065954881374799
214,21.400000000000034,26.5798035722878,70.59254932012205,3000.0,250.0,0.0,0.0,0.9065970376910165
215,21.500000000000036,26.579942163957536,70.5927472757098,3000.0,250.0,0.0,0.0,0.9065985872683168
216,21.600000000000037,26.580080755352938,70.59294523177725,3000.0,250.0,0.0,0.0,0.9066001368695654
217,21.70000000000004,26.580219346474003,70.59314318832442,3000.0,250.0,0.0,0.0,0.906601686495037
218,21.80000000000004,26.580357937320727,70.59334114535132,3000.0,250.0,0.0,0.0,0.9066032361444951
219,21.90000000000004,26.580496527893104,70.59353910285795,3000.0,250.0,0.0,0.0,0.9066047858182459
220,22.000000000000043,26.58063511819113,70.5937370608443,3000.0,250.0,0.0,0.0,0.9066063355163309
221,22.100000000000044,26.5807737082148,70.59393501931041,3000.0,250.0,0.0,0.0,0.9066078852387134
222,22.200000000000045,26.58091229796411,70.59413297825625,3000.0,250.0,0.0,0.0,0.9066094349856275
223,22.300000000000047,26.58105088743906,70.59433093768185,3000.0,250.0,0.0,0.0,0.906610984757157
224,22.40000000000005,26.581189476639636,70.59452889758718,3000.0,250.0,0.0,0.0,0.9066125345534268
225,22.50000000000005,26.581328065565838,70.59472685797229,3000.0,250.0,0.0,0.0,0.9066140843745236
226,22.60000000000005,26.58146665421766,70.59492481883716,3000.0,250.0,0.0,0.0,0.906615634220366
227,22.700000000000053,26.5816052425951,70.5951227801818,3000.0,250.0,0.0,0.0,0.9066171840913667
228,22.800000000000054,26.58174383069815,70.59532074200621,3000.0,250.0,0.0,0.0,0.906618733987211
229,22.900000000000055,26.58188241852681,70.5955187043104,3000.0,250.0,0.0,0.0,0.9066202839084725
230,23.000000000000057,26.58202100608107,70.59571666709436,3000.0,250.0,0.0,0.0,0.9066218338549633
231,23.10000000000006,26.582159593360927,70.59591463035812,3000.0,250.0,0.0,0.0,0.9066233838268131
232,23.20000000000006,26.582298180366376,70.59611259410168,3000.0,250.0,0.0,0.0,0.90662493382424
233,23.30000000000006,26.582436767097413,70.59631055832504,3000.0,250.0,0.0,0.0,0.9066264838472966
234,23.400000000000063,26.58257535355403,70.5965085230282,3000.0,250.0,0.0,0.0,0.9066280338959593
235,23.500000000000064,26.582713939736227,70.59670648821118,3000.0,250.0,0.0,0.0,0.9066295839704925
236,23.600000000000065,26.582852525643997,70.59690445387398,3000.0,250.0,0.0,0.0,0.9066311340709526
237,23.700000000000067,26.582991111277334,70.5971024200166,3000.0,250.0,0.0,0.0,0.9066326841973606
238,23.800000000000068,26.58312969663623,70.59730038663905,3000.0,250.0,0.0,0.0,0.906634234349941
239,23.90000000000007,26.583268281720688,70.59749835374133,3000.0,250.0,0.0,0.0,0.9066357845287594
240,24.00000000000007,26.583406866530698,70.59769632132345,3000.0,250.0,0.0,0.0,0.9066373347338823
241,24.100000000000072,26.583545451066254,70.59789428938542,3000.0,250.0,0.0,0.0,0.906638884965541
242,24.200000000000074,26.58368403532735,70.59809225792723,3000.0,250.0,0.0,0.0,0.9066404352237638
243,24.300000000000075,26.583822619313988,70.5982902269489,3000.0,250.0,0.0,0.0,0.9066419855088341
244,24.400000000000077,26.583961203026156,70.59848819645043,3000.0,250.0,0.0,0.0,0.9066435358206081
245,24.500000000000078,26.584099786463852,70.59868616643183,3000.0,250.0,0.0,0.0,0.9066450861594161
246,24.60000000000008,26.584238369627073,70.5988841368931,3000.0,250.0,0.0,0.0,0.9066466365252009
247,24.70000000000008,26.58437695251581,70.59908210783425,3000.0,250.0,0.0,0.0,0.9066481869182125
248,24.800000000000082,26.58451553513006,70.59928007925528,3000.0,250.0,0.0,0.0,0.9066497373386176
249,24.900000000000084,26.584654117469814,70.5994780511562,3000.0,250.0,0.0,0.0,0.9066512877864499
250,25.000000000000085,26.584792699535072,70.59967602353701,3000.0,250.0,0.0,0.0,0.9066528382618799
251,25.100000000000087,26.584931281325826,70.59987399639773,3000.0,250.0,0.0,0.0,0.906654388764944
252,25.200000000000088,26.58506986284207,70.60007196973835,3000.0,250.0,0.0,0.0,0.9066559392959043
253,25.30000000000009,26.585208444083797,70.60026994355889,3000.0,250.0,0.0,0.0,0.9066574898547626
254,25.40000000000009,26.585347025051007,70.60046791785933,3000.0,250.0,0.0,0.0,0.9066590404417808
255,25.500000000000092,26.585485605743692,70.60066589263971,3000.0,250.0,0.0,0.0,0.9066605910569636
256,25.600000000000094,26.585624186161848,70.60086386790002,3000.0,250.0,0.0,0.0,0.9066621417005336
257,25.700000000000095,26.585762766305468,70.60106184364025,3000.0,250.0,0.0,0.0,0.9066636923725432
258,25.800000000000097,26.58590134617455,70.60125981986043,3000.0,250.0,0.0,0.0,0.906665243073316
259,25.900000000000098,26.586039925769082,70.60145779656055,3000.0,250.0,0.0,0.0,0.9066667938029489
260,26.0000000000001,26.586178505089062,70.60165577374063,3000.0,250.0,0.0,0.0,0.9066683445614552
261,26.1000000000001,26.586317084134485,70.60185375140067,3000.0,250.0,0.0,0.0,0.9066698953489796
262,26.200000000000102,26.586455662905344,70.60205172954066,3000.0,250.0,0.0,0.0,0.9066714461657207
263,26.300000000000104,26.586594241401635,70.60224970816063,3000.0,250.0,0.0,0.0,0.9066729970118805
264,26.400000000000105,26.586732819623354,70.60244768726056,3000.0,250.0,0.0,0.0,0.9066745478876123
265,26.500000000000107,26.58687139757049,70.60264566684049,3000.0,250.0,0.0,0.0,0.9066760987930311
266,26.600000000000108,26.587009975243042,70.6028436469004,3000.0,250.0,0.0,0.0,0.9066776497282485
267,26.70000000000011,26.587148552641004,70.6030416274403,3000.0,250.0,0.0,0.0,0.9066792006935237
268,26.80000000000011,26.58728712976437,70.60323960846021,3000.0,250.0,0.0,0.0,0.9066807516888328
269,26.900000000000112,26.587425706613132,70.60343758996012,3000.0,250.0,0.0,0.0,0.9066823027144405
270,27.000000000000114,26.587564283187287,70.60363557194005,3000.0,250.0,0.0,0.0,0.906683853770521
271,27.100000000000115,26.58770285948683,70.60383355439998,3000.0,250.0,0.0,0.0,0.9066854048572459
272,27.200000000000117,26.587841435511752,70.60403153733995,3000.0,250.0,0.0,0.0,0.9066869559748431
273,27.300000000000118,26.58798001126205,70.60422952075994,3000.0,250.0,0.0,0.0,0.9066885071234906
274,27.40000000000012,26.588118586737718,70.60442750465998,3000.0,250.0,0.0,0.0,0.9066900583031345
275,27.50000000000012,26.588257161938746,70.60462548904006,3000.0,250.0,0.0,0.0,0.9066916095141012
276,27.600000000000122,26.58839573686513,70.60482347390018,3000.0,250.0,0.0,0.0,0.9066931607565831
277,27.700000000000124,26.588534311516867,70.60502145924036,3000.0,250.0,0.0,0.0,0.9066947120306782
278,27.800000000000125,26.58867288589395,70.6052194450606,3000.0,250.0,0.0,0.0,0.9066962633366764
279,27.900000000000126,26.58881145999637,70.6054174313609,3000.0,250.0,0.0,0.0,0.9066978146746816
280,28.000000000000128,26.588950033824126,70.60561541814128,3000.0,250.0,0.0,0.0,0.9066993660449914
281,28.10000000000013,26.589088607377207,70.60581340540175,3000.0,250.0,0.0,0.0,0.9067009174477162
282,28.20000000000013,26.58922718065561,70.6060113931423,3000.0,250.0,0.0,0.0,0.9067024688829122
283,28.300000000000132,26.589365753659326,70.60620938136294,3000.0,250.0,0.0,0.0,0.906704020351044
284,28.400000000000134,26.58950432638835,70.60640737006369,3000.0,250.0,0.0,0.0,0.9067055718519235
285,28.500000000000135,26.58964289884268,70.60660535924454,3000.0,250.0,0.0,0.0,0.9067071233860737
286,28.600000000000136,26.589781471022306,70.6068033489055,3000.0,250.0,0.0,0.0,0.9067086749537226
287,28.700000000000138,26.589920042927222,70.60700133904659,3000.0,250.0,0.0,0.0,0.9067102265549425
288,28.80000000000014,26.59005861455742,70.6071993296678,3000.0,250.0,0.0,0.0,0.9067117781898584
289,28.90000000000014,26.590197185912896,70.60739732076914,3000.0,250.0,0.0,0.0,0.906713329858765
290,29.000000000000142,26.590335756993642,70.60759531235063,3000.0,250.0,0.0,0.0,0.9067148815618395
291,29.100000000000144,26.590474327799654,70.60779330441225,3000.0,250.0,0.0,0.0,0.906716433299432
292,29.200000000000145,26.590612898330924,70.60799129695404,3000.0,250.0,0.0,0.0,0.906717985071637
293,29.300000000000146,26.590751468587445,70.60818928997598,3000.0,250.0,0.0,0.0,0.9067195368787025
294,29.400000000000148,26.59089003856921,70.6083872834781,3000.0,250.0,0.0,0.0,0.9067210887208873
295,29.50000000000015,26.591028608276215,70.60858527746038,3000.0,250.0,0.0,0.0,0.9067226405982367
296,29.60000000000015,26.59116717770845,70.60878327192283,3000.0,250.0,0.0,0.0,0.9067241925112827
297,29.700000000000152,26.59130574686591,70.60898126686548,3000.0,250.0,0.0,0.0,0.9067257444601398
298,29.800000000000153,26.59144431574859,70.60917926228832,3000.0,250.0,0.0,0.0,0.9067272964448568
299,29.900000000000155,26.59158288435648,70.60937725819136,3000.0,250.0,0.0,0.0,0.9067288484659908
300,30.000000000000156,26.591721452689576,70.60957525457461,3000.0,250.0,0.0,0.0,0.9067304005236612
301,30.100000000000158,26.59186002074787,70.60977325143807,3000.0,250.0,0.0,0.0,0.9067319526180445
302,30.20000000000016,26.591998588531354,70.60997124878176,3000.0,250.0,0.0,0.0,0.9067335047493826
303,30.30000000000016,26.59213715604002,70.61016924660568,3000.0,250.0,0.0,0.0,0.9067350569179148
304,30.400000000000162,26.592275723273865,70.61036724490984,3000.0,250.0,0.0,0.0,0.9067366091240588
305,30.500000000000163,26.59241429023288,70.61056524369424,3000.0,250.0,0.0,0.0,0.9067381613678438
306,30.600000000000165,26.59255285691706,70.6107632429589,3000.0,250.0,0.0,0.0,0.9067397136496979
307,30.700000000000166,26.592691423326393,70.61096124270381,3000.0,250.0,0.0,0.0,0.9067412659698824
308,30.800000000000168,26.592829989460874,70.61115924292898,3000.0,250.0,0.0,0.0,0.9067428183285581
309,30.90000000000017,26.5929685553205,70.61135724363443,3000.0,250.0,0.0,0.0,0.9067443707262866
310,31.00000000000017,26.59310712090526,70.61155524482015,3000.0,250.0,0.0,0.0,0.9067459231630555
311,31.100000000000172,26.593245686215145,70.61175324648617,3000.0,250.0,0.0,0.0,0.9067474756393907
312,31.200000000000173,26.59338425125015,70.61195124863248,3000.0,250.0,0.0,0.0,0.9067490281552876
313,31.300000000000175,26.593522816010267,70.6121492512591,3000.0,250.0,0.0,0.0,0.9067505807113435
314,31.400000000000176,26.59366138049549,70.61234725436603,3000.0,250.0,0.0,0.0,0.9067521333076216
315,31.500000000000178,26.59379994470581,70.61254525795327,3000.0,250.0,0.0,0.0,0.9067536859446113
316,31.60000000000018,26.59393850864122,70.61274326202084,3000.0,250.0,0.0,0.0,0.9067552386225767
317,31.70000000000018,26.59407707230171,70.61294126656874,3000.0,250.0,0.0,0.0,0.90675679134178
318,31.800000000000182,26.594215635687277,70.61313927159699,3000.0,250.0,0.0,0.0,0.9067583441025564
319,31.900000000000183,26.59435419879791,70.61333727710559,3000.0,250.0,0.0,0.0,0.9067598969051728
320,32.000000000000185,26.5944927616336,70.61353528309454,3000.0,250.0,0.0,0.0,0.906761449750226
321,32.100000000000186,26.594631324194342,70.61373328956385,3000.0,250.0,0.0,0.0,0.9067630026376448
322,32.20000000000019,26.594769886480126,70.61393129651354,3000.0,250.0,0.0,0.0,0.9067645555682079
323,32.30000000000019,26.594908448490944,70.61412930394361,3000.0,250.0,0.0,0.0,0.9067661085419239
324,32.40000000000019,26.59504701022679,70.61432731185408,3000.0,250.0,0.0,0.0,0.9067676615592242
325,32.50000000000019,26.595185571687654,70.61452532024495,3000.0,250.0,0.0,0.0,0.9067692146203646
326,32.60000000000019,26.59532413287353,70.61472332911622,3000.0,250.0,0.0,0.0,0.9067707677259873
327,32.700000000000195,26.595462693784405,70.6149213384679,3000.0,250.0,0.0,0.0,0.9067723208763735
328,32.800000000000196,26.595601254420277,70.6151193483,3000.0,250.0,0.0,0.0,0.9067738740718033
329,32.9000000000002,26.595739814781133,70.61531735861253,3000.0,250.0,0.0,0.0,0.9067754273128156
330,33.0000000000002,26.595878374866967,70.6155153694055,3000.0,250.0,0.0,0.0,0.9067769805996521
331,33.1000000000002,26.59601693467777,70.61571338067893,3000.0,250.0,0.0,0.0,0.9067785339327437
332,33.2000000000002,26.596155494213534,70.6159113924328,3000.0,250.0,0.0,0.0,0.9067800873125954
333,33.3000000000002,26.596294053474246,70.61610940466716,3000.0,250.0,0.0,0.0,0.9067816407394736
334,33.400000000000205,26.596432612459903,70.61630741738198,3000.0,250.0,0.0,0.0,0.9067831942136424
335,33.500000000000206,26.596571171170492,70.61650543057728,3000.0,250.0,0.0,0.0,0.9067847477360355
336,33.60000000000021,26.596709729606008,70.61670344425308,3000.0,250.0,0.0,0.0,0.9067863013068095
337,33.70000000000021,26.596848287766438,70.61690145840937,3000.0,250.0,0.0,0.0,0.9067878549260591
338,33.80000000000021,26.596986845651774,70.61709947304618,3000.0,250.0,0.0,0.0,0.9067894085948885
339,33.90000000000021,26.59712540326201,70.6172974881635,3000.0,250.0,0.0,0.0,0.9067909623132814
340,34.00000000000021,26.597263960597132,70.61749550376135,3000.0,250.0,0.0,0.0,0.9067925160819706
341,34.100000000000215,26.597402517657134,70.61769351983973,3000.0,250.0,0.0,0.0,0.9067940699013595
342,34.200000000000216,26.597541074442006,70.61789153639867,3000.0,250.0,0.0,0.0,0.9067956237718607
343,34.30000000000022,26.59767963095174,70.61808955343817,3000.0,250.0,0.0,0.0,0.9067971776938979
344,34.40000000000022,26.59781818718632,70.61828757095823,3000.0,250.0,0.0,0.0,0.9067987316680516
345,34.50000000000022,26.597956743145744,70.61848558895886,3000.0,250.0,0.0,0.0,0.9068002856947692
346,34.60000000000022,26.59809529883,70.61868360744008,3000.0,250.0,0.0,0.0,0.906801839774798
347,34.70000000000022,26.598233854239076,70.61888162640189,3000.0,250.0,0.0,0.0,0.9068033939086135
348,34.800000000000225,26.598372409372963,70.61907964584431,3000.0,250.0,0.0,0.0,0.9068049480966329
349,34.900000000000226,26.598510964231654,70.61927766576734,3000.0,250.0,0.0,0.0,0.906806502339355
350,35.00000000000023,26.598649518815137,70.619475686171,3000.0,250.0,0.0,0.0,0.9068080566372286
351,35.10000000000023,26.598788073123398,70.61967370705528,3000.0,250.0,0.0,0.0,0.9068096109912113
352,35.20000000000023,26.59892662715643,70.61987172842021,3000.0,250.0,0.0,0.0,0.9068111654017854
353,35.30000000000023,26.599065180914224,70.6200697502658,3000.0,250.0,0.0,0.0,0.9068127198695102
354,35.40000000000023,26.599203734396767,70.62026777259204,3000.0,250.0,0.0,0.0,0.9068142743948765
355,35.500000000000234,26.59934228760405,70.62046579539897,3000.0,250.0,0.0,0.0,0.9068158289786388
356,35.600000000000236,26.59948084053606,70.62066381868658,3000.0,250.0,0.0,0.0,0.9068173836211703
357,35.70000000000024,26.59961939319279,70.62086184245489,3000.0,250.0,0.0,0.0,0.9068189383234748
358,35.80000000000024,26.599757945574225,70.6210598667039,3000.0,250.0,0.0,0.0,0.9068204930861196
359,35.90000000000024,26.599896497680355,70.62125789143363,3000.0,250.0,0.0,0.0,0.9068220479095349
360,36.00000000000024,26.60003504951117,70.62145591664408,3000.0,250.0,0.0,0.0,0.9068236027946331
361,36.10000000000024,26.600173601066658,70.62165394233527,3000.0,250.0,0.0,0.0,0.906825157742188
362,36.200000000000244,26.600312152346806,70.62185196850722,3000.0,250.0,0.0,0.0,0.906826712752916
363,36.300000000000246,26.600450703351605,70.62204999515993,3000.0,250.0,0.0,0.0,0.9068282678272416
364,36.40000000000025,26.60058925408104,70.6222480222934,3000.0,250.0,0.0,0.0,0.9068298229659162
365,36.50000000000025,26.6007278045351,70.62244604990767,3000.0,250.0,0.0,0.0,0.9068313781700408
366,36.60000000000025,26.600866354713776,70.62264407800272,3000.0,250.0,0.0,0.0,0.9068329334402577
367,36.70000000000025,26.601004904617053,70.62284210657859,3000.0,250.0,0.0,0.0,0.9068344887770663
368,36.80000000000025,26.60114345424492,70.62304013563528,3000.0,250.0,0.0,0.0,0.9068360441819557
369,36.900000000000254,26.601282003597362,70.62323816517281,3000.0,250.0,0.0,0.0,0.9068375996548218
370,37.000000000000256,26.60142055267437,70.62343619519118,3000.0,250.0,0.0,0.0,0.9068391551971239
371,37.10000000000026,26.601559101475928,70.6236342256904,3000.0,250.0,0.0,0.0,0.9068407108097938
372,37.20000000000026,26.601697650002027,70.62383225667048,3000.0,250.0,0.0,0.0,0.9068422664932788
373,37.30000000000026,26.60183619825265,70.62403028813145,3000.0,250.0,0.0,0.0,0.9068438222492203
374,37.40000000000026,26.601974746227786,70.62422832007331,3000.0,250.0,0.0,0.0,0.906845378077695
375,37.50000000000026,26.60211329392742,70.62442635249609,3000.0,250.0,0.0,0.0,0.9068469339802382
376,37.600000000000264,26.60225184135154,70.62462438539978,3000.0,250.0,0.0,0.0,0.9068484899574829
377,37.700000000000266,26.60239038850013,70.6248224187844,3000.0,250.0,0.0,0.0,0.9068500460103432
378,37.80000000000027,26.60252893537318,70.62502045264998,3000.0,250.0,0.0,0.0,0.906851602140474
379,37.90000000000027,26.60266748197067,70.6252184869965,3000.0,250.0,0.0,0.0,0.9068531583482351
380,38.00000000000027,26.60280602829259,70.62541652182401,3000.0,250.0,0.0,0.0,0.9068547146350894
381,38.10000000000027,26.602944574338927,70.6256145571325,3000.0,250.0,0.0,0.0,0.9068562710018956
382,38.20000000000027,26.603083120109662,70.62581259292199,3000.0,250.0,0.0,0.0,0.9068578274498343
383,38.300000000000274,26.603221665604785,70.62601062919249,3000.0,250.0,0.0,0.0,0.9068593839799199
384,38.400000000000276,26.603360210824277,70.62620866594402,3000.0,250.0,0.0,0.0,0.9068609405937752
385,38.50000000000028,26.603498755768122,70.6264067031766,3000.0,250.0,0.0,0.0,0.9068624972924156
386,38.60000000000028,26.603637300436308,70.62660474089023,3000.0,250.0,0.0,0.0,0.9068640540765991
387,38.70000000000028,26.603775844828817,70.62680277908494,3000.0,250.0,0.0,0.0,0.9068656109482643
388,38.80000000000028,26.603914388945633,70.62700081776073,3000.0,250.0,0.0,0.0,0.9068671679082507
389,38.90000000000028,26.60405293278674,70.62719885691763,3000.0,250.0,0.0,0.0,0.9068687249581227
390,39.000000000000284,26.60419147635212,70.62739689655565,3000.0,250.0,0.0,0.0,0.9068702820990875
391,39.100000000000286,26.604330019641758,70.62759493667481,3000.0,250.0,0.0,0.0,0.9068718393326995
392,39.20000000000029,26.604468562655637,70.62779297727512,3000.0,250.0,0.0,0.0,0.9068733966600759
393,39.30000000000029,26.60460710539374,70.6279910183566,3000.0,250.0,0.0,0.0,0.9068749540830695
394,39.40000000000029,26.60474564785605,70.62818905991925,3000.0,250.0,0.0,0.0,0.9068765116029976
395,39.50000000000029,26.604884190042547,70.6283871019631,3000.0,250.0,0.0,0.0,0.9068780692215296
396,39.60000000000029,26.605022731953216,70.62858514448817,3000.0,250.0,0.0,0.0,0.9068796269405998
397,39.700000000000294,26.605161273588035,70.62878318749448,3000.0,250.0,0.0,0.0,0.9068811847611707
398,39.800000000000296,26.60529981494699,70.62898123098203,3000.0,250.0,0.0,0.0,0.9068827426850863
399,39.9000000000003,26.605438356030056,70.62917927495086,3000.0,250.0,0.0,0.0,0.9068843007143645
400,40.0000000000003,26.605576896837217,70.62937731940097,3000.0,250.0,0.0,0.0,0.9068858588508885
401,40.1000000000003,26.605715437368453,70.62957536433238,3000.0,250.0,0.0,0.0,0.9068874170957439
402,40.2000000000003,26.605853977623745,70.62977340974513,3000.0,250.0,0.0,0.0,0.9068889754519228
403,40.3000000000003,26.605992517603074,70.62997145563921,3000.0,250.0,0.0,0.0,0.9068905339204202
404,40.400000000000304,26.606131057306417,70.63016950201465,3000.0,250.0,0.0,0.0,0.9068920925039645
405,40.500000000000306,26.606269596733753,70.63036754887148,3000.0,250.0,0.0,0.0,0.9068936512040301
406,40.60000000000031,26.60640813588506,70.6305655962097,3000.0,250.0,0.0,0.0,0.906895210023289
407,40.70000000000031,26.60654667476032,70.63076364402936,3000.0,250.0,0.0,0.0,0.9068967689633722
408,40.80000000000031,26.606685213359505,70.63096169233044,3000.0,250.0,0.0,0.0,0.9068983280267955
409,40.90000000000031,26.606823751682597,70.631159741113,3000.0,250.0,0.0,0.0,0.9068998872162951
410,41.00000000000031,26.60696228972957,70.63135779037702,3000.0,250.0,0.0,0.0,0.9069014465335365
411,41.100000000000314,26.607100827500403,70.63155584012256,3000.0,250.0,0.0,0.0,0.9069030059815728
412,41.200000000000315,26.60723936499507,70.63175389034963,3000.0,250.0,0.0,0.0,0.906904565562975
413,41.30000000000032,26.60737790221355,70.63195194105825,3000.0,250.0,0.0,0.0,0.9069061252798213
414,41.40000000000032,26.607516439155813,70.63214999224843,3000.0,250.0,0.0,0.0,0.9069076851351519
415,41.50000000000032,26.607654975821838,70.63234804392022,3000.0,250.0,0.0,0.0,0.9069092451321422
416,41.60000000000032,26.607793512211597,70.63254609607363,3000.0,250.0,0.0,0.0,0.9069108052732038
417,41.70000000000032,26.607932048325065,70.63274414870867,3000.0,250.0,0.0,0.0,0.9069123655615214
418,41.800000000000324,26.608070584162213,70.63294220182539,3000.0,250.0,0.0,0.0,0.9069139260005538
419,41.900000000000325,26.608209119723014,70.6331402554238,3000.0,250.0,0.0,0.0,0.9069154865928533
420,42.00000000000033,26.608347655007442,70.63333830950393,3000.0,250.0,0.0,0.0,0.9069170473424335
421,42.10000000000033,26.608486190015466,70.63353636406579,3000.0,250.0,0.0,0.0,0.9069186082522909
422,42.20000000000033,26.608624724747056,70.63373441910943,3000.0,250.0,0.0,0.0,0.9069201693266543
423,42.30000000000033,26.608763259202185,70.63393247463488,3000.0,250.0,0.0,0.0,0.9069217305687044
424,42.40000000000033,26.60890179338082,70.63413053064214,3000.0,250.0,0.0,0.0,0.90692329198207
425,42.500000000000334,26.60904032728293,70.63432858713126,3000.0,250.0,0.0,0.0,0.9069248535715524
426,42.600000000000335,26.609178860908482,70.63452664410228,3000.0,250.0,0.0,0.0,0.9069264153403293
427,42.70000000000034,26.609317394257445,70.6347247015552,3000.0,250.0,0.0,0.0,0.9069279772934705
428,42.80000000000034,26.609455927329783,70.63492275949007,3000.0,250.0,0.0,0.0,0.9069295394356048
429,42.90000000000034,26.609594460125464,70.63512081790691,3000.0,250.0,0.0,0.0,0.9069311017706893
430,43.00000000000034,26.609732992644453,70.63531887680577,3000.0,250.0,0.0,0.0,0.9069326643040964
431,43.10000000000034,26.60987152488671,70.63551693618666,3000.0,250.0,0.0,0.0,0.9069342270405683
432,43.200000000000344,26.6100100568522,70.63571499604963,3000.0,250.0,0.0,0.0,0.9069357899856019
433,43.300000000000345,26.610148588540884,70.63591305639471,3000.0,250.0,0.0,0.0,0.9069373531446506
434,43.40000000000035,26.610287119952723,70.63611111722194,3000.0,250.0,0.0,0.0,0.9069389165226924
435,43.50000000000035,26.610425651087677,70.63630917853135,3000.0,250.0,0.0,0.0,0.9069404801262791
436,43.60000000000035,26.610564181945705,70.63650724032298,3000.0,250.0,0.0,0.0,0.9069420439621815
437,43.70000000000035,26.610702712526763,70.63670530259687,3000.0,250.0,0.0,0.0,0.9069436080355636
438,43.80000000000035,26.61084124283081,70.63690336535305,3000.0,250.0,0.0,0.0,0.9069451723546157
439,43.900000000000354,26.6109797728578,70.63710142859156,3000.0,250.0,0.0,0.0,0.9069467369250956
440,44.000000000000355,26.611118302607686,70.63729949231247,3000.0,250.0,0.0,0.0,0.9069483017555534
441,44.10000000000036,26.611256832080418,70.63749755651578,3000.0,250.0,0.0,0.0,0.9069498668531171
442,44.20000000000036,26.61139536127595,70.63769562120157,3000.0,250.0,0.0,0.0,0.9069514322255872
443,44.30000000000036,26.61153389019423,70.63789368636986,3000.0,250.0,0.0,0.0,0.9069529978817599
444,44.40000000000036,26.61167241883521,70.63809175202071,3000.0,250.0,0.0,0.0,0.9069545638308706
445,44.50000000000036,26.61181094719883,70.63828981815418,3000.0,250.0,0.0,0.0,0.9069561300823515
446,44.600000000000364,26.611949475285037,70.6384878847703,3000.0,250.0,0.0,0.0,0.9069576966455198
447,44.700000000000365,26.612088003093774,70.63868595186912,3000.0,250.0,0.0,0.0,0.9069592635303577
448,44.80000000000037,26.612226530624984,70.6388840194507,3000.0,250.0,0.0,0.0,0.9069608307487166
449,44.90000000000037,26.612365057878602,70.63908208751509,3000.0,250.0,0.0,0.0,0.9069623983118783
450,45.00000000000037,26.612503584854565,70.63928015606236,3000.0,250.0,0.0,0.0,0.906963966231539
451,45.10000000000037,26.61264211155281,70.63947822509255,3000.0,250.0,0.0,0.0,0.906965534520877
452,45.20000000000037,26.612780637973263,70.63967629460574,3000.0,250.0,0.0,0.0,0.9069671031936435
453,45.300000000000374,26.61291916411586,70.63987436460198,3000.0,250.0,0.0,0.0,0.9069686722629081
454,45.400000000000375,26.613057689980522,70.64007243508134,3000.0,250.0,0.0,0.0,0.9069702417443161
455,45.50000000000038,26.61319621556718,70.64027050604388,3000.0,250.0,0.0,0.0,0.9069718116545389
456,45.60000000000038,26.613334740875747,70.64046857748967,3000.0,250.0,0.0,0.0,0.9069733820102167
457,45.70000000000038,26.613473265906144,70.6406666494188,3000.0,250.0,0.0,0.0,0.9069749528291409
458,45.80000000000038,26.613611790658286,70.64086472183133,3000.0,250.0,0.0,0.0,0.9069765241303476
459,45.90000000000038,26.61375031513208,70.64106279472735,3000.0,250.0,0.0,0.0,0.9069780959350673
460,46.000000000000384,26.613888839327437,70.64126086810694,3000.0,250.0,0.0,0.0,0.9069796682646226
461,46.100000000000385,26.614027363244258,70.64145894197019,3000.0,250.0,0.0,0.0,0.9069812411417325
462,46.20000000000039,26.61416588688244,70.64165701631717,3000.0,250.0,0.0,0.0,0.9069828145915466
463,46.30000000000039,26.61430441024188,70.64185509114799,3000.0,250.0,0.0,0.0,0.9069843886413053
464,46.40000000000039,26.61444293332246,70.64205316646274,3000.0,250.0,0.0,0.0,0.9069859633197812
465,46.50000000000039,26.61458145612407,70.64225124226155,3000.0,250.0,0.0,0.0,0.9069875386569497
466,46.60000000000039,26.614719978646583,70.64244931854451,3000.0,250.0,0.0,0.0,0.9069891146861002
467,46.700000000000394,26.61485850088987,70.64264739531173,3000.0,250.0,0.0,0.0,0.9069906914428827
468,46.800000000000395,26.614997022853796,70.64284547256332,3000.0,250.0,0.0,0.0,0.906992268965851
469,46.9000000000004,26.61513554453822,70.64304355029942,3000.0,250.0,0.0,0.0,0.9069938472981371
470,47.0000000000004,26.615274065942984,70.64324162852017,3000.0,250.0,0.0,0.0,0.9069954264839388
471,47.1000000000004,26.615412587067933,70.64343970722571,3000.0,250.0,0.0,0.0,0.9069970065729219
472,47.2000000000004,26.615551107912896,70.64363778641618,3000.0,250.0,0.0,0.0,0.9069985876183951
473,47.3000000000004,26.615689628477693,70.64383586609173,3000.0,250.0,0.0,0.0,0.9070001696806538
474,47.400000000000404,26.61582814876213,70.64403394625256,3000.0,250.0,0.0,0.0,0.9070017528223272
475,47.500000000000405,26.615966668766006,70.64423202689883,3000.0,250.0,0.0,0.0,0.9070033371161211
476,47.600000000000406,26.6161051884891,70.64443010803073,3000.0,250.0,0.0,0.0,0.9070049226386533
477,47.70000000000041,26.616243707931183,70.64462818964847,3000.0,250.0,0.0,0.0,0.9070065094777879
478,47.80000000000041,26.616382227092,70.64482627175227,3000.0,250.0,0.0,0.0,0.9070080977305491
479,47.90000000000041,26.616520745971282,70.64502435434235,3000.0,250.0,0.0,0.0,0.9070096875028479
480,48.00000000000041,26.61665926456874,70.645222437419,3000.0,250.0,0.0,0.0,0.9070112789164629
481,48.10000000000041,26.616797782884056,70.64542052098247,3000.0,250.0,0.0,0.0,0.9070128721031487
482,48.200000000000415,26.61693630091689,70.64561860503306,3000.0,250.0,0.0,0.0,0.9070144672187825
483,48.300000000000416,26.61707481866687,70.64581668957112,3000.0,250.0,0.0,0.0,0.907016064434837
484,48.40000000000042,26.61721333613359,70.64601477459699,3000.0,250.0,0.0,0.0,0.907017663949724
485,48.50000000000042,26.617351853316602,70.64621286011106,3000.0,250.0,0.0,0.0,0.9070192659912671
486,48.60000000000042,26.61749037021541,70.64641094611378,3000.0,250.0,0.0,0.0,0.9070208708219881
487,48.70000000000042,26.617628886829465,70.64660903260561,3000.0,250.0,0.0,0.0,0.9070224787491454
488,48.80000000000042,26.617767403158155,70.6468071195871,3000.0,250.0,0.0,0.0,0.907024090132024
489,48.900000000000425,26.617905919200794,70.64700520705884,3000.0,250.0,0.0,0.0,0.9070257054001474
490,49.000000000000426,26.6180444349566,70.64720329502153,3000.0,250.0,0.0,0.0,0.9070273250644406
491,49.10000000000043,26.618182950424686,70.64740138347594,3000.0,250.0,0.0,0.0,0.9070289497469459
492,49.20000000000043,26.618321465604026,70.64759947242297,3000.0,250.0,0.0,0.0,0.9070305802093727
493,49.30000000000043,26.61845998049343,70.64779756186365,3000.0,250.0,0.0,0.0,0.9070322174041743
494,49.40000000000043,26.61859849509149,70.64799565179923,3000.0,250.0,0.0,0.0,0.9070338625440428
495,49.50000000000043,26.61873700939652,70.64819374223119,3000.0,250.0,0.0,0.0,0.9070355171936192
496,49.600000000000435,26.618875523406466,70.6483918331613,3000.0,250.0,0.0,0.0,0.9070371834363661
497,49.700000000000436,26.61901403711877,70.64858992459182,3000.0,250.0,0.0,0.0,0.9070388641273737
498,49.80000000000044,26.619152550530156,70.64878801652561,3000.0,250.0,0.0,0.0,0.9070405633222786
499,49.90000000000044,26.619291063636275,70.6489861089665,3000.0,250.0,0.0,0.0,0.9070422870607966
500,50.00000000000044,26.61942957643108,70.64918420191975,3000.0,250.0,0.0,0.0,0.9070440449354441
501,50.10000000000044,26.619568088905595,70.64938229539322,3000.0,250.0,0.0,0.0,0.9070458535101956
502,50.20000000000044,26.61970660104508,70.64958038939982,3000.0,250.0,0.0,0.0,0.9070477453104943
503,50.300000000000445,26.61984511282088,70.6497784839646,3000.0,250.0,0.0,0.0,0.9070497989147988
504,50.400000000000446,26.6199836241531,70.64997657915747,3000.0,250.0,0.0,0.0,0.9070523036485609
505,50.50000000000045,26.620150021618038,70.65018731378183,3000.0,250.0,0.0,0.0,0.8402646770565801
506,50.60000000000045,26.62030004299044,70.65037462805562,3000.0,250.0,0.0,0.0,0.8402661439014893
507,50.70000000000045,26.620450064117204,70.65056194282137,3000.0,250.0,0.0,0.0,0.8402676107616653
508,50.80000000000045,26.620600084998326,70.6507492580791,3000.0,250.0,0.0,0.0,0.8402690776371647
509,50.90000000000045,26.620750105633807,70.65093657382882,3000.0,250.0,0.0,0.0,0.8402705445279136
510,51.000000000000455,26.62090012602364,70.65112389007052,3000.0,250.0,0.0,0.0,0.840272011433949
511,51.100000000000456,26.62105014616782,70.65131120680421,3000.0,250.0,0.0,0.0,0.8402734783553164
512,51.20000000000046,26.62120016606635,70.6514985240299,3000.0,250.0,0.0,0.0,0.8402749452920047
513,51.30000000000046,26.621350185719226,70.6516858417476,3000.0,250.0,0.0,0.0,0.8402764122439882
514,51.40000000000046,26.621500205126445,70.65187315995729,3000.0,250.0,0.0,0.0,0.8402778792113761
515,51.50000000000046,26.621650224288,70.652060478659,3000.0,250.0,0.0,0.0,0.8402793461941143
516,51.60000000000046,26.621800243203893,70.65224779785271,3000.0,250.0,0.0,0.0,0.8402808131922004
517,51.700000000000465,26.62195026187412,70.65243511753843,3000.0,250.0,0.0,0.0,0.8402822802057126
518,51.800000000000466,26.622100280298675,70.65262243771618,3000.0,250.0,0.0,0.0,0.8402837472347299
519,51.90000000000047,26.622250298477557,70.65280975838596,3000.0,250.0,0.0,0.0,0.8402852142790967
520,52.00000000000047,26.62240031641076,70.65299707954776,3000.0,250.0,0.0,0.0,0.8402866813388805
521,52.10000000000047,26.62255033409829,70.6531844012016,3000.0,250.0,0.0,0.0,0.8402881484141721
522,52.20000000000047,26.622700351540136,70.65337172334748,3000.0,250.0,0.0,0.0,0.8402896155048971
523,52.30000000000047,26.622850368736298,70.65355904598539,3000.0,250.0,0.0,0.0,0.8402910826111758
524,52.400000000000475,26.623000385686773,70.65374636911535,3000.0,250.0,0.0,0.0,0.840292549732966
525,52.500000000000476,26.623150402391556,70.65393369273737,3000.0,250.0,0.0,0.0,0.8402940168702543
526,52.60000000000048,26.623300418850647,70.65412101685145,3000.0,250.0,0.0,0.0,0.8402954840230802
527,52.70000000000048,26.62345043506404,70.65430834145758,3000.0,250.0,0.0,0.0,0.8402969511914509
528,52.80000000000048,26.623600451031734,70.65449566655577,3000.0,250.0,0.0,0.0,0.8402984183753561
529,52.90000000000048,26.623750466753727,70.65468299214604,3000.0,250.0,0.0,0.0,0.8402998855749068
530,53.00000000000048,26.623900482230013,70.65487031822838,3000.0,250.0,0.0,0.0,0.8403013527900605
531,53.100000000000485,26.624050497460594,70.6550576448028,3000.0,250.0,0.0,0.0,0.840302820020804
532,53.200000000000486,26.624200512445462,70.6552449718693,3000.0,250.0,0.0,0.0,0.8403042872671782
533,53.30000000000049,26.624350527184617,70.65543229942789,3000.0,250.0,0.0,0.0,0.8403057545292235
534,53.40000000000049,26.624500541678056,70.65561962747856,3000.0,250.0,0.0,0.0,0.8403072218068854
535,53.50000000000049,26.624650555925776,70.65580695602134,3000.0,250.0,0.0,0.0,0.8403086891003009
536,53.60000000000049,26.62480056992777,70.65599428505621,3000.0,250.0,0.0,0.0,0.8403101564093823
537,53.70000000000049,26.624950583684043,70.65618161458319,3000.0,250.0,0.0,0.0,0.8403116237341831
538,53.800000000000495,26.625100597194585,70.65636894460228,3000.0,250.0,0.0,0.0,0.8403130910746909
539,53.900000000000496,26.625250610459396,70.65655627511347,3000.0,250.0,0.0,0.0,0.8403145584309896
540,54.0000000000005,26.625400623478473,70.65674360611679,3000.0,250.0,0.0,0.0,0.8403160258031002
541,54.1000000000005,26.625550636251813,70.65693093761223,3000.0,250.0,0.0,0.0,0.840317493190926
542,54.2000000000005,26.62570064877941,70.65711826959979,3000.0,250.0,0.0,0.0,0.8403189605945727
543,54.3000000000005,26.625850661061264,70.65730560207949,3000.0,250.0,0.0,0.0,0.8403204280140406
544,54.4000000000005,26.626000673097373,70.65749293505132,3000.0,250.0,0.0,0.0,0.8403218954493389
545,54.500000000000504,26.626150684887733,70.65768026851529,3000.0,250.0,0.0,0.0,0.840323362900489
546,54.600000000000506,26.626300696432338,70.65786760247141,3000.0,250.0,0.0,0.0,0.8403248303675559
547,54.70000000000051,26.626450707731188,70.65805493691967,3000.0,250.0,0.0,0.0,0.8403262978503989
548,54.80000000000051,26.62660071878428,70.65824227186009,3000.0,250.0,0.0,0.0,0.840327765349267
549,54.90000000000051,26.626750729591613,70.65842960729266,3000.0,250.0,0.0,0.0,0.8403292328640076
550,55.00000000000051,26.62690074015318,70.6586169432174,3000.0,250.0,0.0,0.0,0.8403307003947414
551,55.10000000000051,26.627050750468978,70.6588042796343,3000.0,250.0,0.0,0.0,0.8403321679413926
552,55.200000000000514,26.627200760539008,70.65899161654336,3000.0,250.0,0.0,0.0,0.8403336355040268
553,55.300000000000516,26.627350770363265,70.6591789539446,3000.0,250.0,0.0,0.0,0.8403351030827322
554,55.40000000000052,26.627500779941744,70.65936629183803,3000.0,250.0,0.0,0.0,0.8403365706774325
555,55.50000000000052,26.627650789274444,70.65955363022364,3000.0,250.0,0.0,0.0,0.8403380382881729
556,55.60000000000052,26.627800798361363,70.65974096910143,3000.0,250.0,0.0,0.0,0.8403395059148984
557,55.70000000000052,26.627950807202495,70.65992830847142,3000.0,250.0,0.0,0.0,0.8403409735577763
558,55.80000000000052,26.62810081579784,70.66011564833362,3000.0,250.0,0.0,0.0,0.8403424412167302
559,55.900000000000524,26.628250824147393,70.660302988688,3000.0,250.0,0.0,0.0,0.8403439088917495
560,56.000000000000526,26.628400832251153,70.6604903295346,3000.0,250.0,0.0,0.0,0.8403453765829806
561,56.10000000000053,26.628550840109114,70.66067767087341,3000.0,250.0,0.0,0.0,0.8403468442903475
562,56.20000000000053,26.628700847721273,70.66086501270443,3000.0,250.0,0.0,0.0,0.840348312013773
563,56.30000000000053,26.62885085508763,70.66105235502768,3000.0,250.0,0.0,0.0,0.8403497797534933
564,56.40000000000053,26.62900086220818,70.66123969784314,3000.0,250.0,0.0,0.0,0.8403512475093878
565,56.50000000000053,26.62915086908292,70.66142704115084,3000.0,250.0,0.0,0.0,0.8403527152815703
566,56.600000000000534,26.62930087571185,70.66161438495078,3000.0,250.0,0.0,0.0,0.8403541830699195
567,56.700000000000536,26.62945088209496,70.66180172924295,3000.0,250.0,0.0,0.0,0.8403556508745944
568,56.80000000000054,26.629600888232254,70.66198907402736,3000.0,250.0,0.0,0.0,0.8403571186954638
569,56.90000000000054,26.629750894123728,70.66217641930402,3000.0,250.0,0.0,0.0,0.8403585865327775
570,57.00000000000054,26.629900899769375,70.66236376507293,3000.0,250.0,0.0,0.0,0.8403600543864366
571,57.10000000000054,26.630050905169195,70.6625511113341,3000.0,250.0,0.0,0.0,0.8403615222563546
572,57.20000000000054,26.630200910323182,70.66273845808752,3000.0,250.0,0.0,0.0,0.8403629901427021
573,57.300000000000544,26.630350915231336,70.6629258053332,3000.0,250.0,0.0,0.0,0.8403644580454059
574,57.400000000000546,26.630500919893652,70.66311315307117,3000.0,250.0,0.0,0.0,0.8403659259645927
575,57.50000000000055,26.630650924310128,70.66330050130139,3000.0,250.0,0.0,0.0,0.8403673939001174
576,57.60000000000055,26.630800928480763,70.6634878500239,3000.0,250.0,0.0,0.0,0.8403688618522246
577,57.70000000000055,26.63095093240555,70.6636751992387,3000.0,250.0,0.0,0.0,0.8403703298207921
578,57.80000000000055,26.63110093608449,70.66386254894577,3000.0,250.0,0.0,0.0,0.8403717978057883
579,57.90000000000055,26.631250939517574,70.66404989914514,3000.0,250.0,0.0,0.0,0.840373265807414
580,58.000000000000554,26.631400942704804,70.66423724983682,3000.0,250.0,0.0,0.0,0.8403747338255236
581,58.100000000000556,26.631550945646175,70.66442460102078,3000.0,250.0,0.0,0.0,0.8403762018601776
582,58.20000000000056,26.631700948341685,70.66461195269706,3000.0,250.0,0.0,0.0,0.8403776699114863
583,58.30000000000056,26.63185095079133,70.66479930486564,3000.0,250.0,0.0,0.0,0.840379137979373
584,58.40000000000056,26.632000952995103,70.66498665752654,3000.0,250.0,0.0,0.0,0.8403806060638893
585,58.50000000000056,26.63215095495301,70.66517401067976,3000.0,250.0,0.0,0.0,0.8403820741650736
586,58.60000000000056,26.632300956665038,70.6653613643253,3000.0,250.0,0.0,0.0,0.8403835422829088
587,58.700000000000564,26.63245095813119,70.66554871846319,3000.0,250.0,0.0,0.0,0.840385010417517
588,58.800000000000566,26.632600959351464,70.6657360730934,3000.0,250.0,0.0,0.0,0.8403864785687979
589,58.90000000000057,26.632750960325854,70.66592342821595,3000.0,250.0,0.0,0.0,0.8403879467367573
590,59.00000000000057,26.632900961054357,70.66611078383083,3000.0,250.0,0.0,0.0,0.8403894149215893
591,59.10000000000057,26.63305096153697,70.66629813993806,3000.0,250.0,0.0,0.0,0.8403908831232303
592,59.20000000000057,26.63320096177369,70.66648549653765,3000.0,250.0,0.0,0.0,0.8403923513416265
593,59.30000000000057,26.633350961764513,70.66667285362959,3000.0,250.0,0.0,0.0,0.8403938195769739
594,59.400000000000574,26.633500961509437,70.6668602112139,3000.0,250.0,0.0,0.0,0.840395287829124
595,59.500000000000576,26.63365096100846,70.66704756929057,3000.0,250.0,0.0,0.0,0.8403967560981076
596,59.60000000000058,26.633800960261574,70.66723492785961,3000.0,250.0,0.0,0.0,0.840398224384051
597,59.70000000000058,26.63395095926878,70.66742228692102,3000.0,250.0,0.0,0.0,0.8403996926869621
598,59.80000000000058,26.634100958030075,70.66760964647482,3000.0,250.0,0.0,0.0,0.8404011610068111
599,59.90000000000058,26.634250956545454,70.66779700652098,3000.0,250.0,0.0,0.0,0.8404026293436779
600,60.00000000000058,26.634400954814915,70.66798436705955,3000.0,250.0,0.0,0.0,0.840404097697595
601,60.100000000000584,26.634550952838456,70.6681717280905,3000.0,250.0,0.0,0.0,0.8404055660685572
602,60.200000000000585,26.63470095061607,70.66835908961386,3000.0,250.0,0.0,0.0,0.8404070344565729
603,60.30000000000059,26.634850948147758,70.66854645162961,3000.0,250.0,0.0,0.0,0.8404085028616615
604,60.40000000000059,26.635000945433514,70.66873381413777,3000.0,250.0,0.0,0.0,0.8404099712838696
605,60.50000000000059,26.635150942473338,70.66892117713834,3000.0,250.0,0.0,0.0,0.8404114397232658
606,60.60000000000059,26.63530093926722,70.66910854063134,3000.0,250.0,0.0,0.0,0.8404129081797967
607,60.70000000000059,26.635450935815165,70.66929590461676,3000.0,250.0,0.0,0.0,0.8404143766534964
608,60.800000000000594,26.635600932117164,70.6694832690946,3000.0,250.0,0.0,0.0,0.8404158451443988
609,60.900000000000595,26.635750928173216,70.66967063406487,3000.0,250.0,0.0,0.0,0.8404173136525873
610,61.0000000000006,26.635900923983318,70.66985799952758,3000.0,250.0,0.0,0.0,0.840418782178034
611,61.1000000000006,26.63605091954747,70.67004536548272,3000.0,250.0,0.0,0.0,0.8404202507207982
612,61.2000000000006,26.63620091486566,70.67023273193031,3000.0,250.0,0.0,0.0,0.8404217192809155
613,61.3000000000006,26.636350909937892,70.67042009887035,3000.0,250.0,0.0,0.0,0.8404231878583578
614,61.4000000000006,26.636500904764162,70.67060746630284,3000.0,250.0,0.0,0.0,0.8404246564532105
615,61.500000000000604,26.636650899344463,70.67079483422779,3000.0,250.0,0.0,0.0,0.8404261250654853
616,61.600000000000605,26.636800893678796,70.6709822026452,3000.0,250.0,0.0,0.0,0.840427593695204
617,61.70000000000061,26.636950887767156,70.67116957155508,3000.0,250.0,0.0,0.0,0.8404290623424037
618,61.80000000000061,26.63710088160954,70.67135694095744,3000.0,250.0,0.0,0.0,0.8404305310071214
619,61.90000000000061,26.637250875205947,70.67154431085227,3000.0,250.0,0.0,0.0,0.8404319996893047
620,62.00000000000061,26.63740086855637,70.67173168123958,3000.0,250.0,0.0,0.0,0.8404334683890415
621,62.10000000000061,26.637550861660806,70.67191905211938,3000.0,250.0,0.0,0.0,0.840434937106445
622,62.200000000000614,26.637700854519252,70.67210642349167,3000.0,250.0,0.0,0.0,0.8404364058414134
623,62.300000000000615,26.637850847131705,70.67229379535645,3000.0,250.0,0.0,0.0,0.8404378745940353
624,62.40000000000062,26.63800083949816,70.67248116771374,3000.0,250.0,0.0,0.0,0.8404393433643242
625,62.50000000000062,26.63815083161862,70.67266854056354,3000.0,250.0,0.0,0.0,0.8404408121523304
626,62.60000000000062,26.638300823493076,70.67285591390583,3000.0,250.0,0.0,0.0,0.8404422809580419
627,62.70000000000062,26.638450815121526,70.67304328774065,3000.0,250.0,0.0,0.0,0.8404437497815754
628,62.80000000000062,26.63860080650397,70.673230662068,3000.0,250.0,0.0,0.0,0.8404452186228283
629,62.900000000000624,26.638750797640398,70.67341803688785,3000.0,250.0,0.0,0.0,0.8404466874819432
630,63.000000000000625,26.638900788530812,70.67360541220025,3000.0,250.0,0.0,0.0,0.8404481563589355
631,63.10000000000063,26.639050779175207,70.67379278800517,3000.0,250.0,0.0,0.0,0.8404496252537801
632,63.20000000000063,26.63920076957358,70.67398016430263,3000.0,250.0,0.0,0.0,0.8404510941665697
633,63.30000000000063,26.63935075972593,70.67416754109264,3000.0,250.0,0.0,0.0,0.8404525630973461
634,63.40000000000063,26.639500749632248,70.6743549183752,3000.0,250.0,0.0,0.0,0.8404540320460848
635,63.50000000000063,26.639650739292534,70.6745422961503,3000.0,250.0,0.0,0.0,0.840455501012802
636,63.600000000000634,26.639800728706785,70.67472967441797,3000.0,250.0,0.0,0.0,0.8404569699976449
637,63.700000000000635,26.639950717874996,70.6749170531782,3000.0,250.0,0.0,0.0,0.8404584390004843
638,63.80000000000064,26.640100706797163,70.675104432431,3000.0,250.0,0.0,0.0,0.8404599080214952
639,63.90000000000064,26.640250695473284,70.67529181217637,3000.0,250.0,0.0,0.0,0.8404613770606424
640,64.00000000000064,26.64040068390336,70.67547919241431,3000.0,250.0,0.0,0.0,0.8404628461179282
641,64.10000000000063,26.64055067208738,70.67566657314484,3000.0,250.0,0.0,0.0,0.8404643151934501
642,64.20000000000063,26.640700660025345,70.67585395436795,3000.0,250.0,0.0,0.0,0.8404657842872534
643,64.30000000000062,26.64085064771725,70.67604133608366,3000.0,250.0,0.0,0.0,0.8404672533993679
644,64.40000000000062,26.641000635163095,70.67622871829195,3000.0,250.0,0.0,0.0,0.8404687225297595
645,64.50000000000061,26.641150622362872,70.67641610099285,3000.0,250.0,0.0,0.0,0.8404701916785544
646,64.6000000000006,26.64130060931658,70.67660348418636,3000.0,250.0,0.0,0.0,0.8404716608457033
647,64.7000000000006,26.641450596024214,70.67679086787248,3000.0,250.0,0.0,0.0,0.8404731300312531
648,64.8000000000006,26.641600582485772,70.67697825205121,3000.0,250.0,0.0,0.0,0.8404745992352352
649,64.90000000000059,26.64175056870125,70.67716563672258,3000.0,250.0,0.0,0.0,0.8404760684577662
650,65.00000000000058,26.64190055467065,70.67735302188656,3000.0,250.0,0.0,0.0,0.8404775376987013
651,65.10000000000058,26.642050540393956,70.67754040754318,3000.0,250.0,0.0,0.0,0.8404790069583479
652,65.20000000000057,26.642200525871175,70.67772779369243,3000.0,250.0,0.0,0.0,0.8404804762365495
653,65.30000000000057,26.6423505111023,70.67791518033431,3000.0,250.0,0.0,0.0,0.8404819455333551
654,65.40000000000056,26.64250049608733,70.67810256746884,3000.0,250.0,0.0,0.0,0.840483414848896
655,65.50000000000055,26.64265048082626,70.67828995509602,3000.0,250.0,0.0,0.0,0.8404848841831524
656,65.60000000000055,26.642800465319084,70.67847734321586,3000.0,250.0,0.0,0.0,0.8404863535361469
657,65.70000000000054,26.642950449565802,70.67866473182836,3000.0,250.0,0.0,0.0,0.8404878229079145
658,65.80000000000054,26.64310043356641,70.67885212093353,3000.0,250.0,0.0,0.0,0.8404892922984789
659,65.90000000000053,26.643250417320903,70.67903951053137,3000.0,250.0,0.0,0.0,0.8404907617080026
660,66.00000000000053,26.64340040082928,70.67922690062188,3000.0,250.0,0.0,0.0,0.8404922311362998
661,66.10000000000052,26.643550384091533,70.67941429120508,3000.0,250.0,0.0,0.0,0.8404937005835618
662,66.20000000000051,26.643700367107662,70.67960168228095,3000.0,250.0,0.0,0.0,0.8404951700498418
663,66.30000000000051,26.643850349877663,70.6797890738495,3000.0,250.0,0.0,0.0,0.8404966395351937
664,66.4000000000005,26.644000332401532,70.67997646591077,3000.0,250.0,0.0,0.0,0.8404981090396275
665,66.5000000000005,26.644150314679266,70.68016385846472,3000.0,250.0,0.0,0.0,0.8404995785630409
666,66.60000000000049,26.64430029671086,70.68035125151138,3000.0,250.0,0.0,0.0,0.840501048105702
667,66.70000000000049,26.64445027849631,70.68053864505076,3000.0,250.0,0.0,0.0,0.8405025176675371
668,66.80000000000048,26.644600260035617,70.68072603908284,3000.0,250.0,0.0,0.0,0.8405039872485577
669,66.90000000000047,26.644750241328776,70.68091343360764,3000.0,250.0,0.0,0.0,0.8405054568488645
670,67.00000000000047,26.64490022237578,70.68110082862518,3000.0,250.0,0.0,0.0,0.8405069264685552
671,67.10000000000046,26.64505020317663,70.68128822413544,3000.0,250.0,0.0,0.0,0.8405083961075285
672,67.20000000000046,26.64520018373132,70.68147562013844,3000.0,250.0,0.0,0.0,0.8405098657659273
673,67.30000000000045,26.645350164039844,70.68166301663418,3000.0,250.0,0.0,0.0,0.8405113354436956
674,67.40000000000045,26.6455001441022,70.68185041362266,3000.0,250.0,0.0,0.0,0.8405128051409781
675,67.50000000000044,26.645650123918386,70.68203781110388,3000.0,250.0,0.0,0.0,0.840514274857847
676,67.60000000000043,26.645800103488398,70.68222520907787,3000.0,250.0,0.0,0.0,0.8405157445942466
677,67.70000000000043,26.64595008281223,70.68241260754462,3000.0,250.0,0.0,0.0,0.8405172143502494
678,67.80000000000042,26.646100061889882,70.68260000650413,3000.0,250.0,0.0,0.0,0.8405186841258871
679,67.90000000000042,26.64625004072135,70.68278740595642,3000.0,250.0,0.0,0.0,0.8405201539213092
680,68.00000000000041,26.646400019306625,70.68297480590148,3000.0,250.0,0.0,0.0,0.8405216237363261
681,68.1000000000004,26.64654999764571,70.68316220633932,3000.0,250.0,0.0,0.0,0.8405230935712651
682,68.2000000000004,26.6466999757386,70.68334960726995,3000.0,250.0,0.0,0.0,0.8405245634260127
683,68.3000000000004,26.64684995358529,70.68353700869336,3000.0,250.0,0.0,0.0,0.8405260333006452
684,68.40000000000039,26.646999931185775,70.68372441060957,3000.0,250.0,0.0,0.0,0.8405275031952271
685,68.50000000000038,26.64714990854005,70.68391181301858,3000.0,250.0,0.0,0.0,0.8405289731098531
686,68.60000000000038,26.647299885648117,70.6840992159204,3000.0,250.0,0.0,0.0,0.8405304430444827
687,68.70000000000037,26.64744986250997,70.68428661931502,3000.0,250.0,0.0,0.0,0.8405319129992116
688,68.80000000000037,26.647599839125604,70.68447402320245,3000.0,250.0,0.0,0.0,0.8405333829741068
689,68.90000000000036,26.647749815495015,70.68466142758271,3000.0,250.0,0.0,0.0,0.8405348529691586
690,69.00000000000036,26.6478997916182,70.6848488324558,3000.0,250.0,0.0,0.0,0.8405363229844649
691,69.10000000000035,26.64804976749516,70.68503623782172,3000.0,250.0,0.0,0.0,0.8405377930200164
692,69.20000000000034,26.648199743125883,70.68522364368047,3000.0,250.0,0.0,0.0,0.8405392630759432
693,69.30000000000034,26.64834971851037,70.68541105003207,3000.0,250.0,0.0,0.0,0.8405407331522239
694,69.40000000000033,26.648499693648617,70.68559845687652,3000.0,250.0,0.0,0.0,0.8405422032489419
695,69.50000000000033,26.648649668540617,70.68578586421381,3000.0,250.0,0.0,0.0,0.8405436733661378
696,69.60000000000032,26.648799643186372,70.68597327204397,3000.0,250.0,0.0,0.0,0.840545143503945
697,69.70000000000032,26.648949617585874,70.68616068036698,3000.0,250.0,0.0,0.0,0.8405466136622953
698,69.80000000000031,26.64909959173912,70.68634808918287,3000.0,250.0,0.0,0.0,0.840548083841324
699,69.9000000000003,26.649249565646105,70.68653549849164,3000.0,250.0,0.0,0.0,0.8405495540409939
700,70.0000000000003,26.649399539306827,70.68672290829328,3000.0,250.0,0.0,0.0,0.840551024261379
701,70.10000000000029,26.649549512721283,70.6869103185878,3000.0,250.0,0.0,0.0,0.8405524945026174
702,70.20000000000029,26.649699485889467,70.68709772937522,3000.0,250.0,0.0,0.0,0.8405539647647043
703,70.30000000000028,26.649849458811378,70.68728514065553,3000.0,250.0,0.0,0.0,0.8405554350476224
704,70.40000000000028,26.649999431487007,70.68747255242874,3000.0,250.0,0.0,0.0,0.8405569053517006
705,70.50000000000027,26.650149403916355,70.68765996469486,3000.0,250.0,0.0,0.0,0.8405583756766843
706,70.60000000000026,26.65029937609942,70.68784737745388,3000.0,250.0,0.0,0.0,0.8405598460227784
707,70.70000000000026,26.65044934803619,70.68803479070581,3000.0,250.0,0.0,0.0,0.8405613163901582
708,70.80000000000025,26.65059931972667,70.68822220445067,3000.0,250.0,0.0,0.0,0.840562786778632
709,70.90000000000025,26.65074929117085,70.68840961868845,3000.0,250.0,0.0,0.0,0.8405642571884719
710,71.00000000000024,26.65089926236873,70.68859703341917,3000.0,250.0,0.0,0.0,0.8405657276195502
711,71.10000000000024,26.6510492333203,70.68878444864282,3000.0,250.0,0.0,0.0,0.8405671980719808
712,71.20000000000023,26.651199204025563,70.68897186435942,3000.0,250.0,0.0,0.0,0.8405686685459445
713,71.30000000000022,26.651349174484512,70.68915928056896,3000.0,250.0,0.0,0.0,0.8405701390414426
714,71.40000000000022,26.651499144697144,70.68934669727146,3000.0,250.0,0.0,0.0,0.8405716095584312
715,71.50000000000021,26.651649114663453,70.68953411446691,3000.0,250.0,0.0,0.0,0.840573080097042
716,71.60000000000021,26.651799084383438,70.68972153215533,3000.0,250.0,0.0,0.0,0.8405745506574136
717,71.7000000000002,26.65194905385709,70.68990895033672,3000.0,250.0,0.0,0.0,0.8405760212394328
718,71.8000000000002,26.652099023084414,70.69009636901107,3000.0,250.0,0.0,0.0,0.8405774918433705
719,71.90000000000019,26.6522489920654,70.69028378817842,3000.0,250.0,0.0,0.0,0.8405789624692654
720,72.00000000000018,26.652398960800042,70.69047120783875,3000.0,250.0,0.0,0.0,0.8405804331169913
721,72.10000000000018,26.65254892928834,70.69065862799208,3000.0,250.0,0.0,0.0,0.840581903786771
722,72.20000000000017,26.65269889753029,70.69084604863839,3000.0,250.0,0.0,0.0,0.8405833744785307
723,72.30000000000017,26.652848865525883,70.69103346977771,3000.0,250.0,0.0,0.0,0.8405848451925968
724,72.40000000000016,26.65299883327512,70.69122089141004,3000.0,250.0,0.0,0.0,0.8405863159288108
725,72.50000000000016,26.653148800777995,70.69140831353538,3000.0,250.0,0.0,0.0,0.840587786687315
726,72.60000000000015,26.653298768034503,70.69159573615373,3000.0,250.0,0.0,0.0,0.8405892574681579
727,72.70000000000014,26.653448735044645,70.69178315926511,3000.0,250.0,0.0,0.0,0.8405907282715521
728,72.80000000000014,26.65359870180841,70.69197058286953,3000.0,250.0,0.0,0.0,0.8405921990973396
729,72.90000000000013,26.653748668325797,70.69215800696698,3000.0,250.0,0.0,0.0,0.8405936699456527
730,73.00000000000013,26.653898634596803,70.69234543155747,3000.0,250.0,0.0,0.0,0.8405951408166251
731,73.10000000000012,26.654048600621422,70.69253285664101,3000.0,250.0,0.0,0.0,0.8405966117103042
732,73.20000000000012,26.654198566399653,70.69272028221759,3000.0,250.0,0.0,0.0,0.8405980826268264
733,73.30000000000011,26.65434853193149,70.69290770828724,3000.0,250.0,0.0,0.0,0.8405995535661923
734,73.4000000000001,26.654498497216927,70.69309513484994,3000.0,250.0,0.0,0.0,0.8406010245284511
735,73.5000000000001,26.65464846225596,70.69328256190572,3000.0,250.0,0.0,0.0,0.8406024955137773
736,73.6000000000001,26.654798427048586,70.69346998945457,3000.0,250.0,0.0,0.0,0.8406039665222231
737,73.70000000000009,26.6549483915948,70.6936574174965,3000.0,250.0,0.0,0.0,0.8406054375537215
738,73.80000000000008,26.6550983558946,70.69384484603151,3000.0,250.0,0.0,0.0,0.8406069086085557
739,73.90000000000008,26.655248319947983,70.69403227505961,3000.0,250.0,0.0,0.0,0.8406083796866753
740,74.00000000000007,26.65539828375494,70.69421970458082,3000.0,250.0,0.0,0.0,0.8406098507882617
741,74.10000000000007,26.65554824731547,70.69440713459512,3000.0,250.0,0.0,0.0,0.8406113219132655
742,74.20000000000006,26.655698210629566,70.69459456510253,3000.0,250.0,0.0,0.0,0.8406127930618705
743,74.30000000000005,26.655848173697226,70.69478199610306,3000.0,250.0,0.0,0.0,0.8406142642340493
744,74.40000000000005,26.655998136518445,70.69496942759672,3000.0,250.0,0.0,0.0,0.8406157354300393
745,74.50000000000004,26.65614809909322,70.69515685958349,3000.0,250.0,0.0,0.0,0.8406172066497223
746,74.60000000000004,26.65629806142154,70.6953442920634,3000.0,250.0,0.0,0.0,0.8406186778933082
747,74.70000000000003,26.656448023503412,70.69553172503645,3000.0,250.0,0.0,0.0,0.8406201491609322
748,74.80000000000003,26.656597985338824,70.69571915850264,3000.0,250.0,0.0,0.0,0.8406216204525497
749,74.90000000000002,26.656747946927773,70.69590659246198,3000.0,250.0,0.0,0.0,0.8406230917683185
750,75.00000000000001,26.656897908270253,70.69609402691448,3000.0,250.0,0.0,0.0,0.8406245631083255
751,75.10000000000001,26.657047869366263,70.69628146186014,3000.0,250.0,0.0,0.0,0.8406260344726012
752,75.2,26.657197830215797,70.69646889729896,3000.0,250.0,0.0,0.0,0.8406275058612711
753,75.3,26.65734779081885,70.69665633323095,3000.0,250.0,0.0,0.0,0.8406289772746103
754,75.39999999999999,26.65749775117542,70.69684376965611,3000.0,250.0,0.0,0.0,0.8406304487125058
755,75.49999999999999,26.6576477112855,70.69703120657447,3000.0,250.0,0.0,0.0,0.8406319201750876
756,75.59999999999998,26.657797671149083,70.697218643986,3000.0,250.0,0.0,0.0,0.8406333916624289
757,75.69999999999997,26.65794763076617,70.69740608189075,3000.0,250.0,0.0,0.0,0.8406348631746623
758,75.79999999999997,26.658097590136755,70.69759352028869,3000.0,250.0,0.0,0.0,0.8406363347118265
759,75.89999999999996,26.65824754926083,70.69778095917984,3000.0,250.0,0.0,0.0,0.840637806274057
760,75.99999999999996,26.658397508138396,70.6979683985642,3000.0,250.0,0.0,0.0,0.8406392778614916
761,76.09999999999995,26.658547466769445,70.69815583844179,3000.0,250.0,0.0,0.0,0.8406407494741724
762,76.19999999999995,26.658697425153974,70.6983432788126,3000.0,250.0,0.0,0.0,0.840642221112142
763,76.29999999999994,26.658847383291977,70.69853071967664,3000.0,250.0,0.0,0.0,0.8406436927756405
764,76.39999999999993,26.65899734118345,70.69871816103392,3000.0,250.0,0.0,0.0,0.8406451644647522
765,76.49999999999993,26.65914729882839,70.69890560288445,3000.0,250.0,0.0,0.0,0.8406466361794859
766,76.59999999999992,26.65929725622679,70.69909304522822,3000.0,250.0,0.0,0.0,0.8406481079199882
767,76.69999999999992,26.659447213378645,70.69928048806526,3000.0,250.0,0.0,0.0,0.8406495796864472
768,76.79999999999991,26.659597170283952,70.69946793139555,3000.0,250.0,0.0,0.0,0.8406510514787974
769,76.8999999999999,26.659747126942705,70.69965537521911,3000.0,250.0,0.0,0.0,0.8406525232972684
770,76.9999999999999,26.6598970833549,70.69984281953595,3000.0,250.0,0.0,0.0,0.840653995141914
771,77.0999999999999,26.66004703952053,70.70003026434607,3000.0,250.0,0.0,0.0,0.84065546701289
772,77.19999999999989,26.660196995439595,70.70021770964948,3000.0,250.0,0.0,0.0,0.840656938910253
773,77.29999999999988,26.660346951112086,70.70040515544618,3000.0,250.0,0.0,0.0,0.8406584108341224
774,77.39999999999988,26.660496906538,70.70059260173618,3000.0,250.0,0.0,0.0,0.8406598827846598
775,77.49999999999987,26.660646861717332,70.70078004851949,3000.0,250.0,0.0,0.0,0.840661354762046
776,77.59999999999987,26.660796816650077,70.7009674957961,3000.0,250.0,0.0,0.0,0.8406628267661835
777,77.69999999999986,26.66094677133623,70.70115494356605,3000.0,250.0,0.0,0.0,0.840664298797302
778,77.79999999999986,26.66109672577579,70.70134239182931,3000.0,250.0,0.0,0.0,0.8406657708555648
779,77.89999999999985,26.661246679968745,70.7015298405859,3000.0,250.0,0.0,0.0,0.8406672429410856
780,77.99999999999984,26.661396633915093,70.70171728983584,3000.0,250.0,0.0,0.0,0.8406687150539744
781,78.09999999999984,26.661546587614833,70.70190473957912,3000.0,250.0,0.0,0.0,0.8406701871943424
782,78.19999999999983,26.661696541067954,70.70209218981574,3000.0,250.0,0.0,0.0,0.8406716593622031
783,78.29999999999983,26.661846494274457,70.70227964054573,3000.0,250.0,0.0,0.0,0.8406731315579001
784,78.39999999999982,26.66199644723433,70.70246709176908,3000.0,250.0,0.0,0.0,0.8406746037815105
785,78.49999999999982,26.662146399947574,70.70265454348579,3000.0,250.0,0.0,0.0,0.8406760760329038
786,78.59999999999981,26.66229635241418,70.70284199569589,3000.0,250.0,0.0,0.0,0.840677548312581
787,78.6999999999998,26.662446304634148,70.70302944839936,3000.0,250.0,0.0,0.0,0.8406790206204333
788,78.7999999999998,26.66259625660747,70.70321690159624,3000.0,250.0,0.0,0.0,0.8406804929567172
789,78.89999999999979,26.662746208334138,70.7034043552865,3000.0,250.0,0.0,0.0,0.8406819653214096
790,78.99999999999979,26.66289615981415,70.70359180947015,3000.0,250.0,0.0,0.0,0.8406834377149415
791,79.09999999999978,26.6630461110475,70.70377926414723,3000.0,250.0,0.0,0.0,0.8406849101371913
792,79.19999999999978,26.66319606203418,70.70396671931772,3000.0,250.0,0.0,0.0,0.8406863825882915
793,79.29999999999977,26.66334601277419,70.70415417498162,3000.0,250.0,0.0,0.0,0.8406878550684022
794,79.39999999999976,26.663495963267525,70.70434163113896,3000.0,250.0,0.0,0.0,0.8406893275779868
795,79.49999999999976,26.663645913514177,70.70452908778974,3000.0,250.0,0.0,0.0,0.840690800116843
796,79.59999999999975,26.663795863514142,70.70471654493396,3000.0,250.0,0.0,0.0,0.8406922726850693
797,79.69999999999975,26.663945813267414,70.70490400257162,3000.0,250.0,0.0,0.0,0.8406937452830524
798,79.79999999999974,26.664095762773986,70.70509146070275,3000.0,250.0,0.0,0.0,0.840695217910879
799,79.89999999999974,26.664245712033853,70.70527891932733,3000.0,250.0,0.0,0.0,0.8406966905686557
800,79.99999999999973,26.664395661047013,70.70546637844538,3000.0,250.0,0.0,0.0,0.8406981632565166
801,80.09999999999972,26.66454560981346,70.70565383805692,3000.0,250.0,0.0,0.0,0.8406996359747498
802,80.19999999999972,26.664695558333182,70.70584129816193,3000.0,250.0,0.0,0.0,0.8407011087232028
803,80.29999999999971,26.66484550660618,70.70602875876044,3000.0,250.0,0.0,0.0,0.8407025815023983
804,80.39999999999971,26.66499545463245,70.70621621985244,3000.0,250.0,0.0,0.0,0.8407040543122514
805,80.4999999999997,26.665145402411984,70.70640368143795,3000.0,250.0,0.0,0.0,0.8407055271531594
806,80.5999999999997,26.665295349944774,70.70659114351696,3000.0,250.0,0.0,0.0,0.8407070000249953
807,80.69999999999969,26.665445297230818,70.7067786060895,3000.0,250.0,0.0,0.0,0.8407084729283456
808,80.79999999999968,26.665595244270108,70.70696606915556,3000.0,250.0,0.0,0.0,0.8407099458629053
809,80.89999999999968,26.665745191062637,70.70715353271515,3000.0,250.0,0.0,0.0,0.8407114188291777
810,80.99999999999967,26.665895137608402,70.70734099676828,3000.0,250.0,0.0,0.0,0.8407128918270422
811,81.09999999999967,26.6660450839074,70.70752846131496,3000.0,250.0,0.0,0.0,0.8407143648570118
812,81.19999999999966,26.66619502995962,70.70771592635519,3000.0,250.0,0.0,0.0,0.8407158379190166
813,81.29999999999966,26.66634497576506,70.70790339188899,3000.0,250.0,0.0,0.0,0.8407173110135797
814,81.39999999999965,26.66649492132371,70.70809085791635,3000.0,250.0,0.0,0.0,0.840718784140355
815,81.49999999999964,26.66664486663557,70.70827832443729,3000.0,250.0,0.0,0.0,0.8407202573000144
816,81.59999999999964,26.66679481170063,70.7084657914518,3000.0,250.0,0.0,0.0,0.8407217304924024
817,81.69999999999963,26.666944756518884,70.70865325895991,3000.0,250.0,0.0,0.0,0.8407232037181088
818,81.79999999999963,26.667094701090328,70.70884072696163,3000.0,250.0,0.0,0.0,0.840724676976935
819,81.89999999999962,26.667244645414957,70.70902819545694,3000.0,250.0,0.0,0.0,0.8407261502690695
820,81.99999999999962,26.667394589492762,70.70921566444586,3000.0,250.0,0.0,0.0,0.8407276235950907
821,82.09999999999961,26.66754453332374,70.7094031339284,3000.0,250.0,0.0,0.0,0.8407290969548326
822,82.1999999999996,26.66769447690788,70.70959060390457,3000.0,250.0,0.0,0.0,0.8407305703487872
823,82.2999999999996,26.66784442024518,70.70977807437437,3000.0,250.0,0.0,0.0,0.840732043776987
824,82.3999999999996,26.667994363335637,70.70996554533781,3000.0,250.0,0.0,0.0,0.8407335172398378
825,82.49999999999959,26.66814430617924,70.7101530167949,3000.0,250.0,0.0,0.0,0.8407349907373293
826,82.59999999999958,26.668294248775982,70.71034048874566,3000.0,250.0,0.0,0.0,0.8407364642696497
827,82.69999999999958,26.66844419112586,70.71052796119008,3000.0,250.0,0.0,0.0,0.8407379378372681
828,82.79999999999957,26.66859413322887,70.71071543412818,3000.0,250.0,0.0,0.0,0.8407394114400836
829,82.89999999999957,26.668744075084998,70.71090290755994,3000.0,250.0,0.0,0.0,0.8407408850786255
830,82.99999999999956,26.668894016694242,70.7110903814854,3000.0,250.0,0.0,0.0,0.8407423587530796
831,83.09999999999955,26.669043958056598,70.71127785590456,3000.0,250.0,0.0,0.0,0.840743832463526
832,83.19999999999955,26.669193899172054,70.71146533081742,3000.0,250.0,0.0,0.0,0.8407453062103386
833,83.29999999999954,26.669343840040607,70.711652806224,3000.0,250.0,0.0,0.0,0.8407467799936563
834,83.39999999999954,26.66949378066225,70.71184028212429,3000.0,250.0,0.0,0.0,0.840748253813577
835,83.49999999999953,26.669643721036977,70.7120277585183,3000.0,250.0,0.0,0.0,0.8407497276708216
836,83.59999999999953,26.669793661164782,70.71221523540606,3000.0,250.0,0.0,0.0,0.840751201565315
837,83.69999999999952,26.669943601045656,70.71240271278756,3000.0,250.0,0.0,0.0,0.8407526754972945
838,83.79999999999951,26.670093540679595,70.71259019066281,3000.0,250.0,0.0,0.0,0.840754149467032
839,83.89999999999951,26.670243480066592,70.71277766903182,3000.0,250.0,0.0,0.0,0.8407556234750162
840,83.9999999999995,26.670393419206636,70.7129651478946,3000.0,250.0,0.0,0.0,0.8407570975213665
841,84.0999999999995,26.670543358099724,70.71315262725115,3000.0,250.0,0.0,0.0,0.8407585716062962
842,84.19999999999949,26.67069329674585,70.71334010710149,3000.0,250.0,0.0,0.0,0.8407600457300918
843,84.29999999999949,26.670843235145004,70.71352758744563,3000.0,250.0,0.0,0.0,0.8407615198930534
844,84.39999999999948,26.67099317329718,70.71371506828356,3000.0,250.0,0.0,0.0,0.8407629940954563
845,84.49999999999947,26.671143111202376,70.7139025496153,3000.0,250.0,0.0,0.0,0.8407644683375581
846,84.59999999999947,26.67129304886058,70.71409003144086,3000.0,250.0,0.0,0.0,0.8407659426198958
847,84.69999999999946,26.671442986271785,70.71427751376025,3000.0,250.0,0.0,0.0,0.8407674169425141
848,84.79999999999946,26.671592923435984,70.71446499657347,3000.0,250.0,0.0,0.0,0.8407688913057431
849,84.89999999999945,26.67174286035317,70.71465247988054,3000.0,250.0,0.0,0.0,0.8407703657100313
850,84.99999999999945,26.671892797023336,70.71483996368146,3000.0,250.0,0.0,0.0,0.8407718401553257
851,85.09999999999944,26.672042733446474,70.71502744797624,3000.0,250.0,0.0,0.0,0.8407733146424551
852,85.19999999999943,26.67219266962258,70.7152149327649,3000.0,250.0,0.0,0.0,0.8407747891714347
853,85.29999999999943,26.67234260555164,70.71540241804743,3000.0,250.0,0.0,0.0,0.8407762637425721
854,85.39999999999942,26.672492541233655,70.71558990382385,3000.0,250.0,0.0,0.0,0.8407777383562636
855,85.49999999999942,26.672642476668614,70.71577739009417,3000.0,250.0,0.0,0.0,0.8407792130129466
856,85.59999999999941,26.672792411856506,70.7159648768584,3000.0,250.0,0.0,0.0,0.8407806877127462
857,85.6999999999994,26.672942346797328,70.71615236411654,3000.0,250.0,0.0,0.0,0.8407821624563465
858,85.7999999999994,26.67309228149107,70.7163398518686,3000.0,250.0,0.0,0.0,0.8407836372437372
859,85.8999999999994,26.673242215937723,70.7165273401146,3000.0,250.0,0.0,0.0,0.8407851120755963
860,85.99999999999939,26.673392150137282,70.71671482885453,3000.0,250.0,0.0,0.0,0.8407865869520423
861,86.09999999999938,26.673542084089735,70.71690231808843,3000.0,250.0,0.0,0.0,0.8407880618736813
862,86.19999999999938,26.67369201779508,70.71708980781628,3000.0,250.0,0.0,0.0,0.8407895368405007
863,86.29999999999937,26.673841951253305,70.7172772980381,3000.0,250.0,0.0,0.0,0.8407910118533635
864,86.39999999999937,26.673991884464403,70.7174647887539,3000.0,250.0,0.0,0.0,0.8407924869123923
865,86.49999999999936,26.674141817428364,70.7176522799637,3000.0,250.0,0.0,0.0,0.840793962018017
866,86.59999999999935,26.674291750145183,70.7178397716675,3000.0,250.0,0.0,0.0,0.8407954371706774
867,86.69999999999935,26.67444168261485,70.71802726386531,3000.0,250.0,0.0,0.0,0.8407969123707354
868,86.79999999999934,26.674591614837357,70.71821475655713,3000.0,250.0,0.0,0.0,0.840798387618588
869,86.89999999999934,26.674741546812694,70.71840224974298,3000.0,250.0,0.0,0.0,0.8407998629148018
870,86.99999999999933,26.674891478540854,70.71858974342287,3000.0,250.0,0.0,0.0,0.8408013382597957
871,87.09999999999933,26.67504141002183,70.71877723759681,3000.0,250.0,0.0,0.0,0.8408028136539355
872,87.19999999999932,26.675191341255612,70.71896473226481,3000.0,250.0,0.0,0.0,0.840804289097723
873,87.29999999999932,26.67534127224219,70.71915222742687,3000.0,250.0,0.0,0.0,0.8408057645916441
874,87.39999999999931,26.675491202981554,70.71933972308302,3000.0,250.0,0.0,0.0,0.8408072401361606
875,87.4999999999993,26.6756411334737,70.71952721923327,3000.0,250.0,0.0,0.0,0.8408087157314871
876,87.5999999999993,26.675791063718616,70.71971471587761,3000.0,250.0,0.0,0.0,0.8408101913783627
877,87.69999999999929,26.675940993716292,70.71990221301607,3000.0,250.0,0.0,0.0,0.8408116670771905
878,87.79999999999929,26.67609092346672,70.72008971064864,3000.0,250.0,0.0,0.0,0.840813142828609
879,87.89999999999928,26.676240852969894,70.72027720877534,3000.0,250.0,0.0,0.0,0.8408146186332441
880,87.99999999999928,26.6763907822258,70.72046470739619,3000.0,250.0,0.0,0.0,0.8408160944911295
881,88.09999999999927,26.676540711234427,70.72065220651119,3000.0,250.0,0.0,0.0,0.8408175704033133
882,88.19999999999926,26.676690639995773,70.72083970612036,3000.0,250.0,0.0,0.0,0.8408190463700909
883,88.29999999999926,26.676840568509824,70.7210272062237,3000.0,250.0,0.0,0.0,0.8408205223919687
884,88.39999999999925,26.67699049677657,70.72121470682123,3000.0,250.0,0.0,0.0,0.8408219984697102
885,88.49999999999925,26.677140424796,70.72140220791296,3000.0,250.0,0.0,0.0,0.8408234746037448
886,88.59999999999924,26.677290352568107,70.7215897094989,3000.0,250.0,0.0,0.0,0.8408249507946625
887,88.69999999999924,26.67744028009288,70.72177721157905,3000.0,250.0,0.0,0.0,0.8408264270428886
888,88.79999999999923,26.67759020737031,70.72196471415344,3000.0,250.0,0.0,0.0,0.8408279033496012
889,88.89999999999922,26.677740134400388,70.72215221722207,3000.0,250.0,0.0,0.0,0.8408293797148715
890,88.99999999999922,26.6778900611831,70.72233972078496,3000.0,250.0,0.0,0.0,0.840830856139705
891,89.09999999999921,26.678039987718435,70.72252722484211,3000.0,250.0,0.0,0.0,0.8408323326244509
892,89.1999999999992,26.678189914006385,70.72271472939354,3000.0,250.0,0.0,0.0,0.8408338091699714
893,89.2999999999992,26.678339840046938,70.72290223443927,3000.0,250.0,0.0,0.0,0.8408352857770078
894,89.3999999999992,26.678489765840087,70.7230897399793,3000.0,250.0,0.0,0.0,0.8408367624456653
895,89.49999999999919,26.67863969138582,70.72327724601365,3000.0,250.0,0.0,0.0,0.8408382391774895
896,89.59999999999918,26.67878961668412,70.72346475254233,3000.0,250.0,0.0,0.0,0.8408397159726532
897,89.69999999999918,26.678939541734984,70.72365225956534,3000.0,250.0,0.0,0.0,0.8408411928318666
898,89.79999999999917,26.679089466538393,70.72383976708271,3000.0,250.0,0.0,0.0,0.8408426697562674
899,89.89999999999917,26.67923939109434,70.72402727509444,3000.0,250.0,0.0,0.0,0.8408441467464968
900,89.99999999999916,26.679389315402815,70.72421478360056,3000.0,250.0,0.0,0.0,0.840845623803138
901,90.09999999999916,26.679539239463804,70.72440229260107,3000.0,250.0,0.0,0.0,0.8408471009269453
902,90.19999999999915,26.679689163277295,70.72458980209599,3000.0,250.0,0.0,0.0,0.8408485781190036
903,90.29999999999914,26.67983908684328,70.72477731208532,3000.0,250.0,0.0,0.0,0.8408500553798851
904,90.39999999999914,26.679989010161744,70.72496482256909,3000.0,250.0,0.0,0.0,0.8408515327107726
905,90.49999999999913,26.680138933232673,70.7251523335473,3000.0,250.0,0.0,0.0,0.8408530101121626
906,90.59999999999913,26.68028885605606,70.72533984501997,3000.0,250.0,0.0,0.0,0.8408544875855325
907,90.69999999999912,26.680438778631885,70.72552735698712,3000.0,250.0,0.0,0.0,0.8408559651311103
908,90.79999999999912,26.68058870096014,70.72571486944875,3000.0,250.0,0.0,0.0,0.8408574427503545
909,90.89999999999911,26.680738623040813,70.72590238240488,3000.0,250.0,0.0,0.0,0.84085892044378
910,90.9999999999991,26.68088854487389,70.72608989585554,3000.0,250.0,0.0,0.0,0.8408603982127502
911,91.0999999999991,26.68103846645936,70.72627740980072,3000.0,250.0,0.0,0.0,0.8408618760580802
912,91.1999999999991,26.681188387797203,70.72646492424045,3000.0,250.0,0.0,0.0,0.8408633539807898
913,91.29999999999909,26.681338308887412,70.72665243917474,3000.0,250.0,0.0,0.0,0.8408648319819193
914,91.39999999999908,26.681488229729972,70.7268399546036,3000.0,250.0,0.0,0.0,0.8408663100625905
915,91.49999999999908,26.681638150324865,70.72702747052706,3000.0,250.0,0.0,0.0,0.8408677882239253
916,91.59999999999907,26.68178807067208,70.72721498694513,3000.0,250.0,0.0,0.0,0.8408692664671557
917,91.69999999999906,26.681937990771605,70.72740250385782,3000.0,250.0,0.0,0.0,0.84087074479291
918,91.79999999999906,26.682087910623423,70.72759002126514,3000.0,250.0,0.0,0.0,0.840872223203062
919,91.89999999999905,26.68223783022752,70.72777753916712,3000.0,250.0,0.0,0.0,0.8408737016984013
920,91.99999999999905,26.682387749583885,70.72796505756378,3000.0,250.0,0.0,0.0,0.8408751802803672
921,92.09999999999904,26.682537668692497,70.72815257645512,3000.0,250.0,0.0,0.0,0.8408766589501272
922,92.19999999999904,26.682687587553342,70.72834009584116,3000.0,250.0,0.0,0.0,0.840878137709083
923,92.29999999999903,26.682837506166408,70.72852761572193,3000.0,250.0,0.0,0.0,0.8408796165584895
924,92.39999999999903,26.682987424531674,70.72871513609743,3000.0,250.0,0.0,0.0,0.8408810954998817
925,92.49999999999902,26.68313734264913,70.72890265696769,3000.0,250.0,0.0,0.0,0.8408825745344772
926,92.59999999999901,26.683287260518753,70.72909017833273,3000.0,250.0,0.0,0.0,0.8408840536638187
927,92.69999999999901,26.68343717814053,70.72927770019255,3000.0,250.0,0.0,0.0,0.8408855328894494
928,92.799999999999,26.683587095514444,70.72946522254719,3000.0,250.0,0.0,0.0,0.8408870122126416
929,92.899999999999,26.683737012640478,70.72965274539665,3000.0,250.0,0.0,0.0,0.8408884916350995
930,92.99999999999899,26.683886929518618,70.72984026874096,3000.0,250.0,0.0,0.0,0.8408899711587837
931,93.09999999999899,26.684036846148842,70.73002779258013,3000.0,250.0,0.0,0.0,0.8408914507850841
932,93.19999999999898,26.684186762531134,70.73021531691418,3000.0,250.0,0.0,0.0,0.8408929305156969
933,93.29999999999897,26.684336678665474,70.73040284174314,3000.0,250.0,0.0,0.0,0.8408944103525826
934,93.39999999999897,26.684486594551846,70.73059036706702,3000.0,250.0,0.0,0.0,0.8408958902972146
935,93.49999999999896,26.68463651019023,70.73077789288585,3000.0,250.0,0.0,0.0,0.8408973703517927
936,93.59999999999896,26.68478642558061,70.73096541919965,3000.0,250.0,0.0,0.0,0.840898850517721
937,93.69999999999895,26.684936340722967,70.73115294600842,3000.0,250.0,0.0,0.0,0.8409003307974526
938,93.79999999999895,26.685086255617275,70.7313404733122,3000.0,250.0,0.0,0.0,0.8409018111933295
939,93.89999999999894,26.68523617026352,70.73152800111102,3000.0,250.0,0.0,0.0,0.8409032917065609
940,93.99999999999893,26.685386084661676,70.73171552940488,3000.0,250.0,0.0,0.0,0.8409047723400105
941,94.09999999999893,26.685535998811726,70.73190305819382,3000.0,250.0,0.0,0.0,0.8409062530955326
942,94.19999999999892,26.685685912713648,70.73209058747786,3000.0,250.0,0.0,0.0,0.8409077339754324
943,94.29999999999892,26.68583582636742,70.73227811725701,3000.0,250.0,0.0,0.0,0.8409092149820644
944,94.39999999999891,26.68598573977302,70.7324656475313,3000.0,250.0,0.0,0.0,0.8409106961180423
945,94.4999999999989,26.686135652930428,70.73265317830075,3000.0,250.0,0.0,0.0,0.8409121773859304
946,94.5999999999989,26.68628556583962,70.7328407095654,3000.0,250.0,0.0,0.0,0.840913658788225
947,94.6999999999989,26.686435478500567,70.73302824132526,3000.0,250.0,0.0,0.0,0.8409151403277618
948,94.79999999999889,26.68658539091325,70.73321577358035,3000.0,250.0,0.0,0.0,0.840916622006803
949,94.89999999999888,26.686735303077647,70.73340330633073,3000.0,250.0,0.0,0.0,0.8409181038287212
950,94.99999999999888,26.68688521499373,70.7335908395764,3000.0,250.0,0.0,0.0,0.8409195857960721
951,95.09999999999887,26.687035126661478,70.73377837331738,3000.0,250.0,0.0,0.0,0.8409210679122678
952,95.19999999999887,26.68718503808086,70.7339659075537,3000.0,250.0,0.0,0.0,0.840922550180565
953,95.29999999999886,26.687334949251852,70.73415344228539,3000.0,250.0,0.0,0.0,0.8409240326040736
954,95.39999999999885,26.687484860174425,70.73434097751249,3000.0,250.0,0.0,0.0,0.8409255151862818
955,95.49999999999885,26.687634770848554,70.73452851323502,3000.0,250.0,0.0,0.0,0.8409269979306652
956,95.59999999999884,26.687784681274213,70.73471604945301,3000.0,250.0,0.0,0.0,0.8409284808404838
957,95.69999999999884,26.68793459145137,70.7349035861665,3000.0,250.0,0.0,0.0,0.8409299639200641
958,95.79999999999883,26.688084501379993,70.7350911233755,3000.0,250.0,0.0,0.0,0.8409314471732922
959,95.89999999999883,26.68823441106006,70.73527866108006,3000.0,250.0,0.0,0.0,0.8409329306038517
960,95.99999999999882,26.68838432049153,70.7354661992802,3000.0,250.0,0.0,0.0,0.8409344142164775
961,96.09999999999881,26.688534229674378,70.73565373797595,3000.0,250.0,0.0,0.0,0.8409358980152165
962,96.19999999999881,26.688684138608572,70.73584127716737,3000.0,250.0,0.0,0.0,0.8409373820048582
963,96.2999999999988,26.688834047294076,70.73602881685447,3000.0,250.0,0.0,0.0,0.8409388661898878
964,96.3999999999988,26.68898395573086,70.73621635703729,3000.0,250.0,0.0,0.0,0.8409403505751116
965,96.49999999999879,26.689133863918883,70.73640389771587,3000.0,250.0,0.0,0.0,0.8409418351663155
966,96.59999999999879,26.689283771858115,70.73659143889024,3000.0,250.0,0.0,0.0,0.8409433199683575
967,96.69999999999878,26.689433679548515,70.73677898056046,3000.0,250.0,0.0,0.0,0.8409448049871892
968,96.79999999999878,26.68958358699005,70.73696652272653,3000.0,250.0,0.0,0.0,0.8409462902277325
969,96.89999999999877,26.68973349418268,70.73715406538852,3000.0,250.0,0.0,0.0,0.8409477756977287
970,96.99999999999876,26.689883401126362,70.73734160854647,3000.0,250.0,0.0,0.0,0.8409492614020285
971,97.09999999999876,26.690033307821057,70.73752915220042,3000.0,250.0,0.0,0.0,0.84095074734789
972,97.19999999999875,26.690183214266725,70.7377166963504,3000.0,250.0,0.0,0.0,0.8409522335412638
973,97.29999999999875,26.690333120463322,70.73790424099647,3000.0,250.0,0.0,0.0,0.8409537199908099
974,97.39999999999874,26.690483026410803,70.73809178613867,3000.0,250.0,0.0,0.0,0.8409552067035768
975,97.49999999999874,26.69063293210912,70.73827933177705,3000.0,250.0,0.0,0.0,0.8409566936868197
976,97.59999999999873,26.69078283755823,70.73846687791165,3000.0,250.0,0.0,0.0,0.840958180949849
977,97.69999999999872,26.690932742758083,70.73865442454253,3000.0,250.0,0.0,0.0,0.8409596685007192
978,97.79999999999872,26.69108264770863,70.73884197166974,3000.0,250.0,0.0,0.0,0.840961156348416
979,97.89999999999871,26.691232552409815,70.73902951929333,3000.0,250.0,0.0,0.0,0.8409626445029089
980,97.9999999999987,26.69138245686159,70.73921706741335,3000.0,250.0,0.0,0.0,0.840964132974849
981,98.0999999999987,26.691532361063896,70.73940461602987,3000.0,250.0,0.0,0.0,0.8409656217741356
982,98.1999999999987,26.691682265016677,70.73959216514294,3000.0,250.0,0.0,0.0,0.840967110911662
983,98.29999999999869,26.691832168719873,70.73977971475261,3000.0,250.0,0.0,0.0,0.8409686003999751
984,98.39999999999868,26.691982072173424,70.73996726485898,3000.0,250.0,0.0,0.0,0.8409700902515485
985,98.49999999999868,26.69213197537727,70.74015481546206,3000.0,250.0,0.0,0.0,0.8409715804780138
986,98.59999999999867,26.692281878331336,70.74034236656196,3000.0,250.0,0.0,0.0,0.8409730710961363
987,98.69999999999867,26.692431781035562,70.74052991815874,3000.0,250.0,0.0,0.0,0.8409745621176945
988,98.79999999999866,26.692581683489877,70.74071747025246,3000.0,250.0,0.0,0.0,0.8409760535596958
989,98.89999999999866,26.692731585694204,70.74090502284321,3000.0,250.0,0.0,0.0,0.8409775454387264
990,98.99999999999865,26.692881487648467,70.74109257593106,3000.0,250.0,0.0,0.0,0.8409790377720576
991,99.09999999999864,26.693031389352587,70.7412801295161,3000.0,250.0,0.0,0.0,0.8409805305773054
992,99.19999999999864,26.693181290806482,70.7414676835984,3000.0,250.0,0.0,0.0,0.8409820238759989
993,99.29999999999863,26.693331192010067,70.74165523817805,3000.0,250.0,0.0,0.0,0.840983517688183
994,99.39999999999863,26.69348109296325,70.74184279325516,3000.0,250.0,0.0,0.0,0.8409850120371267
995,99.49999999999862,26.693630993665934,70.7420303488298,3000.0,250.0,0.0,0.0,0.8409865069466467
996,99.59999999999862,26.693780894118024,70.74221790490209,3000.0,250.0,0.0,0.0,0.8409880024431908
997,99.69999999999861,26.693930794319417,70.74240546147213,3000.0,250.0,0.0,0.0,0.8409894985536881
998,99.7999999999986,26.694080694270003,70.74259301854002,3000.0,250.0,0.0,0.0,0.8409909953076163
999,99.8999999999986,26.694230593969667,70.74278057610589,3000.0,250.0,0.0,0.0,0.840992492737973
1000,99.9999999999986,26.694380493418294,70.74296813416984,3000.0,250.0,0.0,0.0,0.8409939908789547
1001,100.09999999999859,26.694530392615754,70.74315569273202,3000.0,250.0,0.0,0.0,0.840995489767723
1002,100.19999999999858,26.694680291561916,70.74334325179255,3000.0,250.0,0.0,0.0,0.8409969894444821
1003,100.29999999999858,26.694830190256642,70.74353081135158,3000.0,250.0,0.0,0.0,0.8409984899532033
1004,100.39999999999857,26.694980088699783,70.74371837140926,3000.0,250.0,0.0,0.0,0.8409999913419095
1005,100.49999999999856,26.69512998689118,70.74390593196574,3000.0,250.0,0.0,0.0,0.8410014936616164
1006,100.59999999999856,26.695279884830676,70.7440934930212,3000.0,250.0,0.0,0.0,0.8410029969683686
1007,100.69999999999855,26.695429782518083,70.7442810545758,3000.0,250.0,0.0,0.0,0.8410045013256169
1008,100.79999999999855,26.69557967995322,70.74446861662973,3000.0,250.0,0.0,0.0,0.8410060068016789
1009,100.89999999999854,26.695729577135886,70.74465617918321,3000.0,250.0,0.0,0.0,0.8410075134705122
1010,100.99999999999854,26.695879474065865,70.74484374223644,3000.0,250.0,0.0,0.0,0.8410090214149782
1011,101.09999999999853,26.69602937074293,70.74503130578967,3000.0,250.0,0.0,0.0,0.8410105307282424
1012,101.19999999999852,26.696179267166833,70.74521886984313,3000.0,250.0,0.0,0.0,0.8410120415111138
1013,101.29999999999852,26.696329163337307,70.74540643439708,3000.0,250.0,0.0,0.0,0.8410135538793931
1014,101.39999999999851,26.696479059254067,70.74559399945184,3000.0,250.0,0.0,0.0,0.841015067961523
1015,101.49999999999851,26.696628954916797,70.7457815650077,3000.0,250.0,0.0,0.0,0.8410165839018557
1016,101.5999999999985,26.696778850325163,70.74596913106501,3000.0,250.0,0.0,0.0,0.8410181018645908
1017,101.6999999999985,26.69692874547879,70.74615669762413,3000.0,250.0,0.0,0.0,0.8410196220372727
1018,101.79999999999849,26.697078640377274,70.74634426468549,3000.0,250.0,0.0,0.0,0.8410211446352381
1019,101.89999999999849,26.697228535020166,70.74653183224953,3000.0,250.0,0.0,0.0,0.8410226699043414
1020,101.99999999999848,26.69737842940697,70.74671940031674,3000.0,250.0,0.0,0.0,0.8410241981313228
1021,102.09999999999847,26.697528323537135,70.74690696888767,3000.0,250.0,0.0,0.0,0.8410257296596335
1022,102.19999999999847,26.697678217410036,70.74709453796297,3000.0,250.0,0.0,0.0,0.8410272648818774
1023,102.29999999999846,26.69782811102498,70.74728210754331,3000.0,250.0,0.0,0.0,0.8410288042748336
1024,102.39999999999846,26.697978004381167,70.74746967762952,3000.0,250.0,0.0,0.0,0.8410303484113512
1025,102.49999999999845,26.698127897477683,70.7476572482225,3000.0,250.0,0.0,0.0,0.8410318979954008
1026,102.59999999999845,26.698277790313472,70.7478448193233,3000.0,250.0,0.0,0.0,0.841033453897803
1027,102.69999999999844,26.698427682887292,70.74803239093319,3000.0,250.0,0.0,0.0,0.8410350172123229
1028,102.79999999999843,26.698577575197664,70.74821996305363,3000.0,250.0,0.0,0.0,0.8410365893530344
1029,102.89999999999843,26.698727467242794,70.74840753568643,3000.0,250.0,0.0,0.0,0.841038172180395
1030,102.99999999999842,26.69887735902047,70.74859510883378,3000.0,250.0,0.0,0.0,0.841039768204003
1031,103.09999999999842,26.699027250527894,70.74878268249851,3000.0,250.0,0.0,0.0,0.841041380948586
1032,103.19999999999841,26.699177141761396,70.7489702566843,3000.0,250.0,0.0,0.0,0.8410430155662323
1033,103.2999999999984,26.699327032715978,70.74915783139615,3000.0,250.0,0.0,0.0,0.8410446800107537
1034,103.3999999999984,26.699476923384417,70.74934540664127,3000.0,250.0,0.0,0.0,0.841046387565428
1035,103.4999999999984,26.699626813755344,70.74953298243106,3000.0,250.0,0.0,0.0,0.8410481629532907
1036,103.59999999999839,26.69977670380827,70.74972055878605,3000.0,250.0,0.0,0.0,0.8410500606198311
1037,103.69999999999838,26.69992659349519,70.74990813575428,3000.0,250.0,0.0,0.0,0.8410522447187075
1038,103.79999999999838,26.700150080233197,70.75018738633963,3000.0,250.0,0.0,0.0,0.839914593385837
1039,103.89999999999837,26.70030016022006,70.75037477317333,3000.0,250.0,0.0,0.0,0.8399160648867533
1040,103.99999999999837,26.70045023996058,70.7505621605011,3000.0,250.0,0.0,0.0,0.8399175364029743
1041,104.09999999999836,26.700600319454757,70.75074954832296,3000.0,250.0,0.0,0.0,0.8399190079345371
1042,104.19999999999835,26.70075039870259,70.7509369366389,3000.0,250.0,0.0,0.0,0.839920479481388
1043,104.29999999999835,26.70090047770407,70.75112432544891,3000.0,250.0,0.0,0.0,0.8399219510436039
1044,104.39999999999834,26.7010505564592,70.75131171475303,3000.0,250.0,0.0,0.0,0.8399234226211826
1045,104.49999999999834,26.701200634967975,70.75149910455123,3000.0,250.0,0.0,0.0,0.8399248942140898
1046,104.59999999999833,26.701350713230394,70.75168649484354,3000.0,250.0,0.0,0.0,0.8399263658224149
1047,104.69999999999833,26.70150079124645,70.75187388562995,3000.0,250.0,0.0,0.0,0.8399278374461528
1048,104.79999999999832,26.70165086901614,70.75206127691047,3000.0,250.0,0.0,0.0,0.8399293090852727
1049,104.89999999999831,26.701800946539468,70.7522486686851,3000.0,250.0,0.0,0.0,0.8399307807398214
1050,104.99999999999831,26.701951023816424,70.75243606095384,3000.0,250.0,0.0,0.0,0.8399322524098168
1051,105.0999999999983,26.702101100847006,70.75262345371671,3000.0,250.0,0.0,0.0,0.8399337240953382
1052,105.1999999999983,26.702251177631215,70.7528108469737,3000.0,250.0,0.0,0.0,0.839935195796291
1053,105.29999999999829,26.702401254169047,70.75299824072482,3000.0,250.0,0.0,0.0,0.8399366675126735
1054,105.39999999999829,26.702551330460494,70.75318563497008,3000.0,250.0,0.0,0.0,0.8399381392446872
1055,105.49999999999828,26.702701406505557,70.75337302970948,3000.0,250.0,0.0,0.0,0.8399396109921358
1056,105.59999999999827,26.702851482304236,70.75356042494302,3000.0,250.0,0.0,0.0,0.8399410827551603
1057,105.69999999999827,26.703001557856524,70.75374782067071,3000.0,250.0,0.0,0.0,0.8399425545336984
1058,105.79999999999826,26.70315163316242,70.75393521689256,3000.0,250.0,0.0,0.0,0.839944026327798
1059,105.89999999999826,26.703301708221918,70.75412261360856,3000.0,250.0,0.0,0.0,0.8399454981374579
1060,105.99999999999825,26.703451783035018,70.75431001081871,3000.0,250.0,0.0,0.0,0.8399469699627798
1061,106.09999999999825,26.703601857601715,70.75449740852304,3000.0,250.0,0.0,0.0,0.8399484418037012
1062,106.19999999999824,26.70375193192201,70.75468480672153,3000.0,250.0,0.0,0.0,0.8399499136602504
1063,106.29999999999824,26.703902005995896,70.7548722054142,3000.0,250.0,0.0,0.0,0.8399513855324678
1064,106.39999999999823,26.704052079823374,70.75505960460104,3000.0,250.0,0.0,0.0,0.8399528574202996
1065,106.49999999999822,26.704202153404434,70.75524700428207,3000.0,250.0,0.0,0.0,0.8399543293238814
1066,106.59999999999822,26.70435222673908,70.75543440445729,3000.0,250.0,0.0,0.0,0.8399558012431384
1067,106.69999999999821,26.704502299827304,70.75562180512671,3000.0,250.0,0.0,0.0,0.8399572731780374
1068,106.7999999999982,26.70465237266911,70.75580920629031,3000.0,250.0,0.0,0.0,0.8399587451286609
1069,106.8999999999982,26.704802445264487,70.75599660794812,3000.0,250.0,0.0,0.0,0.8399602170951257
1070,106.9999999999982,26.70495251761344,70.75618401010013,3000.0,250.0,0.0,0.0,0.839961689077303
1071,107.09999999999819,26.705102589715956,70.75637141274635,3000.0,250.0,0.0,0.0,0.8399631610753094
1072,107.19999999999818,26.70525266157204,70.75655881588678,3000.0,250.0,0.0,0.0,0.8399646330890492
1073,107.29999999999818,26.70540273318169,70.75674621952143,3000.0,250.0,0.0,0.0,0.8399661051186698
1074,107.39999999999817,26.705552804544897,70.75693362365031,3000.0,250.0,0.0,0.0,0.8399675771640537
1075,107.49999999999817,26.70570287566166,70.75712102827342,3000.0,250.0,0.0,0.0,0.8399690492253069
1076,107.59999999999816,26.70585294653198,70.75730843339075,3000.0,250.0,0.0,0.0,0.8399705213024088
1077,107.69999999999816,26.706003017155847,70.75749583900232,3000.0,250.0,0.0,0.0,0.8399719933954877
1078,107.79999999999815,26.706153087533263,70.75768324510813,3000.0,250.0,0.0,0.0,0.8399734655044041
1079,107.89999999999814,26.706303157664223,70.75787065170819,3000.0,250.0,0.0,0.0,0.8399749376292657
1080,107.99999999999814,26.706453227548728,70.7580580588025,3000.0,250.0,0.0,0.0,0.8399764097699537
1081,108.09999999999813,26.70660329718677,70.75824546639107,3000.0,250.0,0.0,0.0,0.8399778819266833
1082,108.19999999999813,26.70675336657835,70.7584328744739,3000.0,250.0,0.0,0.0,0.839979354099327
1083,108.29999999999812,26.70690343572346,70.75862028305099,3000.0,250.0,0.0,0.0,0.8399808262880151
1084,108.39999999999812,26.707053504622102,70.75880769212235,3000.0,250.0,0.0,0.0,0.83998229849265
1085,108.49999999999811,26.70720357327427,70.75899510168797,3000.0,250.0,0.0,0.0,0.8399837707133198
1086,108.5999999999981,26.707353641679962,70.75918251174787,3000.0,250.0,0.0,0.0,0.8399852429501126
1087,108.6999999999981,26.707503709839177,70.75936992230204,3000.0,250.0,0.0,0.0,0.8399867152029654
1088,108.7999999999981,26.707653777751908,70.75955733335051,3000.0,250.0,0.0,0.0,0.839988187471911
1089,108.89999999999809,26.707803845418155,70.75974474489327,3000.0,250.0,0.0,0.0,0.8399896597569169
1090,108.99999999999808,26.70795391283791,70.75993215693032,3000.0,250.0,0.0,0.0,0.8399911320581066
1091,109.09999999999808,26.708103980011177,70.76011956946166,3000.0,250.0,0.0,0.0,0.8399926043753609
1092,109.19999999999807,26.70825404693795,70.76030698248732,3000.0,250.0,0.0,0.0,0.839994076708835
1093,109.29999999999806,26.708404113618222,70.76049439600727,3000.0,250.0,0.0,0.0,0.839995549058453
1094,109.39999999999806,26.708554180051998,70.76068181002155,3000.0,250.0,0.0,0.0,0.8399970214243183
1095,109.49999999999805,26.708704246239268,70.76086922453014,3000.0,250.0,0.0,0.0,0.8399984938063639
1096,109.59999999999805,26.708854312180033,70.76105663953305,3000.0,250.0,0.0,0.0,0.8399999662046718
1097,109.69999999999804,26.70900437787429,70.76124405503029,3000.0,250.0,0.0,0.0,0.8400014386191877
1098,109.79999999999804,26.70915444332203,70.76143147102185,3000.0,250.0,0.0,0.0,0.840002911050048
1099,109.89999999999803,26.709304508523257,70.76161888750775,3000.0,250.0,0.0,0.0,0.8400043834971893
1100,109.99999999999802,26.709454573477966,70.76180630448799,3000.0,250.0,0.0,0.0,0.8400058559606465
1101,110.09999999999802,26.709604638186153,70.76199372196257,3000.0,250.0,0.0,0.0,0.8400073284404457
1102,110.19999999999801,26.709754702647814,70.7621811399315,3000.0,250.0,0.0,0.0,0.8400088009366574
1103,110.29999999999801,26.709904766862948,70.76236855839478,3000.0,250.0,0.0,0.0,0.8400102734491832
1104,110.399999999998,26.710054830831552,70.76255597735242,3000.0,250.0,0.0,0.0,0.8400117459781163
1105,110.499999999998,26.710204894553623,70.76274339680442,3000.0,250.0,0.0,0.0,0.8400132185235739
1106,110.59999999999799,26.710354958029157,70.7629308167508,3000.0,250.0,0.0,0.0,0.8400146910853894
1107,110.69999999999798,26.71050502125815,70.76311823719153,3000.0,250.0,0.0,0.0,0.8400161636636797
1108,110.79999999999798,26.7106550842406,70.76330565812665,3000.0,250.0,0.0,0.0,0.8400176362584495
1109,110.89999999999797,26.7108051469765,70.76349307955616,3000.0,250.0,0.0,0.0,0.8400191088697356
1110,110.99999999999797,26.710955209465855,70.76368050148004,3000.0,250.0,0.0,0.0,0.8400205814974973
1111,111.09999999999796,26.711105271708654,70.76386792389832,3000.0,250.0,0.0,0.0,0.8400220541418763
1112,111.19999999999796,26.711255333704898,70.76405534681098,3000.0,250.0,0.0,0.0,0.8400235268027503
1113,111.29999999999795,26.711405395454584,70.76424277021805,3000.0,250.0,0.0,0.0,0.840024999480275
1114,111.39999999999795,26.711555456957708,70.76443019411951,3000.0,250.0,0.0,0.0,0.8400264721744068
1115,111.49999999999794,26.711705518214266,70.76461761851539,3000.0,250.0,0.0,0.0,0.8400279448852104
1116,111.59999999999793,26.71185557922426,70.76480504340567,3000.0,250.0,0.0,0.0,0.8400294176126321
1117,111.69999999999793,26.71200563998768,70.76499246879038,3000.0,250.0,0.0,0.0,0.8400308903567932
1118,111.79999999999792,26.71215570050453,70.7651798946695,3000.0,250.0,0.0,0.0,0.840032363117594
1119,111.89999999999792,26.712305760774797,70.76536732104306,3000.0,250.0,0.0,0.0,0.8400338358952399
1120,111.99999999999791,26.712455820798485,70.76555474791104,3000.0,250.0,0.0,0.0,0.8400353086895009
1121,112.0999999999979,26.71260588057559,70.76574217527346,3000.0,250.0,0.0,0.0,0.8400367815006534
1122,112.1999999999979,26.71275594010611,70.76592960313032,3000.0,250.0,0.0,0.0,0.8400382543285507
1123,112.2999999999979,26.71290599939004,70.76611703148161,3000.0,250.0,0.0,0.0,0.8400397271732696
1124,112.39999999999789,26.713056058427373,70.76630446032736,3000.0,250.0,0.0,0.0,0.8400412000348408
1125,112.49999999999788,26.71320611721811,70.76649188966756,3000.0,250.0,0.0,0.0,0.8400426729133051
1126,112.59999999999788,26.71335617576225,70.76667931950222,3000.0,250.0,0.0,0.0,0.84004414580867
1127,112.69999999999787,26.713506234059786,70.76686674983134,3000.0,250.0,0.0,0.0,0.8400456187209666
1128,112.79999999999787,26.713656292110716,70.76705418065492,3000.0,250.0,0.0,0.0,0.8400470916502131
1129,112.89999999999786,26.71380634991504,70.76724161197299,3000.0,250.0,0.0,0.0,0.8400485645964408
1130,112.99999999999785,26.71395640747275,70.76742904378553,3000.0,250.0,0.0,0.0,0.8400500375595968
1131,113.09999999999785,26.714106464783846,70.76761647609254,3000.0,250.0,0.0,0.0,0.8400515105398221
1132,113.19999999999784,26.714256521848323,70.76780390889405,3000.0,250.0,0.0,0.0,0.8400529835371358
1133,113.29999999999784,26.71440657866618,70.76799134219004,3000.0,250.0,0.0,0.0,0.8400544565514126
1134,113.39999999999783,26.714556635237408,70.76817877598053,3000.0,250.0,0.0,0.0,0.8400559295828435
1135,113.49999999999783,26.71470669156201,70.76836621026553,3000.0,250.0,0.0,0.0,0.8400574026313996
1136,113.59999999999782,26.71485674763998,70.76855364504502,3000.0,250.0,0.0,0.0,0.8400588756970763
1137,113.69999999999781,26.71500680347132,70.76874108031902,3000.0,250.0,0.0,0.0,0.840060348779921
1138,113.79999999999781,26.715156859056016,70.76892851608754,3000.0,250.0,0.0,0.0,0.8400618218800511
1139,113.8999999999978,26.715306914394073,70.76911595235057,3000.0,250.0,0.0,0.0,0.8400632949972191
1140,113.9999999999978,26.715456969485487,70.76930338910813,3000.0,250.0,0.0,0.0,0.8400647681317901
1141,114.09999999999779,26.715607024330254,70.76949082636021,3000.0,250.0,0.0,0.0,0.8400662412835894
1142,114.19999999999779,26.71575707892837,70.76967826410683,3000.0,250.0,0.0,0.0,0.8400677144527502
1143,114.29999999999778,26.71590713327983,70.76986570234799,3000.0,250.0,0.0,0.0,0.8400691876392202
1144,114.39999999999777,26.71605718738464,70.77005314108368,3000.0,250.0,0.0,0.0,0.84007066084301
1145,114.49999999999777,26.716207241242785,70.77024058031392,3000.0,250.0,0.0,0.0,0.840072134064254
1146,114.59999999999776,26.716357294854266,70.77042802003872,3000.0,250.0,0.0,0.0,0.840073607302826
1147,114.69999999999776,26.716507348219082,70.77061546025807,3000.0,250.0,0.0,0.0,0.840075080558861
1148,114.79999999999775,26.716657401337226,70.77080290097199,3000.0,250.0,0.0,0.0,0.8400765538324209
1149,114.89999999999775,26.7168074542087,70.77099034218047,3000.0,250.0,0.0,0.0,0.8400780271233785
1150,114.99999999999774,26.716957506833495,70.77117778388352,3000.0,250.0,0.0,0.0,0.840079500431896
1151,115.09999999999773,26.717107559211613,70.77136522608114,3000.0,250.0,0.0,0.0,0.8400809737579856
1152,115.19999999999773,26.717257611343047,70.77155266877335,3000.0,250.0,0.0,0.0,0.8400824471016459
1153,115.29999999999772,26.717407663227796,70.77174011196014,3000.0,250.0,0.0,0.0,0.8400839204628897
1154,115.39999999999772,26.717557714865855,70.77192755564151,3000.0,250.0,0.0,0.0,0.8400853938418057
1155,115.49999999999771,26.71770776625722,70.77211499981748,3000.0,250.0,0.0,0.0,0.840086867238458
1156,115.5999999999977,26.71785781740189,70.77230244448805,3000.0,250.0,0.0,0.0,0.8400883406527702
1157,115.6999999999977,26.71800786829986,70.77248988965322,3000.0,250.0,0.0,0.0,0.8400898140847919
1158,115.7999999999977,26.71815791895113,70.77267733531299,3000.0,250.0,0.0,0.0,0.8400912875346285
1159,115.89999999999769,26.71830796935569,70.77286478146739,3000.0,250.0,0.0,0.0,0.840092761002229
1160,115.99999999999768,26.71845801951354,70.7730522281164,3000.0,250.0,0.0,0.0,0.8400942344875673
1161,116.09999999999768,26.71860806942468,70.77323967526003,3000.0,250.0,0.0,0.0,0.8400957079908266
1162,116.19999999999767,26.718758119089102,70.77342712289828,3000.0,250.0,0.0,0.0,0.8400971815119821
1163,116.29999999999767,26.718908168506807,70.77361457103117,3000.0,250.0,0.0,0.0,0.8400986550510493
1164,116.39999999999766,26.71905821767779,70.7738020196587,3000.0,250.0,0.0,0.0,0.8401001286080549
1165,116.49999999999766,26.719208266602045,70.77398946878087,3000.0,250.0,0.0,0.0,0.8401016021830149
1166,116.59999999999765,26.71935831527957,70.77417691839769,3000.0,250.0,0.0,0.0,0.8401030757760751
1167,116.69999999999764,26.719508363710364,70.77436436850915,3000.0,250.0,0.0,0.0,0.8401045493870556
1168,116.79999999999764,26.71965841189442,70.77455181911527,3000.0,250.0,0.0,0.0,0.8401060230161289
1169,116.89999999999763,26.71980845983174,70.77473927021606,3000.0,250.0,0.0,0.0,0.8401074966633384
1170,116.99999999999763,26.719958507522314,70.77492672181151,3000.0,250.0,0.0,0.0,0.8401089703286342
1171,117.09999999999762,26.720108554966146,70.77511417390163,3000.0,250.0,0.0,0.0,0.8401104440121124
1172,117.19999999999762,26.720258602163227,70.77530162648642,3000.0,250.0,0.0,0.0,0.8401119177138968
1173,117.29999999999761,26.720408649113555,70.7754890795659,3000.0,250.0,0.0,0.0,0.8401133914338323
1174,117.3999999999976,26.720558695817125,70.77567653314006,3000.0,250.0,0.0,0.0,0.8401148651720428
1175,117.4999999999976,26.72070874227394,70.77586398720891,3000.0,250.0,0.0,0.0,0.8401163389285741
1176,117.59999999999759,26.720858788483987,70.77605144177245,3000.0,250.0,0.0,0.0,0.8401178127034297
1177,117.69999999999759,26.72100883444727,70.77623889683069,3000.0,250.0,0.0,0.0,0.840119286496656
1178,117.79999999999758,26.721158880163784,70.77642635238364,3000.0,250.0,0.0,0.0,0.8401207603083798
1179,117.89999999999758,26.721308925633526,70.77661380843129,3000.0,250.0,0.0,0.0,0.8401222341384721
1180,117.99999999999757,26.72145897085649,70.77680126497367,3000.0,250.0,0.0,0.0,0.8401237079870605
1181,118.09999999999756,26.721609015832673,70.77698872201076,3000.0,250.0,0.0,0.0,0.8401251818541232
1182,118.19999999999756,26.721759060562075,70.77717617954256,3000.0,250.0,0.0,0.0,0.8401266557398049
1183,118.29999999999755,26.721909105044688,70.77736363756911,3000.0,250.0,0.0,0.0,0.840128129644112
1184,118.39999999999755,26.72205914928051,70.77755109609039,3000.0,250.0,0.0,0.0,0.8401296035669419
1185,118.49999999999754,26.722209193269542,70.77773855510641,3000.0,250.0,0.0,0.0,0.840131077508425
1186,118.59999999999754,26.722359237011773,70.77792601461717,3000.0,250.0,0.0,0.0,0.8401325514686657
1187,118.69999999999753,26.722509280507204,70.77811347462267,3000.0,250.0,0.0,0.0,0.8401340254476325
1188,118.79999999999752,26.72265932375583,70.77830093512293,3000.0,250.0,0.0,0.0,0.8401354994453326
1189,118.89999999999752,26.72280936675765,70.77848839611795,3000.0,250.0,0.0,0.0,0.8401369734618994
1190,118.99999999999751,26.72295940951266,70.77867585760774,3000.0,250.0,0.0,0.0,0.8401384474973411
1191,119.09999999999751,26.723109452020854,70.77886331959229,3000.0,250.0,0.0,0.0,0.8401399215515438
1192,119.1999999999975,26.723259494282228,70.77905078207161,3000.0,250.0,0.0,0.0,0.8401413956247532
1193,119.2999999999975,26.72340953629678,70.7792382450457,3000.0,250.0,0.0,0.0,0.8401428697169949
1194,119.39999999999749,26.72355957806451,70.7794257085146,3000.0,250.0,0.0,0.0,0.840144343828167
1195,119.49999999999748,26.72370961958541,70.77961317247826,3000.0,250.0,0.0,0.0,0.8401458179583345
1196,119.59999999999748,26.72385966085948,70.77980063693673,3000.0,250.0,0.0,0.0,0.8401472921076515
1197,119.69999999999747,26.72400970188671,70.77998810189,3000.0,250.0,0.0,0.0,0.840148766276157
1198,119.79999999999747,26.724159742667105,70.78017556733806,3000.0,250.0,0.0,0.0,0.8401502404636927
1199,119.89999999999746,26.724309783200656,70.78036303328093,3000.0,250.0,0.0,0.0,0.8401517146705274
1200,119.99999999999746,26.72445982348736,70.78055049971863,3000.0,250.0,0.0,0.0,0.8401531888965883
1201,120.09999999999745,26.724609863527217,70.78073796665113,3000.0,250.0,0.0,0.0,0.8401546631419152
1202,120.19999999999744,26.72475990332022,70.78092543407845,3000.0,250.0,0.0,0.0,0.8401561374066386
1203,120.29999999999744,26.724909942866365,70.78111290200061,3000.0,250.0,0.0,0.0,0.8401576116907713
1204,120.39999999999743,26.725059982165646,70.78130037041761,3000.0,250.0,0.0,0.0,0.8401590859942404
1205,120.49999999999743,26.725210021218064,70.78148783932944,3000.0,250.0,0.0,0.0,0.8401605603170752
1206,120.59999999999742,26.725360060023615,70.78167530873611,3000.0,250.0,0.0,0.0,0.8401620346595068
1207,120.69999999999742,26.725510098582294,70.78186277863763,3000.0,250.0,0.0,0.0,0.8401635090214798
1208,120.79999999999741,26.7256601368941,70.782050249034,3000.0,250.0,0.0,0.0,0.8401649834030958
1209,120.8999999999974,26.725810174959026,70.78223771992523,3000.0,250.0,0.0,0.0,0.8401664578043576
1210,120.9999999999974,26.72596021277707,70.78242519131133,3000.0,250.0,0.0,0.0,0.8401679322251929
1211,121.0999999999974,26.72611025034823,70.7826126631923,3000.0,250.0,0.0,0.0,0.8401694066658383
1212,121.19999999999739,26.7262602876725,70.78280013556814,3000.0,250.0,0.0,0.0,0.8401708811262099
1213,121.29999999999738,26.726410324749875,70.78298760843886,3000.0,250.0,0.0,0.0,0.840172355606412
1214,121.39999999999738,26.726560361580354,70.78317508180446,3000.0,250.0,0.0,0.0,0.8401738301064198
1215,121.49999999999737,26.726710398163934,70.78336255566495,3000.0,250.0,0.0,0.0,0.8401753046264444
1216,121.59999999999737,26.726860434500608,70.78355003002034,3000.0,250.0,0.0,0.0,0.8401767791664156
1217,121.69999999999736,26.727010470590375,70.78373750487061,3000.0,250.0,0.0,0.0,0.840178253726339
1218,121.79999999999735,26.727160506433233,70.7839249802158,3000.0,250.0,0.0,0.0,0.8401797283063991
1219,121.89999999999735,26.727310542029173,70.7841124560559,3000.0,250.0,0.0,0.0,0.840181202906526
1220,121.99999999999734,26.727460577378196,70.78429993239091,3000.0,250.0,0.0,0.0,0.8401826775268165
1221,122.09999999999734,26.727610612480294,70.78448740922084,3000.0,250.0,0.0,0.0,0.8401841521672905
1222,122.19999999999733,26.72776064733547,70.7846748865457,3000.0,250.0,0.0,0.0,0.8401856268279858
1223,122.29999999999733,26.727910681943712,70.7848623643655,3000.0,250.0,0.0,0.0,0.8401871015090014
1224,122.39999999999732,26.72806071630502,70.78504984268022,3000.0,250.0,0.0,0.0,0.8401885762103288
1225,122.49999999999731,26.728210750419393,70.78523732148989,3000.0,250.0,0.0,0.0,0.8401900509320982
1226,122.59999999999731,26.728360784286824,70.7854248007945,3000.0,250.0,0.0,0.0,0.8401915256743198
1227,122.6999999999973,26.72851081790731,70.78561228059407,3000.0,250.0,0.0,0.0,0.8401930004370164
1228,122.7999999999973,26.728660851280846,70.78579976088858,3000.0,250.0,0.0,0.0,0.8401944752203216
1229,122.89999999999729,26.72881088440743,70.78598724167806,3000.0,250.0,0.0,0.0,0.8401959500242157
1230,122.99999999999729,26.728960917287058,70.7861747229625,3000.0,250.0,0.0,0.0,0.8401974248487539
1231,123.09999999999728,26.729110949919725,70.78636220474192,3000.0,250.0,0.0,0.0,0.8401988996941345
1232,123.19999999999727,26.72926098230543,70.78654968701632,3000.0,250.0,0.0,0.0,0.8402003745601667
1233,123.29999999999727,26.729411014444167,70.7867371697857,3000.0,250.0,0.0,0.0,0.8402018494469871
1234,123.39999999999726,26.72956104633593,70.78692465305006,3000.0,250.0,0.0,0.0,0.8402033243547963
1235,123.49999999999726,26.72971107798072,70.78711213680943,3000.0,250.0,0.0,0.0,0.8402047992834663
1236,123.59999999999725,26.72986110937853,70.78729962106378,3000.0,250.0,0.0,0.0,0.8402062742331365
1237,123.69999999999725,26.730011140529356,70.78748710581314,3000.0,250.0,0.0,0.0,0.8402077492038856
1238,123.79999999999724,26.730161171433195,70.78767459105751,3000.0,250.0,0.0,0.0,0.8402092241957114
1239,123.89999999999723,26.730311202090043,70.7878620767969,3000.0,250.0,0.0,0.0,0.8402106992087884
1240,123.99999999999723,26.7304612324999,70.78804956303131,3000.0,250.0,0.0,0.0,0.8402121742429572
1241,124.09999999999722,26.730611262662755,70.78823704976074,3000.0,250.0,0.0,0.0,0.8402136492984893
1242,124.19999999999722,26.73076129257861,70.7884245369852,3000.0,250.0,0.0,0.0,0.8402151243753073
1243,124.29999999999721,26.730911322247458,70.7886120247047,3000.0,250.0,0.0,0.0,0.8402165994735716
1244,124.3999999999972,26.731061351669293,70.78879951291924,3000.0,250.0,0.0,0.0,0.8402180745933021
1245,124.4999999999972,26.731211380844115,70.78898700162883,3000.0,250.0,0.0,0.0,0.8402195497345507
1246,124.5999999999972,26.73136140977192,70.78917449083346,3000.0,250.0,0.0,0.0,0.8402210248973521
1247,124.69999999999719,26.731511438452703,70.78936198053316,3000.0,250.0,0.0,0.0,0.8402225000818891
1248,124.79999999999718,26.731661466886457,70.78954947072792,3000.0,250.0,0.0,0.0,0.8402239752880031
1249,124.89999999999718,26.731811495073185,70.78973696141774,3000.0,250.0,0.0,0.0,0.8402254505159115
1250,124.99999999999717,26.731961523012878,70.78992445260265,3000.0,250.0,0.0,0.0,0.8402269257656703
1251,125.09999999999717,26.732111550705532,70.79011194428263,3000.0,250.0,0.0,0.0,0.8402284010373501
1252,125.19999999999716,26.732261578151146,70.79029943645769,3000.0,250.0,0.0,0.0,0.8402298763310421
1253,125.29999999999715,26.73241160534971,70.79048692912784,3000.0,250.0,0.0,0.0,0.8402313516468045
1254,125.39999999999715,26.732561632301227,70.7906744222931,3000.0,250.0,0.0,0.0,0.8402328269845452
1255,125.49999999999714,26.732711659005687,70.79086191595344,3000.0,250.0,0.0,0.0,0.8402343023444369
1256,125.59999999999714,26.732861685463092,70.7910494101089,3000.0,250.0,0.0,0.0,0.840235777726626
1257,125.69999999999713,26.733011711673434,70.79123690475947,3000.0,250.0,0.0,0.0,0.8402372531311224
1258,125.79999999999713,26.73316173763671,70.79142439990515,3000.0,250.0,0.0,0.0,0.8402387285579355
1259,125.89999999999712,26.733311763352916,70.79161189554597,3000.0,250.0,0.0,0.0,0.840240204007282
1260,125.99999999999712,26.733461788822044,70.7917993916819,3000.0,250.0,0.0,0.0,0.8402416794790193
1261,126.09999999999711,26.733611814044096,70.79198688831298,3000.0,250.0,0.0,0.0,0.8402431549734004
1262,126.1999999999971,26.733761839019063,70.7921743854392,3000.0,250.0,0.0,0.0,0.8402446304904042
1263,126.2999999999971,26.733911863746947,70.79236188306055,3000.0,250.0,0.0,0.0,0.8402461060301116
1264,126.39999999999709,26.73406188822774,70.79254938117707,3000.0,250.0,0.0,0.0,0.8402475815926445
1265,126.49999999999709,26.734211912461436,70.79273687978873,3000.0,250.0,0.0,0.0,0.8402490571779632
1266,126.59999999999708,26.734361936448032,70.79292437889556,3000.0,250.0,0.0,0.0,0.8402505327863636
1267,126.69999999999708,26.734511960187525,70.79311187849756,3000.0,250.0,0.0,0.0,0.8402520084177245
1268,126.79999999999707,26.73466198367991,70.79329937859472,3000.0,250.0,0.0,0.0,0.840253484072152
1269,126.89999999999706,26.734812006925182,70.79348687918707,3000.0,250.0,0.0,0.0,0.8402549597497676
1270,126.99999999999706,26.734962029923338,70.79367438027461,3000.0,250.0,0.0,0.0,0.8402564354506453
1271,127.09999999999705,26.735112052674374,70.79386188185734,3000.0,250.0,0.0,0.0,0.8402579111748045
1272,127.19999999999705,26.735262075178287,70.79404938393526,3000.0,250.0,0.0,0.0,0.840259386922391
1273,127.29999999999704,26.73541209743507,70.79423688650839,3000.0,250.0,0.0,0.0,0.8402608626934813
1274,127.39999999999704,26.73556211944472,70.79442438957672,3000.0,250.0,0.0,0.0,0.8402623384880623
1275,127.49999999999703,26.73571214120723,70.79461189314027,3000.0,250.0,0.0,0.0,0.8402638143063542
1276,127.59999999999702,26.7358621627226,70.79479939719904,3000.0,250.0,0.0,0.0,0.8402652901482744
1277,127.69999999999702,26.736012183990827,70.79498690175303,3000.0,250.0,0.0,0.0,0.8402667660140462
1278,127.79999999999701,26.7361622050119,70.79517440680226,3000.0,250.0,0.0,0.0,0.8402682419037159
1279,127.89999999999701,26.73631222578582,70.79536191234672,3000.0,250.0,0.0,0.0,0.8402697178174182
1280,127.999999999997,26.73646224631258,70.79554941838643,3000.0,250.0,0.0,0.0,0.8402711937550574
1281,128.099999999997,26.73661226659218,70.79573692492139,3000.0,250.0,0.0,0.0,0.8402726697169147
1282,128.199999999997,26.736762286624607,70.79592443195159,3000.0,250.0,0.0,0.0,0.8402741457030047
1283,128.299999999997,26.736912306409867,70.79611193947706,3000.0,250.0,0.0,0.0,0.8402756217134153
1284,128.399999999997,26.73706232594795,70.79629944749779,3000.0,250.0,0.0,0.0,0.8402770977482878
1285,128.499999999997,26.73721234523885,70.7964869560138,3000.0,250.0,0.0,0.0,0.8402785738076398
1286,128.59999999999698,26.737362364282564,70.79667446502508,3000.0,250.0,0.0,0.0,0.8402800498916152
1287,128.69999999999698,26.73751238307909,70.79686197453164,3000.0,250.0,0.0,0.0,0.8402815260001962
1288,128.79999999999697,26.73766240162842,70.79704948453349,3000.0,250.0,0.0,0.0,0.8402830021336993
1289,128.89999999999696,26.737812419930552,70.79723699503064,3000.0,250.0,0.0,0.0,0.8402844782920883
1290,128.99999999999696,26.73796243798548,70.79742450602309,3000.0,250.0,0.0,0.0,0.8402859544752889
1291,129.09999999999695,26.7381124557932,70.79761201751086,3000.0,250.0,0.0,0.0,0.8402874306836448
1292,129.19999999999695,26.738262473353707,70.79779952949393,3000.0,250.0,0.0,0.0,0.8402889069170248
1293,129.29999999999694,26.738412490667,70.79798704197232,3000.0,250.0,0.0,0.0,0.8402903831758533
1294,129.39999999999694,26.738562507733068,70.79817455494604,3000.0,250.0,0.0,0.0,0.8402918594599467
1295,129.49999999999693,26.73871252455191,70.7983620684151,3000.0,250.0,0.0,0.0,0.8402933357694625
1296,129.59999999999692,26.738862541123524,70.7985495823795,3000.0,250.0,0.0,0.0,0.8402948121045826
1297,129.69999999999692,26.7390125574479,70.79873709683923,3000.0,250.0,0.0,0.0,0.8402962884652987
1298,129.7999999999969,26.739162573525036,70.79892461179432,3000.0,250.0,0.0,0.0,0.8402977648518507
1299,129.8999999999969,26.739312589354927,70.79911212724475,3000.0,250.0,0.0,0.0,0.8402992412641561
1300,129.9999999999969,26.739462604937568,70.79929964319055,3000.0,250.0,0.0,0.0,0.8403007177025579
1301,130.0999999999969,26.739612620272958,70.79948715963172,3000.0,250.0,0.0,0.0,0.8403021941670704
1302,130.1999999999969,26.739762635361085,70.79967467656827,3000.0,250.0,0.0,0.0,0.840303670657708
1303,130.29999999999688,26.73991265020195,70.7998621940002,3000.0,250.0,0.0,0.0,0.8403051471746648
1304,130.39999999999688,26.74006266479555,70.80004971192751,3000.0,250.0,0.0,0.0,0.8403066237179799
1305,130.49999999999687,26.740212679141873,70.80023723035022,3000.0,250.0,0.0,0.0,0.8403081002877898
1306,130.59999999999687,26.740362693240918,70.80042474926833,3000.0,250.0,0.0,0.0,0.8403095768843742
1307,130.69999999999686,26.74051270709268,70.80061226868185,3000.0,250.0,0.0,0.0,0.8403110535074764
1308,130.79999999999686,26.740662720697156,70.80079978859077,3000.0,250.0,0.0,0.0,0.8403125301575785
1309,130.89999999999685,26.74081273405434,70.8009873089951,3000.0,250.0,0.0,0.0,0.8403140068347287
1310,130.99999999999685,26.74096274716423,70.80117482989488,3000.0,250.0,0.0,0.0,0.8403154835389929
1311,131.09999999999684,26.741112760026812,70.80136235129007,3000.0,250.0,0.0,0.0,0.840316960270357
1312,131.19999999999683,26.74126277264209,70.8015498731807,3000.0,250.0,0.0,0.0,0.8403184370292188
1313,131.29999999999683,26.741412785010056,70.80173739556679,3000.0,250.0,0.0,0.0,0.8403199138153823
1314,131.39999999999682,26.741562797130705,70.80192491844832,3000.0,250.0,0.0,0.0,0.8403213906291045
1315,131.49999999999682,26.74171280900403,70.8021124418253,3000.0,250.0,0.0,0.0,0.8403228674706056
1316,131.5999999999968,26.741862820630033,70.80229996569776,3000.0,250.0,0.0,0.0,0.8403243443400262
1317,131.6999999999968,26.7420128320087,70.80248749006567,3000.0,250.0,0.0,0.0,0.8403258212373381
1318,131.7999999999968,26.742162843140033,70.80267501492906,3000.0,250.0,0.0,0.0,0.8403272981627082
1319,131.8999999999968,26.74231285402402,70.80286254028795,3000.0,250.0,0.0,0.0,0.8403287751163839
1320,131.9999999999968,26.742462864660663,70.80305006614232,3000.0,250.0,0.0,0.0,0.840330252098281
1321,132.09999999999678,26.742612875049954,70.80323759249218,3000.0,250.0,0.0,0.0,0.8403317291087171
1322,132.19999999999678,26.742762885191887,70.80342511933755,3000.0,250.0,0.0,0.0,0.8403332061478878
1323,132.29999999999677,26.74291289508646,70.80361264667842,3000.0,250.0,0.0,0.0,0.8403346832157553
1324,132.39999999999677,26.743062904733662,70.8038001745148,3000.0,250.0,0.0,0.0,0.8403361603126043
1325,132.49999999999676,26.743212914133494,70.80398770284671,3000.0,250.0,0.0,0.0,0.8403376374384856
1326,132.59999999999675,26.743362923285947,70.80417523167415,3000.0,250.0,0.0,0.0,0.8403391145936039
1327,132.69999999999675,26.743512932191017,70.80436276099712,3000.0,250.0,0.0,0.0,0.8403405917779272
1328,132.79999999999674,26.743662940848697,70.80455029081564,3000.0,250.0,0.0,0.0,0.8403420689918809
1329,132.89999999999674,26.743812949258984,70.8047378211297,3000.0,250.0,0.0,0.0,0.8403435462353506
1330,132.99999999999673,26.74396295742187,70.80492535193933,3000.0,250.0,0.0,0.0,0.8403450235085944
1331,133.09999999999673,26.744112965337354,70.80511288324452,3000.0,250.0,0.0,0.0,0.8403465008117617
1332,133.19999999999672,26.74426297300543,70.80530041504527,3000.0,250.0,0.0,0.0,0.8403479781449856
1333,133.29999999999671,26.744412980426088,70.8054879473416,3000.0,250.0,0.0,0.0,0.840349455508623
1334,133.3999999999967,26.744562987599327,70.80567548013352,3000.0,250.0,0.0,0.0,0.8403509329024524
1335,133.4999999999967,26.744712994525138,70.80586301342102,3000.0,250.0,0.0,0.0,0.84035241032695
1336,133.5999999999967,26.74486300120352,70.80605054720412,3000.0,250.0,0.0,0.0,0.8403538877821454
1337,133.6999999999967,26.745013007634462,70.80623808148283,3000.0,250.0,0.0,0.0,0.8403553652682939
1338,133.7999999999967,26.74516301381796,70.80642561625714,3000.0,250.0,0.0,0.0,0.8403568427853195
1339,133.89999999999668,26.745313019754015,70.80661315152707,3000.0,250.0,0.0,0.0,0.8403583203336439
1340,133.99999999999667,26.745463025442614,70.80680068729264,3000.0,250.0,0.0,0.0,0.8403597979134877
1341,134.09999999999667,26.745613030883753,70.80698822355383,3000.0,250.0,0.0,0.0,0.8403612755246637
1342,134.19999999999666,26.745763036077427,70.80717576031066,3000.0,250.0,0.0,0.0,0.8403627531676969
1343,134.29999999999666,26.74591304102363,70.80736329756313,3000.0,250.0,0.0,0.0,0.8403642308427064
1344,134.39999999999665,26.74606304572236,70.80755083531126,3000.0,250.0,0.0,0.0,0.8403657085497863
1345,134.49999999999665,26.746213050173605,70.80773837355505,3000.0,250.0,0.0,0.0,0.8403671862889864
1346,134.59999999999664,26.746363054377362,70.80792591229451,3000.0,250.0,0.0,0.0,0.8403686640607579
1347,134.69999999999663,26.746513058333626,70.80811345152964,3000.0,250.0,0.0,0.0,0.8403701418652316
1348,134.79999999999663,26.74666306204239,70.80830099126045,3000.0,250.0,0.0,0.0,0.8403716197026077
1349,134.89999999999662,26.746813065503652,70.80848853148696,3000.0,250.0,0.0,0.0,0.8403730975728526
1350,134.99999999999662,26.746963068717402,70.80867607220917,3000.0,250.0,0.0,0.0,0.8403745754762937
1351,135.0999999999966,26.747113071683636,70.80886361342708,3000.0,250.0,0.0,0.0,0.8403760534131403
1352,135.1999999999966,26.747263074402344,70.8090511551407,3000.0,250.0,0.0,0.0,0.8403775313836819
1353,135.2999999999966,26.747413076873524,70.80923869735003,3000.0,250.0,0.0,0.0,0.8403790093880678
1354,135.3999999999966,26.74756307909717,70.80942624005509,3000.0,250.0,0.0,0.0,0.8403804874265679
1355,135.4999999999966,26.74771308107327,70.80961378325588,3000.0,250.0,0.0,0.0,0.8403819654991653
1356,135.59999999999658,26.74786308280183,70.80980132695242,3000.0,250.0,0.0,0.0,0.8403834436062617
1357,135.69999999999658,26.74801308428283,70.80998887114471,3000.0,250.0,0.0,0.0,0.8403849217479437
1358,135.79999999999657,26.748163085516275,70.81017641583276,3000.0,250.0,0.0,0.0,0.8403863999245743
1359,135.89999999999657,26.748313086502154,70.81036396101658,3000.0,250.0,0.0,0.0,0.8403878781361973
1360,135.99999999999656,26.74846308724046,70.81055150669616,3000.0,250.0,0.0,0.0,0.8403893563831568
1361,136.09999999999656,26.748613087731187,70.81073905287153,3000.0,250.0,0.0,0.0,0.8403908346658605
1362,136.19999999999655,26.74876308797433,70.81092659954268,3000.0,250.0,0.0,0.0,0.8403923129840333
1363,136.29999999999654,26.748913087969882,70.81111414670963,3000.0,250.0,0.0,0.0,0.8403937913383127
1364,136.39999999999654,26.749063087717836,70.81130169437239,3000.0,250.0,0.0,0.0,0.8403952697288917
1365,136.49999999999653,26.749213087218187,70.81148924253095,3000.0,250.0,0.0,0.0,0.8403967481558562
1366,136.59999999999653,26.74936308647093,70.81167679118533,3000.0,250.0,0.0,0.0,0.8403982266195369
1367,136.69999999999652,26.749513085476053,70.81186434033555,3000.0,250.0,0.0,0.0,0.8403997051203149
1368,136.79999999999652,26.749663084233553,70.8120518899816,3000.0,250.0,0.0,0.0,0.8404011836583194
1369,136.8999999999965,26.749813082743426,70.81223944012349,3000.0,250.0,0.0,0.0,0.840402662233526
1370,136.9999999999965,26.74996308100566,70.81242699076124,3000.0,250.0,0.0,0.0,0.840404140846755
1371,137.0999999999965,26.750113079020252,70.81261454189485,3000.0,250.0,0.0,0.0,0.8404056194979109
1372,137.1999999999965,26.750263076787196,70.81280209352433,3000.0,250.0,0.0,0.0,0.8404070981871685
1373,137.2999999999965,26.75041307430648,70.81298964564968,3000.0,250.0,0.0,0.0,0.8404085769150474
1374,137.39999999999648,26.7505630715781,70.81317719827092,3000.0,250.0,0.0,0.0,0.8404100556816815
1375,137.49999999999648,26.75071306860205,70.81336475138805,3000.0,250.0,0.0,0.0,0.840411534487337
1376,137.59999999999647,26.750863065378322,70.81355230500108,3000.0,250.0,0.0,0.0,0.840413013332425
1377,137.69999999999646,26.75101306190691,70.81373985911002,3000.0,250.0,0.0,0.0,0.8404144922172254
1378,137.79999999999646,26.751163058187807,70.81392741371488,3000.0,250.0,0.0,0.0,0.8404159711419459
1379,137.89999999999645,26.751313054221004,70.81411496881566,3000.0,250.0,0.0,0.0,0.8404174501068455
1380,137.99999999999645,26.7514630500065,70.81430252441238,3000.0,250.0,0.0,0.0,0.8404189291123386
1381,138.09999999999644,26.751613045544282,70.81449008050505,3000.0,250.0,0.0,0.0,0.8404204081585862
1382,138.19999999999644,26.751763040834344,70.81467763709367,3000.0,250.0,0.0,0.0,0.8404218872460401
1383,138.29999999999643,26.75191303587668,70.81486519417824,3000.0,250.0,0.0,0.0,0.8404233663749932
1384,138.39999999999642,26.75206303067128,70.81505275175878,3000.0,250.0,0.0,0.0,0.8404248455457689
1385,138.49999999999642,26.752213025218136,70.81524030983532,3000.0,250.0,0.0,0.0,0.8404263247586977
1386,138.5999999999964,26.752363019517244,70.81542786840784,3000.0,250.0,0.0,0.0,0.8404278040138327
1387,138.6999999999964,26.752513013568596,70.81561542747635,3000.0,250.0,0.0,0.0,0.8404292833117182
1388,138.7999999999964,26.75266300737218,70.81580298704087,3000.0,250.0,0.0,0.0,0.8404307626530254
1389,138.8999999999964,26.752813000927997,70.8159905471014,3000.0,250.0,0.0,0.0,0.8404322420375074
1390,138.9999999999964,26.752962994236032,70.81617810765796,3000.0,250.0,0.0,0.0,0.8404337214659079
1391,139.09999999999638,26.75311298729628,70.81636566871056,3000.0,250.0,0.0,0.0,0.8404352009385196
1392,139.19999999999638,26.753262980108733,70.8165532302592,3000.0,250.0,0.0,0.0,0.840436680455457
1393,139.29999999999637,26.753412972673384,70.81674079230389,3000.0,250.0,0.0,0.0,0.840438160017378
1394,139.39999999999637,26.753562964990223,70.81692835484463,3000.0,250.0,0.0,0.0,0.8404396396247761
1395,139.49999999999636,26.753712957059243,70.81711591788145,3000.0,250.0,0.0,0.0,0.840441119277704
1396,139.59999999999636,26.753862948880435,70.81730348141436,3000.0,250.0,0.0,0.0,0.840442598976817
1397,139.69999999999635,26.754012940453794,70.81749104544335,3000.0,250.0,0.0,0.0,0.8404440787221199
1398,139.79999999999634,26.75416293177931,70.81767860996844,3000.0,250.0,0.0,0.0,0.8404455585143823
1399,139.89999999999634,26.754312922856972,70.81786617498965,3000.0,250.0,0.0,0.0,0.8404470383538674
1400,139.99999999999633,26.754462913686776,70.81805374050697,3000.0,250.0,0.0,0.0,0.8404485182409673
1401,140.09999999999633,26.75461290426871,70.81824130652042,3000.0,250.0,0.0,0.0,0.840449998176305
1402,140.19999999999632,26.75476289460277,70.81842887303,3000.0,250.0,0.0,0.0,0.8404514781601082
1403,140.29999999999632,26.754912884688945,70.81861644003574,3000.0,250.0,0.0,0.0,0.8404529581928976
1404,140.3999999999963,26.755062874527226,70.81880400753764,3000.0,250.0,0.0,0.0,0.8404544382751327
1405,140.4999999999963,26.755212864117603,70.8189915755357,3000.0,250.0,0.0,0.0,0.8404559184072944
1406,140.5999999999963,26.755362853460067,70.81917914402995,3000.0,250.0,0.0,0.0,0.8404573985896471
1407,140.6999999999963,26.755512842554612,70.81936671302037,3000.0,250.0,0.0,0.0,0.8404588788228828
1408,140.7999999999963,26.755662831401228,70.819554282507,3000.0,250.0,0.0,0.0,0.8404603591074811
1409,140.89999999999628,26.755812819999907,70.81974185248984,3000.0,250.0,0.0,0.0,0.8404618394439967
1410,140.99999999999628,26.75596280835064,70.81992942296891,3000.0,250.0,0.0,0.0,0.8404633198325422
1411,141.09999999999627,26.756112796453415,70.82011699394421,3000.0,250.0,0.0,0.0,0.8404648002739551
1412,141.19999999999627,26.756262784308227,70.82030456541575,3000.0,250.0,0.0,0.0,0.8404662807686034
1413,141.29999999999626,26.756412771915063,70.82049213738355,3000.0,250.0,0.0,0.0,0.8404677613170919
1414,141.39999999999625,26.756562759273915,70.82067970984761,3000.0,250.0,0.0,0.0,0.840469241919907
1415,141.49999999999625,26.756712746384775,70.82086728280794,3000.0,250.0,0.0,0.0,0.8404707225777214
1416,141.59999999999624,26.75686273324763,70.82105485626455,3000.0,250.0,0.0,0.0,0.8404722032911179
1417,141.69999999999624,26.75701271986247,70.82124243021747,3000.0,250.0,0.0,0.0,0.840473684060558
1418,141.79999999999623,26.757162706229288,70.8214300046667,3000.0,250.0,0.0,0.0,0.840475164886584
1419,141.89999999999623,26.757312692348073,70.82161757961224,3000.0,250.0,0.0,0.0,0.8404766457696834
1420,141.99999999999622,26.757462678218815,70.82180515505411,3000.0,250.0,0.0,0.0,0.840478126710814
1421,142.09999999999621,26.757612663841503,70.82199273099233,3000.0,250.0,0.0,0.0,0.8404796077103586
1422,142.1999999999962,26.75776264921613,70.8221803074269,3000.0,250.0,0.0,0.0,0.8404810887687395
1423,142.2999999999962,26.75791263434268,70.82236788435785,3000.0,250.0,0.0,0.0,0.840482569887082
1424,142.3999999999962,26.75806261922115,70.82255546178517,3000.0,250.0,0.0,0.0,0.8404840510657746
1425,142.4999999999962,26.758212603851526,70.82274303970888,3000.0,250.0,0.0,0.0,0.8404855323052576
1426,142.5999999999962,26.758362588233794,70.82293061812899,3000.0,250.0,0.0,0.0,0.8404870136067506
1427,142.69999999999618,26.758512572367948,70.82311819704552,3000.0,250.0,0.0,0.0,0.8404884949705155
1428,142.79999999999617,26.758662556253974,70.82330577645847,3000.0,250.0,0.0,0.0,0.8404899763975568
1429,142.89999999999617,26.758812539891863,70.82349335636786,3000.0,250.0,0.0,0.0,0.8404914578883894
1430,142.99999999999616,26.758962523281603,70.82368093677371,3000.0,250.0,0.0,0.0,0.8404929394438406
1431,143.09999999999616,26.759112506423183,70.82386851767603,3000.0,250.0,0.0,0.0,0.8404944210643859
1432,143.19999999999615,26.75926248931659,70.82405609907482,3000.0,250.0,0.0,0.0,0.8404959027511195
1433,143.29999999999615,26.759412471961813,70.82424368097011,3000.0,250.0,0.0,0.0,0.8404973845048302
1434,143.39999999999614,26.759562454358843,70.8244312633619,3000.0,250.0,0.0,0.0,0.8404988663260883
1435,143.49999999999613,26.759712436507666,70.8246188462502,3000.0,250.0,0.0,0.0,0.8405003482160328
1436,143.59999999999613,26.759862418408268,70.82480642963505,3000.0,250.0,0.0,0.0,0.8405018301754031
1437,143.69999999999612,26.760012400060642,70.82499401351643,3000.0,250.0,0.0,0.0,0.8405033122048368
1438,143.79999999999612,26.76016238146477,70.82518159789437,3000.0,250.0,0.0,0.0,0.8405047943053972
1439,143.8999999999961,26.760312362620645,70.82536918276888,3000.0,250.0,0.0,0.0,0.8405062764780549
1440,143.9999999999961,26.760462343528253,70.82555676813998,3000.0,250.0,0.0,0.0,0.8405077587236495
1441,144.0999999999961,26.76061232418758,70.82574435400767,3000.0,250.0,0.0,0.0,0.8405092410432888
1442,144.1999999999961,26.76076230459861,70.82593194037199,3000.0,250.0,0.0,0.0,0.8405107234377889
1443,144.2999999999961,26.760912284761336,70.82611952723293,3000.0,250.0,0.0,0.0,0.840512205907698
1444,144.39999999999608,26.76106226467574,70.82630711459052,3000.0,250.0,0.0,0.0,0.8405136884547526
1445,144.49999999999608,26.761212244341813,70.82649470244476,3000.0,250.0,0.0,0.0,0.8405151710796949
1446,144.59999999999607,26.76136222375954,70.82668229079569,3000.0,250.0,0.0,0.0,0.8405166537835432
1447,144.69999999999607,26.761512202928905,70.8268698796433,3000.0,250.0,0.0,0.0,0.8405181365673002
1448,144.79999999999606,26.761662181849896,70.8270574689876,3000.0,250.0,0.0,0.0,0.8405196194323553
1449,144.89999999999606,26.7618121605225,70.82724505882864,3000.0,250.0,0.0,0.0,0.8405211023794906
1450,144.99999999999605,26.7619621389467,70.82743264916641,3000.0,250.0,0.0,0.0,0.8405225854102466
1451,145.09999999999604,26.762112117122484,70.82762024000094,3000.0,250.0,0.0,0.0,0.8405240685254767
1452,145.19999999999604,26.762262095049834,70.82780783133224,3000.0,250.0,0.0,0.0,0.8405255517265924
1453,145.29999999999603,26.76241207272874,70.82799542316032,3000.0,250.0,0.0,0.0,0.8405270350146081
1454,145.39999999999603,26.762562050159183,70.8281830154852,3000.0,250.0,0.0,0.0,0.8405285183912015
1455,145.49999999999602,26.76271202734115,70.82837060830688,3000.0,250.0,0.0,0.0,0.8405300018575643
1456,145.59999999999602,26.76286200427462,70.82855820162541,3000.0,250.0,0.0,0.0,0.8405314854152952
1457,145.699999999996,26.763011980959583,70.8287457954408,3000.0,250.0,0.0,0.0,0.8405329690651662
1458,145.799999999996,26.763161957396022,70.82893338975305,3000.0,250.0,0.0,0.0,0.8405344528089601
1459,145.899999999996,26.763311933583918,70.82912098456218,3000.0,250.0,0.0,0.0,0.8405359366483353
1460,145.999999999996,26.763461909523258,70.82930857986823,3000.0,250.0,0.0,0.0,0.8405374205843469
1461,146.099999999996,26.763611885214022,70.8294961756712,3000.0,250.0,0.0,0.0,0.8405389046187987
1462,146.19999999999598,26.763761860656196,70.8296837719711,3000.0,250.0,0.0,0.0,0.8405403887534217
1463,146.29999999999598,26.76391183584976,70.82987136876798,3000.0,250.0,0.0,0.0,0.8405418729895254
1464,146.39999999999597,26.7640618107947,70.83005896606184,3000.0,250.0,0.0,0.0,0.8405433573289023
1465,146.49999999999596,26.764211785490993,70.8302465638527,3000.0,250.0,0.0,0.0,0.8405448417733703
1466,146.59999999999596,26.764361759938623,70.83043416214056,3000.0,250.0,0.0,0.0,0.840546326324616
1467,146.69999999999595,26.76451173413757,70.83062176092548,3000.0,250.0,0.0,0.0,0.8405478109847948
1468,146.79999999999595,26.76466170808782,70.83080936020745,3000.0,250.0,0.0,0.0,0.8405492957550089
1469,146.89999999999594,26.76481168178935,70.8309969599865,3000.0,250.0,0.0,0.0,0.8405507806383317
1470,146.99999999999594,26.764961655242143,70.83118456026266,3000.0,250.0,0.0,0.0,0.8405522656358618
1471,147.09999999999593,26.765111628446174,70.83137216103593,3000.0,250.0,0.0,0.0,0.8405537507499581
1472,147.19999999999592,26.765261601401427,70.83155976230636,3000.0,250.0,0.0,0.0,0.8405552359825891
1473,147.29999999999592,26.76541157410788,70.83174736407395,3000.0,250.0,0.0,0.0,0.8405567213359106
1474,147.3999999999959,26.765561546565515,70.83193496633872,3000.0,250.0,0.0,0.0,0.8405582068123373
1475,147.4999999999959,26.765711518774307,70.83212256910072,3000.0,250.0,0.0,0.0,0.8405596924143842
1476,147.5999999999959,26.765861490734235,70.83231017235994,3000.0,250.0,0.0,0.0,0.8405611781439923
1477,147.6999999999959,26.766011462445277,70.83249777611643,3000.0,250.0,0.0,0.0,0.8405626640038242
1478,147.7999999999959,26.766161433907413,70.8326853803702,3000.0,250.0,0.0,0.0,0.8405641499964625
1479,147.89999999999588,26.766311405120618,70.83287298512127,3000.0,250.0,0.0,0.0,0.840565636124618
1480,147.99999999999588,26.766461376084866,70.83306059036968,3000.0,250.0,0.0,0.0,0.8405671223905931
1481,148.09999999999587,26.766611346800136,70.83324819611545,3000.0,250.0,0.0,0.0,0.8405686087977252
1482,148.19999999999587,26.766761317266404,70.8334358023586,3000.0,250.0,0.0,0.0,0.8405700953483891
1483,148.29999999999586,26.766911287483644,70.83362340909916,3000.0,250.0,0.0,0.0,0.8405715820461922
1484,148.39999999999586,26.767061257451832,70.83381101633717,3000.0,250.0,0.0,0.0,0.8405730688936314
1485,148.49999999999585,26.76721122717094,70.83399862407263,3000.0,250.0,0.0,0.0,0.8405745558941907
1486,148.59999999999584,26.76736119664094,70.8341862323056,3000.0,250.0,0.0,0.0,0.8405760430514481
1487,148.69999999999584,26.76751116586181,70.83437384103607,3000.0,250.0,0.0,0.0,0.8405775303680253
1488,148.79999999999583,26.767661134833517,70.83456145026409,3000.0,250.0,0.0,0.0,0.840579017848767
1489,148.89999999999583,26.767811103556035,70.8347490599897,3000.0,250.0,0.0,0.0,0.8405805054965582
1490,148.99999999999582,26.767961072029337,70.83493667021293,3000.0,250.0,0.0,0.0,0.8405819933148142
1491,149.09999999999582,26.76811104025339,70.83512428093378,3000.0,250.0,0.0,0.0,0.8405834813081899
1492,149.1999999999958,26.768261008228166,70.83531189215232,3000.0,250.0,0.0,0.0,0.8405849694809673
1493,149.2999999999958,26.768410975953632,70.83549950386856,3000.0,250.0,0.0,0.0,0.8405864578364929
1494,149.3999999999958,26.76856094342976,70.83568711608254,3000.0,250.0,0.0,0.0,0.8405879463804102
1495,149.4999999999958,26.768710910656512,70.8358747287943,3000.0,250.0,0.0,0.0,0.8405894351163098
1496,149.5999999999958,26.76886087763386,70.83606234200386,3000.0,250.0,0.0,0.0,0.840590924049853
1497,149.69999999999578,26.769010844361762,70.83624995571127,3000.0,250.0,0.0,0.0,0.8405924131852429
1498,149.79999999999578,26.76916081084019,70.83643756991655,3000.0,250.0,0.0,0.0,0.8405939025276923
1499,149.89999999999577,26.76931077706911,70.83662518461976,3000.0,250.0,0.0,0.0,0.8405953920838066
1500,149.99999999999577,26.769460743048477,70.83681279982093,3000.0,250.0,0.0,0.0,0.8405968818579639
1501,150.09999999999576,26.76961070877826,70.8370004155201,3000.0,250.0,0.0,0.0,0.8405983718562912
1502,150.19999999999575,26.769760674258414,70.83718803171729,3000.0,250.0,0.0,0.0,0.8405998620852038
1503,150.29999999999575,26.769910639488906,70.83737564841257,3000.0,250.0,0.0,0.0,0.8406013525512501
1504,150.39999999999574,26.770060604469688,70.83756326560598,3000.0,250.0,0.0,0.0,0.8406028432604957
1505,150.49999999999574,26.77021056920072,70.83775088329755,3000.0,250.0,0.0,0.0,0.8406043342203485
1506,150.59999999999573,26.770360533681963,70.83793850148733,3000.0,250.0,0.0,0.0,0.8406058254382552
1507,150.69999999999573,26.770510497913367,70.83812612017536,3000.0,250.0,0.0,0.0,0.8406073169217048
1508,150.79999999999572,26.770660461894888,70.8383137393617,3000.0,250.0,0.0,0.0,0.8406088086791822
1509,150.8999999999957,26.770810425626475,70.83850135904639,3000.0,250.0,0.0,0.0,0.8406103007186783
1510,150.9999999999957,26.770960389108083,70.83868897922949,3000.0,250.0,0.0,0.0,0.8406117930481897
1511,151.0999999999957,26.77111035233966,70.83887659991105,3000.0,250.0,0.0,0.0,0.8406132856784414
1512,151.1999999999957,26.771260315321157,70.8390642210911,3000.0,250.0,0.0,0.0,0.8406147786182916
1513,151.2999999999957,26.771410278052514,70.83925184276974,3000.0,250.0,0.0,0.0,0.8406162718787562
1514,151.39999999999569,26.771560240533677,70.83943946494699,3000.0,250.0,0.0,0.0,0.8406177654693863
1515,151.49999999999568,26.77171020276459,70.83962708762293,3000.0,250.0,0.0,0.0,0.8406192594030605
1516,151.59999999999567,26.771860164745195,70.83981471079761,3000.0,250.0,0.0,0.0,0.8406207536903205
1517,151.69999999999567,26.772010126475426,70.8400023344711,3000.0,250.0,0.0,0.0,0.8406222483447319
1518,151.79999999999566,26.77216008795522,70.84018995864345,3000.0,250.0,0.0,0.0,0.8406237433792959
1519,151.89999999999566,26.772310049184515,70.84037758331475,3000.0,250.0,0.0,0.0,0.8406252388080953
1520,151.99999999999565,26.772460010163236,70.84056520848506,3000.0,250.0,0.0,0.0,0.8406267346458998
1521,152.09999999999565,26.772609970891317,70.84075283415446,3000.0,250.0,0.0,0.0,0.8406282309084451
1522,152.19999999999564,26.77275993136868,70.84094046032301,3000.0,250.0,0.0,0.0,0.8406297276133848
1523,152.29999999999563,26.772909891595248,70.8411280869908,3000.0,250.0,0.0,0.0,0.8406312247774349
1524,152.39999999999563,26.77305985157094,70.84131571415793,3000.0,250.0,0.0,0.0,0.8406327224203803
1525,152.49999999999562,26.773209811295676,70.84150334182445,3000.0,250.0,0.0,0.0,0.8406342205616677
1526,152.59999999999562,26.773359770769364,70.84169096999047,3000.0,250.0,0.0,0.0,0.8406357192235241
1527,152.6999999999956,26.773509729991915,70.84187859865608,3000.0,250.0,0.0,0.0,0.8406372184284854
1528,152.7999999999956,26.77365968896323,70.84206622782138,3000.0,250.0,0.0,0.0,0.8406387182011699
1529,152.8999999999956,26.773809647683215,70.84225385748645,3000.0,250.0,0.0,0.0,0.8406402185676701
1530,152.9999999999956,26.773959606151763,70.84244148765143,3000.0,250.0,0.0,0.0,0.8406417195569715
1531,153.0999999999956,26.77410956436876,70.84262911831641,3000.0,250.0,0.0,0.0,0.8406432211992187
1532,153.19999999999558,26.7742595223341,70.84281674948151,3000.0,250.0,0.0,0.0,0.8406447235262843
1533,153.29999999999558,26.77440948004765,70.84300438114687,3000.0,250.0,0.0,0.0,0.8406462265733708
1534,153.39999999999557,26.774559437509293,70.84319201331259,3000.0,250.0,0.0,0.0,0.8406477303795795
1535,153.49999999999557,26.77470939471889,70.84337964597883,3000.0,250.0,0.0,0.0,0.8406492349855831
1536,153.59999999999556,26.7748593516763,70.84356727914572,3000.0,250.0,0.0,0.0,0.8406507404349588
1537,153.69999999999555,26.775009308381374,70.84375491281341,3000.0,250.0,0.0,0.0,0.840652246777642
1538,153.79999999999555,26.775159264833952,70.84394254698206,3000.0,250.0,0.0,0.0,0.8406537540666743
1539,153.89999999999554,26.775309221033865,70.84413018165186,3000.0,250.0,0.0,0.0,0.8406552623597107
1540,153.99999999999554,26.775459176980934,70.84431781682298,3000.0,250.0,0.0,0.0,0.8406567717190351
1541,154.09999999999553,26.775609132674973,70.8445054524956,3000.0,250.0,0.0,0.0,0.8406582822157059
1542,154.19999999999553,26.775759088115773,70.84469308866994,3000.0,250.0,0.0,0.0,0.8406597939274026
1543,154.29999999999552,26.775909043303116,70.84488072534621,3000.0,250.0,0.0,0.0,0.8406613069361905
1544,154.39999999999552,26.77605899823677,70.84506836252466,3000.0,250.0,0.0,0.0,0.8406628213393125
1545,154.4999999999955,26.776208952916484,70.84525600020552,3000.0,250.0,0.0,0.0,0.8406643372401038
1546,154.5999999999955,26.776358907341987,70.8454436383891,3000.0,250.0,0.0,0.0,0.8406658547584278
1547,154.6999999999955,26.776508861512983,70.84563127707567,3000.0,250.0,0.0,0.0,0.8406673740234144
1548,154.7999999999955,26.77665881542916,70.84581891626554,3000.0,250.0,0.0,0.0,0.8406688951854734
1549,154.8999999999955,26.776808769090163,70.8460065559591,3000.0,250.0,0.0,0.0,0.8406704184148529
1550,154.99999999999548,26.776958722495618,70.84619419615667,3000.0,250.0,0.0,0.0,0.8406719439027642
1551,155.09999999999548,26.77710867564511,70.84638183685873,3000.0,250.0,0.0,0.0,0.8406734718732295
1552,155.19999999999547,26.777258628538178,70.8465694780657,3000.0,250.0,0.0,0.0,0.840675002580659
1553,155.29999999999546,26.777408581174313,70.84675711977812,3000.0,250.0,0.0,0.0,0.8406765363232672
1554,155.39999999999546,26.77755853355295,70.84694476199654,3000.0,250.0,0.0,0.0,0.8406780734510431
1555,155.49999999999545,26.777708485673447,70.8471324047216,3000.0,250.0,0.0,0.0,0.8406796143797062
1556,155.59999999999545,26.77785843753509,70.84732004795404,3000.0,250.0,0.0,0.0,0.8406811596042335
1557,155.69999999999544,26.778008389137057,70.84750769169467,3000.0,250.0,0.0,0.0,0.8406827097254469
1558,155.79999999999544,26.778158340478402,70.84769533594444,3000.0,250.0,0.0,0.0,0.8406842654759158
1559,155.89999999999543,26.778308291558027,70.84788298070445,3000.0,250.0,0.0,0.0,0.8406858277773925
1560,155.99999999999542,26.778458242374644,70.848070625976,3000.0,250.0,0.0,0.0,0.8406873977790146
1561,156.09999999999542,26.77860819292671,70.84825827176064,3000.0,250.0,0.0,0.0,0.8406889769844276
1562,156.1999999999954,26.778758143212354,70.84844591806025,3000.0,250.0,0.0,0.0,0.840690567373977
1563,156.2999999999954,26.778908093229244,70.84863356487715,3000.0,250.0,0.0,0.0,0.8406921716379656
1564,156.3999999999954,26.779058042974423,70.84882121221432,3000.0,250.0,0.0,0.0,0.840693793595493
1565,156.4999999999954,26.77920799244398,70.84900886007568,3000.0,250.0,0.0,0.0,0.8406954388685765
1566,156.5999999999954,26.779357941632533,70.84919650846663,3000.0,250.0,0.0,0.0,0.8406971162758669
1567,156.69999999999538,26.77950789053218,70.8493841573951,3000.0,250.0,0.0,0.0,0.8406988408389539
1568,156.79999999999538,26.779657839130213,70.84957180687381,3000.0,250.0,0.0,0.0,0.8407006412755941
1569,156.89999999999537,26.77980778740278,70.8497594569267,3000.0,250.0,0.0,0.0,0.8407025840643684
1570,156.99999999999537,26.779957735288836,70.84994710761498,3000.0,250.0,0.0,0.0,0.8407048912957117
1571,157.09999999999536,26.780175346268447,70.85015762762764,3000.0,250.0,0.0,0.0,0.676282915734249
1572,157.19999999999536,26.780350692362212,70.85031525574256,3000.0,250.0,0.0,0.0,0.6762841570498503
1573,157.29999999999535,26.780526038281295,70.85047288434477,3000.0,250.0,0.0,0.0,0.676285398379886
1574,157.39999999999534,26.780701384025694,70.85063051343425,3000.0,250.0,0.0,0.0,0.6762866397243458
1575,157.49999999999534,26.780876729595406,70.85078814301104,3000.0,250.0,0.0,0.0,0.6762878810832967
1576,157.59999999999533,26.78105207499043,70.85094577307513,3000.0,250.0,0.0,0.0,0.6762891224567135
1577,157.69999999999533,26.781227420210765,70.85110340362651,3000.0,250.0,0.0,0.0,0.6762903638446319
1578,157.79999999999532,26.781402765256406,70.85126103466521,3000.0,250.0,0.0,0.0,0.676291605247058
1579,157.89999999999532,26.781578110127352,70.85141866619122,3000.0,250.0,0.0,0.0,0.6762928466639343
1580,157.9999999999953,26.7817534548236,70.85157629820456,3000.0,250.0,0.0,0.0,0.6762940880954231
1581,158.0999999999953,26.78192879934515,70.85173393070522,3000.0,250.0,0.0,0.0,0.6762953295413732
1582,158.1999999999953,26.782104143691992,70.85189156369321,3000.0,250.0,0.0,0.0,0.6762965710018526
1583,158.2999999999953,26.78227948786413,70.85204919716854,3000.0,250.0,0.0,0.0,0.6762978124769303
1584,158.3999999999953,26.782454831861564,70.85220683113121,3000.0,250.0,0.0,0.0,0.676299053966549
1585,158.49999999999528,26.78263017568429,70.85236446558123,3000.0,250.0,0.0,0.0,0.6763002954707305
1586,158.59999999999528,26.782805519332303,70.8525221005186,3000.0,250.0,0.0,0.0,0.676301536989512
1587,158.69999999999527,26.7829808628056,70.85267973594333,3000.0,250.0,0.0,0.0,0.6763027785229317
1588,158.79999999999526,26.783156206104184,70.85283737185541,3000.0,250.0,0.0,0.0,0.676304020070932
1589,158.89999999999526,26.78333154922805,70.85299500825488,3000.0,250.0,0.0,0.0,0.6763052616335828
1590,158.99999999999525,26.78350689217719,70.8531526451417,3000.0,250.0,0.0,0.0,0.6763065032108427
1591,159.09999999999525,26.78368223495161,70.85331028251592,3000.0,250.0,0.0,0.0,0.6763077448027651
1592,159.19999999999524,26.783857577551302,70.85346792037751,3000.0,250.0,0.0,0.0,0.6763089864093415
1593,159.29999999999524,26.784032919976266,70.85362555872649,3000.0,250.0,0.0,0.0,0.6763102280306256
1594,159.39999999999523,26.7842082622265,70.85378319756288,3000.0,250.0,0.0,0.0,0.6763114696665763
1595,159.49999999999523,26.784383604302,70.85394083688666,3000.0,250.0,0.0,0.0,0.6763127113172002
1596,159.59999999999522,26.78455894620277,70.85409847669786,3000.0,250.0,0.0,0.0,0.6763139529825037
1597,159.6999999999952,26.7847342879288,70.85425611699645,3000.0,250.0,0.0,0.0,0.6763151946625746
1598,159.7999999999952,26.78490962948009,70.85441375778247,3000.0,250.0,0.0,0.0,0.6763164363574033
1599,159.8999999999952,26.785084970856637,70.85457139905591,3000.0,250.0,0.0,0.0,0.676317678066981
1600,159.9999999999952,26.78526031205844,70.85472904081678,3000.0,250.0,0.0,0.0,0.6763189197912496
1601,160.0999999999952,26.785435653085496,70.85488668306508,3000.0,250.0,0.0,0.0,0.676320161530346
1602,160.19999999999519,26.785610993937805,70.85504432580082,3000.0,250.0,0.0,0.0,0.6763214032842126
1603,160.29999999999518,26.785786334615363,70.85520196902401,3000.0,250.0,0.0,0.0,0.6763226450528568
1604,160.39999999999517,26.785961675118166,70.85535961273465,3000.0,250.0,0.0,0.0,0.6763238868363185
1605,160.49999999999517,26.78613701544621,70.85551725693273,3000.0,250.0,0.0,0.0,0.6763251286345883
1606,160.59999999999516,26.7863123555995,70.85567490161827,3000.0,250.0,0.0,0.0,0.6763263704477565
1607,160.69999999999516,26.786487695578025,70.85583254679129,3000.0,250.0,0.0,0.0,0.6763276122757647
1608,160.79999999999515,26.78666303538179,70.85599019245177,3000.0,250.0,0.0,0.0,0.6763288541185714
1609,160.89999999999515,26.786838375010788,70.85614783859972,3000.0,250.0,0.0,0.0,0.6763300959763326
1610,160.99999999999514,26.78701371446502,70.85630548523517,3000.0,250.0,0.0,0.0,0.6763313378490071
1611,161.09999999999513,26.78718905374448,70.8564631323581,3000.0,250.0,0.0,0.0,0.6763325797365367
1612,161.19999999999513,26.787364392849167,70.85662077996852,3000.0,250.0,0.0,0.0,0.676333821638979
1613,161.29999999999512,26.78753973177908,70.85677842806645,3000.0,250.0,0.0,0.0,0.6763350635563419
1614,161.39999999999512,26.787715070534215,70.85693607665188,3000.0,250.0,0.0,0.0,0.6763363054886339
1615,161.4999999999951,26.78789040911457,70.85709372572481,3000.0,250.0,0.0,0.0,0.6763375474358799
1616,161.5999999999951,26.788065747520143,70.85725137528526,3000.0,250.0,0.0,0.0,0.6763387893981385
1617,161.6999999999951,26.788241085750933,70.85740902533323,3000.0,250.0,0.0,0.0,0.6763400313753515
1618,161.7999999999951,26.788416423806936,70.85756667586872,3000.0,250.0,0.0,0.0,0.6763412733675946
1619,161.8999999999951,26.78859176168815,70.85772432689176,3000.0,250.0,0.0,0.0,0.6763425153748263
1620,161.99999999999508,26.78876709939457,70.85788197840232,3000.0,250.0,0.0,0.0,0.6763437573970549
1621,162.09999999999508,26.788942436926195,70.85803963040043,3000.0,250.0,0.0,0.0,0.6763449994343739
1622,162.19999999999507,26.789117774283024,70.85819728288608,3000.0,250.0,0.0,0.0,0.6763462414866909
1623,162.29999999999507,26.789293111465057,70.85835493585928,3000.0,250.0,0.0,0.0,0.6763474835540826
1624,162.39999999999506,26.789468448472288,70.85851258932004,3000.0,250.0,0.0,0.0,0.6763487256366266
1625,162.49999999999505,26.789643785304715,70.85867024326836,3000.0,250.0,0.0,0.0,0.6763499677342641
1626,162.59999999999505,26.789819121962335,70.85882789770426,3000.0,250.0,0.0,0.0,0.6763512098470218
1627,162.69999999999504,26.789994458445147,70.85898555262773,3000.0,250.0,0.0,0.0,0.676352451974892
1628,162.79999999999504,26.790169794753147,70.85914320803877,3000.0,250.0,0.0,0.0,0.6763536941178497
1629,162.89999999999503,26.790345130886333,70.8593008639374,3000.0,250.0,0.0,0.0,0.6763549362760424
1630,162.99999999999503,26.790520466844704,70.85945852032363,3000.0,250.0,0.0,0.0,0.6763561784493767
1631,163.09999999999502,26.790695802628257,70.85961617719745,3000.0,250.0,0.0,0.0,0.6763574206379142
1632,163.19999999999501,26.79087113823699,70.85977383455888,3000.0,250.0,0.0,0.0,0.6763586628416305
1633,163.299999999995,26.7910464736709,70.85993149240791,3000.0,250.0,0.0,0.0,0.6763599050605531
1634,163.399999999995,26.791221808929986,70.86008915074456,3000.0,250.0,0.0,0.0,0.676361147294744
1635,163.499999999995,26.791397144014244,70.86024680956882,3000.0,250.0,0.0,0.0,0.6763623895441443
1636,163.599999999995,26.791572478923673,70.8604044688807,3000.0,250.0,0.0,0.0,0.6763636318088165
1637,163.699999999995,26.79174781365827,70.86056212868021,3000.0,250.0,0.0,0.0,0.6763648740888414
1638,163.79999999999498,26.79192314821803,70.86071978896736,3000.0,250.0,0.0,0.0,0.6763661163841425
1639,163.89999999999498,26.792098482602952,70.86087744974215,3000.0,250.0,0.0,0.0,0.6763673586947655
1640,163.99999999999497,26.792273816813033,70.86103511100458,3000.0,250.0,0.0,0.0,0.6763686010206688
1641,164.09999999999496,26.792449150848274,70.86119277275466,3000.0,250.0,0.0,0.0,0.6763698433619336
1642,164.19999999999496,26.792624484708668,70.8613504349924,3000.0,250.0,0.0,0.0,0.6763710857186065
1643,164.29999999999495,26.792799818394215,70.8615080977178,3000.0,250.0,0.0,0.0,0.676372328090593
1644,164.39999999999495,26.792975151904912,70.86166576093088,3000.0,250.0,0.0,0.0,0.6763735704780105
1645,164.49999999999494,26.79315048524076,70.86182342463162,3000.0,250.0,0.0,0.0,0.6763748128807998
1646,164.59999999999494,26.79332581840175,70.86198108882004,3000.0,250.0,0.0,0.0,0.6763760552990079
1647,164.69999999999493,26.793501151387886,70.86213875349615,3000.0,250.0,0.0,0.0,0.6763772977327179
1648,164.79999999999492,26.79367648419916,70.86229641865995,3000.0,250.0,0.0,0.0,0.6763785401818351
1649,164.89999999999492,26.793851816835573,70.86245408431145,3000.0,250.0,0.0,0.0,0.6763797826464605
1650,164.9999999999949,26.794027149297122,70.86261175045065,3000.0,250.0,0.0,0.0,0.6763810251264987
1651,165.0999999999949,26.794202481583806,70.86276941707756,3000.0,250.0,0.0,0.0,0.6763822676220698
1652,165.1999999999949,26.79437781369562,70.86292708419218,3000.0,250.0,0.0,0.0,0.6763835101332042
1653,165.2999999999949,26.79455314563256,70.86308475179452,3000.0,250.0,0.0,0.0,0.6763847526598243
1654,165.3999999999949,26.794728477394628,70.86324241988457,3000.0,250.0,0.0,0.0,0.6763859952020149
1655,165.49999999999488,26.794903808981818,70.86340008846236,3000.0,250.0,0.0,0.0,0.6763872377598433
1656,165.59999999999488,26.79507914039413,70.86355775752787,3000.0,250.0,0.0,0.0,0.676388480333232
1657,165.69999999999487,26.795254471631562,70.86371542708113,3000.0,250.0,0.0,0.0,0.6763897229222482
1658,165.79999999999487,26.79542980269411,70.86387309712214,3000.0,250.0,0.0,0.0,0.6763909655269059
1659,165.89999999999486,26.79560513358177,70.86403076765089,3000.0,250.0,0.0,0.0,0.6763922081472181
1660,165.99999999999486,26.79578046429454,70.8641884386674,3000.0,250.0,0.0,0.0,0.6763934507831798
1661,166.09999999999485,26.795955794832423,70.86434611017167,3000.0,250.0,0.0,0.0,0.6763946934348417
1662,166.19999999999484,26.79613112519541,70.86450378216371,3000.0,250.0,0.0,0.0,0.6763959361022728
1663,166.29999999999484,26.796306455383498,70.86466145464352,3000.0,250.0,0.0,0.0,0.6763971787853214
1664,166.39999999999483,26.79648178539669,70.86481912761111,3000.0,250.0,0.0,0.0,0.6763984214841303
1665,166.49999999999483,26.79665711523498,70.86497680106649,3000.0,250.0,0.0,0.0,0.6763996641987509
1666,166.59999999999482,26.796832444898364,70.86513447500965,3000.0,250.0,0.0,0.0,0.6764009069290677
1667,166.69999999999482,26.797007774386845,70.86529214944062,3000.0,250.0,0.0,0.0,0.6764021496752628
1668,166.7999999999948,26.797183103700416,70.86544982435939,3000.0,250.0,0.0,0.0,0.6764033924372018
1669,166.8999999999948,26.797358432839076,70.86560749976596,3000.0,250.0,0.0,0.0,0.6764046352149927
1670,166.9999999999948,26.79753376180282,70.86576517566034,3000.0,250.0,0.0,0.0,0.6764058780086688
1671,167.0999999999948,26.797709090591653,70.86592285204254,3000.0,250.0,0.0,0.0,0.6764071208181711
1672,167.1999999999948,26.797884419205563,70.86608052891258,3000.0,250.0,0.0,0.0,0.6764083636435891
1673,167.29999999999478,26.79805974764455,70.86623820627044,3000.0,250.0,0.0,0.0,0.6764096064848827
1674,167.39999999999478,26.798235075908618,70.86639588411613,3000.0,250.0,0.0,0.0,0.6764108493420475
1675,167.49999999999477,26.798410403997757,70.86655356244967,3000.0,250.0,0.0,0.0,0.6764120922152699
1676,167.59999999999476,26.798585731911967,70.86671124127105,3000.0,250.0,0.0,0.0,0.6764133351043953
1677,167.69999999999476,26.798761059651245,70.86686892058029,3000.0,250.0,0.0,0.0,0.6764145780095348
1678,167.79999999999475,26.79893638721559,70.86702660037737,3000.0,250.0,0.0,0.0,0.6764158209306284
1679,167.89999999999475,26.799111714605,70.86718428066233,3000.0,250.0,0.0,0.0,0.6764170638678253
1680,167.99999999999474,26.799287041819472,70.86734196143516,3000.0,250.0,0.0,0.0,0.6764183068210476
1681,168.09999999999474,26.799462368859,70.86749964269586,3000.0,250.0,0.0,0.0,0.6764195497902928
1682,168.19999999999473,26.799637695723586,70.86765732444444,3000.0,250.0,0.0,0.0,0.6764207927756155
1683,168.29999999999472,26.799813022413222,70.8678150066809,3000.0,250.0,0.0,0.0,0.6764220357771673
1684,168.39999999999472,26.79998834892791,70.86797268940525,3000.0,250.0,0.0,0.0,0.6764232787947736
1685,168.4999999999947,26.800163675267648,70.8681303726175,3000.0,250.0,0.0,0.0,0.6764245218286058
1686,168.5999999999947,26.80033900143243,70.86828805631765,3000.0,250.0,0.0,0.0,0.676425764878566
1687,168.6999999999947,26.800514327422256,70.86844574050572,3000.0,250.0,0.0,0.0,0.6764270079447297
1688,168.7999999999947,26.80068965323712,70.8686034251817,3000.0,250.0,0.0,0.0,0.6764282510270372
1689,168.8999999999947,26.800864978877026,70.8687611103456,3000.0,250.0,0.0,0.0,0.6764294941256037
1690,168.99999999999469,26.801040304341967,70.86891879599743,3000.0,250.0,0.0,0.0,0.6764307372404476
1691,169.09999999999468,26.80121562963194,70.86907648213719,3000.0,250.0,0.0,0.0,0.6764319803715679
1692,169.19999999999467,26.801390954746942,70.86923416876488,3000.0,250.0,0.0,0.0,0.6764332235190031
1693,169.29999999999467,26.801566279686973,70.86939185588051,3000.0,250.0,0.0,0.0,0.676434466682811
1694,169.39999999999466,26.80174160445203,70.8695495434841,3000.0,250.0,0.0,0.0,0.6764357098629522
1695,169.49999999999466,26.801916929042108,70.86970723157563,3000.0,250.0,0.0,0.0,0.676436953059367
1696,169.59999999999465,26.802092253457207,70.86986492015512,3000.0,250.0,0.0,0.0,0.676438196272272
1697,169.69999999999465,26.802267577697325,70.87002260922259,3000.0,250.0,0.0,0.0,0.6764394395015881
1698,169.79999999999464,26.802442901762458,70.87018029877802,3000.0,250.0,0.0,0.0,0.6764406827473357
1699,169.89999999999463,26.8026182256526,70.87033798882143,3000.0,250.0,0.0,0.0,0.6764419260095343
1700,169.99999999999463,26.802793549367756,70.87049567935283,3000.0,250.0,0.0,0.0,0.6764431692882243
1701,170.09999999999462,26.80296887290792,70.87065337037221,3000.0,250.0,0.0,0.0,0.676444412583406
1702,170.19999999999462,26.803144196273085,70.87081106187959,3000.0,250.0,0.0,0.0,0.6764456558951202
1703,170.2999999999946,26.80331951946325,70.87096875387498,3000.0,250.0,0.0,0.0,0.6764468992233679
1704,170.3999999999946,26.80349484247842,70.87112644635836,3000.0,250.0,0.0,0.0,0.6764481425681897
1705,170.4999999999946,26.803670165318582,70.87128413932976,3000.0,250.0,0.0,0.0,0.6764493859296475
1706,170.5999999999946,26.80384548798374,70.87144183278917,3000.0,250.0,0.0,0.0,0.676450629307682
1707,170.6999999999946,26.80402081047389,70.87159952673662,3000.0,250.0,0.0,0.0,0.6764518727024161
1708,170.79999999999458,26.80419613278903,70.87175722117207,3000.0,250.0,0.0,0.0,0.6764531161137706
1709,170.89999999999458,26.804371454929157,70.87191491609558,3000.0,250.0,0.0,0.0,0.6764543595419092
1710,170.99999999999457,26.804546776894266,70.87207261150712,3000.0,250.0,0.0,0.0,0.6764556029867538
1711,171.09999999999457,26.80472209868436,70.87223030740671,3000.0,250.0,0.0,0.0,0.6764568464483057
1712,171.19999999999456,26.804897420299426,70.87238800379434,3000.0,250.0,0.0,0.0,0.6764580899266491
1713,171.29999999999455,26.80507274173947,70.87254570067003,3000.0,250.0,0.0,0.0,0.6764593334218483
1714,171.39999999999455,26.805248063004488,70.87270339803379,3000.0,250.0,0.0,0.0,0.6764605769339066
1715,171.49999999999454,26.805423384094475,70.87286109588563,3000.0,250.0,0.0,0.0,0.6764618204627029
1716,171.59999999999454,26.80559870500943,70.87301879422553,3000.0,250.0,0.0,0.0,0.6764630640084055
1717,171.69999999999453,26.80577402574935,70.87317649305352,3000.0,250.0,0.0,0.0,0.6764643075710174
1718,171.79999999999453,26.805949346314236,70.8733341923696,3000.0,250.0,0.0,0.0,0.6764655511505634
1719,171.89999999999452,26.80612466670408,70.87349189217376,3000.0,250.0,0.0,0.0,0.6764667947470467
1720,171.99999999999451,26.80629998691888,70.87364959246602,3000.0,250.0,0.0,0.0,0.6764680383605759
1721,172.0999999999945,26.806475306958635,70.87380729324639,3000.0,250.0,0.0,0.0,0.6764692819910711
1722,172.1999999999945,26.80665062682334,70.87396499451486,3000.0,250.0,0.0,0.0,0.6764705256386416
1723,172.2999999999945,26.806825946512998,70.87412269627146,3000.0,250.0,0.0,0.0,0.6764717693032503
1724,172.3999999999945,26.8070012660276,70.87428039851618,3000.0,250.0,0.0,0.0,0.676473012985007
1725,172.4999999999945,26.80717658536715,70.87443810124903,3000.0,250.0,0.0,0.0,0.6764742566837685
1726,172.59999999999448,26.807351904531636,70.87459580447,3000.0,250.0,0.0,0.0,0.6764755003996881
1727,172.69999999999447,26.807527223521063,70.87475350817913,3000.0,250.0,0.0,0.0,0.6764767441328343
1728,172.79999999999447,26.807702542335427,70.87491121237639,3000.0,250.0,0.0,0.0,0.6764779878831496
1729,172.89999999999446,26.807877860974724,70.87506891706181,3000.0,250.0,0.0,0.0,0.6764792316507461
1730,172.99999999999446,26.80805317943895,70.87522662223539,3000.0,250.0,0.0,0.0,0.6764804754355446
1731,173.09999999999445,26.808228497728106,70.87538432789712,3000.0,250.0,0.0,0.0,0.6764817192376363
1732,173.19999999999445,26.808403815842183,70.87554203404703,3000.0,250.0,0.0,0.0,0.676482963057114
1733,173.29999999999444,26.808579133781183,70.8756997406851,3000.0,250.0,0.0,0.0,0.6764842068938548
1734,173.39999999999444,26.808754451545106,70.87585744781137,3000.0,250.0,0.0,0.0,0.6764854507480387
1735,173.49999999999443,26.808929769133943,70.87601515542582,3000.0,250.0,0.0,0.0,0.6764866946196081
1736,173.59999999999442,26.809105086547696,70.87617286352845,3000.0,250.0,0.0,0.0,0.6764879385086133
1737,173.69999999999442,26.80928040378636,70.87633057211929,3000.0,250.0,0.0,0.0,0.6764891824151053
1738,173.7999999999944,26.809455720849932,70.87648828119833,3000.0,250.0,0.0,0.0,0.6764904263391364
1739,173.8999999999944,26.80963103773841,70.87664599076558,3000.0,250.0,0.0,0.0,0.676491670280627
1740,173.9999999999944,26.80980635445179,70.87680370082106,3000.0,250.0,0.0,0.0,0.6764929142397604
1741,174.0999999999944,26.809981670990073,70.87696141136475,3000.0,250.0,0.0,0.0,0.6764941582163477
1742,174.1999999999944,26.810156987353253,70.87711912239666,3000.0,250.0,0.0,0.0,0.6764954022106395
1743,174.29999999999438,26.810332303541326,70.87727683391682,3000.0,250.0,0.0,0.0,0.676496646222579
1744,174.39999999999438,26.810507619554294,70.87743454592521,3000.0,250.0,0.0,0.0,0.6764978902521983
1745,174.49999999999437,26.810682935392148,70.87759225842186,3000.0,250.0,0.0,0.0,0.6764991342995949
1746,174.59999999999437,26.81085825105489,70.87774997140674,3000.0,250.0,0.0,0.0,0.6765003783646235
1747,174.69999999999436,26.811033566542516,70.8779076848799,3000.0,250.0,0.0,0.0,0.6765016224475165
1748,174.79999999999436,26.811208881855023,70.87806539884131,3000.0,250.0,0.0,0.0,0.6765028665481738
1749,174.89999999999435,26.81138419699241,70.878223113291,3000.0,250.0,0.0,0.0,0.6765041106666946
1750,174.99999999999434,26.811559511954673,70.87838082822896,3000.0,250.0,0.0,0.0,0.6765053548031356
1751,175.09999999999434,26.81173482674181,70.8785385436552,3000.0,250.0,0.0,0.0,0.6765065989575078
1752,175.19999999999433,26.811910141353813,70.87869625956974,3000.0,250.0,0.0,0.0,0.6765078431298005
1753,175.29999999999433,26.812085455790683,70.87885397597256,3000.0,250.0,0.0,0.0,0.6765090873200028
1754,175.39999999999432,26.81226077005242,70.87901169286368,3000.0,250.0,0.0,0.0,0.6765103315282852
1755,175.49999999999432,26.812436084139016,70.87916941024312,3000.0,250.0,0.0,0.0,0.676511575754615
1756,175.5999999999943,26.81261139805047,70.87932712811087,3000.0,250.0,0.0,0.0,0.676512819999005
1757,175.6999999999943,26.81278671178678,70.87948484646694,3000.0,250.0,0.0,0.0,0.676514064261491
1758,175.7999999999943,26.812962025347947,70.87964256531133,3000.0,250.0,0.0,0.0,0.6765153085421317
1759,175.8999999999943,26.813137338733963,70.87980028464405,3000.0,250.0,0.0,0.0,0.6765165528409874
1760,175.9999999999943,26.813312651944823,70.87995800446511,3000.0,250.0,0.0,0.0,0.6765177971580717
1761,176.09999999999428,26.81348796498053,70.88011572477451,3000.0,250.0,0.0,0.0,0.6765190414933993
1762,176.19999999999428,26.81366327784108,70.88027344557226,3000.0,250.0,0.0,0.0,0.6765202858470074
1763,176.29999999999427,26.813838590526466,70.88043116685836,3000.0,250.0,0.0,0.0,0.6765215302190744
1764,176.39999999999426,26.814013903036688,70.88058888863283,3000.0,250.0,0.0,0.0,0.6765227746094052
1765,176.49999999999426,26.814189215371744,70.88074661089566,3000.0,250.0,0.0,0.0,0.6765240190181566
1766,176.59999999999425,26.81436452753163,70.88090433364687,3000.0,250.0,0.0,0.0,0.6765252634454137
1767,176.69999999999425,26.814539839516343,70.88106205688645,3000.0,250.0,0.0,0.0,0.6765265078910764
1768,176.79999999999424,26.81471515132588,70.88121978061442,3000.0,250.0,0.0,0.0,0.6765277523553251
1769,176.89999999999424,26.814890462960243,70.88137750483078,3000.0,250.0,0.0,0.0,0.6765289968381303
1770,176.99999999999423,26.81506577441942,70.88153522953554,3000.0,250.0,0.0,0.0,0.6765302413395096
1771,177.09999999999422,26.815241085703413,70.8816929547287,3000.0,250.0,0.0,0.0,0.6765314858595038
1772,177.19999999999422,26.81541639681222,70.88185068041028,3000.0,250.0,0.0,0.0,0.67653273039825
1773,177.2999999999942,26.81559170774584,70.88200840658027,3000.0,250.0,0.0,0.0,0.6765339749556719
1774,177.3999999999942,26.815767018504264,70.88216613323868,3000.0,250.0,0.0,0.0,0.6765352195319074
1775,177.4999999999942,26.81594232908749,70.88232386038553,3000.0,250.0,0.0,0.0,0.6765364641268801
1776,177.5999999999942,26.81611763949552,70.88248158802081,3000.0,250.0,0.0,0.0,0.6765377087407055
1777,177.6999999999942,26.816292949728346,70.88263931614453,3000.0,250.0,0.0,0.0,0.6765389533733797
1778,177.79999999999418,26.81646825978597,70.8827970447567,3000.0,250.0,0.0,0.0,0.6765401980249223
1779,177.89999999999418,26.816643569668386,70.88295477385732,3000.0,250.0,0.0,0.0,0.6765414426955729
1780,177.99999999999417,26.816818879375592,70.8831125034464,3000.0,250.0,0.0,0.0,0.6765426873851583
1781,178.09999999999417,26.816994188907586,70.88327023352394,3000.0,250.0,0.0,0.0,0.6765439320938217
1782,178.19999999999416,26.817169498264363,70.88342796408996,3000.0,250.0,0.0,0.0,0.6765451768216104
1783,178.29999999999416,26.81734480744592,70.88358569514446,3000.0,250.0,0.0,0.0,0.6765464215685218
1784,178.39999999999415,26.817520116452254,70.88374342668745,3000.0,250.0,0.0,0.0,0.6765476663345543
1785,178.49999999999415,26.81769542528336,70.88390115871891,3000.0,250.0,0.0,0.0,0.6765489111198295
1786,178.59999999999414,26.81787073393924,70.88405889123888,3000.0,250.0,0.0,0.0,0.6765501559244205
1787,178.69999999999413,26.81804604241989,70.88421662424736,3000.0,250.0,0.0,0.0,0.6765514007483273
1788,178.79999999999413,26.818221350725306,70.88437435774435,3000.0,250.0,0.0,0.0,0.6765526455915999
1789,178.89999999999412,26.818396658855484,70.88453209172985,3000.0,250.0,0.0,0.0,0.6765538904541373
1790,178.99999999999412,26.81857196681042,70.88468982620388,3000.0,250.0,0.0,0.0,0.6765551353362153
1791,179.0999999999941,26.818747274590113,70.88484756116644,3000.0,250.0,0.0,0.0,0.6765563802377093
1792,179.1999999999941,26.81892258219456,70.88500529661752,3000.0,250.0,0.0,0.0,0.676557625158822
1793,179.2999999999941,26.81909788962376,70.88516303255714,3000.0,250.0,0.0,0.0,0.676558870099555
1794,179.3999999999941,26.819273196877706,70.88532076898532,3000.0,250.0,0.0,0.0,0.6765601150599364
1795,179.4999999999941,26.819448503956394,70.88547850590206,3000.0,250.0,0.0,0.0,0.6765613600399945
1796,179.59999999999408,26.819623810859827,70.88563624330735,3000.0,250.0,0.0,0.0,0.6765626050397315
1797,179.69999999999408,26.819799117587998,70.8857939812012,3000.0,250.0,0.0,0.0,0.6765638500593296
1798,179.79999999999407,26.819974424140902,70.88595171958364,3000.0,250.0,0.0,0.0,0.676565095098716
1799,179.89999999999407,26.82014973051854,70.88610945845465,3000.0,250.0,0.0,0.0,0.6765663401578691
1800,179.99999999999406,26.820325036720906,70.88626719781425,3000.0,250.0,0.0,0.0,0.6765675852371278
1801,180.09999999999405,26.820500342747998,70.88642493766244,3000.0,250.0,0.0,0.0,0.6765688303363433
1802,180.19999999999405,26.820675648599813,70.88658267799923,3000.0,250.0,0.0,0.0,0.6765700754555469
1803,180.29999999999404,26.82085095427635,70.88674041882463,3000.0,250.0,0.0,0.0,0.6765713205948486
1804,180.39999999999404,26.8210262597776,70.88689816013864,3000.0,250.0,0.0,0.0,0.676572565754255
1805,180.49999999999403,26.821201565103568,70.88705590194127,3000.0,250.0,0.0,0.0,0.6765738109337984
1806,180.59999999999403,26.821376870254245,70.88721364423252,3000.0,250.0,0.0,0.0,0.6765750561336702
1807,180.69999999999402,26.82155217522963,70.88737138701241,3000.0,250.0,0.0,0.0,0.6765763013537999
1808,180.79999999999401,26.82172748002972,70.88752913028094,3000.0,250.0,0.0,0.0,0.6765775465942755
1809,180.899999999994,26.821902784654508,70.88768687403811,3000.0,250.0,0.0,0.0,0.6765787918550519
1810,180.999999999994,26.822078089103996,70.88784461828394,3000.0,250.0,0.0,0.0,0.676580037136351
1811,181.099999999994,26.82225339337818,70.88800236301842,3000.0,250.0,0.0,0.0,0.676581282438103
1812,181.199999999994,26.822428697477054,70.88816010824156,3000.0,250.0,0.0,0.0,0.6765825277605323
1813,181.299999999994,26.822604001400617,70.88831785395338,3000.0,250.0,0.0,0.0,0.6765837731034898
1814,181.39999999999398,26.822779305148867,70.88847560015387,3000.0,250.0,0.0,0.0,0.6765850184671205
1815,181.49999999999397,26.822954608721798,70.88863334684304,3000.0,250.0,0.0,0.0,0.6765862638515715
1816,181.59999999999397,26.82312991211941,70.8887910940209,3000.0,250.0,0.0,0.0,0.6765875092568295
1817,181.69999999999396,26.823305215341694,70.88894884168747,3000.0,250.0,0.0,0.0,0.6765887546828808
1818,181.79999999999396,26.823480518388653,70.88910658984273,3000.0,250.0,0.0,0.0,0.6765900001299024
1819,181.89999999999395,26.82365582126028,70.8892643384867,3000.0,250.0,0.0,0.0,0.6765912455978812
1820,181.99999999999395,26.823831123956577,70.8894220876194,3000.0,250.0,0.0,0.0,0.6765924910868598
1821,182.09999999999394,26.824006426477535,70.88957983724082,3000.0,250.0,0.0,0.0,0.6765937365968818
1822,182.19999999999393,26.824181728823152,70.88973758735096,3000.0,250.0,0.0,0.0,0.676594982128073
1823,182.29999999999393,26.824357030993426,70.88989533794985,3000.0,250.0,0.0,0.0,0.6765962276804778
1824,182.39999999999392,26.82453233298835,70.89005308903748,3000.0,250.0,0.0,0.0,0.6765974732541139
1825,182.49999999999392,26.824707634807925,70.89021084061386,3000.0,250.0,0.0,0.0,0.6765987188491663
1826,182.5999999999939,26.82488293645215,70.890368592679,3000.0,250.0,0.0,0.0,0.6765999644655427
1827,182.6999999999939,26.825058237921013,70.8905263452329,3000.0,250.0,0.0,0.0,0.6766012101033739
1828,182.7999999999939,26.82523353921452,70.89068409827557,3000.0,250.0,0.0,0.0,0.6766024557627649
1829,182.8999999999939,26.82540884033266,70.89084185180701,3000.0,250.0,0.0,0.0,0.6766037014437929
1830,182.9999999999939,26.825584141275435,70.89099960582723,3000.0,250.0,0.0,0.0,0.6766049471464506
1831,183.09999999999388,26.82575944204284,70.89115736033625,3000.0,250.0,0.0,0.0,0.6766061928709601
1832,183.19999999999388,26.82593474263487,70.89131511533407,3000.0,250.0,0.0,0.0,0.6766074386171169
1833,183.29999999999387,26.826110043051525,70.89147287082069,3000.0,250.0,0.0,0.0,0.6766086843852012
1834,183.39999999999387,26.8262853432928,70.89163062679613,3000.0,250.0,0.0,0.0,0.6766099301751516
1835,183.49999999999386,26.82646064335869,70.89178838326038,3000.0,250.0,0.0,0.0,0.676611175987021
1836,183.59999999999386,26.826635943249194,70.89194614021345,3000.0,250.0,0.0,0.0,0.676612421821066
1837,183.69999999999385,26.826811242964308,70.89210389765536,3000.0,250.0,0.0,0.0,0.6766136676772563
1838,183.79999999999384,26.826986542504027,70.89226165558611,3000.0,250.0,0.0,0.0,0.6766149135556199
1839,183.89999999999384,26.82716184186835,70.8924194140057,3000.0,250.0,0.0,0.0,0.6766161594561838
1840,183.99999999999383,26.827337141057274,70.89257717291414,3000.0,250.0,0.0,0.0,0.676617405379211
1841,184.09999999999383,26.827512440070794,70.89273493231144,3000.0,250.0,0.0,0.0,0.6766186513246439
1842,184.19999999999382,26.827687738908907,70.8928926921976,3000.0,250.0,0.0,0.0,0.6766198972926607
1843,184.29999999999382,26.827863037571607,70.89305045257265,3000.0,250.0,0.0,0.0,0.6766211432831751
1844,184.3999999999938,26.828038336058896,70.89320821343657,3000.0,250.0,0.0,0.0,0.6766223892963087
1845,184.4999999999938,26.828213634370766,70.89336597478938,3000.0,250.0,0.0,0.0,0.6766236353322717
1846,184.5999999999938,26.828388932507213,70.89352373663108,3000.0,250.0,0.0,0.0,0.676624881390891
1847,184.6999999999938,26.82856423046824,70.89368149896168,3000.0,250.0,0.0,0.0,0.6766261274724102
1848,184.7999999999938,26.828739528253834,70.8938392617812,3000.0,250.0,0.0,0.0,0.6766273735769853
1849,184.89999999999378,26.828914825863997,70.89399702508962,3000.0,250.0,0.0,0.0,0.6766286197045033
1850,184.99999999999378,26.829090123298727,70.89415478888696,3000.0,250.0,0.0,0.0,0.6766298658551824
1851,185.09999999999377,26.829265420558016,70.89431255317324,3000.0,250.0,0.0,0.0,0.6766311120291236
1852,185.19999999999376,26.829440717641862,70.89447031794845,3000.0,250.0,0.0,0.0,0.6766323582263052
1853,185.29999999999376,26.829616014550265,70.8946280832126,3000.0,250.0,0.0,0.0,0.6766336044468602
1854,185.39999999999375,26.829791311283216,70.8947858489657,3000.0,250.0,0.0,0.0,0.6766348506909218
1855,185.49999999999375,26.829966607840717,70.89494361520777,3000.0,250.0,0.0,0.0,0.6766360969584414
1856,185.59999999999374,26.83014190422276,70.89510138193879,3000.0,250.0,0.0,0.0,0.6766373432494934
1857,185.69999999999374,26.83031720042934,70.89525914915879,3000.0,250.0,0.0,0.0,0.6766385895643691
1858,185.79999999999373,26.83049249646046,70.89541691686777,3000.0,250.0,0.0,0.0,0.6766398359029296
1859,185.89999999999372,26.830667792316113,70.89557468506574,3000.0,250.0,0.0,0.0,0.6766410822653457
1860,185.99999999999372,26.830843087996293,70.8957324537527,3000.0,250.0,0.0,0.0,0.6766423286518847
1861,186.0999999999937,26.831018383500997,70.89589022292866,3000.0,250.0,0.0,0.0,0.6766435750622821
1862,186.1999999999937,26.831193678830225,70.89604799259362,3000.0,250.0,0.0,0.0,0.6766448214969342
1863,186.2999999999937,26.83136897398397,70.8962057627476,3000.0,250.0,0.0,0.0,0.6766460679558621
1864,186.3999999999937,26.83154426896223,70.8963635333906,3000.0,250.0,0.0,0.0,0.6766473144391185
1865,186.4999999999937,26.831719563765,70.89652130452264,3000.0,250.0,0.0,0.0,0.6766485609468537
1866,186.59999999999368,26.831894858392275,70.8966790761437,3000.0,250.0,0.0,0.0,0.676649807478995
1867,186.69999999999368,26.832070152844054,70.89683684825381,3000.0,250.0,0.0,0.0,0.676651054035854
1868,186.79999999999367,26.832245447120332,70.89699462085298,3000.0,250.0,0.0,0.0,0.6766523006173615
1869,186.89999999999367,26.832420741221107,70.8971523939412,3000.0,250.0,0.0,0.0,0.676653547223705
1870,186.99999999999366,26.83259603514637,70.89731016751848,3000.0,250.0,0.0,0.0,0.6766547938550094
1871,187.09999999999366,26.832771328896122,70.89746794158485,3000.0,250.0,0.0,0.0,0.6766560405112717
1872,187.19999999999365,26.83294662247036,70.8976257161403,3000.0,250.0,0.0,0.0,0.6766572871926203
1873,187.29999999999364,26.833121915869075,70.89778349118482,3000.0,250.0,0.0,0.0,0.6766585338991516
1874,187.39999999999364,26.83329720909227,70.89794126671845,3000.0,250.0,0.0,0.0,0.6766597806310958
1875,187.49999999999363,26.833472502139934,70.89809904274118,3000.0,250.0,0.0,0.0,0.6766610273884879
1876,187.59999999999363,26.83364779501207,70.89825681925302,3000.0,250.0,0.0,0.0,0.6766622741713971
1877,187.69999999999362,26.83382308770867,70.89841459625399,3000.0,250.0,0.0,0.0,0.6766635209798257
1878,187.79999999999362,26.83399838022973,70.89857237374407,3000.0,250.0,0.0,0.0,0.6766647678141132
1879,187.8999999999936,26.834173672575247,70.8987301517233,3000.0,250.0,0.0,0.0,0.6766660146741978
1880,187.9999999999936,26.834348964745217,70.89888793019166,3000.0,250.0,0.0,0.0,0.6766672615602218
1881,188.0999999999936,26.834524256739638,70.89904570914918,3000.0,250.0,0.0,0.0,0.676668508472362
1882,188.1999999999936,26.834699548558504,70.89920348859584,3000.0,250.0,0.0,0.0,0.676669755410663
1883,188.2999999999936,26.83487484020181,70.89936126853168,3000.0,250.0,0.0,0.0,0.6766710023753398
1884,188.39999999999358,26.835050131669554,70.89951904895668,3000.0,250.0,0.0,0.0,0.6766722493664403
1885,188.49999999999358,26.83522542296173,70.89967682987086,3000.0,250.0,0.0,0.0,0.6766734963841153
1886,188.59999999999357,26.835400714078336,70.89983461127423,3000.0,250.0,0.0,0.0,0.6766747434284847
1887,188.69999999999357,26.835576005019366,70.8999923931668,3000.0,250.0,0.0,0.0,0.676675990499496
1888,188.79999999999356,26.835751295784817,70.90015017554857,3000.0,250.0,0.0,0.0,0.6766772375974442
1889,188.89999999999355,26.835926586374686,70.90030795841956,3000.0,250.0,0.0,0.0,0.6766784847222798
1890,188.99999999999355,26.83610187678897,70.90046574177975,3000.0,250.0,0.0,0.0,0.6766797318743382
1891,189.09999999999354,26.83627716702766,70.90062352562919,3000.0,250.0,0.0,0.0,0.6766809790538537
1892,189.19999999999354,26.836452457090754,70.90078130996785,3000.0,250.0,0.0,0.0,0.6766822262606063
1893,189.29999999999353,26.83662774697825,70.90093909479576,3000.0,250.0,0.0,0.0,0.6766834734948328
1894,189.39999999999353,26.836803036690142,70.90109688011292,3000.0,250.0,0.0,0.0,0.6766847207568096
1895,189.49999999999352,26.836978326226426,70.90125466591932,3000.0,250.0,0.0,0.0,0.6766859680465316
1896,189.5999999999935,26.8371536155871,70.901412452215,3000.0,250.0,0.0,0.0,0.6766872153642806
1897,189.6999999999935,26.837328904772153,70.90157023899995,3000.0,250.0,0.0,0.0,0.6766884627100911
1898,189.7999999999935,26.83750419378159,70.90172802627418,3000.0,250.0,0.0,0.0,0.6766897100840342
1899,189.8999999999935,26.837679482615403,70.90188581403771,3000.0,250.0,0.0,0.0,0.676690957486364
1900,189.9999999999935,26.837854771273584,70.90204360229053,3000.0,250.0,0.0,0.0,0.676692204917193
1901,190.09999999999349,26.838030059756132,70.90220139103266,3000.0,250.0,0.0,0.0,0.6766934523766709
1902,190.19999999999348,26.838205348063042,70.90235918026411,3000.0,250.0,0.0,0.0,0.6766946998648409
1903,190.29999999999347,26.83838063619431,70.90251696998489,3000.0,250.0,0.0,0.0,0.6766959473818577
1904,190.39999999999347,26.83855592414993,70.90267476019498,3000.0,250.0,0.0,0.0,0.6766971949278779
1905,190.49999999999346,26.8387312119299,70.90283255089442,3000.0,250.0,0.0,0.0,0.6766984425032848
1906,190.59999999999346,26.838906499534218,70.9029903420832,3000.0,250.0,0.0,0.0,0.6766996901080564
1907,190.69999999999345,26.839081786962875,70.90314813376135,3000.0,250.0,0.0,0.0,0.6767009377423588
1908,190.79999999999345,26.83925707421587,70.90330592592886,3000.0,250.0,0.0,0.0,0.6767021854061716
1909,190.89999999999344,26.83943236129319,70.90346371858574,3000.0,250.0,0.0,0.0,0.6767034330998531
1910,190.99999999999343,26.839607648194843,70.903621511732,3000.0,250.0,0.0,0.0,0.6767046808235773
1911,191.09999999999343,26.839782934920816,70.90377930536765,3000.0,250.0,0.0,0.0,0.6767059285774065
1912,191.19999999999342,26.839958221471107,70.9039370994927,3000.0,250.0,0.0,0.0,0.6767071763615977
1913,191.29999999999342,26.840133507845714,70.90409489410715,3000.0,250.0,0.0,0.0,0.6767084241763719
1914,191.3999999999934,26.840308794044628,70.90425268921102,3000.0,250.0,0.0,0.0,0.676709672021644
1915,191.4999999999934,26.840484080067846,70.90441048480432,3000.0,250.0,0.0,0.0,0.6767109198977966
1916,191.5999999999934,26.840659365915364,70.90456828088703,3000.0,250.0,0.0,0.0,0.6767121678047858
1917,191.6999999999934,26.840834651587176,70.9047260774592,3000.0,250.0,0.0,0.0,0.6767134157432768
1918,191.7999999999934,26.841009937083278,70.90488387452082,3000.0,250.0,0.0,0.0,0.6767146637128401
1919,191.89999999999338,26.841185222403666,70.90504167207189,3000.0,250.0,0.0,0.0,0.6767159117138714
1920,191.99999999999338,26.841360507548334,70.90519947011242,3000.0,250.0,0.0,0.0,0.6767171597468139
1921,192.09999999999337,26.841535792517277,70.90535726864243,3000.0,250.0,0.0,0.0,0.6767184078116382
1922,192.19999999999337,26.841711077310492,70.90551506766194,3000.0,250.0,0.0,0.0,0.676719655908475
1923,192.29999999999336,26.841886361927973,70.90567286717094,3000.0,250.0,0.0,0.0,0.6767209040374587
1924,192.39999999999336,26.842061646369714,70.90583066716943,3000.0,250.0,0.0,0.0,0.6767221521988458
1925,192.49999999999335,26.842236930635714,70.90598846765744,3000.0,250.0,0.0,0.0,0.6767234003931025
1926,192.59999999999334,26.842412214725965,70.90614626863496,3000.0,250.0,0.0,0.0,0.6767246486200901
1927,192.69999999999334,26.842587498640462,70.90630407010201,3000.0,250.0,0.0,0.0,0.6767258968801998
1928,192.79999999999333,26.842762782379204,70.9064618720586,3000.0,250.0,0.0,0.0,0.6767271451735438
1929,192.89999999999333,26.84293806594218,70.90661967450474,3000.0,250.0,0.0,0.0,0.6767283935003588
1930,192.99999999999332,26.84311334932939,70.90677747744043,3000.0,250.0,0.0,0.0,0.6767296418608456
1931,193.09999999999332,26.843288632540826,70.9069352808657,3000.0,250.0,0.0,0.0,0.6767308902552911
1932,193.1999999999933,26.843463915576482,70.90709308478053,3000.0,250.0,0.0,0.0,0.676732138683653
1933,193.2999999999933,26.843639198436357,70.90725088918495,3000.0,250.0,0.0,0.0,0.676733387146393
1934,193.3999999999933,26.843814481120443,70.90740869407897,3000.0,250.0,0.0,0.0,0.676734635643645
1935,193.4999999999933,26.843989763628734,70.90756649946258,3000.0,250.0,0.0,0.0,0.676735884175628
1936,193.5999999999933,26.844165045961226,70.9077243053358,3000.0,250.0,0.0,0.0,0.6767371327426951
1937,193.69999999999328,26.844340328117916,70.90788211169865,3000.0,250.0,0.0,0.0,0.6767383813449055
1938,193.79999999999328,26.844515610098796,70.90803991855113,3000.0,250.0,0.0,0.0,0.6767396299826215
1939,193.89999999999327,26.84469089190386,70.90819772589325,3000.0,250.0,0.0,0.0,0.6767408786560375
1940,193.99999999999326,26.844866173533106,70.90835553372501,3000.0,250.0,0.0,0.0,0.6767421273653113
1941,194.09999999999326,26.845041454986525,70.90851334204645,3000.0,250.0,0.0,0.0,0.676743376110821
1942,194.19999999999325,26.845216736264113,70.90867115085754,3000.0,250.0,0.0,0.0,0.6767446248926435
1943,194.29999999999325,26.845392017365867,70.90882896015832,3000.0,250.0,0.0,0.0,0.6767458737113018
1944,194.39999999999324,26.84556729829178,70.90898676994878,3000.0,250.0,0.0,0.0,0.6767471225668824
1945,194.49999999999324,26.845742579041843,70.90914458022894,3000.0,250.0,0.0,0.0,0.6767483714594736
1946,194.59999999999323,26.845917859616055,70.9093023909988,3000.0,250.0,0.0,0.0,0.6767496203897534
1947,194.69999999999322,26.846093140014407,70.90946020225839,3000.0,250.0,0.0,0.0,0.6767508693577315
1948,194.79999999999322,26.846268420236896,70.9096180140077,3000.0,250.0,0.0,0.0,0.6767521183636931
1949,194.8999999999932,26.846443700283515,70.90977582624676,3000.0,250.0,0.0,0.0,0.6767533674078366
1950,194.9999999999932,26.846618980154258,70.90993363897556,3000.0,250.0,0.0,0.0,0.6767546164905952
1951,195.0999999999932,26.84679425984912,70.91009145219412,3000.0,250.0,0.0,0.0,0.6767558656121327
1952,195.1999999999932,26.846969539368096,70.91024926590245,3000.0,250.0,0.0,0.0,0.6767571147727575
1953,195.2999999999932,26.84714481871118,70.91040708010055,3000.0,250.0,0.0,0.0,0.6767583639729703
1954,195.39999999999318,26.847320097878363,70.91056489478845,3000.0,250.0,0.0,0.0,0.6767596132128592
1955,195.49999999999318,26.847495376869645,70.91072270996615,3000.0,250.0,0.0,0.0,0.6767608624927991
1956,195.59999999999317,26.847670655685015,70.91088052563366,3000.0,250.0,0.0,0.0,0.6767621118128866
1957,195.69999999999317,26.847845934324468,70.91103834179098,3000.0,250.0,0.0,0.0,0.6767633611737947
1958,195.79999999999316,26.848021212787998,70.91119615843814,3000.0,250.0,0.0,0.0,0.6767646105755852
1959,195.89999999999316,26.8481964910756,70.91135397557514,3000.0,250.0,0.0,0.0,0.6767658600186611
1960,195.99999999999315,26.84837176918727,70.91151179320198,3000.0,250.0,0.0,0.0,0.6767671095034815
1961,196.09999999999314,26.848547047123,70.91166961131869,3000.0,250.0,0.0,0.0,0.676768359030468
1962,196.19999999999314,26.84872232488278,70.91182742992527,3000.0,250.0,0.0,0.0,0.6767696085995581
1963,196.29999999999313,26.848897602466607,70.91198524902174,3000.0,250.0,0.0,0.0,0.6767708582114825
1964,196.39999999999313,26.849072879874473,70.9121430686081,3000.0,250.0,0.0,0.0,0.6767721078660897
1965,196.49999999999312,26.849248157106373,70.91230088868437,3000.0,250.0,0.0,0.0,0.6767733575642263
1966,196.59999999999312,26.8494234341623,70.91245870925056,3000.0,250.0,0.0,0.0,0.6767746073060541
1967,196.6999999999931,26.84959871104225,70.91261653030668,3000.0,250.0,0.0,0.0,0.6767758570919921
1968,196.7999999999931,26.849773987746214,70.91277435185273,3000.0,250.0,0.0,0.0,0.6767771069223667
1969,196.8999999999931,26.849949264274187,70.91293217388875,3000.0,250.0,0.0,0.0,0.6767783567976129
1970,196.9999999999931,26.85012454062616,70.91308999641473,3000.0,250.0,0.0,0.0,0.6767796067180765
1971,197.0999999999931,26.850299816802128,70.91324781943067,3000.0,250.0,0.0,0.0,0.676780856684107
1972,197.19999999999308,26.850475092802082,70.9134056429366,3000.0,250.0,0.0,0.0,0.6767821066963764
1973,197.29999999999308,26.850650368626017,70.91356346693253,3000.0,250.0,0.0,0.0,0.6767833567549979
1974,197.39999999999307,26.85082564427393,70.91372129141847,3000.0,250.0,0.0,0.0,0.6767846068604556
1975,197.49999999999307,26.851000919745807,70.91387911639443,3000.0,250.0,0.0,0.0,0.6767858570132435
1976,197.59999999999306,26.851176195041646,70.91403694186042,3000.0,250.0,0.0,0.0,0.6767871072139228
1977,197.69999999999305,26.851351470161436,70.91419476781645,3000.0,250.0,0.0,0.0,0.6767883574626914
1978,197.79999999999305,26.851526745105172,70.91435259426255,3000.0,250.0,0.0,0.0,0.6767896077600776
1979,197.89999999999304,26.85170201987285,70.91451042119871,3000.0,250.0,0.0,0.0,0.676790858106513
1980,197.99999999999304,26.851877294464458,70.91466824862495,3000.0,250.0,0.0,0.0,0.6767921085025479
1981,198.09999999999303,26.85205256887999,70.91482607654129,3000.0,250.0,0.0,0.0,0.6767933589489139
1982,198.19999999999303,26.85222784311944,70.91498390494773,3000.0,250.0,0.0,0.0,0.6767946094454745
1983,198.29999999999302,26.8524031171828,70.9151417338443,3000.0,250.0,0.0,0.0,0.6767958599930917
1984,198.399999999993,26.852578391070058,70.91529956323099,3000.0,250.0,0.0,0.0,0.6767971105922571
1985,198.499999999993,26.85275366478121,70.91545739310783,3000.0,250.0,0.0,0.0,0.676798361243419
1986,198.599999999993,26.852928938316253,70.91561522347482,3000.0,250.0,0.0,0.0,0.6767996119470941
1987,198.699999999993,26.853104211675173,70.91577305433198,3000.0,250.0,0.0,0.0,0.676800862703982
1988,198.799999999993,26.853279484857964,70.91593088567932,3000.0,250.0,0.0,0.0,0.6768021135145166
1989,198.89999999999299,26.85345475786462,70.91608871751686,3000.0,250.0,0.0,0.0,0.6768033643793129
1990,198.99999999999298,26.853630030695125,70.9162465498446,3000.0,250.0,0.0,0.0,0.6768046152987144
1991,199.09999999999297,26.853805303349482,70.91640438266258,3000.0,250.0,0.0,0.0,0.6768058662735988
1992,199.19999999999297,26.853980575827677,70.91656221597079,3000.0,250.0,0.0,0.0,0.6768071173040424
1993,199.29999999999296,26.854155848129704,70.91672004976924,3000.0,250.0,0.0,0.0,0.6768083683913718
1994,199.39999999999296,26.85433112025555,70.91687788405795,3000.0,250.0,0.0,0.0,0.6768096195358104
1995,199.49999999999295,26.854506392205213,70.91703571883696,3000.0,250.0,0.0,0.0,0.6768108707379509
1996,199.59999999999295,26.85468166397868,70.91719355410625,3000.0,250.0,0.0,0.0,0.6768121219982826
1997,199.69999999999294,26.854856935575945,70.91735138986584,3000.0,250.0,0.0,0.0,0.6768133733176716
1998,199.79999999999293,26.855032206997,70.91750922611575,3000.0,250.0,0.0,0.0,0.6768146246970106
1999,199.89999999999293,26.85520747824183,70.917667062856,3000.0,250.0,0.0,0.0,0.6768158761365954
2000,199.99999999999292,26.855382749310433,70.91782490008659,3000.0,250.0,0.0,0.0,0.676817127637482
2001,200.09999999999292,26.855558020202796,70.91798273780755,3000.0,250.0,0.0,0.0,0.6768183791999992
2002,200.1999999999929,26.855733290918913,70.91814057601889,3000.0,250.0,0.0,0.0,0.6768196308248691
2003,200.2999999999929,26.855908561458772,70.91829841472061,3000.0,250.0,0.0,0.0,0.6768208825130854
2004,200.3999999999929,26.856083831822364,70.91845625391275,3000.0,250.0,0.0,0.0,0.6768221342654156
2005,200.4999999999929,26.85625910200968,70.91861409359531,3000.0,250.0,0.0,0.0,0.6768233860823276
2006,200.5999999999929,26.856434372020715,70.91877193376831,3000.0,250.0,0.0,0.0,0.6768246379648866
2007,200.69999999999288,26.856609641855453,70.91892977443176,3000.0,250.0,0.0,0.0,0.6768258899136015
2008,200.79999999999288,26.856784911513888,70.91908761558568,3000.0,250.0,0.0,0.0,0.6768271419298546
2009,200.89999999999287,26.85696018099601,70.91924545723009,3000.0,250.0,0.0,0.0,0.6768283940140716
2010,200.99999999999287,26.857135450301804,70.919403299365,3000.0,250.0,0.0,0.0,0.6768296461670253
2011,201.09999999999286,26.857310719431265,70.91956114199043,3000.0,250.0,0.0,0.0,0.6768308983897846
2012,201.19999999999285,26.857485988384383,70.91971898510639,3000.0,250.0,0.0,0.0,0.6768321506832452
2013,201.29999999999285,26.857661257161144,70.91987682871289,3000.0,250.0,0.0,0.0,0.6768334030484002
2014,201.39999999999284,26.85783652576154,70.92003467280996,3000.0,250.0,0.0,0.0,0.676834655486274
2015,201.49999999999284,26.858011794185565,70.92019251739762,3000.0,250.0,0.0,0.0,0.6768359079975752
2016,201.59999999999283,26.8581870624332,70.92035036247589,3000.0,250.0,0.0,0.0,0.6768371605834567
2017,201.69999999999283,26.858362330504438,70.92050820804477,3000.0,250.0,0.0,0.0,0.6768384132445382
2018,201.79999999999282,26.858537598399266,70.92066605410429,3000.0,250.0,0.0,0.0,0.6768396659824647
2019,201.89999999999281,26.858712866117674,70.92082390065445,3000.0,250.0,0.0,0.0,0.6768409187978526
2020,201.9999999999928,26.85888813365965,70.9209817476953,3000.0,250.0,0.0,0.0,0.6768421716919159
2021,202.0999999999928,26.859063401025185,70.92113959522683,3000.0,250.0,0.0,0.0,0.6768434246660622
2022,202.1999999999928,26.859238668214267,70.92129744324907,3000.0,250.0,0.0,0.0,0.6768446777210045
2023,202.2999999999928,26.859413935226883,70.92145529176204,3000.0,250.0,0.0,0.0,0.6768459308582221
2024,202.3999999999928,26.859589202063017,70.92161314076576,3000.0,250.0,0.0,0.0,0.676847184078722
2025,202.49999999999278,26.859764468722663,70.92177099026024,3000.0,250.0,0.0,0.0,0.6768484373837717
2026,202.59999999999278,26.859939735205806,70.92192884024551,3000.0,250.0,0.0,0.0,0.676849690774762
2027,202.69999999999277,26.860115001512433,70.92208669072159,3000.0,250.0,0.0,0.0,0.6768509442528197
2028,202.79999999999276,26.860290267642533,70.92224454168849,3000.0,250.0,0.0,0.0,0.6768521978192674
2029,202.89999999999276,26.86046553359609,70.92240239314623,3000.0,250.0,0.0,0.0,0.6768534514757146
2030,202.99999999999275,26.860640799373094,70.92256024509483,3000.0,250.0,0.0,0.0,0.6768547052234275
2031,203.09999999999275,26.86081606497353,70.92271809753431,3000.0,250.0,0.0,0.0,0.6768559590640392
2032,203.19999999999274,26.860991330397386,70.92287595046471,3000.0,250.0,0.0,0.0,0.6768572129989219
2033,203.29999999999274,26.861166595644647,70.92303380388604,3000.0,250.0,0.0,0.0,0.6768584670293348
2034,203.39999999999273,26.8613418607153,70.92319165779831,3000.0,250.0,0.0,0.0,0.6768597211569934
2035,203.49999999999272,26.86151712560933,70.92334951220155,3000.0,250.0,0.0,0.0,0.6768609753836775
2036,203.59999999999272,26.86169239032672,70.9235073670958,3000.0,250.0,0.0,0.0,0.6768622297113215
2037,203.6999999999927,26.86186765486746,70.92366522248105,3000.0,250.0,0.0,0.0,0.6768634841407465
2038,203.7999999999927,26.86204291923153,70.92382307835734,3000.0,250.0,0.0,0.0,0.6768647386745149
2039,203.8999999999927,26.86221818341892,70.9239809347247,3000.0,250.0,0.0,0.0,0.6768659933138225
2040,203.9999999999927,26.862393447429614,70.92413879158313,3000.0,250.0,0.0,0.0,0.6768672480613057
2041,204.0999999999927,26.86256871126359,70.92429664893268,3000.0,250.0,0.0,0.0,0.676868502918475
2042,204.19999999999268,26.862743974920843,70.92445450677337,3000.0,250.0,0.0,0.0,0.6768697578870795
2043,204.29999999999268,26.862919238401346,70.92461236510522,3000.0,250.0,0.0,0.0,0.6768710129692094
2044,204.39999999999267,26.86309450170509,70.92477022392825,3000.0,250.0,0.0,0.0,0.6768722681672191
2045,204.49999999999267,26.86326976483205,70.92492808324249,3000.0,250.0,0.0,0.0,0.676873523483105
2046,204.59999999999266,26.863445027782216,70.92508594304797,3000.0,250.0,0.0,0.0,0.6768747789192252
2047,204.69999999999266,26.86362029055557,70.92524380334471,3000.0,250.0,0.0,0.0,0.6768760344774751
2048,204.79999999999265,26.86379555315209,70.92540166413275,3000.0,250.0,0.0,0.0,0.6768772901609653
2049,204.89999999999264,26.86397081557176,70.9255595254121,3000.0,250.0,0.0,0.0,0.6768785459715108
2050,204.99999999999264,26.864146077814564,70.92571738718279,3000.0,250.0,0.0,0.0,0.6768798019120642
2051,205.09999999999263,26.86432133988048,70.92587524944486,3000.0,250.0,0.0,0.0,0.6768810579850268
2052,205.19999999999263,26.86449660176949,70.92603311219833,3000.0,250.0,0.0,0.0,0.6768823141929111
2053,205.29999999999262,26.864671863481572,70.92619097544323,3000.0,250.0,0.0,0.0,0.6768835705390366
2054,205.39999999999262,26.86484712501671,70.9263488391796,3000.0,250.0,0.0,0.0,0.6768848270258695
2055,205.4999999999926,26.86502238637488,70.92650670340745,3000.0,250.0,0.0,0.0,0.6768860836565966
2056,205.5999999999926,26.86519764755606,70.92666456812684,3000.0,250.0,0.0,0.0,0.6768873404346661
2057,205.6999999999926,26.86537290856023,70.92682243333778,3000.0,250.0,0.0,0.0,0.6768885973624266
2058,205.7999999999926,26.865548169387367,70.92698029904031,3000.0,250.0,0.0,0.0,0.676889854444037
2059,205.8999999999926,26.865723430037452,70.92713816523447,3000.0,250.0,0.0,0.0,0.6768911116819292
2060,205.99999999999258,26.865898690510463,70.92729603192028,3000.0,250.0,0.0,0.0,0.6768923690803899
2061,206.09999999999258,26.86607395080637,70.92745389909778,3000.0,250.0,0.0,0.0,0.6768936266433683
2062,206.19999999999257,26.866249210925155,70.92761176676701,3000.0,250.0,0.0,0.0,0.6768948843741249
2063,206.29999999999256,26.866424470866793,70.92776963492801,3000.0,250.0,0.0,0.0,0.6768961422769854
2064,206.39999999999256,26.866599730631258,70.9279275035808,3000.0,250.0,0.0,0.0,0.6768974003562745
2065,206.49999999999255,26.866774990218524,70.92808537272543,3000.0,250.0,0.0,0.0,0.6768986586158434
2066,206.59999999999255,26.866950249628562,70.92824324236194,3000.0,250.0,0.0,0.0,0.6768999170609261
2067,206.69999999999254,26.86712550886135,70.92840111249038,3000.0,250.0,0.0,0.0,0.676901175695253
2068,206.79999999999254,26.867300767916856,70.92855898311076,3000.0,250.0,0.0,0.0,0.6769024345238431
2069,206.89999999999253,26.867476026795053,70.92871685422315,3000.0,250.0,0.0,0.0,0.6769036935522322
2070,206.99999999999253,26.867651285495914,70.92887472582758,3000.0,250.0,0.0,0.0,0.6769049527850358
2071,207.09999999999252,26.867826544019405,70.9290325979241,3000.0,250.0,0.0,0.0,0.6769062122285049
2072,207.1999999999925,26.868001802365498,70.92919047051275,3000.0,250.0,0.0,0.0,0.6769074718878569
2073,207.2999999999925,26.868177060534162,70.92934834359357,3000.0,250.0,0.0,0.0,0.6769087317692516
2074,207.3999999999925,26.868352318525364,70.92950621716662,3000.0,250.0,0.0,0.0,0.6769099918789613
2075,207.4999999999925,26.86852757633907,70.92966409123194,3000.0,250.0,0.0,0.0,0.6769112522238971
2076,207.5999999999925,26.868702833975245,70.92982196578959,3000.0,250.0,0.0,0.0,0.6769125128097739
2077,207.69999999999249,26.868878091433857,70.92997984083961,3000.0,250.0,0.0,0.0,0.6769137736447174
2078,207.79999999999248,26.869053348714864,70.93013771638206,3000.0,250.0,0.0,0.0,0.6769150347356953
2079,207.89999999999247,26.869228605818236,70.930295592417,3000.0,250.0,0.0,0.0,0.6769162960905474
2080,207.99999999999247,26.86940386274393,70.93045346894446,3000.0,250.0,0.0,0.0,0.6769175577177622
2081,208.09999999999246,26.869579119491906,70.93061134596454,3000.0,250.0,0.0,0.0,0.6769188196262487
2082,208.19999999999246,26.869754376062122,70.93076922347726,3000.0,250.0,0.0,0.0,0.6769200818241802
2083,208.29999999999245,26.86992963245454,70.9309271014827,3000.0,250.0,0.0,0.0,0.6769213443217927
2084,208.39999999999245,26.87010488866911,70.93108497998091,3000.0,250.0,0.0,0.0,0.6769226071291223
2085,208.49999999999244,26.87028014470579,70.93124285897197,3000.0,250.0,0.0,0.0,0.6769238702567523
2086,208.59999999999243,26.870455400564534,70.93140073845595,3000.0,250.0,0.0,0.0,0.6769251337153969
2087,208.69999999999243,26.870630656245293,70.9315586184329,3000.0,250.0,0.0,0.0,0.6769263975167196
2088,208.79999999999242,26.870805911748015,70.93171649890292,3000.0,250.0,0.0,0.0,0.6769276616744107
2089,208.89999999999242,26.870981167072646,70.93187437986606,3000.0,250.0,0.0,0.0,0.6769289261996702
2090,208.9999999999924,26.871156422219137,70.9320322613224,3000.0,250.0,0.0,0.0,0.6769301911073174
2091,209.0999999999924,26.871331677187428,70.93219014327204,3000.0,250.0,0.0,0.0,0.6769314564128189
2092,209.1999999999924,26.87150693197746,70.93234802571504,3000.0,250.0,0.0,0.0,0.676932722130571
2093,209.2999999999924,26.871682186589176,70.9325059086515,3000.0,250.0,0.0,0.0,0.6769339882774373
2094,209.3999999999924,26.871857441022513,70.93266379208153,3000.0,250.0,0.0,0.0,0.6769352548713301
2095,209.49999999999238,26.8720326952774,70.93282167600519,3000.0,250.0,0.0,0.0,0.676936521930376
2096,209.59999999999238,26.872207949353776,70.9329795604226,3000.0,250.0,0.0,0.0,0.6769377894752631
2097,209.69999999999237,26.872383203251562,70.93313744533384,3000.0,250.0,0.0,0.0,0.6769390575267551
2098,209.79999999999237,26.872558456970687,70.93329533073904,3000.0,250.0,0.0,0.0,0.676940326107935
2099,209.89999999999236,26.87273371051107,70.9334532166383,3000.0,250.0,0.0,0.0,0.6769415952428157
2100,209.99999999999235,26.872908963872632,70.93361110303174,3000.0,250.0,0.0,0.0,0.6769428649583598
2101,210.09999999999235,26.873084217055286,70.93376898991947,3000.0,250.0,0.0,0.0,0.6769441352822416
2102,210.19999999999234,26.87325947005894,70.93392687730163,3000.0,250.0,0.0,0.0,0.6769454062447077
2103,210.29999999999234,26.873434722883502,70.93408476517835,3000.0,250.0,0.0,0.0,0.6769466778786977
2104,210.39999999999233,26.87360997552887,70.93424265354977,3000.0,250.0,0.0,0.0,0.6769479502187866
2105,210.49999999999233,26.873785227994937,70.93440054241604,3000.0,250.0,0.0,0.0,0.6769492233040609
2106,210.59999999999232,26.873960480281596,70.93455843177733,3000.0,250.0,0.0,0.0,0.6769504971757877
2107,210.69999999999231,26.87413573238873,70.93471632163379,3000.0,250.0,0.0,0.0,0.6769517718769483
2108,210.7999999999923,26.874310984316214,70.9348742119856,3000.0,250.0,0.0,0.0,0.6769530474596132
2109,210.8999999999923,26.874486236063913,70.93503210283295,3000.0,250.0,0.0,0.0,0.6769543239743965
2110,210.9999999999923,26.87466148763169,70.93518999417603,3000.0,250.0,0.0,0.0,0.676955601481141
2111,211.0999999999923,26.874836739019397,70.93534788601505,3000.0,250.0,0.0,0.0,0.676956880045244
2112,211.1999999999923,26.875011990226874,70.93550577835023,3000.0,250.0,0.0,0.0,0.6769581597361812
2113,211.29999999999228,26.875187241253947,70.93566367118183,3000.0,250.0,0.0,0.0,0.6769594406338152
2114,211.39999999999227,26.87536249210044,70.93582156451008,3000.0,250.0,0.0,0.0,0.6769607228225809
2115,211.49999999999227,26.875537742766152,70.93597945833527,3000.0,250.0,0.0,0.0,0.676962006403012
2116,211.59999999999226,26.875712993250872,70.9361373526577,3000.0,250.0,0.0,0.0,0.6769632914810363
2117,211.69999999999226,26.875888243554375,70.93629524747769,3000.0,250.0,0.0,0.0,0.6769645781777444
2118,211.79999999999225,26.876063493676412,70.93645314279559,3000.0,250.0,0.0,0.0,0.6769658666303695
2119,211.89999999999225,26.87623874361671,70.93661103861176,3000.0,250.0,0.0,0.0,0.6769671569942867
2120,211.99999999999224,26.876413993374978,70.93676893492662,3000.0,250.0,0.0,0.0,0.6769684494472555
2121,212.09999999999224,26.876589242950892,70.93692683174064,3000.0,250.0,0.0,0.0,0.6769697441936092
2122,212.19999999999223,26.876764492344098,70.93708472905429,3000.0,250.0,0.0,0.0,0.6769710414647256
2123,212.29999999999222,26.8769397415542,70.93724262686816,3000.0,250.0,0.0,0.0,0.6769723415368508
2124,212.39999999999222,26.877114990580758,70.93740052518282,3000.0,250.0,0.0,0.0,0.6769736447237528
2125,212.4999999999922,26.877290239423278,70.937558423999,3000.0,250.0,0.0,0.0,0.676974951409022
2126,212.5999999999922,26.877465488081207,70.93771632331745,3000.0,250.0,0.0,0.0,0.676976262039539
2127,212.6999999999922,26.87764073655391,70.93787422313908,3000.0,250.0,0.0,0.0,0.6769775771614218
2128,212.7999999999922,26.877815984840662,70.93803212346488,3000.0,250.0,0.0,0.0,0.6769788974345576
2129,212.8999999999922,26.877991232940623,70.93819002429605,3000.0,250.0,0.0,0.0,0.676980223691728
2130,212.99999999999218,26.878166480852798,70.93834792563395,3000.0,250.0,0.0,0.0,0.6769815569686346
2131,213.09999999999218,26.87834172857601,70.93850582748024,3000.0,250.0,0.0,0.0,0.6769828986126631
2132,213.19999999999217,26.878516976108838,70.9386637298369,3000.0,250.0,0.0,0.0,0.676984250380494
2133,213.29999999999217,26.878692223449512,70.93882163270641,3000.0,250.0,0.0,0.0,0.6769856146715969
2134,213.39999999999216,26.878867470595797,70.93897953609188,3000.0,250.0,0.0,0.0,0.6769869948336676
2135,213.49999999999216,26.879042717544767,70.9391374399974,3000.0,250.0,0.0,0.0,0.6769883957720997
2136,213.59999999999215,26.879217964292426,70.93929534442854,3000.0,250.0,0.0,0.0,0.6769898250932905
2137,213.69999999999214,26.879393210832983,70.9394532493934,3000.0,250.0,0.0,0.0,0.6769912955106046
2138,213.79999999999214,26.87956845715731,70.93961115490468,3000.0,250.0,0.0,0.0,0.6769928307546674
2139,213.89999999999213,26.879743703248856,70.9397690609855,3000.0,250.0,0.0,0.0,0.6769944834784694
2140,213.99999999999213,26.879918949068454,70.93992696769048,3000.0,250.0,0.0,0.0,0.6769964143138512
2141,214.09999999999212,26.880058996048227,70.93975676809477,3000.0,250.0,0.0,0.0,-1.3052852708374028
2142,214.19999999999212,26.88011799167986,70.93951353593557,3000.0,250.0,0.0,0.0,-1.3052871910540496
2143,214.2999999999921,26.880176986894895,70.93927030352242,3000.0,250.0,0.0,0.0,-1.3052891112773393
2144,214.3999999999921,26.880235981693332,70.93902707085532,3000.0,250.0,0.0,0.0,-1.305291031507212
2145,214.4999999999921,26.88029497607517,70.93878383793425,3000.0,250.0,0.0,0.0,-1.3052929517437697
2146,214.5999999999921,26.880353970040407,70.93854060475924,3000.0,250.0,0.0,0.0,-1.3052948719869402
2147,214.6999999999921,26.880412963589038,70.93829737133026,3000.0,250.0,0.0,0.0,-1.3052967922367338
2148,214.79999999999208,26.880471956721067,70.93805413764734,3000.0,250.0,0.0,0.0,-1.3052987124931588
2149,214.89999999999208,26.880530949436487,70.93781090371047,3000.0,250.0,0.0,0.0,-1.3053006327562364
2150,214.99999999999207,26.8805899417353,70.93756766951964,3000.0,250.0,0.0,0.0,-1.3053025530259532
2151,215.09999999999206,26.8806489336175,70.93732443507486,3000.0,250.0,0.0,0.0,-1.3053044733022825
2152,215.19999999999206,26.88070792508309,70.93708120037613,3000.0,250.0,0.0,0.0,-1.3053063935852698
2153,215.29999999999205,26.880766916132067,70.93683796542345,3000.0,250.0,0.0,0.0,-1.3053083138749004
2154,215.39999999999205,26.880825906764432,70.93659473021683,3000.0,250.0,0.0,0.0,-1.305310234171161
2155,215.49999999999204,26.880884896980177,70.93635149475625,3000.0,250.0,0.0,0.0,-1.3053121544740722
2156,215.59999999999204,26.880943886779306,70.93610825904173,3000.0,250.0,0.0,0.0,-1.3053140747836203
2157,215.69999999999203,26.881002876161816,70.93586502307326,3000.0,250.0,0.0,0.0,-1.305315995099826
2158,215.79999999999202,26.881061865127702,70.93562178685086,3000.0,250.0,0.0,0.0,-1.3053179154226755
2159,215.89999999999202,26.881120853676965,70.93537855037451,3000.0,250.0,0.0,0.0,-1.3053198357521907
2160,215.999999999992,26.881179841809605,70.93513531364421,3000.0,250.0,0.0,0.0,-1.3053217560883335
2161,216.099999999992,26.881238829525618,70.93489207665998,3000.0,250.0,0.0,0.0,-1.3053236764311245
2162,216.199999999992,26.881297816825004,70.9346488394218,3000.0,250.0,0.0,0.0,-1.3053255967805861
2163,216.299999999992,26.88135680370776,70.93440560192968,3000.0,250.0,0.0,0.0,-1.3053275171367036
2164,216.399999999992,26.881415790173882,70.93416236418362,3000.0,250.0,0.0,0.0,-1.3053294374994633
2165,216.49999999999199,26.881474776223374,70.93391912618362,3000.0,250.0,0.0,0.0,-1.3053313578688859
2166,216.59999999999198,26.88153376185623,70.93367588792968,3000.0,250.0,0.0,0.0,-1.3053332782449696
2167,216.69999999999197,26.88159274707245,70.9334326494218,3000.0,250.0,0.0,0.0,-1.3053351986276998
2168,216.79999999999197,26.88165173187203,70.93318941065999,3000.0,250.0,0.0,0.0,-1.3053371190170868
2169,216.89999999999196,26.88171071625497,70.93294617164425,3000.0,250.0,0.0,0.0,-1.3053390394131517
2170,216.99999999999196,26.881769700221273,70.93270293237457,3000.0,250.0,0.0,0.0,-1.3053409598158687
2171,217.09999999999195,26.88182868377093,70.93245969285095,3000.0,250.0,0.0,0.0,-1.305342880225259
2172,217.19999999999195,26.881887666903943,70.93221645307341,3000.0,250.0,0.0,0.0,-1.3053448006413204
2173,217.29999999999194,26.881946649620307,70.93197321304193,3000.0,250.0,0.0,0.0,-1.3053467210640155
2174,217.39999999999193,26.882005631920023,70.93172997275651,3000.0,250.0,0.0,0.0,-1.3053486414933888
2175,217.49999999999193,26.88206461380309,70.93148673221717,3000.0,250.0,0.0,0.0,-1.3053505619294499
2176,217.59999999999192,26.88212359526951,70.9312434914239,3000.0,250.0,0.0,0.0,-1.3053524823721494
2177,217.69999999999192,26.88218257631927,70.9310002503767,3000.0,250.0,0.0,0.0,-1.3053544028215567
2178,217.7999999999919,26.88224155695238,70.93075700907556,3000.0,250.0,0.0,0.0,-1.3053563232775975
2179,217.8999999999919,26.88230053716883,70.93051376752051,3000.0,250.0,0.0,0.0,-1.305358243740341
2180,217.9999999999919,26.882359516968624,70.93027052571152,3000.0,250.0,0.0,0.0,-1.3053601642097739
2181,218.0999999999919,26.882418496351757,70.93002728364861,3000.0,250.0,0.0,0.0,-1.3053620846858451
2182,218.1999999999919,26.88247747531823,70.92978404133177,3000.0,250.0,0.0,0.0,-1.305364005168613
2183,218.29999999999188,26.88253645386804,70.92954079876101,3000.0,250.0,0.0,0.0,-1.3053659256580388
2184,218.39999999999188,26.88259543200118,70.92929755593633,3000.0,250.0,0.0,0.0,-1.3053678461541804
2185,218.49999999999187,26.88265440971766,70.92905431285773,3000.0,250.0,0.0,0.0,-1.3053697666569761
2186,218.59999999999187,26.88271338701747,70.92881106952521,3000.0,250.0,0.0,0.0,-1.3053716871664713
2187,218.69999999999186,26.88277236390061,70.92856782593876,3000.0,250.0,0.0,0.0,-1.3053736076826636
2188,218.79999999999185,26.88283134036708,70.92832458209838,3000.0,250.0,0.0,0.0,-1.3053755282055262
2189,218.89999999999185,26.882890316416876,70.92808133800409,3000.0,250.0,0.0,0.0,-1.3053774487350696
2190,218.99999999999184,26.882949292049997,70.9278380936559,3000.0,250.0,0.0,0.0,-1.3053793692712914
2191,219.09999999999184,26.88300826726644,70.92759484905378,3000.0,250.0,0.0,0.0,-1.3053812898142263
2192,219.19999999999183,26.883067242066208,70.92735160419774,3000.0,250.0,0.0,0.0,-1.3053832103638352
2193,219.29999999999183,26.883126216449295,70.92710835908778,3000.0,250.0,0.0,0.0,-1.3053851309201516
2194,219.39999999999182,26.883185190415702,70.92686511372392,3000.0,250.0,0.0,0.0,-1.3053870514831496
2195,219.49999999999181,26.883244163965426,70.92662186810614,3000.0,250.0,0.0,0.0,-1.3053889720528755
2196,219.5999999999918,26.883303137098462,70.92637862223444,3000.0,250.0,0.0,0.0,-1.3053908926292663
2197,219.6999999999918,26.883362109814815,70.92613537610883,3000.0,250.0,0.0,0.0,-1.3053928132123558
2198,219.7999999999918,26.883421082114477,70.9258921297293,3000.0,250.0,0.0,0.0,-1.3053947338021545
2199,219.8999999999918,26.883480053997452,70.92564888309587,3000.0,250.0,0.0,0.0,-1.3053966543986475
2200,219.9999999999918,26.883539025463733,70.92540563620854,3000.0,250.0,0.0,0.0,-1.3053985750018575
2201,220.09999999999178,26.883597996513323,70.92516238906728,3000.0,250.0,0.0,0.0,-1.3054004956117702
2202,220.19999999999177,26.883656967146216,70.92491914167212,3000.0,250.0,0.0,0.0,-1.305402416228358
2203,220.29999999999177,26.883715937362414,70.92467589402305,3000.0,250.0,0.0,0.0,-1.3054043368516803
2204,220.39999999999176,26.883774907161914,70.92443264612008,3000.0,250.0,0.0,0.0,-1.3054062574816985
2205,220.49999999999176,26.883833876544713,70.9241893979632,3000.0,250.0,0.0,0.0,-1.3054081781184346
2206,220.59999999999175,26.88389284551081,70.92394614955242,3000.0,250.0,0.0,0.0,-1.3054100987618742
2207,220.69999999999175,26.883951814060207,70.92370290088773,3000.0,250.0,0.0,0.0,-1.3054120194120393
2208,220.79999999999174,26.8840107821929,70.92345965196914,3000.0,250.0,0.0,0.0,-1.3054139400689038
2209,220.89999999999173,26.884069749908882,70.92321640279664,3000.0,250.0,0.0,0.0,-1.305415860732489
2210,220.99999999999173,26.884128717208156,70.92297315337025,3000.0,250.0,0.0,0.0,-1.305417781402781
2211,221.09999999999172,26.884187684090723,70.92272990368996,3000.0,250.0,0.0,0.0,-1.3054197020798028
2212,221.19999999999172,26.884246650556577,70.92248665375575,3000.0,250.0,0.0,0.0,-1.305421622763539
2213,221.2999999999917,26.88430561660572,70.92224340356766,3000.0,250.0,0.0,0.0,-1.3054235434539874
2214,221.3999999999917,26.884364582238145,70.92200015312567,3000.0,250.0,0.0,0.0,-1.3054254641511711
2215,221.4999999999917,26.884423547453856,70.92175690242978,3000.0,250.0,0.0,0.0,-1.305427384855087
2216,221.5999999999917,26.88448251225285,70.92151365147998,3000.0,250.0,0.0,0.0,-1.3054293055657216
2217,221.6999999999917,26.88454147663512,70.9212704002763,3000.0,250.0,0.0,0.0,-1.3054312262830716
2218,221.79999999999168,26.88460044060067,70.92102714881872,3000.0,250.0,0.0,0.0,-1.3054331470071605
2219,221.89999999999168,26.8846594041495,70.92078389710726,3000.0,250.0,0.0,0.0,-1.3054350677379858
2220,221.99999999999167,26.8847183672816,70.9205406451419,3000.0,250.0,0.0,0.0,-1.3054369884755208
2221,222.09999999999167,26.884777329996975,70.92029739292263,3000.0,250.0,0.0,0.0,-1.3054389092198249
2222,222.19999999999166,26.88483629229562,70.92005414044948,3000.0,250.0,0.0,0.0,-1.305440829970809
2223,222.29999999999166,26.884895254177536,70.91981088772243,3000.0,250.0,0.0,0.0,-1.3054427507285695
2224,222.39999999999165,26.884954215642722,70.9195676347415,3000.0,250.0,0.0,0.0,-1.305444671493031
2225,222.49999999999164,26.885013176691174,70.91932438150668,3000.0,250.0,0.0,0.0,-1.3054465922642653
2226,222.59999999999164,26.88507213732289,70.91908112801798,3000.0,250.0,0.0,0.0,-1.3054485130422213
2227,222.69999999999163,26.88513109753787,70.91883787427538,3000.0,250.0,0.0,0.0,-1.3054504338269335
2228,222.79999999999163,26.88519005733611,70.9185946202789,3000.0,250.0,0.0,0.0,-1.3054523546183745
2229,222.89999999999162,26.885249016717612,70.91835136602853,3000.0,250.0,0.0,0.0,-1.3054542754165421
2230,222.99999999999162,26.885307975682373,70.91810811152428,3000.0,250.0,0.0,0.0,-1.305456196221485
2231,223.0999999999916,26.88536693423039,70.91786485676614,3000.0,250.0,0.0,0.0,-1.3054581170331627
2232,223.1999999999916,26.88542589236166,70.91762160175412,3000.0,250.0,0.0,0.0,-1.3054600378515986
2233,223.2999999999916,26.885484850076185,70.91737834648822,3000.0,250.0,0.0,0.0,-1.305461958676777
2234,223.3999999999916,26.88554380737396,70.91713509096843,3000.0,250.0,0.0,0.0,-1.3054638795087221
2235,223.4999999999916,26.885602764254987,70.91689183519476,3000.0,250.0,0.0,0.0,-1.3054658003473931
2236,223.59999999999158,26.88566172071926,70.91664857916722,3000.0,250.0,0.0,0.0,-1.3054677211928385
2237,223.69999999999158,26.88572067676678,70.9164053228858,3000.0,250.0,0.0,0.0,-1.3054696420450314
2238,223.79999999999157,26.885779632397547,70.9161620663505,3000.0,250.0,0.0,0.0,-1.3054715629039944
2239,223.89999999999156,26.885838587611556,70.91591880956132,3000.0,250.0,0.0,0.0,-1.3054734837697255
2240,223.99999999999156,26.885897542408806,70.91567555251827,3000.0,250.0,0.0,0.0,-1.30547540464221
2241,224.09999999999155,26.885956496789294,70.91543229522134,3000.0,250.0,0.0,0.0,-1.305477325521458
2242,224.19999999999155,26.88601545075302,70.91518903767053,3000.0,250.0,0.0,0.0,-1.3054792464074427
2243,224.29999999999154,26.886074404299986,70.91494577986585,3000.0,250.0,0.0,0.0,-1.3054811673002116
2244,224.39999999999154,26.886133357430186,70.91470252180729,3000.0,250.0,0.0,0.0,-1.3054830881997754
2245,224.49999999999153,26.886192310143617,70.91445926349485,3000.0,250.0,0.0,0.0,-1.305485009106069
2246,224.59999999999152,26.88625126244028,70.91421600492855,3000.0,250.0,0.0,0.0,-1.3054869300191156
2247,224.69999999999152,26.886310214320172,70.91397274610837,3000.0,250.0,0.0,0.0,-1.3054888509389766
2248,224.7999999999915,26.886369165783293,70.91372948703433,3000.0,250.0,0.0,0.0,-1.3054907718655988
2249,224.8999999999915,26.886428116829638,70.91348622770641,3000.0,250.0,0.0,0.0,-1.3054926927989932
2250,224.9999999999915,26.88648706745921,70.91324296812464,3000.0,250.0,0.0,0.0,-1.3054946137391572
2251,225.0999999999915,26.886546017672003,70.91299970828898,3000.0,250.0,0.0,0.0,-1.3054965346861145
2252,225.1999999999915,26.886604967468017,70.91275644819946,3000.0,250.0,0.0,0.0,-1.3054984556398368
2253,225.29999999999148,26.88666391684725,70.91251318785608,3000.0,250.0,0.0,0.0,-1.3055003766003233
2254,225.39999999999148,26.886722865809702,70.91226992725883,3000.0,250.0,0.0,0.0,-1.3055022975676216
2255,225.49999999999147,26.88678181435537,70.91202666640773,3000.0,250.0,0.0,0.0,-1.3055042185417052
2256,225.59999999999147,26.88684076248425,70.91178340530276,3000.0,250.0,0.0,0.0,-1.3055061395225587
2257,225.69999999999146,26.886899710196346,70.91154014394392,3000.0,250.0,0.0,0.0,-1.3055080605102183
2258,225.79999999999146,26.886958657491654,70.91129688233123,3000.0,250.0,0.0,0.0,-1.305509981504669
2259,225.89999999999145,26.88701760437017,70.91105362046467,3000.0,250.0,0.0,0.0,-1.3055119025059088
2260,225.99999999999145,26.887076550831893,70.91081035834425,3000.0,250.0,0.0,0.0,-1.3055138235139228
2261,226.09999999999144,26.887135496876823,70.91056709596997,3000.0,250.0,0.0,0.0,-1.3055157445287469
2262,226.19999999999143,26.887194442504956,70.91032383334182,3000.0,250.0,0.0,0.0,-1.3055176655503793
2263,226.29999999999143,26.887253387716292,70.91008057045983,3000.0,250.0,0.0,0.0,-1.3055195865787668
2264,226.39999999999142,26.88731233251083,70.90983730732397,3000.0,250.0,0.0,0.0,-1.3055215076139974
2265,226.49999999999142,26.88737127688857,70.90959404393426,3000.0,250.0,0.0,0.0,-1.3055234286560045
2266,226.5999999999914,26.887430220849502,70.9093507802907,3000.0,250.0,0.0,0.0,-1.305525349704825
2267,226.6999999999914,26.88748916439363,70.90910751639328,3000.0,250.0,0.0,0.0,-1.305527270760456
2268,226.7999999999914,26.887548107520956,70.908864252242,3000.0,250.0,0.0,0.0,-1.3055291918228833
2269,226.8999999999914,26.887607050231473,70.90862098783687,3000.0,250.0,0.0,0.0,-1.3055311128921043
2270,226.9999999999914,26.88766599252518,70.90837772317789,3000.0,250.0,0.0,0.0,-1.305533033968143
2271,227.09999999999138,26.887724934402076,70.90813445826505,3000.0,250.0,0.0,0.0,-1.3055349550510236
2272,227.19999999999138,26.88778387586216,70.90789119309837,3000.0,250.0,0.0,0.0,-1.3055368761406652
2273,227.29999999999137,26.887842816905426,70.90764792767783,3000.0,250.0,0.0,0.0,-1.3055387972371444
2274,227.39999999999137,26.88790175753188,70.90740466200344,3000.0,250.0,0.0,0.0,-1.305540718340446
2275,227.49999999999136,26.887960697741512,70.90716139607521,3000.0,250.0,0.0,0.0,-1.3055426394505294
2276,227.59999999999135,26.888019637534327,70.90691812989313,3000.0,250.0,0.0,0.0,-1.3055445605674698
2277,227.69999999999135,26.88807857691032,70.90667486345721,3000.0,250.0,0.0,0.0,-1.3055464816912137
2278,227.79999999999134,26.88813751586949,70.90643159676745,3000.0,250.0,0.0,0.0,-1.3055484028217856
2279,227.89999999999134,26.88819645441184,70.90618832982383,3000.0,250.0,0.0,0.0,-1.3055503239592083
2280,227.99999999999133,26.88825539253736,70.90594506262637,3000.0,250.0,0.0,0.0,-1.3055522451034283
2281,228.09999999999133,26.888314330246054,70.90570179517508,3000.0,250.0,0.0,0.0,-1.305554166254482
2282,228.19999999999132,26.88837326753792,70.90545852746993,3000.0,250.0,0.0,0.0,-1.3055560874123817
2283,228.29999999999131,26.88843220441295,70.90521525951095,3000.0,250.0,0.0,0.0,-1.3055580085771241
2284,228.3999999999913,26.88849114087115,70.90497199129813,3000.0,250.0,0.0,0.0,-1.3055599297486693
2285,228.4999999999913,26.888550076912512,70.90472872283146,3000.0,250.0,0.0,0.0,-1.30556185092704
2286,228.5999999999913,26.88860901253704,70.90448545411095,3000.0,250.0,0.0,0.0,-1.3055637721122613
2287,228.6999999999913,26.88866794774473,70.90424218513661,3000.0,250.0,0.0,0.0,-1.3055656933043303
2288,228.7999999999913,26.88872688253558,70.90399891590843,3000.0,250.0,0.0,0.0,-1.3055676145032327
2289,228.89999999999128,26.888785816909586,70.90375564642642,3000.0,250.0,0.0,0.0,-1.3055695357089667
2290,228.99999999999127,26.888844750866753,70.90351237669057,3000.0,250.0,0.0,0.0,-1.3055714569215562
2291,229.09999999999127,26.888903684407072,70.90326910670089,3000.0,250.0,0.0,0.0,-1.3055733781410124
2292,229.19999999999126,26.888962617530545,70.90302583645737,3000.0,250.0,0.0,0.0,-1.305575299367281
2293,229.29999999999126,26.88902155023717,70.90278256596002,3000.0,250.0,0.0,0.0,-1.305577220600425
2294,229.39999999999125,26.889080482526946,70.90253929520884,3000.0,250.0,0.0,0.0,-1.30557914184043
2295,229.49999999999125,26.88913941439987,70.90229602420382,3000.0,250.0,0.0,0.0,-1.305581063087267
2296,229.59999999999124,26.88919834585594,70.90205275294497,3000.0,250.0,0.0,0.0,-1.3055829843409608
2297,229.69999999999123,26.889257276895155,70.9018094814323,3000.0,250.0,0.0,0.0,-1.3055849056015092
2298,229.79999999999123,26.889316207517513,70.90156620966579,3000.0,250.0,0.0,0.0,-1.3055868268689241
2299,229.89999999999122,26.88937513772301,70.90132293764545,3000.0,250.0,0.0,0.0,-1.3055887481431898
2300,229.99999999999122,26.88943406751165,70.90107966537128,3000.0,250.0,0.0,0.0,-1.3055906694242907
2301,230.0999999999912,26.889492996883426,70.90083639284329,3000.0,250.0,0.0,0.0,-1.3055925907123185
2302,230.1999999999912,26.88955192583834,70.90059312006147,3000.0,250.0,0.0,0.0,-1.3055945120071641
2303,230.2999999999912,26.88961085437639,70.90034984702584,3000.0,250.0,0.0,0.0,-1.3055964333088799
2304,230.3999999999912,26.88966978249757,70.90010657373637,3000.0,250.0,0.0,0.0,-1.3055983546175034
2305,230.4999999999912,26.889728710201883,70.89986330019308,3000.0,250.0,0.0,0.0,-1.305600275932952
2306,230.59999999999118,26.889787637489324,70.89962002639597,3000.0,250.0,0.0,0.0,-1.3056021972553178
2307,230.69999999999118,26.889846564359893,70.89937675234503,3000.0,250.0,0.0,0.0,-1.305604118584519
2308,230.79999999999117,26.889905490813586,70.89913347804028,3000.0,250.0,0.0,0.0,-1.3056060399206069
2309,230.89999999999117,26.889964416850404,70.89889020348171,3000.0,250.0,0.0,0.0,-1.3056079612635927
2310,230.99999999999116,26.890023342470347,70.89864692866932,3000.0,250.0,0.0,0.0,-1.305609882613448
2311,231.09999999999116,26.89008226767341,70.89840365360311,3000.0,250.0,0.0,0.0,-1.3056118039701703
2312,231.19999999999115,26.89014119245959,70.89816037828308,3000.0,250.0,0.0,0.0,-1.3056137253338118
2313,231.29999999999114,26.89020011682889,70.89791710270923,3000.0,250.0,0.0,0.0,-1.3056156467043165
2314,231.39999999999114,26.890259040781306,70.89767382688157,3000.0,250.0,0.0,0.0,-1.3056175680816828
2315,231.49999999999113,26.890317964316836,70.8974305508001,3000.0,250.0,0.0,0.0,-1.3056194894660034
2316,231.59999999999113,26.890376887435476,70.8971872744648,3000.0,250.0,0.0,0.0,-1.3056214108571813
2317,231.69999999999112,26.890435810137227,70.8969439978757,3000.0,250.0,0.0,0.0,-1.3056233322552417
2318,231.79999999999112,26.890494732422088,70.89670072103277,3000.0,250.0,0.0,0.0,-1.3056252536601969
2319,231.8999999999911,26.890553654290056,70.89645744393604,3000.0,250.0,0.0,0.0,-1.3056271750720574
2320,231.9999999999911,26.89061257574113,70.89621416658551,3000.0,250.0,0.0,0.0,-1.305629096490836
2321,232.0999999999911,26.890671496775308,70.89597088898115,3000.0,250.0,0.0,0.0,-1.3056310179165034
2322,232.1999999999911,26.89073041739259,70.895727611123,3000.0,250.0,0.0,0.0,-1.3056329393490838
2323,232.2999999999911,26.89078933759297,70.89548433301103,3000.0,250.0,0.0,0.0,-1.3056348607885628
2324,232.39999999999108,26.89084825737645,70.89524105464525,3000.0,250.0,0.0,0.0,-1.3056367822349524
2325,232.49999999999108,26.890907176743028,70.89499777602568,3000.0,250.0,0.0,0.0,-1.3056387036882773
2326,232.59999999999107,26.890966095692697,70.89475449715229,3000.0,250.0,0.0,0.0,-1.3056406251484813
2327,232.69999999999106,26.891025014225463,70.8945112180251,3000.0,250.0,0.0,0.0,-1.30564254661559
2328,232.79999999999106,26.891083932341317,70.8942679386441,3000.0,250.0,0.0,0.0,-1.3056444680896693
2329,232.89999999999105,26.891142850040264,70.8940246590093,3000.0,250.0,0.0,0.0,-1.3056463895706218
2330,232.99999999999105,26.8912017673223,70.8937813791207,3000.0,250.0,0.0,0.0,-1.3056483110584869
2331,233.09999999999104,26.891260684187422,70.89353809897828,3000.0,250.0,0.0,0.0,-1.3056502325533168
2332,233.19999999999104,26.89131960063563,70.89329481858208,3000.0,250.0,0.0,0.0,-1.3056521540550143
2333,233.29999999999103,26.89137851666692,70.89305153793207,3000.0,250.0,0.0,0.0,-1.3056540755636878
2334,233.39999999999102,26.89143743228129,70.89280825702825,3000.0,250.0,0.0,0.0,-1.305655997079266
2335,233.49999999999102,26.89149634747874,70.89256497587064,3000.0,250.0,0.0,0.0,-1.3056579186017607
2336,233.599999999991,26.891555262259267,70.89232169445923,3000.0,250.0,0.0,0.0,-1.3056598401311985
2337,233.699999999991,26.891614176622873,70.89207841279402,3000.0,250.0,0.0,0.0,-1.3056617616675765
2338,233.799999999991,26.89167309056955,70.89183513087502,3000.0,250.0,0.0,0.0,-1.3056636832108799
2339,233.899999999991,26.891732004099303,70.89159184870222,3000.0,250.0,0.0,0.0,-1.3056656047610935
2340,233.999999999991,26.891790917212127,70.89134856627562,3000.0,250.0,0.0,0.0,-1.3056675263182964
2341,234.09999999999098,26.89184982990802,70.89110528359524,3000.0,250.0,0.0,0.0,-1.3056694478824193
2342,234.19999999999098,26.891908742186978,70.89086200066106,3000.0,250.0,0.0,0.0,-1.3056713694535018
2343,234.29999999999097,26.891967654049004,70.89061871747309,3000.0,250.0,0.0,0.0,-1.3056732910315005
2344,234.39999999999097,26.892026565494096,70.89037543403133,3000.0,250.0,0.0,0.0,-1.3056752126164826
2345,234.49999999999096,26.892085476522247,70.89013215033577,3000.0,250.0,0.0,0.0,-1.3056771342083908
2346,234.59999999999096,26.89214438713346,70.88988886638643,3000.0,250.0,0.0,0.0,-1.3056790558072788
2347,234.69999999999095,26.892203297327733,70.88964558218329,3000.0,250.0,0.0,0.0,-1.3056809774131033
2348,234.79999999999094,26.892262207105063,70.88940229772638,3000.0,250.0,0.0,0.0,-1.3056828990258762
2349,234.89999999999094,26.89232111646545,70.88915901301567,3000.0,250.0,0.0,0.0,-1.3056848206456106
2350,234.99999999999093,26.89238002540889,70.88891572805117,3000.0,250.0,0.0,0.0,-1.3056867422723317
2351,235.09999999999093,26.89243893393538,70.8886724428329,3000.0,250.0,0.0,0.0,-1.3056886639059955
2352,235.19999999999092,26.89249784204492,70.88842915736083,3000.0,250.0,0.0,0.0,-1.3056905855466434
2353,235.29999999999092,26.892556749737512,70.88818587163499,3000.0,250.0,0.0,0.0,-1.3056925071942445
2354,235.3999999999909,26.89261565701315,70.88794258565535,3000.0,250.0,0.0,0.0,-1.305694428848826
2355,235.4999999999909,26.892674563871832,70.88769929942194,3000.0,250.0,0.0,0.0,-1.305696350510371
2356,235.5999999999909,26.89273347031356,70.88745601293475,3000.0,250.0,0.0,0.0,-1.305698272178879
2357,235.6999999999909,26.892792376338328,70.88721272619377,3000.0,250.0,0.0,0.0,-1.305700193854376
2358,235.7999999999909,26.892851281946136,70.886969439199,3000.0,250.0,0.0,0.0,-1.3057021155368729
2359,235.89999999999088,26.892910187136984,70.88672615195047,3000.0,250.0,0.0,0.0,-1.3057040372262996
2360,235.99999999999088,26.892969091910867,70.88648286444815,3000.0,250.0,0.0,0.0,-1.3057059589227658
2361,236.09999999999087,26.893027996267783,70.88623957669206,3000.0,250.0,0.0,0.0,-1.3057078806261861
2362,236.19999999999087,26.893086900207734,70.8859962886822,3000.0,250.0,0.0,0.0,-1.3057098023365725
2363,236.29999999999086,26.893145803730715,70.88575300041855,3000.0,250.0,0.0,0.0,-1.3057117240539937
2364,236.39999999999085,26.893204706836727,70.88550971190112,3000.0,250.0,0.0,0.0,-1.3057136457783773
2365,236.49999999999085,26.893263609525768,70.88526642312992,3000.0,250.0,0.0,0.0,-1.30571556750975
2366,236.59999999999084,26.893322511797834,70.88502313410496,3000.0,250.0,0.0,0.0,-1.3057174892481525
2367,236.69999999999084,26.893381413652925,70.88477984482621,3000.0,250.0,0.0,0.0,-1.3057194109935273
2368,236.79999999999083,26.893440315091038,70.88453655529369,3000.0,250.0,0.0,0.0,-1.3057213327459
2369,236.89999999999083,26.893499216112172,70.88429326550741,3000.0,250.0,0.0,0.0,-1.305723254505269
2370,236.99999999999082,26.893558116716324,70.88404997546735,3000.0,250.0,0.0,0.0,-1.3057251762716902
2371,237.0999999999908,26.893617016903494,70.88380668517352,3000.0,250.0,0.0,0.0,-1.3057270980450615
2372,237.1999999999908,26.89367591667368,70.88356339462592,3000.0,250.0,0.0,0.0,-1.3057290198254818
2373,237.2999999999908,26.89373481602688,70.88332010382456,3000.0,250.0,0.0,0.0,-1.3057309416128489
2374,237.3999999999908,26.893793714963092,70.88307681276943,3000.0,250.0,0.0,0.0,-1.305732863407304
2375,237.4999999999908,26.893852613482313,70.88283352146054,3000.0,250.0,0.0,0.0,-1.3057347852087748
2376,237.59999999999079,26.893911511584545,70.88259022989789,3000.0,250.0,0.0,0.0,-1.3057367070172308
2377,237.69999999999078,26.893970409269784,70.88234693808145,3000.0,250.0,0.0,0.0,-1.3057386288327417
2378,237.79999999999077,26.894029306538027,70.88210364601126,3000.0,250.0,0.0,0.0,-1.3057405506552475
2379,237.89999999999077,26.894088203389273,70.8818603536873,3000.0,250.0,0.0,0.0,-1.305742472484805
2380,237.99999999999076,26.894147099823524,70.88161706110958,3000.0,250.0,0.0,0.0,-1.3057443943213551
2381,238.09999999999076,26.89420599584077,70.88137376827811,3000.0,250.0,0.0,0.0,-1.305746316164925
2382,238.19999999999075,26.89426489144102,70.88113047519288,3000.0,250.0,0.0,0.0,-1.3057482380155714
2383,238.29999999999075,26.894323786624263,70.88088718185388,3000.0,250.0,0.0,0.0,-1.3057501598732628
2384,238.39999999999074,26.8943826813905,70.88064388826112,3000.0,250.0,0.0,0.0,-1.3057520817379689
2385,238.49999999999073,26.89444157573973,70.88040059441461,3000.0,250.0,0.0,0.0,-1.3057540036097168
2386,238.59999999999073,26.894500469671954,70.88015730031434,3000.0,250.0,0.0,0.0,-1.3057559254884916
2387,238.69999999999072,26.894559363187167,70.87991400596032,3000.0,250.0,0.0,0.0,-1.3057578473743483
2388,238.79999999999072,26.894618256285366,70.87967071135253,3000.0,250.0,0.0,0.0,-1.3057597692672143
2389,238.8999999999907,26.89467714896655,70.879427416491,3000.0,250.0,0.0,0.0,-1.3057616911671444
2390,238.9999999999907,26.894736041230722,70.8791841213757,3000.0,250.0,0.0,0.0,-1.3057636130741237
2391,239.0999999999907,26.894794933077875,70.87894082600666,3000.0,250.0,0.0,0.0,-1.3057655349881638
2392,239.1999999999907,26.894853824508008,70.87869753038386,3000.0,250.0,0.0,0.0,-1.3057674569092648
2393,239.2999999999907,26.894912715521123,70.87845423450732,3000.0,250.0,0.0,0.0,-1.30576937883741
2394,239.39999999999068,26.894971606117213,70.87821093837701,3000.0,250.0,0.0,0.0,-1.305771300772642
2395,239.49999999999068,26.89503049629628,70.87796764199295,3000.0,250.0,0.0,0.0,-1.3057732227149283
2396,239.59999999999067,26.89508938605832,70.87772434535515,3000.0,250.0,0.0,0.0,-1.3057751446642545
2397,239.69999999999067,26.895148275403333,70.8774810484636,3000.0,250.0,0.0,0.0,-1.3057770666206914
2398,239.79999999999066,26.895207164331314,70.87723775131829,3000.0,250.0,0.0,0.0,-1.3057789885841795
2399,239.89999999999065,26.895266052842263,70.87699445391925,3000.0,250.0,0.0,0.0,-1.305780910554717
2400,239.99999999999065,26.89532494093618,70.87675115626647,3000.0,250.0,0.0,0.0,-1.3057828325323622
2401,240.09999999999064,26.895383828613063,70.87650785835993,3000.0,250.0,0.0,0.0,-1.3057847545170829
2402,240.19999999999064,26.89544271587291,70.87626456019964,3000.0,250.0,0.0,0.0,-1.305786676508907
2403,240.29999999999063,26.89550160271572,70.87602126178562,3000.0,250.0,0.0,0.0,-1.3057885985077888
2404,240.39999999999063,26.895560489141488,70.87577796311786,3000.0,250.0,0.0,0.0,-1.3057905205137579
2405,240.49999999999062,26.895619375150215,70.87553466419635,3000.0,250.0,0.0,0.0,-1.3057924425268401
2406,240.59999999999062,26.895678260741896,70.8752913650211,3000.0,250.0,0.0,0.0,-1.3057943645469918
2407,240.6999999999906,26.89573714591653,70.87504806559211,3000.0,250.0,0.0,0.0,-1.3057962865742687
2408,240.7999999999906,26.89579603067412,70.87480476590939,3000.0,250.0,0.0,0.0,-1.3057982086086115
2409,240.8999999999906,26.89585491501466,70.87456146597292,3000.0,250.0,0.0,0.0,-1.3058001306500633
2410,240.9999999999906,26.89591379893815,70.87431816578271,3000.0,250.0,0.0,0.0,-1.3058020526985916
2411,241.0999999999906,26.895972682444587,70.87407486533877,3000.0,250.0,0.0,0.0,-1.3058039747542702
2412,241.19999999999058,26.89603156553397,70.8738315646411,3000.0,250.0,0.0,0.0,-1.3058058968170385
2413,241.29999999999058,26.896090448206298,70.87358826368968,3000.0,250.0,0.0,0.0,-1.3058078188869244
2414,241.39999999999057,26.89614933046157,70.87334496248454,3000.0,250.0,0.0,0.0,-1.305809740963912
2415,241.49999999999056,26.89620821229978,70.87310166102566,3000.0,250.0,0.0,0.0,-1.305811663048044
2416,241.59999999999056,26.896267093720926,70.87285835931304,3000.0,250.0,0.0,0.0,-1.30581358513926
2417,241.69999999999055,26.896325974725013,70.87261505734669,3000.0,250.0,0.0,0.0,-1.3058155072376025
2418,241.79999999999055,26.896384855312032,70.87237175512661,3000.0,250.0,0.0,0.0,-1.3058174293430707
2419,241.89999999999054,26.896443735481984,70.8721284526528,3000.0,250.0,0.0,0.0,-1.305819351455648
2420,241.99999999999054,26.89650261523487,70.87188514992526,3000.0,250.0,0.0,0.0,-1.305821273575379
2421,242.09999999999053,26.896561494570683,70.87164184694399,3000.0,250.0,0.0,0.0,-1.305823195702231
2422,242.19999999999052,26.896620373489426,70.87139854370899,3000.0,250.0,0.0,0.0,-1.3058251178362028
2423,242.29999999999052,26.896679251991095,70.87115524022026,3000.0,250.0,0.0,0.0,-1.3058270399773242
2424,242.3999999999905,26.89673813007569,70.87091193647781,3000.0,250.0,0.0,0.0,-1.3058289621255927
2425,242.4999999999905,26.896797007743206,70.87066863248162,3000.0,250.0,0.0,0.0,-1.3058308842810078
2426,242.5999999999905,26.896855884993645,70.87042532823172,3000.0,250.0,0.0,0.0,-1.3058328064435372
2427,242.6999999999905,26.896914761827002,70.87018202372809,3000.0,250.0,0.0,0.0,-1.3058347286132257
2428,242.7999999999905,26.896973638243278,70.86993871897074,3000.0,250.0,0.0,0.0,-1.305836650790072
2429,242.89999999999048,26.89703251424247,70.86969541395968,3000.0,250.0,0.0,0.0,-1.3058385729741049
2430,242.99999999999048,26.897091389824574,70.86945210869487,3000.0,250.0,0.0,0.0,-1.305840495165263
2431,243.09999999999047,26.89715026498959,70.86920880317635,3000.0,250.0,0.0,0.0,-1.3058424173636036
2432,243.19999999999047,26.89720913973752,70.8689654974041,3000.0,250.0,0.0,0.0,-1.3058443395690513
2433,243.29999999999046,26.897268014068356,70.86872219137815,3000.0,250.0,0.0,0.0,-1.3058462617816955
2434,243.39999999999046,26.8973268879821,70.86847888509848,3000.0,250.0,0.0,0.0,-1.3058481840015062
2435,243.49999999999045,26.89738576147875,70.86823557856509,3000.0,250.0,0.0,0.0,-1.3058501062285106
2436,243.59999999999044,26.8974446345583,70.86799227177798,3000.0,250.0,0.0,0.0,-1.3058520284626622
2437,243.69999999999044,26.897503507220755,70.86774896473715,3000.0,250.0,0.0,0.0,-1.3058539507039904
2438,243.79999999999043,26.89756237946611,70.8675056574426,3000.0,250.0,0.0,0.0,-1.3058558729524934
2439,243.89999999999043,26.89762125129436,70.86726234989435,3000.0,250.0,0.0,0.0,-1.3058577952081865
2440,243.99999999999042,26.897680122705506,70.86701904209238,3000.0,250.0,0.0,0.0,-1.3058597174710826
2441,244.09999999999042,26.897738993699548,70.8667757340367,3000.0,250.0,0.0,0.0,-1.3058616397411513
2442,244.1999999999904,26.89779786427648,70.8665324257273,3000.0,250.0,0.0,0.0,-1.3058635620183747
2443,244.2999999999904,26.897856734436306,70.86628911716419,3000.0,250.0,0.0,0.0,-1.3058654843028137
2444,244.3999999999904,26.89791560417902,70.86604580834737,3000.0,250.0,0.0,0.0,-1.3058674065944662
2445,244.4999999999904,26.897974473504622,70.86580249927684,3000.0,250.0,0.0,0.0,-1.3058693288932708
2446,244.5999999999904,26.898033342413108,70.8655591899526,3000.0,250.0,0.0,0.0,-1.305871251199303
2447,244.69999999999038,26.89809221090448,70.86531588037467,3000.0,250.0,0.0,0.0,-1.3058731735125768
2448,244.79999999999038,26.89815107897873,70.865072570543,3000.0,250.0,0.0,0.0,-1.3058750958330145
2449,244.89999999999037,26.898209946635863,70.86482926045764,3000.0,250.0,0.0,0.0,-1.305877018160675
2450,244.99999999999037,26.898268813875873,70.86458595011858,3000.0,250.0,0.0,0.0,-1.3058789404955276
2451,245.09999999999036,26.89832768069876,70.86434263952582,3000.0,250.0,0.0,0.0,-1.3058808628376184
2452,245.19999999999035,26.898386547104522,70.86409932867934,3000.0,250.0,0.0,0.0,-1.3058827851869301
2453,245.29999999999035,26.898445413093157,70.86385601757917,3000.0,250.0,0.0,0.0,-1.3058847075434612
2454,245.39999999999034,26.898504278664664,70.86361270622528,3000.0,250.0,0.0,0.0,-1.3058866299072107
2455,245.49999999999034,26.89856314381904,70.8633693946177,3000.0,250.0,0.0,0.0,-1.3058885522781771
2456,245.59999999999033,26.898622008556284,70.86312608275642,3000.0,250.0,0.0,0.0,-1.3058904746563922
2457,245.69999999999033,26.898680872876394,70.86288277064143,3000.0,250.0,0.0,0.0,-1.3058923970418375
2458,245.79999999999032,26.89873973677937,70.86263945827275,3000.0,250.0,0.0,0.0,-1.3058943194345278
2459,245.8999999999903,26.898798600265206,70.86239614565037,3000.0,250.0,0.0,0.0,-1.3058962418344633
2460,245.9999999999903,26.898857463333904,70.86215283277429,3000.0,250.0,0.0,0.0,-1.305898164241626
2461,246.0999999999903,26.89891632598546,70.86190951964451,3000.0,250.0,0.0,0.0,-1.3059000866560628
2462,246.1999999999903,26.898975188219875,70.86166620626103,3000.0,250.0,0.0,0.0,-1.3059020090776945
2463,246.2999999999903,26.899034050037145,70.86142289262386,3000.0,250.0,0.0,0.0,-1.3059039315066285
2464,246.39999999999029,26.899092911437265,70.861179578733,3000.0,250.0,0.0,0.0,-1.3059058539428021
2465,246.49999999999028,26.89915177242024,70.86093626458845,3000.0,250.0,0.0,0.0,-1.3059077763862301
2466,246.59999999999027,26.899210632986062,70.8606929501902,3000.0,250.0,0.0,0.0,-1.305909698836927
2467,246.69999999999027,26.89926949313473,70.86044963553826,3000.0,250.0,0.0,0.0,-1.3059116212948605
2468,246.79999999999026,26.89932835286625,70.86020632063263,3000.0,250.0,0.0,0.0,-1.3059135437600926
2469,246.89999999999026,26.89938721218061,70.8599630054733,3000.0,250.0,0.0,0.0,-1.3059154662325907
2470,246.99999999999025,26.899446071077815,70.85971969006029,3000.0,250.0,0.0,0.0,-1.3059173887123696
2471,247.09999999999025,26.89950492955786,70.85947637439358,3000.0,250.0,0.0,0.0,-1.3059193111994125
2472,247.19999999999024,26.899563787620746,70.8592330584732,3000.0,250.0,0.0,0.0,-1.305921233693734
2473,247.29999999999023,26.89962264526647,70.85898974229912,3000.0,250.0,0.0,0.0,-1.3059231561953826
2474,247.39999999999023,26.899681502495024,70.85874642587135,3000.0,250.0,0.0,0.0,-1.3059250787042762
2475,247.49999999999022,26.899740359306417,70.8585031091899,3000.0,250.0,0.0,0.0,-1.3059270012204616
2476,247.59999999999022,26.89979921570064,70.85825979225476,3000.0,250.0,0.0,0.0,-1.305928923743955
2477,247.6999999999902,26.89985807167769,70.85801647506594,3000.0,250.0,0.0,0.0,-1.3059308462747385
2478,247.7999999999902,26.899916927237573,70.85777315762343,3000.0,250.0,0.0,0.0,-1.3059327688128124
2479,247.8999999999902,26.89997578238028,70.85752983992724,3000.0,250.0,0.0,0.0,-1.3059346913581902
2480,247.9999999999902,26.90003463710581,70.85728652197737,3000.0,250.0,0.0,0.0,-1.3059366139109205
2481,248.0999999999902,26.900093491414168,70.85704320377383,3000.0,250.0,0.0,0.0,-1.3059385364708902
2482,248.19999999999018,26.900152345305344,70.85679988531659,3000.0,250.0,0.0,0.0,-1.305940459038243
2483,248.29999999999018,26.90021119877934,70.85655656660568,3000.0,250.0,0.0,0.0,-1.3059423816128641
2484,248.39999999999017,26.900270051836152,70.85631324764108,3000.0,250.0,0.0,0.0,-1.3059443041947862
2485,248.49999999999017,26.90032890447578,70.85606992842281,3000.0,250.0,0.0,0.0,-1.3059462267840727
2486,248.59999999999016,26.900387756698223,70.85582660895086,3000.0,250.0,0.0,0.0,-1.3059481493806906
2487,248.69999999999015,26.900446608503476,70.85558328922524,3000.0,250.0,0.0,0.0,-1.3059500719846067
2488,248.79999999999015,26.90050545989154,70.85533996924595,3000.0,250.0,0.0,0.0,-1.3059519945958526
2489,248.89999999999014,26.900564310862414,70.85509664901298,3000.0,250.0,0.0,0.0,-1.3059539172144774
2490,248.99999999999014,26.900623161416092,70.85485332852633,3000.0,250.0,0.0,0.0,-1.305955839840414
2491,249.09999999999013,26.900682011552576,70.85461000778601,3000.0,250.0,0.0,0.0,-1.3059577624736942
2492,249.19999999999013,26.900740861271863,70.85436668679202,3000.0,250.0,0.0,0.0,-1.3059596851143174
2493,249.29999999999012,26.900799710573953,70.85412336554435,3000.0,250.0,0.0,0.0,-1.3059616077623162
2494,249.39999999999011,26.90085855945884,70.85388004404302,3000.0,250.0,0.0,0.0,-1.3059635304176564
2495,249.4999999999901,26.900917407926524,70.85363672228802,3000.0,250.0,0.0,0.0,-1.3059654530803382
2496,249.5999999999901,26.900976255977003,70.85339340027934,3000.0,250.0,0.0,0.0,-1.3059673757504089
2497,249.6999999999901,26.901035103610276,70.85315007801701,3000.0,250.0,0.0,0.0,-1.30596929842782
2498,249.7999999999901,26.901093950826343,70.852906755501,3000.0,250.0,0.0,0.0,-1.3059712211126195
2499,249.8999999999901,26.9011527976252,70.85266343273132,3000.0,250.0,0.0,0.0,-1.3059731438047568
2500,249.99999999999008,26.901211644006846,70.85242010970798,3000.0,250.0,0.0,0.0,-1.3059750665042975
2501,250.09999999999008,26.901270489971278,70.85217678643097,3000.0,250.0,0.0,0.0,-1.3059769892112087
2502,250.19999999999007,26.901329335518493,70.8519334629003,3000.0,250.0,0.0,0.0,-1.3059789119255223
2503,250.29999999999006,26.901388180648492,70.85169013911597,3000.0,250.0,0.0,0.0,-1.3059808346472048
2504,250.39999999999006,26.901447025361275,70.85144681507798,3000.0,250.0,0.0,0.0,-1.305982757376272
2505,250.49999999999005,26.901505869656834,70.85120349078632,3000.0,250.0,0.0,0.0,-1.3059846801127233
2506,250.59999999999005,26.901564713535173,70.850960166241,3000.0,250.0,0.0,0.0,-1.3059866028565745
2507,250.69999999999004,26.901623556996284,70.85071684144201,3000.0,250.0,0.0,0.0,-1.3059885256078418
2508,250.79999999999004,26.901682400040173,70.85047351638937,3000.0,250.0,0.0,0.0,-1.3059904483665077
2509,250.89999999999003,26.90174124266683,70.85023019108307,3000.0,250.0,0.0,0.0,-1.3059923711325734
2510,250.99999999999002,26.90180008487626,70.8499868655231,3000.0,250.0,0.0,0.0,-1.3059942939060365
2511,251.09999999999002,26.901858926668456,70.8497435397095,3000.0,250.0,0.0,0.0,-1.3059962166869465
2512,251.19999999999,26.901917768043422,70.84950021364222,3000.0,250.0,0.0,0.0,-1.3059981394752547
2513,251.29999999999,26.90197660900115,70.84925688732129,3000.0,250.0,0.0,0.0,-1.306000062270975
2514,251.39999999999,26.902035449541643,70.8490135607467,3000.0,250.0,0.0,0.0,-1.3060019850741258
2515,251.49999999999,26.902094289664895,70.84877023391846,3000.0,250.0,0.0,0.0,-1.3060039078847383
2516,251.59999999999,26.902153129370905,70.84852690683657,3000.0,250.0,0.0,0.0,-1.3060058307027462
2517,251.69999999998998,26.902211968659675,70.84828357950103,3000.0,250.0,0.0,0.0,-1.3060077535281829
2518,251.79999999998998,26.9022708075312,70.84804025191184,3000.0,250.0,0.0,0.0,-1.306009676361098
2519,251.89999999998997,26.90232964598548,70.84779692406899,3000.0,250.0,0.0,0.0,-1.306011599201441
2520,251.99999999998997,26.90238848402251,70.84755359597249,3000.0,250.0,0.0,0.0,-1.3060135220492433
2521,252.09999999998996,26.902447321642292,70.84731026762233,3000.0,250.0,0.0,0.0,-1.3060154449044556
2522,252.19999999998996,26.902506158844822,70.84706693901853,3000.0,250.0,0.0,0.0,-1.3060173677671616
2523,252.29999999998995,26.902564995630097,70.8468236101611,3000.0,250.0,0.0,0.0,-1.3060192906373105
2524,252.39999999998994,26.902623831998117,70.84658028105001,3000.0,250.0,0.0,0.0,-1.3060212135149536
2525,252.49999999998994,26.90268266794888,70.84633695168527,3000.0,250.0,0.0,0.0,-1.3060231364000559
2526,252.59999999998993,26.902741503482385,70.84609362206689,3000.0,250.0,0.0,0.0,-1.3060250592926166
2527,252.69999999998993,26.902800338598627,70.84585029219487,3000.0,250.0,0.0,0.0,-1.3060269821926356
2528,252.79999999998992,26.902859173297607,70.8456069620692,3000.0,250.0,0.0,0.0,-1.3060289051001817
2529,252.89999999998992,26.902918007579324,70.84536363168988,3000.0,250.0,0.0,0.0,-1.3060308280151682
2530,252.9999999999899,26.902976841443774,70.84512030105692,3000.0,250.0,0.0,0.0,-1.306032750937646
2531,253.0999999999899,26.903035674890955,70.84487697017032,3000.0,250.0,0.0,0.0,-1.306034673867616
2532,253.1999999999899,26.903094507920866,70.84463363903008,3000.0,250.0,0.0,0.0,-1.3060365968051109
2533,253.2999999999899,26.903153340533503,70.8443903076362,3000.0,250.0,0.0,0.0,-1.3060385197500803
2534,253.3999999999899,26.903212172728868,70.84414697598868,3000.0,250.0,0.0,0.0,-1.3060404427025585
2535,253.49999999998988,26.903271004506955,70.84390364408752,3000.0,250.0,0.0,0.0,-1.3060423656625264
2536,253.59999999998988,26.903329835867765,70.84366031193272,3000.0,250.0,0.0,0.0,-1.3060442886299857
2537,253.69999999998987,26.9033886668113,70.84341697952429,3000.0,250.0,0.0,0.0,-1.3060462116050213
2538,253.79999999998986,26.90344749733755,70.84317364686223,3000.0,250.0,0.0,0.0,-1.3060481345875303
2539,253.89999999998986,26.903506327446518,70.84293031394652,3000.0,250.0,0.0,0.0,-1.3060500575775642
2540,253.99999999998985,26.9035651571382,70.84268698077719,3000.0,250.0,0.0,0.0,-1.3060519805751571
2541,254.09999999998985,26.903623986412594,70.84244364735422,3000.0,250.0,0.0,0.0,-1.3060539035802747
2542,254.19999999998984,26.9036828152697,70.84220031367761,3000.0,250.0,0.0,0.0,-1.306055826592882
2543,254.29999999998984,26.903741643709516,70.84195697974737,3000.0,250.0,0.0,0.0,-1.3060577496130483
2544,254.39999999998983,26.90380047173204,70.8417136455635,3000.0,250.0,0.0,0.0,-1.3060596726407734
2545,254.49999999998983,26.90385929933727,70.841470311126,3000.0,250.0,0.0,0.0,-1.3060615956760584
2546,254.59999999998982,26.903918126525205,70.84122697643487,3000.0,250.0,0.0,0.0,-1.3060635187188676
2547,254.6999999999898,26.903976953295842,70.84098364149011,3000.0,250.0,0.0,0.0,-1.3060654417692352
2548,254.7999999999898,26.904035779649178,70.84074030629172,3000.0,250.0,0.0,0.0,-1.306067364827163
2549,254.8999999999898,26.90409460558521,70.84049697083971,3000.0,250.0,0.0,0.0,-1.3060692878926843
2550,254.9999999999898,26.904153431103943,70.84025363513406,3000.0,250.0,0.0,0.0,-1.3060712109657655
2551,255.0999999999898,26.90421225620537,70.84001029917479,3000.0,250.0,0.0,0.0,-1.3060731340463705
2552,255.19999999998979,26.904271080889487,70.8397669629619,3000.0,250.0,0.0,0.0,-1.3060750571346227
2553,255.29999999998978,26.904329905156295,70.83952362649539,3000.0,250.0,0.0,0.0,-1.3060769802304353
2554,255.39999999998977,26.904388729005795,70.83928028977525,3000.0,250.0,0.0,0.0,-1.3060789033338078
2555,255.49999999998977,26.904447552437983,70.83903695280148,3000.0,250.0,0.0,0.0,-1.3060808264447918
2556,255.59999999998976,26.904506375452854,70.83879361557409,3000.0,250.0,0.0,0.0,-1.3060827495633536
2557,255.69999999998976,26.90456519805041,70.83855027809308,3000.0,250.0,0.0,0.0,-1.306084672689546
2558,255.79999999998975,26.904624020230646,70.83830694035845,3000.0,250.0,0.0,0.0,-1.306086595823352
2559,255.89999999998975,26.904682841993562,70.8380636023702,3000.0,250.0,0.0,0.0,-1.3060885189647184
2560,255.99999999998974,26.904741663339156,70.83782026412833,3000.0,250.0,0.0,0.0,-1.306090442113716
2561,256.09999999998973,26.904800484267426,70.83757692563285,3000.0,250.0,0.0,0.0,-1.306092365270292
2562,256.19999999998976,26.90485930477837,70.83733358688374,3000.0,250.0,0.0,0.0,-1.3060942884345543
2563,256.2999999999898,26.904918124871987,70.83709024788102,3000.0,250.0,0.0,0.0,-1.3060962116064307
2564,256.3999999999898,26.904976944548274,70.8368469086247,3000.0,250.0,0.0,0.0,-1.3060981347858862
2565,256.4999999999898,26.905035763807227,70.83660356911474,3000.0,250.0,0.0,0.0,-1.306100057973029
2566,256.59999999998985,26.90509458264885,70.83636022935117,3000.0,250.0,0.0,0.0,-1.3061019811677865
2567,256.69999999998987,26.905153401073136,70.836116889334,3000.0,250.0,0.0,0.0,-1.3061039043702307
2568,256.7999999999899,26.905212219080084,70.83587354906321,3000.0,250.0,0.0,0.0,-1.3061058275802562
2569,256.8999999999899,26.905271036669696,70.8356302085388,3000.0,250.0,0.0,0.0,-1.3061077507979524
2570,256.99999999998994,26.905329853841966,70.83538686776079,3000.0,250.0,0.0,0.0,-1.3061096740233185
2571,257.09999999998996,26.905388670596892,70.83514352672917,3000.0,250.0,0.0,0.0,-1.3061115972563737
2572,257.19999999999,26.905447486934474,70.83490018544393,3000.0,250.0,0.0,0.0,-1.3061135204970653
2573,257.29999999999,26.905506302854707,70.83465684390508,3000.0,250.0,0.0,0.0,-1.3061154437454279
2574,257.39999999999003,26.905565118357593,70.83441350211262,3000.0,250.0,0.0,0.0,-1.3061173670014272
2575,257.49999999999005,26.90562393344313,70.83417016006656,3000.0,250.0,0.0,0.0,-1.306119290265172
2576,257.5999999999901,26.905682748111314,70.8339268177669,3000.0,250.0,0.0,0.0,-1.3061212135365723
2577,257.6999999999901,26.905741562362145,70.83368347521362,3000.0,250.0,0.0,0.0,-1.306123136815683
2578,257.7999999999901,26.905800376195618,70.83344013240674,3000.0,250.0,0.0,0.0,-1.306125060102468
2579,257.89999999999014,26.905859189611736,70.83319678934626,3000.0,250.0,0.0,0.0,-1.3061269833969467
2580,257.99999999999017,26.90591800261049,70.83295344603218,3000.0,250.0,0.0,0.0,-1.3061289066991568
2581,258.0999999999902,26.905976815191885,70.83271010246449,3000.0,250.0,0.0,0.0,-1.306130830009061
2582,258.1999999999902,26.906035627355916,70.83246675864319,3000.0,250.0,0.0,0.0,-1.3061327533266605
2583,258.29999999999023,26.90609443910258,70.8322234145683,3000.0,250.0,0.0,0.0,-1.3061346766519917
2584,258.39999999999026,26.90615325043188,70.83198007023981,3000.0,250.0,0.0,0.0,-1.3061365999850385
2585,258.4999999999903,26.906212061343812,70.83173672565772,3000.0,250.0,0.0,0.0,-1.3061385233258367
2586,258.5999999999903,26.90627087183837,70.83149338082202,3000.0,250.0,0.0,0.0,-1.306140446674352
2587,258.6999999999903,26.906329681915555,70.83125003573274,3000.0,250.0,0.0,0.0,-1.3061423700306385
2588,258.79999999999035,26.906388491575363,70.83100669038986,3000.0,250.0,0.0,0.0,-1.3061442933946066
2589,258.89999999999037,26.906447300817796,70.83076334479337,3000.0,250.0,0.0,0.0,-1.306146216766367
2590,258.9999999999904,26.90650610964285,70.83051999894329,3000.0,250.0,0.0,0.0,-1.3061481401458277
2591,259.0999999999904,26.906564918050528,70.83027665283961,3000.0,250.0,0.0,0.0,-1.306150063533119
2592,259.19999999999044,26.90662372604082,70.83003330648235,3000.0,250.0,0.0,0.0,-1.3061519869281497
2593,259.29999999999046,26.90668253361373,70.82978995987149,3000.0,250.0,0.0,0.0,-1.3061539103309394
2594,259.3999999999905,26.90674134076925,70.82954661300704,3000.0,250.0,0.0,0.0,-1.3061558337415258
2595,259.4999999999905,26.906800147507383,70.829303265889,3000.0,250.0,0.0,0.0,-1.3061577571598912
2596,259.59999999999053,26.906858953828124,70.82905991851736,3000.0,250.0,0.0,0.0,-1.306159680586018
2597,259.69999999999055,26.906917759731474,70.82881657089213,3000.0,250.0,0.0,0.0,-1.3061616040199255
2598,259.7999999999906,26.90697656521743,70.82857322301331,3000.0,250.0,0.0,0.0,-1.3061635274616332
2599,259.8999999999906,26.907035370285993,70.82832987488091,3000.0,250.0,0.0,0.0,-1.3061654509111236
2600,259.9999999999906,26.907094174937157,70.82808652649491,3000.0,250.0,0.0,0.0,-1.3061673743684734
2601,260.09999999999064,26.90715297917092,70.82784317785533,3000.0,250.0,0.0,0.0,-1.306169297833589
2602,260.19999999999067,26.907211782987282,70.82759982896216,3000.0,250.0,0.0,0.0,-1.3061712213065275
2603,260.2999999999907,26.90727058638624,70.8273564798154,3000.0,250.0,0.0,0.0,-1.3061731447872913
2604,260.3999999999907,26.907329389367792,70.82711313041507,3000.0,250.0,0.0,0.0,-1.3061750682758613
2605,260.49999999999073,26.907388191931936,70.82686978076114,3000.0,250.0,0.0,0.0,-1.3061769917722772
2606,260.59999999999076,26.907446994078672,70.82662643085364,3000.0,250.0,0.0,0.0,-1.3061789152765393
2607,260.6999999999908,26.907505795807996,70.82638308069255,3000.0,250.0,0.0,0.0,-1.306180838788612
2608,260.7999999999908,26.907564597119908,70.82613973027787,3000.0,250.0,0.0,0.0,-1.3061827623085531
2609,260.8999999999908,26.907623398014405,70.82589637960962,3000.0,250.0,0.0,0.0,-1.3061846858363437
2610,260.99999999999085,26.907682198491486,70.82565302868778,3000.0,250.0,0.0,0.0,-1.3061866093719672
2611,261.09999999999087,26.907740998551148,70.82540967751237,3000.0,250.0,0.0,0.0,-1.306188532915463
2612,261.1999999999909,26.907799798193388,70.82516632608338,3000.0,250.0,0.0,0.0,-1.3061904564668507
2613,261.2999999999909,26.907858597418205,70.8249229744008,3000.0,250.0,0.0,0.0,-1.3061923800261133
2614,261.39999999999094,26.9079173962256,70.82467962246466,3000.0,250.0,0.0,0.0,-1.3061943035932138
2615,261.49999999999096,26.907976194615564,70.82443627027493,3000.0,250.0,0.0,0.0,-1.3061962271682293
2616,261.599999999991,26.908034992588103,70.82419291783162,3000.0,250.0,0.0,0.0,-1.3061981507511236
2617,261.699999999991,26.908093790143212,70.82394956513474,3000.0,250.0,0.0,0.0,-1.3062000743419355
2618,261.79999999999103,26.908152587280888,70.82370621218429,3000.0,250.0,0.0,0.0,-1.306201997940629
2619,261.89999999999105,26.90821138400113,70.82346285898026,3000.0,250.0,0.0,0.0,-1.3062039215472256
2620,261.9999999999911,26.908270180303937,70.82321950552266,3000.0,250.0,0.0,0.0,-1.3062058451617637
2621,262.0999999999911,26.908328976189303,70.82297615181149,3000.0,250.0,0.0,0.0,-1.3062077687841873
2622,262.1999999999911,26.908387771657228,70.82273279784674,3000.0,250.0,0.0,0.0,-1.3062096924145377
2623,262.29999999999114,26.908446566707713,70.82248944362843,3000.0,250.0,0.0,0.0,-1.306211616052815
2624,262.39999999999117,26.908505361340755,70.82224608915655,3000.0,250.0,0.0,0.0,-1.3062135396990606
2625,262.4999999999912,26.90856415555635,70.8220027344311,3000.0,250.0,0.0,0.0,-1.3062154633532184
2626,262.5999999999912,26.908622949354495,70.82175937945208,3000.0,250.0,0.0,0.0,-1.3062173870153269
2627,262.69999999999123,26.90868174273519,70.82151602421949,3000.0,250.0,0.0,0.0,-1.30621931068537
2628,262.79999999999126,26.908740535698435,70.82127266873333,3000.0,250.0,0.0,0.0,-1.306221234363388
2629,262.8999999999913,26.908799328244225,70.8210293129936,3000.0,250.0,0.0,0.0,-1.3062231580493617
2630,262.9999999999913,26.90885812037256,70.82078595700031,3000.0,250.0,0.0,0.0,-1.3062250817433334
2631,263.0999999999913,26.908916912083438,70.82054260075346,3000.0,250.0,0.0,0.0,-1.3062270054452463
2632,263.19999999999135,26.908975703376857,70.82029924425304,3000.0,250.0,0.0,0.0,-1.3062289291551603
2633,263.29999999999137,26.909034494252815,70.82005588749905,3000.0,250.0,0.0,0.0,-1.3062308528730386
2634,263.3999999999914,26.909093284711307,70.8198125304915,3000.0,250.0,0.0,0.0,-1.306232776598961
2635,263.4999999999914,26.909152074752335,70.8195691732304,3000.0,250.0,0.0,0.0,-1.306234700332812
2636,263.59999999999144,26.909210864375897,70.81932581571574,3000.0,250.0,0.0,0.0,-1.3062366240747123
2637,263.69999999999146,26.90926965358199,70.81908245794752,3000.0,250.0,0.0,0.0,-1.3062385478246235
2638,263.7999999999915,26.90932844237061,70.81883909992574,3000.0,250.0,0.0,0.0,-1.306240471582547
2639,263.8999999999915,26.90938723074176,70.8185957416504,3000.0,250.0,0.0,0.0,-1.3062423953485456
2640,263.99999999999153,26.909446018695434,70.81835238312149,3000.0,250.0,0.0,0.0,-1.3062443191225215
2641,264.09999999999155,26.909504806231627,70.81810902433904,3000.0,250.0,0.0,0.0,-1.3062462429045554
2642,264.1999999999916,26.90956359335034,70.81786566530302,3000.0,250.0,0.0,0.0,-1.306248166694611
2643,264.2999999999916,26.909622380051577,70.81762230601345,3000.0,250.0,0.0,0.0,-1.3062500904927092
2644,264.3999999999916,26.90968116633533,70.81737894647033,3000.0,250.0,0.0,0.0,-1.3062520142988534
2645,264.49999999999164,26.909739952201594,70.81713558667364,3000.0,250.0,0.0,0.0,-1.3062539381130853
2646,264.59999999999167,26.909798737650373,70.81689222662341,3000.0,250.0,0.0,0.0,-1.3062558619353657
2647,264.6999999999917,26.909857522681666,70.81664886631962,3000.0,250.0,0.0,0.0,-1.3062577857657385
2648,264.7999999999917,26.909916307295465,70.81640550576229,3000.0,250.0,0.0,0.0,-1.3062597096042057
2649,264.89999999999173,26.90997509149177,70.8161621449514,3000.0,250.0,0.0,0.0,-1.3062616334507298
2650,264.99999999999176,26.91003387527058,70.81591878388697,3000.0,250.0,0.0,0.0,-1.3062635573053727
2651,265.0999999999918,26.910092658631896,70.81567542256899,3000.0,250.0,0.0,0.0,-1.3062654811680772
2652,265.1999999999918,26.910151441575714,70.81543206099745,3000.0,250.0,0.0,0.0,-1.3062674050389251
2653,265.2999999999918,26.91021022410203,70.81518869917237,3000.0,250.0,0.0,0.0,-1.3062693289178595
2654,265.39999999999185,26.910269006210843,70.81494533709373,3000.0,250.0,0.0,0.0,-1.3062712528049425
2655,265.49999999999187,26.91032778790215,70.81470197476155,3000.0,250.0,0.0,0.0,-1.3062731767001363
2656,265.5999999999919,26.91038656917595,70.81445861217583,3000.0,250.0,0.0,0.0,-1.3062751006034434
2657,265.6999999999919,26.910445350032244,70.81421524933656,3000.0,250.0,0.0,0.0,-1.3062770245148885
2658,265.79999999999194,26.910504130471026,70.81397188624373,3000.0,250.0,0.0,0.0,-1.3062789484345123
2659,265.89999999999196,26.910562910492295,70.81372852289738,3000.0,250.0,0.0,0.0,-1.3062808723622774
2660,265.999999999992,26.91062169009605,70.81348515929747,3000.0,250.0,0.0,0.0,-1.3062827962981676
2661,266.099999999992,26.910680469282287,70.81324179544403,3000.0,250.0,0.0,0.0,-1.3062847202422854
2662,266.19999999999203,26.910739248051005,70.81299843133705,3000.0,250.0,0.0,0.0,-1.306286644194493
2663,266.29999999999205,26.910798026402205,70.81275506697652,3000.0,250.0,0.0,0.0,-1.3062885681549554
2664,266.3999999999921,26.910856804335882,70.81251170236246,3000.0,250.0,0.0,0.0,-1.306290492123552
2665,266.4999999999921,26.910915581852034,70.81226833749486,3000.0,250.0,0.0,0.0,-1.3062924161003893
2666,266.5999999999921,26.91097435895066,70.8120249723737,3000.0,250.0,0.0,0.0,-1.306294340085429
2667,266.69999999999214,26.911033135631758,70.81178160699902,3000.0,250.0,0.0,0.0,-1.3062962640786313
2668,266.79999999999217,26.911091911895323,70.8115382413708,3000.0,250.0,0.0,0.0,-1.3062981880800213
2669,266.8999999999922,26.911150687741355,70.81129487548904,3000.0,250.0,0.0,0.0,-1.3063001120897253
2670,266.9999999999922,26.911209463169854,70.81105150935375,3000.0,250.0,0.0,0.0,-1.3063020361075817
2671,267.09999999999224,26.911268238180817,70.81080814296492,3000.0,250.0,0.0,0.0,-1.3063039601336754
2672,267.19999999999226,26.91132701277424,70.81056477632255,3000.0,250.0,0.0,0.0,-1.306305884168072
2673,267.2999999999923,26.911385786950124,70.81032140942666,3000.0,250.0,0.0,0.0,-1.306307808210671
2674,267.3999999999923,26.911444560708464,70.81007804227724,3000.0,250.0,0.0,0.0,-1.3063097322615391
2675,267.4999999999923,26.911503334049257,70.80983467487428,3000.0,250.0,0.0,0.0,-1.306311656320699
2676,267.59999999999235,26.911562106972507,70.80959130721779,3000.0,250.0,0.0,0.0,-1.3063135803880288
2677,267.6999999999924,26.911620879478207,70.80934793930777,3000.0,250.0,0.0,0.0,-1.306315504463719
2678,267.7999999999924,26.911679651566356,70.80910457114422,3000.0,250.0,0.0,0.0,-1.3063174285476908
2679,267.8999999999924,26.91173842323695,70.80886120272714,3000.0,250.0,0.0,0.0,-1.306319352639926
2680,267.99999999999244,26.911797194489992,70.80861783405653,3000.0,250.0,0.0,0.0,-1.3063212767404704
2681,268.09999999999246,26.911855965325476,70.8083744651324,3000.0,250.0,0.0,0.0,-1.3063232008493053
2682,268.1999999999925,26.9119147357434,70.80813109595475,3000.0,250.0,0.0,0.0,-1.3063251249664984
2683,268.2999999999925,26.911973505743767,70.80788772652356,3000.0,250.0,0.0,0.0,-1.3063270490919903
2684,268.39999999999253,26.91203227532657,70.80764435683885,3000.0,250.0,0.0,0.0,-1.306328973225825
2685,268.49999999999255,26.912091044491806,70.80740098690062,3000.0,250.0,0.0,0.0,-1.3063308973679655
2686,268.5999999999926,26.912149813239477,70.80715761670886,3000.0,250.0,0.0,0.0,-1.3063328215184573
2687,268.6999999999926,26.91220858156958,70.80691424626359,3000.0,250.0,0.0,0.0,-1.3063347456773466
2688,268.7999999999926,26.91226734948211,70.80667087556478,3000.0,250.0,0.0,0.0,-1.3063366698445946
2689,268.89999999999264,26.912326116977066,70.80642750461244,3000.0,250.0,0.0,0.0,-1.3063385940201824
2690,268.99999999999267,26.91238488405445,70.8061841334066,3000.0,250.0,0.0,0.0,-1.3063405182040937
2691,269.0999999999927,26.912443650714255,70.80594076194724,3000.0,250.0,0.0,0.0,-1.3063424423963979
2692,269.1999999999927,26.91250241695648,70.80569739023436,3000.0,250.0,0.0,0.0,-1.3063443665971395
2693,269.29999999999274,26.912561182781126,70.80545401826795,3000.0,250.0,0.0,0.0,-1.3063462908063228
2694,269.39999999999276,26.912619948188187,70.80521064604802,3000.0,250.0,0.0,0.0,-1.3063482150238235
2695,269.4999999999928,26.912678713177662,70.80496727357459,3000.0,250.0,0.0,0.0,-1.306350139249752
2696,269.5999999999928,26.912737477749552,70.80472390084763,3000.0,250.0,0.0,0.0,-1.3063520634841146
2697,269.6999999999928,26.912796241903852,70.80448052786716,3000.0,250.0,0.0,0.0,-1.3063539877269132
2698,269.79999999999285,26.912855005640562,70.80423715463317,3000.0,250.0,0.0,0.0,-1.3063559119781523
2699,269.8999999999929,26.912913768959676,70.80399378114566,3000.0,250.0,0.0,0.0,-1.3063578362378803
2700,269.9999999999929,26.912972531861197,70.80375040740465,3000.0,250.0,0.0,0.0,-1.3063597605059705
2701,270.0999999999929,26.913031294345117,70.80350703341013,3000.0,250.0,0.0,0.0,-1.3063616847825368
2702,270.19999999999294,26.91309005641144,70.80326365916208,3000.0,250.0,0.0,0.0,-1.3063636090676483
2703,270.29999999999296,26.91314881806016,70.80302028466053,3000.0,250.0,0.0,0.0,-1.3063655333611777
2704,270.399999999993,26.913207579291278,70.80277690990548,3000.0,250.0,0.0,0.0,-1.3063674576632176
2705,270.499999999993,26.91326634010479,70.80253353489691,3000.0,250.0,0.0,0.0,-1.306369381973751
2706,270.59999999999303,26.913325100500696,70.80229015963482,3000.0,250.0,0.0,0.0,-1.3063713062927604
2707,270.69999999999305,26.91338386047899,70.80204678411923,3000.0,250.0,0.0,0.0,-1.306373230620336
2708,270.7999999999931,26.91344262003967,70.80180340835012,3000.0,250.0,0.0,0.0,-1.3063751549563745
2709,270.8999999999931,26.91350137918274,70.80156003232752,3000.0,250.0,0.0,0.0,-1.3063770793009462
2710,270.9999999999931,26.913560137908192,70.8013166560514,3000.0,250.0,0.0,0.0,-1.3063790036540557
2711,271.09999999999314,26.913618896216025,70.80107327952177,3000.0,250.0,0.0,0.0,-1.3063809280157295
2712,271.19999999999317,26.913677654106237,70.80082990273866,3000.0,250.0,0.0,0.0,-1.3063828523859506
2713,271.2999999999932,26.913736411578828,70.80058652570203,3000.0,250.0,0.0,0.0,-1.3063847767646812
2714,271.3999999999932,26.913795168633794,70.8003431484119,3000.0,250.0,0.0,0.0,-1.3063867011520789
2715,271.49999999999324,26.913853925271134,70.80009977086826,3000.0,250.0,0.0,0.0,-1.3063886255479942
2716,271.59999999999326,26.913912681490846,70.79985639307112,3000.0,250.0,0.0,0.0,-1.306390549952498
2717,271.6999999999933,26.913971437292926,70.79961301502048,3000.0,250.0,0.0,0.0,-1.3063924743656414
2718,271.7999999999933,26.914030192677373,70.79936963671635,3000.0,250.0,0.0,0.0,-1.3063943987873168
2719,271.8999999999933,26.914088947644185,70.79912625815871,3000.0,250.0,0.0,0.0,-1.3063963232176419
2720,271.99999999999335,26.91414770219336,70.79888287934757,3000.0,250.0,0.0,0.0,-1.3063982476565983
2721,272.0999999999934,26.914206456324898,70.79863950028293,3000.0,250.0,0.0,0.0,-1.306400172104237
2722,272.1999999999934,26.914265210038796,70.7983961209648,3000.0,250.0,0.0,0.0,-1.3064020965604057
2723,272.2999999999934,26.91432396333505,70.79815274139317,3000.0,250.0,0.0,0.0,-1.3064040210252896
2724,272.39999999999344,26.91438271621366,70.79790936156805,3000.0,250.0,0.0,0.0,-1.3064059454988501
2725,272.49999999999346,26.91444146867462,70.79766598148943,3000.0,250.0,0.0,0.0,-1.3064078699811146
2726,272.5999999999935,26.914500220717933,70.79742260115731,3000.0,250.0,0.0,0.0,-1.3064097944720212
2727,272.6999999999935,26.914558972343592,70.79717922057169,3000.0,250.0,0.0,0.0,-1.3064117189715738
2728,272.79999999999353,26.914617723551597,70.79693583973258,3000.0,250.0,0.0,0.0,-1.306413643479847
2729,272.89999999999355,26.91467647434195,70.79669245863998,3000.0,250.0,0.0,0.0,-1.3064155679967786
2730,272.9999999999936,26.91473522471464,70.79644907729389,3000.0,250.0,0.0,0.0,-1.3064174925224423
2731,273.0999999999936,26.91479397466967,70.79620569569431,3000.0,250.0,0.0,0.0,-1.306419417056889
2732,273.1999999999936,26.91485272420704,70.79596231384124,3000.0,250.0,0.0,0.0,-1.3064213416000356
2733,273.29999999999364,26.914911473326747,70.79571893173468,3000.0,250.0,0.0,0.0,-1.3064232661519548
2734,273.39999999999367,26.914970222028785,70.79547554937463,3000.0,250.0,0.0,0.0,-1.3064251907125835
2735,273.4999999999937,26.915028970313156,70.7952321667611,3000.0,250.0,0.0,0.0,-1.3064271152819733
2736,273.5999999999937,26.915087718179855,70.79498878389407,3000.0,250.0,0.0,0.0,-1.306429039860155
2737,273.69999999999374,26.915146465628883,70.79474540077355,3000.0,250.0,0.0,0.0,-1.306430964447133
2738,273.79999999999376,26.915205212660236,70.79450201739955,3000.0,250.0,0.0,0.0,-1.3064328890428674
2739,273.8999999999938,26.91526395927391,70.79425863377206,3000.0,250.0,0.0,0.0,-1.3064348136473891
2740,273.9999999999938,26.915322705469908,70.79401524989109,3000.0,250.0,0.0,0.0,-1.3064367382607716
2741,274.0999999999938,26.915381451248223,70.79377186575664,3000.0,250.0,0.0,0.0,-1.306438662882931
2742,274.19999999999385,26.915440196608856,70.7935284813687,3000.0,250.0,0.0,0.0,-1.3064405875139655
2743,274.2999999999939,26.915498941551803,70.79328509672727,3000.0,250.0,0.0,0.0,-1.3064425121538108
2744,274.3999999999939,26.91555768607706,70.79304171183237,3000.0,250.0,0.0,0.0,-1.3064444368025216
2745,274.4999999999939,26.91561643018463,70.792798326684,3000.0,250.0,0.0,0.0,-1.3064463614600577
2746,274.59999999999394,26.915675173874508,70.79255494128212,3000.0,250.0,0.0,0.0,-1.3064482861264954
2747,274.69999999999396,26.915733917146692,70.79231155562677,3000.0,250.0,0.0,0.0,-1.3064502108018397
2748,274.799999999994,26.91579266000118,70.79206816971794,3000.0,250.0,0.0,0.0,-1.3064521354860528
2749,274.899999999994,26.91585140243797,70.79182478355563,3000.0,250.0,0.0,0.0,-1.3064540601791177
2750,274.99999999999403,26.915910144457058,70.79158139713984,3000.0,250.0,0.0,0.0,-1.3064559848811583
2751,275.09999999999405,26.915968886058444,70.79133801047057,3000.0,250.0,0.0,0.0,-1.3064579095920879
2752,275.1999999999941,26.916027627242123,70.79109462354783,3000.0,250.0,0.0,0.0,-1.3064598343119367
2753,275.2999999999941,26.916086368008095,70.79085123637162,3000.0,250.0,0.0,0.0,-1.306461759040761
2754,275.3999999999941,26.91614510835636,70.79060784894193,3000.0,250.0,0.0,0.0,-1.306463683778495
2755,275.49999999999415,26.916203848286912,70.79036446125876,3000.0,250.0,0.0,0.0,-1.3064656085252406
2756,275.59999999999417,26.916262587799753,70.79012107332213,3000.0,250.0,0.0,0.0,-1.3064675332809106
2757,275.6999999999942,26.916321326894877,70.78987768513201,3000.0,250.0,0.0,0.0,-1.3064694580456082
2758,275.7999999999942,26.916380065572284,70.78963429668843,3000.0,250.0,0.0,0.0,-1.3064713828193397
2759,275.89999999999424,26.91643880383197,70.78939090799138,3000.0,250.0,0.0,0.0,-1.3064733076020194
2760,275.99999999999426,26.916497541673934,70.78914751904085,3000.0,250.0,0.0,0.0,-1.3064752323937001
2761,276.0999999999943,26.916556279098174,70.78890412983685,3000.0,250.0,0.0,0.0,-1.306477157194463
2762,276.1999999999943,26.916615016104686,70.78866074037938,3000.0,250.0,0.0,0.0,-1.306479082004194
2763,276.2999999999943,26.91667375269347,70.78841735066845,3000.0,250.0,0.0,0.0,-1.306481006823047
2764,276.39999999999435,26.916732488864522,70.78817396070404,3000.0,250.0,0.0,0.0,-1.3064829316509097
2765,276.4999999999944,26.916791224617842,70.78793057048617,3000.0,250.0,0.0,0.0,-1.306484856487836
2766,276.5999999999944,26.916849959953428,70.78768718001483,3000.0,250.0,0.0,0.0,-1.3064867813338836
2767,276.6999999999944,26.916908694871275,70.78744378929002,3000.0,250.0,0.0,0.0,-1.3064887061890371
2768,276.79999999999444,26.916967429371383,70.78720039831175,3000.0,250.0,0.0,0.0,-1.30649063105328
2769,276.89999999999446,26.917026163453748,70.78695700708002,3000.0,250.0,0.0,0.0,-1.3064925559266933
2770,276.9999999999945,26.91708489711837,70.78671361559482,3000.0,250.0,0.0,0.0,-1.3064944808091155
2771,277.0999999999945,26.91714363036525,70.78647022385616,3000.0,250.0,0.0,0.0,-1.3064964057007975
2772,277.19999999999453,26.917202363194377,70.78622683186403,3000.0,250.0,0.0,0.0,-1.3064983306016267
2773,277.29999999999455,26.917261095605756,70.78598343961843,3000.0,250.0,0.0,0.0,-1.3065002555115381
2774,277.3999999999946,26.917319827599382,70.78574004711938,3000.0,250.0,0.0,0.0,-1.3065021804307109
2775,277.4999999999946,26.91737855917525,70.78549665436687,3000.0,250.0,0.0,0.0,-1.306504105358983
2776,277.5999999999946,26.917437290333364,70.7852532613609,3000.0,250.0,0.0,0.0,-1.3065060302965361
2777,277.69999999999465,26.917496021073717,70.78500986810145,3000.0,250.0,0.0,0.0,-1.3065079552432548
2778,277.79999999999467,26.917554751396306,70.78476647458857,3000.0,250.0,0.0,0.0,-1.3065098801991966
2779,277.8999999999947,26.91761348130113,70.78452308082221,3000.0,250.0,0.0,0.0,-1.306511805164373
2780,277.9999999999947,26.917672210788194,70.7842796868024,3000.0,250.0,0.0,0.0,-1.3065137301387904
2781,278.09999999999474,26.917730939857485,70.78403629252914,3000.0,250.0,0.0,0.0,-1.3065156551224602
2782,278.19999999999476,26.917789668509005,70.78379289800242,3000.0,250.0,0.0,0.0,-1.3065175801154392
2783,278.2999999999948,26.917848396742755,70.78354950322225,3000.0,250.0,0.0,0.0,-1.306519505117689
2784,278.3999999999948,26.917907124558727,70.78330610818861,3000.0,250.0,0.0,0.0,-1.3065214301292936
2785,278.4999999999948,26.917965851956925,70.78306271290153,3000.0,250.0,0.0,0.0,-1.3065233551500863
2786,278.59999999999485,26.91802457893734,70.78281931736099,3000.0,250.0,0.0,0.0,-1.306525280180278
2787,278.6999999999949,26.918083305499977,70.782575921567,3000.0,250.0,0.0,0.0,-1.3065272052197783
2788,278.7999999999949,26.918142031644827,70.78233252551956,3000.0,250.0,0.0,0.0,-1.306529130268647
2789,278.8999999999949,26.918200757371892,70.78208912921868,3000.0,250.0,0.0,0.0,-1.3065310553268437
2790,278.99999999999494,26.91825948268117,70.78184573266434,3000.0,250.0,0.0,0.0,-1.3065329803945043
2791,279.09999999999496,26.918318207572653,70.78160233585655,3000.0,250.0,0.0,0.0,-1.3065349054714623
2792,279.199999999995,26.918376932046346,70.78135893879531,3000.0,250.0,0.0,0.0,-1.3065368305578287
2793,279.299999999995,26.918435656102243,70.78111554148062,3000.0,250.0,0.0,0.0,-1.3065387556536385
2794,279.39999999999503,26.91849437974034,70.78087214391248,3000.0,250.0,0.0,0.0,-1.3065406807588522
2795,279.49999999999505,26.91855310296064,70.78062874609088,3000.0,250.0,0.0,0.0,-1.30654260587353
2796,279.5999999999951,26.918611825763136,70.78038534801584,3000.0,250.0,0.0,0.0,-1.306544530997607
2797,279.6999999999951,26.91867054814783,70.78014194968736,3000.0,250.0,0.0,0.0,-1.306546456131118
2798,279.7999999999951,26.918729270114717,70.77989855110543,3000.0,250.0,0.0,0.0,-1.3065483812742038
2799,279.89999999999515,26.918787991663795,70.77965515227005,3000.0,250.0,0.0,0.0,-1.3065503064267712
2800,279.99999999999517,26.918846712795062,70.77941175318124,3000.0,250.0,0.0,0.0,-1.3065522315887281
2801,280.0999999999952,26.918905433508513,70.77916835383897,3000.0,250.0,0.0,0.0,-1.3065541567603438
2802,280.1999999999952,26.91896415380415,70.77892495424327,3000.0,250.0,0.0,0.0,-1.3065560819414224
2803,280.29999999999524,26.919022873681968,70.77868155439413,3000.0,250.0,0.0,0.0,-1.3065580071320277
2804,280.39999999999526,26.919081593141964,70.77843815429154,3000.0,250.0,0.0,0.0,-1.306559932332223
2805,280.4999999999953,26.91914031218414,70.77819475393551,3000.0,250.0,0.0,0.0,-1.3065618575419657
2806,280.5999999999953,26.919199030808493,70.77795135332605,3000.0,250.0,0.0,0.0,-1.3065637827612433
2807,280.6999999999953,26.919257749015017,70.77770795246313,3000.0,250.0,0.0,0.0,-1.3065657079903006
2808,280.79999999999535,26.91931646680371,70.77746455134678,3000.0,250.0,0.0,0.0,-1.3065676332288358
2809,280.8999999999954,26.919375184174573,70.777221149977,3000.0,250.0,0.0,0.0,-1.3065695584770187
2810,280.9999999999954,26.9194339011276,70.77697774835377,3000.0,250.0,0.0,0.0,-1.306571483734861
2811,281.0999999999954,26.91949261766279,70.77673434647711,3000.0,250.0,0.0,0.0,-1.3065734090023746
2812,281.19999999999544,26.91955133378014,70.77649094434702,3000.0,250.0,0.0,0.0,-1.306575334279519
2813,281.29999999999546,26.91961004947965,70.77624754196349,3000.0,250.0,0.0,0.0,-1.306577259566359
2814,281.3999999999955,26.91966876476132,70.77600413932652,3000.0,250.0,0.0,0.0,-1.3065791848629331
2815,281.4999999999955,26.91972747962514,70.77576073643611,3000.0,250.0,0.0,0.0,-1.3065811101691747
2816,281.59999999999553,26.919786194071115,70.77551733329227,3000.0,250.0,0.0,0.0,-1.306583035485175
2817,281.69999999999555,26.91984490809924,70.77527392989501,3000.0,250.0,0.0,0.0,-1.3065849608109206
2818,281.7999999999956,26.91990362170951,70.77503052624431,3000.0,250.0,0.0,0.0,-1.3065868861464527
2819,281.8999999999956,26.919962334901925,70.77478712234017,3000.0,250.0,0.0,0.0,-1.3065888114917286
2820,281.9999999999956,26.92002104767648,70.77454371818261,3000.0,250.0,0.0,0.0,-1.3065907368468412
2821,282.09999999999565,26.92007976003318,70.77430031377162,3000.0,250.0,0.0,0.0,-1.3065926622116992
2822,282.19999999999567,26.920138471972013,70.77405690910719,3000.0,250.0,0.0,0.0,-1.3065945875863934
2823,282.2999999999957,26.920197183492984,70.77381350418933,3000.0,250.0,0.0,0.0,-1.3065965129709103
2824,282.3999999999957,26.92025589459609,70.77357009901804,3000.0,250.0,0.0,0.0,-1.3065984383653189
2825,282.49999999999574,26.920314605281323,70.77332669359333,3000.0,250.0,0.0,0.0,-1.3066003637695771
2826,282.59999999999576,26.920373315548687,70.7730832879152,3000.0,250.0,0.0,0.0,-1.3066022891837006
2827,282.6999999999958,26.920432025398178,70.77283988198363,3000.0,250.0,0.0,0.0,-1.3066042146078107
2828,282.7999999999958,26.92049073482979,70.77259647579864,3000.0,250.0,0.0,0.0,-1.3066061400417304
2829,282.8999999999958,26.920549443843527,70.77235306936022,3000.0,250.0,0.0,0.0,-1.3066080654855836
2830,282.99999999999585,26.92060815243938,70.77210966266838,3000.0,250.0,0.0,0.0,-1.3066099909395201
2831,283.0999999999959,26.920666860617352,70.77186625572311,3000.0,250.0,0.0,0.0,-1.3066119164033374
2832,283.1999999999959,26.920725568377435,70.77162284852442,3000.0,250.0,0.0,0.0,-1.3066138418771014
2833,283.2999999999959,26.92078427571963,70.7713794410723,3000.0,250.0,0.0,0.0,-1.3066157673608836
2834,283.39999999999594,26.920842982643936,70.77113603336676,3000.0,250.0,0.0,0.0,-1.306617692854616
2835,283.49999999999596,26.920901689150348,70.7708926254078,3000.0,250.0,0.0,0.0,-1.3066196183585055
2836,283.599999999996,26.920960395238865,70.77064921719541,3000.0,250.0,0.0,0.0,-1.3066215438722923
2837,283.699999999996,26.921019100909483,70.7704058087296,3000.0,250.0,0.0,0.0,-1.3066234693962664
2838,283.79999999999603,26.921077806162202,70.77016240001039,3000.0,250.0,0.0,0.0,-1.3066253949302777
2839,283.89999999999606,26.92113651099702,70.76991899103776,3000.0,250.0,0.0,0.0,-1.3066273204743988
2840,283.9999999999961,26.92119521541393,70.7696755818117,3000.0,250.0,0.0,0.0,-1.306629246028643
2841,284.0999999999961,26.921253919412933,70.76943217233222,3000.0,250.0,0.0,0.0,-1.306631171592998
2842,284.1999999999961,26.921312622994026,70.76918876259933,3000.0,250.0,0.0,0.0,-1.3066330971674793
2843,284.29999999999615,26.921371326157207,70.76894535261302,3000.0,250.0,0.0,0.0,-1.3066350227521883
2844,284.39999999999617,26.921430028902474,70.76870194237328,3000.0,250.0,0.0,0.0,-1.3066369483470277
2845,284.4999999999962,26.921488731229825,70.76845853188014,3000.0,250.0,0.0,0.0,-1.306638873952041
2846,284.5999999999962,26.921547433139256,70.76821512113358,3000.0,250.0,0.0,0.0,-1.3066407995673583
2847,284.69999999999624,26.921606134630764,70.76797171013361,3000.0,250.0,0.0,0.0,-1.3066427251928825
2848,284.79999999999626,26.921664835704348,70.76772829888023,3000.0,250.0,0.0,0.0,-1.3066446508286598
2849,284.8999999999963,26.921723536360005,70.76748488737343,3000.0,250.0,0.0,0.0,-1.3066465764747632
2850,284.9999999999963,26.921782236597732,70.76724147561322,3000.0,250.0,0.0,0.0,-1.3066485021310665
2851,285.0999999999963,26.921840936417528,70.7669980635996,3000.0,250.0,0.0,0.0,-1.3066504277976732
2852,285.19999999999635,26.92189963581939,70.76675465133256,3000.0,250.0,0.0,0.0,-1.3066523534746852
2853,285.2999999999964,26.921958334803314,70.76651123881211,3000.0,250.0,0.0,0.0,-1.3066542791620332
2854,285.3999999999964,26.9220170333693,70.76626782603826,3000.0,250.0,0.0,0.0,-1.3066562048596793
2855,285.4999999999964,26.922075731517342,70.766024413011,3000.0,250.0,0.0,0.0,-1.3066581305677836
2856,285.59999999999644,26.922134429247443,70.76578099973032,3000.0,250.0,0.0,0.0,-1.306660056286221
2857,285.69999999999646,26.922193126559595,70.76553758619625,3000.0,250.0,0.0,0.0,-1.3066619820150949
2858,285.7999999999965,26.9222518234538,70.76529417240876,3000.0,250.0,0.0,0.0,-1.3066639077544524
2859,285.8999999999965,26.92231051993005,70.76505075836786,3000.0,250.0,0.0,0.0,-1.306665833504254
2860,285.99999999999653,26.922369215988347,70.76480734407356,3000.0,250.0,0.0,0.0,-1.3066677592645473
2861,286.09999999999656,26.922427911628688,70.76456392952585,3000.0,250.0,0.0,0.0,-1.3066696850352923
2862,286.1999999999966,26.92248660685107,70.76432051472473,3000.0,250.0,0.0,0.0,-1.306671610816566
2863,286.2999999999966,26.92254530165549,70.76407709967022,3000.0,250.0,0.0,0.0,-1.3066735366084157
2864,286.3999999999966,26.922603996041946,70.7638336843623,3000.0,250.0,0.0,0.0,-1.3066754624108052
2865,286.49999999999665,26.922662690010437,70.76359026880097,3000.0,250.0,0.0,0.0,-1.3066773882237508
2866,286.59999999999667,26.92272138356096,70.76334685298623,3000.0,250.0,0.0,0.0,-1.3066793140473305
2867,286.6999999999967,26.922780076693506,70.7631034369181,3000.0,250.0,0.0,0.0,-1.3066812398815053
2868,286.7999999999967,26.92283876940808,70.76286002059656,3000.0,250.0,0.0,0.0,-1.3066831657262967
2869,286.89999999999674,26.92289746170468,70.76261660402163,3000.0,250.0,0.0,0.0,-1.3066850915817518
2870,286.99999999999676,26.922956153583296,70.76237318719329,3000.0,250.0,0.0,0.0,-1.3066870174479226
2871,287.0999999999968,26.923014845043934,70.76212977011156,3000.0,250.0,0.0,0.0,-1.3066889433247382
2872,287.1999999999968,26.923073536086587,70.76188635277641,3000.0,250.0,0.0,0.0,-1.3066908692123098
2873,287.2999999999968,26.923132226711253,70.76164293518788,3000.0,250.0,0.0,0.0,-1.306692795110656
2874,287.39999999999685,26.923190916917928,70.76139951734595,3000.0,250.0,0.0,0.0,-1.3066947210197704
2875,287.4999999999969,26.923249606706612,70.76115609925061,3000.0,250.0,0.0,0.0,-1.3066966469396137
2876,287.5999999999969,26.923308296077302,70.76091268090188,3000.0,250.0,0.0,0.0,-1.3066985728702947
2877,287.6999999999969,26.923366985029993,70.76066926229976,3000.0,250.0,0.0,0.0,-1.3067004988117468
2878,287.79999999999694,26.923425673564687,70.76042584344424,3000.0,250.0,0.0,0.0,-1.3067024247641417
2879,287.89999999999696,26.923484361681375,70.76018242433533,3000.0,250.0,0.0,0.0,-1.3067043507273808
2880,287.999999999997,26.92354304938006,70.75993900497302,3000.0,250.0,0.0,0.0,-1.3067062767013955
2881,288.099999999997,26.92360173666074,70.75969558535732,3000.0,250.0,0.0,0.0,-1.306708202686449
2882,288.19999999999703,26.92366042352341,70.75945216548823,3000.0,250.0,0.0,0.0,-1.306710128682443
2883,288.29999999999706,26.92371910996806,70.75920874536574,3000.0,250.0,0.0,0.0,-1.3067120546894
2884,288.3999999999971,26.923777795994702,70.75896532498986,3000.0,250.0,0.0,0.0,-1.3067139807073427
2885,288.4999999999971,26.923836481603324,70.75872190436058,3000.0,250.0,0.0,0.0,-1.3067159067362633
2886,288.5999999999971,26.923895166793926,70.75847848347792,3000.0,250.0,0.0,0.0,-1.3067178327761848
2887,288.69999999999715,26.923953851566505,70.75823506234185,3000.0,250.0,0.0,0.0,-1.306719758827161
2888,288.79999999999717,26.924012535921058,70.7579916409524,3000.0,250.0,0.0,0.0,-1.3067216848892766
2889,288.8999999999972,26.92407121985758,70.75774821930956,3000.0,250.0,0.0,0.0,-1.3067236109624327
2890,288.9999999999972,26.924129903376073,70.75750479741333,3000.0,250.0,0.0,0.0,-1.306725537046686
2891,289.09999999999724,26.924188586476532,70.75726137526371,3000.0,250.0,0.0,0.0,-1.3067274631421195
2892,289.19999999999726,26.924247269158954,70.7570179528607,3000.0,250.0,0.0,0.0,-1.3067293892486964
2893,289.2999999999973,26.92430595142334,70.75677453020431,3000.0,250.0,0.0,0.0,-1.3067313153665052
2894,289.3999999999973,26.924364633269683,70.75653110729453,3000.0,250.0,0.0,0.0,-1.3067332414955375
2895,289.4999999999973,26.924423314697982,70.75628768413137,3000.0,250.0,0.0,0.0,-1.3067351676357895
2896,289.59999999999735,26.924481995708234,70.75604426071482,3000.0,250.0,0.0,0.0,-1.3067370937872835
2897,289.6999999999974,26.924540676300435,70.75580083704487,3000.0,250.0,0.0,0.0,-1.3067390199501103
2898,289.7999999999974,26.924599356474584,70.75555741312155,3000.0,250.0,0.0,0.0,-1.3067409461242618
2899,289.8999999999974,26.924658036230678,70.75531398894485,3000.0,250.0,0.0,0.0,-1.306742872309672
2900,289.99999999999744,26.924716715568714,70.75507056451475,3000.0,250.0,0.0,0.0,-1.3067447985065241
2901,290.09999999999746,26.92477539448869,70.75482713983128,3000.0,250.0,0.0,0.0,-1.306746724714716
2902,290.1999999999975,26.924834072990606,70.75458371489442,3000.0,250.0,0.0,0.0,-1.3067486509343715
2903,290.2999999999975,26.924892751074456,70.75434028970419,3000.0,250.0,0.0,0.0,-1.3067505771654861
2904,290.39999999999753,26.924951428740236,70.75409686426056,3000.0,250.0,0.0,0.0,-1.306752503408055
2905,290.49999999999756,26.925010105987944,70.75385343856355,3000.0,250.0,0.0,0.0,-1.3067544296621028
2906,290.5999999999976,26.92506878281758,70.75361001261317,3000.0,250.0,0.0,0.0,-1.3067563559276278
2907,290.6999999999976,26.925127459229138,70.7533665864094,3000.0,250.0,0.0,0.0,-1.3067582822047212
2908,290.7999999999976,26.925186135222617,70.75312315995225,3000.0,250.0,0.0,0.0,-1.3067602084934438
2909,290.89999999999765,26.925244810798013,70.75287973324173,3000.0,250.0,0.0,0.0,-1.306762134793695
2910,290.99999999999767,26.925303485955325,70.75263630627782,3000.0,250.0,0.0,0.0,-1.3067640611056002
2911,291.0999999999977,26.92536216069455,70.75239287906054,3000.0,250.0,0.0,0.0,-1.3067659874291555
2912,291.1999999999977,26.925420835015686,70.75214945158989,3000.0,250.0,0.0,0.0,-1.3067679137643904
2913,291.29999999999774,26.925479508918727,70.75190602386586,3000.0,250.0,0.0,0.0,-1.3067698401114343
2914,291.39999999999776,26.925538182403674,70.75166259588845,3000.0,250.0,0.0,0.0,-1.3067717664701188
2915,291.4999999999978,26.92559685547052,70.75141916765766,3000.0,250.0,0.0,0.0,-1.306773692840572
2916,291.5999999999978,26.925655528119265,70.75117573917349,3000.0,250.0,0.0,0.0,-1.3067756192228233
2917,291.69999999999783,26.92571420034991,70.75093231043596,3000.0,250.0,0.0,0.0,-1.3067775456168709
2918,291.79999999999785,26.925772872162444,70.75068888144504,3000.0,250.0,0.0,0.0,-1.3067794720228465
2919,291.8999999999979,26.92583154355687,70.75044545220076,3000.0,250.0,0.0,0.0,-1.3067813984407128
2920,291.9999999999979,26.925890214533183,70.7502020227031,3000.0,250.0,0.0,0.0,-1.306783324870471
2921,292.0999999999979,26.92594888509138,70.74995859295207,3000.0,250.0,0.0,0.0,-1.30678525131215
2922,292.19999999999794,26.92600755523146,70.74971516294767,3000.0,250.0,0.0,0.0,-1.3067871777657813
2923,292.29999999999797,26.92606622495342,70.74947173268988,3000.0,250.0,0.0,0.0,-1.3067891042313995
2924,292.399999999998,26.926124894257256,70.74922830217874,3000.0,250.0,0.0,0.0,-1.306791030709068
2925,292.499999999998,26.926183563142963,70.74898487141422,3000.0,250.0,0.0,0.0,-1.3067929571987889
2926,292.59999999999803,26.92624223161054,70.74874144039633,3000.0,250.0,0.0,0.0,-1.3067948837005947
2927,292.69999999999806,26.92630089965999,70.74849800912507,3000.0,250.0,0.0,0.0,-1.3067968102145169
2928,292.7999999999981,26.9263595672913,70.74825457760045,3000.0,250.0,0.0,0.0,-1.3067987367406249
2929,292.8999999999981,26.926418234504474,70.74801114582245,3000.0,250.0,0.0,0.0,-1.3068006632789193
2930,292.9999999999981,26.926476901299505,70.74776771379108,3000.0,250.0,0.0,0.0,-1.306802589829364
2931,293.09999999999815,26.926535567676392,70.74752428150634,3000.0,250.0,0.0,0.0,-1.3068045163920639
2932,293.19999999999817,26.926594233635136,70.74728084896824,3000.0,250.0,0.0,0.0,-1.3068064429670538
2933,293.2999999999982,26.92665289917573,70.74703741617678,3000.0,250.0,0.0,0.0,-1.3068083695543695
2934,293.3999999999982,26.92671156429817,70.74679398313195,3000.0,250.0,0.0,0.0,-1.3068102961539778
2935,293.49999999999824,26.926770229002454,70.74655054983376,3000.0,250.0,0.0,0.0,-1.3068122227660517
2936,293.59999999999826,26.92682889328858,70.7463071162822,3000.0,250.0,0.0,0.0,-1.3068141493904561
2937,293.6999999999983,26.926887557156544,70.74606368247727,3000.0,250.0,0.0,0.0,-1.3068160760273309
2938,293.7999999999983,26.926946220606347,70.74582024841898,3000.0,250.0,0.0,0.0,-1.3068180026766436
2939,293.89999999999833,26.92700488363798,70.74557681410732,3000.0,250.0,0.0,0.0,-1.3068199293385008
2940,293.99999999999835,26.927063546251446,70.7453333795423,3000.0,250.0,0.0,0.0,-1.306821856012906
2941,294.0999999999984,26.92712220844674,70.74508994472392,3000.0,250.0,0.0,0.0,-1.3068237826998617
2942,294.1999999999984,26.927180870223854,70.74484650965216,3000.0,250.0,0.0,0.0,-1.3068257093993718
2943,294.2999999999984,26.927239531582792,70.74460307432705,3000.0,250.0,0.0,0.0,-1.3068276361116145
2944,294.39999999999844,26.927298192523548,70.74435963874858,3000.0,250.0,0.0,0.0,-1.3068295628364892
2945,294.49999999999847,26.927356853046117,70.74411620291674,3000.0,250.0,0.0,0.0,-1.3068314895740727
2946,294.5999999999985,26.9274155131505,70.74387276683154,3000.0,250.0,0.0,0.0,-1.3068334163243671
2947,294.6999999999985,26.927474172836693,70.74362933049298,3000.0,250.0,0.0,0.0,-1.3068353430874828
2948,294.79999999999853,26.927532832104692,70.74338589390106,3000.0,250.0,0.0,0.0,-1.3068372698634612
2949,294.89999999999856,26.927591490954494,70.74314245705578,3000.0,250.0,0.0,0.0,-1.3068391966522035
2950,294.9999999999986,26.927650149386096,70.74289901995715,3000.0,250.0,0.0,0.0,-1.3068411234538548
2951,295.0999999999986,26.927708807399494,70.74265558260515,3000.0,250.0,0.0,0.0,-1.3068430502684598
2952,295.1999999999986,26.927767464994687,70.7424121449998,3000.0,250.0,0.0,0.0,-1.3068449770959867
2953,295.29999999999865,26.927826122171673,70.74216870714109,3000.0,250.0,0.0,0.0,-1.3068469039365878
2954,295.39999999999867,26.927884778930444,70.74192526902903,3000.0,250.0,0.0,0.0,-1.3068488307902322
2955,295.4999999999987,26.927943435271,70.7416818306636,3000.0,250.0,0.0,0.0,-1.3068507576568213
2956,295.5999999999987,26.928002091193342,70.74143839204481,3000.0,250.0,0.0,0.0,-1.3068526845366126
2957,295.69999999999874,26.92806074669746,70.74119495317267,3000.0,250.0,0.0,0.0,-1.3068546114295447
2958,295.79999999999876,26.928119401783356,70.74095151404717,3000.0,250.0,0.0,0.0,-1.3068565383357689
2959,295.8999999999988,26.928178056451024,70.74070807466832,3000.0,250.0,0.0,0.0,-1.3068584652550779
2960,295.9999999999988,26.92823671070046,70.7404646350361,3000.0,250.0,0.0,0.0,-1.3068603921876991
2961,296.09999999999883,26.928295364531664,70.74022119515054,3000.0,250.0,0.0,0.0,-1.3068623191336395
2962,296.19999999999885,26.92835401794463,70.73997775501162,3000.0,250.0,0.0,0.0,-1.3068642460929116
2963,296.2999999999989,26.92841267093936,70.73973431461935,3000.0,250.0,0.0,0.0,-1.3068661730656357
2964,296.3999999999989,26.928471323515843,70.73949087397374,3000.0,250.0,0.0,0.0,-1.3068681000517115
2965,296.4999999999989,26.92852997567408,70.73924743307477,3000.0,250.0,0.0,0.0,-1.3068700270513722
2966,296.59999999999894,26.92858862741407,70.73900399192243,3000.0,250.0,0.0,0.0,-1.3068719540644802
2967,296.69999999999897,26.928647278735806,70.73876055051674,3000.0,250.0,0.0,0.0,-1.3068738810910812
2968,296.799999999999,26.92870592963929,70.7385171088577,3000.0,250.0,0.0,0.0,-1.3068758081314136
2969,296.899999999999,26.92876458012451,70.73827366694532,3000.0,250.0,0.0,0.0,-1.306877735185228
2970,296.99999999999903,26.928823230191473,70.73803022477958,3000.0,250.0,0.0,0.0,-1.306879662252837
2971,297.09999999999906,26.92888187984017,70.73778678236049,3000.0,250.0,0.0,0.0,-1.306881589334103
2972,297.1999999999991,26.928940529070598,70.73754333968805,3000.0,250.0,0.0,0.0,-1.3068835164291903
2973,297.2999999999991,26.928999177882755,70.73729989676225,3000.0,250.0,0.0,0.0,-1.3068854435380752
2974,297.3999999999991,26.929057826276637,70.73705645358312,3000.0,250.0,0.0,0.0,-1.3068873706608095
2975,297.49999999999915,26.92911647425224,70.73681301015064,3000.0,250.0,0.0,0.0,-1.306889297797449
2976,297.59999999999917,26.929175121809564,70.73656956646481,3000.0,250.0,0.0,0.0,-1.3068912249481202
2977,297.6999999999992,26.929233768948603,70.73632612252563,3000.0,250.0,0.0,0.0,-1.306893152112724
2978,297.7999999999992,26.92929241566935,70.73608267833309,3000.0,250.0,0.0,0.0,-1.3068950792913145
2979,297.89999999999924,26.92935106197181,70.73583923388722,3000.0,250.0,0.0,0.0,-1.3068970064839458
2980,297.99999999999926,26.929409707855978,70.735595789188,3000.0,250.0,0.0,0.0,-1.3068989336908696
2981,298.0999999999993,26.929468353321845,70.73535234423542,3000.0,250.0,0.0,0.0,-1.306900860911946
2982,298.1999999999993,26.92952699836941,70.7351088990295,3000.0,250.0,0.0,0.0,-1.306902788147153
2983,298.29999999999933,26.929585642998674,70.73486545357024,3000.0,250.0,0.0,0.0,-1.3069047153966256
2984,298.39999999999935,26.92964428720963,70.73462200785762,3000.0,250.0,0.0,0.0,-1.3069066426605023
2985,298.4999999999994,26.929702931002275,70.73437856189167,3000.0,250.0,0.0,0.0,-1.306908569938721
2986,298.5999999999994,26.929761574376606,70.73413511567237,3000.0,250.0,0.0,0.0,-1.306910497231383
2987,298.6999999999994,26.92982021733262,70.73389166919972,3000.0,250.0,0.0,0.0,-1.3069124245384656
2988,298.79999999999944,26.92987885987031,70.73364822247373,3000.0,250.0,0.0,0.0,-1.3069143518600679
2989,298.89999999999947,26.929937501989677,70.73340477549439,3000.0,250.0,0.0,0.0,-1.3069162791962539
2990,298.9999999999995,26.92999614369072,70.73316132826172,3000.0,250.0,0.0,0.0,-1.3069182065470417
2991,299.0999999999995,26.93005478497343,70.73291788077569,3000.0,250.0,0.0,0.0,-1.306920133912576
2992,299.19999999999953,26.930113425837803,70.73267443303632,3000.0,250.0,0.0,0.0,-1.3069220612927568
2993,299.29999999999956,26.93017206628384,70.7324309850436,3000.0,250.0,0.0,0.0,-1.3069239886876896
2994,299.3999999999996,26.930230706311537,70.73218753679755,3000.0,250.0,0.0,0.0,-1.3069259160975557
2995,299.4999999999996,26.930289345920887,70.73194408829816,3000.0,250.0,0.0,0.0,-1.3069278435221812
2996,299.5999999999996,26.93034798511189,70.73170063954542,3000.0,250.0,0.0,0.0,-1.306929770961792
2997,299.69999999999965,26.93040662388454,70.73145719053934,3000.0,250.0,0.0,0.0,-1.3069316984163701
2998,299.79999999999967,26.930465262238837,70.73121374127993,3000.0,250.0,0.0,0.0,-1.3069336258860662
2999,299.8999999999997,26.930523900174773,70.73097029176716,3000.0,250.0,0.0,0.0,-1.3069355533707439
3000,299.9999999999997,26.93058253769235,70.73072684200106,3000.0,250.0,0.0,0.0,-1.3069374808706304
3001,300.09999999999974,26.930641174791557,70.73048339198162,3000.0,250.0,0.0,0.0,-1.3069394083857162
3002,300.19999999999976,26.930699811472397,70.73023994170885,3000.0,250.0,0.0,0.0,-1.3069413359160698
3003,300.2999999999998,26.930758447734863,70.72999649118272,3000.0,250.0,0.0,0.0,-1.3069432634617617
3004,300.3999999999998,26.930817083578955,70.72975304040325,3000.0,250.0,0.0,0.0,-1.3069451910228593
3005,300.49999999999983,26.930875719004664,70.72950958937045,3000.0,250.0,0.0,0.0,-1.306947118599354
3006,300.59999999999985,26.930934354011992,70.72926613808431,3000.0,250.0,0.0,0.0,-1.306949046191276
3007,300.6999999999999,26.93099298860093,70.72902268654484,3000.0,250.0,0.0,0.0,-1.3069509737988654
3008,300.7999999999999,26.93105162277148,70.72877923475203,3000.0,250.0,0.0,0.0,-1.3069529014219443
3009,300.8999999999999,26.931110256523635,70.72853578270588,3000.0,250.0,0.0,0.0,-1.3069548290608393
3010,300.99999999999994,26.931168889857393,70.72829233040638,3000.0,250.0,0.0,0.0,-1.306956756715373
3011,301.09999999999997,26.931227522772748,70.72804887785354,3000.0,250.0,0.0,0.0,-1.306958684385745
3012,301.2,26.9312861552697,70.72780542504736,3000.0,250.0,0.0,0.0,-1.3069606120719077
3013,301.3,26.93134478734824,70.72756197198785,3000.0,250.0,0.0,0.0,-1.3069625397739812
3014,301.40000000000003,26.93140341900837,70.727318518675,3000.0,250.0,0.0,0.0,-1.3069644674921292
3015,301.50000000000006,26.931462050250083,70.72707506510882,3000.0,250.0,0.0,0.0,-1.3069663952262174
3016,301.6000000000001,26.931520681073376,70.7268316112893,3000.0,250.0,0.0,0.0,-1.3069683229765405
3017,301.7000000000001,26.931579311478245,70.72658815721644,3000.0,250.0,0.0,0.0,-1.3069702507429213
3018,301.8000000000001,26.931637941464686,70.72634470289024,3000.0,250.0,0.0,0.0,-1.3069721785256574
3019,301.90000000000015,26.931696571032695,70.72610124831071,3000.0,250.0,0.0,0.0,-1.3069741063246152
3020,302.00000000000017,26.93175520018227,70.72585779347786,3000.0,250.0,0.0,0.0,-1.3069760341400087
3021,302.1000000000002,26.931813828913405,70.72561433839167,3000.0,250.0,0.0,0.0,-1.306977961971795
3022,302.2000000000002,26.9318724572261,70.72537088305214,3000.0,250.0,0.0,0.0,-1.3069798898200997
3023,302.30000000000024,26.931931085120347,70.72512742745927,3000.0,250.0,0.0,0.0,-1.3069818176850538
3024,302.40000000000026,26.931989712596145,70.72488397161307,3000.0,250.0,0.0,0.0,-1.3069837455665683
3025,302.5000000000003,26.932048339653488,70.72464051551353,3000.0,250.0,0.0,0.0,-1.306985673464864
3026,302.6000000000003,26.932106966292373,70.72439705916065,3000.0,250.0,0.0,0.0,-1.3069876013799417
3027,302.70000000000033,26.932165592512796,70.72415360255444,3000.0,250.0,0.0,0.0,-1.306989529311758
3028,302.80000000000035,26.932224218314754,70.7239101456949,3000.0,250.0,0.0,0.0,-1.306991457260582
3029,302.9000000000004,26.932282843698243,70.72366668858203,3000.0,250.0,0.0,0.0,-1.3069933852264657
3030,303.0000000000004,26.932341468663257,70.72342323121582,3000.0,250.0,0.0,0.0,-1.3069953132094543
3031,303.1000000000004,26.932400093209793,70.72317977359627,3000.0,250.0,0.0,0.0,-1.3069972412095068
3032,303.20000000000044,26.93245871733785,70.7229363157234,3000.0,250.0,0.0,0.0,-1.306999169226763
3033,303.30000000000047,26.93251734104742,70.7226928575972,3000.0,250.0,0.0,0.0,-1.3070010972613688
3034,303.4000000000005,26.9325759643385,70.72244939921765,3000.0,250.0,0.0,0.0,-1.3070030253133726
3035,303.5000000000005,26.932634587211087,70.72220594058477,3000.0,250.0,0.0,0.0,-1.307004953382782
3036,303.60000000000053,26.932693209665178,70.72196248169857,3000.0,250.0,0.0,0.0,-1.3070068814697426
3037,303.70000000000056,26.932751831700767,70.72171902255903,3000.0,250.0,0.0,0.0,-1.3070088095743584
3038,303.8000000000006,26.93281045331785,70.72147556316615,3000.0,250.0,0.0,0.0,-1.3070107376966826
3039,303.9000000000006,26.93286907451642,70.72123210351994,3000.0,250.0,0.0,0.0,-1.3070126658367258
3040,304.0000000000006,26.93292769529648,70.7209886436204,3000.0,250.0,0.0,0.0,-1.3070145939945914
3041,304.10000000000065,26.932986315658024,70.72074518346753,3000.0,250.0,0.0,0.0,-1.3070165221704357
3042,304.20000000000067,26.933044935601043,70.72050172306132,3000.0,250.0,0.0,0.0,-1.3070184503643623
3043,304.3000000000007,26.933103555125538,70.72025826240179,3000.0,250.0,0.0,0.0,-1.307020378576291
3044,304.4000000000007,26.9331621742315,70.72001480148892,3000.0,250.0,0.0,0.0,-1.3070223068064288
3045,304.50000000000074,26.93322079291893,70.71977134032271,3000.0,250.0,0.0,0.0,-1.3070242350548356
3046,304.60000000000076,26.933279411187822,70.71952787890318,3000.0,250.0,0.0,0.0,-1.307026163321623
3047,304.7000000000008,26.93333802903817,70.71928441723031,3000.0,250.0,0.0,0.0,-1.307028091606908
3048,304.8000000000008,26.93339664646997,70.71904095530412,3000.0,250.0,0.0,0.0,-1.30703001991061
3049,304.90000000000083,26.933455263483218,70.7187974931246,3000.0,250.0,0.0,0.0,-1.3070319482330885
3050,305.00000000000085,26.93351388007791,70.71855403069173,3000.0,250.0,0.0,0.0,-1.3070338765741685
3051,305.1000000000009,26.933572496254044,70.71831056800555,3000.0,250.0,0.0,0.0,-1.3070358049341615
3052,305.2000000000009,26.933631112011614,70.71806710506603,3000.0,250.0,0.0,0.0,-1.3070377333129488
3053,305.3000000000009,26.933689727350615,70.71782364187317,3000.0,250.0,0.0,0.0,-1.3070396617107936
3054,305.40000000000094,26.93374834227104,70.71758017842699,3000.0,250.0,0.0,0.0,-1.3070415901276236
3055,305.50000000000097,26.93380695677289,70.71733671472747,3000.0,250.0,0.0,0.0,-1.3070435185637623
3056,305.600000000001,26.93386557085616,70.71709325077462,3000.0,250.0,0.0,0.0,-1.3070454470191357
3057,305.700000000001,26.93392418452084,70.71684978656845,3000.0,250.0,0.0,0.0,-1.3070473754939738
3058,305.80000000000103,26.93398279776693,70.71660632210893,3000.0,250.0,0.0,0.0,-1.307049303988104
3059,305.90000000000106,26.934041410594425,70.71636285739609,3000.0,250.0,0.0,0.0,-1.3070512325018044
3060,306.0000000000011,26.93410002300332,70.71611939242992,3000.0,250.0,0.0,0.0,-1.3070531610352611
3061,306.1000000000011,26.934158634993615,70.7158759272104,3000.0,250.0,0.0,0.0,-1.3070550895884536
3062,306.2000000000011,26.9342172465653,70.71563246173757,3000.0,250.0,0.0,0.0,-1.307057018161517
3063,306.30000000000115,26.934275857718372,70.7153889960114,3000.0,250.0,0.0,0.0,-1.3070589467546931
3064,306.40000000000117,26.934334468452825,70.7151455300319,3000.0,250.0,0.0,0.0,-1.3070608753678639
3065,306.5000000000012,26.934393078768654,70.71490206379907,3000.0,250.0,0.0,0.0,-1.307062804001274
3066,306.6000000000012,26.934451688665856,70.7146585973129,3000.0,250.0,0.0,0.0,-1.30706473265496
3067,306.70000000000124,26.934510298144428,70.71441513057341,3000.0,250.0,0.0,0.0,-1.3070666613289623
3068,306.80000000000126,26.934568907204362,70.71417166358059,3000.0,250.0,0.0,0.0,-1.3070685900235324
3069,306.9000000000013,26.934627515845655,70.71392819633444,3000.0,250.0,0.0,0.0,-1.3070705187387108
3070,307.0000000000013,26.934686124068303,70.71368472883495,3000.0,250.0,0.0,0.0,-1.3070724474745978
3071,307.10000000000133,26.9347447318723,70.71344126108212,3000.0,250.0,0.0,0.0,-1.3070743762314971
3072,307.20000000000135,26.934803339257645,70.71319779307598,3000.0,250.0,0.0,0.0,-1.3070763050092487
3073,307.3000000000014,26.934861946224327,70.7129543248165,3000.0,250.0,0.0,0.0,-1.3070782338081148
3074,307.4000000000014,26.934920552772347,70.71271085630367,3000.0,250.0,0.0,0.0,-1.307080162628196
3075,307.5000000000014,26.934979158901694,70.71246738753753,3000.0,250.0,0.0,0.0,-1.3070820914695982
3076,307.60000000000144,26.935037764612368,70.71222391851805,3000.0,250.0,0.0,0.0,-1.3070840203324325
3077,307.70000000000147,26.93509636990436,70.71198044924523,3000.0,250.0,0.0,0.0,-1.307085949216804
3078,307.8000000000015,26.93515497477767,70.71173697971909,3000.0,250.0,0.0,0.0,-1.307087878122824
3079,307.9000000000015,26.93521357923229,70.71149350993961,3000.0,250.0,0.0,0.0,-1.307089807050824
3080,308.00000000000153,26.935272183268218,70.7112500399068,3000.0,250.0,0.0,0.0,-1.3070917360006464
3081,308.10000000000156,26.935330786885444,70.71100656962065,3000.0,250.0,0.0,0.0,-1.3070936649726246
3082,308.2000000000016,26.935389390083966,70.71076309908118,3000.0,250.0,0.0,0.0,-1.3070955939666598
3083,308.3000000000016,26.93544799286378,70.71051962828837,3000.0,250.0,0.0,0.0,-1.3070975229830948
3084,308.4000000000016,26.935506595224876,70.71027615724222,3000.0,250.0,0.0,0.0,-1.3070994520220491
3085,308.50000000000165,26.935565197167254,70.71003268594274,3000.0,250.0,0.0,0.0,-1.307101381083428
3086,308.60000000000167,26.93562379869091,70.70978921438993,3000.0,250.0,0.0,0.0,-1.3071033101676335
3087,308.7000000000017,26.935682399795834,70.70954574258378,3000.0,250.0,0.0,0.0,-1.3071052392748006
3088,308.8000000000017,26.93574100048202,70.7093022705243,3000.0,250.0,0.0,0.0,-1.307107168404946
3089,308.90000000000174,26.93579960074947,70.70905879821149,3000.0,250.0,0.0,0.0,-1.3071090975580915
3090,309.00000000000176,26.935858200598172,70.70881532564533,3000.0,250.0,0.0,0.0,-1.3071110267346524
3091,309.1000000000018,26.935916800028124,70.70857185282584,3000.0,250.0,0.0,0.0,-1.3071129559345431
3092,309.2000000000018,26.935975399039318,70.70832837975301,3000.0,250.0,0.0,0.0,-1.30711488515813
3093,309.30000000000183,26.936033997631753,70.70808490642686,3000.0,250.0,0.0,0.0,-1.3071168144053302
3094,309.40000000000185,26.93609259580542,70.70784143284737,3000.0,250.0,0.0,0.0,-1.3071187436764637
3095,309.5000000000019,26.936151193560313,70.70759795901455,3000.0,250.0,0.0,0.0,-1.3071206729717328
3096,309.6000000000019,26.93620979089643,70.70735448492839,3000.0,250.0,0.0,0.0,-1.307122602291059
3097,309.7000000000019,26.93626838781376,70.70711101058889,3000.0,250.0,0.0,0.0,-1.3071245316348257
3098,309.80000000000194,26.936326984312306,70.70686753599605,3000.0,250.0,0.0,0.0,-1.3071264610028992
3099,309.90000000000197,26.936385580392056,70.70662406114988,3000.0,250.0,0.0,0.0,-1.3071283903957867
3100,310.000000000002,26.936444176053005,70.70638058605037,3000.0,250.0,0.0,0.0,-1.3071303198134758
3101,310.100000000002,26.936502771295146,70.70613711069751,3000.0,250.0,0.0,0.0,-1.3071322492561304
3102,310.20000000000203,26.936561366118475,70.70589363509131,3000.0,250.0,0.0,0.0,-1.307134178723913
3103,310.30000000000206,26.93661996052299,70.70565015923178,3000.0,250.0,0.0,0.0,-1.3071361082168194
3104,310.4000000000021,26.93667855450868,70.70540668311891,3000.0,250.0,0.0,0.0,-1.3071380377353785
3105,310.5000000000021,26.936737148075544,70.7051632067527,3000.0,250.0,0.0,0.0,-1.3071399672795885
3106,310.6000000000021,26.93679574122357,70.70491973013316,3000.0,250.0,0.0,0.0,-1.3071418968496888
3107,310.70000000000215,26.936854333952756,70.70467625326026,3000.0,250.0,0.0,0.0,-1.3071438264457411
3108,310.80000000000217,26.936912926263098,70.70443277613403,3000.0,250.0,0.0,0.0,-1.3071457560678645
3109,310.9000000000022,26.936971518154586,70.70418929875446,3000.0,250.0,0.0,0.0,-1.3071476857164341
3110,311.0000000000022,26.937030109627216,70.70394582112154,3000.0,250.0,0.0,0.0,-1.3071496153917042
3111,311.10000000000224,26.93708870068098,70.70370234323528,3000.0,250.0,0.0,0.0,-1.3071515450934355
3112,311.20000000000226,26.937147291315878,70.70345886509568,3000.0,250.0,0.0,0.0,-1.307153474822323
3113,311.3000000000023,26.937205881531895,70.70321538670274,3000.0,250.0,0.0,0.0,-1.307155404578261
3114,311.4000000000023,26.93726447132903,70.70297190805645,3000.0,250.0,0.0,0.0,-1.3071573343613871
3115,311.50000000000233,26.93732306070728,70.70272842915682,3000.0,250.0,0.0,0.0,-1.3071592641721648
3116,311.60000000000235,26.93738164966663,70.70248495000385,3000.0,250.0,0.0,0.0,-1.3071611940107408
3117,311.7000000000024,26.93744023820708,70.70224147059753,3000.0,250.0,0.0,0.0,-1.3071631238770214
3118,311.8000000000024,26.937498826328625,70.70199799093785,3000.0,250.0,0.0,0.0,-1.307165053771474
3119,311.9000000000024,26.937557414031254,70.70175451102484,3000.0,250.0,0.0,0.0,-1.307166983694388
3120,312.00000000000244,26.93761600131496,70.70151103085848,3000.0,250.0,0.0,0.0,-1.3071689136455484
3121,312.10000000000247,26.937674588179743,70.70126755043877,3000.0,250.0,0.0,0.0,-1.3071708436256957
3122,312.2000000000025,26.937733174625592,70.70102406976571,3000.0,250.0,0.0,0.0,-1.3071727736347456
3123,312.3000000000025,26.9377917606525,70.70078058883931,3000.0,250.0,0.0,0.0,-1.307174703673003
3124,312.40000000000254,26.937850346260465,70.70053710765956,3000.0,250.0,0.0,0.0,-1.3071766337407187
3125,312.50000000000256,26.937908931449474,70.70029362622645,3000.0,250.0,0.0,0.0,-1.3071785638381381
3126,312.6000000000026,26.937967516219523,70.70005014454,3000.0,250.0,0.0,0.0,-1.3071804939652516
3127,312.7000000000026,26.938026100570603,70.6998066626002,3000.0,250.0,0.0,0.0,-1.3071824241225152
3128,312.8000000000026,26.938084684502712,70.69956318040704,3000.0,250.0,0.0,0.0,-1.3071843543099924
3129,312.90000000000265,26.93814326801584,70.69931969796053,3000.0,250.0,0.0,0.0,-1.3071862845283522
3130,313.0000000000027,26.93820185110998,70.69907621526066,3000.0,250.0,0.0,0.0,-1.3071882147772658
3131,313.1000000000027,26.93826043378513,70.69883273230744,3000.0,250.0,0.0,0.0,-1.307190145057476
3132,313.2000000000027,26.938319016041273,70.69858924910086,3000.0,250.0,0.0,0.0,-1.3071920753687982
3133,313.30000000000274,26.93837759787841,70.69834576564094,3000.0,250.0,0.0,0.0,-1.3071940057117917
3134,313.40000000000276,26.93843617929653,70.69810228192765,3000.0,250.0,0.0,0.0,-1.307195936086682
3135,313.5000000000028,26.93849476029563,70.697858797961,3000.0,250.0,0.0,0.0,-1.3071978664934192
3136,313.6000000000028,26.9385533408757,70.697615313741,3000.0,250.0,0.0,0.0,-1.3071997969328648
3137,313.70000000000283,26.93861192103673,70.69737182926764,3000.0,250.0,0.0,0.0,-1.3072017274046306
3138,313.80000000000285,26.93867050077872,70.69712834454091,3000.0,250.0,0.0,0.0,-1.3072036579094546
3139,313.9000000000029,26.938729080101655,70.69688485956083,3000.0,250.0,0.0,0.0,-1.3072055884475147
3140,314.0000000000029,26.93878765900553,70.69664137432738,3000.0,250.0,0.0,0.0,-1.3072075190189973
3141,314.1000000000029,26.93884623749034,70.69639788884058,3000.0,250.0,0.0,0.0,-1.3072094496242417
3142,314.20000000000294,26.93890481555607,70.69615440310041,3000.0,250.0,0.0,0.0,-1.3072113802636542
3143,314.30000000000297,26.938963393202723,70.69591091710687,3000.0,250.0,0.0,0.0,-1.3072133109372235
3144,314.400000000003,26.939021970430286,70.69566743085997,3000.0,250.0,0.0,0.0,-1.3072152416454446
3145,314.500000000003,26.93908054723875,70.6954239443597,3000.0,250.0,0.0,0.0,-1.3072171723888963
3146,314.60000000000304,26.93913912362811,70.69518045760607,3000.0,250.0,0.0,0.0,-1.3072191031672908
3147,314.70000000000306,26.939197699598356,70.69493697059906,3000.0,250.0,0.0,0.0,-1.3072210339815125
3148,314.8000000000031,26.93925627514948,70.69469348333868,3000.0,250.0,0.0,0.0,-1.3072229648316445
3149,314.9000000000031,26.939314850281473,70.69444999582494,3000.0,250.0,0.0,0.0,-1.3072248957177834
3150,315.0000000000031,26.93937342499433,70.69420650805782,3000.0,250.0,0.0,0.0,-1.3072268266407705
3151,315.10000000000315,26.93943199928804,70.69396302003733,3000.0,250.0,0.0,0.0,-1.3072287576004065
3152,315.2000000000032,26.939490573162594,70.69371953176346,3000.0,250.0,0.0,0.0,-1.307230688597634
3153,315.3000000000032,26.93954914661799,70.69347604323622,3000.0,250.0,0.0,0.0,-1.307232619632188
3154,315.4000000000032,26.93960771965421,70.69323255445559,3000.0,250.0,0.0,0.0,-1.307234550704721
3155,315.50000000000324,26.93966629227125,70.6929890654216,3000.0,250.0,0.0,0.0,-1.3072364818156699
3156,315.60000000000326,26.939724864469106,70.69274557613423,3000.0,250.0,0.0,0.0,-1.3072384129652548
3157,315.7000000000033,26.93978343624776,70.69250208659348,3000.0,250.0,0.0,0.0,-1.3072403441540004
3158,315.8000000000033,26.93984200760721,70.69225859679933,3000.0,250.0,0.0,0.0,-1.307242275382215
3159,315.90000000000333,26.939900578547448,70.69201510675181,3000.0,250.0,0.0,0.0,-1.30724420665005
3160,316.00000000000335,26.93995914906846,70.69177161645091,3000.0,250.0,0.0,0.0,-1.307246137958227
3161,316.1000000000034,26.94001771917024,70.69152812589661,3000.0,250.0,0.0,0.0,-1.3072480693069999
3162,316.2000000000034,26.940076288852776,70.69128463508893,3000.0,250.0,0.0,0.0,-1.3072500006967835
3163,316.3000000000034,26.94013485811606,70.69104114402786,3000.0,250.0,0.0,0.0,-1.307251932128014
3164,316.40000000000344,26.940193426960086,70.6907976527134,3000.0,250.0,0.0,0.0,-1.3072538636010451
3165,316.50000000000347,26.94025199538484,70.69055416114556,3000.0,250.0,0.0,0.0,-1.3072557951164896
3166,316.6000000000035,26.94031056339032,70.69031066932432,3000.0,250.0,0.0,0.0,-1.3072577266746526
3167,316.7000000000035,26.940369130976507,70.69006717724969,3000.0,250.0,0.0,0.0,-1.3072596582760823
3168,316.80000000000354,26.940427698143395,70.68982368492165,3000.0,250.0,0.0,0.0,-1.307261589921014
3169,316.90000000000356,26.940486264890975,70.68958019234022,3000.0,250.0,0.0,0.0,-1.307263521610017
3170,317.0000000000036,26.94054483121924,70.68933669950539,3000.0,250.0,0.0,0.0,-1.307265453343519
3171,317.1000000000036,26.94060339712817,70.68909320641716,3000.0,250.0,0.0,0.0,-1.3072673851222898
3172,317.2000000000036,26.940661962617767,70.68884971307553,3000.0,250.0,0.0,0.0,-1.3072693169465168
3173,317.30000000000365,26.940720527688015,70.68860621948049,3000.0,250.0,0.0,0.0,-1.3072712488167473
3174,317.4000000000037,26.940779092338904,70.68836272563205,3000.0,250.0,0.0,0.0,-1.3072731807334435
3175,317.5000000000037,26.940837656570423,70.6881192315302,3000.0,250.0,0.0,0.0,-1.3072751126974322
3176,317.6000000000037,26.940896220382562,70.68787573717493,3000.0,250.0,0.0,0.0,-1.307277044708602
3177,317.70000000000374,26.94095478377531,70.68763224256627,3000.0,250.0,0.0,0.0,-1.3072789767681556
3178,317.80000000000376,26.941013346748658,70.68738874770418,3000.0,250.0,0.0,0.0,-1.3072809088763548
3179,317.9000000000038,26.941071909302593,70.68714525258868,3000.0,250.0,0.0,0.0,-1.3072828410337283
3180,318.0000000000038,26.941130471437106,70.68690175721976,3000.0,250.0,0.0,0.0,-1.3072847732410109
3181,318.10000000000383,26.941189033152185,70.68665826159742,3000.0,250.0,0.0,0.0,-1.3072867054985833
3182,318.20000000000385,26.941247594447816,70.68641476572165,3000.0,250.0,0.0,0.0,-1.3072886378070243
3183,318.3000000000039,26.941306155323993,70.68617126959246,3000.0,250.0,0.0,0.0,-1.3072905701670197
3184,318.4000000000039,26.9413647157807,70.68592777320985,3000.0,250.0,0.0,0.0,-1.307292502579273
3185,318.5000000000039,26.94142327581793,70.68568427657381,3000.0,250.0,0.0,0.0,-1.3072944350444153
3186,318.60000000000394,26.941481835435663,70.68544077968434,3000.0,250.0,0.0,0.0,-1.3072963675627147
3187,318.70000000000397,26.941540394633893,70.68519728254144,3000.0,250.0,0.0,0.0,-1.3072983001353051
3188,318.800000000004,26.94159895341261,70.6849537851451,3000.0,250.0,0.0,0.0,-1.307300232762865
3189,318.900000000004,26.941657511771794,70.68471028749532,3000.0,250.0,0.0,0.0,-1.3073021654455288
3190,319.00000000000404,26.94171606971144,70.68446678959211,3000.0,250.0,0.0,0.0,-1.3073040981843922
3191,319.10000000000406,26.94177462723153,70.68422329143546,3000.0,250.0,0.0,0.0,-1.307306030980196
3192,319.2000000000041,26.941833184332058,70.68397979302536,3000.0,250.0,0.0,0.0,-1.307307963833605
3193,319.3000000000041,26.941891741013006,70.68373629436181,3000.0,250.0,0.0,0.0,-1.307309896745198
3194,319.4000000000041,26.94195029727436,70.6834927954448,3000.0,250.0,0.0,0.0,-1.3073118297159718
3195,319.50000000000415,26.94200885311611,70.68324929627435,3000.0,250.0,0.0,0.0,-1.3073137627466547
3196,319.6000000000042,26.94206740853824,70.68300579685045,3000.0,250.0,0.0,0.0,-1.3073156958378962
3197,319.7000000000042,26.94212596354074,70.68276229717308,3000.0,250.0,0.0,0.0,-1.3073176289903647
3198,319.8000000000042,26.942184518123593,70.68251879724227,3000.0,250.0,0.0,0.0,-1.3073195622053504
3199,319.90000000000424,26.942243072286786,70.68227529705798,3000.0,250.0,0.0,0.0,-1.307321495483481
3200,320.00000000000426,26.942301626030304,70.68203179662024,3000.0,250.0,0.0,0.0,-1.3073234288255948
3201,320.1000000000043,26.942360179354136,70.68178829592901,3000.0,250.0,0.0,0.0,-1.3073253622324579
3202,320.2000000000043,26.942418732258265,70.68154479498432,3000.0,250.0,0.0,0.0,-1.3073272957051676
3203,320.30000000000433,26.942477284742676,70.68130129378615,3000.0,250.0,0.0,0.0,-1.307329229244659
3204,320.40000000000435,26.942535836807355,70.6810577923345,3000.0,250.0,0.0,0.0,-1.3073311628515618
3205,320.5000000000044,26.942594388452285,70.68081429062937,3000.0,250.0,0.0,0.0,-1.3073330965270693
3206,320.6000000000044,26.94265293967745,70.68057078867076,3000.0,250.0,0.0,0.0,-1.3073350302723041
3207,320.7000000000044,26.94271149048284,70.68032728645866,3000.0,250.0,0.0,0.0,-1.307336964088098
3208,320.80000000000445,26.942770040868435,70.68008378399307,3000.0,250.0,0.0,0.0,-1.3073388979755218
3209,320.90000000000447,26.94282859083422,70.67984028127398,3000.0,250.0,0.0,0.0,-1.307340831935688
3210,321.0000000000045,26.94288714038018,70.6795967783014,3000.0,250.0,0.0,0.0,-1.3073427659697459
3211,321.1000000000045,26.942945689506296,70.67935327507531,3000.0,250.0,0.0,0.0,-1.3073447000788825
3212,321.20000000000454,26.943004238212552,70.67910977159572,3000.0,250.0,0.0,0.0,-1.3073466342637494
3213,321.30000000000456,26.94306278649893,70.67886626786262,3000.0,250.0,0.0,0.0,-1.3073485685259427
3214,321.4000000000046,26.94312133436542,70.678622763876,3000.0,250.0,0.0,0.0,-1.307350502866766
3215,321.5000000000046,26.943179881811993,70.67837925963588,3000.0,250.0,0.0,0.0,-1.3073524372871033
3216,321.6000000000046,26.94323842883864,70.67813575514222,3000.0,250.0,0.0,0.0,-1.3073543717884457
3217,321.70000000000465,26.94329697544534,70.67789225039505,3000.0,250.0,0.0,0.0,-1.3073563063723448
3218,321.8000000000047,26.94335552163207,70.67764874539434,3000.0,250.0,0.0,0.0,-1.3073582410393332
3219,321.9000000000047,26.94341406739882,70.67740524014009,3000.0,250.0,0.0,0.0,-1.307360175791517
3220,322.0000000000047,26.943472612745566,70.6771617346323,3000.0,250.0,0.0,0.0,-1.3073621106299946
3221,322.10000000000474,26.94353115767229,70.67691822887099,3000.0,250.0,0.0,0.0,-1.3073640455563926
3222,322.20000000000476,26.943589702178972,70.67667472285612,3000.0,250.0,0.0,0.0,-1.3073659805720266
3223,322.3000000000048,26.943648246265592,70.6764312165877,3000.0,250.0,0.0,0.0,-1.3073679156784996
3224,322.4000000000048,26.94370678993213,70.67618771006572,3000.0,250.0,0.0,0.0,-1.307369850877484
3225,322.50000000000483,26.943765333178565,70.67594420329017,3000.0,250.0,0.0,0.0,-1.307371786170196
3226,322.60000000000485,26.943823876004874,70.67570069626106,3000.0,250.0,0.0,0.0,-1.3073737215586765
3227,322.7000000000049,26.94388241841104,70.67545718897838,3000.0,250.0,0.0,0.0,-1.3073756570443968
3228,322.8000000000049,26.943940960397036,70.67521368144213,3000.0,250.0,0.0,0.0,-1.3073775926290152
3229,322.9000000000049,26.943999501962846,70.67497017365228,3000.0,250.0,0.0,0.0,-1.3073795283149037
3230,323.00000000000495,26.944058043108445,70.67472666560886,3000.0,250.0,0.0,0.0,-1.3073814641034611
3231,323.10000000000497,26.944116583833807,70.67448315731184,3000.0,250.0,0.0,0.0,-1.3073833999965652
3232,323.200000000005,26.944175124138912,70.67423964876122,3000.0,250.0,0.0,0.0,-1.3073853359962837
3233,323.300000000005,26.944233664023734,70.67399613995698,3000.0,250.0,0.0,0.0,-1.3073872721046307
3234,323.40000000000504,26.944292203488253,70.67375263089914,3000.0,250.0,0.0,0.0,-1.3073892083235732
3235,323.50000000000506,26.94435074253244,70.67350912158768,3000.0,250.0,0.0,0.0,-1.3073911446555795
3236,323.6000000000051,26.944409281156272,70.6732656120226,3000.0,250.0,0.0,0.0,-1.3073930811023602
3237,323.7000000000051,26.944467819359723,70.6730221022039,3000.0,250.0,0.0,0.0,-1.3073950176669953
3238,323.8000000000051,26.944526357142763,70.67277859213156,3000.0,250.0,0.0,0.0,-1.30739695435125
3239,323.90000000000515,26.944584894505372,70.67253508180558,3000.0,250.0,0.0,0.0,-1.3073988911576844
3240,324.0000000000052,26.944643431447517,70.67229157122594,3000.0,250.0,0.0,0.0,-1.3074008280886742
3241,324.1000000000052,26.944701967969173,70.67204806039265,3000.0,250.0,0.0,0.0,-1.3074027651470084
3242,324.2000000000052,26.94476050407031,70.6718045493057,3000.0,250.0,0.0,0.0,-1.3074047023355988
3243,324.30000000000524,26.9448190397509,70.67156103796508,3000.0,250.0,0.0,0.0,-1.3074066396564086
3244,324.40000000000526,26.944877575010914,70.67131752637077,3000.0,250.0,0.0,0.0,-1.3074085771130322
3245,324.5000000000053,26.94493610985032,70.67107401452277,3000.0,250.0,0.0,0.0,-1.3074105147083037
3246,324.6000000000053,26.94499464426909,70.67083050242108,3000.0,250.0,0.0,0.0,-1.3074124524448607
3247,324.70000000000533,26.94505317826719,70.67058699006569,3000.0,250.0,0.0,0.0,-1.3074143903265938
3248,324.80000000000535,26.94511171184459,70.67034347745658,3000.0,250.0,0.0,0.0,-1.3074163283564346
3249,324.9000000000054,26.94517024500125,70.67009996459376,3000.0,250.0,0.0,0.0,-1.3074182665373042
3250,325.0000000000054,26.945228777737142,70.6698564514772,3000.0,250.0,0.0,0.0,-1.3074202048739072
3251,325.1000000000054,26.945287310052233,70.66961293810691,3000.0,250.0,0.0,0.0,-1.3074221433684992
3252,325.20000000000545,26.945345841946484,70.66936942448287,3000.0,250.0,0.0,0.0,-1.3074240820261733
3253,325.30000000000547,26.94540437341986,70.66912591060508,3000.0,250.0,0.0,0.0,-1.3074260208496913
3254,325.4000000000055,26.945462904472322,70.6688823964735,3000.0,250.0,0.0,0.0,-1.3074279598440541
3255,325.5000000000055,26.94552143510383,70.66863888208816,3000.0,250.0,0.0,0.0,-1.3074298990130861
3256,325.60000000000554,26.94557996531435,70.66839536744904,3000.0,250.0,0.0,0.0,-1.3074318383611947
3257,325.70000000000556,26.945638495103843,70.66815185255611,3000.0,250.0,0.0,0.0,-1.3074337778933824
3258,325.8000000000056,26.945697024472263,70.66790833740937,3000.0,250.0,0.0,0.0,-1.3074357176136102
3259,325.9000000000056,26.94575555341957,70.66766482200882,3000.0,250.0,0.0,0.0,-1.3074376575277538
3260,326.0000000000056,26.94581408194572,70.66742130635443,3000.0,250.0,0.0,0.0,-1.3074395976404922
3261,326.10000000000565,26.945872610050667,70.66717779044619,3000.0,250.0,0.0,0.0,-1.3074415379571485
3262,326.2000000000057,26.94593113773437,70.6669342742841,3000.0,250.0,0.0,0.0,-1.3074434784835407
3263,326.3000000000057,26.945989664996777,70.66669075786814,3000.0,250.0,0.0,0.0,-1.3074454192254437
3264,326.4000000000057,26.946048191837843,70.6664472411983,3000.0,250.0,0.0,0.0,-1.3074473601889396
3265,326.50000000000574,26.946106718257514,70.66620372427455,3000.0,250.0,0.0,0.0,-1.3074493013805004
3266,326.60000000000576,26.94616524425574,70.6659602070969,3000.0,250.0,0.0,0.0,-1.3074512428067524
3267,326.7000000000058,26.946223769832475,70.66571668966533,3000.0,250.0,0.0,0.0,-1.3074531844747563
3268,326.8000000000058,26.946282294987657,70.66547317197981,3000.0,250.0,0.0,0.0,-1.307455126391995
3269,326.90000000000583,26.946340819721232,70.66522965404035,3000.0,250.0,0.0,0.0,-1.3074570685657618
3270,327.00000000000585,26.946399344033146,70.6649861358469,3000.0,250.0,0.0,0.0,-1.3074590110040671
3271,327.1000000000059,26.946457867923336,70.66474261739947,3000.0,250.0,0.0,0.0,-1.3074609537156312
3272,327.2000000000059,26.94651639139174,70.66449909869803,3000.0,250.0,0.0,0.0,-1.3074628967093158
3273,327.3000000000059,26.946574914438294,70.66425557974257,3000.0,250.0,0.0,0.0,-1.3074648399938902
3274,327.40000000000595,26.946633437062935,70.66401206053307,3000.0,250.0,0.0,0.0,-1.307466783579422
3275,327.50000000000597,26.946691959265596,70.6637685410695,3000.0,250.0,0.0,0.0,-1.3074687274759502
3276,327.600000000006,26.946750481046205,70.66352502135186,3000.0,250.0,0.0,0.0,-1.3074706716952074
3277,327.700000000006,26.946809002404688,70.66328150138011,3000.0,250.0,0.0,0.0,-1.307472616247312
3278,327.80000000000604,26.946867523340973,70.66303798115425,3000.0,250.0,0.0,0.0,-1.3074745611451097
3279,327.90000000000606,26.94692604385498,70.66279446067423,3000.0,250.0,0.0,0.0,-1.3074765064006388
3280,328.0000000000061,26.94698456394663,70.66255093994005,3000.0,250.0,0.0,0.0,-1.3074784520278753
3281,328.1000000000061,26.947043083615835,70.66230741895167,3000.0,250.0,0.0,0.0,-1.307480398040819
3282,328.2000000000061,26.947101602862514,70.66206389770907,3000.0,250.0,0.0,0.0,-1.3074823444543278
3283,328.30000000000615,26.947160121686572,70.66182037621223,3000.0,250.0,0.0,0.0,-1.3074842912847153
3284,328.4000000000062,26.947218640087915,70.66157685446112,3000.0,250.0,0.0,0.0,-1.3074862385482318
3285,328.5000000000062,26.947277158066445,70.66133333245571,3000.0,250.0,0.0,0.0,-1.307488186263644
3286,328.6000000000062,26.94733567562206,70.66108981019597,3000.0,250.0,0.0,0.0,-1.3074901344498866
3287,328.70000000000624,26.947394192754654,70.66084628768188,3000.0,250.0,0.0,0.0,-1.307492083127213
3288,328.80000000000626,26.947452709464113,70.66060276491339,3000.0,250.0,0.0,0.0,-1.3074940323177173
3289,328.9000000000063,26.947511225750322,70.66035924189048,3000.0,250.0,0.0,0.0,-1.307495982043329
3290,329.0000000000063,26.947569741613158,70.6601157186131,3000.0,250.0,0.0,0.0,-1.307497932331226
3291,329.10000000000633,26.947628257052493,70.65987219508122,3000.0,250.0,0.0,0.0,-1.3074998832069527
3292,329.20000000000636,26.947686772068195,70.65962867129481,3000.0,250.0,0.0,0.0,-1.3075018346982128
3293,329.3000000000064,26.947745286660123,70.65938514725383,3000.0,250.0,0.0,0.0,-1.3075037868383015
3294,329.4000000000064,26.947803800828126,70.65914162295822,3000.0,250.0,0.0,0.0,-1.3075057396582732
3295,329.5000000000064,26.947862314572053,70.65889809840793,3000.0,250.0,0.0,0.0,-1.3075076931950116
3296,329.60000000000645,26.947920827891735,70.65865457360293,3000.0,250.0,0.0,0.0,-1.3075096474883443
3297,329.70000000000647,26.947979340787,70.65841104854317,3000.0,250.0,0.0,0.0,-1.307511602579122
3298,329.8000000000065,26.948037853257667,70.65816752322858,3000.0,250.0,0.0,0.0,-1.3075135585129276
3299,329.9000000000065,26.948096365303538,70.65792399765913,3000.0,250.0,0.0,0.0,-1.3075155153411266
3300,330.00000000000654,26.94815487692441,70.65768047183472,3000.0,250.0,0.0,0.0,-1.3075174731172645
3301,330.10000000000656,26.948213388120063,70.65743694575532,3000.0,250.0,0.0,0.0,-1.3075194319016126
3302,330.2000000000066,26.948271898890262,70.65719341942085,3000.0,250.0,0.0,0.0,-1.3075213917592396
3303,330.3000000000066,26.94833040923476,70.65694989283122,3000.0,250.0,0.0,0.0,-1.3075233527630674
3304,330.4000000000066,26.94838891915329,70.65670636598637,3000.0,250.0,0.0,0.0,-1.307525314992852
3305,330.50000000000665,26.94844742864557,70.6564628388862,3000.0,250.0,0.0,0.0,-1.307527278537492
3306,330.6000000000067,26.948505937711285,70.65621931153063,3000.0,250.0,0.0,0.0,-1.3075292434946144
3307,330.7000000000067,26.94856444635011,70.65597578391957,3000.0,250.0,0.0,0.0,-1.307531209974998
3308,330.8000000000067,26.94862295456169,70.6557322560529,3000.0,250.0,0.0,0.0,-1.3075331781029864
3309,330.90000000000674,26.94868146234563,70.6554887279305,3000.0,250.0,0.0,0.0,-1.3075351480176276
3310,331.00000000000676,26.94873996970151,70.65524519955225,3000.0,250.0,0.0,0.0,-1.3075371198759809
3311,331.1000000000068,26.94879847662887,70.65500167091801,3000.0,250.0,0.0,0.0,-1.30753909385852
3312,331.2000000000068,26.9488569831272,70.65475814202763,3000.0,250.0,0.0,0.0,-1.3075410701728387
3313,331.30000000000683,26.948915489195947,70.65451461288094,3000.0,250.0,0.0,0.0,-1.307543049054349
3314,331.40000000000686,26.948973994834493,70.65427108347777,3000.0,250.0,0.0,0.0,-1.3075450307810457
3315,331.5000000000069,26.949032500042147,70.65402755381788,3000.0,250.0,0.0,0.0,-1.3075470156779148
3316,331.6000000000069,26.94909100481814,70.65378402390108,3000.0,250.0,0.0,0.0,-1.3075490041236464
3317,331.7000000000069,26.9491495091616,70.65354049372708,3000.0,250.0,0.0,0.0,-1.3075509965812315
3318,331.80000000000695,26.949208013071537,70.65329696329559,3000.0,250.0,0.0,0.0,-1.3075529935956054
3319,331.90000000000697,26.949266516546817,70.65305343260627,3000.0,250.0,0.0,0.0,-1.307554995841434
3320,332.000000000007,26.949325019586123,70.65280990165871,3000.0,250.0,0.0,0.0,-1.307557004149473
3321,332.100000000007,26.949383522187908,70.65256637045246,3000.0,250.0,0.0,0.0,-1.3075590195753048
3322,332.20000000000704,26.949442024350336,70.65232283898696,3000.0,250.0,0.0,0.0,-1.3075610434621339
3323,332.30000000000706,26.949500526071184,70.65207930726154,3000.0,250.0,0.0,0.0,-1.3075630775882758
3324,332.4000000000071,26.94955902734771,70.65183577527539,3000.0,250.0,0.0,0.0,-1.3075651243450581
3325,332.5000000000071,26.949617528176443,70.65159224302744,3000.0,250.0,0.0,0.0,-1.307567187092293
3326,332.6000000000071,26.94967602855285,70.65134871051632,3000.0,250.0,0.0,0.0,-1.3075692707059559
3327,332.70000000000715,26.94973452847077,70.65110517774018,3000.0,250.0,0.0,0.0,-1.3075713827287279
3328,332.8000000000072,26.949793027921313,70.65086164469632,3000.0,250.0,0.0,0.0,-1.307573535679863
3329,332.9000000000072,26.949851526890573,70.65061811138055,3000.0,250.0,0.0,0.0,-1.3075757526867189
3330,333.0000000000072,26.949910025353688,70.65037457778537,3000.0,250.0,0.0,0.0,-1.3075780842101412
3331,333.10000000000724,26.94996852325347,70.65013104389347,3000.0,250.0,0.0,0.0,-1.3075806791794302
3332,333.20000000000726,26.95,70.65,3000.0,250.0,0.0,0.0,-1.3075845166813502
