timestamp,ax,ay,az,roll_rate,pitch_rate,yaw_rate
0.0,-0.010489183332994643,0.006792792449021486,-9.805964338390647,-0.0004753105785380174,3.7775857874431706e-05,0.00024006443232392407
0.1,0.0009884797827580762,0.0008898497753120364,-9.803356378308584,0.001000268141320906,0.0015345516602175398,-9.553432100134856e-05
0.2,-0.00735953062993638,0.007049264481027246,-9.813202646279013,-0.0008287560805115104,0.0017180925101775333,0.0008617532028918947
0.30000000000000004,-0.0036109595881413737,-0.003274124521232889,-9.805966264067298,0.00019001968854600858,0.00046162101640949134,-0.00011593769333546619
0.4,-0.018650290669150988,-0.018724725849641063,-9.800363016000654,0.00021543328111540231,-0.002207821431064641,0.000323241378923331
0.5,0.002909552327032413,0.007163046130982834,-9.80995937600189,0.00031764217090455573,-0.0008495003170347888,-0.0016286033002139559
0.6,-0.002558273383264991,0.0010811085615527727,-9.813707703225706,-0.0015918799678146217,-0.0005089645593391045,-0.000727490401708864
0.7,0.006835970633676011,-0.012345927249610844,-9.820531067244536,-0.0006680769499527727,0.00011576300870349436,0.0011025708606158093
0.7999999999999999,0.004147223180915664,-0.014596176173935644,-9.820489912964794,0.0015247718938571574,0.00015911180424439547,-0.0002468432297573946
0.8999999999999999,0.0039101743908509365,0.005933905617768398,-9.793335785789619,0.00015317648407628818,-0.0007560674700929248,-0.0009917700787432978
0.9999999999999999,0.00938737947036718,-0.0003147619357221792,-9.80846959266641,0.00046158745395889354,-0.00102375554010054,0.001616182558034217
1.0999999999999999,-0.0027387830587780764,-0.00217242413436647,-9.812864040114523,0.00012772897233462627,-0.0003657949320465016,-0.00035118748658987574
1.2,0.006152165338249614,0.012955541498838805,-9.802880519964035,-0.001194315235945431,-0.00039037499165792236,0.0013918018099970068
1.3,-0.00016059607235736396,0.001151790161994984,-9.812285284512665,0.0015095665564463056,-0.00045826308820397037,-0.0004609169209509602
1.4000000000000001,0.010160752676774378,-0.015872795119838808,-9.814673289478328,0.0025032879170217522,-2.888437882610282e-05,0.0003710500936778797
1.5000000000000002,-0.01995109899181284,-0.001536706280490548,-9.820185965236822,-0.0007370804399160314,-0.0008151814569338463,6.929941991488455e-05
1.6000000000000003,-0.0031318444439423433,0.009663753751631974,-9.832885301562987,-0.0006978317405827883,0.0006839882598636484,0.00034246179752891244
1.7000000000000004,0.013721977637729692,-0.005088107824986083,-9.800361421372532,0.00048623874829622685,-0.0012845975778509996,-0.001785671447178961
1.8000000000000005,0.018617133457536083,0.010888477472708243,-9.808952086276738,-0.0008013282943813762,-0.0018273466075024861,-0.00038345919460782633
1.9000000000000006,0.0006706372132022269,0.01553194732583312,-9.813619957104555,-0.00014347253281949765,-0.00014031735776338542,0.001027621393280451
2.0000000000000004,0.015347794810105024,0.018448346889070606,-9.81000373757366,0.0007261382291559863,-0.0010033645058957913,-0.0006962170220599581
2.1000000000000005,-0.0037328810338659174,0.008049954905768097,-9.83190225721208,4.770370961472634e-05,0.0019390491250461394,0.0010556585157585334
2.2000000000000006,0.01402852584728002,-0.005759144158195618,-9.8068110237551,-0.0009279738025002263,0.0016018680498239167,-0.0003772141857502127
2.3000000000000007,-0.004226723345969233,-0.010066488512652334,-9.8071905888708,0.0015076926217389012,-9.02078908299917e-06,-9.481334743751217e-05
2.400000000000001,-0.00464938787992471,0.011481472504678649,-9.808750978386584,0.0005113191729948382,6.749471957136323e-05,0.00017019547354026735
2.500000000000001,0.007237574978899949,0.006850437120293702,-9.824260080973486,-1.2841917904302672e-05,-0.00018710193629909255,0.0004952176952812066
2.600000000000001,0.012396349294857306,-0.006797009120074106,-9.816606299589777,-0.0013783397181162218,-0.0005853952185828779,0.001213692597113986
2.700000000000001,-0.006093344732801358,0.013209492979555412,-9.809250081674339,-0.00016510429022692497,0.0001413234073295631,-0.0004728597767068946
2.800000000000001,0.003935874632243206,0.00039953829516159076,-9.828251332231188,-0.0007545454048569144,0.0005226060300540352,-0.00025882169944268927
2.9000000000000012,-0.021520886857931333,0.010293833024191132,-9.795772090161089,-0.001215024782425354,8.680753068470154e-06,0.0008072639974854216
3.0000000000000013,0.004633908060166748,0.0062976271179628895,-9.824741497010695,0.0010073598254336264,-0.0003293034727516298,-0.0005127392749094295
3.1000000000000014,0.004739334375845583,0.009864770484821343,-9.801266212473127,-0.000718253857879384,0.00037061837295468,-0.001476270168481989
3.2000000000000015,0.008434465084932521,-0.008125613235745508,-9.817963835420386,0.0007676653367912659,0.00025957682892392404,-0.0007594372403694204
3.3000000000000016,0.006641700213770993,0.017845980740221142,-9.8242137832161,0.00017654744090759582,0.00013340420488714997,0.0002643451635732174
3.4000000000000017,0.0016551438296351169,0.01046280427574486,-9.802185906532777,0.00016439698475511605,0.001004096632763574,-0.0003696475487731723
3.5000000000000018,0.018004163088792446,0.0005143861741300652,-9.811966606961589,0.0005837414111336332,-0.0009567954735832714,-0.001120733029877236
3.600000000000002,-0.007081317441330921,0.014062298249829176,-9.803537798234778,-0.0006422005134344355,-0.00010464390130266384,7.84043634657165e-06
3.700000000000002,-0.006980931721893922,-0.004518137711905856,-9.819696808369342,-0.0013777839673324663,-0.0007990708729432998,0.0012558322296139434
3.800000000000002,0.005694652185331205,-0.002145256771165216,-9.806647533239587,-0.0010885423234224569,0.0003651932905065674,-0.0001291808756334213
3.900000000000002,-0.004412677213932543,0.003987931823995299,-9.811187679832763,0.0020983801837332096,-0.000923638477557752,-0.00017514591177470771
4.000000000000002,0.003195455107721214,-0.0007609767876699715,-9.793023408173521,0.0001971992432932519,-0.0017677889133791084,-0.0006660893715568451
4.100000000000001,-0.024004395452712123,0.0005672323806072046,-9.813549189814516,0.0006276871956702663,0.0009194418524920482,-0.0008179366843288009
4.200000000000001,0.0014089540488877298,0.0002692803074529085,-9.793908059798127,0.00015994803501370486,-0.00031533748927994545,-0.0003688367534881234
4.300000000000001,0.00498850807163482,-0.016564328085303823,-9.818931260572306,-0.0009631041501709592,-0.0014058422102602853,0.0006239890290337389
4.4,-0.017515234982565086,0.014720025129962493,-9.822583765476322,-0.0008071552113449976,0.002554405392649207,-0.0012818267476938604
4.5,-0.00478561628342832,-0.001003528149886993,-9.832125833467583,-0.00035197442404229505,0.00020155697045701274,0.0007470069691939647
4.6,-0.0011435375551983138,0.0071814852239295126,-9.805277406104958,-0.0011451637654579664,0.0010282841224315534,0.0006178513254830695
4.699999999999999,-0.0007712198984107372,-0.002187967446746055,-9.809444552526106,0.00015812694569576708,-0.000335515423219731,-0.0009477150747647007
4.799999999999999,0.007504278919699813,0.0006493777537722152,-9.805415448159323,0.0012132832940331296,-0.0009365515007738923,0.0004700670289510408
4.899999999999999,-0.0013527836430458795,0.0024805283365027285,-9.816544663682757,0.0012576414430338927,-0.001294687638982625,-0.00030523569178785443
4.999999999999998,0.0015833732064641263,0.002465934551956541,-9.80875359487387,-0.0015763535341996118,-0.0013974192562291208,-0.002141926196295916
5.099999999999998,-0.005635384102544944,0.015214241038625556,-9.813228147527274,0.0013128084044224011,0.0009186166615607179,-0.0006036824044809305
5.1999999999999975,-0.022215018813425802,-0.01955420760415623,-9.817377550871706,4.680249520443474e-05,0.001436719787592384,-0.0004176014056314404
5.299999999999997,-0.003674076073070435,0.007125505690719532,-9.805793960464207,5.9087381352830525e-05,0.0012684144722900177,-0.0001611093505993903
5.399999999999997,0.0013131109127338064,-0.007298765479913276,-9.801547865011573,-0.0013175841104267946,0.0008146628833192394,-0.0008090622566722495
5.4999999999999964,0.011275458601126942,-0.006402893792110333,-9.79650203682911,0.0017221156918964418,-0.0007178196260105693,0.0021561286415666906
5.599999999999996,-0.009623361782610997,-0.0030939428326519354,-9.819579644643676,-0.00011912155186203285,0.0002701601800821757,0.0001500358783731459
5.699999999999996,0.018629374337974056,0.010936497350208726,-9.811240548238782,0.00017423040715249202,-0.0011521345507074998,0.0008350699845190838
5.799999999999995,-0.014732289172035553,-0.01653958358150956,-9.8246502097302,0.002002711508637999,0.0005855893629161934,4.910775781234649e-05
5.899999999999995,-0.014392149828079924,0.0008623930869811173,-9.82522701080451,0.0008674366109458699,-9.364168864268521e-06,3.133034657265076e-06
5.999999999999995,-0.011044675908467663,0.009113901692310028,-9.810322528769353,0.0006405226114653412,-0.0006886873409085608,-0.000864890796681153
6.099999999999994,0.02455047061190891,-0.0018468601531218974,-9.810910313464312,0.00024091382336680775,0.0004659463484354145,0.0009632697102472395
6.199999999999994,-0.009446041275419825,0.004897179767572379,-9.802762942493946,0.00043357352090577883,-0.0014156898132209972,0.000902267275807735
6.299999999999994,0.010589425904328962,0.009423582528871889,-9.822545460589495,0.0011866746309090904,-0.00027602983575984226,-0.0005847388118975513
6.399999999999993,-0.0026371506203719287,-0.00923434298309666,-9.808983683622296,-0.0001771231667201586,-0.00046661542329442705,0.0011193246149086662
6.499999999999993,-0.0026993787352933936,0.009561469064932366,-9.816539016544636,-0.00034249900980746817,0.0005195287029155194,-0.000627175380006445
6.5999999999999925,-0.009254480424426108,-0.02363156879561648,-9.793409496368907,0.0011971546443851355,0.0004948814772541578,0.0009871727527865073
6.699999999999992,0.01689161980808923,0.01549732889870239,-9.814448932008297,0.001116711233685454,0.0005538960941064764,-9.508107127088017e-05
6.799999999999992,0.013579752206632325,0.007266849812785663,-9.805013558818018,0.00014675592692618353,-4.322965382985183e-06,0.00015276248788167213
6.8999999999999915,-0.0018857675031970684,0.0028475058540431953,-9.799142008437009,-0.0004989307051516404,0.001630660161546732,0.0003286709916258125
6.999999999999991,0.00153046545294179,0.02057874005989062,-9.805038173471434,0.0001129378565460744,-0.0012868989494249903,0.0013543682253305005
7.099999999999991,0.023615383879983323,-0.010592292876335483,-9.80738231815191,0.0009288434966489534,0.0011054655601321747,-0.00145115169234563
7.19999999999999,0.003831378809997244,-0.0015093092124947103,-9.800148762767636,0.00024060618884421062,0.0008447784820481716,-0.0012660810915505179
7.29999999999999,-0.013052673604678914,0.007689252251217119,-9.827804821143934,0.0006518334072761951,-0.00039093471591823844,0.0016293645146254574
7.39999999999999,0.0076957792704834965,0.01089906214215297,-9.81349689002665,0.0008373781146730836,-2.6653987898835867e-05,0.00025764755330260844
7.499999999999989,0.012363908825439831,0.008341499509867045,-9.817395846472271,-0.001264966789246591,-0.0012157748227676693,0.000556630956492729
7.599999999999989,0.007966005856533764,-0.02778751397714974,-9.822860766304442,0.0010489255338161575,0.0007271797609589921,-0.0017813043365261152
7.699999999999989,-0.0034828839928584677,-0.006317268276799928,-9.805129931874577,-0.0011859041167702243,-9.031246327880521e-05,-0.0016447330169615134
7.799999999999988,0.001022234207880412,0.0037151467838205166,-9.807161925382635,-0.0014551532683090703,0.00030679711905065755,3.84682941059301e-05
7.899999999999988,-0.012855977906102337,0.006793626784902096,-9.798972115087055,0.0010764961939125804,-0.0008058160449163571,0.0012058760822287041
7.999999999999988,-0.0010306503664051934,0.007226479194248124,-9.800878953556694,0.0012193391764977878,-0.00027214667902482635,-0.00025879769769506774
8.099999999999987,0.014377676706245748,0.012442370255254201,-9.8115363297622,0.0022910559706870288,0.0018048164064992296,-0.0002582133514920557
8.199999999999987,0.0030166812996553468,0.0035688089841760394,-9.80508813100378,-0.0009143494518423082,0.0004590473371499222,0.00010064214619205818
8.299999999999986,-0.001624873323585575,0.007374866088519085,-9.794523848345039,0.0003623986830985845,0.0007703071105598607,0.0002995490726802913
8.399999999999986,-0.005315783863555562,-0.015771093812718448,-9.80815924055881,-0.0007119115208002011,0.0006696210368948984,0.0012258280006623426
8.499999999999986,0.0056081061918126065,-0.015393868161708004,-9.810597199129747,-0.0010328427801351142,-0.00044924534523310277,-0.002136558316084949
8.599999999999985,-0.004177534321912321,-0.003730807513390999,-9.808773506895214,-0.0002378619457662269,0.0008396165769321542,6.32863029556423e-05
8.699999999999985,-0.01851383677224669,0.018927764497948283,-9.810938018172898,-0.0010645135981517478,-0.0009275042190526525,-0.00045755897911047786
8.799999999999985,0.011199199449654543,-0.008182290734229557,-9.825271385920454,0.0017747070860367152,0.0004105955988399162,-0.0009348172713109098
8.899999999999984,0.003332628145488261,-0.0008276041363882635,-9.802211673768992,-0.000771452479721734,-0.002051354619008805,0.00017033960197879028
8.999999999999984,-0.009441747288069709,0.005015365748258742,-9.808820803859275,0.0015116551363123405,-0.0003059953322361652,-0.0014552708773809854
9.099999999999984,0.010994567931344594,0.017096273214188083,-9.8149070862824,2.658392352889302e-05,0.0001373049374100578,0.0005046092644175834
9.199999999999983,0.007483889498880826,0.009415814179066747,-9.809814419544901,-0.0015472223982130205,0.0029232396568123938,-0.0005342164299980224
9.299999999999983,-0.014144004582812692,-0.01373227541191431,-9.799812926783137,-0.000626674281131059,0.0006982249846113023,-0.0010766180248666104
9.399999999999983,0.0006536060691648423,-0.018124657726605785,-9.80004546793495,-0.0006545162928724157,0.0003116258555802514,0.0001776934607349659
9.499999999999982,-0.003638410809136187,-0.013181566573492714,-9.806497598970136,-0.0005122154767621953,0.0012792401426824506,-0.002832340426468918
9.599999999999982,-0.004333869510746985,0.0005338504153622717,-9.811532994531458,-0.0003759998365642,0.0005067703393069151,-0.0017488776072183214
9.699999999999982,-0.01577478386587921,0.014849174218403554,-9.823337794040183,0.0013013082658459112,-0.0004393170651879376,0.001545778610041058
9.799999999999981,0.006995595444725502,0.005814949596780849,-9.826627117389984,0.0012725893112049038,0.00021358466708691195,-0.0004111951367766697
9.89999999999998,-0.0187088818298251,0.004756840274330715,-9.798976748221857,-0.00013830708388196103,0.0009288492706527629,0.0014929941637201248
9.99999999999998,0.004771287482917186,0.012589149483646908,-9.811449277180527,0.0003442788391373604,0.001024234649410578,0.00015010595976934523
10.09999999999998,0.013658974775399966,0.00409302452318544,-9.810438849266852,-0.0016184845558515372,-0.0014034987318517528,4.6651381291493744e-06
10.19999999999998,0.005822597603901426,-0.0064633557784210365,-9.814857605221459,-0.00036141485522596086,-0.0014190932058162759,-0.003104722055319413
10.29999999999998,-0.007490568732629808,0.013284344021999104,-9.787809960842608,0.003293448730269006,0.0007027910445559563,0.00029304349473294254
10.399999999999979,-0.014493539974794212,0.008836327491791059,-9.814059418257191,-0.00010315174155615862,-0.0002449553857546665,-0.0002983742625980939
10.499999999999979,-0.01282524719674379,0.02176749813595297,-9.811037318914025,-1.1708601058653235e-05,5.782720002487545e-05,0.0008029109896936036
10.599999999999978,0.007671487436644327,0.01495640179921707,-9.811815771471073,0.001476799423155165,-0.0019238908512860735,-0.0006302968899895361
10.699999999999978,-0.00034710621818120197,0.0005536528623808651,-9.818152454210967,-0.0010003224637533442,0.0011120841773451014,0.0002519199356905233
10.799999999999978,0.01941763248190936,0.026960639179218565,-9.826898249747964,-0.0006664880471362019,-0.0009221867025443467,-0.0010018820669862561
10.899999999999977,0.0014246231907766868,-0.0018408769803330228,-9.818367236048902,0.0012031182141001128,-0.0010276505781074594,0.0019035886915177672
10.999999999999977,-0.004653893022433948,0.015250593777563198,-9.821842582223523,-0.0002634586313663373,0.0016347549845606144,-0.001945138709613177
11.099999999999977,0.008956055706819703,-0.0010983696672263153,-9.815363563537579,-0.00012115134910490315,0.00026447904348625477,-0.001346949958926781
11.199999999999976,-0.012029215089637588,0.0011309777275333014,-9.814485592777801,0.00049852572291524,-0.0014784394879398229,0.0004291205539272605
11.299999999999976,0.006630082300139387,0.003613441865338695,-9.814318733532575,0.0016542094635562383,-0.002053256252301212,0.0001293995993024108
11.399999999999975,-0.004967733690411984,0.0037231402057521304,-9.810436910848583,0.00023880363297564515,-0.0011070317703334872,4.7620673337171875e-05
11.499999999999975,-0.011776405555980609,0.00842790346947808,-9.817476571240139,-0.0004839917887070836,-0.00021762249497135668,-0.0005393655318431266
11.599999999999975,-0.005277990535885958,-0.008664260496479092,-9.807585810108366,-0.0019084410186500508,-0.00046032073614959024,4.9098238717324055e-05
11.699999999999974,-0.0007158284535060989,-0.0009723095050936187,-9.803880307596216,0.00028378016950847147,0.00026418696885712584,-0.0009232694163593502
11.799999999999974,-0.0031101683422509086,-0.011390178442532031,-9.81118851222058,-7.943863863479375e-05,0.000985800378707964,-0.00041784048972746013
11.899999999999974,0.011260627970499149,0.006155309603766149,-9.802209517095614,-0.0008117653732330106,-0.0002679286132571068,-0.0003403525576782809
11.999999999999973,0.00430279003349894,0.0077149107598836935,-9.796554357030281,0.0003324635424667447,0.0011164970881641263,4.199240967206911e-05
12.099999999999973,-0.002462668034894074,-0.005107794292891935,-9.79658058049579,-1.823743489448635e-05,1.344438234624743e-05,-0.0015878712838501923
12.199999999999973,-0.00907001040857727,-0.003932485748714122,-9.82222894926922,-0.0009675638463552819,-8.482387881209334e-05,0.00010294470937846178
12.299999999999972,0.007351035411607853,-0.0031920912005614166,-9.77739165310421,-0.0015795730276433604,0.002080190274545043,0.0006840737587217972
12.399999999999972,-0.011344420117496114,0.016421445370133764,-9.808754645607323,-0.0007886758341283836,0.00012435749229647555,-0.00043010526765279995
12.499999999999972,0.010932912506377157,-0.00770095775934256,-9.798924063578632,-0.00014340413648179787,-0.00023469981464528162,-0.000790781579538366
12.599999999999971,-0.0004034261905417977,0.002772824573138501,-9.814346817676123,-0.0025616275437667477,-0.0003088178740092675,0.00018316669842337408
12.69999999999997,0.005920594523113027,0.003221692485142175,-9.81044684631273,-0.0008439926708403698,-0.0019304452552074533,0.00045419599791752987
12.79999999999997,-0.001260824974276604,-0.0025941018675743883,-9.796096116651743,-0.0006372177191031346,0.00015940318753664655,0.0002596494285964302
12.89999999999997,0.006087158492073031,-0.005108645950001419,-9.818178972685137,-5.769546965617329e-05,-6.463095446559693e-05,-0.0010530220755213013
12.99999999999997,-0.01006746868826219,-0.019439970617554047,-9.802541109821806,0.0006132850005718618,-0.00023626698312740444,-0.001872045856220586
13.09999999999997,0.006432331882115203,-0.007677966966933554,-9.81585312283453,-0.0011621875026170954,0.00037081502859113606,-0.00047208830570491864
13.199999999999969,0.005468948157423429,0.002800561816948093,-9.816608228545885,0.0014821198044221008,-0.000613042926823835,-0.0005328540520923991
13.299999999999969,0.009662871477956731,0.0028825230281003173,-9.805842572307041,-7.497953649986535e-05,0.0008480118756223088,-0.0005310925904721504
13.399999999999968,-0.007251306035746454,-0.006012654956018476,-9.792961692883173,-0.0005951462278496199,-0.0005702942251968819,-0.0010318311606290474
13.499999999999968,-0.006310050398481866,-0.0036712972940108808,-9.82496849118408,-0.0015596699190738058,0.0010075682785600192,0.0004967867009530313
13.599999999999968,-0.012258157049020044,0.00042155753331500753,-9.796865597048342,-9.108447530971365e-05,-0.00040965183638097915,0.0001165834785643009
13.699999999999967,-0.005729260665512504,0.019734413426371365,-9.821859289995453,-0.001172958942714454,0.001866093971233268,-0.001008516879431818
13.799999999999967,0.021239489492202387,-0.017484302195547863,-9.796578343180013,-0.0007405200516803993,-0.00028780803594222393,-2.2420431566137192e-05
13.899999999999967,0.010518939771259837,-0.0042979835177369245,-9.813220929529102,0.0008899254245361534,4.4806055019185243e-05,-0.0017086737712884094
13.999999999999966,-0.001542418819255122,0.0056998677742944445,-9.814286271688134,0.0002879243415165085,-0.0015411109091733079,-0.001215407677282037
14.099999999999966,-0.00462664976498695,0.003190262779746838,-9.804188850936079,-0.00022237166283660216,0.00047862605779163704,0.0011198674628167832
14.199999999999966,-0.004049456393662789,-0.008436493838404181,-9.803765340887521,0.0005744966281021844,0.0019397077823817338,-0.0018934898980607707
14.299999999999965,0.000534152534497614,0.015417473393485502,-9.805480594874851,-0.0018193285950757385,0.0002503464433000377,2.5020791481765386e-05
14.399999999999965,0.011125799776775943,0.006531524782560389,-9.80336490028045,0.002130696510543722,2.0005153485898577e-05,0.0010989570446230858
14.499999999999964,0.014232091035109843,0.016160556862715572,-9.808687901518004,0.0007865790487552657,-0.00021206007475568805,0.0006451634317917779
14.599999999999964,0.015508861863492644,0.009064411006602508,-9.802815310924997,0.0004483651921337815,0.0012496007411577745,0.00019768673053222939
14.699999999999964,-0.02234480657086965,-0.0006121906894769957,-9.785684790943758,0.0004339711674463886,0.0006602629038264424,0.0006783719455591612
14.799999999999963,0.017411739238635864,-0.009860156158584677,-9.804800548860586,-0.00034614606828523064,0.0005465427505558823,0.0007595163429330288
14.899999999999963,-0.0067045683495269,0.011679645581422584,-9.79731207077806,0.0003520494620461333,0.0008814632224303964,2.480170064002664e-05
14.999999999999963,-0.007420823374276643,-0.0023981760050481578,-9.813285248407645,-0.0016364542725213055,-0.0007869016258755546,-0.0007504520539643955
15.099999999999962,-0.010189330941920397,0.006326820336519452,-9.786097511218914,-0.003950193651295183,0.0003927090101458011,0.0019382913426813104
15.199999999999962,0.0002517160346958944,-0.012425189790800394,-9.826114601695618,0.0005691808063795506,0.0011962721439518903,-0.000162612321177175
15.299999999999962,0.01335079068671232,0.0022786911018393666,-9.808404897126326,0.0004611140101264869,-0.0006965513236058956,-0.0003818421240042223
15.399999999999961,0.0016890533133924173,-0.01000545726682929,-9.807668978475117,-0.0002715831604795671,0.0014679832598591298,-0.0003962779367775039
15.499999999999961,0.007734649622183753,0.0020767607490426478,-9.793413817720788,-0.0007641917839956952,0.0016506320488949636,0.0006610646359762619
15.59999999999996,-0.009598347949823933,0.004692253124005358,-9.808110008162874,-0.0005610334981716213,-0.0005858583628175792,-0.0006051329096167303
15.69999999999996,0.014204579404813691,-0.017926775332176504,-9.804204631285991,-0.0002734548430951825,0.0009598626980140741,0.00047838595007421077
15.79999999999996,0.004932200544622897,0.0051825403051061385,-9.826076915648397,-0.00047156041733880207,-0.003344264986784687,-0.001643109199773483
15.89999999999996,-0.0002500372841412173,-0.026413224478864614,-9.81687450755362,-0.0006573147343732631,0.001288300021255212,-0.00033460452733884773
15.99999999999996,-0.0039291559649778166,-0.004009351944538772,-9.809223708202305,5.110865920939518e-05,0.0005492743410628725,0.0005965575111485098
16.09999999999996,-0.010650663491374725,0.01161511507393321,-9.817424630922453,0.0006149663939544799,-0.001235737905624121,0.00048495644217481893
16.19999999999996,0.016249006395406124,-0.02378373962587962,-9.808543578208718,0.00099208168903007,-0.0012555168030236293,0.000678615234545732
16.29999999999996,-0.003912798026434326,0.005192693403121907,-9.802272779189359,-0.0004480885398220418,-7.886813316203231e-05,-0.0014308080615496011
16.399999999999963,0.007623286225052756,0.0017212335710605844,-9.82591184293614,-0.00040277455694780797,0.0006679800008788136,-9.897751687255426e-05
16.499999999999964,0.017192568932582832,0.006963470916987556,-9.806061448736058,-0.00023759543776407426,-0.0005862467036706282,0.00044441477866638996
16.599999999999966,-0.0020118313052951116,0.008891834917608078,-9.81915946618661,0.00048652190166453634,4.957713283000977e-06,0.0007976524557703151
16.699999999999967,-0.009761931662131363,-0.005571251535614354,-9.815932889016299,1.157919203709293e-05,-0.00187350415355951,0.00027363855777855315
16.79999999999997,0.0010315367751874117,0.0057157717290216336,-9.815589450874159,0.0002476807462215594,8.546605076628125e-05,0.0007852867078020152
16.89999999999997,0.013955987702727447,-0.0046832818758909996,-9.822246815460225,0.0005440682317094346,-0.0013059516478070223,0.00044815061531479773
16.99999999999997,-0.005058132430355187,-0.006749609193008714,-9.824807330877888,0.0028955842740350807,0.00020108805507125044,-0.0012120173067883442
17.099999999999973,-0.00423550424100569,-0.007552156672984853,-9.802988139998389,0.001638150118813429,-0.0005246034705296686,0.001109612091282555
17.199999999999974,0.009237054479907525,-0.01037933379313688,-9.822353220437947,-9.198632653152638e-05,-0.0004678822238277663,0.001639525652625473
17.299999999999976,-0.004944750177999746,0.01570447421904431,-9.807529538024978,-0.0014415393977422343,-0.0003532623191639622,-0.0004079063631208076
17.399999999999977,0.010109046190113092,-0.004238685768232907,-9.799905287349398,-0.0003574243523591199,0.0005367782270558405,-0.000777785500625258
17.49999999999998,-0.006788462651796326,0.00488774084374828,-9.807478256430981,-0.0012349567567535456,-3.3351959986198485e-05,0.00011039048981946603
17.59999999999998,0.0005577461845762224,-0.0006304460269035418,-9.814856247119181,0.0006171830836213092,-0.00017440458725533745,-0.0006441948164156934
17.69999999999998,0.006288045509180082,-0.017965668181761076,-9.823535788451741,-0.00010715407563024183,-0.001199827808745583,-0.00032649159249329866
17.799999999999983,-0.005057238985222561,0.0019648957825857327,-9.798531926474311,0.000664260840477543,0.0011692918671872448,0.0009273204143119998
17.899999999999984,-0.011601188541051053,-0.015009320225432313,-9.819376779718098,0.00042418643692942115,-0.0005132233728607626,0.0010356017592513223
17.999999999999986,-0.008324773669684782,-0.018256706289917768,-9.806735221630795,0.0018736687431813327,0.0008948992189802748,-0.0007414044701902699
18.099999999999987,-0.0228024384829408,-0.004270748818147173,-9.815280148747172,-0.00028417574829632465,0.0006033966828990223,-0.0007884954146599357
18.19999999999999,0.007360089815602729,0.014877359957924573,-9.8233250267963,0.0018699819987194936,-0.0006549627119745614,0.0005197844149967672
18.29999999999999,0.006387011914096048,0.015919714128145288,-9.808980288090826,0.0005751723662764339,-0.001177300064629064,0.0010728843710032627
18.39999999999999,0.03105579896835495,-0.0005982033114750484,-9.807073856942452,-0.0018877546668247835,-0.0010955491844246335,-0.0003363808619231238
18.499999999999993,-0.00924733852255871,0.02293247486978611,-9.809484290081256,-0.00013849982564427375,0.0013306235393748683,0.0018564707017125809
18.599999999999994,0.03818976592100294,-0.02761094440122605,-9.81255924923446,0.001117808940684374,0.000286048062032523,-0.0006741731303210284
18.699999999999996,-0.0048567645587721826,-0.0012959504950562982,-9.80436701497596,0.000804531418699655,-1.4714099049447357e-05,-0.00016740387915725527
18.799999999999997,-0.004030497103182302,0.0005219701335170221,-9.811195620787258,0.002101467226262453,0.0005031533087129986,-3.776554380851754e-06
18.9,0.0004908515655037612,0.006461549602751472,-9.809767304190146,0.0008495727008131882,0.0011542927106034545,0.0006623254736940799
19.0,-0.011579612350493816,0.008535337182409888,-9.793939612944214,-0.0021600399436238525,0.00026743210362902036,-0.00020836115502786425
19.1,0.003162319049624581,-0.0032317971180750066,-9.823074915894868,-0.0009523521664683443,-0.0012619064262478015,0.0012343007954569597
19.200000000000003,-0.019588489342206007,-0.013022702301606102,-9.812442232282079,0.0011935194036340096,-0.0007445646653077572,-1.8899368148206944e-05
19.300000000000004,-0.005924669051240568,-0.023265613908551967,-9.811281876302179,-0.0010996874120040312,-0.0006446272096832564,0.00052650194130232
19.400000000000006,0.01960351547589308,-0.0024706323760572938,-9.808936987680942,0.0001632506415485803,-0.001967796241069422,0.0010102728310895533
19.500000000000007,0.0031031263825981367,0.01598244562649303,-9.803958537361714,-0.000665817688787781,-0.0009802464752009293,-0.001025468832299924
19.60000000000001,0.012538983835788574,0.009007607196830426,-9.810268158055958,0.00020143985442901626,-2.5708301156026534e-05,0.0025299807677656295
19.70000000000001,0.006235022221223376,0.00305963525571795,-9.814835213983628,-0.0004205991209878271,-0.0010728530838639892,-0.0012612408842089054
19.80000000000001,-0.0151118476863061,-0.0004882831981141691,-9.813119514078767,-0.0014651528242310187,0.0007411084248079319,-9.185133293353586e-05
19.900000000000013,0.007946690499630862,0.0022969918364114596,-9.799674229804404,-0.00016718952889301834,-0.0013464972746572354,2.4962762392300183e-05
20.000000000000014,-0.0003124616150581054,-0.0005465348385863099,-9.812742199173535,-5.5284925281092584e-05,-0.00015404779164221325,1.4958559075215247e-05
20.100000000000016,0.009366913243327297,0.008998487201848367,-9.817139087035054,0.00016043032433714,0.00025460548129015734,-0.0006159867251610867
20.200000000000017,0.004283155119790706,0.005116709717733729,-9.817066610835415,0.0009027212244522357,0.000543391279845719,-0.0006039700774398032
20.30000000000002,0.0012664231272658047,-0.015558115271737123,-9.815403692204887,-0.0004149120042879668,0.0007745801262132449,0.002042890728976366
20.40000000000002,-0.014977362457934865,0.008991813451740218,-9.792566988023879,0.00157677889057671,0.0007053385820681664,0.00041920223306044093
20.50000000000002,-0.01776746293344376,-0.006675336419439962,-9.804736419097221,-0.00014806803807716222,0.0008234274512923017,0.000324473057891338
20.600000000000023,-0.013601616605344518,-0.0020832663569885315,-9.797935370443902,-0.0015774575648076264,-0.0007755289339227499,-0.002274726317589947
20.700000000000024,0.0019290235487610505,-0.002468131294489541,-9.811636650322768,0.0002496879307656654,9.650176579404253e-06,0.0012213028470575826
20.800000000000026,-0.017383550910602983,0.0007771221050823596,-9.800894885103867,-0.0009987275994377874,-0.0003811932010510117,7.437329951675683e-05
20.900000000000027,0.0028174488455535,0.022527569726730087,-9.791936222697991,-0.0006298865928414574,0.0005496800166143397,-0.0016305412651953558
21.00000000000003,0.007308705150401975,0.008391452349642437,-9.791884498446038,6.813591843600289e-05,0.0004887377017929699,-0.0018005571910161828
21.10000000000003,-0.0054593786578426675,-0.006191110102789398,-9.810916973080554,5.417401327424505e-05,-0.00010112879251501242,0.0015652740225968393
21.20000000000003,-0.005803086909451228,0.0023114251043293596,-9.803914092689384,-0.0008591292424931815,-0.000595598121761686,0.0001451926963997869
21.300000000000033,-0.02466395085103745,0.014103247135087472,-9.814815218723457,0.0003602355443990115,0.0012752092720377673,-0.0009482754924491377
21.400000000000034,0.0020519082281374385,0.0005764849870451771,-9.814305567060996,0.0009239357717610404,0.00011210212418210597,-0.0002868055817249662
21.500000000000036,-0.001218088588532616,-0.010915430801109018,-9.808883816531347,0.0004791007790554423,-0.0005518698541699702,0.00015121324310014115
21.600000000000037,0.037091571860871544,0.011580779420829117,-9.811668220352006,-0.00153784861113316,7.414146080412785e-05,-0.0004662765534315487
21.70000000000004,0.0008189507242378551,-0.007417517069471257,-9.820902765040644,-0.00038310127185825916,0.001762398943352225,0.0013281632080760165
21.80000000000004,0.007179376592045486,-0.01281729602732246,-9.814924545578236,3.79686887325474e-05,0.00017764472825520825,0.0001941520170284632
21.90000000000004,0.014153424383682263,-0.01946531341541224,-9.810693944928028,-0.0007444080623068886,0.001632513413251456,-0.0026409931055504914
22.000000000000043,0.012797460698372875,0.004214829777097433,-9.805443072661012,0.0010283995484160501,0.0011042991856492052,0.0009517256700068632
22.100000000000044,-0.004159805231070299,-0.014272552869370674,-9.820380896243684,0.0006725440151326699,0.0017666224365582859,0.001685216556204554
22.200000000000045,-0.005086035836373255,-0.010989775781353954,-9.81921054735424,-0.0020995171115336655,0.0003132103282781351,0.0008838585479195552
22.300000000000047,0.0005860688793170908,0.008351001016761159,-9.802320418001555,-0.0009469825945885353,0.000433816034087095,0.001033920583682168
22.40000000000005,-0.02158854948747652,0.007723770294193111,-9.794599372795922,-0.0006775289628886162,0.0011100306825090462,0.001707615214783848
22.50000000000005,0.009268815666641197,-0.006154647360429264,-9.806031611735433,0.0010008131499325299,-0.0008532691910784765,-0.001506937336882706
22.60000000000005,0.01896582985378394,0.009039416200287571,-9.804572486418518,0.000860507729063069,0.0004708499170512148,0.0029074205841291643
22.700000000000053,-0.006426090926144792,0.0007831369935341199,-9.809234963068537,9.367005098603553e-05,0.0012089970751070877,0.0012228387040382448
22.800000000000054,0.013992946863784527,0.011528968089275586,-9.806155315517188,-0.0011124206233278828,-0.0005644604163376867,-0.0003165606772585088
22.900000000000055,0.0019392005510865268,-0.01587319644689363,-9.821857534304746,-0.00012152266876634817,-0.00014197604804537978,0.0005729384113487769
23.000000000000057,-0.015381839423641136,0.01991693490633815,-9.823319048171577,-0.0006668932653100771,0.0016950472097700584,0.0013132756015100857
23.10000000000006,-0.009551876413422181,-0.004117825424136612,-9.808898822072756,0.0001769789943665614,-0.000839224237057432,0.00033323909427942453
23.20000000000006,0.003211261123831826,-0.02184695654511395,-9.831816280090383,-0.0008748218058581994,0.001933792613499873,0.0008850595778035649
23.30000000000006,-0.026737505934132818,-0.002386853190817746,-9.802179256697535,-0.0008200861901496364,-0.00023735972863507348,-0.0006729366086529956
23.400000000000063,0.005241107778743563,0.018862985872205265,-9.82005157745479,-0.00026237130757432626,0.0005720968837420498,-0.00011286054621244105
23.500000000000064,0.010644395983746998,0.0024824102698003158,-9.829982549774748,0.000626477081379409,-0.00038686535913313514,-0.0004260001347556866
23.600000000000065,-0.0013697717450467024,-0.011538454059019685,-9.80252072080327,-0.00016455471551812215,0.0004262189658934273,0.0005651350340787505
23.700000000000067,0.005951355131016438,0.011434429997318887,-9.819669575307037,0.0006628078550643706,-0.0016694172074587475,0.00040364253494517204
23.800000000000068,-0.002454043870935774,0.0011336312121463165,-9.804534951941475,0.000254887332824075,-0.0012705781359795844,0.0017121924232192964
23.90000000000007,-0.01034806695727142,0.001615790319847859,-9.80904058344793,0.0002979536168666875,0.0007169504958316542,0.00021851584114738999
24.00000000000007,-0.005805882101564088,0.014388608577754116,-9.805940905214293,-0.0009115348245800424,0.00041179580192504445,-0.0006852270410456855
24.100000000000072,0.0027477284853599858,-0.009572653456291925,-9.80203704177736,0.0020102896121721287,0.000959053410316532,-0.00015460350653839815
24.200000000000074,-0.005032813501881727,-0.011888037616541499,-9.812530888811052,0.0007623823330805109,0.0008372994016166785,0.0004810587366006978
24.300000000000075,-0.006264351257648002,-0.003326052588668881,-9.806375519861525,-0.0003386249657495916,-0.0009728855730146423,-0.0006029476174034137
24.400000000000077,-0.009040069595279528,-0.00774638765919071,-9.802386885943976,4.879589947539924e-06,0.0009724139176138151,-0.0022977288660120214
24.500000000000078,-0.005969233412868431,0.02214511082740641,-9.807113628745089,0.0016814970879748363,0.000302668479400314,0.0006851354503552009
24.60000000000008,-0.006439070103530127,-0.012113594116524844,-9.815650016743064,-0.0010651831991620386,-0.0010334688098549343,0.0014547112099243683
24.70000000000008,-0.006382438321786067,-0.003938482148888643,-9.811862390382107,0.0013105319270073363,0.0008911548870732058,0.0018453598416700774
24.800000000000082,-0.013377735018019568,0.013391242834568723,-9.819011032208875,-0.00023282513932260983,0.00042183178460724073,0.002783223197934888
24.900000000000084,0.004654010156936431,0.01255372038754774,-9.835197825255815,-0.0010692021716216047,-0.0005836507476099086,0.0003396771845963269
25.000000000000085,-0.010988816063331516,0.003075143045159436,-9.811789551041045,0.0013279574561814768,7.556021887261837e-05,2.0441512233370184e-05
25.100000000000087,-0.019656684273810388,0.0008809393956323937,-9.801035344405413,-0.00047889025256826756,-0.000455880809908694,-0.0008294273915749071
25.200000000000088,0.012171884880670369,0.012906793392019472,-9.833132821817504,0.0006554390670029159,-0.0011460518558117693,0.00027614625448137587
25.30000000000009,-0.003958481803130257,-0.008304407705940155,-9.832749033642283,-0.0007775122435136634,-0.00041932798332497434,0.00024617641841915037
25.40000000000009,-0.012441489499318227,-0.004959331603454324,-9.830691706418378,-0.0019836734927675126,-0.0008507109520325854,-0.0012375137231202267
25.500000000000092,0.006228342546843941,0.00306630357174794,-9.809288928031972,-0.0007282797652318423,0.0008386326833067739,0.0014473328795341263
25.600000000000094,-0.001393843906862809,0.0038371910458700823,-9.811310944914759,-0.000871383388307973,-0.0005714352562745888,-0.002817308206062414
25.700000000000095,0.0018825716829438733,0.0010251438567620292,-9.827740336954525,-0.0008452378250246724,-0.00108794956040394,-0.0006422775183395416
25.800000000000097,0.007288972004958848,0.0035531926852308262,-9.821731753066818,-0.0008783218218138948,-0.000957022822079058,-0.0005959005234015868
25.900000000000098,-0.004379084000537064,0.015884374684755197,-9.816599411847754,-0.00017609797231430245,3.2790953006811354e-05,0.0002971723026814102
26.0000000000001,0.008803024198530067,-0.0038333886027389474,-9.81023753807965,0.0014112747340200781,0.0019397738598394465,0.0008304688383571617
26.1000000000001,0.008313573132964632,0.0015019149794421852,-9.821134260779992,0.0023441951099096125,-0.0006688643315608553,-0.0001552127451000553
26.200000000000102,0.015813183589647454,-0.00010544738416939674,-9.783905835507648,6.970592819740938e-05,-0.0006534595998769394,0.0008136169728386116
26.300000000000104,0.006827363578027061,-0.0176703333524862,-9.812844864686674,-0.00042674712091531547,-0.0005229329218181239,0.0011428082455087992
26.400000000000105,-0.014750775547427254,-0.0042668318884013,-9.79933516624781,0.0011998893906608585,0.00041251625997869876,-0.00014696723691030866
26.500000000000107,-0.0026896510614720327,0.008538018487651648,-9.822717651996982,0.0006792812059598907,0.00031424800015432245,8.371971239207185e-05
26.600000000000108,-0.00144742320369063,0.004269722316917889,-9.796602954910774,-0.00011182726258705046,0.001971570578331957,0.0008103158345089654
26.70000000000011,0.004645619252712411,-0.0037206919723561903,-9.810058400944484,-0.00021917007197985803,0.0008574421590672494,0.0022272237631010446
26.80000000000011,0.011080265088149311,-0.001630745463433836,-9.800593450683815,-0.0005063733922119028,-0.0011471205171964245,0.0007034968536998051
26.900000000000112,0.007688011694544473,0.0014834970153589228,-9.808907870722146,9.361116212715153e-05,0.00027633177752619306,-0.0004143107713646209
27.000000000000114,-0.016839243647327792,-0.0028964662060978375,-9.806599151389182,-0.0015712204898538763,0.0009727358020462373,-0.0006197518396683577
27.100000000000115,-0.011332392801072186,0.01862154308420648,-9.801389413232036,0.00032271576224797525,-0.002112301285246613,7.179755360196632e-05
27.200000000000117,-0.004731999127679138,0.014597761802319633,-9.803985393816138,0.0020335404285675325,-0.00019125741958021672,0.0009469355109565377
27.300000000000118,0.009575962961554378,-0.015692931289884603,-9.81594770131276,0.00010198010720222736,0.000891729536855802,0.000721349196904664
27.40000000000012,0.005690552270820936,-0.00635585029405337,-9.806764092400318,0.0003194505860061982,-6.914084029191476e-05,-0.0004776672353433854
27.50000000000012,-0.0013574525335168974,0.005468930479578713,-9.801325803089819,0.0012115846764881428,0.0010751037858979173,-0.0022663546172368644
27.600000000000122,0.006847187647924916,-0.014524617569330177,-9.812976822610358,-0.00015320427287213645,-9.113327990196774e-06,0.001029998828233213
27.700000000000124,-0.007972291703326922,0.003911256368910311,-9.819687634074066,0.0005250264541003006,-0.0008935187404510345,0.0006580483461055519
27.800000000000125,-0.01188205381985354,-0.01246561631599626,-9.826384122066685,0.0009280240522300982,0.0016252730285398747,-0.00029699531606926216
27.900000000000126,-0.0023410877456216347,-0.0020974447102438537,-9.821819227132186,-0.0001397943322948031,-0.00031733029142154125,-0.0010501350417537081
28.000000000000128,-0.0022506058631882927,0.01625306008637461,-9.816623597404565,0.0009903392082757515,0.0004854330407965182,-0.0013322355953661951
28.10000000000013,0.004391938022564969,0.018680066678012867,-9.822235908944815,-0.0012904623332840991,-0.001063551719914264,0.0016084924196952228
28.20000000000013,-0.016368452456867064,0.021854443404074157,-9.801315976345654,0.0005173679547190212,-0.0008777738617712206,0.0004044484592910007
28.300000000000132,0.014966407579291912,-0.008177540389127904,-9.803672388854757,-0.0006443181452402677,0.0009736503207352186,-0.0001913412463068306
28.400000000000134,0.010970919789487022,0.018371792138798818,-9.776418607420993,-0.0011309112210674478,-0.0009583216250193563,0.0011427307798733846
28.500000000000135,-0.0016154889642977061,-0.00766811183806987,-9.799374266861523,0.000521399200286632,-0.000717683528715363,0.0012486270523933475
28.600000000000136,-0.00026354068232829953,0.01156007224443453,-9.815149970960933,0.0004620802176160913,0.0006230203707749738,-0.0002947426542907401
28.700000000000138,-0.003900197746350907,0.007977915100810517,-9.796400147521428,-0.00043116437413394826,0.0004349062168605808,-0.0006360384299537878
28.80000000000014,0.005119940685799709,0.0237122225723415,-9.787912139779454,0.0008417295640557263,0.0022202354941192747,-0.001171740851475695
28.90000000000014,-0.012975416137854957,-0.004639346875696108,-9.812129358487653,0.0009800469418771902,5.230456342261346e-05,0.0004571242208043362
29.000000000000142,-0.002877554133894853,0.004171627887084534,-9.810655299383304,-4.9692284816688786e-05,-0.0005601787715688307,-0.00014240183851792708
29.100000000000144,-0.018054855003170663,3.7011634527600607e-06,-9.804867019367158,0.0007315507236966125,-0.000402802994289071,-0.0024415631294276417
29.200000000000145,-0.010853940126385367,-0.011385961643891756,-9.821774301701227,0.0010274488809613965,0.0018346534111466468,0.0011313066589184718
29.300000000000146,-0.013110860305813248,-0.005146697195837553,-9.808336853088466,-0.0012568810329202376,0.00019925965166082298,-0.0008156979722174679
29.400000000000148,0.0018402450727195733,-0.01032612848401102,-9.80077666717265,0.0011544125922071905,0.0009640488473598173,-0.0015557585806987534
29.50000000000015,-0.013014998204738283,-0.011539315247932625,-9.816090628101346,0.0005324317208297598,-0.00011813158312778045,-0.0002214627857541785
29.60000000000015,-0.0006534232584232469,0.003184323860153393,-9.798035342703583,-0.00046192955001672013,0.0008949483391812972,-0.0012183852531260809
29.700000000000152,0.0034931528324255974,-0.011706550504699,-9.798183954056658,-0.0008285197817474414,-0.0003828336331800976,-0.0006030344225096583
29.800000000000153,-0.006842215296635216,0.00540760630566547,-9.807153522950824,0.0014839180384338473,-0.0007856234966679247,-0.0027087685392600865
29.900000000000155,0.003823818980146966,0.005120720008759896,-9.82255264840889,0.000742837893340697,0.0001781982696619317,-0.0011588474389329529
30.000000000000156,-0.006094751768395881,-0.0028272174776855087,-9.806957037043905,0.0011745561656730469,0.0005065266336812099,0.0011026927999143348
30.100000000000158,-0.006299744320140727,-0.0094869376140156,-9.800963024754873,-0.00122863255688187,0.001907240931243711,-0.00029981224466503817
30.20000000000016,0.019724480288221737,-0.001198873794623329,-9.811786175254259,-0.001649883623211626,-0.001639992052272318,-0.0006015406243638965
30.30000000000016,0.009387985337742894,-0.0008441238560189663,-9.801022247794236,-0.0011676943678325727,0.00010904119899159241,0.0005390811261407743
30.400000000000162,0.000754761421888144,0.021542228329242085,-9.824035678095717,-0.0003065178675863708,-0.0005109309513728708,0.00022626965521563647
30.500000000000163,0.008868505336527244,0.007564203631328588,-9.787872693694865,0.0011501441231855747,-0.00028874785378797495,-0.0003940950396636763
30.600000000000165,-0.0130763543004549,-0.00697740276573168,-9.81217954963153,0.0018226599406304727,-1.2270998806181e-05,6.0434383816966515e-05
30.700000000000166,-0.008251146430496509,0.0078415560600917,-9.791886265014899,0.0006750166143907234,0.0011287644314244632,0.0006737046008493459
30.800000000000168,-0.00424434334994522,0.0021240973060853213,-9.806299618890801,0.0007217938770436187,0.0002803438527962649,0.0004335487077734236
30.90000000000017,0.011240392492832915,-0.0002576037152789541,-9.789337084245568,0.0003135574603193947,0.000675331116986929,0.001276575407092808
31.00000000000017,-0.013317334135466548,-0.004524654872586132,-9.802631959773416,0.0018070082229857177,-0.00047799773023071175,-0.00016438161244501797
31.100000000000172,0.0038496223945708287,0.003641340616745127,-9.808868363267848,0.0022384427404619975,-5.6745371799660205e-05,-0.00025857758014144
31.200000000000173,-0.010850122176260848,0.004436044570449386,-9.819363818642024,0.0010648995517661681,-0.0015668877771229737,0.0006179384226306267
31.300000000000175,0.0008869944235978579,0.01881510894335644,-9.798928367344086,0.00010206496969464372,-0.0003334314618318262,0.00031103325351182194
31.400000000000176,-0.005772535669284039,0.002296536083266446,-9.82695671282375,-0.00018439535937957936,-0.0026364508927159583,-0.0007644200642775794
31.500000000000178,0.01693841179720347,0.001425442767405265,-9.814192823250758,0.0015676777330498788,0.00025052373749927107,-0.0005333638135791535
31.60000000000018,-0.006413307618404382,-0.006263725599974309,-9.805691076695863,-0.0007517074375887317,0.00023920067986995568,-0.0003669151951812788
31.70000000000018,0.0031397730004148095,-0.0141326897826356,-9.78467863324619,-0.000587580481265269,0.0001950859626039897,0.0015466418303867824
31.800000000000182,0.008675392962244524,-0.00695992978002268,-9.803752321555038,0.0010542973495281205,-7.538633093514253e-06,-0.0005817403022133631
31.900000000000183,-0.0008968971210025624,-0.019856911463905117,-9.810207483685057,-0.0012364820541677262,-0.001035696115939319,-0.0022102615042105425
32.000000000000185,-0.0054512376385991036,0.0038679796865050955,-9.808089523219543,0.0003455839992712596,-0.0004356604862138414,0.0011544181531944358
32.100000000000186,-0.009997141447903608,0.00865375638257806,-9.826292225613596,-0.0005207094061166991,-0.0008120100076123384,0.0030127334366548833
32.20000000000019,0.008302420897522093,-0.022940153418438945,-9.795227058697735,0.0003894745551027299,-0.0009490979074770542,0.00029573494533823827
32.30000000000019,-0.0012833518561991932,-0.004786842642812115,-9.811150804169094,4.837312753028067e-05,0.0008484463780247913,-0.0005507147726027047
32.40000000000019,-0.02783252549716846,-0.001081121894304883,-9.822790613442255,0.00021424977206975995,0.0003276997817678542,0.0029354959770215966
32.50000000000019,-0.004652384972879918,-0.02551671065265323,-9.812054241794538,0.0005501296300348546,0.00020107916337800134,-0.0006365149687755959
32.60000000000019,-0.006548197449476274,-0.014803017520712025,-9.814856301216338,-0.0017189924013199926,-0.0002544296343701251,0.0006959780583626746
32.700000000000195,0.011846175203369216,0.01928088788309087,-9.812827817397853,9.79718733958676e-05,-0.0006495821208132397,-0.0007542718060348411
32.800000000000196,0.013185712544213385,-0.0021166857598252696,-9.815264716933163,-0.0005665708796818934,0.00043798945610358487,0.00028328998128745287
32.9000000000002,0.0032989124421221655,0.0032052569652031185,-9.812525539293244,0.0014603918482690354,7.705442760977071e-05,-0.0009004086650069961
33.0000000000002,-0.0020564945814268757,-0.004109054238577623,-9.80456672843433,0.0007342073275978335,0.00011952762483264427,0.0008243328076384907
33.1000000000002,0.0011948880226766326,0.001587003783484563,-9.807305839721913,-4.874179169514166e-06,0.0007167739475255254,0.0007611724148724962
33.2000000000002,-0.002334347264522345,-0.014031388245633474,-9.807750055111255,-0.0011540018080974965,-0.0009911175049505197,0.0007871710142737903
33.3000000000002,0.008950531636555658,0.0036069935721599945,-9.815677758669189,0.0004718686234714558,0.0009921910375023347,0.0011958728203292765
33.400000000000205,0.0030702109219644474,0.0029400978858177703,-9.81373585895169,0.000458360261261774,-0.0006781167895489566,0.0012109048595358015
33.500000000000206,0.0008305711931277095,-0.0030188824971729036,-9.803950798305646,0.000530288743300755,0.00043348295724489734,0.00011695477927560548
33.60000000000021,0.009569228883322902,-0.0050184561166790875,-9.80613296705575,-0.0002646330317649652,0.0010169298932079561,-0.0011688243001929254
33.70000000000021,0.002939654972975616,-0.007437179848293573,-9.811486364197027,0.0013439497751226456,0.0004529101715602568,-0.0012581437773985806
33.80000000000021,-0.0012648279049703142,0.01392554595912177,-9.78845068956445,0.002831646306442408,-0.00019846847593565857,-0.000492174207470373
33.90000000000021,0.0004985648890995936,-0.0027480811830409256,-9.81850166449129,0.0007706551262188879,0.0006047714932624424,0.0024697527694572553
34.00000000000021,0.005289667380804345,-0.0016326685871404217,-9.815415609767083,-0.0008465542557750732,-0.0006142623347912441,-0.0013770535619888403
34.100000000000215,0.008052883062799996,-0.003155341107205984,-9.821764027055185,0.0006361108451370504,-0.00038282069079063034,-0.0004997234562471488
34.200000000000216,-0.002038537781885199,0.0015892522674891153,-9.821701376723441,0.00024877095413783747,0.00023373955825561256,-0.002771464538654608
34.30000000000022,-0.0004907127469923283,-0.00356895300074962,-9.79542672424182,0.0005936784466963767,-0.001640117668655479,-0.0004975021017149892
34.40000000000022,0.00037074744480379085,-0.00916062825880315,-9.810265374675827,-3.524548087502703e-05,-0.0005665063576803372,-0.0008857098214095359
34.50000000000022,0.0008152018099453969,0.012116889487329769,-9.787326029548815,-0.0005179404501542634,0.00028161460892201477,-0.0011163097834066102
34.60000000000022,0.00576723412602853,0.003454246885111365,-9.806829505364838,0.001161044161886706,0.0001655655628973118,0.000904117641690623
34.70000000000022,-0.010018691777632625,-0.008689061132112935,-9.820253641432155,0.0023478817712786664,-0.000525761445793055,-0.0005471069670821647
34.800000000000225,-0.0011193418556147408,0.015789391609554254,-9.821298313613077,-0.0001085847135305472,-0.0010237093229272327,-0.00047907772842086996
34.900000000000226,0.00399764665232634,-0.0045652765391023436,-9.82894535110451,0.0008833098915448684,0.00012150693785433145,0.001018840388258614
35.00000000000023,0.01494671930683675,-0.003158456811835979,-9.8194454765707,0.001971963066407236,-0.0020134530099006963,-0.000376101382027857
35.10000000000023,-0.0027617586658482715,-0.007517179701996242,-9.808561824069995,-0.001012061237612483,0.0013849475080537636,-0.001540921459529707
35.20000000000023,-0.007072884004354066,-0.013880803505604094,-9.812997043054061,0.00036689952275445925,-6.017741075250888e-05,-0.0010859568691258988
35.30000000000023,0.006498669104715134,-0.003530446676044387,-9.810868190999704,-0.0012079956495785647,0.00033886938343196174,0.00018015305824007602
35.40000000000023,0.0032048277819232735,0.009851252775677192,-9.815034893361194,0.0001774746482810546,-0.0021733647793222644,-0.0006448495601127374
35.500000000000234,0.013336739005993437,-0.0068145955095699215,-9.827625348471987,0.0015419290170643246,0.002334377420327986,0.0008010489962074302
35.600000000000236,-0.004639653594697687,-0.008453021451891266,-9.817891868676321,-0.000634710948733549,-0.0002590939971062581,-0.0005672322481684957
35.70000000000024,-0.0010313123046057123,0.0063746033857595905,-9.811480533737411,-0.0001904439976346521,-0.0008786877382650629,0.0009403666329914018
35.80000000000024,0.020929934237030573,-0.0106775815199265,-9.797718705589071,0.00018282265680955178,0.0011055545853657595,0.0016400817660412294
35.90000000000024,0.011135558329754533,-0.0021544076440224067,-9.792520092956263,-0.0002390726267337874,0.0017212363259258945,0.0002834742482335428
36.00000000000024,-0.009524321961616183,-0.0014619419665797264,-9.794694400634798,-0.0015986192113321056,0.0006247703783940851,0.000546401748261672
36.10000000000024,0.006328748728193064,-0.008780106757013798,-9.82305598832117,0.001352395022530269,-0.00011558180491056975,-0.0024645428187277858
36.200000000000244,-0.013253511678329753,-0.020189977876610792,-9.79803406059794,-0.001711066203802236,-0.0020814678166377006,-0.00020655757971665972
36.300000000000246,0.005216544919882854,0.028093583928818763,-9.837953408526431,-0.0012929880617365338,-0.00011880020432837096,-0.0009026680787283233
36.40000000000025,-0.017632498545609717,-0.013202158172962733,-9.811373623039662,0.00014580228747621866,-6.0092527864871226e-05,0.0007569854412478185
36.50000000000025,-0.01451635333603208,-0.0033060584388872,-9.821720443855858,0.0008978052077536455,-0.0006076470261625313,0.0010165112732285636
36.60000000000025,-0.005848777027160297,0.002281810395883002,-9.812481483820779,-0.0018449928516992879,0.0016982942308380658,-0.00021976991560393173
36.70000000000025,0.004102871406006894,0.0018410032743377228,-9.808211903969845,0.00024364275987158384,-0.0013262087114822272,-0.000407050789729023
36.80000000000025,-0.011074928776225878,0.01543461778599492,-9.82841187480377,-0.0008806692675466916,-0.0006509227244268143,0.0020172954507426343
36.900000000000254,-0.020437961930856927,-0.004851524333411714,-9.809470591516261,0.0016791339604694082,0.0009335485059240132,0.0005391520313722232
37.000000000000256,0.004003679754001023,0.0020999074966274824,-9.80052416278477,-0.0013941332396982628,0.000709686452165989,-0.001003464775123294
37.10000000000026,0.0027649750463803937,0.006076958536574227,-9.80990548177552,0.0012722854278223216,-0.0006395299510070888,0.0018943076814520402
37.20000000000026,-0.016690550328408257,-0.005886307931117784,-9.82234515922965,0.00016664821694684442,0.002211945677455669,2.6567448186039752e-05
37.30000000000026,0.009693353011529444,-0.010318669264824236,-9.819362194655845,0.00016688722655986527,0.0011483623261563816,-0.0002537450646514294
37.40000000000026,0.00716393721177766,0.011421350659477896,-9.797871579020429,0.001207765755366013,-0.00026343990890344597,-6.416844235655933e-05
37.50000000000026,0.019599068602604637,0.014473283123089818,-9.831941693774493,0.0007130418502644643,0.00021695745392084142,0.001508604521696133
37.600000000000264,0.0141033251171453,0.0049138975844070214,-9.816428664696131,-0.0005846585946758101,-0.0002986484481336487,0.0003544907363420893
37.700000000000266,0.0033367835643625596,-0.020799946391664194,-9.812534464370582,0.0021144870887315113,0.001127340508091955,0.0005677157278401094
37.80000000000027,0.018239986674948767,0.010379516097995435,-9.812593880740623,-0.0021855390416906585,0.0003822637173761632,-0.0005188135260813821
37.90000000000027,-0.006793502668723112,-0.002714432423108998,-9.814894210686749,-0.0010229991573733955,0.0005339028013403063,-0.001282741721336963
38.00000000000027,0.007765471943250635,0.0076630138343238945,-9.791990125935133,0.0002608545157706164,-0.00030762371458610603,-0.0004618265318478223
38.10000000000027,-0.0033638995058695386,0.014330735646121173,-9.803440793523892,-0.0007596428776779314,-0.0003001644347586489,-0.0011495683183143065
38.20000000000027,0.010139899174527286,0.006452167734449942,-9.821218401875376,-0.0003381509463618942,-0.0014262601357621781,0.0011499919473463283
38.300000000000274,-0.003228272647064531,0.007721707225191037,-9.81417175033261,0.0009116673607886054,9.932618506463535e-05,-8.121495879520829e-05
38.400000000000276,0.007658076607471399,0.0039387611723151455,-9.815242953567468,0.0010731767143340588,-2.9504898897421552e-05,-0.0020679855347470627
38.50000000000028,0.008220914860230653,-0.009393808201001974,-9.803226121486492,0.00022500417009568296,0.0013392376845070353,-0.0008431740471569829
38.60000000000028,-0.004202536930879039,0.012775483789628887,-9.810314494891228,-0.0001120171930262248,-0.0008758727263223967,0.00018260603942227939
38.70000000000028,0.007653950294676893,-0.010047069043433988,-9.810468594391708,0.0007309465822309038,-0.0009693668886676311,-0.00021975308052578314
38.80000000000028,0.0051298516133031005,0.0003935602483772879,-9.807693490398231,0.00046000083648670907,-0.0004054185497747939,-0.00033804313670587666
38.90000000000028,-0.005986924875898796,0.004584279881744413,-9.808257685323158,0.0003042150991478147,0.00042531090046897134,-0.0013549815998509468
39.000000000000284,0.006680306521921557,0.020418049220598658,-9.827886797733365,-0.0001771264969567342,-0.0001274752312766699,-5.252607161161894e-05
39.100000000000286,-0.014097567500204109,-0.011443487291458578,-9.798032324067565,-0.00032420127409147514,-0.0011870685256091954,0.0005944195032696546
39.20000000000029,-0.005604450373565289,0.0026965929182854744,-9.78813467555008,0.000307205714347593,0.00025934618525315617,0.0007957828013313236
39.30000000000029,0.012582391833538362,0.014682432151482195,-9.815457072057535,0.00048734784554326616,-0.00027832921335003524,-0.0002052252037633439
39.40000000000029,-0.0035362363700256255,0.007363007184169837,-9.816542853988135,0.0007766178643135045,-0.00022304357685490786,7.99489826254473e-05
39.50000000000029,-0.0005905824800703612,-0.0028488176715855814,-9.812382558705442,-0.00015283230038360754,-0.002002767101845388,-0.0005284578480042551
39.60000000000029,-0.014269368496850123,-0.0003625576968815491,-9.800974640720574,0.0005217623201238513,-0.0010184147506220138,0.0014884173747209458
39.700000000000294,-0.007836116743509185,-0.0025217293842112925,-9.813722094064806,-0.00145894259395824,0.0003201055426235343,-0.0018539380183960992
39.800000000000296,0.0023142736842269073,0.012876041152972091,-9.802454069208888,-3.053043818197148e-05,-0.0002760322674434938,-0.0021357568311682474
39.9000000000003,0.005480686744497528,0.020038116610184623,-9.802863925281889,0.0018334394888561024,0.000151870488804417,9.360903678479646e-05
40.0000000000003,0.004862536455601991,0.0033256795752677083,-9.811650563537906,-0.0009156426252000678,7.485028132098951e-05,0.0009640330025423463
40.1000000000003,0.012913291214098496,0.0005860457220613201,-9.806437987378146,-0.00010170689192264264,0.001944389404809765,0.0007030743932558414
40.2000000000003,0.0010091394299960653,-0.0023876675053040564,-9.798577657445858,0.0004006032737605476,-0.0006978915263607398,-0.0016164012361894293
40.3000000000003,0.026849123630101796,-0.00571384213886986,-9.811829047665809,0.00015535464587647632,-3.9385593594060735e-05,0.0017951535813819797
40.400000000000304,0.005669427756971192,0.005392122674314044,-9.814623112329283,0.00037012434390063496,-0.0013148139839005235,0.0002846836118636459
40.500000000000306,0.005946934225967159,-0.01856006090802175,-9.801868847177305,-4.2532139440706966e-05,0.0010994040107048832,-0.0002509578774235899
40.60000000000031,-0.001240551013718742,-0.007721515573458574,-9.812827804103009,0.0014653086227574446,-0.0012894900437188663,-0.0005888659372780968
40.70000000000031,-0.0017213698363615485,0.015490069552577097,-9.81983876571857,-0.0009629860252538341,-0.0008447706895398161,-0.0001149472858992708
40.80000000000031,-0.012748327110372402,-0.009302590669362306,-9.821179659844235,-0.0007577882500922774,-0.0003881068731724387,-0.0006456535798302972
40.90000000000031,0.0031802177891522955,-0.003635989842205436,-9.808367185379247,0.0004200312895018031,8.485947671170201e-05,-0.00048352666807864803
41.00000000000031,-0.0016904963548248306,-0.002194024945539309,-9.824913069666813,0.0005708576115007601,0.001689637113858268,0.0013228714394643874
41.100000000000314,0.00238241831600585,0.0006240119450172563,-9.804414224704484,-0.0008739422029569338,-0.00033512815048489876,-0.0003624121693839475
41.200000000000315,-0.0015303581161435725,0.01236658081994492,-9.796742978057408,0.0003816666672968138,0.0007833931987194046,0.001234303556596338
41.30000000000032,-0.004671363583594427,-0.0008559689077863215,-9.796002958485666,7.169740110806696e-05,0.0017416591384387305,0.00047471094753371624
41.40000000000032,0.012743177724120078,-0.0033732722586518977,-9.80036522697919,0.0009154513192830246,6.407761460511073e-05,0.00022242965064262033
41.50000000000032,0.017540561152258043,0.0018643867136407238,-9.832333741423447,0.00036688127901444176,0.000375470330382698,0.0021661641852970316
41.60000000000032,0.011182651380191902,0.0013803655142589483,-9.806811978066401,0.00017610068736572244,-0.0013546974016250782,-0.0006356469741250375
41.70000000000032,-0.008756254487531097,0.009689580036321088,-9.813877436229024,2.1993200370129174e-05,0.00038828263732563936,0.0003527758137594841
41.800000000000324,-0.0012407674722299817,-0.011188195536411667,-9.805554058012383,0.00031857738507466845,-0.00137978461169465,-0.000686354469234809
41.900000000000325,0.0022509398978923316,-0.009528822615616502,-9.8262116876912,-0.0005923606549267004,0.000662068674823564,-0.0007403884910334452
42.00000000000033,-0.017592572370451722,-0.00022084563322317694,-9.815600260732502,-0.0003487130376962164,-0.0009555324352735022,0.00020566268703599148
42.10000000000033,-0.007814534417832706,0.00879138409721592,-9.823692284699394,0.0003625269179530121,0.001744562241949412,-0.0015931341235375764
42.20000000000033,0.005851581361154871,0.012511623024594718,-9.815441627772245,-0.001666974275008037,0.0002383289475163883,-0.001627709778223822
42.30000000000033,0.0011369129069097796,0.0073705550722986644,-9.818984828561687,-0.00028426047978453544,-0.00047525897927162787,-0.0027355512770024697
42.40000000000033,-0.009873110717030432,-0.014759918101508888,-9.801863296456528,0.000289714472601042,7.627112196058717e-05,-0.0004570590419688896
42.500000000000334,-0.0010758477712830706,0.007713184904066631,-9.818213771283673,-0.00019132808100059409,0.0005303983405698555,0.0010108967996460953
42.600000000000335,-0.006860915209306146,0.00026509901467948243,-9.831203198543854,0.00018783811409801466,0.0009922978668674835,0.0016934768732433823
42.70000000000034,-0.016217395206766193,0.01029504225221113,-9.812281948660164,-0.00016108168126928977,-0.00037066269518130576,-0.00187799179854523
42.80000000000034,-0.0011040908129457884,0.00014516182728017312,-9.807390581995433,-0.0015483252410119907,0.0006640691525058844,0.000135606926155066
42.90000000000034,0.011312363669434153,0.0031874195323949223,-9.817832748831409,-0.0010561521525949188,0.0005331260134098706,0.0011324946117300466
43.00000000000034,0.00992637887206706,0.004376993979728412,-9.80377277801108,-7.837165953222308e-05,-0.0005275898061386,-0.00017687465071562037
43.10000000000034,0.00321285266573289,-0.017777356251305082,-9.816795238771173,-0.0008083556130257881,-0.0011620248942725696,0.0010070538854825564
43.200000000000344,0.001947959747874904,0.004421641759466085,-9.793416843413208,3.120210971651457e-05,0.0004619405714637759,-0.0018436252195004267
43.300000000000345,0.012884453176975579,-0.002359624616686543,-9.823785943357747,-0.0011726581168767644,0.0017359428637875704,0.001367611055059893
43.40000000000035,0.0052058208882123005,-0.005433127158539287,-9.826836205652496,0.00029791497269969036,0.0003142770278451104,0.0002135362120447857
43.50000000000035,-0.0004553777961169997,0.0061145037663358015,-9.80170268730916,-0.0013446190027640807,-0.00033755671219406146,0.0014702225240105595
43.60000000000035,0.0017267700698473964,-0.015930241174121368,-9.806686593568294,-0.00026335463785532215,-0.0008345189715269327,0.0012416946024485706
43.70000000000035,-0.00022685863245610748,-0.000482669024643087,-9.804357293113434,0.001202192190125186,0.0001287212729128415,0.0004914949227230475
43.80000000000035,-0.0012419437140741162,0.006194711335586558,-9.805492843018149,0.00013882133465551992,4.581007765828025e-05,0.00019338106725858746
43.900000000000354,-0.010120993177922746,0.011133870308914964,-9.8154272906537,0.0006021996476456478,0.00010248122334102891,0.002230616685175255
44.000000000000355,0.0007633382301397904,0.006059063547964989,-9.799277922049784,0.0005589454091981745,0.00030524404488460274,0.00022740911046265785
44.10000000000036,0.010821644779656461,-0.02019456352666002,-9.81437526212856,0.0005078062647170757,0.0010418381405851301,-0.0008292780900127527
44.20000000000036,2.3315315198464845e-05,-0.0023641520923493925,-9.80878347043527,0.000649231251404031,-0.0001417956609646361,-0.0008519902069940945
44.30000000000036,-0.004010811036451316,-0.01681811868811385,-9.797566478405374,-0.0007846933706517074,0.0005319419780093722,-0.00040362098796123836
44.40000000000036,-0.010060473713359495,0.006089337107499987,-9.80233527791721,0.0002242656668538403,0.0002825481007727595,-0.0012942517404692469
44.50000000000036,0.0047207723119013075,0.00422274469571984,-9.801612290290038,-0.001390988819642736,9.15679121033768e-06,-0.00035255982160088526
44.600000000000364,0.015925590556700037,-0.004023840748432549,-9.812695409307135,-0.0003872783765064667,-0.0001903957828852353,0.0007657963354937283
44.700000000000365,0.0005369291418331108,0.007537630266506081,-9.819383220486158,0.0007608050358378213,0.0005119728902513744,-0.0013878645822406478
44.80000000000037,0.007998882310141129,0.001251907169248615,-9.807206901091329,0.0009793902690132168,-0.0018688264374447385,0.0008418743070516431
44.90000000000037,0.01776445592538186,-0.008213925011381296,-9.80417658010698,0.00021208681948104945,0.0009125792568029198,0.0003620238824918342
45.00000000000037,-0.015315842160700133,-0.013469908834835143,-9.792114497863667,0.0010983278037978565,-0.0005149294245322259,0.0007332006564484715
45.10000000000037,-0.0040530013939477005,0.0037237031364733965,-9.809826806544157,6.45612817152e-05,-0.0011530793936658328,0.0010197309923786133
45.20000000000037,0.005996579986517706,0.005300294242138874,-9.814374553178302,-0.0016387604773580378,-0.001992565649284175,0.0011350957880984437
45.300000000000374,-0.01534403309741008,-0.00598575094852841,-9.810418169754383,0.0006932213450778707,-0.0004793619588157329,0.00024497278705839685
45.400000000000375,-0.002476442005033434,-0.017788744017101853,-9.81998184247175,0.001061274819774276,0.0008957238329454936,-0.0007691753233026315
45.50000000000038,-0.0008572001424037936,0.0006771581732180533,-9.798871353010234,0.0011200891980679157,-0.0005181021713452425,-0.0005020877727625989
45.60000000000038,-0.0005748553009710824,0.0007434506537090878,-9.822607814726704,-0.0010677447744845694,0.0009942635221598575,7.76416137935923e-05
45.70000000000038,-0.017149020137722987,0.004556346385170387,-9.814965652605586,-0.0008090850325512386,-0.0008451422783055353,-0.0005431505646150709
45.80000000000038,-0.0074524706953447845,0.005878740447059619,-9.813185255264514,0.001212088522000446,-0.0015290807658793469,-0.00040366334366439383
45.90000000000038,0.007658732598537949,0.0006970585119746365,-9.815716108936515,0.00039632250038590654,0.0018599440942456745,0.0015063714923802748
46.000000000000384,0.036112795257090345,-0.014202491291800746,-9.791540155766354,0.0011812385535371177,-0.0006464108022704059,-9.112374404734408e-05
46.100000000000385,0.000793421859005075,-0.011508476159944518,-9.803281050397185,0.00026929703552856506,-0.00028649270942763844,0.0014976732068777295
46.20000000000039,0.014379589349473166,0.0061381432024044755,-9.799368379416602,0.0005322724777124704,-0.0010975585971902285,-0.00039798690470809085
46.30000000000039,-0.015354165592017742,-0.00195921828347621,-9.80788683433122,-0.0008447509172362116,-0.00026210518501660913,-0.0005966164486952329
46.40000000000039,0.012812052753975811,-0.006471321741513897,-9.8141308130494,-0.0018661208551639873,0.0012762271583669081,-0.000287618048958185
46.50000000000039,0.013735621762567594,-0.009674595252220811,-9.814509040498118,-0.000844690586749731,7.671265687115173e-05,-0.0006000397860318147
46.60000000000039,0.00784437307967411,-7.385890735739332e-05,-9.802462010356953,0.0001310472508959407,-0.0006782955249057535,0.000210176434608722
46.700000000000394,-0.009080768103766996,-0.00317688775176887,-9.832879295205755,4.647531991321315e-06,0.0015001024163034532,-0.0006261121630684519
46.800000000000395,0.008878956750085034,-0.01272921363706763,-9.811339954736784,-0.0007455513646990727,0.0001934641569674511,-8.36405823028165e-05
46.9000000000004,0.011966401808449911,-0.0015291868549991614,-9.799825024448987,0.000271004226601629,-0.0005002802050157978,-5.6222897493119975e-05
47.0000000000004,0.00506279460085842,-0.005003644183735259,-9.819804164717578,-0.00012010113371155582,-0.0003025547005261503,4.656218719145938e-06
47.1000000000004,3.592639076657408e-05,-0.003167089759115216,-9.800383561346397,0.0007630862602688704,0.0014358783421220234,-0.0004782168897899749
47.2000000000004,-0.0022123306488034773,0.01342850384516693,-9.819568651960623,0.0006335965966560568,0.0006669362485895115,0.0010696654936485444
47.3000000000004,0.016257393548510756,0.011999717979924083,-9.786784057545779,0.0009280881194167662,0.0014488984704244703,-0.0008672877962649492
47.400000000000404,-0.01031598317617649,0.001989136265417429,-9.814839045853644,-9.036163343517054e-05,3.1113600193700666e-05,-0.0015059238544335265
47.500000000000405,0.007661551059428548,-0.0026806519537348463,-9.801864085397385,0.0009224989920778345,0.001580088845435937,-0.00018556751452750503
47.600000000000406,0.016224741676851784,0.011561958402836477,-9.845201127932661,-0.0004903234752187127,0.0015627557066974162,-0.0026670729979379514
47.70000000000041,-0.010672056967431162,0.020187482676163455,-9.805917249557243,-0.00023289386264715065,-0.00031080342602160716,0.00031450466684573137
47.80000000000041,0.009777142180157173,0.008497206072905654,-9.795924481049655,0.0006039628649714731,-0.0004866848036987385,0.0024675196922224864
47.90000000000041,0.002964651016120272,0.002423429263043618,-9.821219210661857,-0.0003915851455697532,0.0002873151497649163,0.0014985451857578904
48.00000000000041,-0.00024239730224934802,-0.006728545009025226,-9.814966331061667,0.0005917274360126126,0.000258150489065413,-0.0015437648058001733
48.10000000000041,-0.007121184609373119,0.019394676517457743,-9.824513464075505,0.0017737787045579041,0.0005341297622925002,-0.0018244350121632037
48.200000000000415,-0.01812824808899772,0.0026459983879676507,-9.81032212545662,0.0006722260963280637,0.0010310564471266964,-5.830513356316436e-05
48.300000000000416,0.006057866253328287,-0.0037940365572658096,-9.819050301040722,0.0022901762618201616,-0.0011365288273762618,-0.0006849681358016082
48.40000000000042,0.002082508870492216,0.006934796025548103,-9.802338656107432,-0.0008510251370080419,0.0004832704542061531,0.00041888295456346146
48.50000000000042,0.010254776648140186,0.008980815771408353,-9.801076581966154,0.0005995775724592059,-0.0008607035442100724,-0.0006074334677372451
48.60000000000042,-0.010686441132689104,0.008704504354671606,-9.81553082114432,-0.00011873121438112997,0.0001344835490877867,-0.00023779344842012623
48.70000000000042,-0.0012828447245115588,0.01399651031267118,-9.797742973914014,-0.0006120349278422669,-0.00016819099891928358,0.0009567465660046313
48.80000000000042,0.004283143891483001,-0.0026791116230248974,-9.805478917656563,-7.65819710698314e-05,0.0005845422610659052,0.002894313953272823
48.900000000000425,0.0013947855032496032,0.012284498091765812,-9.817074158949971,-0.00021175578154861122,-0.0002844023517741159,0.0004267885674882691
49.000000000000426,0.013148164489032608,-0.006184239790794714,-9.813237480693374,-0.00017331281385196982,0.0007504640592430739,-0.0003319154060280438
49.10000000000043,-0.005337144640384547,0.01448454560103973,-9.814018263491942,0.00017230002474408532,0.0008645201410131932,0.0003801527009018117
49.20000000000043,0.0004025373793170517,-0.010026415387300492,-9.803167378867597,0.0018641877018068008,0.0002374098955536155,0.00035992530116127163
49.30000000000043,-0.007812981999227845,-0.006074608414534619,-9.81706957173911,0.0004904203697442932,-0.0005115781878609317,-0.0009842419911206394
49.40000000000043,-0.01407635782149042,-0.004518827452675604,-9.81177137711337,-1.1512414661353911e-05,-0.0010252041637609283,0.0015094657189921544
49.50000000000043,0.007327447973497107,0.007999566944831445,-9.811480055911826,0.001063288994723897,0.0009794807968345743,0.00031651198047688746
49.600000000000435,0.0037737105694326564,0.008469431386384401,-9.806493779270761,-0.0011005631310549604,0.0009273863210741913,0.0012300452344062062
49.700000000000436,0.004907764702506281,-0.003775080217837173,-9.793565004309928,-0.0014904559128892875,-0.0002600739226951949,-0.0009057925627321341
49.80000000000044,0.019896884998355888,-0.0008735049904148643,-9.80725376165646,-0.0009100700946104337,-0.0006663821869704933,0.0007176547890869237
49.90000000000044,0.00389908186978644,-0.019160951076026323,-9.792851175871919,-0.0001668686813500036,-0.0003979628770050684,0.0003756532005452733
50.00000000000044,0.004745713368002229,0.010107974827432411,-9.829022454890389,0.0007585962406773918,7.504989345401487e-05,7.804608087623459e-05
50.10000000000044,-0.0033462894415308324,-0.00042253887728132617,-9.807465786545002,-0.0008708070893205368,0.0003606595851259433,0.0006347587646122316
50.20000000000044,0.007140439198618162,0.010043131206209597,-9.809307511884416,0.0007886619026980011,-0.002296013061188551,0.0008951701476270663
50.300000000000445,0.01159937300765376,0.0017968948557000573,-9.824467067914508,6.634256743592523e-05,4.2804945253635645e-05,0.0008630955960521696
50.400000000000446,0.003902392657859582,0.01375042228215636,-9.814624020825086,0.00032807266606477804,0.0007069585437162146,0.002204157572621933
50.50000000000045,-0.0029401487230946285,-0.00840435072700334,-9.821209234799122,0.00034112460977261483,0.0018193909855214474,0.0002697647049964568
50.60000000000045,0.0028034547448016573,0.003310990385436408,-9.799562438662685,-0.0023327940282539773,0.0015971595535919092,0.001307004209350902
50.70000000000045,-0.005379146562459338,-0.0008152687437573766,-9.819033354483395,-0.00121973754942704,-0.00017442973285802088,-0.0012049274226417542
50.80000000000045,0.0021670787385071814,-0.002653181708971627,-9.814194459392555,0.0009932353476811756,-0.0005905468956492147,0.00017830947949625222
50.90000000000045,-0.006613817157814681,0.011218245565950273,-9.821075877045082,0.0005964046436132022,0.00039842725203602413,0.0008454934667742888
51.000000000000455,-0.00829669940425339,-0.003927182958819338,-9.818408107472132,-0.0003011670524693003,0.0006984936973316593,-0.0012281075946167675
51.100000000000456,0.00828203147177926,-0.0016695274871081876,-9.826540826903571,0.0006146244923696069,-0.0010096820929727103,-0.0004421673888123637
51.20000000000046,0.01736692733060736,0.009000398973142766,-9.802229475690377,-0.0009438802897922482,-2.7139362032694028e-05,0.0003846325678586129
51.30000000000046,-0.014895176643702436,0.0066985164439483415,-9.817795039224588,0.000937633250264502,0.0006467114207953387,0.000865611166732021
51.40000000000046,-0.002921807008625555,0.007399388067507415,-9.801623918958041,-0.00044152891443766936,-0.0012312843248283621,-0.002087883402220768
51.50000000000046,0.00255801801562566,0.00010374730277430303,-9.813843386085386,-0.00044621578162874797,-0.0005676984205810578,0.0010800691327295
51.60000000000046,0.006387229291161179,-0.0045398660578687714,-9.803962120193658,-0.0003956134436211208,-0.0005850481007572515,-0.00013115853684978398
51.700000000000465,-0.012857522460557935,-0.0027274176105660888,-9.796388119370583,-0.0009355435406717752,0.0007113960414336912,0.0014959271509752798
51.800000000000466,0.0043658583011883766,-0.0158024410397591,-9.817794608170463,-0.0008512637999057277,-0.0005847301495399336,-0.0013466987142593879
51.90000000000047,0.003380764606783792,-0.01022190607802457,-9.821416598816267,-0.0009434349569746703,-0.0002137990522372555,-0.0007452965891305011
52.00000000000047,-0.012400065312787784,-0.01590668873773069,-9.810578221916774,0.0006949988830898676,0.0006969257201458592,-0.0010269867932502816
52.10000000000047,0.005220706354129276,0.0014236820808278536,-9.813531135177882,-0.0004962871389432279,-0.0007694115936440779,-0.0020047243717212352
52.20000000000047,0.010053115828411984,0.0010617699306413237,-9.808856596018146,-0.0006385639724518034,0.0006153182424367268,-0.0005529104494040699
52.30000000000047,0.011629828408490429,-0.0010825195790018355,-9.824180618459984,6.754820104479374e-05,-0.002137350539905168,0.00036574433250357376
52.400000000000475,-0.0015639226584356963,0.006280556697123988,-9.797954296616618,-4.600176340137358e-05,-0.0012612361284824519,-0.0009977558598497358
52.500000000000476,0.019942570574347535,-0.00659290021085407,-9.801671193602765,0.00022792652455980094,0.0011710007092036732,-0.00023794212860223568
52.60000000000048,0.003335386291809441,0.011108004575772538,-9.815049652902612,-4.4372490459537316e-06,0.0011907298333593977,-0.00015702677986936177
52.70000000000048,0.007934618651043925,0.0021594425916948885,-9.818672686121879,-0.0021393354705319134,0.0014801486579559596,0.0012160741135521975
52.80000000000048,0.008798289319603126,0.01188295460027198,-9.812848156229249,0.0006284479028031589,-0.0006889031634114328,0.0006499708100145537
52.90000000000048,0.0023111017824099093,0.008420462235445476,-9.796462762950913,-0.0013591953799241365,0.0006513770306723441,1.3373179602664081e-05
53.00000000000048,0.003072913070587712,0.014639996964395751,-9.796569208052679,-0.0004489022923542695,-0.0038666257616870006,0.0002756514139890168
53.100000000000485,0.014611375176008266,0.013605442857107717,-9.815957628212292,0.00011973678932728412,-0.00021960317232158933,-0.0005079002570998114
53.200000000000486,-0.005294952133839224,0.006367321070114458,-9.829632674478471,-0.000760756546200282,4.269001953688625e-05,2.8035236509227494e-05
53.30000000000049,-0.01573167089862172,-0.0005436925745674242,-9.797703718600248,-9.592374023955987e-05,-0.0007037802238684267,-0.000168726403818355
53.40000000000049,0.012057623008042053,0.020573047570342368,-9.82182033751554,0.0006921363205508463,-0.0017064723750322445,0.0006787002033988043
53.50000000000049,0.012176465048102918,-0.01332787372097254,-9.796761812947056,0.00038223833042003836,0.00010152721737629374,-0.0020090114924109213
53.60000000000049,2.4216968587266975e-05,-0.011825523831793043,-9.816785136298648,0.0012439689082761503,-0.00030697755650174036,0.0010068099660775153
53.70000000000049,-0.01344189637987876,-0.005248075054023804,-9.802557553617628,-0.0009227377553175926,0.0011656054772768687,-0.0009550865296578065
53.800000000000495,-0.013488046047285497,0.007676835131297365,-9.807922229664381,-0.0013157806962463007,0.0014374939924178363,-0.00026292167467846956
53.900000000000496,0.016650101932631917,0.004804090257546394,-9.794580393461521,-0.000893122029366052,-0.00018889409613009184,0.0010340161658158914
54.0000000000005,0.008563047237328914,-0.006443117859117159,-9.810043659977461,-0.0009407652293969929,-0.00023236839420829686,0.0005623039724525354
54.1000000000005,9.078072432334536e-05,-0.0040859516883825905,-9.809660050040224,-0.0003658767860448297,-0.0015238166545273482,0.0013254106037726193
54.2000000000005,-0.015260879470601294,-0.010020291522618581,-9.815763322268314,-0.0010914819235452445,0.0010047072075238174,0.0006342182581124052
54.3000000000005,-0.006631173584064517,-0.00173292113295667,-9.821367144385471,-0.0015388086597157827,2.148776435138292e-05,-0.00031556429133044973
54.4000000000005,0.003921389550628184,0.013127703166930866,-9.807926454300686,-0.0006459640571072388,-0.0006369319361270985,-0.0011210563535340348
54.500000000000504,0.01232298698772577,-0.008725026159057485,-9.805975548274894,-0.0011414389335193138,0.0007319466098901368,-0.001631712071612846
54.600000000000506,0.005504051799459237,0.005545169744813046,-9.80249618890754,0.0005552221132502881,-0.0020364775525620765,0.0011335639971292307
54.70000000000051,-0.005840943986867611,-0.009445924908736632,-9.801354177858773,0.0006723521816595941,-0.0006286995763430228,0.0016728886988218263
54.80000000000051,0.016654318603073426,-0.004203043196154896,-9.803287450323582,-0.0033642124255432006,0.0009160000597998394,0.0008182827561896581
54.90000000000051,0.01223451218870836,0.010907901552217601,-9.793370571836068,0.00022779003206815985,-0.0010403237587070843,-0.0007883170821161342
55.00000000000051,0.014669578602631588,0.0035035541140503368,-9.816488165069048,-2.6452145159972144e-05,0.0017519056613377751,-0.00025664569422185514
55.10000000000051,0.007448841467467741,-0.020702012164713426,-9.827214428351269,0.0002735860512954306,0.00041172074941621146,-0.000526513247993304
55.200000000000514,-0.0026478668665744958,0.00543838476769792,-9.801383161409738,0.0010286173393481571,0.00010212412197362246,0.0013119297897992489
55.300000000000516,-0.011726580554632573,-0.0023368201027006838,-9.822566725416465,0.0009076407269545272,-0.00034937362925003266,-0.0011898259233880258
55.40000000000052,-0.01372388781033984,-0.0021579062795823362,-9.801624752465118,0.00010785726650983649,-0.0002829600555768243,-0.0008067868845552137
55.50000000000052,0.003973550479404549,0.007420972440481285,-9.793847231603865,-0.0011316957540098772,-0.00046157301230008153,-0.0014445013376232674
55.60000000000052,0.011411391589142693,0.001633208092300241,-9.809091822277509,-0.0008831548726622538,-0.0015080297410194942,-0.000597293412594334
55.70000000000052,-0.007129523302512128,0.015549859767114685,-9.807123526621897,0.00069226832327866,-0.0003188514823750133,0.001751162021586092
55.80000000000052,-0.004831703085006703,0.006024664358228547,-9.803315446916892,-0.0017146356813664736,-0.0012349030387161055,-5.1319792634478074e-05
55.900000000000524,0.012865342029298787,0.0008297699947136601,-9.820550652594392,-0.0002097160208466781,-5.81591346484038e-05,-0.0007548386616139136
56.000000000000526,0.008424523075822109,0.006783635694934363,-9.813882361462657,-6.412885984501436e-05,0.00019336206258491426,0.00019207098237133057
56.10000000000053,0.013635059074372933,0.015648767367876636,-9.8102509887673,0.002716147789478399,-0.00013875385540248206,0.00041649684701094454
56.20000000000053,0.024302078323472955,0.010533893557122902,-9.803352241765257,0.001057525339554716,0.0003520954225926374,-0.0002897643838677177
56.30000000000053,0.016042016844550772,0.003941043390757898,-9.821227407500949,0.0014320208121508288,-0.0005108211283343007,-0.0003529847672031461
56.40000000000053,0.019318522139099906,0.008631861542031114,-9.815628547775848,-0.00022221787725668074,-0.0010149295234238801,-0.0008871553538126526
56.50000000000053,-0.007953999822694919,-0.0010800575641805356,-9.788539773153014,0.0004008798263502427,0.0004872704982958773,0.00021169941344520993
56.600000000000534,-0.01429154195390496,0.007518470250211232,-9.801121990916451,-0.0013318592455559951,-0.0006249269563432299,-0.001354419285186486
56.700000000000536,0.00017168719424488004,-0.00036046835457656415,-9.814106839269037,0.0004128329649637308,0.0005149892241425232,0.0007253532875400776
56.80000000000054,-0.022242250239660373,-0.009404270287581631,-9.8128302653464,-0.0007959193452315943,0.00029654182008844316,-0.0010438606773719588
56.90000000000054,-0.005460958697892361,-0.003077647312713705,-9.813362130409319,0.0014099684179575322,0.0012873957622220854,-0.001119231095894047
57.00000000000054,-0.0073061578133862505,-0.011214842912479366,-9.809161712637264,0.001369314675447235,0.00012590062669143683,-0.0015823953900943875
57.10000000000054,0.0030902882782501383,0.0029117194676348485,-9.807759216485172,0.0004398248720504456,-0.00018089586713751293,0.0022462204845430213
57.20000000000054,0.004048550964430694,0.00749304247101056,-9.800232934224198,-0.0010259739345713156,0.0006949195440253347,0.000982111343238518
57.300000000000544,-0.011627087748511532,-0.009342312118164138,-9.821232546685554,0.0007749060014195991,0.0012652583611701582,0.0004898619456255232
57.400000000000546,0.0065226181149188765,-0.000513726442279319,-9.804451900225178,0.001988550472297014,-0.0010050857436597902,0.0007940921014356605
57.50000000000055,0.00023309127993172358,-0.0076482637589463266,-9.811251373290578,-0.0008628037974749774,-0.0005937998916582784,0.00017438474381997022
57.60000000000055,-0.00724761987254434,-0.013902630143945707,-9.783470548076762,-0.00127802879898537,-0.0006929167283343561,-5.4891767926877835e-05
57.70000000000055,-0.023206926292421413,0.0027899702351927903,-9.801149645144086,0.0020455796967212042,0.0004750710633598645,0.0004983485563406276
57.80000000000055,0.008679791419712512,-0.012649110871550054,-9.809522984815995,0.0016310169389650191,0.0017879232192357943,-7.291776379443083e-05
57.90000000000055,-0.0009223608613401343,0.000526987065533206,-9.810152679319074,0.0007414656891787008,-0.0009613990324512572,-0.0009997424481095552
58.000000000000554,0.001136966272378374,-0.008041059014010683,-9.810708097356073,-0.0006629246328966597,-0.0007531725858449852,0.00110906289551357
58.100000000000556,-0.004317578035512238,-0.01747606643356593,-9.794838747440368,-0.000909512967567224,0.0012727450748256724,0.00012857522062892555
58.20000000000056,0.004752228038407073,-0.01604243539401593,-9.819430889184837,-0.001126873048100353,0.0001125764787942799,-0.0014841849218119616
58.30000000000056,0.008362759267412602,-0.012288624854291661,-9.809686486706987,0.0016650880575814655,0.00021682847640309413,-0.003169563394941137
58.40000000000056,-0.0022765811653346775,-0.018784979838701893,-9.806846174426136,0.00047922923739813643,-0.0016580843019126333,0.0003366454254009942
58.50000000000056,0.007401483537675982,0.002311260790641453,-9.823299935643307,0.0003944073698097434,-7.790152388840504e-06,-0.0005285724768552866
58.60000000000056,0.013010843313943359,0.012014862732019231,-9.819247934317353,-0.0008115847747395563,0.0014276179281640842,-0.0006734293512761365
58.700000000000564,0.010029885947639624,-0.013416272899238952,-9.802902888574723,0.0004008969792694134,0.0007948360745138911,0.00043209329222880554
58.800000000000566,-0.006002141966083856,-0.016052233830275132,-9.804112577843371,1.1968508208659083e-06,-0.0017822100534914277,-0.0005483921502348043
58.90000000000057,-0.004767018337273988,0.0028645723617817345,-9.809915278363187,0.000503380370531781,0.0006355308108266708,0.0008496717723309821
59.00000000000057,0.007249948859068108,0.012631614940167827,-9.812067381022906,-0.0013609402591162176,0.0003562902558061949,-0.0013969946886145206
59.10000000000057,0.004091027401043619,0.011491753717499387,-9.82367994008801,-5.998340045826369e-05,-0.0002574461139255707,0.0007467384199985901
59.20000000000057,-0.012326607645869481,0.007394114716358535,-9.812511707973098,0.0003844671117450958,-0.0022744142044773775,-0.0005816017707019011
59.30000000000057,0.011682468188907492,-0.006119051595536898,-9.80789622660186,0.0017854331750547744,-0.0003990335706002733,-8.479429172716023e-05
59.400000000000574,-0.012999577774479416,0.0011598311056565324,-9.810041402989814,0.0012819822601870827,0.00040881272148346617,0.0009859372522609893
59.500000000000576,-0.015742833546419442,-0.014796663927921479,-9.820308017482146,-0.0005398350405524159,-0.0003380003309523985,0.00019191333343900814
59.60000000000058,0.002550334312077438,0.0029688123277009162,-9.80246441821195,-1.034775233572432e-05,-0.00017630885990477032,0.0001056739563843694
59.70000000000058,0.010880468134057117,-0.002039541735082248,-9.815044346037363,-0.0014470200847020308,-0.0011505738012867728,0.001062647931607144
59.80000000000058,-0.013379014275499083,0.001988117218017783,-9.802116977804321,0.0011028921957034852,0.00019549737465752317,0.001992076067050294
59.90000000000058,-0.0008872540519301169,-0.022495016548048783,-9.792671925096714,-0.0010071727626905667,0.00032694180600573923,0.0001286517272140928
60.00000000000058,-0.002050458496613051,0.004543311308744443,-9.809509460207613,0.0005839765682969266,-0.0018247911878018037,-0.0021274350636088005
60.100000000000584,0.008338403342597361,0.01624434262785178,-9.80078697180222,0.00012795522948497832,-0.0014077346424729825,-0.000449411965230412
60.200000000000585,0.005371865325719024,0.017322221595586343,-9.813054118022038,0.001558688185975578,0.002240182916006383,-0.0018151579849524796
60.30000000000059,-0.005228038524960469,-1.2839223905755597e-06,-9.811623539935578,-0.001018948128248248,-0.0017455487609180347,-0.00013300077711456777
60.40000000000059,0.009044867460208179,-0.008703753145758645,-9.810098526815427,0.0001175945508068101,8.178756325204831e-05,0.001339965533627737
60.50000000000059,0.01595726572610174,-0.01153651523298789,-9.805245122833071,-0.00010657546510649145,-0.0005590399576589424,-0.00026444891532303246
60.60000000000059,-0.00570142906479354,0.00012353362462084563,-9.809469980781639,0.000346745965100242,-0.0005878501234268348,0.0006253333967626424
60.70000000000059,-0.0014664427986348341,0.006042557745942569,-9.808291700227743,-2.6142543772289364e-05,-0.0002856092575884032,-0.0004199296185544252
60.800000000000594,-0.00827837045189212,0.018164959132190694,-9.809617262062876,0.00018223400493372815,0.0007453126573132511,-0.0002636904704244633
60.900000000000595,-0.0033487858265025057,0.008916535074960414,-9.80857216425546,0.0007445924214786858,-0.00031187120454830876,0.0009869148366291023
61.0000000000006,0.007052199238314378,0.00036955710173829093,-9.807809802190697,0.0011567036954331323,0.0012015820295170668,0.00033614892357202716
61.1000000000006,-0.003154011263632062,-0.01791365267536501,-9.810010641548782,1.4163746572187623e-06,0.0009297329099827206,-0.0003060897778875074
61.2000000000006,0.00169498013037106,-0.006029154877696052,-9.814044478470136,-0.00022314532784428753,-0.0006133594928318857,0.0017269411822329668
61.3000000000006,-0.014430762278703801,-0.0067577520544606605,-9.798649209838528,-7.600827683646507e-05,-0.0017068410451174132,-0.0014853777575704785
61.4000000000006,0.0002935919851722387,-0.002804508647066083,-9.803259275843455,-0.0025129017780204216,0.0006552082583162857,-0.0005430927734912425
61.500000000000604,-0.011642718472622847,-0.010274586360308204,-9.80396189696373,0.0015041809461044046,0.0022509957160660138,-0.0005433783112176936
61.600000000000605,0.011759673293378126,-0.002725381348624111,-9.819374879230356,-0.0022301853076133627,0.0005290507800489427,0.00017903959962344763
61.70000000000061,0.009132137380297476,-0.0006237085716150368,-9.82702258624665,0.0011705325893441036,-8.652712192203507e-05,0.0004714998516836076
61.80000000000061,0.01378176037510056,-0.001588136586688645,-9.814912930296561,-0.0015073818245584015,-0.0008542380364734423,-0.001486469622136276
61.90000000000061,0.0050407985390024225,-0.004976761620153316,-9.808928584114893,-0.0004501883744628705,-0.002823552724326684,0.0005071022164848796
62.00000000000061,0.002426027277552221,0.004486256666851372,-9.813139188736804,-0.0008809602523531385,0.0012040484558549663,0.00012823186584378277
62.10000000000061,0.010695297887854685,-0.007029153254032663,-9.826813321707915,0.0006440269302255411,-0.001315371398093422,-0.0010110922086398171
62.200000000000614,0.00019382533281142762,0.0035868384687053074,-9.820329470192155,0.00016315593037631864,-0.001207850519270558,-0.0004385805726437058
62.300000000000615,0.00925613432853727,-0.01997831265691627,-9.806162995532487,-0.0019659509304792424,-0.00014011769519575723,3.802146164068185e-05
62.40000000000062,0.013913703711874318,0.0035378682028733015,-9.815453679739232,0.0008622399358972911,-0.002789644657425727,-0.0003739724187464096
62.50000000000062,-0.0019085636087241642,-0.014126054469752566,-9.819457750583872,-4.91478322611649e-05,0.0016607678878854044,-0.00013496410553722865
62.60000000000062,0.000908885669035122,-0.007086156686777716,-9.808402137770695,0.001582924764436065,-0.00011583924135012427,-0.0005504697332496185
62.70000000000062,0.0013993286770195496,-0.01490704545598328,-9.838697218060485,-0.003536438718830975,-0.00034948981828588987,-0.0005938254171036584
62.80000000000062,-0.016132983282449963,-0.008455989989999916,-9.804456868300168,-0.0016015389087432027,0.0004998020409916209,0.0015375077572266564
62.900000000000624,-0.005124252722620636,0.019694412157813947,-9.811057534271887,-0.0006415142276518048,0.0007805368174629498,0.000584718698879479
63.000000000000625,-0.002128964135947106,-0.03206655975982795,-9.805591141605836,-0.0018415509504748158,0.0012685548241219069,-2.7447591077644905e-05
63.10000000000063,-0.0016685371096729228,-0.0012408652825590092,-9.813696196077066,-0.0004985729486492186,0.0012233075898458168,0.0002977509501869265
63.20000000000063,-0.005728954037276234,0.0012528752493760392,-9.80293913381017,0.0010075820895580883,0.0005226801391502322,0.0011706709650347745
63.30000000000063,-0.00241410556828316,0.013246113782627371,-9.800840246847915,-0.0009971609869949168,0.0009356242526991455,0.00016017231952924829
63.40000000000063,0.01233048966981525,-0.006571369138478674,-9.797479316270946,-0.00019811542482533898,-0.0005598675656532909,0.0002054484180122074
63.50000000000063,-0.008124529073021379,-0.007759015485436418,-9.804969635419182,-0.0008123470910478218,0.0004033349014782117,0.0015513479334956326
63.600000000000634,0.0071236266113070094,-0.001890493694409233,-9.82414097044305,-2.5069483390247877e-05,-0.0008454504030038075,-0.00020423255456212806
63.700000000000635,0.009941593616442762,0.007914651702161383,-9.810916292819929,-0.00040111223567265903,0.00015178738290676054,-0.0012863989115202703
63.80000000000064,-0.003144714065525629,0.005698490504389632,-9.814967272841411,-0.001142391251321714,0.0008765967155426984,0.002111780330700818
63.90000000000064,-0.007135921904481777,0.0068545241021007045,-9.810424691240836,-0.0009927988610046645,-0.001479414336547724,-0.0006395909959689168
64.00000000000064,-0.008118802552462152,0.009197484356722891,-9.809662531957485,-0.0014757413181645718,0.0004671780976145379,0.000617838786518803
64.10000000000063,-0.004945659698986169,-0.0038829806923720107,-9.814839235378413,0.0001315140051124152,0.0008252725461211548,-0.000561799011595099
64.20000000000063,-0.00043524362893867103,0.0211014866753706,-9.807655182512702,0.0012107469031837463,-0.0015185009796850348,-0.0013955080403991532
64.30000000000062,0.014720901838952591,0.013442748704064788,-9.808740861079572,9.656754497460928e-05,0.0007920702262554886,-0.0007552610093864821
64.40000000000062,0.008897877358869889,0.01378861196690798,-9.814531921683884,-0.0007799845484575474,0.00038434788170255797,-0.0021401096423593123
64.50000000000061,0.007061467707471121,-0.0026699422063798514,-9.80409528827092,0.00013448129644082018,0.0009496875710799977,-0.0019556935767558793
64.6000000000006,-0.01901984290015795,-0.005382357259075814,-9.795207281078145,9.27555365594196e-05,-0.00039486359406461083,0.0001242034010264529
64.7000000000006,-0.007105883646771426,0.007189562737324945,-9.8023225171127,-0.0010571687887839466,0.0017589723752079794,0.0008098401705976981
64.8000000000006,-0.0032651694436906433,0.0016581545275658202,-9.808981507753735,0.0006488966080472786,0.001039199255692487,0.001580069734966295
64.90000000000059,-0.01359792971480348,-0.025964475452467318,-9.829410049665025,-0.0001387137329651548,0.0003694269319021152,0.002733293361813348
65.00000000000058,-0.012964765998732544,-0.005664213755028339,-9.819335560436501,0.0012978069267500952,-0.0005162829802176218,0.0009576245273382838
65.10000000000058,0.014149290802358607,0.004447245520647244,-9.80794646884482,-0.0010374737054942103,0.0013374203009668432,0.0010453377421196623
65.20000000000057,0.0224977543492917,-0.004271113246785079,-9.82602088191119,-0.0010582725898381732,-0.0010705951682108048,-0.0004247619820854986
65.30000000000057,-0.003968203417788281,-0.007462716448151376,-9.835021688561035,-0.002343021685780687,0.00023925999786400117,-0.0005854818323025863
65.40000000000056,-0.0020040682055822378,0.00692953993196175,-9.81324781016018,-0.0012951327358959176,-0.0007640952319068712,0.0008079220373110084
65.50000000000055,-0.007059893193898538,-0.0007241019245957346,-9.801341545125627,-0.002326125425092771,-0.0005615640446423328,0.0009469556607131886
65.60000000000055,0.010824047003212519,0.00515626187602411,-9.797812521380463,0.00028927452580976466,-0.001650282599119296,-0.00026619374262663506
65.70000000000054,0.012764284514228341,0.011170812181587964,-9.821491977789048,0.00016516170879751375,7.621991865856341e-05,0.0010477698688465835
65.80000000000054,-0.012644162024749259,0.0003221696786134711,-9.7999250049535,-9.021160335701978e-06,0.0009916199252804068,0.0012772298838587234
65.90000000000053,-0.0015935026881285731,0.000373464024355895,-9.80888831589487,-0.00021661730659868918,0.0005078964847614175,0.00012722065487766595
66.00000000000053,0.016031729893359204,0.025229660255370354,-9.795279092439449,0.00015158857251203127,0.001185154609226581,-0.0009997963560135238
66.10000000000052,-0.019259203102700104,-0.009423001889251902,-9.80772150092192,-0.0001930405851818445,-3.0642162653954395e-05,0.00199976897478003
66.20000000000051,0.009278622358061686,0.007996168578503927,-9.80868237236736,0.00031644619200582065,0.0006323109521089271,0.0004608551199218286
66.30000000000051,0.005719455828037863,-0.0021574221752208777,-9.817112091233174,-0.0002583163605179983,0.0005783564241699673,-0.001611311164473978
66.4000000000005,-0.030746428589329324,-0.008389708530286564,-9.804294168008946,0.0015973886434272203,-0.0008862598522810406,0.00022296228428758812
66.5000000000005,-0.0009439221190426212,0.0061787453132860085,-9.821745506554038,-0.0004840544618283572,0.0014187318132772898,0.0004915991508267681
66.60000000000049,-0.0011812517070973712,-0.002702988212785043,-9.80094028249594,0.0008265691931721099,0.0010905085974356654,0.0016565047716937417
66.70000000000049,-0.008944260420225197,0.0005728099392594539,-9.818324965343097,0.000523842857462242,-0.0005659650557642014,-0.00032443015690366677
66.80000000000048,0.005937800686623786,0.0053388693026490555,-9.821233052313076,-0.0002154200131821158,0.0013237307851195572,-0.00017889869017773257
66.90000000000047,0.00758399211722173,-0.019784862611536506,-9.813517403441463,0.0002450851620850172,-0.00025924059846264987,7.081664426214992e-05
67.00000000000047,-0.012134395876866974,0.008291094964904756,-9.808751419168678,0.000794512883055874,0.00026969369560501873,-9.09113915943299e-05
67.10000000000046,0.015641041326564627,0.00707026637348088,-9.783227680802165,-0.0015182096049062058,0.002324724983472969,0.000288685477545195
67.20000000000046,-0.00015816189483702073,-0.0014476906562305358,-9.812666456262518,0.0009303186055018786,0.0001038471228123005,0.000385424651964747
67.30000000000045,-0.00391227493813949,0.012427850551889243,-9.798791109013617,-0.0011032127358473055,-0.0004764325178289586,0.001060283075565464
67.40000000000045,-0.0063298379484058535,-0.004953677783040248,-9.784614657314567,0.0014466703535661988,8.229094651007397e-05,-0.0006384388346542296
67.50000000000044,-0.003588560075194651,0.008499533335685873,-9.813418732225088,0.00044763168101872257,-0.0011271772649103652,-0.002011115755960698
67.60000000000043,0.004032086330986205,0.011902686965723018,-9.810707376764999,-0.0016029370020510776,-0.0014194526111954596,-0.0007293528304241528
67.70000000000043,0.008477580356087764,0.023332697540872912,-9.816938333059445,-0.0009994619182396496,0.0004380107611960746,-0.0017549532573696445
67.80000000000042,-0.030163194403991823,0.0028495206706636747,-9.808645175856162,0.0026804807196598355,-0.00043721554733031716,-0.0016780524532235865
67.90000000000042,-0.0020501690369493252,0.0022066844670845134,-9.79495840875567,-0.0004206274934515189,0.0019673971308721036,-0.001274111162707022
68.00000000000041,-0.018696585481304248,0.006646967542972262,-9.817306636210285,0.0014561038581252597,0.0009278042622571041,0.00037370498820221844
68.1000000000004,-0.00175330547298231,0.007816360244426999,-9.79458577262134,-0.00016189842464807736,-0.0021219320542850517,-0.0007585083201000835
68.2000000000004,-0.005852010497244164,0.009223991005045186,-9.807374690621675,5.6419092517054716e-05,0.0019050428501580109,-0.0004497720609467938
68.3000000000004,0.004616015431404172,0.0066421319462093165,-9.810503928090371,7.449074746918881e-05,0.0006967691354428905,0.0006846959656906247
68.40000000000039,0.007519963832913876,0.006854234428481745,-9.801781180868076,0.0021988773264969026,-0.0011476183614197888,-0.0003505264395552411
68.50000000000038,-0.013021149814265798,0.009952714122414474,-9.790040786747106,0.0004447274569447436,-0.0020047718573805557,0.0005507818289468047
68.60000000000038,0.0074774419336230335,-0.003954816601808314,-9.806903442676852,0.00019066259738888258,0.00021378583229623958,-2.301442964866002e-05
68.70000000000037,0.008837064241952478,0.005014633199431141,-9.817213624603143,0.0008317307083293973,9.175583273530826e-05,-0.000293707324238948
68.80000000000037,-0.0012159279798149348,0.008021552333270749,-9.82040047872335,-0.00024621276819735696,0.0002727729784411198,0.00033330573547016035
68.90000000000036,0.002002114731287522,0.013352506316779564,-9.829183034953765,-0.002320500933694809,0.0002977998334620766,-0.1427975145366387
69.00000000000036,0.00011370391685977736,-0.004216360989644367,-9.809247928178015,-0.0009922858429954613,-0.0005090021658219467,0.0015289036434819902
69.10000000000035,0.025050388407027478,-0.005325973311827394,-9.811602806178438,0.0007553917787933411,0.0008779108188165076,-0.00037238532465132
69.20000000000034,-0.005251795285323617,-0.014526893601524718,-9.817955538831358,0.00021327812325269607,-0.0009443774766347297,-0.0014612193872945989
69.30000000000034,0.015701553249465282,-0.010706614723203531,-9.80084339334915,-0.0008681101242769451,-0.0005912784788898941,0.0027023138261594503
69.40000000000033,-0.004056766332579585,0.0010265229383110204,-9.826249789525177,0.0010624061947656963,-0.0010697237020125163,5.723317365618395e-05
69.50000000000033,-0.010698350986204634,-0.0043796793132595616,-9.79147650829127,0.0008657547527101656,0.0017009227921470384,0.0018792152553089403
69.60000000000032,0.015050754893784964,-0.008383481813234141,-9.800780296731869,-0.0010318440870568642,0.0011403882437823925,0.0003036910930715167
69.70000000000032,0.011777026948126703,0.0028613860677068927,-9.801594034922259,0.0005503943290077942,0.0016823211059167416,0.00237297655590074
69.80000000000031,0.0094444153115077,0.0037988066848526304,-9.824793059253151,-0.00031120361524667107,-0.0012176379617530523,-0.001052990278029691
69.9000000000003,-0.0009783483164253674,0.009453682409017335,-9.809793558755345,0.0010573150631898636,0.0005352197382300788,0.00014217674444511863
70.0000000000003,-0.014237837655716566,-0.0056432539598113875,-9.790720446346501,0.0022877112810688965,0.0014340816895536464,0.00020865402841732889
70.10000000000029,-0.010252393896795615,-0.0045222884023807496,-9.81518642074806,-0.0005891311844078453,-0.0015622014263723936,-0.0007182351424805499
70.20000000000029,0.00936579467067579,-0.007706903263490188,-9.815475808541459,0.00051716975501593,0.0007526587590608704,-4.605745535964418e-05
70.30000000000028,-0.01471871685646331,-0.007527702537197102,-9.802167178176157,0.0001816127342783611,-0.0003946757203292688,0.0020437132537410776
70.40000000000028,0.009505340863178665,-0.01200965819512272,-9.814933685388691,0.0005452191553381256,-0.0012512414301821299,-0.0009361997227158302
70.50000000000027,0.008322726879598074,-0.01529754577252644,-9.811796259498722,-0.00032338031942608016,0.001027983671067297,-0.00120205655875762
70.60000000000026,0.008401749139615989,0.005226484158403335,-9.828083762311799,0.0026920005366200244,9.58482396577687e-05,0.00012949486056392236
70.70000000000026,0.01395303669951041,0.0047726351903167544,-9.8237595620905,0.00016321649442321932,0.0012466253085903728,0.0010601805871441002
70.80000000000025,0.005722827736701689,0.004890605211171756,-9.802429703601657,0.001339452428527649,-0.0005937252826196192,0.0010773618994584953
70.90000000000025,0.003034938769727939,-0.004735161259728487,-9.819014247771213,0.0013209467048786354,0.0010764792480238198,-0.000404484905512975
71.00000000000024,0.006842536279512875,-0.012755299487872176,-9.795730808641018,0.0011053628755705706,0.00013927181982340342,-0.0006249894734548166
71.10000000000024,0.004437910043690634,0.0006087903074980704,-9.81343174116673,-0.0005997967457223871,-0.0015998955005166776,-0.00044418256687307815
71.20000000000023,-0.01044109271539679,-0.0007121251411492539,-9.80424900607331,0.0024100259282066067,-0.00043508073517613196,4.1416683377111326e-05
71.30000000000022,0.009478171012871125,0.00588441998090169,-9.807512016875426,-0.0006566299106270245,-0.00047473817667674126,-0.0013665415018334949
71.40000000000022,0.0020624747470304318,-0.02902450937398017,-9.801078564360868,-0.0018011889958939877,-6.219329484756178e-05,0.0012308381767622899
71.50000000000021,-0.009926466679428975,-0.0032741507697687695,-9.822206115040213,-0.0015075700936537687,-0.00015570504912093032,0.0005763028172948449
71.60000000000021,0.006147975685006725,-0.01246651059123612,-9.807676001452412,-0.00043176032819787345,-0.001071112168546213,0.0005714930260696694
71.7000000000002,0.0008706493784814207,-0.005547984987325054,-9.810566643862247,-0.002143045392786274,-0.0005793722645482096,0.0001331243199031289
71.8000000000002,0.00212946239440772,-0.013501922121593592,-9.807874654667083,0.0006636571392701882,-0.0013321943927004358,-0.0006962095578222977
71.90000000000019,0.0001912395318204991,-0.011016134931666723,-9.823189642508586,7.04713227621134e-05,0.0004944600741855571,0.000759631178497481
72.00000000000018,-0.006810254464140696,-0.013713538499189645,-9.808709763966275,0.00089345727130529,0.0001911111316537563,-3.7385500272067135e-05
72.10000000000018,0.01143469941860267,0.016033572658166056,-9.816370507576986,-0.0016617948253640033,-0.001293260674753624,0.00152489219382313
72.20000000000017,-0.009094197212679362,0.0012311734838625031,-9.809099479576725,-0.0004450738844514322,0.0004241059077003829,-0.000926519405398363
72.30000000000017,-0.00977165637291736,-0.007332939702913004,-9.824059321771417,0.0013821881854456624,0.0010344717074345577,0.0010636919710515906
72.40000000000016,-0.0012465341624573103,-0.004524581421762882,-9.799224366032254,0.00018166281510397116,0.0009036846331191193,-0.0014771721991219007
72.50000000000016,-0.0001806209287642082,-0.012309579611123866,-9.809325645901023,-0.0015026828108323717,-0.000460817309666525,7.0512607345849e-05
72.60000000000015,0.005952914075118053,-0.027092134848812427,-9.813896138797114,-0.001974682195329179,-0.00011480447444491195,-0.00076865240124221
72.70000000000014,-0.02249273631826052,-0.005591186644540386,-9.827751180322466,-0.0007208137112862883,0.0007895512684189859,-0.0004132912221863799
72.80000000000014,-0.023725383676067895,-0.0027647571123982253,-9.838220027899748,0.0012035817309229374,0.0006640347311660538,0.0008139363699732126
72.90000000000013,0.0030829981617438397,-0.0092831657852223,-9.802707684102058,0.00043341794251090983,0.0012397639232847204,-0.0009625522126481284
73.00000000000013,0.007647185121536921,0.01615883136205835,-9.80533093858218,0.0015792920216207182,-0.0007408494791160593,-0.0020287590924609345
73.10000000000012,0.003635348214658972,-0.0005687225461849537,-9.80107429385095,-0.0011988417430318795,-0.0001750834013729867,-0.0004507688901385331
73.20000000000012,0.008649770809011805,-0.006109688619683176,-9.808560567191217,-0.0009655109680553013,0.0007877638192202235,0.0013521057929406163
73.30000000000011,-0.005293915304671693,0.004711237342672422,-9.82222138814719,-0.0005891455828530596,0.0011808800995552185,0.0007107551466633385
73.4000000000001,0.007485114457877722,-0.010629129094902403,-9.806483348324738,1.1904211762604849e-05,-8.018451118395833e-07,-0.0005845564591802911
73.5000000000001,-0.013147417951148243,-0.011047036386211665,-9.815823737437716,0.001821440641072159,0.00034035362528586464,0.000352813373210544
73.6000000000001,-0.0004521147647314582,-0.007513082205149223,-9.820074524876432,0.0007230964347222823,0.0010134343002090212,0.0003709791494401442
73.70000000000009,4.0904818127026906e-05,0.007547151844809798,-9.79588532733368,0.0010616474653437943,-0.0006718849671465227,-0.0013503207023507087
73.80000000000008,-0.005034936699710438,0.016076515981283308,-9.809345032580964,0.000185391001150412,-0.0012527664715624965,0.00019758488571546074
73.90000000000008,-0.007706950159429847,-0.0048269404048616165,-9.80189340620248,0.0004198747082683072,-0.0003835489169235342,0.00020105390009790366
74.00000000000007,0.025198635561268067,0.0012395759049771858,-9.819581067787015,0.00044115444836368355,-0.0009706549305596125,-0.00042677891968943436
74.10000000000007,0.019692545663518395,-0.014194799688178225,-9.798809213406374,-0.0009906685428275714,0.0003326566417013187,-0.0004731492504002813
74.20000000000006,0.001448462294288263,0.010748395838243236,-9.818626658907606,-0.0004460799492558806,0.00047021310494626433,-0.001537816516616337
74.30000000000005,0.0011547923854449472,-0.0013037044015163156,-9.8165809583226,0.0007574523319321957,0.00017399104322675873,-9.818579560857439e-06
74.40000000000005,0.007120465411715733,-0.017042750373435625,-9.823310389419788,-0.0013055163951630555,-0.0009550507227129452,0.000983697183281824
74.50000000000004,0.008456672755741346,0.005272855690626946,-9.80761393281015,-0.00019813787689937948,-0.00024594769953219936,-0.00023601469111137087
74.60000000000004,0.010002622745000972,-0.015652268548910036,-9.808306174765708,-0.00014021109092828454,0.0012765082935020068,0.0017384131474820193
74.70000000000003,-0.012690733751031838,-0.0022720954171688026,-9.820083651928595,0.00099473729157322,-0.00046757150540521465,0.00033688623506863963
74.80000000000003,-0.008200467633574926,-0.010259316665734075,-9.805004388520153,0.0006439146292469325,0.000285529996609131,-0.0006309572981939432
74.90000000000002,0.00043201536663899846,0.005625417994050779,-9.816121087537217,-0.00018736338211232815,2.6789613040014803e-05,0.0010723382566026568
75.00000000000001,0.00017655231556510322,-0.009179703406249103,-9.836584577769482,-0.0014015445175785757,0.0005652155721793792,-0.0002873941065769686
75.10000000000001,0.01254047784618217,0.0031384317640819914,-9.796826847467598,-0.0001711889987023332,-0.0001249710542809462,0.0003861896071703929
75.2,-0.011967299290712653,0.0024722117818362444,-9.82183239657541,0.0025130199003786757,0.0014136127580587023,-0.0015064189911789525
75.3,-0.01881338178879793,0.013979642640553479,-9.801449455376495,0.0012652388536914388,-0.0010644365304090552,-0.00024336129457876415
75.39999999999999,-0.0004944176317388654,0.010859869204896564,-9.810148012938866,0.00020142679738767753,-0.000264144035313991,-0.0015931316962942436
75.49999999999999,0.016465941795496177,-0.013222396293717789,-9.815680927657432,0.0001480700696741235,0.0001711912983566213,-0.001427000712092133
75.59999999999998,0.014830454919263951,-0.016392252525330265,-9.809858408508623,-7.125574020864744e-05,0.000717880501163747,0.0017115354683433991
75.69999999999997,0.0013783638792732099,-0.0015653742545213686,-9.80587655966575,0.00022429348528925767,-0.0003879774544723591,-0.00041447801519087343
75.79999999999997,0.007532130128667514,-0.01918849861418094,-9.814531220485195,6.2162485929575275e-06,-0.00037356447534308987,-0.0014311869108390412
75.89999999999996,-0.009797162079044474,0.035149519830793834,-9.808649297209866,-0.0019464063644476185,0.0014928812785815705,-0.00019408476948117409
75.99999999999996,-0.02431966301544846,-0.0028398297350877943,-9.801281570829083,0.0023073225898062196,-6.559294570980469e-05,0.000704639768636923
76.09999999999995,-0.010399963513616666,0.0040513633692673395,-9.819001257608267,-5.190825005972683e-05,7.61280825437372e-05,-0.00010207637537309424
76.19999999999995,-0.004894374913068071,0.02098135461107742,-9.804416286880537,0.000449629659355469,0.00042591968613845906,-0.001556292785972449
76.29999999999994,0.009286533482192888,-0.009514600617592336,-9.801026872076575,0.00023455746242208623,-0.00048330642891170224,-0.00035907663251766623
76.39999999999993,0.012724040892635066,-0.00118415162534365,-9.835073992825201,0.00035562685820019006,0.0002595117477428997,0.00017864785101640973
76.49999999999993,-0.009842187247907367,-0.0037571395523735237,-9.783885598310103,0.00018663475897027473,-0.0021033141491397225,-0.001973864339866306
76.59999999999992,0.016905457454903915,-0.015526687218463309,-9.798615796102291,0.0008736698912089992,-0.0010058030929942661,-0.0006785412390457851
76.69999999999992,-0.007015957922950919,-0.00978539442017053,-9.792021728576676,9.978865914382163e-06,-0.00083477468404715,0.00010022228281399491
76.79999999999991,-0.01063031901014856,0.005301230251818101,-9.805360369274629,0.0015434989144391842,0.0004617269979878306,-0.00011760304397484901
76.8999999999999,-0.0033252976925205032,0.0035551818240809243,-9.814350071176468,0.0020981108605467374,0.0006233444637151114,-0.0009861375386365319
76.9999999999999,0.010143282615196038,0.0018753587148523272,-9.803866340989407,0.0008768357290324311,0.0014315420012462662,0.00014901879477932726
77.0999999999999,0.012214670648086321,-0.00478628795223118,-9.818935130913653,-0.00030017926567936005,0.0011027269120691436,0.0017834877758452269
77.19999999999989,0.005312851406662719,0.0035280079217875422,-9.793608837260187,0.0002517525502289628,-0.0004347633462389571,-0.0006202745816538395
77.29999999999988,-0.02239340606682379,-0.01785710110754504,-9.807553415283456,0.0014719862546784747,0.0010443303492071246,-2.1673705485512585e-06
77.39999999999988,0.005320468281694598,0.026048359768694584,-9.801730135435351,0.001145263587329297,0.0006329864680399589,0.0022285824654414772
77.49999999999987,0.009794848943605706,-0.011221369008599697,-9.80978487657564,-0.00010083211862887563,0.0010509566535566307,-0.00027170865148027403
77.59999999999987,0.006495540492182634,0.0009100851505163926,-9.803666689519101,-0.0007445626705196491,0.0005650701766851554,-0.000625483651699314
77.69999999999986,-0.0027941708917905233,0.00889177586813271,-9.810691819544228,-0.0013846949723330924,0.00022046854815198567,0.0006399095866032688
77.79999999999986,-0.028864315883026622,0.00048020802139415807,-9.806577671533711,-0.0010650801726093144,0.00010804429603088584,0.0022183097961332213
77.89999999999985,0.005934164835569359,0.006368168538178196,-9.81026920111083,0.001111881518005372,0.00018992977047457108,-0.0009746412306031639
77.99999999999984,0.01819524248657405,-0.004096657623676273,-9.823525616568055,-0.0001704880319319103,-0.0004348211555429194,2.7863353876699236e-05
78.09999999999984,-0.014404484378251415,0.016820116587428918,-9.799766332573503,-3.6372404966092924e-06,0.0006082264710352178,0.0002509533854843989
78.19999999999983,0.005597330328898287,0.006132189404524111,-9.806668417769382,-0.0004926477114553638,0.0008040364405474443,0.0006790814588501448
78.29999999999983,0.016034956922106616,-0.017791895906362536,-9.80849797316058,-0.0007887450319776639,0.0016299357225274924,0.00019799943234149843
78.39999999999982,0.01154971046360209,0.013849847079378957,-9.802967519759234,0.0006567153775318265,-0.0009468789085901663,0.0014766617554069536
78.49999999999982,-0.00814033505754116,0.00739015095605232,-9.819523273221792,-0.0012792992240439312,-0.0003348426378781271,0.0013439061640262563
78.59999999999981,-0.013372040403955274,-0.004462760437808693,-9.810484977023027,-0.0004089857580106575,-0.00012344440962145357,-0.00037834985423876213
78.6999999999998,-0.0029482806736538226,0.01820413005097424,-9.825734947670915,-0.0004838573797686594,0.00014720898939488456,-0.0005660151780656656
78.7999999999998,0.0014188674385225881,-0.0162676293984024,-9.820098403607995,0.0017467798332102202,0.0002480733509233866,0.0014232696205396594
78.89999999999979,0.008077088896661437,-0.00605118394306269,-9.8292895337985,0.001350190179415623,-0.00011963089454183533,0.0019399242867790367
78.99999999999979,0.005224521994710947,0.004605980662903415,-9.83218424346235,0.000736660455081384,-0.001353994842648038,0.0007334430833702473
79.09999999999978,-0.003573714597862886,-0.01658647265478685,-9.829891473066935,-0.0013433142612820222,-0.00029183240735863153,-0.001074884839816715
79.19999999999978,0.016741512906766932,-0.0035103098866096313,-9.817374642815803,-0.00018097255841229592,4.895152797398395e-05,0.001021670229595849
79.29999999999977,-0.004176184880234655,0.0070205357454579,-9.803933460925013,-0.0012717986587312395,0.0010287268923517125,0.001536591954870125
79.39999999999976,0.0016600033090060677,0.0019820305421125815,-9.80307143698073,0.0005558391911429432,0.0014921445861662632,0.0006338031521642321
79.49999999999976,-0.007954554133072276,0.012007415958825776,-9.81342761201901,-0.001159947132982321,-0.0002945915368032704,-0.0009146820213865443
79.59999999999975,-0.0027860855617352427,-0.009343571622302297,-9.820690513779505,-0.0022208854600911368,0.0012395277267566913,0.0013117365910499603
79.69999999999975,-0.02782416866442556,-0.0017611486775123953,-9.809458986854755,0.0014414474156626527,-0.0005061406429206462,0.0011013338023731808
79.79999999999974,-0.010046519044683741,0.008843700321185066,-9.800749542367212,-0.0005480462414823071,0.0004686887216632252,-0.0008104906545894143
79.89999999999974,0.0037605719110401924,-0.004214453520987403,-9.831497740204489,-0.001395381931358347,0.0012951166716829153,0.001171026569479338
79.99999999999973,0.011613853693199987,0.007776336274175399,-9.809066685323021,0.0012821825902627228,0.000784768279872008,-9.644561530487948e-05
80.09999999999972,0.001940937382529128,-0.020374146316918817,-9.79891289592009,-0.0003184270506559847,0.0020570335173023258,0.0004208534970162089
80.19999999999972,-0.006834669267587938,0.01612544255379169,-9.812408948009672,-0.0008972605557610278,-0.0008684939081324797,1.4601053330565287e-05
80.29999999999971,-0.0042630906389195386,0.003822219023888979,-9.812202158760515,-0.0012074092608908786,-4.574315862992667e-05,0.00013776299163299524
80.39999999999971,-0.000880436923674931,0.007454033352268965,-9.807747812660164,-0.0003039479728019962,-0.0009983382182605582,0.0016222882750431538
80.4999999999997,0.01194649574262005,0.0082376798773815,-9.818401687829368,0.0006001119172408751,-0.0008421920665314727,-5.140593534260074e-05
80.5999999999997,-0.0014315880935174936,0.01373393066656269,-9.807728859266922,0.0008770559036543533,3.3981377903800414e-05,-0.0015584671816768355
80.69999999999969,-0.004428719733704582,-0.004507781804128505,-9.815466661407504,-0.00026994466833008755,0.0014962623177412584,0.0012747426084736095
80.79999999999968,0.014200471917270538,0.01159005710725684,-9.800412607221801,0.0009383378200652714,-0.0008071191555262161,0.0003540068958763866
80.89999999999968,-0.013780999400980936,0.002347420834684538,-9.79602906398455,-0.00039021532206156743,-0.000657818469572221,-0.0013654730435175334
80.99999999999967,0.0019290977428055467,0.00834180745711058,-9.815082423421627,0.0002620132156884967,0.000680088583099979,-0.0004025195569241161
81.09999999999967,0.002246900261935945,-0.006119487665953427,-9.80456727835617,-0.0006019331059642309,0.0009439600053794834,0.0006851140882153982
81.19999999999966,0.01360035192317592,0.007986258024854613,-9.81386025859652,-0.0014179864385497753,-0.0013623066494576218,0.0008952661205054318
81.29999999999966,0.012972462606917964,-0.0076449769477399,-9.81998123752573,-0.0014022676805140841,-0.0009330630463011369,-0.002025701108432815
81.39999999999965,0.011179272327764243,-0.008857086022038172,-9.818160975214488,-0.0009049485961275442,0.0009557123631166319,0.0009453501431025508
81.49999999999964,-0.010152548009244852,0.00708803532454484,-9.808933919016793,-0.0005326132782535509,-0.00010619056026773056,-0.0007141243264074806
81.59999999999964,-0.0182909608970679,-0.004978512531491404,-9.797875716412094,0.00054698428183592,0.00012513862569814725,-0.0013859480531823105
81.69999999999963,0.012648137779757896,0.005134257415058327,-9.800700681241466,0.00036515618515385844,-0.0021133124081701244,-0.00014187428858884505
81.79999999999963,0.008656590677510314,0.0038041457560404972,-9.811737976575161,0.0016704013576800333,0.0008943940124377243,-0.0015356115885484735
81.89999999999962,0.006569689036451473,0.004184754173786875,-9.814228867027323,0.0002455380253989244,-0.001520069461284823,-0.000823299283063929
81.99999999999962,-0.0047454300248970975,0.005392680043834536,-9.807220291187916,-0.002623910166956099,-0.0008707841699360356,0.0008249006644934235
82.09999999999961,0.007815955873327413,-0.00255009806842104,-9.807221541321164,0.0015451280963438621,-0.000997362085434512,-0.00021482022007539812
82.1999999999996,-0.003019437528083168,-0.01418931936791551,-9.80822218724909,0.0015777478182709898,0.0009511850623593608,0.0005920115230436255
82.2999999999996,0.0113335477211262,-0.00572536205060674,-9.812798690876706,0.0008769133197295101,0.001790936878793842,0.00030575168971072543
82.3999999999996,-0.005917925198831758,-0.014141778780682157,-9.810789027040698,-0.0020187616704471717,-0.0008533134869718928,-0.0006843199821406289
82.49999999999959,-0.014963674962075329,-0.01226600588187337,-9.837753568716943,0.0013386868001925877,0.0011722950976709324,-0.001076430513095123
82.59999999999958,-0.0026342605034257384,-0.008944558906879084,-9.796678497742583,0.0004898745114659076,0.00013896074300451817,0.0013687174991721665
82.69999999999958,0.003229818324251782,0.015369121263856015,-9.824393295122714,0.0010385919581764847,-0.0016768370517831498,6.185666764893376e-05
82.79999999999957,0.004028802247711142,-0.003240669791483398,-9.804336262698168,2.003994607518002e-05,0.00032153031413939266,-0.0002671274594317738
82.89999999999957,-0.004362007457569372,-0.013103851244167117,-9.805085992907443,-0.0016317083643544318,-0.0008617905402059564,0.00046570419978195985
82.99999999999956,-0.00016173460198025535,0.0027557836563197697,-9.797385507773724,-0.001091007287344831,-0.0009772572406021723,-0.0011614678621006697
83.09999999999955,0.010143640768221558,0.007238838226750265,-9.816425777707577,-0.0009860583828707006,-0.0005661573828360999,0.00019815665651988035
83.19999999999955,-0.008011700708996166,-0.010406056589619284,-9.805282744017859,0.00017192850697196315,0.00138874150018342,0.0008782353794634049
83.29999999999954,0.018892214648239918,-0.003549945600666392,-9.79909303256201,-0.00043300073027866307,-0.0007759513507480977,0.0013184509337768578
83.39999999999954,-0.012071102578873229,0.004333075753858781,-9.797093563352103,0.0008711141024035126,-0.0007449188259652504,0.0004466233831712145
83.49999999999953,-0.01202861225504971,0.009019221110986011,-9.803145726164178,-0.0005097006048743785,-0.0006401419781236802,-0.00014523414095446785
83.59999999999953,0.027828859645387276,-0.0009653736959027447,-9.815655575756068,-8.009799457423071e-05,-0.00034993338017428254,0.001449693574976696
83.69999999999952,0.012236309399789995,0.011409257881358556,-9.822865748873932,-0.0009038579000355485,0.0006294467004771036,-0.00020081780819686544
83.79999999999951,-0.0008050447752703216,0.01626677314477756,-9.818484103932064,0.0014855891145218291,-0.0013372102097084328,-0.00018483833356397835
83.89999999999951,0.001205940577615986,0.00247645666246963,-9.798407757507542,0.0006238130642519348,0.0006078370043333047,-0.0012893375649917107
83.9999999999995,-0.0012352723776550142,0.01078737257989039,-9.811035491283967,-0.0006779503852823429,-0.0011803304551903252,-0.0014854597144681216
84.0999999999995,0.0013866688897214675,-0.006265603395116288,-9.815801440851343,-0.001257819732724913,0.00179390180293635,-0.0007102169281860363
84.19999999999949,-0.002901000764853986,-0.020785667954832384,-9.80538391646438,-0.0014622872469070881,0.0014666311312696505,0.00041174664401199895
84.29999999999949,-0.0032052354857042605,-0.004471569835009176,-9.806099429504517,0.0004041941312108557,0.0005388897949105767,-0.00021067550687243954
84.39999999999948,0.007300890882278256,-0.0041269732164135545,-9.822399107757816,-0.0009201669342032947,-0.001222506718304585,-0.001311845380765473
84.49999999999947,-0.0066723722121981455,0.004328374021551466,-9.80370225873823,-0.0005734833714297708,0.001134564242130602,0.00019245725638150057
84.59999999999947,0.016673475249488423,0.007502776009428493,-9.815290054309125,-0.00013617893989019522,-0.000344263512858075,-0.00046045756085211583
84.69999999999946,0.009995734300978576,-0.0004246706850987441,-9.807105177159753,-0.0008017494206322281,0.0008435110572587843,0.0006879716154280176
84.79999999999946,0.02132341207449582,0.014111039369428355,-9.812191537990271,0.0009059087175044033,-0.0008349613817575341,0.001400579598568005
84.89999999999945,-0.01313219848465149,-0.01377551112535951,-9.810834680371048,-0.00036072679450471957,-0.0012716177940658455,0.0008890763333120511
84.99999999999945,0.026299844681166924,0.004772549483338886,-9.800724843075024,0.0011504630426647088,0.0011973207625979542,-0.00036985632552432224
85.09999999999944,-0.0017519516742712663,0.007311126644954324,-9.82643211149455,-0.0010946744404315004,-0.0017872745591677734,-0.0018221396648810354
85.19999999999943,0.014519781452667644,-0.011012808396634505,-9.796388091037606,-0.00015176746747589865,0.00047032626290404605,-0.0021953864374200044
85.29999999999943,-0.023421983212773036,0.0022569164234875465,-9.803796280137954,0.001961498682296907,-0.0008878523776734081,0.0008331340037169244
85.39999999999942,0.01784289512313127,-0.0029353933682587496,-9.815388534752659,0.0002303607033701909,0.0004230109418677678,0.00015793172226479294
85.49999999999942,0.00569687044854578,-0.022684877649357112,-9.788636513716991,0.0011973289917137084,-0.00027202858511028325,0.0001304623656182222
85.59999999999941,-0.011565393620072842,-0.007656322488253442,-9.820417399289672,-0.0009990156376795667,0.0020468783372035756,-0.0004563662468387014
85.6999999999994,0.009789753291269987,0.009540061487279075,-9.803239966881776,-0.00034535924524063547,8.623350498330921e-05,0.0006648686067022052
85.7999999999994,-0.0051881237639481385,-0.003932847585952097,-9.820505374874292,0.0008083833041125512,-0.0007397598018701506,0.0006280707497930796
85.8999999999994,-0.0010672517480175099,-0.001081037861815533,-9.819170931516846,-0.0007649326135426157,-0.0005678579839011289,-0.001331845656625842
85.99999999999939,0.019039580933235073,0.002180819395807946,-9.817467125997299,-0.0016955982786068826,0.0009319363415500023,0.0029133326419728206
86.09999999999938,-0.002283650778322942,0.004311290588297484,-9.796302697060481,-0.0012120219303241064,0.00043486459752224525,0.0005015638937207972
86.19999999999938,-0.0073560930449468225,0.021920332120709613,-9.80775548838151,-0.0010204324361066342,0.0010504279889273227,-0.00011447160907524099
86.29999999999937,0.008689490833656659,-0.019143224369318576,-9.819568771801322,-0.0022797667549097583,0.0007745621743748681,-0.00150952740062602
86.39999999999937,0.002801717331899688,-0.01581372979566218,-9.798330463585259,0.0006645424255192973,0.0018627980609679986,-0.0005365449592802315
86.49999999999936,0.01096404743574892,0.002576904771086136,-9.823467906826162,0.0003382499254334218,0.001991476495997018,-0.002762832449867141
86.59999999999935,-0.0029116385211600026,0.009997657071677116,-9.80799898148327,0.001836982666656902,0.0001364265590586287,0.0002105672473457652
86.69999999999935,0.016399691434449686,-0.023140222510486117,-9.813994492426675,-0.0011586762501161485,-0.00040980404328010145,8.612737894215737e-05
86.79999999999934,0.004423016025415332,0.004424120423666637,-9.831579197702021,0.0005693105567728453,-9.1842354947311e-05,0.00025982148692507863
86.89999999999934,-0.0034567767641243024,-5.936281727419341e-05,-9.816592512208427,0.0008915427428590067,-0.0007009171219356456,0.0018936974835885537
86.99999999999933,-0.011919987747609329,0.0023577616265584266,-9.79881046990382,0.00132808069766535,0.0007176027212663441,0.0008478530529665128
87.09999999999933,0.0019058616274946869,0.006500767052308345,-9.81532688583344,0.0003440524571171429,-0.0008645608037897797,0.0014737695790764658
87.19999999999932,-0.01884666898050951,-0.003208470619926922,-9.802379431508488,0.0009586935356522102,0.002188717050159749,-0.0002945927120142819
87.29999999999932,0.00042882410960212155,-0.006282175674875372,-9.819165676370494,-0.0005780601409449315,0.0018965716374088008,0.0009368119467400896
87.39999999999931,-0.003341103082300271,0.005544217353196295,-9.804101296483342,0.000810828956820505,0.0008056598115233558,0.00047530468252563347
87.4999999999993,0.002293424712433273,-0.016310702408564408,-9.81541983814789,0.0007217515558610004,-0.001987340521961763,0.0009544489365516094
87.5999999999993,-0.010897474816832791,0.003745918730791595,-9.814467647875384,0.001744363115276872,0.0019101296202722684,0.0008145880594909694
87.69999999999929,-0.0036581371349880725,-0.006315942577562704,-9.824366380307582,-0.0009102843163883421,-0.0009363184088994101,-0.0003848364761445491
87.79999999999929,0.012985847122892587,0.00010414349470341335,-9.806572472322086,-0.0002495104017249786,-0.0006899066713128586,-0.0005292446265320192
87.89999999999928,-0.00818290409411497,-0.0024240569669728086,-9.803904689501664,0.0008354324959226671,2.2962234179552423e-05,-0.001598321978597737
87.99999999999928,-0.007636743957036973,0.004946309249696393,-9.810196780675769,0.0012604180996473888,0.0002637200722816677,0.0016705302183624943
88.09999999999927,-0.010397787461134149,-0.0060447172619579135,-9.812217353393923,0.0004925009873670473,0.0010184212930308017,-0.0015479652355707332
88.19999999999926,0.003844353366920371,0.004720306125669351,-9.804969162549234,2.610292333049066e-05,0.002478447011776407,0.001317385218787791
88.29999999999926,0.009153002775132087,0.009737013284645286,-9.819203948314582,-0.0015220520765012093,-0.0003290080257706999,-0.0005926760641260241
88.39999999999925,0.0003056775920040215,-0.0071473988135153065,-9.8060075785607,-0.001193206037189597,2.3828376064795034e-05,0.0013616155739669877
88.49999999999925,-0.006262244000854586,-0.007867892159165118,-9.810965923393029,0.0005314571243868988,0.0005472051237641297,-0.0008035549814300341
88.59999999999924,0.011935168880998945,-0.030715622363410962,-9.799164443135492,-0.00047113132763986604,0.0011812943179479013,-0.0005422543332342186
88.69999999999924,-0.00706517264917109,-0.006111163386138423,-9.80713013849323,0.00046017067456745103,0.0009798979424566164,0.0001080752588656494
88.79999999999923,0.013075528834952006,-0.015410860276826205,-9.821186003029839,-0.0008561982659492614,-0.0002712681151238787,-0.0018415713328633605
88.89999999999922,0.016469534802809212,-0.005376835797141653,-9.80508504017402,0.001173327511687517,0.0004835121375696064,-0.0010473708652829644
88.99999999999922,-0.021342956385391142,0.0033655730160646524,-9.827895486168096,0.0010126343963655113,-0.0002749815693140882,-0.0002301345747949761
89.09999999999921,-0.010474156627268442,0.0153215912896777,-9.820132938436045,-0.00025074030330008264,0.00048624230304788026,0.0011403228088401466
89.1999999999992,-0.017852733514524603,0.016188991546694995,-9.812952486188415,0.0005258490390487645,-0.0006509822359886911,-0.00019854530663038724
89.2999999999992,0.006355831098703987,0.01567414473346595,-9.811108147587062,0.0012294447302969452,-0.0007454912449842391,-0.0002650419523484219
89.3999999999992,-0.013060356522095798,0.007575020161902677,-9.805223445761897,-0.0003437233840456959,0.00047089689667315033,9.651236503219197e-05
89.49999999999919,-0.009688742592647516,-0.00953943551508389,-9.80289585188544,0.00028134902699457006,0.0007954599902676158,-0.00018224807982693766
89.59999999999918,0.01091773711030508,0.007779213489541502,-9.81892278923855,0.0012452829266940562,-0.0011192149880759263,0.0007455829773636621
89.69999999999918,-0.010212213731380619,0.006172654306518929,-9.812155927846813,0.00012438182712613455,0.0004529744522445241,-0.0008131961936711791
89.79999999999917,-0.012570162917819734,-0.004293044082016463,-9.822880802410635,-0.0007453086074303356,0.000509667914355746,-0.0003140957405704012
89.89999999999917,0.009691217276447405,0.016988986943798447,-9.804251378432257,-0.00075976039945092,-0.0008428683492383858,-0.0021080416788967844
89.99999999999916,-0.007699439228948346,0.017685172458356515,-9.82520870002183,-0.0006529422359194676,-0.0031796249145678752,-0.00022904002677697676
90.09999999999916,0.0021630498960562776,-0.004448480292872571,-9.821231603266881,-4.185904500149885e-05,0.0001604570169780515,0.0007867847143022099
90.19999999999915,0.0030437773507607903,-0.0002995388331441373,-9.822074025042161,0.0008192264780366922,-0.0005594819633527189,-0.0012302516508994452
90.29999999999914,0.015386362392078329,-0.005241091365444038,-9.81850375685276,0.0017683212208110845,0.001061526407095445,0.0006426859579888418
90.39999999999914,0.016922232050231904,0.005610288364912378,-9.810943938139028,-0.0002824389159903462,-3.2216553886475095e-05,-0.00147567526464748
90.49999999999913,0.011114108727720569,0.00945089741615022,-9.82278807632121,-0.0005063383119746154,-0.0008150780200151998,-0.0010670560676311032
90.59999999999913,-0.018640577889166843,-0.005887187302522433,-9.819139129901759,0.00015778258917603237,-0.00047391057271791456,0.0017798004239243396
90.69999999999912,0.0029788127648508558,0.002314687436572331,-9.799560815540518,0.0004526135166677994,0.00017972221398331018,-0.00019834190429881337
90.79999999999912,-0.012764936276916432,-0.011167682540149514,-9.79388594446596,0.00092590475713579,0.0007128675476490307,-0.0008913692819015654
90.89999999999911,0.008414134624430577,-0.02164313928325544,-9.80404439056195,0.0018060114859067584,0.00031462399541732375,-0.001459680672496719
90.9999999999991,0.02140113885753037,0.010842420278382496,-9.807889880935132,0.0008827152732078136,-0.0006269205527173738,0.00022835597770905967
91.0999999999991,-0.008062881267780637,-0.00988844474635203,-9.816975875185312,0.0007600480662416855,0.0011924843810982135,0.0002926306570966377
91.1999999999991,-0.008461082435337153,0.0040737723374695564,-9.803130690946102,-0.0007102457738656569,0.0001391979258410538,0.00042266689423878733
91.29999999999909,-0.0021484443223733873,-0.0003543664819797404,-9.81653179441582,0.0017395489156160479,0.0009844996364274554,0.00026624169013611385
91.39999999999908,-0.0055711608600805115,-0.005797504600882619,-9.80869814430445,-0.0013995316368202262,-4.4931130729248106e-05,-0.001359548849865229
91.49999999999908,0.011510923255458551,0.003647655996545254,-9.80713321969149,-0.0008415116604023615,-0.00033136630421438137,0.0003034770691844696
91.59999999999907,-0.005591359516793125,-0.008422730900900165,-9.812966550023042,0.00047860025190311174,-9.845725369266564e-05,6.035335937954103e-05
91.69999999999906,-0.0033640294951189148,-0.01743359792142575,-9.808510177710888,0.001210058401919818,-0.000460864168056372,-0.0005717545552240882
91.79999999999906,0.0013211534901936518,0.011012476411051082,-9.812661256072383,0.00011811777167927425,0.0030915709937749617,-0.00033993088470201126
91.89999999999905,-0.015280927682231162,0.006327400209138595,-9.808388723978803,0.0003378088795189455,-0.0005196648314546342,0.0005109016105782298
91.99999999999905,0.009700978785544047,-0.005294221800693555,-9.79987167916659,0.0003745066637657382,3.074069175777644e-05,-0.0006967807746980088
92.09999999999904,-0.01382111485101923,0.008710268540463719,-9.808154558395996,-0.0006430434738142459,0.0006772624630515428,-0.001392790918424525
92.19999999999904,-0.017991589383567645,-0.016951055411017737,-9.8169406677589,-0.000909010544550561,-0.00040320128430358795,0.00037902076493849887
92.29999999999903,0.004816338547410647,0.00761538740891961,-9.80967424678155,0.0023792443445954502,-0.001393315021756387,-0.0020708428753456135
92.39999999999903,0.011883777585942619,0.0009587787031534833,-9.81337237160749,0.00019939546517255154,0.00031379847215071415,0.000576363589473244
92.49999999999902,-0.00810521685016569,-0.011043197779900649,-9.817290118064967,-0.0002945261598923202,-7.202734202761621e-05,-0.002390137283590066
92.59999999999901,-0.016956408563073642,0.006532313209080377,-9.810940606360589,-0.0008377338191424117,0.0013378993613967628,0.001503726209614053
92.69999999999901,0.01212029987535782,0.0010869961083398677,-9.81403478689328,3.191404528646363e-05,0.0011606434722449118,-0.0003573485844814657
92.799999999999,-0.007002802289276233,-0.0036945527223466363,-9.824408126618113,0.00047287784041309195,-4.9310033361138166e-05,0.0008686848763403862
92.899999999999,-0.00013290286568791595,-0.008380408044766708,-9.819090953649498,0.0005382135430897818,0.0006778349485558585,0.0011692041336327853
92.99999999999899,0.003547553256942287,0.0016087151289526933,-9.814479386355728,0.0020800778214915133,-0.0032212625741490993,-0.00039326621830343796
93.09999999999899,0.015469961246419183,-0.004763737916065135,-9.790299326605599,-0.000521304365229724,0.0008564558893487147,-0.0006106334738751203
93.19999999999898,0.010358145825634725,0.001785409974638986,-9.799080208301342,8.048016941420872e-05,0.00031354196311540375,-0.0010029156389097754
93.29999999999897,-0.0031340543271063505,-0.004392067102007759,-9.840433036048557,-0.0009666990594121039,-0.0011697812298950916,-0.0012375573617910036
93.39999999999897,-0.012758342835167358,0.007387231538298421,-9.801664181318632,-0.00014912586992543706,-0.0004651124599402354,-0.0004536679191025685
93.49999999999896,0.016845782573131577,-0.02494334295027791,-9.820093774998982,-0.0021236642538982405,0.00027675716470854133,0.0009030387031563723
93.59999999999896,0.002640731980138927,0.019304886115611698,-9.804583586815106,-0.0003593288327224145,-0.00035810682535398407,-0.001140562016748925
93.69999999999895,0.005061353635548837,0.014596784572972235,-9.809746871062131,-0.00015306329325065672,-0.0014712716803717476,0.00011982979643003395
93.79999999999895,0.012131955094942928,0.002660316890153343,-9.81912538573898,-0.00038236380063018713,0.0005457400985267373,0.000863411613923492
93.89999999999894,-0.0011969380704224737,0.010620985461411348,-9.813971291634896,-0.0003422990617326191,0.000956066288806167,0.0021972298302039986
93.99999999999893,0.010310369664152427,0.01901439098176256,-9.79656753194305,0.00015749009944535797,0.00028107627759512603,0.00020849641060598808
94.09999999999893,0.0069690267018284995,-0.004918722347462261,-9.791886150072974,-0.0005349797663702772,0.0015662098999219747,-0.0006412011926021163
94.19999999999892,-0.007959965746345209,0.002562559612560199,-9.792319182835623,-0.0016500810448765665,0.0009327624604781658,-2.9464906128539753e-05
94.29999999999892,0.013314810496099214,0.015478944540663906,-9.806704063784686,0.0013192466078352607,0.0009216910303799421,-0.00010401392504612836
94.39999999999891,0.012734557521878194,-0.011132864407661076,-9.810310827928177,-8.034316971104818e-06,0.00017067982112972657,-0.002295914731646312
94.4999999999989,0.023459845128317253,-0.0029155847113728024,-9.821391195431787,-0.0011758568081566936,-0.0008734138366430721,0.0004969288269911893
94.5999999999989,-0.007302869919963974,-0.0007241056237627701,-9.80368709210421,-0.0002565809010090018,-0.0021911783092282175,-0.0005219009718935193
94.6999999999989,-0.0010564634068089011,0.02682298599035557,-9.808548331031187,-0.0008396326070184315,0.0018644729009656713,-0.0013056134232150986
94.79999999999889,-0.002643522087629212,0.0013197063834334444,-9.812634691620922,-0.00016538816533269814,0.0009698002855220915,-0.0006111801035585615
94.89999999999888,-0.00993483525510946,0.01872191383072993,-9.832169301246438,-0.00011547621722026432,0.0023825209751403738,0.0007193564916615071
94.99999999999888,0.01687492299760614,0.007522511357443963,-9.802475796453157,-0.0012664151947677014,-0.0009977711822825937,-0.0012969105960975323
95.09999999999887,0.00045644303650846217,-0.003261004755735385,-9.82372181109014,0.000343774106491731,0.0004133613441349164,0.002953820014760591
95.19999999999887,-0.0030836989940835895,0.0026685058874519126,-9.795861715709593,0.0025440415513701435,0.0020400239440108736,-0.0015268076728251483
95.29999999999886,-0.01950317421412714,0.008003483925822211,-9.808907663782684,0.00189613765891295,-0.00021177594354102419,0.0011972003210885868
95.39999999999885,-0.0031938886709906174,-0.0032445233219247555,-9.828862410104593,-0.000637900613947043,-0.0016561504098043583,0.0010665911433171214
95.49999999999885,0.016786516423541925,-0.009772089083982792,-9.816376161864131,0.0017040720467857255,0.001378037686936823,-0.0012727758412586694
95.59999999999884,-0.007526532214845861,-0.006511142526693396,-9.803650187879951,-0.001883616207084003,-0.000433767760347969,-0.0007282823509397973
95.69999999999884,-0.014650098253336028,0.003982251805830685,-9.817154652263376,-0.00023302093332758648,1.1257779195734322e-05,9.608564691475683e-05
95.79999999999883,0.008961364264471422,0.03156611191909356,-9.821754597674119,-0.0008925715050944166,-0.0006435329603658529,0.00028925403752319486
95.89999999999883,-0.0064779017467689794,-0.007094849620143573,-9.814598190844904,-0.0008053657293993086,-8.068015002091379e-05,-0.0006369672500528611
95.99999999999882,-0.009927654069624892,-0.002111159541613253,-9.812450134416695,-0.002206628461154702,0.000478169297704205,-0.00101868561089509
96.09999999999881,-0.02059028328964644,-0.011098263760708531,-9.806665670314453,-0.0014127131810723116,0.0035837825542219632,5.696016251592469e-05
96.19999999999881,-0.0006152048063038338,0.006655736610664651,-9.811143655322585,0.0032894860059003938,1.930237168941664e-05,-0.00017152439108913804
96.2999999999988,0.011723973461816018,0.02274856995730506,-9.803445114042939,-0.0011265915087929261,-0.0011286108315047112,-0.0021288574811429758
96.3999999999988,0.017284668225680453,0.0005777019504728466,-9.801863899789499,0.00012801072888341585,0.0007779940252930711,-0.0010931875267648384
96.49999999999879,0.00871279422286066,0.023944409635486386,-9.794318586322724,0.0001466872457819088,-0.0010122881261614592,0.0008578016112704465
96.59999999999879,0.007253926213500202,-0.014242441600545998,-9.794779319682771,0.0012609487227191267,-0.001730386275711107,0.002198918649624354
96.69999999999878,0.008679750457683058,-0.01245763790132591,-9.807694222366889,0.0010197120233253682,0.0007186660809004184,-0.0007645161737918828
96.79999999999878,0.0023010893209429906,-0.016874755774647452,-9.808808919868433,-0.0009880126401673954,0.00048524162519937613,0.000909312201428574
96.89999999999877,-0.00028994659048684363,0.007569370344456689,-9.808911507006659,-0.001498409758141582,-0.0007358889841662053,-0.0007580922978132537
96.99999999999876,-0.003033427718027872,-0.009313480945821595,-9.800075482082523,3.685403955293235e-05,-0.0005722836555938219,-0.0015223582482989453
97.09999999999876,-0.013001358043221426,-0.001913045000580184,-9.819708608513348,0.001537128052549517,0.0006711301850184135,6.654247909297647e-05
97.19999999999875,-0.008747368511777773,0.005776934752932885,-9.819769332098502,-0.000263491178648979,0.00045732506259594255,-0.0007353067057113204
97.29999999999875,0.00609894621231004,-0.0117332526130882,-9.81954369360051,0.0015635742733710492,-0.002840447248954872,0.00020846030985743238
97.39999999999874,-0.00751546072699394,0.00818077236306495,-9.805956495645495,-4.2986885029864924e-05,0.0001730327785805187,0.0004885085422871989
97.49999999999874,-0.01140260061227956,0.006955028359735724,-9.824530747387664,-0.0014010476780475468,-0.0005481924571378926,8.104875720893576e-05
97.59999999999873,-0.019618557268385472,-0.0033503843949048043,-9.81123379193427,-0.00041397370005749314,0.0010311767490494281,0.0012604210918659587
97.69999999999872,-0.003038449835774932,0.012473984319571293,-9.81883414393464,0.0002797533069297572,5.473217675607001e-05,0.0003834215269669141
97.79999999999872,0.02292657296387462,-0.005140123866534728,-9.814233012305621,-0.0009091398076202668,0.0012106889381167385,0.00034222014886957613
97.89999999999871,-0.00825187072289375,0.003677439597929769,-9.800672428254643,-0.0016262235107991979,-0.0005813279956586422,0.0005251436952292796
97.9999999999987,-0.005290778377336257,0.011087828611045944,-9.802625170173386,-0.0014274379411168868,-0.00045492826364162064,3.824398221600176e-05
98.0999999999987,0.004437954484980431,-0.005297394685033563,-9.795869374351117,-0.0010279102213854904,0.0012737692704631446,0.0010080466998621908
98.1999999999987,0.008657292716863876,0.012480347803801861,-9.810109937196781,0.00032096056155270686,-0.0009396340664759994,-0.00024895688965089635
98.29999999999869,-0.007422724386056748,0.005300555064705627,-9.83064941356017,-0.0006695221715156071,-4.936224486922701e-05,-0.001669055464836782
98.39999999999868,0.01063134772609589,0.005916172945397966,-9.803160497290667,4.073960416206541e-05,-0.0010149344607095505,0.0004444299179205517
98.49999999999868,0.0011731185033486292,0.012391340248390408,-9.809019673773873,0.000826705445760038,-0.0015416820087280222,-0.0007019924377137474
98.59999999999867,-0.006191560733327415,-0.00013654366531943522,-9.807852828576403,0.000507916640684761,-0.0004426644484819949,0.00041352346734754283
98.69999999999867,-0.013591896746883993,0.004711666789506574,-9.815559031160053,0.00029359453515637575,-0.0003678655009209079,-0.0009298296115646765
98.79999999999866,-0.02349335049176658,0.012979940563908615,-9.80441355737507,0.0007451625859530294,-0.001008180236421456,-0.0008276828856211382
98.89999999999866,-0.012899321677914164,0.0016395896487756117,-9.7895875658822,-0.00048466215864162345,0.0009692168993407313,0.0010802755797097133
98.99999999999865,-0.026882436705692823,0.0013119871500104302,-9.81909570786184,0.0007060807542782724,0.00027863643576112615,-0.0003175566526563178
99.09999999999864,-0.014585081065531946,0.0032096017828097136,-9.796473836443331,-0.0018382105186087847,0.0011212411103269787,-0.0012001898578842334
99.19999999999864,0.0039025592989964104,-0.010548339953135085,-9.7991732486295,0.0007542603881184972,-0.0004459574477393805,-0.00021571411749479627
99.29999999999863,0.0072322728179567,0.006648482218636936,-9.814385231412798,0.00022638550198350496,-0.0011509339089597417,0.00013587131104471557
99.39999999999863,0.006869889863784392,0.0022920132798124318,-9.810921027876272,0.00016062527101314223,0.000137324221846438,0.00028311639934516374
99.49999999999862,0.00850259200054895,0.009258840096596254,-9.822702963923156,-0.0006490431659622991,0.0002925317852287951,-0.0014200649689743903
99.59999999999862,-0.015111598851933217,-0.0033186609083955643,-9.80705432808002,-0.00033470564207398884,-0.0006260831573432687,-0.0003589295320438594
99.69999999999861,-0.015141898049856889,-0.0050113580979772665,-9.823081147333976,-0.0002525501355474703,0.0008243939221889525,-0.001147474721470033
99.7999999999986,0.0005534684082434063,-0.001272581391941336,-9.797409824686367,0.0002827634608646155,-6.154770206079666e-06,0.002129102039099277
99.8999999999986,0.004480266466965359,0.008990824933516817,-9.8088922424282,-0.0020316241151709814,0.0008921808031198696,0.0012264346571652185
99.9999999999986,0.0016325472824936244,-0.0007115372327240038,-9.820535308736721,-8.362451571641822e-06,-0.001563046609255529,0.0007517391551157095
100.09999999999859,0.009813494103582645,-0.0003560855210568824,-9.80369077304547,-0.0020599249988317247,-0.002283709341339926,-0.0011294412196490614
100.19999999999858,-0.008728214438221485,-0.01909347651591403,-9.807683947202104,0.0003298666800870381,-1.2138155017713258e-05,3.403713533305139e-05
100.29999999999858,0.019930645393640475,-0.0099679583763382,-9.816271230896259,0.0006019859635181744,-0.0004928875330862435,0.0006132780705111536
100.39999999999857,0.0011338830411640587,0.004339232513643529,-9.791495771267979,0.000374769589271269,-0.0002294415224500735,-0.0013675810962063583
100.49999999999856,-0.0003883207787108418,0.001831939589364561,-9.810961530861249,0.0009632999279317662,0.00010181573551202965,-0.0015735295670875882
100.59999999999856,-0.002659573142680031,-0.0111682195806706,-9.80094567254736,0.0023770711570045137,0.001780021320846794,0.0011952263040475302
100.69999999999855,0.00029092191424696777,0.012519866800046716,-9.806744548938815,0.0023047591610372044,0.0007778058099489158,-0.00039656726857523666
100.79999999999855,0.0058505585852147305,0.0005107316763071061,-9.807181478935469,0.0007466906181644278,0.0020196546709227796,-0.0003004495099942743
100.89999999999854,0.007831393153582462,-0.0011996664449834833,-9.809110754012243,0.0010222491197253373,3.0010606724354153e-05,0.001963255919573366
100.99999999999854,0.0022696215746997104,0.005595768113633844,-9.81076014470817,-0.001928465956318608,-0.0006334845003108644,-1.8289759425690408e-05
101.09999999999853,-0.001232656915265293,-0.0043928492763128405,-9.810632485340776,0.0002694292518013667,0.00032403932819580704,-0.0016342062567103908
101.19999999999852,-1.5456805322108545e-05,-0.0006764516660739699,-9.819367636317986,-0.001587741273967711,3.190694113773601e-05,0.0010011190498636611
101.29999999999852,-0.009448552748987923,0.0015872360610493406,-9.82837282923535,-0.0010644924717382923,0.0002905100945089295,0.0012342881402876164
101.39999999999851,-0.0018170904347297664,-0.016832538034229363,-9.811634235435207,0.0011896803661916031,0.000599011394376392,-0.0003611417208270933
101.49999999999851,-0.017058359270741032,-0.0017497399162834054,-9.78985197926807,-5.3174504606136514e-05,-0.0007430022950575578,-7.559023037957368e-05
101.5999999999985,0.01487156193303465,-0.0021554845492902435,-9.790338763684435,-0.0009266000096402191,-0.0016512690293573394,0.0004319946588377793
101.6999999999985,0.022228097965208155,0.00525627292473525,-9.793787157527111,0.0008261973384832626,-0.0005641291620352179,-0.0010631248354443072
101.79999999999849,-0.0015378506912684887,-0.00047979911043376916,-9.801320721267787,0.0003541716592498002,7.451204288398107e-05,5.175488308564796e-05
101.89999999999849,0.0011748603200261523,-0.0014534001256833512,-9.80127327242515,0.0003735450950818359,-0.0002633247250158446,0.0002739216243035136
101.99999999999848,0.008349584503097529,-0.0014946615467451886,-9.817256937594934,-0.0006577538419944557,7.304616228252645e-05,-0.00023318326689125406
102.09999999999847,-0.0033562434494965074,-0.0022451999600754903,-9.820723973631917,-0.0003414976223972135,0.003634660292848307,0.0006952505862383773
102.19999999999847,-0.004138958782339299,0.00297279966175379,-9.814154547525678,-0.0003054933369761159,0.0003428494008948688,0.0008329790913634475
102.29999999999846,-0.006738306271595898,-0.009598023848649346,-9.809783353610081,-0.0015716470460095397,0.001507771247983799,-0.0011414603741209824
102.39999999999846,0.00017929379144044535,-8.822804793773368e-05,-9.818143642891833,-0.0014032902706370743,1.6173318898075314e-05,0.0009990733023703274
102.49999999999845,0.006924900285245565,0.0032405582498236268,-9.822564043369011,2.3567064011221653e-05,-6.593454350522147e-05,0.0006682581556808708
102.59999999999845,-0.0042268572227283285,0.00404685712651331,-9.786660216103368,-2.768207500292489e-05,-0.0008047456304693477,-0.0009573333266808962
102.69999999999844,-0.010117502292587491,0.007225519094882297,-9.803312496580581,0.0010857544816207216,0.0009606517919267889,0.0010377913625303433
102.79999999999843,-0.010415364071400857,-0.008560810097680074,-9.822060542717507,-0.00016410092527803302,-0.0013506437835079726,1.7349134422248143e-05
102.89999999999843,-0.012609315466591883,-0.01817715368805015,-9.810289451552975,0.0011365265134169976,0.00081865131681468,-0.0007397644602123234
102.99999999999842,0.002830932012780646,0.0022149254055496078,-9.806179813930612,-0.00048363115299893697,0.0004001822573404162,0.0004055846177689716
103.09999999999842,-0.0061835045987910665,-0.019648286423017945,-9.80891876959193,-0.0011309036478171113,-0.0002208416650427191,-0.0008549976803591361
103.19999999999841,-0.011146149467591638,-0.010772927407354594,-9.81576736743533,2.111645516398634e-06,-0.00039139108282557604,-0.0017164292501555185
103.2999999999984,-0.0036408874561072676,-0.00882643731935888,-9.803841037694333,0.0013537344611521296,-0.0017482748392555966,-0.0015681383306658445
103.3999999999984,0.004356366443622921,-0.004248214161612984,-9.807787456599229,-0.00014773390688222534,-4.766030279199834e-05,1.7905931479213788e-05
103.4999999999984,-0.003890814325947459,0.00925576688502386,-9.824887715316763,0.0003248526364773149,0.0010867727639975386,-0.00021194511802068503
103.59999999999839,0.013047769640674993,-0.003985760347806033,-9.812636090934072,0.0020077347862675673,-0.00044086840054050297,-0.0005681776317646993
103.69999999999838,0.0031051621493135137,0.0049815475297990165,-9.801390934265124,0.00024733716853712933,0.0010900846305438208,0.002858598830660628
103.79999999999838,0.0035925720604491275,0.005756751213941035,-9.812483827759063,0.0007511661871874573,-0.0006400903511830449,0.00034079081635966845
103.89999999999837,-0.010417194897228572,0.006230224409135821,-9.810202679912349,-0.000905882320526281,0.00024188420547568095,-0.000876303114312521
103.99999999999837,-0.011282645335076702,0.005160820036475943,-9.805530715857142,-0.0002068337909733949,-0.0010314266894637667,-0.001209701541381093
104.09999999999836,0.004516092042143818,-0.0040503090651806874,-9.804205965477598,0.00014242940255534742,0.001243906015638264,-0.0015297242378558699
104.19999999999835,0.0029480926966329256,-0.006915575086481444,-9.810515294540112,-0.0011357264288848817,0.0007643287503738853,-0.00010813981646314716
104.29999999999835,-0.0060529913559941055,-0.0023745491397902463,-9.788096511112208,0.00017027765804880927,0.0004916289257521849,0.0010508058557861203
104.39999999999834,-0.004979357260649654,-0.013680628438555095,-9.822574076884626,-0.0013085251166106203,9.471972089320678e-05,-0.0016492347498271273
104.49999999999834,0.011757427653517276,-0.018325416309851798,-9.827770315348426,0.00023133147510651417,-2.3630427941004633e-05,0.0005770532385348048
104.59999999999833,-2.8190999277256163e-05,-0.017832444679049743,-9.817550682677643,-0.0009993325765267728,-0.0002251517915806043,0.0001417236807281845
104.69999999999833,0.015586549779385549,-0.014274904206646906,-9.81432921724923,0.0004176878256519453,0.0007855539055132937,-6.53736364516626e-05
104.79999999999832,-0.007436315974744921,0.0005427146312383048,-9.823843577799618,-0.0006297463275092221,-0.0013971042693870892,-0.0015702363193246633
104.89999999999831,-0.0023804739375116353,-0.008755578527576061,-9.788114136617818,-0.001373272870664167,0.0004059964293990397,4.6431981470089904e-06
104.99999999999831,0.003863847315199661,-0.0018167372531720039,-9.818431146453504,0.0001502692174753092,0.00023982045929578797,1.6286515516718584e-05
105.0999999999983,-0.010195698331294174,-0.009770175951129244,-9.801656564169644,0.00019519000050133905,0.0015579582563057632,-0.0008995096336736637
105.1999999999983,-0.007331667260640042,-2.3193358526966243e-05,-9.820230972260992,0.0005920916740754022,0.0007733391506323465,-0.0004706235262955143
105.29999999999829,0.0025039419106905,-0.0037411304606153007,-9.812707395899137,0.0005289393466862819,0.0012396653537875275,-0.0009364061407080204
105.39999999999829,-0.004988733558325175,0.013739002596717249,-9.816314111328001,-0.00018357325091231417,0.00035999297632234454,-0.0007548896179369973
105.49999999999828,-0.006912966442516271,0.0204334907240499,-9.828236985643418,-0.0012762936609248133,-0.002008284656729759,-0.00025029886238027026
105.59999999999827,0.009441125890642115,0.012414912827317427,-9.812764185387783,0.0010381840197129304,-0.0009763548637864725,0.00022097998446015408
105.69999999999827,0.00879958255122484,-0.004520254752080231,-9.815298951780523,-0.00010856229499234828,-0.00039916653840027115,0.0011979976936278085
105.79999999999826,-0.00907409913798845,-0.0029581805448755465,-9.816368088465467,0.0006169857272758334,-0.00256115889066405,0.0009990079780627617
105.89999999999826,0.006332056359935706,0.01488275847866668,-9.803767657630328,0.0002975713361770588,-0.0008819819166072927,-0.0012467512896656748
105.99999999999825,-0.004038508171419651,-0.0054453804907638095,-9.799919310018302,0.000277541021364795,0.001283766571778921,0.0002541801854412653
106.09999999999825,0.011603768202108794,0.010819558617185936,-9.789286787402883,-0.00043618541440451435,0.0007002013315102623,-0.001073408667562417
106.19999999999824,0.016160353665931954,-0.005364134377238156,-9.81639774081016,-0.0016234989799045123,0.0002894171750006005,-0.0008981035013911036
106.29999999999824,0.012156893636424889,0.015423124836552627,-9.810953933968902,0.00020215661854585065,-0.0016073622369970591,-0.0008924818713832273
106.39999999999823,0.013980859213685817,-0.00040359441542874236,-9.80430531004917,0.0003918529844890756,0.0014336697361917855,-0.0007666211807478471
106.49999999999822,0.014929998451370994,0.010644742760592841,-9.812402476545067,0.0002085298444059342,0.0006775091360098937,-0.0010686189315070066
106.59999999999822,0.006870032217062731,-0.01715030191838361,-9.833006732463378,-0.0013805511341858675,-0.0006578393792351183,-0.00020539176659271677
106.69999999999821,-0.012930352859604817,0.0010686964850707432,-9.804984622418113,-0.0006513616025402756,-0.0003931760024910771,0.0005879667181145321
106.7999999999982,-0.0013557025191115763,-0.0031765547333548845,-9.802006523784316,0.0005868692737222801,-0.0015280729831350845,0.0006491011679227457
106.8999999999982,-0.003990398823232027,0.018156589523483632,-9.809563850141085,8.069506941679475e-05,0.0016666909483983982,0.0008415996602446924
106.9999999999982,0.0026890355329547474,0.0072046058380574665,-9.806431054890657,-0.00017362349445358078,0.0007134077065409898,-0.0003693805106716401
107.09999999999819,-0.003018212058520203,0.00920775145090528,-9.814668453788578,0.0009919718300025876,0.0003086904502134106,-0.0010392287087848606
107.19999999999818,-0.017220252774641613,-0.00563998241583644,-9.818742327747739,-0.000902221355325282,0.0013862657929512945,-0.0007667828862110387
107.29999999999818,-0.004865228393035914,0.012001121148177439,-9.819988578489204,0.0020036930581587087,0.0018814264412003424,-0.001062390893316121
107.39999999999817,-0.014186960887822168,0.01688465254696002,-9.815532812391575,-0.0010051151295219166,-0.0017696777934928525,8.121539810408204e-05
107.49999999999817,0.022295927228374368,0.01130574433985489,-9.812236577250879,0.0018638528556499106,-0.0008111468205254545,0.0003925568997671097
107.59999999999816,0.009556126084910176,-0.009467383252359535,-9.792429832028276,-0.0002040615131893481,-0.0012938845779489922,-0.0015010635593717982
107.69999999999816,-0.014833055929018105,-0.010684120123001102,-9.805612331300496,-0.0008536749427676655,-0.0012799523637680725,-0.00011208112424541306
107.79999999999815,0.003338110651230227,0.003581788739112938,-9.818890673971142,0.0004873173654308339,-1.7144084386796583e-05,-0.0013914060141709378
107.89999999999814,-0.004409844273660096,-0.0015480615146817268,-9.810360246793735,0.0004130120577713205,-0.00031390239374531957,2.348545075563175e-05
107.99999999999814,-0.005232840226191292,0.003375980625967855,-9.815354525627846,-0.0013767716562371939,0.0017383905605205315,0.0010425487925822294
108.09999999999813,0.004565219393500498,-0.004127504284934527,-9.810387213372968,-0.0005215708694576083,0.0017453919763509374,-0.0010732545859589828
108.19999999999813,-0.0009721262605152109,0.005148280105209622,-9.805746973111699,-0.00030449892824748213,0.00020241892074953776,-0.0005715226660979096
108.29999999999812,0.004133949505203296,0.005115167639784824,-9.80060337771132,0.0009530841411548025,0.0015614028358650958,-0.00040236278358920564
108.39999999999812,-0.005276265118383123,-0.0030249247612141672,-9.808881532052963,0.0015814104798875285,0.0015547824214399378,0.00018344808966110106
108.49999999999811,-0.0072046365503400205,-0.015986942535397036,-9.78420948682501,0.0023782288449444135,-0.0004375223282269615,-0.000580516844022655
108.5999999999981,-0.011579990591331786,-0.00861728602002507,-9.793882568569181,-5.108938685265917e-06,-0.0005816771366111902,0.00035645752278260943
108.6999999999981,-0.016291928619637318,0.0006667407884790484,-9.812075829951068,-0.0006907190048351118,-0.00037545196418138643,-0.0008918004140440369
108.7999999999981,-0.004985082819922117,0.0034800927109258123,-9.807710893400797,-0.000282389834051436,0.0021841563512947585,-0.000544375400427689
108.89999999999809,0.012225820515068824,-0.007768162908583924,-9.808562314568974,0.0018184836516007706,-0.0011563686366683873,-0.001883760802595636
108.99999999999808,-0.0066694072262955695,-0.013998542316808289,-9.804054049864376,0.0013957832100772128,0.0008080270504945699,8.513205525604567e-05
109.09999999999808,0.00029396408594814136,-0.001075553391706459,-9.808425739131348,-0.00034325637642805963,0.0008474912232789052,-0.0007195398634754532
109.19999999999807,-0.015558985696317118,-0.001071158208262909,-9.8296457068035,0.0008518086627599742,0.001402133462396516,-0.0005915979076043588
109.29999999999806,-0.013578277239718644,-0.007717336545925703,-9.815667441482153,0.0019168912713133268,0.0007416016699650089,0.0009829024114405374
109.39999999999806,-0.0009696073362423669,0.007146908094561195,-9.81141284632696,0.0004091032239869808,-0.0004955889431101446,0.0010470648981847832
109.49999999999805,-7.155827989595778e-05,-0.004947383186542569,-9.80266008209735,0.0016121864056143935,2.9404917312222467e-05,0.00027155438904561443
109.59999999999805,-0.008411539042805165,-0.007032490572769491,-9.820488917367026,-0.0005547709018740894,-2.6997376250573174e-05,0.0007132972141542475
109.69999999999804,0.0013270760898545233,-0.002136624267037707,-9.788979166610382,0.000732782824798545,-0.0006586415521260438,0.0015894883186130242
109.79999999999804,-0.0037063733471908934,0.007535600370580209,-9.807437743921767,-0.0004737758369261652,0.0003018481671507724,0.0002868813819508888
109.89999999999803,-0.01082851520135089,0.0055534558845909575,-9.793817011722824,1.7420677848951146e-05,0.00039648917787933266,0.0007738440917697538
109.99999999999802,-0.008901628671403731,-5.369939519535483e-05,-9.800304838916578,-0.001728368267706918,-0.0007905202052835505,-0.0010107176495492047
110.09999999999802,-0.00996475579607339,0.01987726254524745,-9.806959401088013,0.0002288564474858801,0.0002537136695715605,-0.0006026841745843441
110.19999999999801,0.01214775396953012,-3.988834722410963e-07,-9.7995598381532,-0.0005073377158851568,-0.0013387959640317427,0.0015402371695000465
110.29999999999801,0.0037238252669338483,0.000891840519522943,-9.803669018406547,0.0013721682341156806,0.00036728374074483227,-0.0003686393088650616
110.399999999998,-0.0020589307928975125,0.018981479391370234,-9.811006486420867,-0.0005497491601758296,-0.00023428638263595948,0.0004752790341313039
110.499999999998,0.015091371184503809,-0.00418335405752945,-9.800832089638591,0.0003237068039385973,-0.0006893162791459536,0.00039149089663639066
110.59999999999799,0.002168751590509057,0.0023605406645260335,-9.82490927941669,-0.0008331393241785965,-0.0006422141905241896,-0.00023642801504116325
110.69999999999798,0.00811745472217265,0.0015573154137013703,-9.80248231746648,0.0006698286151684738,0.00019315067061133917,-0.000527308140702309
110.79999999999798,0.0026829944954276336,-0.0009001690432756872,-9.800954840979212,0.0016797297459281984,-0.0006418891011044174,-0.0019009955946094946
110.89999999999797,-0.016876330886685328,0.007022538067527392,-9.817597970081282,0.0009888636423130543,-0.00084969425243206,0.000700066119162262
110.99999999999797,-0.006508229034886067,0.0009084769174873489,-9.802521337975145,0.0013143658569086298,0.0007090350418850475,0.0006510734099802125
111.09999999999796,-0.012888384612894077,0.012942741404570466,-9.823339922164179,-0.0010707002215566259,0.00015746991096492766,-0.001253336492482395
111.19999999999796,0.011063712378961546,-0.003089520129953134,-9.816310835533047,0.0004201785507935606,0.0003949615677897314,0.0005318519707401329
111.29999999999795,0.001965116894648901,0.008574316810859668,-9.811486527725119,-2.9700818771889013e-05,-0.0012792995371504131,0.0013920465497167227
111.39999999999795,0.003939605583951999,-0.0066644150086711046,-9.822146727365359,-0.0012235303889365288,-0.0008291824962390978,0.0009279155272866994
111.49999999999794,-0.005107705590282975,0.0018450387128139715,-9.805564860934762,-0.000544860220085583,-0.0006673236673003436,-0.00044415021174687246
111.59999999999793,0.009609658228911709,-0.02190464144040952,-9.811250063377054,0.00047480457976712125,0.00011676548347461524,-0.0004045787290265719
111.69999999999793,0.00979300606879801,-0.014575174900812409,-9.813398217954736,-0.00020662009564381884,0.0010628083018738258,-0.0011615131033839497
111.79999999999792,0.0005560397066729987,0.012818210473818512,-9.817910614681209,0.0014590071696457805,0.000967472587044951,0.0005521262072992504
111.89999999999792,-0.008159527146152873,0.004448025743185811,-9.801164187261268,-0.00014994731178896064,0.0005749216155953196,-0.0013781256118935766
111.99999999999791,-0.007520735649422955,0.012693025469497458,-9.794480483996715,-0.0002810268844612589,-0.0015005925937440644,0.00044012892106363945
112.0999999999979,0.013561221498691677,0.007029770701169755,-9.817557231033604,-0.00024289628557349406,0.0014484416477586904,-0.0025152167905349637
112.1999999999979,-3.2469974697274213e-06,-0.009924764327426845,-9.802098958738764,0.0003065813647772634,0.00046974751613868134,0.00035582338504991563
112.2999999999979,-0.0027120061065011576,0.011022320435825572,-9.79284600330995,0.00035543410952523243,-0.0005956768155079697,0.00013518238647585113
112.39999999999789,0.011832668011574416,0.010194371258817232,-9.799821563156733,0.0016601007293985553,-0.0001913049770704902,0.00023411728855351156
112.49999999999788,-0.015436872238818929,0.001130134419985577,-9.819940148882791,-0.0006343432116533245,0.0007218260789965571,-0.00019189355864525893
112.59999999999788,0.016648089670852302,-0.0045850484316778545,-9.81825161379147,0.00032999967777952216,-0.00012349605659599643,-0.0009927645026308748
112.69999999999787,0.009937797890441849,-0.009105396071837628,-9.802276781657508,0.0003829220309414843,-0.0005962560544436953,0.003151347394336152
112.79999999999787,-0.007595462396370264,0.010543694501173921,-9.816509568825097,0.001100441553273064,-0.0001936748361274072,-0.00034948586313867416
112.89999999999786,0.009462122241270991,0.012329276527363186,-9.810154477943902,6.220979349103715e-05,-0.002028025727459801,0.0015846623695621453
112.99999999999785,-0.010908261886343506,0.004709648018926229,-9.817026703666125,8.113627997392473e-06,0.0002584126098019507,-0.0007108876009915523
113.09999999999785,-0.003110029416784756,0.0022747247189912317,-9.805612290961735,-0.0006516881557111013,-0.0006499695079450608,-0.00035824141411063074
113.19999999999784,-0.002222936690944305,0.00044558281133128084,-9.811382174559014,0.0008895009175369716,-0.00045447546771855814,0.00040691424689066565
113.29999999999784,-0.014290071863700111,-0.010160543322893288,-9.815709271424355,-0.0006674977157312877,-0.0024000830538894093,-0.002241843139496649
113.39999999999783,0.00510736171179579,-0.009524395865606546,-9.808758111948633,0.0002383166095215835,0.00014731214057029854,-0.0003160384605569491
113.49999999999783,0.00794463879026042,0.0032992745716683715,-9.813491008299033,0.001365946270096834,0.0003141401960452402,0.000981858831395861
113.59999999999782,0.007322178300802414,-0.014936756728442498,-9.813955889375325,-0.000722875502221696,0.0005357548068858394,-0.001559952308689516
113.69999999999781,0.00846962947922843,-0.011952687940629583,-9.814500809462007,-3.941242089824446e-05,-0.001281989936380076,0.0007387097000546317
113.79999999999781,-0.001318582443536159,0.006470277163983707,-9.79757863938708,0.0008136888138185502,-0.0012053385391313203,0.0006137870428327002
113.8999999999978,-0.004697537913151949,-0.0008765504860443506,-9.813921959684759,-0.0016070097170139078,0.00013789081223735804,-0.000764787469892756
113.9999999999978,-0.010259151556802603,-0.0034387501328283273,-9.80603023765969,-0.0012303229184835516,0.0001307944124392065,7.693429791880836e-05
114.09999999999779,0.009507846759309326,0.00126570529346349,-9.81778122644877,0.0011394012953553252,0.0008182453928010282,-0.00034405463313064567
114.19999999999779,0.005362703048348663,0.013865432119830656,-9.822089793311985,0.0003289230064199199,-3.82983916524142e-05,0.0001375450823556257
114.29999999999778,0.004326554359342417,0.006910984000144202,-9.810410905814996,-0.00047013189173659184,0.0011881303361764449,0.0005268172132036899
114.39999999999777,0.015365875787782058,0.00443953942130111,-9.795819347994208,-0.0008308116888267836,0.0014299904880234122,0.0005400212918746758
114.49999999999777,-0.004283353115570525,-0.009826638785388525,-9.814308206288095,-0.00115595527344502,0.00015476502684969224,-0.0013708112557621155
114.59999999999776,-0.006357562859543419,0.01802758583830602,-9.808643118076372,0.00044175480409443984,0.0013457135035247177,0.0015365957450257186
114.69999999999776,-0.018911592510883597,0.02694318037209111,-9.832594742344803,1.1014681035355595e-05,-0.0005336761532417497,0.0008849909673993958
114.79999999999775,0.010888266436201662,-0.009371160122510798,-9.81286457680965,-0.0001850596514405779,0.00027277461670287685,-0.0003083964412827192
114.89999999999775,0.017665344716007673,-0.005603567566730139,-9.788816979948859,0.0014126058291012125,0.00036259006508484933,-0.0006096266986254744
114.99999999999774,0.0056345233958310205,-0.01304441539832703,-9.820844900999953,-1.0199702692487844e-05,-0.000327017836881167,-0.0010982755568995756
115.09999999999773,0.009736057975345281,-0.01953824801297294,-9.805885182755699,-0.0009881071988404213,0.001501532999030376,-0.0016926622833419787
115.19999999999773,0.0014247072333011682,-0.0031455866334086607,-9.808011522249435,0.0016905076805117025,-0.0005265100673471081,0.001121813684834269
115.29999999999772,0.004551759362669606,0.0073367636771842675,-9.820465303727053,0.0002958138788302975,0.0011732463462519383,-0.00164804801013853
115.39999999999772,-0.009018034916699062,0.0031457529393273858,-9.807209847268544,-0.001265580320274426,0.0003616652306842403,-0.0006687170212262284
115.49999999999771,-0.00616853967977076,0.003056845078644005,-9.83332350045332,0.0008448815154748232,0.00016012579693850136,-2.9952574311988568e-05
115.5999999999977,0.0023620023792697716,5.060669926416738e-06,-9.82447539035385,-0.0012216347171309606,0.0006056967128436033,7.332758548067524e-05
115.6999999999977,0.0040741919308423065,0.008157448443441117,-9.81557514097457,0.000584394784260281,-0.00019198911654767935,-2.4273538764209772e-05
115.7999999999977,0.017842667895429327,0.01356424297871371,-9.815166848495084,0.0022382922148401125,-0.0022017633162874184,-0.0007740426951024124
115.89999999999769,0.007537006731918858,0.002707524331660713,-9.798281889592355,-0.0021314251856021866,-0.0005898777788173943,-1.70605940309238e-05
115.99999999999768,0.0002672340960251752,-0.006752814380276696,-9.825979221926394,0.0010377630644200955,0.0003344625821035397,0.0024234290504605975
116.09999999999768,0.0035889560038010727,0.006669301081113545,-9.816816301485183,0.0003013200867087944,0.002608930560115183,0.0003251237760279181
116.19999999999767,-0.0018416385959408822,-0.000796615139388115,-9.799289274987608,0.0006004645616279317,-0.0017522558709933689,0.0012413208260268897
116.29999999999767,-0.007000762652757126,-0.006527373708230464,-9.81549966094107,0.0008463636740913184,-6.399633718992975e-05,-0.0008176562262634328
116.39999999999766,0.00705690354652488,0.015019603492833742,-9.813697131850539,-0.0008862707686035688,-0.002296958503920562,-0.00011111480643634764
116.49999999999766,0.020663276870410127,0.011890991295892139,-9.81541789779403,-0.00034960119814988046,-0.00032792253920991134,-0.00069042834920917
116.59999999999765,-0.0015683304867339602,0.005285354667655121,-9.815941720126903,-0.0004577633640588051,-0.00025472146778550604,-0.0002300084284344645
116.69999999999764,-0.01412457601988544,-0.0034685137029914666,-9.798658674470456,-0.00013023146708572317,6.582811025408403e-05,-0.0004624665262698028
116.79999999999764,-0.0118456399526857,-0.010353062688497863,-9.805446209325222,-0.0001594449435834988,0.000786947875383292,-0.002003514252090338
116.89999999999763,-0.004022590216632756,0.011554423670825029,-9.806034550224584,0.0008189032802756978,0.0009488904140578419,-0.000650459403509765
116.99999999999763,-0.003693922765373053,0.022985111168268943,-9.82634800846771,-0.0014861514149269524,-0.0007284694997850682,0.0016957379953864908
117.09999999999762,0.0010664203333797277,-0.0030424051459804332,-9.829212460032378,0.00026218544853078577,-0.0025189440652609715,0.0020016042039157234
117.19999999999762,-0.001371982590496453,0.005620955673028111,-9.817123584983802,0.0010294973969483274,-0.00022312763251506492,0.0018990800067216448
117.29999999999761,0.001919836359464725,-0.008750477627732416,-9.82094717098955,-0.0006880768559136992,-0.00023099937723939184,0.0005149975115269321
117.3999999999976,-0.006575827783409042,0.002697108041141086,-9.809628986808958,-0.0006949741497536965,-0.0015919386590395209,-0.0007324984531221767
117.4999999999976,0.008001950034006134,-0.0010452525032228492,-9.80863552851595,-0.0009047637870245808,-0.0012904134918869598,0.0012157358741252948
117.59999999999759,-0.02115345558053029,0.00541902107133784,-9.824263635612876,0.0015488948440486076,-0.0012281639644518933,-0.00034695402959668633
117.69999999999759,0.002006247356522356,-0.003955152648232193,-9.82036898591678,-0.0002021463309673092,-0.0014760093405755295,0.0005084804336497831
117.79999999999758,0.009634342937694667,0.007575881865430615,-9.80549784533827,0.00039520149098682604,0.0003539782792243615,0.000507636774477707
117.89999999999758,-0.005036616862756784,0.009896892028242434,-9.812991462499477,0.0019420402524731703,-0.0004247689628012382,0.00021949092674941934
117.99999999999757,0.004984388771747641,-0.021693497869759465,-9.79997938908553,-0.0008907072803173867,0.0007280746052110453,-0.0003929114993380847
118.09999999999756,-0.009105337210659106,0.0008943499821239727,-9.828674620504442,0.000595878767906121,3.948192573700544e-05,4.124438377451756e-05
118.19999999999756,-0.029046372633077713,-0.007189035131756306,-9.821749456732137,0.0013131046835958722,-0.001678323748311166,-0.00029151493972119435
118.29999999999755,-0.0031957910827761864,-0.013942011586365885,-9.820301765402103,-9.763551405638121e-05,-0.0010635345207301817,0.001238988130741952
118.39999999999755,-0.010387013934986715,0.002462479203277607,-9.814677828398704,0.0005238214097804715,5.5200751247631215e-05,0.00039785013112993427
118.49999999999754,-0.015383778774464294,-0.009656665645904517,-9.799995135538424,0.0014573349468094377,-1.1222444524411892e-05,0.0008664252861037751
118.59999999999754,0.011776164400086131,-0.0047297354287457885,-9.820873874436149,-0.0013386950687599988,-0.0018270442941688333,0.0003243363783841592
118.69999999999753,0.0021167897338302956,0.0022311446154776597,-9.812270709636095,-0.0007737897190244734,-0.0001511409796232912,0.00031242227786473483
118.79999999999752,-7.324413824983577e-05,0.005767304480393696,-9.811238427772599,-0.0002853410737286858,-4.9501017533060235e-05,0.0009122051213305251
118.89999999999752,0.0016312003348242998,0.007957766508163397,-9.817814616005725,0.0014046252932225947,-0.00038973736871928283,0.0005085509230171553
118.99999999999751,0.00813433102601266,-0.009243070224890234,-9.801232082239869,0.0007995371062737319,0.00014660394245396394,-0.001269520728371812
119.09999999999751,-3.753201462756553e-05,0.00521898724035386,-9.812240460792031,-0.0017053137206776586,-0.00012120041402145131,-0.00010743889111025028
119.1999999999975,-0.012801661890145444,0.006710425352877299,-9.802576896084084,0.0008797690685709563,0.002077924597710101,-0.0008827164429027475
119.2999999999975,-0.003071225143876255,-0.0038349698850992193,-9.802247098719413,-0.001985040711986965,-0.0012230793069309895,-0.0005528813750303479
119.39999999999749,0.005928644253708279,-0.015792510121750175,-9.798323715716545,0.0007425363527610493,-0.0010479843228823644,-0.00032629066005768735
119.49999999999748,0.017127828250854724,0.0021993373354806155,-9.813889180413923,0.0006409279490965982,-0.0005130035671893012,0.001678433176049267
119.59999999999748,0.00026976140766532753,-0.008856226114458115,-9.798405652419081,0.00010882383576461829,0.0004140605708909382,-0.00035990276104103005
119.69999999999747,-0.015986597196625034,-0.005987215918172976,-9.817186925048844,-0.00018500326125579065,0.0007378810347304532,0.0012037089305236071
119.79999999999747,0.001828210554860727,-0.0038355667298371377,-9.814236699544699,-0.00275656769758713,0.0004085247939348871,-0.0014048357280201412
119.89999999999746,-0.015187882597311155,0.012595679343323736,-9.81237579263848,-0.0002882670761838097,-0.0004076310008836085,3.918977281858219e-07
119.99999999999746,-0.005112397904651701,0.004714891811987961,-9.809832439811107,-0.0009935482981843866,-0.0007079679643610103,-8.555432769135951e-05
120.09999999999745,0.0008831368099384829,0.007735692493678432,-9.804887048409228,-0.0018251875697893247,-0.001149400678656811,-0.0008996030546298296
120.19999999999744,-0.014522539438955602,0.004456759438938871,-9.785688552396534,0.00040395440641792003,0.00061010639007553,0.00038468993270805284
120.29999999999744,-0.01939068238949779,-0.010824568921845513,-9.818298894145263,0.00034157757187838403,1.929282356049845e-05,0.0027951262427343125
120.39999999999743,-0.0014373051024175198,0.009923650749747366,-9.821525833313038,-0.00038129114946664535,-0.0010928040784190655,0.0007740082964958653
120.49999999999743,0.009603107145317917,-0.001067270642820373,-9.784530329275798,-0.0007359240255647015,-0.0008562057224198815,0.0009204993544552814
120.59999999999742,0.016640665718587522,-0.0016294138800183233,-9.811650162819834,-0.00014656716775681217,0.0017557485748705317,0.0013746636931456586
120.69999999999742,0.011141565863434899,-0.00128430510375754,-9.793858627531492,0.0006859432375150835,-0.000526625717285351,0.000361637819982428
120.79999999999741,-0.00863952503328973,-0.00449421897095999,-9.805950417534666,-1.8557060967592515e-05,0.0005501290171285131,-0.00040750051623069804
120.8999999999974,0.0010564069309975201,-0.0010812262062948996,-9.786244302765835,-0.0008221225587323056,-0.0007342806506316453,0.0011613858617491506
120.9999999999974,0.002897528199858241,-0.00830966678977794,-9.779949805153755,-2.9911438459337267e-05,0.0008993393091602913,-0.00024682160856924896
121.0999999999974,-0.0014504827840746595,0.014286539174245752,-9.804557802912385,-0.0010917184742863944,-0.0012449993943066927,-0.0008887572534630588
121.19999999999739,-0.0030605640404599926,0.0019228475438322387,-9.813558706408147,-0.0008092583517550893,-0.0007937773550167028,0.001012348696083104
121.29999999999738,0.013397978195917069,-0.005432376811309139,-9.805067734592184,-0.000900297203072789,3.1378246081058996e-05,-0.0003726694061909806
121.39999999999738,-0.01573289652955036,0.014612032593450569,-9.820016745384617,-0.0006824806195180308,0.0011649593464729668,-0.00096035568629088
121.49999999999737,-0.016596317086255936,-0.004281939583624146,-9.79183086714057,0.0007555988551654752,-0.0005216433439781622,-0.002118408923909823
121.59999999999737,-0.012340393483715307,-0.008104566546587935,-9.8147371484447,0.0010855794351862255,0.0004833628056557279,0.0007004003412565852
121.69999999999736,-0.014004763640389118,-0.0012373188045968204,-9.793895501519762,-0.0008802071736467692,-0.0006390081217402425,-1.586359414062457e-05
121.79999999999735,0.00920978387863141,0.0031207368027046057,-9.808139342092128,-0.0016573497190900564,-0.001759873324988059,-0.0003529315621305317
121.89999999999735,-0.001990977493979371,0.017682805508323622,-9.812667848763665,0.0002826922597049965,-0.0015331552407924318,-0.0007359730675450934
121.99999999999734,-0.0070981038643281,0.007540469640407216,-9.808838797533452,0.0006261323210733739,-0.0018658344981647616,0.0005732088765786772
122.09999999999734,0.0038266035544217876,0.008118014438410173,-9.807850860297687,0.00011554531959560566,-0.0008584331608644942,-0.00041321331862831243
122.19999999999733,0.009636714668476655,0.01708300355790422,-9.811453396048305,-4.735287721021016e-05,-0.00013046029178776056,0.00034268699133639153
122.29999999999733,0.0007943006086506656,0.014344450764682578,-9.786440985860246,-0.00036025658951936604,1.952970572014408e-05,0.0003240152255926838
122.39999999999732,-0.0008713486876413462,-0.0010653817961054563,-9.803278109819882,-0.0005389723730951528,-0.0015533803430830084,0.0002976425237357659
122.49999999999731,-0.0015483073152336437,0.022050360908914483,-9.818596749581578,-0.002191723949990942,0.000508410802617398,-0.0007692888719721343
122.59999999999731,0.010722009829877534,0.020464055675371417,-9.825477608597627,0.00037595745709445875,-0.0008873208736285093,-0.000820468028889648
122.6999999999973,0.01779890375695789,-0.011431383121758922,-9.798259419105044,-0.00023463571541147734,0.0006632544177062126,-0.0006868805339758236
122.7999999999973,0.0006851554455299712,-0.003985996876980256,-9.80081914439452,0.0010656351528612873,-0.000235513408463861,0.0004205953991385772
122.89999999999729,0.017650034917986626,0.004926281797469255,-9.809103245149888,-0.0008737274420791514,0.0011306443417383987,-0.0008886408698694251
122.99999999999729,0.011548195367234153,-0.018199316993275587,-9.8042382053103,-0.0009577775930607467,-0.0003163596868684307,0.0017089409320724027
123.09999999999728,0.011412511241339223,0.00646633754358452,-9.829712592448479,0.0006264354923146175,0.0008724716272577419,0.0010488586793518993
123.19999999999727,-0.005738628301182443,-0.0012325975422798564,-9.801336061681031,-0.001063746737250365,-0.0012035494955586826,0.00025718703021754724
123.29999999999727,-0.01495619443132656,-0.006216577190719904,-9.815123512571907,-3.344672153453563e-05,0.0018139537868347173,-0.000912637518131097
123.39999999999726,0.0005248269929524045,0.008717263327036739,-9.821134067005167,-0.0006489834898985748,0.0006915158222099994,-0.0010966882598210158
123.49999999999726,0.013607103943110184,-0.016756795549435537,-9.816924402335045,-0.0004189837067679953,0.0024187265881602396,0.0009018434942430795
123.59999999999725,0.009110532920519596,-0.03250455656350647,-9.819300007233439,-7.998249955521134e-06,0.0008959870630579547,0.0007982664610040472
123.69999999999725,-0.012341724332427709,0.0010808208632467871,-9.814073727297837,0.0002511076756485767,0.00035974226054011485,0.0011725882482593367
123.79999999999724,-0.007709439685052586,-0.013302887063283524,-9.817637299883419,-0.001420532544767512,0.0007264984727994014,0.0002826149382853456
123.89999999999723,0.0005271022783703421,0.011004745015527695,-9.790953191771193,-0.000756266841151181,0.0018497754293273518,0.0012399021934105796
123.99999999999723,-0.013855590327147676,-0.013433465639183031,-9.80680817438411,-0.0010717446582718096,-0.00017049605493847918,-0.001825413809961202
124.09999999999722,0.002154323226809474,-0.006101262242484683,-9.80801817180481,0.0010729333531208772,-0.00034698551312323646,0.001774611705134024
124.19999999999722,-0.003930496539865196,0.013646925710445006,-9.814813173052727,-0.002973799639913939,0.0005684154263555979,-0.0011184214990024707
124.29999999999721,-0.009462159310227067,-0.012769071466619587,-9.811173064277332,0.000753540868531836,-0.0011214262375637454,0.001269605447426351
124.3999999999972,-0.005976118363452146,0.011940124820543314,-9.800580196679654,0.0002879705700440353,0.0015116747450173503,-0.0014184598113017046
124.4999999999972,-0.012878826034587017,-0.010099801807209484,-9.804680512828108,0.00018903625229187032,0.0013193554432279855,0.0006346979155684725
124.5999999999972,0.001533441734545944,-0.006269142211667058,-9.808927163651633,-0.000107627618406775,0.0011351579650139782,-0.0003932077488093138
124.69999999999719,0.0074205552878609735,0.009887335310772377,-9.803631377979183,0.0009627625064547506,0.001868414785637451,0.00018020778845610262
124.79999999999718,-0.0008088657433340247,0.0044173177924028625,-9.821707678705991,0.0013990607927972822,-0.0013867187539214937,-0.0011677683622111517
124.89999999999718,0.0021809166905617195,-0.001819656647143195,-9.808881464161415,-0.0008937667289397005,-0.0004294375174906446,0.0007828894486237102
124.99999999999717,-0.004360634628997688,-0.01374491540977918,-9.79868261624679,0.0010059303759872552,0.0009815292548304097,-0.0012983779850744227
125.09999999999717,0.020604519083678063,0.01944770385938843,-9.787881234705045,-0.0006069814153472882,0.00028262192556835394,0.00026989720136556133
125.19999999999716,-0.0007884988818826489,-0.0006181076350328265,-9.827804458877559,0.0027940564333586715,0.0006901026303364463,0.000677697282049314
125.29999999999715,-0.010863990055258734,-0.0021182143194232346,-9.800651365588216,-0.0012359829641391303,-0.0018417933685575124,-0.001183676006962363
125.39999999999715,0.0005660134735807187,0.0016317619471912573,-9.821143757215923,0.0010245415867465625,0.0005067821493020681,0.0009322794932181298
125.49999999999714,0.01294539105640472,-0.0040549537359270485,-9.818827542376807,0.00018356986699315228,7.959458952673503e-05,0.001316962853365723
125.59999999999714,0.00864887862244546,0.0004946700452260675,-9.834575164749612,0.002362256385515356,0.0011111628373197304,-0.00025331720059203075
125.69999999999713,-0.01817890855457222,0.018023005154466264,-9.796135654334728,-6.225749028343856e-05,-0.0009520234556324164,0.001143876666971139
125.79999999999713,-0.008675665632857413,0.012088555715965224,-9.81351911833841,-0.00019128765095466504,0.0008045678721145012,0.0014108475511596262
125.89999999999712,0.00035389448086396036,-0.005669167751953949,-9.81439548178367,-0.001190896103794452,-0.0007338698754865847,0.0009146758015803763
125.99999999999712,-0.0077045077589876654,-0.013176375845632074,-9.809863553887523,0.001124690698129658,-0.0003632119645483237,-0.0001997113909815833
126.09999999999711,-0.000695869467103998,-0.002615961597174258,-9.80454649449188,0.0014194641214597696,-0.0015145837907108068,-0.0012016046268653422
126.1999999999971,0.01641888125965666,0.007434617504656365,-9.816724209497616,-0.0008418591926918826,0.0009279787487482329,-0.0013133471808665757
126.2999999999971,0.010224670797094484,0.010404020410764625,-9.827311500338793,-0.00039509364025004895,0.0007085313622478441,0.0018645598500907773
126.39999999999709,0.013532785913490194,0.0016503719704360415,-9.817936266574007,0.0003304048557178272,0.0007428214137237776,0.0014720674350035936
126.49999999999709,-0.010969369768996526,-0.00021963765866570722,-9.829685020873223,8.044695134060651e-05,-0.00048424415645043946,0.0011410865786360331
126.59999999999708,-0.012953323634418146,0.0158611810957797,-9.811098405948693,0.0014027094064043126,-0.0002877658927409867,-0.0018538885617136254
126.69999999999708,0.0009089818944757165,0.0022501410335238484,-9.815648240209189,0.0001910446725815898,0.0018328561103722043,-0.0007642079465413421
126.79999999999707,0.008167857650022847,0.014950625987899004,-9.80780877465969,-0.0013767982434563682,-0.00036266979921807885,0.00012110417410174743
126.89999999999706,-0.024333127034952634,-0.017083362563414434,-9.825104678350742,0.0012783215572148136,0.0004167859929594105,-0.00045888806032878994
126.99999999999706,0.00516170471039892,0.01023020332796722,-9.81485226695689,0.0002343497269832734,-0.00025862415829546413,0.000629540455146471
127.09999999999705,-0.0016654158928253754,-0.012170221254683325,-9.80195910807981,-0.0003376176881612624,-0.0004693876147120128,-3.914720693578747e-05
127.19999999999705,-0.006671736975435504,-0.012598174635914526,-9.786984300288202,-0.0012602398640677358,0.0005125361687808005,-0.0013615015789438963
127.29999999999704,0.007013207655746041,-0.0008548815260590707,-9.837958244696386,-0.00042338851496186305,0.0007450259808720789,0.0003979800791100302
127.39999999999704,-0.0009617561983379851,-0.00705978194244114,-9.804111840126687,-0.00047035322273603357,-0.00051364117393182,0.0004977285093868396
127.49999999999703,0.003162359045063275,0.002411435085409919,-9.800836714781006,-0.0004474941154514681,0.0006444364412354993,-0.002231468076972854
127.59999999999702,-0.01324325421896585,-0.0328556215600902,-9.798094773838406,-6.868146252019332e-05,-0.000993273349443904,0.0009675077291655291
127.69999999999702,0.0014507435014247177,0.00234338171117,-9.801288330628765,0.0011537288451659703,0.00040465597747415985,0.001458821374340734
127.79999999999701,0.015872380714332685,0.012388317569710572,-9.81787829992102,-0.0002507720821492418,0.0009995235307361746,-2.104457437703428e-05
127.89999999999701,-0.008098340060451955,0.009033891369934962,-9.802728208462652,-0.0011065282963992728,-0.00016326776316076633,0.0004645525802669596
127.999999999997,-0.011682822787638615,0.00871546896126242,-9.802945366775875,-8.127642412576187e-05,-0.0011159996600521764,-0.001086750163353583
128.099999999997,-0.0010412747135548509,0.0004412715280311426,-9.818451341181758,-0.0008842570417530929,-0.0014625351652925698,-0.0003929634095433043
128.199999999997,0.008414130425248424,-0.007282835484415233,-9.801746713929717,-0.0002616902686305033,0.00026474572693689397,-0.001688587531071093
128.299999999997,-0.009854092797986607,0.004225063695547487,-9.812212401217858,-0.0003997723251140631,4.5131808211797135e-05,0.0011810750405724121
128.399999999997,-0.010963910780836686,-0.0032218318340895107,-9.815102130279739,-2.757441649228143e-05,-0.0014625038451472673,-7.172348677502745e-05
128.499999999997,0.005795258176046299,-0.006997761391124032,-9.808536167183723,-0.0003363696383215141,4.7083207604725474e-05,0.0007915318088671454
128.59999999999698,-0.005801492486163853,0.009087678423481101,-9.808759645722786,-0.0008256861105396982,-0.0014972178025946866,0.00010276563650076734
128.69999999999698,-0.012402115077753136,0.025831107275610492,-9.823809916603423,0.00036625572395418226,0.0004708761953536986,0.0001191562078981094
128.79999999999697,-0.013481342504045821,-0.008900867946628506,-9.806014619924902,0.0007680148408425378,0.0008607545328974538,-0.00019810845147284496
128.89999999999696,0.011535849484645193,0.000811083965340098,-9.819844188228236,-0.00045062461748263544,-2.3392598647522236e-05,-0.00042928785413143055
128.99999999999696,0.003716939729845879,-0.0012389526033707125,-9.788313472877721,0.0013026679300361266,-0.002084049809718973,-0.0015192984586363772
129.09999999999695,0.002601466158839753,-0.006697127184725319,-9.824746869441471,-0.0007461179165563096,-0.0005414251649423942,0.0004723867566378583
129.19999999999695,0.01162692180977345,0.008927210509477337,-9.79544703169487,-0.0018574667492757494,-0.0013957904941647487,-0.0003962701408291675
129.29999999999694,-0.010855129186431042,0.017447644344862536,-9.831363210043765,0.0014378238843766988,-0.00018676721882773887,-0.00028889767708219547
129.39999999999694,0.015770246198777007,-0.01666575270484059,-9.79998127358734,0.000994726956495531,-0.001654857933262857,0.00035044494611129195
129.49999999999693,0.00033524787933968684,0.0006954202902650805,-9.813401565983275,5.678826433279083e-05,0.0006085897549275379,-0.002675527708239929
129.59999999999692,0.006679981860723489,-0.003677504136445891,-9.80335537124544,0.001329838199032268,0.0008863087544104705,-9.680631983252659e-05
129.69999999999692,-0.0007706382695465418,0.014705979375832883,-9.814382133352597,-6.672816909863101e-05,0.001565555699896658,0.0003311557360304855
129.7999999999969,-0.0051302887167004345,-0.004394285502921546,-9.807557143367475,0.00020428724425895631,-0.0004132626718277627,0.0016816331873794588
129.8999999999969,-0.009326902919451634,-0.008224224535546101,-9.814320749116305,-0.0014903880778358901,0.00015259083165401893,0.00012385439293436417
129.9999999999969,-0.011072126890196113,0.0020496454759512386,-9.792519873320337,0.0002997338763286161,0.0005185623080030099,-0.0007273756210604508
130.0999999999969,-0.012408080305770355,0.010738640864931051,-9.791760585798594,-0.0004214630316705773,-4.484570077770909e-05,0.0010625857242021804
130.1999999999969,-0.007615004440828259,0.006609979364381349,-9.806770273220138,0.00037794169875629015,-0.0003139578191669054,-0.0002904292753805332
130.29999999999688,0.016252518396792356,0.00928952110115922,-9.807481399111339,-0.0007265819803525042,0.0004397929548472002,-0.0003503388021002663
130.39999999999688,-0.006386323546766722,0.005944839182808443,-9.806330626540321,-0.0004715056520859747,-0.0004908041362362344,0.003060239385561415
130.49999999999687,-0.005323374805787601,-0.004334972794700721,-9.808511671550267,-0.0009417760455492222,-0.0011556986578600227,0.0020584814402202748
130.59999999999687,-0.007063391637249804,-0.00681858245083627,-9.807664833383873,-0.00112488535313808,0.00040978773721501326,-0.0009276452975474557
130.69999999999686,-0.0004925055207458485,-0.007576392214629895,-9.796872922964843,0.0004458805614694437,0.001476257328752034,-0.00020814917845907966
130.79999999999686,0.0179130000027009,-0.014179507380906538,-9.805129175128615,-0.0015178498090385878,-0.0004951182788061722,-0.0001387491788145381
130.89999999999685,0.0013515473969685028,-0.004348959827683721,-9.814437722528869,-0.0004298298281140792,-0.00024353468856222,0.00015145769996353938
130.99999999999685,0.029441875188933066,0.0036999145140504874,-9.826229395146315,0.001283598245104277,0.0002082723617122695,0.0019821212308405727
131.09999999999684,0.0015865029679823514,0.0039691041514716315,-9.811113457976594,0.0005693540472786179,0.0002058530662107837,-0.0002944756295850135
131.19999999999683,0.004867486692786235,0.012745235497392194,-9.82134808931236,-0.0012566674572999398,0.0012105734985221118,0.00020314328539450954
131.29999999999683,-0.0016453519055630971,-0.01632839796491064,-9.802730563937494,-0.0005547717417741185,-0.0006404947814361726,-0.0015859410792168581
131.39999999999682,-0.004846369943440983,-0.012102119983125775,-9.813883672762115,-0.0006109411184796449,-0.0012170193327430434,0.0019190377461001217
131.49999999999682,-0.01120242270659639,0.005779715562953917,-9.816971447781054,-0.0003689328084468996,0.0013537046611780377,0.00141310773412808
131.5999999999968,0.0005659834116475609,-0.011633429395356167,-9.807926486548537,-0.0009825165997358039,-0.00016367513260652478,9.599600230588567e-05
131.6999999999968,0.006828727266728273,0.005960816074695147,-9.804674179314432,-0.0007566623953141625,0.000959161727633293,0.0006721722541433909
131.7999999999968,0.003287987325154959,-0.005160628413066233,-9.80446490654026,0.0015866293974210743,0.0010455882489360407,0.0007333250720659787
131.8999999999968,0.009777799379315505,-0.022553172316247278,-9.797321491447859,0.000824665841329229,0.0019199619450788335,0.00043184128527314774
131.9999999999968,-0.001123753656545625,-0.014859902959997853,-9.805804172619817,-0.00025537846139044826,0.000247349529283269,0.0007705318220215362
132.09999999999678,-0.0038947380004776483,0.003419735382906911,-9.811886776019254,-0.001416968795189826,0.0008531447675916986,-0.0006021896558075953
132.19999999999678,0.0018966316168022817,-0.016402975704457066,-9.814103268956227,-0.0003858812326511565,-0.0020215768760462926,-0.0004938823940575112
132.29999999999677,0.009356886980401496,0.018742812174938162,-9.805099569784302,0.00019768557523903698,-0.0016012744869706998,0.0008367597347597037
132.39999999999677,-0.010684523329113783,-0.004144228586309096,-9.809391810059001,-2.5562601878580927e-06,-0.0012207383621200827,0.00024315117541822966
132.49999999999676,-0.011239309151147507,0.0037535363441264886,-9.792924365880163,0.0006977868900405896,-0.0013021513686669191,0.00043029122601424466
132.59999999999675,-0.00874403484445227,0.0012991627703217202,-9.81463145845642,-0.00017047730644885356,-0.000576013917471367,-0.0022495078532215078
132.69999999999675,0.012819747774053685,0.0008627684559554183,-9.81600028897376,-0.00152431318675671,0.0004789421115054322,0.00011665074466194528
132.79999999999674,-0.00859812120995046,-0.012644828616600259,-9.806665037970902,0.003128604091293428,0.0017517985103946575,-0.0012878064441633036
132.89999999999674,0.00571654634673687,-0.0009840344315734282,-9.825241320838058,-0.0006544127723310721,0.0006571817320584299,0.0015250857204821056
132.99999999999673,0.009307087479538848,0.0099359789377188,-9.786911446291118,0.0003765662847041654,0.0013006049152480272,0.0007852759628636807
133.09999999999673,0.0018769493450943241,-0.003070564396598983,-9.814443776996617,-0.0009430294494581263,-0.0004702769114820252,0.0001930630797820978
133.19999999999672,-0.0010507766838790545,0.017762460919548015,-9.822079188081053,-0.0017708029744450933,0.0005091268067959559,0.0005870232979441763
133.29999999999671,0.008485147224954663,-0.014221622271630426,-9.809161612250032,0.00015272666710583897,-9.672811527968929e-05,-0.0004926558819974958
133.3999999999967,-8.10879691437678e-05,0.0011262910882706974,-9.82768770059131,-0.00023450588602579319,0.00014718507815434534,-0.00048228914099100967
133.4999999999967,-0.01468427929787459,-0.001338039191063781,-9.804820364658092,0.0001330512035926646,-0.0019301536155912668,-0.0013688114758123081
133.5999999999967,0.002049643277514163,-0.005903854733519624,-9.80731918701703,0.0008263518851233367,-0.0005665865094845826,-0.0021458088959227513
133.6999999999967,0.007667968260094255,-0.0026725701732905377,-9.81077825182041,-0.0019560384180980607,-0.001272929744491696,-3.584628351539215e-05
133.7999999999967,-0.005232338079751739,0.0029249530266675147,-9.823214039879199,-0.0008842900197701669,5.378299667975606e-05,0.00032250961239520525
133.89999999999668,-0.004345343893583552,-0.023739837223372244,-9.811795679548716,-0.0005579498983199134,0.0013216123618370078,0.0007390768800420917
133.99999999999667,-0.019815716620987495,0.0056370418556646856,-9.820352742460415,0.0008362016532083561,0.0021196257521502115,-0.000474147051932064
134.09999999999667,0.004521362722601573,0.011779171926486476,-9.806619247919146,0.0005369401177469113,-0.0016549146946509934,0.0008658107581121419
134.19999999999666,-0.008542539565473364,-0.0033314430395242223,-9.80695695046429,0.0008739620322896406,0.0018169659250654045,-0.0008404048288911671
134.29999999999666,-0.005020248997031192,-0.008649871471275158,-9.821788368980453,0.00019093981518094783,-0.00021645384263656062,0.0003164729236589275
134.39999999999665,-0.0017509335364880542,0.004458403654090621,-9.810289620461832,0.00033539148852999493,0.00041461335073547336,-0.0006111937398474977
134.49999999999665,-0.001826481012102692,-0.007956474313990271,-9.80777747442108,-0.0003047896088307215,-0.00017152560126492284,-0.0017319346575629376
134.59999999999664,0.0020915710782215243,-0.010040048771451022,-9.821285483691003,-0.001232342553324883,5.0183998913762075e-05,-0.0001058083449903402
134.69999999999663,-0.0018505043496749834,0.006500153278858152,-9.816889846292973,0.0011866755025512934,-0.0017892193300600232,0.0008188738050688651
134.79999999999663,0.001828948632806736,-0.0065514839144703504,-9.815660353124102,2.528648184351126e-05,0.00034505982185891707,0.0016754321352327789
134.89999999999662,-0.006938455682724073,0.0012275574644215184,-9.796413629913832,0.00041752291436249493,-0.00044020382095357824,0.0034371235599029225
134.99999999999662,-0.005923695250134678,-0.0032417663969867144,-9.803575422602725,-0.0015763122273142794,0.0010148053054857473,0.0008939519052858811
135.0999999999966,-0.0035835014131149335,-0.008936541023949463,-9.797766364268577,-0.0017966554256508606,-0.0004702168974535794,0.0005902533507072859
135.1999999999966,-0.003166457966363267,-0.0016721454126364028,-9.798258527069352,0.0006081288393546548,0.0013208445760826554,0.002262316330835341
135.2999999999966,-0.011797205992682476,0.011898286391135937,-9.807354361834479,8.108806638758967e-05,0.00044067131930667437,0.0029668509840684444
135.3999999999966,-0.0024687619946556338,-0.00877448886166409,-9.812354493844564,-0.001152819267316699,0.0001723242555907242,0.0018366185004072494
135.4999999999966,0.009249116248833343,0.007859495242885792,-9.80962877011216,-0.00022421995264544983,-0.0005347156059650846,-0.0007729874322852905
135.59999999999658,0.005608590280047116,0.002260818471473092,-9.798026942016781,-0.003347764678134394,0.00037468445034495276,0.0019906603064820732
135.69999999999658,0.001047167937746297,0.009734226810685155,-9.80946601880267,0.0004303529407587915,0.000460067573652711,-0.0016344308918226115
135.79999999999657,0.019520644352933984,-0.009447485000157721,-9.816595447724191,-0.0009665542258113087,-0.0011135502369279287,0.0012883569174164471
135.89999999999657,-0.008065350134918188,-0.0015075626290869057,-9.817020892605381,-0.00028843051479985433,-0.00032827713668629523,0.0005476789124461685
135.99999999999656,0.0022990858776289315,0.0006688556627059961,-9.815835023068637,-0.0010620017664179709,0.0019470032058336543,-0.0015215112202311327
136.09999999999656,-0.005986414887570326,0.0025259090526730155,-9.808255201924753,-0.0010326823414181716,-0.0004277665295059164,-0.0008457963377422799
136.19999999999655,0.012601286941900889,0.00795617339792164,-9.804544215229809,0.0008637111124987447,0.001958536908414187,0.0006132535984550474
136.29999999999654,0.0022386556321984797,0.010557512771530138,-9.793566151052287,0.0008399680462510606,0.0015487180156518797,-0.0009497941707663444
136.39999999999654,-0.0006536561648197705,0.004829194940067822,-9.800180565916952,-0.002516345988709057,-0.00033796927833206874,0.0009338967603602065
136.49999999999653,-0.009488101156043382,0.003122550851587667,-9.809202357141112,-0.0016240940976217286,-0.0008647023256759496,-0.0010933464705665424
136.59999999999653,0.0035031366772168525,0.026063185707540976,-9.808195813089197,-0.002306873719068996,-0.0005423174464052773,0.0014786233274562916
136.69999999999652,0.015560643365045023,-0.0005042038815616744,-9.803851233828928,0.0014421809661382488,-0.0008605203364760989,-0.0003339098562910955
136.79999999999652,0.0002352859884645384,0.02087120305894874,-9.82002045265821,-0.0009541204549377388,-0.0005301774370222281,-0.0004537758278061238
136.8999999999965,0.0007520341765410816,-0.010198695298306547,-9.801773509221324,0.0003284961047136526,-0.0006354266988116862,0.00015980070438253424
136.9999999999965,-4.377315868565085e-05,0.006458155485424395,-9.786632956678796,-4.071583623314479e-06,-2.8352260479520168e-05,0.0005757312526429418
137.0999999999965,-0.003894559692576419,-0.028221411807348093,-9.810516797293323,-0.0008223206054654819,-0.0001597094680129275,0.0005909881357426208
137.1999999999965,0.02519565336369987,0.010648278443358668,-9.801089001236988,-0.0006207682431603413,0.00017222190147697823,-0.00025650162327710274
137.2999999999965,-0.011566798435069558,0.004056046849541043,-9.823362678326873,-3.6490350166045707e-06,0.0006797819291490477,-1.0180914478024309e-05
137.39999999999648,-0.004381479405786782,-0.011719153470409504,-9.803575633263755,-0.0014812196998738028,-0.0014911068405032769,-0.00045142095004541816
137.49999999999648,-0.0009374453420958473,-0.0012973438990818628,-9.810241881818323,-0.000645816936483032,-0.000993929928366986,-1.6442953061515114e-05
137.59999999999647,0.0077902775456571574,0.004593070185978359,-9.821437625130777,-0.000722879731275343,-0.0013003764673371735,-0.0004841016139248859
137.69999999999646,-0.0027454391977468702,-0.009275998362014277,-9.7987170947582,0.000157808638346607,-8.606062692867137e-05,0.0016712976370345351
137.79999999999646,0.00896401917191514,-0.009267677534937617,-9.80672815278605,-0.0007398974057023467,0.0003490748052403208,-4.2691767399554115e-05
137.89999999999645,-0.006351522770084243,0.0013710278798365378,-9.82756742905183,0.00010899854752443923,-0.00023741766029814377,-1.5728784955925135e-05
137.99999999999645,-0.005097050194257489,0.013025469944984226,-9.798273630063111,-0.0005151680182717584,0.0005417140012106874,-0.0002917024698548588
138.09999999999644,-0.003614395294202072,0.0010741137599389135,-9.801750469556326,0.00019653393871791436,0.0004975010603494476,0.00012345472555315982
138.19999999999644,0.006962494901280116,-0.0016243101717142619,-9.817063024480554,7.07672304407968e-06,0.0006050163122435599,0.0011332933014130122
138.29999999999643,0.004154190200188401,0.006748043297974587,-9.80905296853927,-0.000685690274366156,0.0010562017958969964,0.001733755285720255
138.39999999999642,-0.019253712780989043,0.009362928776984,-9.816485879113204,-0.0011465727998057715,0.0010174210758562825,0.0010347818806241767
138.49999999999642,0.00827833169020396,0.005136822389148936,-9.814264657900184,0.0007437778244585278,-0.002740262693767298,-9.728340052183964e-05
138.5999999999964,-0.02098753469239846,0.0008011081834647699,-9.790975341741254,7.527275331304316e-05,0.0004678873549557355,-0.0005233335670644727
138.6999999999964,0.015056262783984564,0.01575953767522237,-9.796222196946093,-0.0011438739520015892,0.0007327581573893701,0.0010107116232012034
138.7999999999964,0.007837295777329728,-0.003562057075638151,-9.811613438180123,0.002485150389465567,-0.00023419293428183786,-0.001131036002786183
138.8999999999964,-0.013494995777471475,0.009185712744736048,-9.799150099070117,-0.00022939733195183668,0.0003901356292818901,0.0007330803339005711
138.9999999999964,-0.005364487682865975,-0.008448089778439282,-9.802612058812894,-0.0007041981664362803,-0.0010843295310061336,-0.0008489890905162166
139.09999999999638,0.023311212354561465,0.0023088704881110804,-9.803060616947786,0.001624547005390979,0.0014012813346128404,-0.001582599139748935
139.19999999999638,-0.004891211690085812,0.008657871981224445,-9.813755782502907,0.0003169657620826556,-0.0007085318117450343,0.0014639683966132977
139.29999999999637,0.007894145367189747,-0.016764912401741414,-9.816402527016749,-0.0006885890611131643,-0.0006415745582545932,-0.00012246994471470853
139.39999999999637,-0.005353769923812375,-0.009898368403637824,-9.803415401865516,0.000866957715254695,-0.0009643268505531476,-0.0013684292786943478
139.49999999999636,0.01100838837076148,-0.006347871907714324,-9.805353542329831,-0.0009592970622681077,-0.0014491421202737595,6.729341021250105e-05
139.59999999999636,0.01997331818980953,0.006124045427801015,-9.798556435738458,-0.000897849536561766,0.0006882759336014381,0.00023558933749696985
139.69999999999635,0.01134739214457402,0.0046949161083107375,-9.79190208029108,-0.00020238389753457207,0.002139437291223211,-0.0015038574787244049
139.79999999999634,-0.018974765992863594,0.004135240452737912,-9.797608357977639,-0.0010519507702531398,-0.001376935706643205,0.001384681507352015
139.89999999999634,0.01717305015341364,0.009657952487180018,-9.805914827300242,0.001874639633734118,-0.00020689328561851605,0.00035857295281706584
139.99999999999633,-0.01994155904195874,5.5438684459003066e-05,-9.805636745038965,0.0002701116614253962,-0.0007895738786240286,-0.00155155861021583
140.09999999999633,0.01323717342953809,0.005209190546170599,-9.804530576477552,0.000684684407696389,0.0002380606247175695,-0.0013325985763673553
140.19999999999632,-0.0037871600282138925,-0.016194268931234063,-9.811214156510127,-8.863734374271537e-05,-0.001930188771702181,-0.0019375796727618118
140.29999999999632,0.004253721679911432,-0.00850305971646823,-9.794852371624645,0.0005511611130518323,0.001916569422135068,0.0007088731313051535
140.3999999999963,0.00974121373717397,0.00847737108348472,-9.812439873830613,0.00031783876157168525,-0.0002039968450380834,0.0009615364277382674
140.4999999999963,0.0005280694565681725,0.007922212178081393,-9.794466822084537,0.0003943540890537923,0.0005944104204329964,0.00017403925970320782
140.5999999999963,0.006888680884377142,0.0025395095706082886,-9.81006330624301,-0.0015717125390613098,0.0008020199272732136,4.93838707414192e-05
140.6999999999963,0.002088930874552013,-0.021719404871681704,-9.819777342203148,0.0026490773564691035,0.002156001891311028,0.0005209507880600451
140.7999999999963,0.005920585026866755,-0.00598806978030138,-9.833918191080684,0.0004901757815157452,-0.0010381833455453304,0.0005830866933882602
140.89999999999628,0.001001320440313411,0.0026172601996132944,-9.812360765894232,-0.0012909052464290937,0.0008095602552069567,0.0018152491786296127
140.99999999999628,-0.01227629048424416,0.011025170006215694,-9.820894165558622,0.0004948878209668444,0.0015444863336984552,0.0003513245799613472
141.09999999999627,0.007973280436216439,0.013227636309902476,-9.816834774218917,-0.0002026658697551245,0.00047631460866870244,-0.0010912809905244147
141.19999999999627,0.01181311223250352,0.013491833402589542,-9.808194391605834,0.0009008001382485718,0.0008187156393683191,0.0008043934991384595
141.29999999999626,0.0022118166031507044,0.0073747123552556195,-9.814395053225839,0.0016108679141257454,0.0005054099577130523,-0.0015071999530597853
141.39999999999625,0.0002326348866577697,0.005535912516457174,-9.815545092218564,-0.0005532355406782857,-0.00022418903144430941,0.0001487995240311915
141.49999999999625,0.006867674797711314,-0.0032220149926808256,-9.810228288058262,-0.0009371257179596018,0.00016942885736326475,2.8558973504448542e-05
141.59999999999624,0.0021241446204243518,0.02196694347432946,-9.815667381561505,-0.00021276706485611,0.001035894989977944,0.00020456551062709557
141.69999999999624,0.01780374536787455,0.0251225537499142,-9.807825843656758,0.0005586179907106323,4.674944312244467e-05,-0.0004653265772609193
141.79999999999623,-0.003800997829661491,0.0030370652660332708,-9.80798774899777,0.0008372511740650012,0.0011910848939827,0.0012530700750304259
141.89999999999623,-0.005260456596205352,0.0021628225506340193,-9.832579065463985,0.0005768412567345604,0.0006486242530180406,-0.00031904941827694695
141.99999999999622,-0.004100401676528389,-0.01381713993017274,-9.812709335285845,0.0010433721694615762,-0.00032945342684890264,-0.0007874803861363344
142.09999999999621,-0.004633384623349487,-0.012319850850501848,-9.80762780408591,9.27904314058138e-05,-0.001007240087171352,-0.0002619531784414394
142.1999999999962,-0.022617628574276356,-0.015295001069954546,-9.806174821939976,-4.707653053664637e-05,0.00035128922728176027,0.002051632618269388
142.2999999999962,0.003360144297128328,0.001446059569588614,-9.81470952595612,0.0018282060046715496,-0.0003258895593537562,-6.738218060891082e-05
142.3999999999962,-0.0032150269090785873,-0.015904428330355505,-9.814688630549776,0.0009996620213513774,0.0012399814950266922,-0.0007368630785613487
142.4999999999962,0.006542667936115283,0.011078676849822736,-9.805064757816773,-0.000774599052122269,-0.00027096956567072036,0.000533022804049075
142.5999999999962,-0.007256387175622278,-0.01150278442360786,-9.801171333167785,8.472065792241393e-05,-0.0012194788076589256,0.001178865884900734
142.69999999999618,-0.010148156841851792,-0.02252034255254189,-9.79710947874697,0.0017512276390313957,-0.000581378923724338,-0.0009290895115432898
142.79999999999617,0.021078383609218574,-0.011879406550344657,-9.81963785530062,6.062541432799921e-05,0.00012537601541392937,0.0007492858815787275
142.89999999999617,-0.0016498762712365343,0.00514102935074349,-9.81644254593795,-0.0005343724638520896,-0.00042322721320690214,0.0010708294472309384
142.99999999999616,0.004803484047700355,-0.001957963225207542,-9.811596704401536,-0.0002060975472587797,-0.00028013917251835794,0.000898750111892196
143.09999999999616,-0.008540865040256557,0.006519634915580401,-9.807113022286506,-0.0012468345278085864,-0.00025268836320950684,0.00040566095579582634
143.19999999999615,0.008665873454770231,-0.008103236612959095,-9.816224949965255,0.00016748687284616487,0.0004126535938047872,-0.0005878191687880437
143.29999999999615,0.01977797025908085,-0.005371833562738139,-9.801243219666782,-0.0010206261179443673,-0.0008172432078425055,0.000898947830574063
143.39999999999614,-0.0009874766577440705,0.015461986848589728,-9.828040937173574,3.9632340354899486e-05,-8.994017755729957e-05,-0.0001238460383828031
143.49999999999613,0.004078923332345809,-0.0029806976236722293,-9.801736155656707,-0.0009327043650315149,-0.0004725268939893462,-0.0010263178720750464
143.59999999999613,0.003274623426017755,0.006979205352002081,-9.816005076722709,0.00025780594155269654,-0.0006444222942044509,-0.001616779575540052
143.69999999999612,-0.017531173384147964,-0.006973550496828471,-9.797170662814414,0.0009964106337105117,0.0008875203717203067,-0.0013159412696084748
143.79999999999612,0.0011580348817424367,-0.015689447484715423,-9.78648181949917,0.001151030389459392,0.0010880320230822645,-0.0009061286290830601
143.8999999999961,-0.004889991596214832,0.021649823535195404,-9.813065038007931,4.437557124393519e-05,-9.475837806495002e-05,-0.0004309256883338769
143.9999999999961,0.0076189456228278754,0.0024098438264567768,-9.816705212665894,0.0014742578472749595,0.0011803047599378952,0.0014154455693634346
144.0999999999961,-0.007749288860018085,0.005244123673225619,-9.800605876788717,0.00021788998652397327,0.00030854520595061834,-1.9597689696705535e-05
144.1999999999961,-0.006430585066317036,0.0196539774306872,-9.806534466898146,0.0010537080856552869,0.0004024731330864,-0.00016061173590816523
144.2999999999961,0.010895664543616727,-0.0017637335216322565,-9.814133142009384,0.0009198097124722535,-0.0004445961635568993,-0.0016122458105939702
144.39999999999608,0.0039695941578876785,-0.003341942276178016,-9.789254808099363,-6.537767208291776e-05,-0.001214968965676369,0.0008394288124032314
144.49999999999608,-0.0060265717499812166,0.013568184197476532,-9.815177079110681,0.0002481241148557115,-0.0006396024550055382,-6.4610448579285e-05
144.59999999999607,-0.0050158389186233865,-0.008090228674909966,-9.796329312075,0.00021764547156060416,-0.00018069032851109526,-0.0004529578832104449
144.69999999999607,0.0015116882977510146,-0.019268454140227036,-9.811942860235588,0.00027481562086554445,-0.00015471695217615127,0.0005184730337839068
144.79999999999606,-0.004042074556590175,0.005363948808619258,-9.799537733895985,-0.0015389162050539974,-0.00036168503741371903,-0.0008694819647571566
144.89999999999606,-0.004776217472581717,-0.0016928264975644939,-9.817568293954109,-0.0012689439190135229,-0.000708677712649979,-0.00044204599844146813
144.99999999999605,-0.0139847119436478,0.0022048678295579854,-9.79768633031913,-0.000931539056132682,0.0004747016907908486,-0.0008008470979808593
145.09999999999604,-0.012327840254965167,-0.0024597670577415904,-9.79559843767754,-0.0013922402687691657,-0.00048186799607022465,-0.00028421037776452156
145.19999999999604,0.011817257563517286,-0.020046510657833222,-9.811470604394604,-0.002187517472959399,-0.00041031976710942337,-0.0010626954954282466
145.29999999999603,0.0033820160964515926,0.0053194541091174845,-9.811214310901756,-0.000196803182684207,-0.00022145119607317045,0.0005005901384828438
145.39999999999603,-0.008961862689483784,0.0194660882865027,-9.813438622150064,-0.0004333693733622042,-0.0006829186293776049,-0.0005525444046871976
145.49999999999602,0.0036192935209427264,-0.009539234786513409,-9.814991343105184,0.0014310046245138196,-0.0006942243426905785,0.0008591432917180846
145.59999999999602,-0.010713672406696418,-0.005440522085307557,-9.810227158088683,-0.0006750430175159181,-0.0014872298261326777,0.00017887307922642213
145.699999999996,0.004888394464747704,-0.007433045614076928,-9.79314693676556,0.0005403264499058269,-0.00178281807136181,0.000573380795553882
145.799999999996,-3.4783294487343885e-06,0.004473755275235638,-9.8305623352846,0.00027269848297009093,-0.0010655486268412676,-0.0008321454210495876
145.899999999996,0.014796552838933597,-0.0015410857188935315,-9.820352341090206,-0.0011634695819711873,-0.0013495488558376131,-9.641699066791026e-05
145.999999999996,-0.006496474577493019,-0.009740734271477801,-9.809205979682545,-0.0018216141750758595,0.0005205977713191354,-0.0008201704862342799
146.099999999996,0.001210578520869766,-0.006287158419478453,-9.81562229318237,-0.00020872230160924626,0.00037826014447401766,-0.0002862469310526405
146.19999999999598,-0.009851534938072481,-0.01919870644710919,-9.791827022874301,0.001451894309631272,-0.00013331817245500094,0.0001682219988278135
146.29999999999598,0.00045223061357352535,-0.0074446691507595265,-9.82057818976915,0.0008885351424007026,0.0015344156879981167,-0.006440657438982357
146.39999999999597,-0.009159625985139409,-0.0013662115577867896,-9.8186498367611,-0.00229500559342923,-0.0006450032670817709,-0.0007535040834011688
146.49999999999596,-0.005882560049201353,-0.024990556135700302,-9.818902435200064,0.000407456693771292,-0.0007750010447957683,0.0007793996315136163
146.59999999999596,0.009986491496121984,-0.012861968987472725,-9.810224853011736,0.0006088175429923895,0.0002103450463753343,0.0006426694308348276
146.69999999999595,0.006188172209415418,-0.011229830009008538,-9.825261988240053,-0.0006053663872900347,0.0007792797475974363,0.0012877432995572968
146.79999999999595,0.002472432365506711,-0.003302625311636998,-9.808764397345396,-0.00011033308461686495,-0.00045650461847534835,-0.00115475240633643
146.89999999999594,0.015618165545595614,0.0067894226855776275,-9.83923594508544,-0.000837785783843754,-0.0022006697387653745,-0.002046288171547295
146.99999999999594,0.007447145497112164,0.005340146435652401,-9.796420607639606,0.0005900769550916054,-0.00048787362748007923,-0.0001528585565669696
147.09999999999593,-0.02032172401239579,0.004019791569598878,-9.817122597011963,0.0018962451698272132,-0.0002655132054971652,-0.0008751484880459727
147.19999999999592,0.00867344822543603,-0.0035082762230779956,-9.816801640862527,-0.0006742244301744574,-7.305361295134858e-05,-0.0007963381103411551
147.29999999999592,0.017009403615021658,-0.0006434542817657766,-9.800794343447206,-0.0003814480782092108,0.0013269080544950904,-0.000893492067354154
147.3999999999959,-0.007765830262283296,0.01711346106172409,-9.787315993211394,0.0008164481446866406,-0.0012661721035753474,-0.0009552482716654651
147.4999999999959,-0.00045459743498055,-0.006663780592573222,-9.808963336001982,-0.0016742331024775718,0.001611407058491878,0.0016515902706095613
147.5999999999959,-0.003910301453126002,-0.004322526915876627,-9.825325582068501,0.0008199924345062555,-0.002025806769974206,0.0012351072889469808
147.6999999999959,-0.004805027032475822,-1.8763048663612544e-05,-9.800921294331882,-0.0009419341388878288,0.00015550709424741856,-0.00015525898076487464
147.7999999999959,-0.004850323939041163,0.009651570575679646,-9.813905637246215,-0.0016549362843258524,0.0005294818129892127,-0.00014025035259177226
147.89999999999588,-0.011433965772061145,0.009690276136324064,-9.816320628170509,-0.0020366217391090983,-0.00034821857207093524,-0.0018088849671259542
147.99999999999588,-0.010371739646020164,0.004471590920048146,-9.79199530542088,0.0007911007339681664,-0.00013466651120440682,0.002162645505745712
148.09999999999587,-0.003847988762093399,-0.007980679574357573,-9.811504707813187,-0.001062608044684851,0.0012426938070601015,0.00011419136002432972
148.19999999999587,0.008298723193750522,0.007115117544605161,-9.8168955674165,0.00017661398728372707,-0.0013438726431571778,-0.0018737506753254698
148.29999999999586,0.005710446312509138,-0.011440944275741043,-9.820485559910729,-0.000712439853750302,-4.6605596432896193e-05,-0.00016224557941891865
148.39999999999586,0.00020892777824115677,0.006340367734905664,-9.819323612099685,0.00017247575367528015,0.0005625504203904173,0.0005706598002547078
148.49999999999585,0.004720130517327526,0.01937877302989069,-9.816757356352513,0.0012986461156280077,-2.141495765694424e-05,0.00012201592082666794
148.59999999999584,0.003770702483066652,-0.007196620353517677,-9.812120415147628,0.0009691138956078452,0.0019222152410841116,0.0007998629363136209
148.69999999999584,-0.009709752927557627,0.024729472116253183,-9.815197739966647,-0.00038739028725253647,-0.0010524240208261227,-0.0009552665926063213
148.79999999999583,-0.011815438073497731,-0.007256863205739338,-9.804084590611282,-0.0006780635337536154,0.0017042555060519991,0.0008230189221673511
148.89999999999583,0.008530561526477506,-0.002653309057383475,-9.819103195525297,-0.0012150926262036797,-0.0005215468660141547,-0.00028791121518048147
148.99999999999582,0.02021844536406313,-0.007634779758273037,-9.821260411677931,-0.0015012757303332026,-3.38696086382696e-05,0.0004211307381160937
149.09999999999582,-0.011960721437918403,-0.008924386769482796,-9.803587718164671,0.0002470278336058381,-0.0002437395578749093,-2.8009929557807964e-05
149.1999999999958,-0.009469451112549737,-0.0035548460310150026,-9.794677042019169,4.4589990104657505e-05,0.0016747415575992769,-0.0010773342785129914
149.2999999999958,-0.005348808705000272,-0.010319175097344757,-9.810624147344054,0.0011604188355972312,0.00011620016665828516,-0.001339554269391226
149.3999999999958,0.0053958378255974295,-0.0017097078306090102,-9.788895884280699,-0.0017178884594026694,0.0004305455246854776,-0.0003282153988354898
149.4999999999958,-0.0008605566577181412,-0.00040242257596800565,-9.812293015237358,0.00016832173446054442,7.254429090999072e-06,-0.0015328640226297723
149.5999999999958,0.010496804972361964,0.017454760826059682,-9.803562974268836,0.0003801424441906734,0.0002622442959369585,-0.0006411128018941389
149.69999999999578,0.009086265289631119,-0.01441391919968164,-9.81401941309685,0.0006488585133079118,0.000565498961363118,-6.880776717798862e-05
149.79999999999578,-0.006070015837388574,0.0246737877058844,-9.801450055597186,-0.0013937784835500056,0.0006333140428606023,0.0006750515787386259
149.89999999999577,0.019822794209021187,-0.02201114604766463,-9.806517571502301,-0.00023510363783069016,0.00028765909860783344,-0.00016399562216156126
149.99999999999577,-0.014374838963600114,-0.004622000081648899,-9.79437936219153,-0.002108992473279908,0.0012104935157661095,-0.0013925355002835653
150.09999999999576,0.003510904838820233,0.012465547503490713,-9.793897744019057,-0.0008903551846182351,-2.1495085695115954e-05,-0.0018209644554736753
150.19999999999575,-0.007629425198286112,0.008101915511873002,-9.837574664769708,0.0016217471026006977,-0.0008634792834654686,0.0008363969165366648
150.29999999999575,-0.003705958151044125,-0.004820606150258159,-9.809930300726338,0.0007671887680536938,0.001506795133238879,-0.0004801275988283496
150.39999999999574,-0.0008169600843145296,0.00840733949151371,-9.814453489686514,-0.0002315007617661732,-0.00018616281806133856,-0.0015288876923012012
150.49999999999574,-0.008438863278805922,-0.0004084137992790064,-9.80864028033271,-0.0003742535515982988,0.0006008704311544844,-0.0009062468105570971
150.59999999999573,0.012324680162235275,0.0015093598317456232,-9.802039693973072,-0.00031591768330820047,-0.0008426245050494925,-0.00032975312421032335
150.69999999999573,0.0009836107450232564,0.014842830623855297,-9.812924962848365,0.000939634809366026,-6.152917630595132e-05,0.001842051997810456
150.79999999999572,0.010501057101738319,0.009105073268796525,-9.814122343112492,-0.00072685944206851,-0.0008609707454855869,-8.396683350131442e-05
150.8999999999957,0.02465895132495555,0.0064769338435917015,-9.807719759217497,-0.0018654871757579116,0.00015938895012143013,0.00021925514709157895
150.9999999999957,-0.01575756548412307,-0.016138319101165772,-9.797569357462972,5.0460406728280594e-05,-0.00023709460782115412,-0.00015629620204257757
151.0999999999957,-0.011649838967397384,-0.009237189092533286,-9.79819753079399,-0.0010190285165201658,-0.0005099504903497928,-0.0005680255895212338
151.1999999999957,-0.003523258874175687,-0.01132980084684064,-9.8078397075441,0.001156758718501089,-0.0017491905608947665,-0.00033862028262082305
151.2999999999957,-0.011862969275815932,0.011573269282737641,-9.81107982998615,-0.0006416938024395159,0.0007054193112415035,-0.0012944981541757555
151.39999999999569,-0.0028406191501324164,0.012524243160493725,-9.801116258382224,0.0010555255933695075,0.00011590371676128897,0.002770465727651832
151.49999999999568,-0.0081780700215025,0.0034841873714673167,-9.840205323477187,-0.0011724530519817893,-0.0009559795917852175,-0.0017241254709958259
151.59999999999567,-0.011294452552742494,-0.012491134914001287,-9.814875648486359,0.00017805961220910806,0.001406162544960606,0.0015894182454846365
151.69999999999567,0.0056798560908592425,-0.02191224129013733,-9.804081687504398,-0.000217680086649612,0.0010422917036982835,-0.0013249252368350713
151.79999999999566,0.0014410906399021006,-0.006800906579357897,-9.816725388893879,-0.0006321848546573341,0.001447620626391784,-0.0012832426343768306
151.89999999999566,0.008758857680206173,0.007650516248229411,-9.821351649634623,0.000998156033994788,0.00035093118547973825,-0.001157508875297552
151.99999999999565,0.006769097900879094,-0.015277840707564001,-9.820036559389651,0.00016839481983882957,0.00032632077369548534,-0.0007839820336346902
152.09999999999565,0.002042121674709349,-0.0020873957229055507,-9.817178184377067,0.0008325988841239115,0.00011207218508263844,0.00045199446687950055
152.19999999999564,0.002431531967297912,0.0033169998445085605,-9.812430499223522,0.00012726415824839242,0.002304561475486001,0.0009860629894898104
152.29999999999563,0.011448127910291591,0.006761196341532015,-9.80563661791869,0.00016847259872139646,-0.00020612309082635247,0.002600212699306973
152.39999999999563,-0.001738231839001608,-0.007435485000688187,-9.806580472994836,0.0006076628503761445,-0.00018713532611643995,0.001158556811026716
152.49999999999562,-0.0035643049937863483,0.010584542110555775,-9.804849299531933,0.0005659870222433217,0.0003372800242818473,0.0013438179037650437
152.59999999999562,0.005072923147075468,-0.022807959022779243,-9.819245263346176,0.0011693431528318266,0.0018657549112503537,0.0007878511196150967
152.6999999999956,-0.012513922875816543,-0.002865156085068214,-9.808762944956184,-0.00028217665058825414,0.0012094354752411488,-0.00025389948616525695
152.7999999999956,-0.017216806497139997,-0.009075099927033002,-9.797178633183291,6.714503194379415e-05,-0.00023761872022494133,0.001722401826484166
152.8999999999956,0.003789189628355064,-0.013678743299509757,-9.81301145929432,-0.00010088178098208584,-0.0022735029342275948,-0.00046226207003388447
152.9999999999956,-0.005132171769821145,-0.00830235531748273,-9.816672403921315,0.001483131637379414,-0.0010159494867044178,0.0014523147131840252
153.0999999999956,-0.01301734463470082,0.00014512742182706047,-9.814880562461422,-0.00017604682980363308,-0.0006947760781589072,0.00081249423900194
153.19999999999558,-0.00030507965863601393,0.005911560184683658,-9.804680706278178,-0.0007578689128557155,-0.001194753657868179,-0.0010236641422894184
153.29999999999558,0.0027880918970811415,-0.0018919110298667025,-9.805295933825171,0.0020075551066181165,0.00013545191490095637,0.001640181748929429
153.39999999999557,0.022944121342266897,-0.013251511702565567,-9.828747057187632,0.001066930532019138,0.0004552879777073726,-0.000959348158377484
153.49999999999557,-0.012069965425965792,0.005598705251834464,-9.822707584046055,-0.00013666862355258825,-0.00011850190573576584,0.0002726238988501502
153.59999999999556,-0.0034275111693121553,0.0025275228382919657,-9.788088879188964,0.0014352278619327071,0.0018056505776614352,-0.00048159076764703443
153.69999999999555,0.014664305665693014,-0.0012891726322773634,-9.820145898234056,0.0020270239865724845,0.0018991019632485196,-0.0001270204528510878
153.79999999999555,-0.012010975694889908,-0.0015691907586398305,-9.81807829873084,-0.0005589182638050237,0.0009214553345600862,-0.001022570700806063
153.89999999999554,0.004005001976253752,-0.011369841549228281,-9.814188484355252,-0.000300059602345992,-0.0005673597266405779,8.905047694844779e-05
153.99999999999554,0.0017752105853870257,0.0051120213599559795,-9.811403979876903,-9.784597606507021e-05,-0.0007446967570061578,0.0003939567683993796
154.09999999999553,-0.0053439424763933995,0.007458270371954568,-9.820199319730516,0.0004199781575459961,-0.00024327296104168788,-0.0004942786887321512
154.19999999999553,0.003614498569647557,-0.013007633998457875,-9.811039332030159,-0.0016887219913268353,0.00023403094752007247,0.0012038963941069698
154.29999999999552,0.015309685667771829,-0.02312378417328059,-9.794577839373344,0.0002787026569846427,0.0005657249649039153,0.0009166973949509948
154.39999999999552,-0.0006406761095685388,-0.011944897611436484,-9.790904610251257,0.0007777674124472276,-0.0021723284850844603,-0.0015561633595973158
154.4999999999955,-0.006862821234355122,-0.009903356171134307,-9.794142276596155,0.0010780590724259202,-0.0008202639398219938,-0.00048256929256684073
154.5999999999955,0.0016767632704698166,0.002979581363264539,-9.818948101684866,0.00010637847532606729,0.00021919509207058368,-0.0025978802383202623
154.6999999999955,-0.0028450392335670222,-0.007074958574597237,-9.823599006776737,-0.00047127692884658094,0.0009361718416333132,-3.0076089611298902e-05
154.7999999999955,-0.023281556341734417,0.002252265339082762,-9.825618813197917,0.0008994378062935494,7.831129838606856e-05,0.000809819794257728
154.8999999999955,0.006096183771512226,0.009112588683107074,-9.810593709733176,0.0004647020413196276,0.0007617955374568659,0.0003753363840408179
154.99999999999548,-0.0011835295016786283,0.009663952213625903,-9.811844692232604,-7.246398567645558e-06,7.399744975484586e-05,0.00031180450544036035
155.09999999999548,0.012077465504338426,0.00010158850067749431,-9.814538174960633,-0.00013795246020625746,-0.0007395990390998697,-0.0014181412388898783
155.19999999999547,0.0017228361429586058,-0.02135960765002534,-9.807666179408034,-3.155979610005882e-05,6.613888049118301e-05,0.0001229609039030286
155.29999999999546,-0.00052694613915487,-0.008935308640584392,-9.805606350004306,-0.0005455869620509318,0.0005004126067789235,-6.802208344789654e-06
155.39999999999546,0.00562398631261122,0.011602547694713564,-9.803566418444213,0.0003961991304247262,8.539788312633422e-07,-0.0028354539021438283
155.49999999999545,0.005064394952228955,0.007378775986487788,-9.807661413693554,-0.0005200639819526339,-0.0011337554747185173,-0.001114429183546833
155.59999999999545,0.008879052100790385,0.0008244168183854779,-9.81923217838799,0.0013054974293176939,0.0007173807939860271,-6.559482745429827e-05
155.69999999999544,0.01043099946085358,-0.009477896833816056,-9.809993537402127,0.0007449706848106012,0.0006073128868922991,0.0014809567204762915
155.79999999999544,0.007623306820355582,0.003030996548310785,-9.809178795499331,-0.0002322187276864495,-0.0012783145153854455,0.0011016533589229308
155.89999999999543,-0.0005398069328539049,0.010301275013228719,-9.826622158195846,0.0013131996525791536,0.001393392906443196,0.0007614790304519098
155.99999999999542,0.0013846916477845178,0.01841640875137788,-9.807459655419347,-0.0020670122159627885,6.032393117260849e-05,0.0005198527756624135
156.09999999999542,0.008063510292019089,0.0009104845608485589,-9.809521861885095,0.00045739626397956384,0.0008874858259024288,-0.0017722957701614046
156.1999999999954,-0.010530428848354399,-0.001679493156914187,-9.807051298068341,0.00013756538423133528,0.0006139285440575885,-0.0006100666646141965
156.2999999999954,0.003069509811878051,-0.017444473717662563,-9.814579357779865,-0.0005773828622912444,0.0009012961716932835,0.0012194532105871522
156.3999999999954,0.0011754718618672058,-0.010469754492223182,-9.817700459920207,-0.001931136322174303,-8.01972399915615e-05,0.00033641162311902643
156.4999999999954,0.003120316032196549,0.007053812680067265,-9.805665461026974,-3.418889330614621e-05,-0.0005832948790661043,0.002421170119462069
156.5999999999954,0.02090593800481873,-0.017426463048246882,-9.828250489819933,-0.00089729630620507,0.0003990563433035381,0.0008303973039220572
156.69999999999538,0.0009282114531461928,-0.0061553574122130104,-9.791613588937281,-0.0005741617897402064,0.001921823605573466,0.001717913293311776
156.79999999999538,-0.002551266576734684,0.011364874846480775,-9.799969527654463,-1.2716407735640034e-07,0.0008016906108580412,8.383165969570439e-05
156.89999999999537,0.0044483023336185775,-0.015108962566057966,-9.800418823449535,-0.00018509361075363018,-0.0007767719797936894,-0.0014291383529139053
156.99999999999537,0.004768650779989658,-0.0009880366490164643,-9.81066661274828,0.0005410343952009863,7.61056452814826e-05,0.00015236903736093305
157.09999999999536,0.005463500867529803,-0.004492995159688997,-9.804711041922934,3.1048649222211294e-05,-0.0009279427315117591,-0.0006219251819956517
157.19999999999536,-0.005453150036622064,-0.0035037728429257457,-9.81479082719396,-0.0025177786625030256,-0.0010510317644242201,-0.001090080685838881
157.29999999999535,0.006852429453505657,0.015138624191238488,-9.817413560734735,-0.0012282495134524698,0.0005029688633259879,0.001441971744165746
157.39999999999534,-0.0038313936391903376,0.009714773895770155,-9.816892537888641,-0.0009611438971158227,-3.170782960482523e-05,-0.0009419969427584452
157.49999999999534,-0.002177845794354478,-0.0011119919914066132,-9.81215360551396,0.00020799054389219562,-0.0009981920539871535,0.0001217128864281636
157.59999999999533,0.006405465370599582,0.0030443137196916126,-9.818992828075482,0.00012128435347120219,0.00025430209875095623,-0.0011814001390385918
157.69999999999533,-0.00796932964365435,0.01057508572354803,-9.804161733691924,-0.0012690595386849186,0.0004030052496504269,0.00036116659818336363
157.79999999999532,-0.009922211886286775,0.0065808811084812945,-9.810313157028768,0.0003388199126895796,-0.001790500056252374,0.0025091728313131403
157.89999999999532,-0.0008258696368452233,0.008876640803445628,-9.812703445938931,-0.0021875967997900055,0.0011047944650300434,-0.002184887887490745
157.9999999999953,-0.009658875863068486,-0.011125843075992016,-9.820602942889368,0.00017348489502700697,0.0013666998210653564,0.0011382280508135927
158.0999999999953,-0.01285455488270621,0.0032654656884465103,-9.802527964115434,8.796795144869608e-05,0.00044325269341100737,0.0009292214443265086
158.1999999999953,0.004019618036163576,0.017241676648900046,-9.810274271192844,0.0007450705269220502,-0.00037210554075009717,-0.001380183137983532
158.2999999999953,-0.003389403647155637,0.0011516548518453553,-9.811724066459789,0.001436486677683115,0.00015372277964407935,0.0008028340607334921
158.3999999999953,0.011879132678789412,0.00011602898317941228,-9.816362256362597,-0.0006460438083140494,0.000729704134959752,0.001042910606847489
158.49999999999528,-0.022784898414446295,0.0020731760188315027,-9.81705823171558,-0.002003950998432656,-0.0004324450748815753,0.001204686182655537
158.59999999999528,0.006133473046369781,0.0034528603144697184,-9.79276013413311,-0.0014489188742708497,-0.0006347969583191262,-0.0003083106193355477
158.69999999999527,0.005612590474867377,0.01223916936139991,-9.800832242279297,0.001872202494559505,0.0007564803261043834,-0.0002777503575346459
158.79999999999526,-0.012388812116730352,-0.020528754357482488,-9.821696616345724,-0.0008920845199717419,0.000410730159928984,0.0008070121629271457
158.89999999999526,-0.01229531692561525,0.012383322781925471,-9.806070854479014,-0.00048392311070601525,-0.0004321581397460471,0.001690112760659141
158.99999999999525,0.010002596626525626,0.0023536113484209135,-9.811473575151147,0.0011390654307189506,-0.0002969786457621291,0.0002947565121899521
159.09999999999525,-0.004025384147500217,0.005104766498255138,-9.821785850324291,-0.00032890738030699854,0.0006250317828812473,-0.0006280946773345151
159.19999999999524,-0.0027651683542524357,0.0064268560938067045,-9.790879652538171,0.0013805150833191265,0.0009304439238068355,0.0007436768084966691
159.29999999999524,-0.015172855896528144,-0.011332288516931063,-9.802212199593354,0.0015749513625510352,3.738734333181507e-05,0.00026902770086670747
159.39999999999523,-0.01533863230995795,-0.0026308363985764476,-9.789591996661644,0.0002906555369486004,0.00046353555333409165,0.0010685251814361643
159.49999999999523,0.004106216955196061,0.011578930559957432,-9.808021254380147,0.001769316230522981,0.0005056532294315152,0.001532684866250246
159.59999999999522,0.005566698014459183,0.01039620117828954,-9.814673126569357,-4.1080094749133066e-05,-0.0002788977720535959,0.0004885802990599987
159.6999999999952,0.0017367347562525694,0.0057061528236106995,-9.81037470113136,-0.0009162146026039507,0.00019723133789153444,-0.001039566965717765
159.7999999999952,-0.0015402689966028899,-0.008652791033685573,-9.81428658518793,0.0006621150840069621,-0.0008555023039414687,0.000373113096153123
159.8999999999952,0.0015001684269009882,-0.0052255775822924065,-9.817297632969632,-0.002005600052022384,0.000777321106543406,-7.014465690915482e-05
159.9999999999952,0.004225767822873635,-0.01698831667834353,-9.791412755706551,0.0012162075594431179,6.530843235979803e-05,-0.0006279125971340395
160.0999999999952,0.020279411867492162,-0.0022305159388885105,-9.805119762462322,0.001025137586356141,0.0007032822142880822,0.00124129760658026
160.19999999999519,-0.0012386511240414567,-0.006847551645085132,-9.825591290033273,-0.0016981629217226206,0.0007962999008349828,-0.000202267370311311
160.29999999999518,-0.013076280754354177,-0.0036404281608995283,-9.814253053858314,0.0016701820797527741,-0.0003768930249396344,-0.0010155474782963696
160.39999999999517,0.0004941869635118341,-0.012737669796469724,-9.799767438188713,0.0006911609860670726,-0.0001347999956757642,-0.0005030008536515969
160.49999999999517,0.02567024317146742,0.011859239959120551,-9.804397483139061,-0.001004312738436426,-0.0005517743213403477,6.678267362587793e-06
160.59999999999516,0.00888851422064956,-0.010301002451475891,-9.825512756455842,-0.0007167804147977753,-0.0016669131137835545,-0.002038748605605189
160.69999999999516,0.011964217074658856,-0.0015301803406397268,-9.793179737044813,0.0006095058962612726,0.0004871219780238336,-0.0010239085503375334
160.79999999999515,-0.0002948331248091981,-0.002238179700009189,-9.80974466748402,-0.001430223862946989,0.001050813001633479,-0.0003079372030897093
160.89999999999515,-0.0038839510646447046,-0.01881181699450774,-9.804267946852093,-0.0008107470511233904,-0.001700129939278576,0.0008441116779508114
160.99999999999514,0.00013799520810101209,-0.008784163645925809,-9.823435815813374,-0.000637418069616386,0.001023565417785915,-0.0011281465282339475
161.09999999999513,-0.015271508927283855,0.007769179034140455,-9.802735153426102,0.0003130010898039884,0.00020582365504314578,-0.00037704002890495637
161.19999999999513,0.008202948854780468,-0.011452896850495822,-9.828273751495905,0.0008671522631880543,-0.000569292476171954,-0.0017416354463347511
161.29999999999512,0.010003980792829213,0.0014135060164897958,-9.805117608510828,0.0010887583332286612,-0.0006204466369030875,-0.0008743273113481639
161.39999999999512,-0.003330148591454757,0.011141047775231132,-9.82236763783412,-0.0004249065319284243,-0.0009794405068812892,-0.001516575457331861
161.4999999999951,-0.005907079771853553,-0.01277184811157025,-9.79669748073991,0.001076601919349865,0.0009722856861693137,0.0005450218482504525
161.5999999999951,0.008245137011139552,0.0029910542619518694,-9.821095088862466,0.0004496918103875728,3.6453777488576434e-05,-0.001114669088296319
161.6999999999951,-0.012601391051601745,1.6409343348881167e-06,-9.81350994120298,-0.0012820497924418096,-0.0012049999539922543,0.0008552221730811468
161.7999999999951,0.002371169387223628,0.005869262806128065,-9.821820484103363,0.0018269349507968502,0.0018978285245235945,-0.0009517598754786857
161.8999999999951,0.001106012741198147,0.0004185162662707722,-9.806312982324274,0.0008344622438466876,-0.0019405297048420596,0.002564079811428636
161.99999999999508,0.01071980907143163,0.00810161097641694,-9.798012214832523,-0.0029697556179962615,-0.00101772478989011,-0.0005840741422081587
162.09999999999508,0.005826153815557594,-0.007814109188102433,-9.816402976750677,-0.0006997470790842967,3.6894570988335867e-05,-3.783875895111964e-05
162.19999999999507,-0.014692646043843925,0.0019168429846426885,-9.81868183266087,0.0006190184241088836,-0.0008808938123204888,-0.0007052499716965554
162.29999999999507,0.0011940291705217672,-0.0015938731787994433,-9.819079491462842,-0.0010172907461768314,0.0008483462765845563,0.0009372403194480615
162.39999999999506,0.011352490072448733,-0.008750696077762039,-9.813335094289243,0.0010489835064936396,-0.00024225813302389726,0.00010459454989093778
162.49999999999505,-0.01136897037493433,0.009904808142308978,-9.833740311370487,-0.0001345496801986219,0.0007427352369472752,0.001481273122633233
162.59999999999505,-0.008402734855660898,0.004734777190873929,-9.820099049432711,0.0017896334877813415,0.000634589543984006,-0.0015898410002252383
162.69999999999504,0.026454101145386516,-0.0027560809807798525,-9.815915443849025,-0.0005878581465998877,0.00014581312870013194,0.0013289156920859326
162.79999999999504,8.416693170563381e-05,0.018211363178180513,-9.81228336559889,0.002153230339907355,-0.0001731095972718827,0.0012518980483583054
162.89999999999503,-0.01016661650594022,-0.007848064787481188,-9.806306079507076,0.0009276902760711381,0.0007018268982690203,-0.0006138023662869236
162.99999999999503,-0.0008666463001073442,0.004871528976322334,-9.810848797028125,-0.0010319689445050498,-0.0005279435532502981,-0.0013633147853967591
163.09999999999502,0.004055531643211976,0.009672438533474513,-9.795252660269318,-0.0011967727400172534,-0.0019634508916361957,-7.164038849660283e-05
163.19999999999501,0.008261094159320631,-0.01559777026020685,-9.817544538434932,-0.0006059546356561612,-0.00017014945931922385,0.0004982719019612396
163.299999999995,0.01085002042095618,0.009900900434768184,-9.820126751585866,-0.0007728015156312705,-0.0018615175455253914,-0.0013290559095336905
163.399999999995,-0.0023447976821423405,0.00011470501954430679,-9.801379349231192,0.001551567680920167,0.0009555468841007953,0.0014948154598860943
163.499999999995,0.007143735653121343,0.018918081607807176,-9.802619690624496,-0.0013772991237867452,0.000154155906090916,-0.0010977381382152875
163.599999999995,0.010344603020349272,0.009443581480887225,-9.819932015898214,0.001214906539767027,0.00042947246318675915,-0.0002322289497761806
163.699999999995,-0.010850338401651668,-0.0037953273950786038,-9.79293640527105,0.0018163143962488153,-0.0009048412361298333,0.0007263525306077517
163.79999999999498,-0.010410839509964371,0.005262447172373834,-9.802327789453038,8.315634015560883e-05,-0.0006546635647651508,-0.001724583286790125
163.89999999999498,-0.0056892050786796,0.007392090636677406,-9.81397519163767,0.0007317271071796535,-0.0007699435166487841,-0.00021111977006550275
163.99999999999497,-0.01275946547347947,0.005265671337676605,-9.782490623765279,0.0005404674847552081,0.0008735129364493419,0.0010479636748204585
164.09999999999496,0.0006272685873341131,-0.0014922973009010314,-9.810528410009825,0.0008606437418646604,0.0006671070348562125,-0.00022402520488508506
164.19999999999496,-0.004152330528886235,0.0003407036558821035,-9.817521961404301,-0.0002888999812683471,-0.0024488981264006358,9.037620851900626e-05
164.29999999999495,0.00411103343576734,-0.0007779855442490138,-9.81150731031185,-0.0004761128350170743,-0.001846543985855519,-5.638910042091241e-05
164.39999999999495,-0.012850439760163174,0.005578001780348356,-9.801627037994958,-0.0003041243596943418,0.0009475582054817068,0.0019718033010943234
164.49999999999494,-0.011826111312350302,-0.026249301116951212,-9.806192117135982,-0.00044285522447999007,0.0010324689966841492,-0.000745860991467838
164.59999999999494,0.0051776259570443855,-0.00869925286968465,-9.79639947802847,0.002007845476581326,0.0008604135925450012,-0.0007836416397561158
164.69999999999493,0.004295639429546373,-0.006573073266416833,-9.796170548409915,-0.0006219664217757109,0.0005661471319203658,-0.0008404653286204811
164.79999999999492,-0.020418841303890097,-0.005660974309000092,-9.833279026747945,0.00033854823661559315,0.0005306649255957059,-9.219264034418003e-05
164.89999999999492,0.008889537791400485,0.0035846816631823716,-9.816042990661057,-0.0009007637545495904,-0.0003627702765233836,-0.000995177048790518
164.9999999999949,-0.006706854758645257,-0.01770463759963172,-9.811476668041392,-0.0006566922370961777,-0.00039338953950966677,0.001131598440285281
165.0999999999949,0.011791197474518044,-0.017298670579734245,-9.81226696799368,-0.0017981961068342033,-0.00018411722130563422,0.0011639125316593457
165.1999999999949,-0.0019776002514508835,4.898671324162355e-05,-9.809631439811158,-0.0003600804777890243,-0.0010330206396295014,-0.0005330863920501544
165.2999999999949,0.0005283289812814782,0.0037401875354658555,-9.806836748916362,-0.0002355068185871186,0.002344379593831188,-0.0009828705549970649
165.3999999999949,-0.0009732876709500486,-0.009224376907303317,-9.81448049453384,-0.0008451603465411151,0.0010658068639852823,-0.0002613268134247509
165.49999999999488,-0.0007042356933937534,0.0006750600907454465,-9.816226759046781,-0.0005913333505464444,-0.0009978240360908103,-0.0020045126979834527
165.59999999999488,0.01255108142145152,0.008384649217012954,-9.77922809209135,0.0003558638197787935,0.00020573549684165952,-0.00041522526128469833
165.69999999999487,6.528030733068534e-05,-0.004805381451004852,-9.81692873757872,-0.0008636269144409953,0.001495465828433795,0.00011402918313180486
165.79999999999487,-0.013015117965467667,-0.004652541078390591,-9.799886167088257,-0.00041674877642590896,-0.0003652110116510543,0.0024923646082680895
165.89999999999486,-0.00635843592426841,-0.007856005627860397,-9.807118047038104,-0.001358386468757525,-0.003967977944578374,0.0014021789570102584
165.99999999999486,-0.0038410698262582904,-0.006907080819451806,-9.821486747168843,8.280126878666844e-05,-0.00043443062321514076,0.0011652375788758916
166.09999999999485,0.015422487721629066,0.004336330100940556,-9.805999581119478,-0.0013163904447257128,-0.00020446153375679036,0.000550487141730795
166.19999999999484,-0.0023159262913148605,-0.0059858050554398926,-9.808354741729513,0.0006641583803584475,0.0003281677645930474,-1.068537347933218e-05
166.29999999999484,0.01581838627349557,-0.019515859063314232,-9.815739856090469,-0.0007180373011855854,0.00043964478068458593,-0.0004999372268103662
166.39999999999483,0.009014913297308816,0.01309314444088037,-9.81030176230887,-0.0010200809807951671,2.908963792390494e-06,0.0012357777378533556
166.49999999999483,-0.0022085690687665633,-0.007876641216272387,-9.81604049544208,-0.0001912475504328219,0.00259589152231053,0.0008424815391124854
166.59999999999482,0.0023700663520904,-0.005765245951077963,-9.825839090448431,-0.0016826496600234908,0.00010901403499280729,-0.00017040100362215052
166.69999999999482,0.009750704483199917,0.003024929350924315,-9.8185967845074,-0.00047008231717213293,3.409989993267803e-05,-0.0001846701789914398
166.7999999999948,0.01242321129194597,0.0003257780977650503,-9.813330639261281,-0.0013212592195222638,-0.00032084086976298367,0.0006400265780480529
166.8999999999948,0.004233301431909102,0.020212912754397787,-9.808119279503796,0.0005250451450653782,0.0008209453339454383,0.0011095457025493015
166.9999999999948,-0.0010042577013652603,0.0021613474848987254,-9.810462709645469,0.0009245494432094031,0.00010316310844312582,-0.0006246587132186754
167.0999999999948,0.00563058423584665,-0.013300081147782035,-9.802164821812278,0.0009475956008475449,-0.0013567162306159677,0.0004907350585221351
167.1999999999948,-0.012735814863813942,-0.004027575322089138,-9.824587106812144,0.000592273933897028,-2.4196007894692268e-05,-0.000965228092616015
167.29999999999478,0.00456624076736733,0.005528171749382178,-9.821196120910777,0.001664925233146507,0.0025463148754077463,-0.00011085160812528533
167.39999999999478,0.014544663594196735,0.014755459555243768,-9.791603676884858,0.0002759390975146543,-0.00034771769638216135,0.0005387860412574817
167.49999999999477,-0.003952211403364705,-0.014852989957895036,-9.805707565132984,-0.001381497600134764,-0.00074447817527976,0.0017201399465059995
167.59999999999476,0.011070428080138297,0.03153565298627808,-9.82745435998437,-0.001553214776109664,0.0010097709459183431,-0.0009856500484597894
167.69999999999476,0.01251454491938635,0.004545620865542881,-9.797963563534074,-0.0007520111905075477,0.0004295917848093163,0.0006131584884730076
167.79999999999475,-0.004847405156157156,-0.011559941471939008,-9.816755588784767,0.0006373695229065944,0.0019500043934416,0.0008456919465102885
167.89999999999475,0.01209654779317816,0.025214568358863043,-9.789647214757126,0.00013850597335601772,0.0008521638977950951,0.0011127728304533974
167.99999999999474,-0.004966639900640669,-0.00334356852957639,-9.813518366756357,-0.0009267613087321305,0.0012112023396370448,0.00012637936280266988
168.09999999999474,0.003157889932850099,-0.009750036148540139,-9.816233221196605,-0.001160211211750144,-0.0015053202961195832,0.0006562006135486064
168.19999999999473,-0.011200025347817277,0.0064979339280429,-9.808253249717174,-0.001471569133925303,-0.0014780991774080662,0.0007378179074613109
168.29999999999472,0.0011411384985547369,0.0036198896769294255,-9.815417131596528,0.0009529565818834809,-0.0011464850137703898,-0.0006175352379522532
168.39999999999472,0.006869724075900554,-0.0002862349631831796,-9.797597054514894,0.0004266296151405756,-0.0003830399422456895,0.0005493826434611402
168.4999999999947,0.01341905185461608,0.0013390921442780527,-9.814494839438325,-0.00022690120898252134,-0.000751457235415229,0.0007595440510400797
168.5999999999947,-0.024280410662516686,-0.012636681680933012,-9.814681928576793,-0.0007950154245144118,-0.00021906948369708714,-0.00023795217452148273
168.6999999999947,-0.0048431301675876635,-0.004567328382110981,-9.796964956403224,0.00139781605501133,0.00025034838153130986,0.0022701001154336663
168.7999999999947,-0.005451472630794523,0.006721841749722457,-9.829442978738015,-0.0008139386029160624,0.0013717443062980475,-0.0007347401540046492
168.8999999999947,-0.008136688935725903,0.00563588886995426,-9.809213588269728,-0.0011808427275547709,-0.00022631827049443993,0.002257330277552261
168.99999999999469,-0.0007043821717220571,0.002467090549464256,-9.821196538283356,0.00013139468379678394,-0.0018064706239629433,0.0016722889338004424
169.09999999999468,0.004304027191125258,-0.00966990522830144,-9.796119615967447,0.0005230724010192859,0.0015402331448004937,-0.0009533729116925775
169.19999999999467,-0.017769370455893718,0.00879703528087777,-9.810769588226034,-0.001479732490972306,-0.0003767016311808505,-0.0008632926250785238
169.29999999999467,0.004772270501103563,0.012697665918581347,-9.795044981318426,-0.0014179267683134262,0.0011442731039812053,0.00023784874860843905
169.39999999999466,0.013409482774975326,0.009796694461609046,-9.801631754755197,-0.00036269561903237463,-0.00041277991048207206,0.001947870682789444
169.49999999999466,-0.011859696060009731,-0.000670431366615444,-9.817731297110855,-0.0006042373335676962,-0.0026434947246708742,0.0009441751116751673
169.59999999999465,-0.013369124658455316,-0.007419733847661869,-9.815803174682662,0.0007773776744122125,0.0003080093475218702,-0.0017413771014837271
169.69999999999465,-0.009519435167710689,-0.005668484388061299,-9.800354923115252,-0.0014548432061181585,0.00014154853929121053,0.000602344983523702
169.79999999999464,-0.009415187144073437,0.0024594227859045838,-9.801297309677155,-7.728230288176689e-06,-0.00019000608461640226,0.0007402701512879728
169.89999999999463,0.009928501667121219,-0.007138198423611676,-9.786384357084591,-0.0013266802043974204,-0.0011283548426146847,-0.00031212958709464885
169.99999999999463,-0.0034864780333059464,0.009456683708452186,-9.815482704995794,-0.0009262437602384466,-0.0009617371507774961,-0.00034564288691880056
170.09999999999462,-0.005877271765881394,0.011060583322966413,-9.785244461632292,0.0002999742487837068,-0.0001726337890207055,-0.0012829367626771748
170.19999999999462,-0.022333224483212236,0.0031871730415399518,-9.822093737972352,-0.00010108066802774123,-0.0014365835943129502,0.002175018809568237
170.2999999999946,-0.007248057437145822,-0.0009002948270790642,-9.819819170438372,-0.00092842530258097,0.0009269154349680475,1.0278014511709927e-05
170.3999999999946,-0.00412945215813538,-0.0012379362455577725,-9.805387104205524,0.0007959493218303346,-0.0006543862358476923,-0.0002947881509549935
170.4999999999946,-0.000114158610837572,0.0043824615482223024,-9.824724319660188,-0.0011981358574319474,0.00010942407992289137,-0.003307630738043073
170.5999999999946,0.011560602827505616,-0.002685305818847366,-9.808310903745236,-0.001314582116655808,0.0005656365859969326,-0.00018549551533764093
170.6999999999946,0.011192288821871921,0.0041512435217178284,-9.796676873452949,-1.842598473070066e-05,0.001424484021068331,-0.0012462965337982598
170.79999999999458,0.0017548939223739183,0.01870666580380713,-9.824328927800076,0.00016427804357335398,0.0004321798273969122,0.00032812932045111885
170.89999999999458,0.021259727122905768,0.0014807903640932185,-9.812687914047542,0.0003210170138233293,0.0022467215845465636,2.1704948568878597e-05
170.99999999999457,-0.004925212563695807,0.0040962879154960805,-9.785503908235748,-0.0006387743803173123,0.001367085579498144,-0.0018114034820117223
171.09999999999457,-0.006717508833610672,0.001135510715360631,-9.787883222125963,0.002628296853905312,0.0013605038388721784,-0.0008668730368801143
171.19999999999456,0.0027724893390993263,-0.014500191961469885,-9.815930893127724,0.0006272344611751512,-0.0005469543280967175,-0.0001896634552747258
171.29999999999455,0.0010543534219830395,-0.006514146260652014,-9.818708785570749,0.0012977342988496864,0.0007648184111146044,0.00021330337694832653
171.39999999999455,0.0075919041985881746,0.00615766571884903,-9.80807965144008,-0.0015051325756832304,-0.001508463018553219,-0.00026105415316182614
171.49999999999454,-0.002880440819349886,-0.015750628701678943,-9.812964913845162,0.0008113098763232992,0.0008184741492845273,0.00018660196285296026
171.59999999999454,0.004799455957404244,0.004340587388575142,-9.80836742680623,4.672667307288318e-05,-0.0007450362582027368,0.0004804044239346733
171.69999999999453,0.0037897522043467487,-0.011657838489081277,-9.833735487255693,-0.00014591812020423741,0.0002651141225443017,-0.0016593925309921628
171.79999999999453,0.013079485152277316,0.0019498403478971646,-9.818234882943651,-0.0009799525495128084,0.00013026455770931737,0.0002541098090129994
171.89999999999452,-0.026346883441816175,0.0015122670186705825,-9.803142814473652,-0.0013959433188388765,-0.0010529622181269912,-0.00010465711575418443
171.99999999999451,-0.02188211354873919,0.01303393995974047,-9.814391596628504,0.001295331576877426,0.00012930033266158702,0.0004932168211373364
172.0999999999945,-0.008838288524515377,-0.01698990590485687,-9.802641953578972,4.7141836386018225e-05,0.00046625536825409535,-0.0012320038424887439
172.1999999999945,0.008793388222227444,-0.005602613741752175,-9.822433646142285,-0.0009436527928070609,-0.0008551659303286328,4.930760051776112e-05
172.2999999999945,0.0012979519074217227,0.00795915943505969,-9.803457535563405,0.0008675486776560528,0.00256716405655371,0.001725476936588756
172.3999999999945,0.004405560962470515,0.02157738067820032,-9.81396474433561,-0.0003280686226335734,0.0006198466283954617,-0.00010424668230239884
172.4999999999945,0.01937985519437085,-0.006817150643635634,-9.808858676808518,-0.000399699316418039,-0.0014565639586789274,-0.00017715910111019972
172.59999999999448,0.0029043050162805713,-0.011155073251296513,-9.814111079377797,0.0002947650294872587,4.080811887467805e-05,5.0621518949757385e-06
172.69999999999447,-0.014258149549056557,0.0037013226252915112,-9.822932732064848,-0.00037503606916510407,-0.0021091087125221287,0.00135359854260454
172.79999999999447,0.0029405727785128334,-0.0009589343972397565,-9.822235605357452,0.001015804737464259,-0.0005102020972729093,-0.00013846777573171953
172.89999999999446,-0.012061654981235738,0.011662667740820571,-9.819087486514926,-0.0010892914741071481,-0.0010626133464136525,0.0002046389608585156
172.99999999999446,0.005015409554045707,0.015805005621268825,-9.813614010022317,0.0017212863562791184,0.0014218716304792726,-9.010580681370775e-05
173.09999999999445,0.0016113821966403125,0.004823558453974501,-9.820943486934338,0.00023408423813942397,-0.0005428868036759239,0.0007133985465926233
173.19999999999445,0.0070502632561472165,-0.012662366872423999,-9.817914738019244,0.0011690379117704046,-0.0013743082853869344,-2.4695404688980467e-05
173.29999999999444,0.0056530670371819245,0.0023976770385225393,-9.80104848483011,0.001281464009148365,-0.0013795117180406692,0.0011943731636203851
173.39999999999444,-0.008653764521733623,-0.018813281191075337,-9.812475057761281,-0.000773653795682281,-0.0019952354811779375,0.0005256492827468205
173.49999999999443,-0.012328657061656373,0.01992839893492245,-9.800752631244325,0.0016649928559320146,0.0006496511562984278,-0.0020710874772962465
173.59999999999442,0.013738387350242172,0.016060779460970964,-9.810239008043373,0.0011448494720369977,-0.00047258958884615124,-0.0009481056505128043
173.69999999999442,-0.003496678314635195,-0.0042520801142045045,-9.815559133869435,0.001685359307536083,0.0011962641258811343,-0.0004313805254695388
173.7999999999944,-0.01999773975038953,0.017605648128425706,-9.816605618293856,-0.0020417043757687036,-0.0013661419069951014,0.0006332444395571233
173.8999999999944,0.005959512120945255,-0.0039018025167154094,-9.820143381933509,-0.0004577848723180703,-0.0010152867167346664,-0.0010304659439483734
173.9999999999944,-0.0020714485039231498,0.0026089709579425464,-9.815335539701621,-0.0013454154561598848,-0.0009973533412034636,-9.711305289031625e-05
174.0999999999944,-0.0008683258516028965,-0.016186230467030265,-9.80981162239654,-0.0003747084726175598,-0.0006337254504529144,0.0002322237206573385
174.1999999999944,-0.0041773615446325804,0.007962423778064328,-9.812947353316337,-0.0015973357602988062,-0.001969123126531317,0.0005885604491413776
174.29999999999438,0.004774042338493813,-0.0041276068484801046,-9.81432786877927,-0.0014927095579959507,0.0020340846342335643,-0.00013904421130231886
174.39999999999438,0.002394485152847642,0.008596159617431527,-9.803484813761736,-0.00019645840207169231,-0.0010856012849525132,0.0002677959914727266
174.49999999999437,0.0036098672611007687,0.01058186313301463,-9.815524666873863,-0.00033147222035003577,0.0009707603857858589,0.00200416784127131
174.59999999999437,-0.00017196085901254426,0.0015034631538902732,-9.797327650729468,0.001402471341742686,0.0016392390747678608,7.656308015011253e-05
174.69999999999436,0.011334961193187852,0.015053526321015687,-9.821991889914461,9.922907372398192e-05,-0.0009783729844179457,-0.0004072026226086981
174.79999999999436,-0.002070460833345987,0.004805647137524746,-9.815557764884383,-0.001301959144520386,-0.001609825082989233,-0.0006759511602404913
174.89999999999435,0.0035744717597034387,-0.007157887075928262,-9.812972607944493,0.00019109717102298063,-7.009821489335148e-05,0.0020978452871823518
174.99999999999434,-0.009676423531142878,0.01186739201551359,-9.818153736390709,-0.0005207917438680692,0.0012108882533486242,-0.00041800035561371526
175.09999999999434,0.010667019017418445,-0.0007055810242459854,-9.815928760165345,-0.0005518656684905765,-0.0005273366106430226,0.0007084890824505208
175.19999999999433,0.008436879092797105,-0.01168334713714529,-9.805114746717038,0.00022220493411211832,-9.138373184753411e-05,-0.0011277270275606643
175.29999999999433,-0.012693428302166462,9.374391636391114e-05,-9.799035789246155,0.0014097781243537918,0.0008603399148652777,-2.9925097409963385e-05
175.39999999999432,-0.00562096078640999,-0.013906397070970682,-9.815785461222019,0.0017834223974982691,1.5320610330644747e-05,-0.00016762166408119304
175.49999999999432,0.0024105482113110435,-0.0032155624019389695,-9.814939352798193,0.0019915122720009365,0.000645171860558317,0.000989174173182085
175.5999999999943,-0.02229118897845101,0.019996273091897974,-9.80883414052787,0.00015700336474659123,-0.0005901433677241628,0.0015186202017453071
175.6999999999943,-0.010124130035892735,0.0004023816281964467,-9.82021782174821,1.4574298581747461e-05,0.000355345310813164,-0.0010776378422385953
175.7999999999943,-0.016584494733107524,-0.013669856411278908,-9.802937601784066,0.00021978292372531444,0.0013536944057783384,-0.0017418451357237563
175.8999999999943,-0.017841257763118214,0.0015751196265939994,-9.811658496450136,0.00033476525588460116,-0.0007520419995835273,-0.0020738266851126497
175.9999999999943,-0.0021170100590649234,-0.004866513608265729,-9.807459246383539,0.0006815873807565484,0.001241071889921199,-0.0019740623778240723
176.09999999999428,0.005411863572499267,0.0003136898324755384,-9.809370143413096,0.0013964971902825846,0.000696001272783481,0.000812206205213364
176.19999999999428,-0.0036538876803849547,0.02682949087981073,-9.80213399752602,-0.0011588428458581801,0.00017113212529280147,-0.0008452965986095195
176.29999999999427,-0.0016227946026195984,0.002821179940818389,-9.803565445957572,0.0005590135113071662,0.0017060187247243434,-0.002369145022895262
176.39999999999426,-0.005355302687295409,0.01866602763384097,-9.802550394212451,-0.0009649684478519806,-0.00041565919674540797,0.0007144832754731664
176.49999999999426,-0.014223073380624963,0.011610943852033841,-9.808792009058957,7.41411381642278e-05,0.00030186692089851014,0.0006849704969446298
176.59999999999425,0.004094694722815711,-0.006996463035412986,-9.806828869494124,-0.0006238182954408846,-0.0014101668745939353,0.0017197286374504663
176.69999999999425,0.012527307621655173,0.007620391875089785,-9.802425581865988,-0.001075704019293209,0.00012283065107543395,0.00031464793060440754
176.79999999999424,-0.0017324470378013563,-0.005142180644130212,-9.815796195402706,0.0023611676797518776,0.0006401194950854591,0.00023934326292417415
176.89999999999424,0.00517971358449163,0.006582630611741908,-9.800438592263177,-0.000996096363544307,0.0008905846879811861,0.0014807931628711532
176.99999999999423,-0.005075116260423666,-0.019907540800249424,-9.787186480013448,-0.00014850546959547942,-0.0006770060171869325,-0.0005619968842330428
177.09999999999422,0.00145941043859728,0.004644400313524515,-9.803981941892019,-0.0015734167143773568,0.00013488540031694762,-0.0013890682573872834
177.19999999999422,0.012209559831294544,0.0059176860582759,-9.82032989194324,0.0008684739772016153,-0.0004481967352185535,0.0006310081529456308
177.2999999999942,-0.001618392355848602,0.017741367552025974,-9.818412844300115,-0.0014342475048108223,-0.000454586822962861,0.00038634267070297457
177.3999999999942,0.006279850344937719,0.012220778290320998,-9.80820880029786,-0.0010697600864774215,0.00044823926206663924,0.00041915228321414295
177.4999999999942,0.0002878767718036695,0.02111822035808016,-9.809357927538699,-6.112730494823458e-05,0.0003805800522944896,-0.0008400167012861917
177.5999999999942,0.018159273225522042,0.004164532064835216,-9.812485613542599,0.0005403612191114577,0.001315037245104141,-0.0023602959743107784
177.6999999999942,-0.015169846127684865,0.004257387516670135,-9.833735350108883,-0.002160190689944901,-0.001203078513293789,0.0002624255902063767
177.79999999999418,0.007026423306898703,-0.006749664719490003,-9.800449645673861,-0.0001847254886421611,-0.0008855621478997296,-0.00040232603677609914
177.89999999999418,0.0015073100534571074,0.014304652834721977,-9.809902837703978,-0.0008780827463648567,0.00019547498293315824,-0.0009388623433261946
177.99999999999417,0.010305608678664493,-0.009951199784758143,-9.813099400179652,-0.00012487735421650277,0.0004199209135779918,0.0015033812160858636
178.09999999999417,0.011619356340817287,-0.010054152583469924,-9.820416917544595,0.0005694051849821662,-0.0005027436044926925,0.001060857765563609
178.19999999999416,-0.007578944680046848,0.021095359548943954,-9.81654262638092,-0.0017768737204736508,0.0008268415448924677,0.0011189797524979834
178.29999999999416,-0.0021091977356800266,-0.013896932906131943,-9.807386335021025,0.0009287421129901889,-0.00017924341873742916,9.949539810643343e-05
178.39999999999415,0.01126689847295721,0.006055542031566194,-9.797904514609204,0.00038972051244067234,0.00010362322021042393,0.0003102891210758233
178.49999999999415,0.016352129076793755,0.003778187080720619,-9.814281856537484,0.0013240274551635657,0.0005521603742265559,0.00015520534265753692
178.59999999999414,0.001823086947411355,-0.004829743441843599,-9.822981525759017,0.00029698531440913636,-0.00013094817331161745,0.0005471504696987928
178.69999999999413,0.0051787548100157834,-0.01517600339183829,-9.798349044825613,-0.0014899481058450665,0.0006703893282073807,0.001201302745811011
178.79999999999413,-0.012625261888194506,0.004425206574699815,-9.815319290029315,0.0014855969458479456,0.00015889558888870808,0.0009601781096816781
178.89999999999412,0.00615669020384447,0.003483173642284481,-9.821744274217316,0.0005859254536983377,-0.001907718975133943,-0.002184972817192595
178.99999999999412,0.008208109818184949,0.0016491566667375987,-9.81700096207616,0.0015579348836991533,-0.00011050902277491654,0.0008252123236214659
179.0999999999941,0.0037814672509670962,-0.018370714794216,-9.80316460947433,0.0014691710920981035,-0.00128581946348075,0.0008372067909456862
179.1999999999941,-0.0009580848653579365,0.011680676841423928,-9.82174725903777,0.000142336575412163,-7.556537890516851e-05,0.0005107665664990261
179.2999999999941,-0.008431177356436817,0.008707972612647403,-9.825966838046357,0.001198855992290952,-0.0006398807087240623,-0.0012616289474933126
179.3999999999941,-0.0015765309175048354,-0.01594353010413214,-9.806757216268462,0.00038107255994836864,0.0015366231596536772,5.737716159381659e-05
179.4999999999941,-0.010660799621230342,0.003306281995039432,-9.799917016287774,-0.0004326817564039653,-0.0020631128702264896,0.00012609458543341755
179.59999999999408,0.01653784535125225,-0.003895258294692842,-9.824692726427791,0.00018705647199762475,0.0004840857615457473,0.0009905164372464503
179.69999999999408,-0.0018172408844916658,-0.002660531695801876,-9.807999997766926,1.1533431402155584e-05,-0.00129126962315895,0.002124051709665237
179.79999999999407,0.0031629181091932285,0.00579948028415985,-9.807591649644003,0.0006701269327721408,0.000656018137538205,0.0005416262277527987
179.89999999999407,-0.008165359028001345,-0.016792787539103276,-9.807759491625145,-0.00018249769623578175,-0.0004037167629716981,0.00019828046600917938
179.99999999999406,-0.014381964846772108,0.004957982240647272,-9.820680456703384,-0.0002080255490248778,-0.0013474125031323171,0.0009112331160751405
180.09999999999405,0.015303211556206755,-0.0061407201296869995,-9.805443347559251,-0.0006777482523385754,-0.0008878604777189666,0.0006210281692596522
180.19999999999405,-0.003273833546014811,-0.010953830933302561,-9.811917369325142,-0.0010335151075684986,0.0012735728987206486,0.0005470707810638965
180.29999999999404,0.030585598744502267,-0.002012682395631247,-9.820434610936598,0.0014236876046823106,0.00087557260677079,0.0007976782147233682
180.39999999999404,-0.0034073844261440795,0.0030800100183632755,-9.826643245486824,-0.001783814007101899,-0.0015425469531786405,-0.00024570831294611653
180.49999999999403,-0.012239109872089496,0.016992378248705958,-9.817247634825556,-0.0004191932281529631,0.0017023594533459487,-0.0006136190675140705
180.59999999999403,0.02097285293065348,0.010156046932232638,-9.803840207132138,-7.68983548958954e-05,0.0005265107588952736,0.00047444894069316603
180.69999999999402,-0.013605400618275056,-0.004320807159467443,-9.804757293164899,0.0012147205462769738,-0.0018764715816550507,-0.00036923327155250304
180.79999999999401,-0.003212999324809597,-0.01011631715806372,-9.80669554299896,0.0011849464266539991,-0.0002763224140403957,0.0005414692566639705
180.899999999994,0.0028190579107568742,-0.004379293907239672,-9.817278573187108,0.00092290415724343,0.0006563109435001515,0.0009755014285470845
180.999999999994,0.016548336399566183,0.013444834226836512,-9.803428073161289,-0.0025897727832506845,0.000784285812244987,0.0002465744572479201
181.099999999994,0.00897275708287094,0.009012125941593483,-9.817239959156508,0.0001414704946193707,0.0007920321066092422,-0.0001245382976356302
181.199999999994,0.005397105291797715,0.011074939790079997,-9.804568530123154,-0.001480086485872076,0.0002598587389051706,-0.0010507274618136327
181.299999999994,-0.0005428156077647437,-0.0015699982009979908,-9.805081826793742,-0.0006267890505411678,0.0004895782171585562,-0.0008875577399853043
181.39999999999398,-0.003066516774852562,-0.007072625935671904,-9.812649835894044,0.0011044547393738503,-0.0006352134785444297,0.0005022863428449916
181.49999999999397,-0.007593060724441607,6.447970370150632e-05,-9.831289418631918,-7.866379305870111e-05,0.0011693225810764359,-0.0003565638232025478
181.59999999999397,-0.0029604430069333355,-0.0036171752244959117,-9.815397120112312,0.0020455913925951034,-0.000732800866770616,0.0012709710668767956
181.69999999999396,0.013672350003227774,-0.001763069235103497,-9.799192054676665,-5.631374262579668e-06,-0.0011051520325778429,-0.0007477325751290147
181.79999999999396,0.003930759188760948,-0.0039460310116321996,-9.818333278174709,-0.0020107705445158884,-0.0008738267741893045,-0.0009302654115110331
181.89999999999395,-0.009447026588701883,0.004336754260923771,-9.81202008960819,-0.0016826568846261955,-0.00047767281262288923,-0.0005081151378591928
181.99999999999395,-0.006364318331597359,-0.00914580946577463,-9.82851087258692,-0.0003304496026995861,-7.28509536936791e-05,-0.0005967874403797341
182.09999999999394,0.015862039922062598,0.017531353194963024,-9.810761376466106,-0.0012312195747705519,-0.00036002389359612624,0.0003587624845059833
182.19999999999393,-0.006696851547251073,-0.012449705547450238,-9.792590787862785,8.792411226531184e-05,-0.0016301512677404442,-8.383340993448657e-05
182.29999999999393,0.0008888467903863908,-0.0014047863695502705,-9.800822220005015,6.96582394368405e-06,-0.00032544096932921794,-0.00026123839921944944
182.39999999999392,0.006752177357473872,-0.020683036824480167,-9.812969955917414,-0.0017729122342429614,0.000320712726892284,-0.0007053155211625622
182.49999999999392,0.004612749978932966,0.002137511248218764,-9.807612129324397,9.931939918793255e-05,-0.0028010990149936743,0.0011729161075004044
182.5999999999939,0.005271825413193141,0.0013909047509410566,-9.807935337365912,-0.0015007216813825602,0.0005729398244710008,0.0015420225189594723
182.6999999999939,0.0032374175262446275,0.009567063819324895,-9.819622554793101,-0.0009243543555478881,0.00082800618525299,0.000830553258590844
182.7999999999939,-0.015265178783829306,0.009289652065095626,-9.806333687673748,-7.790867974347007e-06,-0.00014387836065121552,7.657432318569763e-05
182.8999999999939,0.006323177219046738,-0.009874155391320116,-9.819337783347194,0.0019078931261702283,-0.0005072008887742691,-0.0006877417422059424
182.9999999999939,-0.001967813660816646,0.004384979517896515,-9.817202564301938,0.0014746770885477234,-0.0004214606152097585,-0.0006421263436172576
183.09999999999388,-0.0027288312798559307,0.0011938264947994872,-9.808053055157911,0.0007046865458821551,-0.001604695443181798,0.0008411735004788327
183.19999999999388,-0.0016950433599387472,-0.013081545277073397,-9.808013309777785,0.0016622480832108838,0.00011409630205946475,-0.00012019704933231581
183.29999999999387,0.012132768189191335,-0.012792800252588213,-9.812978724293448,5.2440734231300195e-05,0.000479192442103779,0.00011929981901745378
183.39999999999387,-0.0018209984647484664,0.013774575014192323,-9.823348985039269,-0.0004655284622190877,-0.00010165281279440067,0.00029996094440746905
183.49999999999386,-0.0007161793382728677,-0.014292018057411999,-9.810237288119447,0.0006308250187562153,0.0004570761254188908,-0.0016423943959594498
183.59999999999386,-0.015360874689875332,-0.006507499641260838,-9.794897366238736,0.0014070056807883142,0.0018095082024146112,-0.0011924409310862044
183.69999999999385,0.0019204413368561486,-0.0003520480097043054,-9.821346723957854,0.0018426596216831975,-0.00016829817941141204,0.00030235535158173153
183.79999999999384,-0.0009501060981943872,0.007082818434402478,-9.811004706157922,-0.003558343431775208,-0.000683098794059166,-0.0005595071567082631
183.89999999999384,0.0007215477367315723,-0.001410802900012899,-9.788595469074139,1.587558097195378e-05,-0.0007314762335747961,-0.002161508468649314
183.99999999999383,0.020387311922021593,0.010876291244521061,-9.809147979161159,-0.0011391842854755745,0.0006502577690984261,-0.0003379998204732184
184.09999999999383,0.009570300381262222,-0.0023871939925349324,-9.81586888342319,0.0011616332511762476,0.002036099734739838,-0.00016085970259893884
184.19999999999382,-0.015522590067495727,0.011136394826457015,-9.813250234787944,0.00021803925607376506,0.0009604836430256267,-0.00011252098341060973
184.29999999999382,0.007027108141738778,-0.014652046304520732,-9.828490760022575,3.3480701079126974e-05,0.001100368415726078,-0.0007111569820229633
184.3999999999938,0.013162467584645112,2.7941228784080824e-05,-9.802116491361012,-0.0002082391383528268,-0.0006499556261523876,7.700232110098055e-05
184.4999999999938,0.0018431153261594352,-0.0017510514396221716,-9.801356072743294,-0.0008421118461929177,0.001402592894974988,0.001221097020087912
184.5999999999938,-0.003535233665421892,-0.002590675583172378,-9.805529817206354,-0.0017795311281787237,-0.00043104960973589353,0.002838943421571093
184.6999999999938,0.0006237909511762742,0.011652613522326057,-9.820722744954042,0.00038403640298000503,0.0008441139241237135,-0.0016504674614911416
184.7999999999938,0.005157968652794095,-0.0016151510755081947,-9.827035974226838,-0.00033345867932438284,-0.00094394161777341,0.0011227354346912554
184.89999999999378,-0.01926371231309498,-0.01199947402834095,-9.80733726808902,0.00040787301996715743,-0.0012097767851822732,-0.0009697351550664968
184.99999999999378,-0.005617130224005129,0.0036689231522025224,-9.804154555705763,0.0015024062111564922,0.001980106661587183,0.0005623705237157848
185.09999999999377,0.0064171220521722,-0.02545026340935956,-9.79690041176438,-0.000979802398871092,-0.0007142714095878671,0.0010176195283802562
185.19999999999376,0.014030071516790544,-0.002061598068244878,-9.820264894481026,-0.0010964452722233304,0.0006125799379602308,0.0003406660782321432
185.29999999999376,-0.005214737456161991,-0.007792767572105582,-9.795022078210172,0.0004389994849303448,0.001138105359832688,-0.0005900082163048342
185.39999999999375,0.008866575664423657,0.01874686910600485,-9.792665050286088,0.0009744612432362568,0.0010247196956638476,-0.0008083070162394514
185.49999999999375,-0.020445658655714568,0.013611218958585811,-9.81081444878576,0.0003767555728157035,-0.0011122907733732452,0.0005943856441533196
185.59999999999374,-0.019951020545800953,-0.006272635974112282,-9.831204713424254,-0.0008002877679893865,0.0004287560205163989,0.0017963059342412536
185.69999999999374,0.006996121267560247,0.0016297856817948334,-9.831401337312398,0.0013998923432565966,-2.3682954059219e-05,0.0008059546849023334
185.79999999999373,0.009837632716227191,0.006349788938282255,-9.806944180838498,0.001750416981572114,0.0011532857313782472,-0.00015208074590731348
185.89999999999372,0.0008257789929263097,-0.01076143430686654,-9.830113053110281,0.000649785463536046,-0.0008779183491119025,-0.000618924468233965
185.99999999999372,-0.005122816624914725,0.005157002241999233,-9.800204046109428,-0.0015287217458792635,-0.0010811475045437553,-0.00028695867098388307
186.0999999999937,0.015132639761950388,0.001853767085437611,-9.826756037865334,-0.0006673117404727559,0.0016010410303404486,-0.0011721134808137777
186.1999999999937,0.006842293420232981,-0.013446385315963757,-9.820005125672488,0.00043470702012054504,-0.00033082082703820925,0.0007478838786989353
186.2999999999937,0.01548544301458326,-0.005986702714113096,-9.807880948109075,0.0007832508379227677,0.0005374663107746731,-0.00038734272468124957
186.3999999999937,-0.005306206653222278,-0.009352232812407763,-9.825511655869457,0.0007787076547027502,0.0005401156917109093,-0.00025723407353100676
186.4999999999937,0.007707776358084159,0.015220962852737425,-9.813853815247208,0.0002429832654917348,0.0010162566005608306,0.00032028729799625196
186.59999999999368,-0.015328813549843688,0.01402824233819581,-9.80655000226022,-0.0002684196908004258,0.0003082970223298195,-0.00020674613067776283
186.69999999999368,0.0035848747985285667,-0.03330460656011565,-9.810040970260872,-0.0009728272561800304,8.91647673927563e-05,0.0009296526502374353
186.79999999999367,0.005645260420660852,0.012782958062331517,-9.820836665080384,0.0008475151374264655,-0.001991084488474941,0.0002936437216380928
186.89999999999367,-0.025499320649534595,-0.01889624609010325,-9.790407187655887,0.0009393219367768446,0.0018042423435076476,0.002141532512830495
186.99999999999366,-0.003028597515368222,0.007607884756529392,-9.808154417861912,0.00021289617806399022,-0.0005575977915759901,0.001027072605432714
187.09999999999366,0.0011813288490012841,0.010065824384773306,-9.798556837627203,0.0010154659631748174,-0.00035524024333551634,0.000845523074307148
187.19999999999365,0.003994128634372615,-0.006277158925645583,-9.796286371014823,-0.0010454930015146135,-0.0006373490014122488,0.001484132949274528
187.29999999999364,-0.008900001069623463,-0.0029260626346176407,-9.819231313954976,0.0019503172180674276,-0.00013928808396869525,-0.0015094720064855814
187.39999999999364,-0.009194028772144118,0.006976828731556925,-9.800423180928492,0.001325510410602276,-0.00021746264520974183,-0.0009430284704441345
187.49999999999363,-0.0007423507325089148,0.0019904158804699367,-9.798247731961297,-0.0024581985009977025,-0.0005474905211932645,-0.0012550285323866604
187.59999999999363,0.014946658888771218,0.004333194145982395,-9.819107598721352,0.0022513754107613263,0.0006909903846151749,0.0011760956966380182
187.69999999999362,-0.00154950870630584,0.004584533054508211,-9.81568735066781,0.0006284235836184858,0.0009361276645371801,0.0005594107497740759
187.79999999999362,0.025172179074150907,0.008841078325018585,-9.805753989296743,-0.0020327688124679943,0.0009097115732378535,-0.0005789085039154333
187.8999999999936,-0.023600014927241238,-0.025749139961446833,-9.814664676390805,-0.0010272255285292218,-0.0006101435853433714,-0.0007510657674460493
187.9999999999936,-0.0010075225380128726,-8.920719763987059e-05,-9.812970573763058,-0.0012440635890736639,-0.0009446060660830784,-0.00015950804979331755
188.0999999999936,-0.004463074775936239,-0.015084987183800394,-9.809758491035831,-0.00019395680559165107,-0.0010883762703267253,0.0011203716305879419
188.1999999999936,-0.012858969982327495,-0.014580239533876455,-9.801629652129867,-0.0019964027016593677,0.0002745271698924709,-0.0008417269033881362
188.2999999999936,-0.013353517553346069,0.00657756118397563,-9.8064515349545,0.0004145037676643588,0.0013289910220241825,-9.164108793288279e-05
188.39999999999358,0.003707763859567674,-0.011117539906884102,-9.817403510021737,-0.000335246925868874,-0.001359794411297379,0.0005752267336429581
188.49999999999358,-0.0010945296725852994,0.011680927563181844,-9.814452770194036,0.0008036012368497341,0.0010144684231484624,0.00017768285058308305
188.59999999999357,0.0012902457595044745,0.0010220460156288352,-9.819240766164288,-0.002228987384237223,0.002630286570571192,0.0007123871955820568
188.69999999999357,-0.015930392663405766,-0.006414434716751278,-9.810954837378903,-0.0002763590386784046,0.0003016999406383846,0.0014083066963608123
188.79999999999356,-0.015977001752410354,0.00029061397966559675,-9.805225675934235,0.0012780849677903009,0.0008300337711821785,-0.0007326329117636378
188.89999999999355,-0.007959604207846001,-0.004336950294859196,-9.787822810957842,-0.0002473422068260669,0.0006128682815439609,-3.6761595097869775e-05
188.99999999999355,0.011115658881536575,0.0034472440397996496,-9.823935628190663,-0.001029292260884047,0.00036278569507105623,-7.50307772617692e-05
189.09999999999354,-0.004931189420750193,0.0037491537979055774,-9.805454250820315,0.0009368059567380238,-7.028559401595914e-05,-0.0001909572808881924
189.19999999999354,0.012213029065271013,-0.015038975730211629,-9.80047337219557,0.0004699554794941949,0.0013343213982663453,0.0003439742629399325
189.29999999999353,-0.0034579561559326495,0.008380903711374158,-9.81876014156485,0.0008603592991004451,0.0005179045063932919,-0.0008317289264711226
189.39999999999353,0.00921005097711963,0.001968933718831358,-9.806853260099544,-9.551624623890997e-05,-0.00021301064424736853,0.0003547112638390377
189.49999999999352,0.021722944169082818,0.007319499225971315,-9.805952311252321,0.0011060858817372346,-0.001277308442069213,-0.0004352976586558904
189.5999999999935,0.002090595866004738,0.005377230959495914,-9.805591717530085,0.00034379051831124534,0.00105916767724884,0.0018300139717222384
189.6999999999935,-0.002885084952802843,-0.002778546630587877,-9.806354677686466,-0.001993491712799578,-0.0031695826618685077,0.0008252957391918404
189.7999999999935,-0.012397398137067441,0.0018553242990858474,-9.808072897369364,-0.0004010774563862657,-0.0009508105193574219,0.00026034550755841824
189.8999999999935,-0.0017608334007042687,-0.012910048059882513,-9.817562184305594,0.0011830103365474485,-0.0010738671756762338,-5.515690881577417e-05
189.9999999999935,0.01754949347107175,-0.006950335903939618,-9.80854836274553,-0.001780626487336488,-0.0005785643949099514,0.001984720429859176
190.09999999999349,-0.007598684722511112,-0.0032615857741884803,-9.80752047140479,0.0013076380906255538,-0.0009074602244929829,0.0003066991439338245
190.19999999999348,0.003997741927658376,-0.0038640052827238576,-9.815616198423468,0.0004191521784146238,-0.00123562268382799,0.00011887917885006984
190.29999999999347,0.010044425790982577,0.003730643696449713,-9.793131247954138,-0.0007305297228061514,0.0006774079657346077,-0.0017216758152157718
190.39999999999347,-0.002250274985897427,0.005852920366616799,-9.810605447477968,-0.0004890472159840628,0.001277530960976802,-0.00032061743425735564
190.49999999999346,-0.013663529093089323,0.011597469731107262,-9.813678014931853,-0.0007350746265615313,0.000578422276265028,0.0005468493363790487
190.59999999999346,-0.014010171211561966,0.003385553606993703,-9.80852407548153,0.0004254396270276377,0.0006421525391464777,0.0002611336040095433
190.69999999999345,0.013518995939012029,-0.010966594902295042,-9.798317271514934,-0.0011949703621252103,0.0007506309868370301,8.556561359556377e-05
190.79999999999345,0.0019620066083254014,0.012241591347996688,-9.8098867893236,0.001254053471089197,9.963909173140806e-06,0.0010558953818090584
190.89999999999344,-0.006818711587127663,0.01032989898037997,-9.7928662085449,-0.00045931962060099895,-0.0007264025567862576,-0.0012196114984868907
190.99999999999343,-0.011985522948760461,-0.013650060838729421,-9.793308690054012,0.0006604509516612382,-0.0008402320863315141,0.00045276940406492025
191.09999999999343,-0.005190553718208828,0.007067850269751581,-9.783100267246825,-0.000644388851243139,-0.001982799501987461,0.001382619589358293
191.19999999999342,-0.0076056642171791035,0.01884126151270987,-9.798127719529912,0.0007097383649720719,-0.001195215686378943,-0.0012591264847377688
191.29999999999342,-0.00530598325461603,-0.00036048648981083905,-9.818172986587781,-0.0011742593537848935,0.0007883058650000348,0.0015192202885058064
191.3999999999934,-0.013966252516450492,-0.014250664911957813,-9.813483782333313,-0.0017734609369830785,0.00016238733537974966,3.054692215739661e-05
191.4999999999934,0.004301199695970991,0.002015386156197089,-9.789605064373436,0.0003214965063499824,-0.0007746004384523341,-0.0006321374208956535
191.5999999999934,0.016453761969357623,-0.0004279842145316033,-9.812837510414374,-0.00042005219651500254,0.00018987328401267253,0.000626144169972053
191.6999999999934,-0.00018366786086082727,0.008556267363935185,-9.798848121448005,-0.00010123587586482731,0.0006118131490865701,0.0005606948305656623
191.7999999999934,-0.0014037323108563556,0.019799651044484775,-9.826496845745353,8.694312240184708e-05,0.0014152655959280148,-0.0002319551611890453
191.89999999999338,0.0044709861630187085,0.001619257556837247,-9.800908717597334,-0.00013571381042762318,0.00046201331002687423,0.0013406086006162972
191.99999999999338,-0.013637291708226496,0.0019827447716203052,-9.82122423408902,-0.0009516464746941928,-0.0005825497164154226,-0.0013951096295572716
192.09999999999337,0.004477431046137773,-0.005887712138331089,-9.80570121729937,-0.0013366169758418395,0.0011921479037436218,-3.0802344011061595e-05
192.19999999999337,0.00802615472836387,-0.00612977155354198,-9.803885646760245,0.0005603949146697932,3.368120383864244e-05,0.0005572796202430776
192.29999999999336,-0.010761994924967773,-0.006301278867553849,-9.827654943767579,0.002202242900479735,-0.0005795358433088632,0.0011687780154240413
192.39999999999336,0.004473334262146476,0.016798615626069765,-9.828038147655196,-5.300593961634704e-05,-0.0001256452317647331,-0.000257673157031513
192.49999999999335,0.016085122994375933,0.016369803836731898,-9.803920988204236,-0.0007895257012736491,0.0012947055870932169,0.0009876364710341497
192.59999999999334,0.011939519334931148,0.005272906487848938,-9.812899947101354,0.0003537834619706937,-0.0014304778768436926,-0.0010113680068650965
192.69999999999334,-0.0009713319710472646,-0.013218019188671777,-9.817531421040478,-0.0006879308517633289,-0.0003503467307414242,-0.0015279008305505504
192.79999999999333,0.01709636298018632,-0.006799657227002831,-9.78714410118177,-0.0009502743832874731,-9.066090225779746e-05,-0.0006323089226023075
192.89999999999333,0.010411600712272498,-0.0011585591020688878,-9.782296156959784,0.0005609201796378608,-0.00033950718396794923,-0.0008009762799324236
192.99999999999332,-0.019410659458600224,0.008022773139186298,-9.801114174906909,-9.039041578233785e-05,-0.0010740199775697004,0.00045797830736444347
193.09999999999332,0.001334527129522397,-0.017424930731596355,-9.809479758886424,-0.0002729090271403303,0.001372694460885864,0.0008592346967484377
193.1999999999933,0.008131626693116725,0.007643893178838655,-9.81189334910737,0.00023856709278677495,-0.0015705358535902001,-0.0015312349660157791
193.2999999999933,-0.013831983236296672,0.01920781126589556,-9.815238741952431,0.0003008177148717099,-0.000982413659802617,0.0005893197703948578
193.3999999999933,0.0010382994238513918,-0.009223062844586854,-9.815941768020286,-0.001259140460669093,-0.00029150001541463554,0.0003249765185426577
193.4999999999933,0.00048352735338990066,-0.008770088762155428,-9.81319120874974,0.0003295438301600792,0.0004369095896676748,0.0008177315398743258
193.5999999999933,0.020555811118727486,-0.012598504696793996,-9.817721998673482,-0.0006339450842450527,-0.0015169386701571772,0.0008005899024413221
193.69999999999328,-0.004451370503433809,-0.001224447178455633,-9.819214257967491,0.0012175756695530463,0.0009658994286121647,0.0004720474605097311
193.79999999999328,0.012924756816004952,-0.018861869416190852,-9.833665018325172,0.0006193107564580371,-0.000513357463177088,-1.6277973396349584e-05
193.89999999999327,0.008570636716569012,-0.009962695550827672,-9.802090687903648,0.0006299631865848757,0.00020339531513047224,-0.0006072229491691587
193.99999999999326,0.0012952486240679598,-0.0003619066000088829,-9.810167913773782,-0.0008810703634050731,-0.0003305359904737318,-0.00027647742520386107
194.09999999999326,-0.012442981415281067,0.012318041063545273,-9.805301958946718,0.0017714171885441319,-0.0012874496408656272,0.0007920010023824317
194.19999999999325,0.0005174995777864507,0.00401109110759464,-9.811184468410621,0.0016606166602274718,0.0003980738637105908,-0.0005925124854040701
194.29999999999325,-0.000856943797489452,0.0075078106979192955,-9.804647110658195,-0.0008738471316723668,0.0010661213753371736,0.0008349739416971117
194.39999999999324,0.004842032649652381,0.00756798000493417,-9.820077432038962,0.0013984556266900016,-0.001014163048493151,0.0008264517385268242
194.49999999999324,-0.008990451261902555,-0.014350748492222063,-9.788516256285748,0.0008936182091630624,-0.0011815319061028334,-0.0002129253022492666
194.59999999999323,0.0011406694897140334,0.0065027566534581515,-9.80831345227263,0.001139662375007272,-0.00029252080108675455,-0.0030486746296607466
194.69999999999322,-0.011795002323303924,-0.0053144834295719345,-9.80190395803458,-0.0008483340872219137,-0.00029414677908366684,-0.0009191193416323136
194.79999999999322,-0.01381214325355045,0.004365006191318168,-9.803680050672948,0.0014510776507625739,-0.00017476616011445381,-0.0010405969719551483
194.8999999999932,-0.008505444557656915,-0.001967128648458746,-9.807658838539743,-0.0011830340310010506,0.00033587613034834224,0.0003146459010234533
194.9999999999932,-0.008455926227294516,-0.0020908691176793302,-9.810345104113026,0.00045545326367308036,-0.0012875609802457878,-0.0011252638503490352
195.0999999999932,-0.014826062191680292,0.00289882735987357,-9.80018431673823,0.0008915034952397377,-0.00018988878410943302,0.00021981119123962764
195.1999999999932,0.010565690875140428,0.0006858530686124768,-9.80429098400645,0.0012715864372720798,0.00016075016819915155,0.0008756622056839039
195.2999999999932,0.004975911616909777,0.001655853404786532,-9.798294629820369,-0.0007880348463357726,-0.0010513644460766083,-0.00039253129005201604
195.39999999999318,0.006248472536352768,0.007029770660618808,-9.81543527023073,-0.0011137832381843983,-2.7413601464569088e-05,0.001071185205897218
195.49999999999318,0.005725836553157285,0.008598807190715398,-9.819539885095768,-0.00022026093006590424,-0.0009323787370550551,-0.0004502476867615773
195.59999999999317,-0.02855760606883963,0.0077665857390197815,-9.804119523087545,-0.0017711596787896467,-0.002404921577156999,-0.00108998449679342
195.69999999999317,-0.013760650314280747,0.00030182247851156803,-9.83579344196993,-5.2283511573118266e-05,-0.0018225947743688382,-0.00048166059456866304
195.79999999999316,-0.006037135955171919,-0.00505243572765439,-9.808981400233748,0.00017607056498521637,-0.0006677787732398689,0.0008942443010447741
195.89999999999316,0.0031930308632454087,-0.011678539251698202,-9.804976210090794,-0.00013285472114069242,-0.0007024803258393774,-0.000626333680951116
195.99999999999315,-0.0016445722252334445,0.01444488901123449,-9.810354789190598,0.0019078813271164847,-0.000401458158541732,-0.0005203020347673542
196.09999999999314,-0.002604415290748944,-0.007847208886138489,-9.810130553471266,-0.0002845442736361203,0.0005032738633654794,-0.002640338231831889
196.19999999999314,-0.004053635291120352,0.024917742401984886,-9.814028553418703,0.0006974196116950845,-0.0008546107181559808,0.0011019331616908242
196.29999999999313,0.003163324946950543,0.008902485008116618,-9.82133873256869,-0.0007366470406948592,0.0002168836129801867,-0.002020849830335951
196.39999999999313,-0.004303625958512575,-0.005331267736099007,-9.820577980717811,0.0014539303468713758,-0.0007114123914964771,-0.0011223578594443295
196.49999999999312,-0.005968506766654941,-0.006217128556195636,-9.81681110061249,0.00047750706072641766,0.0017387150206767158,0.0007438890681792934
196.59999999999312,0.01275395902698054,-0.004837402198336723,-9.820438199056992,0.001169627856933646,-0.0005957217261093827,-0.0009138737843316655
196.6999999999931,0.019517082269944256,0.0048547836838688145,-9.810899705195123,0.0010125240696377687,-9.334826303030755e-05,-0.0007254678733670582
196.7999999999931,-0.005286850453679041,-0.005318975410681134,-9.803612043663207,0.00043863591172899074,0.0032390692885258293,-0.0006860528686767621
196.8999999999931,0.010289105547048902,-0.001903922975239097,-9.807892719746135,-0.0003986567782810447,-0.0004657289645977774,-0.0017464361297642318
196.9999999999931,0.007235787176029005,-0.01442700478575555,-9.829050756742623,0.0013416554425349301,-0.0013821187546051382,-0.0001618457805897642
197.0999999999931,0.006299565855838895,0.002708620902650899,-9.807403217735033,0.001473729591611515,0.0012695792116533798,0.0006217743040232656
197.19999999999308,-0.015170444359806285,-0.0030464482780656566,-9.816453682961635,-0.0004545608130973557,0.002107885097709586,-0.0002802011037781721
197.29999999999308,0.009789833690723846,-0.017798266161785578,-9.797299355339236,0.000925131386694353,0.0001404283268399674,0.0007443029367887332
197.39999999999307,0.0095712923859701,0.0014286436800641032,-9.81750554130068,0.00040398272888048857,-0.002407087523029077,-8.686488258976184e-05
197.49999999999307,0.010130706435657152,0.0013594646460485696,-9.829583783771126,-0.001625690824056609,0.0004434466850688111,-0.0010860124424370559
197.59999999999306,0.008997846331435622,0.015605558106529685,-9.815253654760626,0.0008681902481791943,0.00029542466455710403,0.0008330178803833116
197.69999999999305,-0.010912104794542434,-0.01420464090110117,-9.825706804019072,0.000879903599964654,4.610306307599669e-06,-0.00128839127903206
197.79999999999305,-0.0016844787297767459,-0.004797894844769597,-9.801073449275385,0.0004424241759043564,0.000707333644578089,0.0010187857078123761
197.89999999999304,-0.006868996649963841,-0.00700496352580382,-9.81074023004583,0.0006351532673095412,-0.00018574426461279403,-0.0021924026806637315
197.99999999999304,0.014757610492322094,0.005016273567766796,-9.817617826669055,-0.0017993191110160533,0.0005314512204721173,0.00040106020689430655
198.09999999999303,0.028599693544881406,0.02369918564083858,-9.799896629081337,0.0010243693693020185,0.0015836253816511531,0.00018687329513104428
198.19999999999303,0.015915682152148995,0.010810750208343057,-9.81221935581348,-0.0006773856891017429,-0.0006084184191035082,-0.0006899701212941246
198.29999999999302,-0.009099631182329423,0.024267760043426276,-9.814610157113382,-0.0013877978123274153,0.0008473268986799875,0.0011123249442168157
198.399999999993,-0.01142233261955166,-0.0046711903432830925,-9.803942866117106,-6.504796549944132e-05,0.000851172678674675,0.0014230873889481091
198.499999999993,-0.027267049587943827,-0.00015909163241103493,-9.830333521357863,0.00049697137446766,0.0005512643082274946,3.9380640027957843e-05
198.599999999993,-0.0015107922612932704,-0.004807071635792139,-9.80547031556923,9.68214508926938e-05,-0.0004881432313457644,0.0003857302425104764
198.699999999993,0.0001355172105114686,0.0015103276692972644,-9.803550812102674,0.0018668638265607789,-0.0014932681100455934,0.00040049019934860846
198.799999999993,0.005788028789504204,-0.007332986333681773,-9.797516027739139,0.0004942429081999605,0.000765833544470238,0.0009283074840071278
198.89999999999299,-0.010061793681250233,0.003581153453320783,-9.825009956777835,6.767785265798717e-05,-0.0002035914879952936,0.0004953674836551939
198.99999999999298,0.013524836129099755,0.005659016951644386,-9.82021579897813,0.000692922631633387,0.0021724600727156397,0.0015239963088621601
199.09999999999297,0.010287978581805853,0.007151515349831901,-9.803419471412242,-0.0017879840130601312,0.0021789814271792078,3.452970185580658e-05
199.19999999999297,0.00743041443587503,-0.017469230271899974,-9.796792299850145,0.00036937048524371933,-0.0014241214366327466,0.001210362309719914
199.29999999999296,-0.005944683414922972,-0.0050280195316943135,-9.805305707615084,-0.0015173969302387156,0.0012577067548860603,0.0009662133058202654
199.39999999999296,0.00637016242363947,-0.00859559042027638,-9.796188347915225,-0.00013810382394399467,0.0007160377846983091,-0.0015272869498690518
199.49999999999295,-0.0048149902541561995,0.011058797833280808,-9.81707610039536,-0.0003813844655261682,-0.000473980717978693,0.0010005914542467584
199.59999999999295,-0.004687332494563781,-0.021456464795374046,-9.808952240293655,0.0005029080414814337,0.0013228412194425223,-0.00046373401816236955
199.69999999999294,-0.0037925938562322053,0.02412874796750315,-9.806218943235006,-0.00021075181805371503,0.0007294896276019377,-0.0015759058712405015
199.79999999999293,-0.016219210840359523,0.0021613388560963354,-9.81432350848044,0.0022453289324634593,-0.0003418462844199722,-0.0005455048311114187
199.89999999999293,0.0029116607296782115,-0.0006199273724393463,-9.80323278470781,0.00027814527468972684,-0.00031027770937117137,-0.0005533051384861414
199.99999999999292,-0.010332567919031595,0.01523823140301411,-9.819015938719097,-0.0012276971806111537,-0.0008194353098105479,-0.0006871063221620979
200.09999999999292,-0.019201712201461628,0.013301845707477096,-9.826135502452544,0.0004793329023274494,0.0007735229004942312,-0.0007300573552122515
200.1999999999929,-0.007716967744925775,0.0035686235287409568,-9.821644433189963,0.0017566243576574206,-0.000637435452352916,-0.0007426953993318346
200.2999999999929,0.01406258632339486,-0.011406730172292467,-9.81488852516922,0.00024534091765419,-0.00043525866197389356,0.00047185461190509366
200.3999999999929,-0.0003755691631482625,0.000371387899717754,-9.803907602964953,0.0008853040027704254,-0.0009320461289930919,-0.001732602482600279
200.4999999999929,-0.012820402960837363,0.019960091535733315,-9.811816091306454,-0.001018861355278276,-0.0001798297756131862,-0.000803286751712122
200.5999999999929,-0.00644797033461618,0.01025043672266506,-9.80257337100422,0.0011737170523545574,-0.0030839571635805944,2.1730844313579273e-06
200.69999999999288,-0.0014558734849093482,-0.008049530771367617,-9.810741463939188,0.0005851136674247193,0.0012888929221509119,0.0004381957733567253
200.79999999999288,-0.002717513473597188,-0.004726853891119244,-9.82932873507657,-0.0004420419908038659,0.0007752931637193105,0.00010808758645230921
200.89999999999287,0.002319443448478637,0.007182436776212659,-9.79597318233949,-0.0007954564972141859,-0.0024969678132240078,-8.631885174007399e-05
200.99999999999287,-0.005869763857839653,0.0027967284490226806,-9.805108730001045,0.0002875986100308556,-0.0014895865617528688,-0.002326640727648093
201.09999999999286,-0.009331678309459721,-0.02781516236955523,-9.812040341383028,0.0004830682788995682,9.892922326856524e-07,-0.00019955732410269336
201.19999999999285,-0.00113663011095993,0.01112578370271641,-9.831637496880685,-0.000633105520039698,0.0010306630821894703,-0.0005805187833547778
201.29999999999285,-0.008653357224039327,-0.01990595778989242,-9.816006566918254,-0.0015247499456187304,-0.0006451328484809247,0.0015173298524688498
201.39999999999284,-0.01665934417442359,-0.010777521241961074,-9.815742291398301,2.324893097582096e-05,-0.00026487726031266184,-0.0006513804024510722
201.49999999999284,-0.014381474465865848,-0.006684535135408085,-9.820652286790617,-0.001098394776574278,0.0012240438855466872,0.0011280620533867186
201.59999999999283,0.015167767025474161,0.008934850790108802,-9.830589419504662,0.0002954573914413578,-0.0005276102534504915,0.0001990193817682594
201.69999999999283,-0.006016581449657491,-0.004048371121937796,-9.81117042578144,0.0007065397484384737,0.0006507111648842798,0.0003576482415623553
201.79999999999282,-0.0057618011813576385,0.0239358881207227,-9.815850069344696,0.0002690769450152352,5.0737138018413225e-05,-0.0007666203096402261
201.89999999999281,-0.003925026384412351,-0.014410123255712932,-9.801857948162374,0.00038964871501279434,0.00048360584472255906,0.0019411471364635224
201.9999999999928,0.004229058317453211,-0.017232846264337017,-9.80458841634437,-0.0005679918911398734,0.0004060271011405985,-0.0001867800115363571
202.0999999999928,-0.00834959606626538,0.008308058867546668,-9.804124961500058,0.0008715743307542426,0.001845298212312452,-0.0007843625827837307
202.1999999999928,0.0025437383360682724,-0.006804055042895984,-9.80718905058703,0.0014113119581580964,0.0008731971462650046,-0.0005454951068440563
202.2999999999928,0.003986548726987149,0.0018195845198014401,-9.804982953378694,-2.7283749260579466e-05,0.0015279925822986517,-3.260979947088859e-05
202.3999999999928,0.0029424342726612307,0.011402002265745623,-9.808723385435764,-5.446405662853997e-05,0.0005957980728558283,0.0001690310619503406
202.49999999999278,0.0022448818601238326,0.017882345359195636,-9.818269699811351,0.00010904460824480235,-0.000906678187244823,0.000804286306809518
202.59999999999278,0.0014753023897209059,0.024884850203167507,-9.813904309889951,3.5864518023980476e-05,0.0005074233901328492,-0.0011577973088060878
202.69999999999277,0.004069663157532068,0.003627008177335925,-9.805850928774055,0.0010061004234558388,0.0016811575458954243,0.0012831462426443178
202.79999999999276,0.013123892880111024,0.002941541129952725,-9.817474952387512,-0.0011670511942956192,-0.00040587451491497575,5.864470112468569e-05
202.89999999999276,0.007982419778000885,0.0025857484677269792,-9.82394622196811,0.00259865516381717,0.0005473865431021444,-0.00040456584406526203
202.99999999999275,-0.007673252343320229,0.019597251072132844,-9.811620216094907,0.0014262627291648658,0.0006166037332092283,0.0015478470068416867
203.09999999999275,0.014713322344140257,-0.0013996629785054527,-9.778506516145617,-0.0007433534749256224,-0.00014493135986914577,-0.001068305416285641
203.19999999999274,-0.006776438430072277,-0.010043380896558525,-9.818144570185046,0.00038244130199004345,1.6846778388371697e-05,0.00044998797658078645
203.29999999999274,0.01084236697230019,0.016238072949083568,-9.794628959512734,-4.9570656985277136e-05,0.0005726461847691648,0.0013025851504703948
203.39999999999273,-0.0050028480283979436,0.001516064885772782,-9.809467722523062,0.00019683882415165986,-0.0008266083517154664,0.0009693863708474917
203.49999999999272,0.007512063759720506,0.0008657840273198953,-9.808323823382636,-0.00037371948670388553,-0.0019550748856357225,-0.0021688282355742253
203.59999999999272,0.01270419381146085,-0.012718375609033314,-9.82153566074563,-0.0004883293790754234,-0.00010745115791188826,-2.1553473012455205e-05
203.6999999999927,-0.008029452430393167,-0.012429671968230924,-9.813187903197468,-0.0004632964281671655,0.00020956505744994702,0.00162687240770245
203.7999999999927,-0.004106120533793058,0.005390276589384104,-9.8028112675745,-0.0011305066165227578,0.0014784176962622292,0.003094177274982857
203.8999999999927,0.013772337702908427,0.019127570320029187,-9.792601880805533,-0.0012975305131103414,-0.0013803925949402007,0.0014490644960839453
203.9999999999927,0.016321821904932327,-0.007019139442816577,-9.819067421225473,-0.00045093818224981063,-0.0010698030915941377,-0.00084909741745182
204.0999999999927,-0.00990381346092763,-0.003112348879466147,-9.811919386521113,-0.0024598708805982873,-0.00048080189338788,0.0015071005844026965
204.19999999999268,0.007775145654402643,0.020598729249281588,-9.799857860627885,-0.001204309934954058,-0.0013414345382963186,0.0018493693046374386
204.29999999999268,0.00655352110500237,0.008467057945471455,-9.812983620415524,-0.001070725577447002,0.00036681338985815825,-0.0005546775889624203
204.39999999999267,-0.020111163004148624,0.007615421955460222,-9.812730452542464,-0.00017709369672142233,-0.00012623803189406758,-0.0030183617544098968
204.49999999999267,-0.0054312194368906835,0.002304386415298975,-9.801385719324925,0.0002525213706466031,0.0011843039720446369,0.0015963549337793391
204.59999999999266,-0.003232795215700832,-0.0034750391977564033,-9.815030952531021,-0.0005353647316576241,-0.00034371474065001344,0.00039969644960596786
204.69999999999266,0.000816462707945743,-0.0008026791066155441,-9.81016492616765,-0.00041871544176409786,-9.67415403957809e-05,0.0009630487908738244
204.79999999999265,0.01789549760751289,0.0035893045304216105,-9.817709627592688,0.0008439971913111069,0.0004999184800163714,-0.00032010442642809426
204.89999999999264,-0.014406750393880676,0.014825570895607938,-9.78996581191902,0.0004890202723056329,-0.0021361390089293954,0.0013912137908082209
204.99999999999264,-0.0078108710380922755,-0.007851226473678106,-9.816605390765488,-0.0008149535635736975,0.0002159628389363019,-0.000646601514273805
205.09999999999263,0.0020041103119714195,-0.008797660138236447,-9.839215517602053,-0.0008466813852534132,0.0009265544447294631,0.00035991919458500387
205.19999999999263,0.00010422285241064781,-0.0025111982806873996,-9.802291736196045,-0.00013164571379270298,-0.0010291055716805284,0.0013403145663340617
205.29999999999262,0.017483598459991038,0.02234032257327392,-9.808117966378322,-0.0008008666778436255,-0.00024531805112163363,-0.0016178977828098476
205.39999999999262,-0.00692377708032295,0.02178925142625245,-9.824311444672544,5.6160497217110405e-05,-0.0004026204527817371,0.0004680544171840771
205.4999999999926,0.0025693812041896946,-0.012301995609084992,-9.81309335554938,0.001388867539988501,0.0010718030715886418,-0.0013662404291218734
205.5999999999926,0.023961289280186576,-0.019205926898752036,-9.795374710080187,0.000252242330028559,-0.002216546565310577,-4.2732945522856025e-05
205.6999999999926,-0.004511394985205523,0.006234424128980014,-9.814986904691876,0.0005588621907859594,0.0009644129093368985,0.000723230031260208
205.7999999999926,-0.005096389817725734,0.0025539510251848313,-9.811715968648695,0.00023453795253645815,-0.0009213593000625907,0.00021967142032125936
205.8999999999926,-0.00788970196186234,-0.005627745601532778,-9.79203933693779,-0.00022766996607391976,0.0005520867919373453,0.0013195180131584017
205.99999999999258,0.0007018582106549999,-0.001848609429477139,-9.815335566310157,0.0005635874112607958,-0.0016403817646100884,-0.00191186795592186
206.09999999999258,-0.00581220719998233,0.02211443707028558,-9.811155120539746,0.0015735590562283854,0.00022990642298066413,-0.00039870704605780307
206.19999999999257,-0.008648441676885409,-0.010372125203693431,-9.809003197929181,0.0006474899346609799,0.0006423306201419724,0.0009332974482576484
206.29999999999256,0.011112442486579504,-0.004916543896932343,-9.806489655340046,-0.0016009596274710516,0.0002486327965915119,-0.0012450044966893054
206.39999999999256,-0.008374752895727562,0.013055684245666783,-9.792283919931121,-0.0009870500780611515,4.5916377138878685e-05,-0.0010277859222092723
206.49999999999255,0.011835895887750962,0.004838767458698209,-9.810428578641723,0.00085041980516662,0.0015367428724290988,0.0003199529466034173
206.59999999999255,-0.0040280069545957755,0.018865492109007172,-9.804718115778801,0.0006973738498354581,0.0009541598864720868,-0.0006010729877672848
206.69999999999254,0.010375971098314013,0.019060697450555768,-9.816381890891165,-0.0017339067475085636,0.0008775087146873923,0.0004148390688272847
206.79999999999254,0.0002859834888911659,0.0037318920424602147,-9.815532440961777,-0.0007857529558469034,0.0002304225574258773,-4.5276756786829646e-05
206.89999999999253,-0.0019638338944150315,-0.008195694136858226,-9.805355320155437,-0.0006750951127361224,0.0015969418968934182,-0.0004436837811014626
206.99999999999253,0.005664316009348865,0.008725486707544394,-9.79166258519911,0.0005737352000513167,0.0007392478591671689,-0.0009408688079073693
207.09999999999252,-0.00757400561996913,-0.003938245049812295,-9.805646131279325,0.0005355790225268048,0.0004051070586079455,0.00016425818901064104
207.1999999999925,-0.005675665487667247,0.011796701898511992,-9.817977682454323,-0.0020369100709255595,0.0020822980464260186,0.0005584138751863515
207.2999999999925,0.01820651681380469,0.003125912418016665,-9.798195895875072,0.000760349158526148,0.0003003091583218153,-0.0003963974916405131
207.3999999999925,-0.009416644386490498,0.0025803708907804154,-9.812394630574508,-0.00023879999625525965,0.00029571476325320633,-0.0022828148542821704
207.4999999999925,-0.008782281874804383,0.0005119001975937628,-9.822589971381609,-0.0007142381004704055,0.0008844310521447283,-0.00031927479041300364
207.5999999999925,0.018254167433546013,-0.011931416520116525,-9.810498966368144,0.0015747976889830477,-0.00011016354524754734,-0.00015480028525860354
207.69999999999249,0.00576811508212482,-0.005981763860397439,-9.814902958038148,-0.0005725130164708366,0.0032233154729029,0.00016772178551370678
207.79999999999248,0.0022386495901964153,0.009285842520159546,-9.812169236013819,0.0008751432153017402,0.0004903916420860685,-0.001405460425970769
207.89999999999247,0.007706122568734938,-0.0057463347404068475,-9.81165177102349,-0.00025433324899485065,-0.001648024830353133,-0.00039794773100625846
207.99999999999247,0.009765171245978668,-0.013998440711718175,-9.811478668377893,0.00011862847052534972,-0.00033309123453913577,-0.00047651804316879644
208.09999999999246,-0.00025994413115614705,-0.01322137623132728,-9.804459127513761,0.000227601270827551,0.00017410044847375285,-0.001230108613349241
208.19999999999246,0.010344225869519306,-0.0010586139567156517,-9.817842287816458,0.0005205158038174302,-0.0007643206180114912,-0.00021928756780965197
208.29999999999245,-0.0006823953486169196,-0.013783390916364924,-9.81146109356443,6.356547368711249e-05,0.0005595163702465493,9.471693472401452e-05
208.39999999999245,-0.025532943912334675,-0.021457217971836192,-9.811933357169274,-0.000263908602090309,0.0008599124167989113,0.000238968175017815
208.49999999999244,-0.0024076336606782193,0.015084663661433628,-9.79662226112806,0.0014921234277669904,-0.0003401888661308855,-0.0015999700337564137
208.59999999999243,-0.005190277535533543,-0.0017854414631418318,-9.813675123741175,0.001298416462988647,-0.0006207518757773869,0.0002674691143500063
208.69999999999243,-0.010897849031979153,0.012621613134789855,-9.819519045973138,0.0017775177663097595,-0.000883692424968314,0.00012471785282158732
208.79999999999242,0.010446812593019203,-0.01509781864897942,-9.820436649342799,-0.0007066636644264105,-0.0008205214227595494,0.0022568936212750876
208.89999999999242,-0.00323359684913882,0.01011995335231386,-9.797961960992279,0.00032140270754963806,0.0005261651009000732,0.000659602603006402
208.9999999999924,-0.016685094204802284,0.007617546599101116,-9.810566639006938,0.0013377573532575371,-0.00038259813926240917,-3.803071693747031e-05
209.0999999999924,0.013426428811693755,-0.00705421481778413,-9.80310963459142,-0.0014113947631042934,0.0003890785266321181,0.0015279885465250417
209.1999999999924,-0.008940302200933573,0.016830240045052288,-9.803970815678973,-4.4347762565446614e-05,-0.00044452652955160194,-0.0016272395908456844
209.2999999999924,0.0011086348456039016,-0.0021958233447587146,-9.814649753468833,0.0007742595443871695,0.0001218145724383599,-0.0003823380347150148
209.3999999999924,-0.002390492179446164,0.005632636236345231,-9.810277539037978,0.0015754415391189625,-0.0006277840386024758,-0.002261773915193899
209.49999999999238,-0.012416700340029715,-0.0024768258285181263,-9.820620304823688,-0.002519076684083061,-0.0003931967537871251,0.0012282940634231103
209.59999999999238,0.014124949034522561,0.0014073043946019987,-9.796841799061639,-0.0006850907661035267,-6.138816774900292e-06,-0.00014532039446942126
209.69999999999237,-0.004131773594121918,-0.0014225625548528206,-9.813504317338618,0.0013830364143201258,0.0003805940363372233,-7.806944237745768e-05
209.79999999999237,-0.012664642458489878,0.007403929338060632,-9.817755358825739,-0.0004423365172702497,-0.0011252704964250816,0.0017210530846191682
209.89999999999236,0.01271122080983952,0.012836239846548898,-9.804902425216618,-0.0007813376302926215,6.404043815408704e-05,-0.001562515119494546
209.99999999999235,0.008890031166175545,-0.005752377678779806,-9.804384039374991,0.0005893830779204386,0.0011132405990760097,-3.27056063127803e-05
210.09999999999235,0.01819456398012893,0.001897620932689657,-9.797895508811214,-0.000836803432504003,-0.0012828984262010794,-0.00012544644616348997
210.19999999999234,0.0003487567244580175,0.008427414636227848,-9.823472902209332,-0.0010979922789413725,0.0006107837025615783,-0.0016361117041338736
210.29999999999234,0.011987009806484395,-0.010064931031629108,-9.80357379330635,-0.0018090323500028831,-0.0002923684994198464,-0.0004349741669885533
210.39999999999233,-0.0007066508515015692,0.0035254845531897407,-9.782948618658697,-0.0002639275554533021,0.0002340005659003549,0.00014690698343306893
210.49999999999233,-0.0070971102908741635,0.008457566440249172,-9.800124199032828,0.0009156019024523461,-0.00026837464274022746,0.0005427904653114137
210.59999999999232,0.01594544474526717,-0.0015958410550196925,-9.805632189747802,0.0022907672335517556,0.0009651066593797318,-0.0002555988108200836
210.69999999999231,-0.005365205997185285,0.012754628929264118,-9.814104970596473,-0.0011743184242934996,5.9090421908365644e-05,0.0001075969693613723
210.7999999999923,-0.008936839470323315,-0.008663496488163315,-9.814371159195286,0.001510497960499869,-4.264470816131907e-05,-9.039735026704868e-06
210.8999999999923,0.00029159013438371953,0.0055642631586434056,-9.800333686972756,-0.0003435152945270351,0.0011475998224916384,0.00020468047185550494
210.9999999999923,0.001502122061000497,-0.01447753963852339,-9.806681912550387,-0.0008184584988882174,-0.0005584988795608745,5.264126250378957e-05
211.0999999999923,-0.0033735827207887164,0.015714904964946902,-9.806762602935834,-0.0005790071828590306,-0.00046949606851401983,0.0010191684587491387
211.1999999999923,0.0029191128230014337,0.0001333929788318534,-9.809216638923823,-0.0011404082990897593,-0.0008692533515870912,-7.032890474559764e-05
211.29999999999228,0.0029812495192886417,0.0036967735306708883,-9.802255987803786,0.002258223635100482,-0.0015104815957696085,-0.0007667416872264724
211.39999999999227,0.003520544936180723,-0.0028511355646854155,-9.81134502644297,0.0003011397833841278,-0.002284623185234162,0.00014905858101757125
211.49999999999227,-0.010108920495063463,-0.0019666943733565975,-9.801278424245261,-0.001019311535711595,4.381941397673518e-05,-0.0006396832201201814
211.59999999999226,0.006053055268749311,0.005503936578516007,-9.799365829733448,0.0014034166747188361,0.0008667992323907735,-0.002216001678500608
211.69999999999226,0.006805654642106187,0.018631206288487117,-9.819841929495004,0.000792594581505567,-0.0012935529485000445,0.0011490564729985523
211.79999999999225,-0.005359904568979144,0.0038864274240770287,-9.820107210619772,0.0012237667112728673,-0.00024794914695369164,-0.00022388616978037088
211.89999999999225,0.012780258467205874,0.015199521910406577,-9.817689933372215,-3.1740618327465324e-05,0.0004486045902128355,0.00020028226326202308
211.99999999999224,0.02426358075094556,-0.005475984974859178,-9.795801910350841,0.00021846458441215027,0.00034114521528973873,-0.0007397583728462008
212.09999999999224,-0.006985440240195174,-0.008034948708929849,-9.822120925996913,0.0021209334731182757,0.0007467199966576719,0.00031215338980572325
212.19999999999223,0.00037968860434804463,-0.004249122476020091,-9.795820995347043,0.0020260264303166623,-0.0009361345432433811,-0.0007820733352595478
212.29999999999222,-0.009733692446772912,-0.0075024966392894105,-9.813422888635879,-0.0009727016811296121,-0.0012759894642378575,0.0021478744122278683
212.39999999999222,-0.005199441971980472,-0.00014720945844949303,-9.80705628533294,-0.001059434041060454,0.0012967367483160954,-0.0010083630647307461
212.4999999999922,0.00524959247245766,0.023414565204269024,-9.803936747468057,-0.0001742637484893858,0.0007440978154110439,-0.001954394076498497
212.5999999999922,0.007497655238402229,0.018010036248896934,-9.802338787828552,0.0009683075710917097,0.0005312271047703898,0.0013872731210112582
212.6999999999922,0.011401636300172794,-0.009384198022473186,-9.819131176073011,-0.0008356609048764036,0.0009660640408177973,-9.376000360103022e-05
212.7999999999922,0.0019635806046738044,0.024262938685401855,-9.79463492880374,-0.0012973034341817004,0.0008226336981501233,-0.0014264320995448672
212.8999999999922,0.003903534288756277,-0.01451838904227009,-9.803801114198148,0.00034392739761724805,0.0017610540066415996,0.0014166781503663624
212.99999999999218,-0.009310727900867495,-0.0036771892297824418,-9.787982378687982,0.0006991169478447375,-0.0003010881531873966,-0.0004340970631855637
213.09999999999218,-0.00019686738890932002,0.009325821919763179,-9.811611881640376,0.0004995245860363244,0.0020953767236080367,0.0014581918539998903
213.19999999999217,-0.011360854937266492,-0.006212295119522929,-9.807273339157137,-0.0013149717079456653,0.0008527980000777673,5.567099415206445e-05
213.29999999999217,0.004038646498351965,-0.0070807353820033034,-9.803875950166809,0.0004046883070725945,-0.0013409299820363854,-0.0008969136035458339
213.39999999999216,0.0024528305013769664,0.005359694245701302,-9.800746826586998,0.0003415925444084525,-0.00046379291371193834,0.0013404125714585634
213.49999999999216,-0.002079590838021497,0.0019950109435553968,-9.816170767400536,-0.001152456640845269,0.001848460079642011,-0.0006104893053022921
213.59999999999215,0.0033154530291238334,0.0016311512567894937,-9.810629936989686,0.0013563410208587005,0.00016049686015718467,-0.0002543379445232069
213.69999999999214,-0.018099163758248035,-0.002153930611183959,-9.80878093900399,-0.0004656788640577657,-0.00044827447251195835,0.0001310582989120589
213.79999999999214,0.006725846714593329,0.0005901394087888703,-9.797273905903179,-0.0009986945482730008,0.000667279620404022,0.0007734437347391899
213.89999999999213,-0.0073134998430610075,0.0051316046574260655,-9.815792866860697,-0.00035818358551248527,0.0008073010075153695,0.00019581649144566213
213.99999999999213,0.0017329568391019313,-0.0025390775530143733,-9.80865386762267,0.0004146699395832599,0.0001487538222949178,0.0003200409416230803
214.09999999999212,-0.011642506578977415,-0.0067796989854179025,-9.801914088322892,-0.00039926555777422724,0.0007461611883336996,-0.001314146950317589
214.19999999999212,-0.0024857650637080146,0.015236079639401724,-9.798095064626224,-0.0010048159587612464,2.736930221666946e-05,-0.002212738971962507
214.2999999999921,-0.006272895678085176,-0.007797090840920654,-9.801913633883087,0.0009343939542770961,-0.0007984263333970815,0.000910993233538736
214.3999999999921,0.003598127702093177,0.0014118804448861914,-9.795758718672003,0.0009189503564919917,0.0007757327388697303,5.074116612013524e-05
214.4999999999921,-0.01396051462141643,-0.012904588852799243,-9.802546051652746,0.0008490286694190251,-2.1662706611153728e-05,-7.373067152851433e-05
214.5999999999921,0.0001113452558531182,-0.005863829756607374,-9.824697058165206,0.0009180690916651786,-0.0008642695668684126,-0.0003917255542165389
214.6999999999921,-0.021757850321622026,0.0017299040016082506,-9.823063205450248,-0.00048241066709386844,-0.000744951015816541,0.0016777777322016301
214.79999999999208,-0.0024091063301997736,0.0006256920128044997,-9.796826608270582,0.002875029626722085,0.0008339014597151412,0.0008414165405769197
214.89999999999208,0.005442806741272592,-0.013544911878967048,-9.81000064219008,-9.674756882263959e-05,-0.001192516899284916,0.0013148711326042212
214.99999999999207,-0.013862604510677248,-0.007750411488718601,-9.793373529477641,-0.0008528025940598537,0.0004460247154244309,7.758486353950499e-05
215.09999999999206,0.0004278923738385557,0.01293529111685747,-9.789790389498318,0.00030664995839254657,0.0004034926515295937,-0.00038971620564118845
215.19999999999206,-0.008668349091323439,-0.0030682875993003765,-9.791285090238755,-0.0004809326584393083,-0.001052769640625561,-0.0002455557051472216
215.29999999999205,0.006021117524581389,-0.0025538717205086936,-9.783315163848236,0.0011317619719516745,-0.0009380157412408583,-0.0007205506607067297
215.39999999999205,-0.004133610489864128,-0.005101923270970094,-9.820631224513662,-0.0008882075835354465,2.4821076842377396e-05,-0.00017161342048958126
215.49999999999204,0.0018024821747473654,-0.005523432224990112,-9.804394857950976,-0.00022364029050249407,-0.00020653277658249102,6.58845775927859e-05
215.59999999999204,0.011433596797491818,0.0009854884483612566,-9.80163744877277,0.0009560891135653856,-0.0005097191507319433,0.0005657710964685347
215.69999999999203,-0.000902702396001927,-0.007712429186005323,-9.813087124055118,0.0016615954616216015,-0.0008632788291911155,-0.0005763646282239065
215.79999999999202,-0.020485769897552887,0.006082526433323875,-9.826147364329035,0.001302408830466207,0.0010192983720510157,-0.0005582207052685531
215.89999999999202,-0.0010312884480163482,0.012924606359244577,-9.799260286849043,-0.0008931188052314077,-0.000290623884249458,0.00022675216560173403
215.999999999992,0.0026518018815419094,0.010843472020528811,-9.811929501455415,3.1069956939198337e-05,0.001484874793623376,0.0004722923329879073
216.099999999992,0.007406681252800172,-0.0014825048819881463,-9.800597071021283,-0.0012015312078961404,-0.0009394617534616282,0.00041646450031897306
216.199999999992,0.00487589817900571,-0.008497485064789862,-9.808603959479202,0.000833922390969235,0.0005090983166071306,0.0009104951608150454
216.299999999992,-0.013316451284642435,-0.00243075929201857,-9.811792771043033,0.0002421995413483676,-0.0007889013617187961,0.0016954650137452436
216.399999999992,-0.012577233929708621,0.008615560619363959,-9.809581155414095,-0.0004888663251732408,-0.0005658312667508568,0.0007764779911462985
216.49999999999199,-0.009771034716072784,0.002332648882122259,-9.802296934388634,0.0005384256082641355,-0.0005285346744983024,0.0005490228752928106
216.59999999999198,0.0019030320733924775,-0.011111385323398533,-9.806222504656619,1.012577757261395e-05,-0.0010927140532621036,0.0008328294144687291
216.69999999999197,0.011035518158640394,0.02080767937633922,-9.818082766027208,0.0005225637533220707,-0.0007025562193226085,-0.0015718802986879898
216.79999999999197,-0.0005922923401032798,0.013160248032970182,-9.80496583360694,-0.0006411558498177854,-0.0007837817820257508,0.0012380306814622378
216.89999999999196,0.00796159306061805,-0.00587028428987661,-9.807794159706418,0.0007236100954497533,0.001150667923908579,0.0018317460276073472
216.99999999999196,-0.001697429496393509,0.0015368923728943992,-9.811289350794244,-0.00044075511241720226,0.0012340420333712258,0.0012304343579780871
217.09999999999195,-0.0005192611317739328,-0.008520351993348751,-9.800842084973869,0.00029912511800216394,9.528662282420455e-05,0.0008101205583945915
217.19999999999195,-0.018255093313687295,0.0033621159308713663,-9.825737358491972,-0.00031216722599259814,0.0004822922853882543,-0.0007694740463481843
217.29999999999194,-0.004381209918235993,-0.017251092116181112,-9.801070439908326,0.0010530556914118273,7.028865180182436e-05,0.0017201357677330002
217.39999999999193,0.002236242651430098,0.02103560854457592,-9.831413788185031,-0.0019931331099347803,-0.0005351470945661572,0.00025520160121690844
217.49999999999193,-0.010836680063780236,-0.012161739344881588,-9.826356133833428,-0.0002338165149102482,-0.0009246231860841282,0.0016530758725751581
217.59999999999192,0.006819814130319865,-0.008165901966963521,-9.827072371909466,0.00056423644580912,0.0007544775925445994,0.0002090380560036376
217.69999999999192,-0.01580629968948594,-0.020084096509148643,-9.789917436626018,-0.0006195147182682619,-0.0024446059357667756,0.00023201028070077943
217.7999999999919,0.0017579414823390782,0.00022215645354631364,-9.80212765772534,-0.0006673642325348495,0.0008788787272919345,-0.0006163442067983821
217.8999999999919,-0.013924674287451318,0.0048834060036612465,-9.813953526286816,-0.0007194023437912435,-0.0012156093317897884,0.00044604217545849486
217.9999999999919,-0.0016760399506005606,0.001972582165067473,-9.808624819111673,0.0004673902445809577,-0.00038360860623466687,0.0015354754572402068
218.0999999999919,0.0006354294597793905,0.002215973786261449,-9.806374387989361,0.0013342719069172088,-0.00041705969503216117,-0.0006229040952660058
218.1999999999919,0.0014435706039391469,-0.009133372253662923,-9.813170308056275,-0.0010535467608255651,-0.00016851042157460723,-0.0011013241067862837
218.29999999999188,0.007194285070888412,-0.018634682223748415,-9.824303623035911,0.002295071926064596,-0.002584924619705317,-0.00043910317513264194
218.39999999999188,-0.0005484757756336122,0.019318807198155145,-9.828354189962027,-0.0014633008811192978,-0.0005208903586359791,0.0014519144443716943
218.49999999999187,-0.010781462969100795,0.004102999280771153,-9.809894489420119,-0.0011213336762411373,-0.00012416430778999394,-0.0011633981504977932
218.59999999999187,0.007273252326488418,0.010312626576757074,-9.827366354009605,-0.0003587095652045409,-0.0026446117291101345,0.0008363647107283981
218.69999999999186,0.0014857455553964854,-0.013368511484846402,-9.804693082349104,9.592555087998594e-06,-0.000319116684871481,-0.0011449982808242425
218.79999999999185,0.010841444517944497,-0.014006277871664186,-9.811796715534081,0.002291834619403677,0.0008305644784360616,0.0008104730451410962
218.89999999999185,-0.006983398084557929,-0.00968435254335919,-9.813323440698046,0.00018966659212388905,-0.0009558317013489539,0.0006661350536198528
218.99999999999184,0.0044699667878568385,0.0018747076251577335,-9.821553909178583,0.0011739804974598804,-0.0006050441965933669,0.001171958663564052
219.09999999999184,-0.008387186837660635,0.001617712263699827,-9.81052959265607,-0.00026127373846488724,-0.00017258568713557349,0.00029641698879165633
219.19999999999183,-0.001416490721895248,-0.0025360468398176305,-9.798354097831966,-0.0002154145622331679,-6.544783389706952e-05,-0.0005347304402170488
219.29999999999183,-0.004160123305834132,-0.003594069038773728,-9.80351665872483,0.00038348466877984093,-0.0008399661247906598,-0.0003590850338085952
219.39999999999182,-0.0010444853432026106,-0.0033789639469267232,-9.823004923772144,-0.0008731171932817945,-0.0020296879451958127,0.0009321186265607465
219.49999999999181,-0.008081993241696075,0.002897297906591733,-9.802068433883214,-0.0006829753044740897,-0.0010360483074305104,0.0008378892547378573
219.5999999999918,0.009666010126466848,-0.004081964827025318,-9.81266190786088,-0.00043654842571328405,0.0010851434864378269,-0.00021442296831008793
219.6999999999918,0.006900903279522994,-0.010381621002995346,-9.798363376707037,0.0016989115921981976,-0.00010036907460236687,0.0013949101318953595
219.7999999999918,0.0008355066660302704,-0.027144968422850812,-9.81382631182763,-0.00020005496294093719,-0.0005159609146195869,-0.001319708493704561
219.8999999999918,0.00939539931530514,0.010554236043660847,-9.805103244370615,0.0014774565293697343,0.00016985196047538743,-0.00011396059746531019
219.9999999999918,-0.011924730015545676,-0.0013728847831617893,-9.801608954715281,0.0003961618825103431,0.001272593654990191,-0.00013940772816504145
220.09999999999178,0.003395534987584056,0.0068418711017439295,-9.826328122493651,0.0003089925440675332,-0.0011692639833501463,-0.0007929993551000236
220.19999999999177,-0.011185291395727985,0.009890265363431142,-9.795211086474266,0.0005448868941046723,0.0015345875114454403,8.834925960956086e-05
220.29999999999177,0.012191247287965605,-0.00027748809397473354,-9.803455010976371,-8.003506500972899e-05,0.0008416557194817748,0.0010923037613710497
220.39999999999176,0.009781720878909791,0.003214939770979102,-9.800901722039862,0.000427756671835954,-0.00035257032672597377,0.0006133922638117167
220.49999999999176,-0.0021745834644180556,0.004521150495544023,-9.81682321115164,-0.0003982015454891798,0.0008950590392193225,0.00022652238676910814
220.59999999999175,-0.019531915520259135,-0.020651091021164202,-9.800800780128933,0.0009178934169081253,0.0008085336109190794,-0.00027590305465724886
220.69999999999175,0.014312258130103426,0.013254348238562037,-9.801745347410654,-0.0004758247166111144,-0.0003382594954105253,0.0013839510651371184
220.79999999999174,0.0050636835200170175,-0.0010629964243158857,-9.825243220061637,0.0008565368727096596,0.00035453964023756903,0.0025527980589293777
220.89999999999173,0.005173556151116797,0.017280671021711155,-9.818217137398433,0.001135369477117848,0.0012060382295407046,-0.001761586712754977
220.99999999999173,-0.0017965960016706054,-0.0012768584232412345,-9.798007411889643,-0.0008074623940934723,-0.0002715626361834746,-0.0014813248055466418
221.09999999999172,-0.0024334424207678226,-0.0037801490006888375,-9.787220941883769,6.25952463632818e-05,0.0010226033886189315,-0.0014451915364283696
221.19999999999172,0.004331108596811466,-0.010752808660785523,-9.811010008784649,0.0010622253606977598,-0.0006414968513508266,-0.0010661702825454217
221.2999999999917,-0.0014299911217156213,0.002108983914837719,-9.791474727060919,-0.0006456178697839315,0.0014806584272120363,-0.00012656909790841197
221.3999999999917,0.013193122918322017,-0.013364880280964487,-9.786701038409289,0.0011993446374418365,0.0009714853739411668,0.0009238972035284127
221.4999999999917,-0.014611886532267273,0.0018534475635597892,-9.82207116526183,0.0003092723123196087,0.00026142115378647776,-0.0008618318958830414
221.5999999999917,0.001854123534347055,0.014058923688031242,-9.817592028835042,-0.0005938743746020785,-0.0013172437398940122,-0.001502770754616182
221.6999999999917,0.005453269990520437,0.014976375068777744,-9.819063113785862,0.001012052294236211,-0.00040371673919514567,-8.92709384270203e-05
221.79999999999168,-0.011397484305290789,0.0023452327811810916,-9.80305054919627,0.0005670132035408633,-0.0015467764061656037,0.0006043045506556756
221.89999999999168,-0.005439560388680757,-0.005657479108599591,-9.804528223060007,-0.0004081980021233863,0.0006575667759133937,-0.0007711147513282672
221.99999999999167,0.025149536470963355,-0.005438210864806018,-9.82558930017175,0.001979789038575105,-0.0009180377298885871,-0.000857475225320784
222.09999999999167,-0.016948402897141557,-0.007386608399740141,-9.814702632696344,0.0018019879644831545,-0.00041069050456367915,2.051515580955481e-06
222.19999999999166,0.0034211795604594444,-0.0028305971755347966,-9.8043149471983,-0.0001264511243786017,-0.000660812665938996,-0.00039327736721529055
222.29999999999166,-0.004629750014625434,0.004464126464895635,-9.800193002529063,0.00047764361361172017,0.00015025032015648706,0.0003633880425566857
222.39999999999165,-0.013290199916431919,-0.00710911430317968,-9.793803284683557,-0.0008026325637876099,-0.002086643481481867,-0.0017386843250547666
222.49999999999164,0.009408269212112241,0.013388903964716519,-9.80098662010279,-0.0004532138188539695,-0.0022081312144130705,0.0008558416646646624
222.59999999999164,-0.004337256765238519,-0.004989495572150471,-9.811965969218198,-0.0016196676342104665,-0.0012534779533750814,-0.0013668112352644038
222.69999999999163,-0.008575096983917025,-0.011094007476033849,-9.815260425825983,-0.0008892955862173586,-0.0010967772794888311,0.00033556740745878437
222.79999999999163,0.008383507883348797,0.008234946656626213,-9.806645102878546,0.00041866778163273294,0.00022383175688387317,0.0009786617497864907
222.89999999999162,0.0040773425971858835,0.0016381519662116708,-9.802060686904339,-0.00023805509671893894,0.0001755930451529121,-0.00012078705540763666
222.99999999999162,-0.008240365951065677,0.009162858165944632,-9.807481688963692,0.00038434617499372425,0.00012894831145200678,0.0022600999626873463
223.0999999999916,-0.0005576562036448898,-0.0037962608136332277,-9.796643766675734,5.853380776885767e-05,0.0003917059855683285,-0.0004155702057482786
223.1999999999916,0.0013773628217411595,0.016526505210837792,-9.836289775397205,0.0008379248608209797,-0.00033849042612076866,0.00010993531986288288
223.2999999999916,-0.006988943458891449,-0.01241995318635959,-9.810514333264909,-0.0007717693739902114,-6.406960270792884e-05,0.0009769399443936694
223.3999999999916,-0.022115314165530812,-0.0072541191644664525,-9.821640179790029,-0.0018808033587532655,0.00015450589324160166,0.000627784667870255
223.4999999999916,0.006094500331011436,-0.01860505028255953,-9.816497513604494,0.0007705286072500102,0.0005013850908420084,-4.0195792971512195e-05
223.59999999999158,0.005344465101228828,-0.01328367321534516,-9.812608269865597,0.0008623094272225553,-0.0003504527905789203,-0.00010220523090312128
223.69999999999158,0.008931171393938928,0.003342071806224977,-9.80742818422478,0.0006643719442655972,9.216242717251915e-05,-2.2186126417278444
223.79999999999157,-0.00039624702379629015,0.0037639560257980314,-9.806908106368335,-0.00030137178093786124,0.0009940369177621428,-5.950716196637832e-05
223.89999999999156,-0.008536375525805608,0.011225286708641315,-9.816264006580589,-0.0014531848428677933,-0.0014035051676267668,0.0006785057595999694
223.99999999999156,0.009464044076638468,-0.0036318444113977387,-9.832831318777231,0.0004561511593788343,0.0008860958352032821,0.0010138471487009808
224.09999999999155,0.0010754810534444154,0.01495099178881069,-9.812423692017578,0.00019143271108456868,0.0004530816737944509,0.0010724269204012457
224.19999999999155,-0.015172065474758627,0.005982537510235641,-9.804704240343348,0.001686253708159286,-0.0012852061680720711,-0.001196520036281075
224.29999999999154,-0.008840414599720797,0.012632674998914207,-9.788477903631676,-0.0014303060095865907,0.0008387006957688328,-0.0007878564560209777
224.39999999999154,-0.012594029542946122,0.0072901693690107915,-9.821904149363203,0.0003421532381966842,-0.00033269549231340135,0.0009018175716130701
224.49999999999153,0.010008585634034962,-0.008164853155928572,-9.793833542733937,0.0013390355922835704,-0.0002984699328506961,0.00040385343455736283
224.59999999999152,0.004498895262073858,0.0028571143735887047,-9.821006283036139,0.00036883164250346815,1.0825044443839973e-05,-0.00011172261330935527
224.69999999999152,0.01908654120521537,-0.007776422798473776,-9.803120547498482,-0.00018274363807741612,-0.0010903762896274933,-0.000699228980413006
224.7999999999915,0.020650065035784825,0.010649878560280188,-9.820467856277324,-0.0008068795708353713,-0.00042577736600062956,0.0010011556472899346
224.8999999999915,-0.008869159939315004,0.0023906274445658145,-9.810642036672307,-0.0007944154126862924,-0.00035447235773563803,-0.0005297370676047959
224.9999999999915,-0.012107853758630294,-0.010425561174628457,-9.8013950281295,-0.0002945568342816823,-0.0014432707670684664,0.0005701903969463203
225.0999999999915,-0.008601436751447446,0.0014728166391474611,-9.802702252358793,-0.0018055864835705491,-0.0011404332882567244,-0.0010739401609497238
225.1999999999915,-0.0033236090050955346,-0.007223270805621911,-9.813631163688529,0.0002795196863318357,-0.0005573628390731179,-0.0015343155904624264
225.29999999999148,-0.009582591856459183,0.010285523196195745,-9.80267677120996,0.00021610966350760894,0.0007593107282440053,0.0027800542477088084
225.39999999999148,-0.004082244053273177,-0.005442081374781159,-9.797189739334845,-0.00019927030935703774,-0.000914653261450717,-3.0733790308726616e-05
225.49999999999147,-0.004811452875905668,0.008073407741054564,-9.798035545918829,-0.0007091097208894167,-0.0002504215292565803,0.0013481967671822666
225.59999999999147,0.004031916556807377,-0.008897755797771701,-9.805493020506708,0.0002394016958754051,-0.0005935192652001795,-0.0007981027856069985
225.69999999999146,0.0051644215212683555,-0.00757894225956507,-9.815597550152273,0.0004420284274119349,0.0006075668267784215,0.0006967332206982059
225.79999999999146,-0.02028793574643795,-0.006092343287767314,-9.816276470781043,7.608942603906004e-05,0.0002430857661357849,0.0016710155377165695
225.89999999999145,-0.0068241471426797075,0.01778028098770315,-9.805703769029378,-0.0009182511322652009,-0.0019827489752864327,-0.001886643265025978
225.99999999999145,-0.0009237739588102428,-0.011521184667773202,-9.810044221978528,-0.0003544913110954776,-0.0007824731834841297,-0.0008278228309545473
226.09999999999144,0.00014062484655817745,-0.011339766837035966,-9.805781873980875,0.000343653392246369,0.0016931891855189553,-0.0021717835210394525
226.19999999999143,-0.017554147267779253,0.00043704813865601033,-9.82354472758002,-0.00048421425398486445,-0.0022675811809975827,0.00013094288351804968
226.29999999999143,0.0020905235124899983,0.01654364336815428,-9.819353856220172,-0.0003351965033766367,0.001136879815560793,-0.0006590840452162538
226.39999999999142,0.013606584047849707,-0.0034268492733848426,-9.821844872291804,-0.0009656776363148677,0.0015498184827280929,3.683885162790905e-05
226.49999999999142,-0.005739836073808196,0.015444361947165964,-9.821264333649491,0.0007199941179279549,0.00024626580933406137,6.738512716595856e-05
226.5999999999914,0.0063803977805474785,-0.0077967445199464925,-9.804879970485148,-0.0003679041160242553,0.0004085951704091869,-0.00011900750933648737
226.6999999999914,0.003568139563226392,0.007519443244324345,-9.811505365318737,-0.00041886122302331566,-0.000487256371531247,-0.00021757199369009772
226.7999999999914,-0.0007998939625571534,-0.006238835713008456,-9.82586394577132,-5.344818275206377e-05,0.0011011175850391328,-0.00030363499148886594
226.8999999999914,0.002764754447279761,0.009968100563438565,-9.84005578272404,0.0012338258180328654,0.0015165784025107734,-0.0005362890409258976
226.9999999999914,-0.012771588702364181,-0.009950174506944591,-9.812052449314388,-0.001035470004034816,0.0002122865451922634,-0.00041862346327985097
227.09999999999138,0.008711204095835381,0.003983966867555111,-9.809162687270005,-0.0014301053578328082,0.0001966459896875688,-0.0008841537484801729
227.19999999999138,0.007231487802201901,-0.006227199402499666,-9.809919431231965,0.0011892666767635263,0.0015107083650129523,-0.0016367117827180155
227.29999999999137,-0.014667294812004236,0.0014695153760303117,-9.819044880457497,0.0009329346920935797,0.0015331806495877502,-0.0011214197393944467
227.39999999999137,0.009148092000353441,0.005496512387300958,-9.817986907471516,-0.00148061801340725,-0.0006471223919234212,-0.0023276318724533645
227.49999999999136,0.001479437666033439,-0.002489839912366675,-9.816939504080587,0.000741092929461632,-0.0003476432646119632,-0.0012912609152851847
227.59999999999135,0.004614811122679196,0.014092689279255551,-9.80582831180833,0.0006770468108095998,0.0005254363422123001,0.000790795373253557
227.69999999999135,0.0006689816079532548,-0.0012313014843699068,-9.80777131280895,0.0009841971749326847,-2.3617662790019805e-06,0.0005419709984839559
227.79999999999134,-0.01867884703837082,-0.01044061697489651,-9.799189296874824,-0.0015009200218625608,0.0003805202005848101,-0.00034245416972418193
227.89999999999134,-0.0052794643701470365,-0.007079278827711682,-9.817719822670002,-0.0011267963936164827,0.0001267150023472077,-0.000376620844008977
227.99999999999133,0.012591617101826151,-0.013230847396479277,-9.798254422498488,-0.00048360998157866316,-0.001737600142657813,-0.002472333798259868
228.09999999999133,-0.011965093320623985,0.0051142224694570625,-9.809590555119236,0.0005393141995411683,0.0009659923219341553,-0.0012013421398131333
228.19999999999132,0.007439798514434055,0.011034323432253666,-9.81429181527415,0.0020748959813263364,0.001302709683348585,-0.0017531078205050136
228.29999999999131,0.004570401842437989,0.0019974583341958218,-9.804509642354182,0.0007384615155269298,-0.00047355709017409453,0.00048328997215474524
228.3999999999913,0.005702950977283422,-0.0031459211866278324,-9.813738121021862,-0.0019588852606514037,0.000134059348838511,0.0009239263847607538
228.4999999999913,0.004212580966750545,-0.002310008995245687,-9.809698746667621,-0.0012425067801832975,-0.0005617711806944037,0.0012930818181401524
228.5999999999913,-0.002021909285927098,0.012617536515579604,-9.80209822583579,-5.4555743424800204e-05,-0.0015394340053536929,-0.0016318946814624829
228.6999999999913,-0.0031794377286901055,0.009090019344164065,-9.8066695408539,0.0002618983286435728,0.00028853957002219577,0.0012149979208642707
228.7999999999913,-0.004599017711719916,0.007108441883759127,-9.831641899993816,0.0003786455034131516,-0.0013969124287502126,-0.00025498530460680576
228.89999999999128,-0.015057629983978079,0.002730021142653375,-9.804254889991185,0.001162921528187726,-0.001277145266079884,0.00018396815987666576
228.99999999999127,-0.0019458543065764041,0.011416530851172014,-9.819542686056147,0.0004902855761125511,8.19997227126483e-05,0.0010444249212293929
229.09999999999127,-0.006655013358376627,-0.006085052607499971,-9.79927751352918,0.0012991510172924562,-0.00038414589347547407,0.00028841117569196426
229.19999999999126,-0.01726781058591595,-0.00767185003704976,-9.803087036052654,0.002002383468786135,-0.0011513485674731578,-0.0006584880716385475
229.29999999999126,-0.007924638489404237,0.0044447006907995775,-9.820484992074453,-0.00092938187035211,-0.0008571592236318954,0.0008442679856586271
229.39999999999125,-0.001614974318739312,0.006460328215512079,-9.803720977511032,-0.00029320148645411,-6.13552755386873e-05,0.0007827952205146229
229.49999999999125,0.015829511985709383,0.0036364391351837,-9.806559508696923,-0.0004069455555773085,0.0012870643566706584,0.0006060836017377798
229.59999999999124,-0.005241465501233334,-0.010351978092350169,-9.80403213890173,-0.00039280476965516075,-0.0014900190744074808,0.0007500441057672718
229.69999999999123,-0.004609613482227928,-0.017418786414483287,-9.817557077833778,0.00017389117441371618,-0.0005670644243668577,0.00045644354019544155
229.79999999999123,-0.004606520338317268,0.011459573997975854,-9.812060319719778,0.0015692460107489996,-0.0008997285426893778,-0.0019596526321984066
229.89999999999122,0.0021446193573894956,-0.005695206625642292,-9.81774013635817,-0.000709628697152783,-0.0020849129844341782,-0.0002573547473296952
229.99999999999122,-0.0002362848847649628,-0.004854658163504255,-9.817252675206724,-0.001699864725372415,-0.0008631455566451636,0.000323971827458377
230.0999999999912,-0.0035982189216297116,0.006824911929673263,-9.818406256507899,-0.0011286928589034568,-0.00036516526312401637,-0.0005282860851553848
230.1999999999912,0.008309940759840708,0.009580767763899113,-9.808903061555208,0.0005615184066689925,-0.001404959418729217,0.001159747899814755
230.2999999999912,-0.007322517152446998,0.006726729057869025,-9.807191476522524,0.002189148693305914,0.0022908306775805873,-0.000897919844525783
230.3999999999912,-0.004421700471228644,-0.003860764389093208,-9.81729244658426,0.0002738675822848224,0.0010472459047828578,0.0017583008858820428
230.4999999999912,-0.006463278362368846,-0.0007816851704320443,-9.80908964732738,0.00043020898045494207,-0.0024419555605259503,-0.0019235578974188547
230.59999999999118,-0.006889462757944001,-0.010831089017230825,-9.802207527830022,0.00024390425039521783,-0.00121640762367607,0.00010165051935592024
230.69999999999118,-0.016433511460252216,0.006489699394228588,-9.812491393162388,-0.0006637990427848288,0.0017996333812509723,-0.0003562287216697552
230.79999999999117,-0.0021580261388118452,-0.007982419912500621,-9.819177192729358,-0.0007780464269180953,-0.0016735274294853643,0.00022203536037944022
230.89999999999117,0.004807129562974195,0.005219280256646454,-9.80090233942937,0.002036268695460509,0.0008726930446553583,0.0008982413197492599
230.99999999999116,-0.003122563272194329,0.0031182329417351147,-9.821006358256614,-0.0004304857844703792,-0.00032001987248492334,-0.0006288094825364244
231.09999999999116,-0.00036895577540601015,-0.023809456761342874,-9.799147896441553,-0.0006098372907609858,-0.0007079845984625144,0.0012796082172072702
231.19999999999115,0.011461579153254076,0.016094718890745343,-9.789350207840027,0.0017412549522708301,0.0007281263267599549,8.180671927904317e-05
231.29999999999114,0.012331489640115911,-0.005039186978829577,-9.810822309405918,-0.0009175394839374215,0.0005373899474618741,0.00024137175730106852
231.39999999999114,0.005543293138359932,0.017181346289655196,-9.817453355663035,0.0003654365573476859,0.0003722425492877659,0.0007846709968978104
231.49999999999113,-0.031575698079010346,0.004794995255159402,-9.821790066028775,-0.0006381930417737252,0.0019269157793078031,0.0009856758608572597
231.59999999999113,0.0023120510669109922,-0.013323497358497461,-9.807556435491588,-0.0008085744454412057,-0.0005432799831234621,-4.5198785495279704e-05
231.69999999999112,0.01640505430091671,-0.00917265759803907,-9.820197596567901,0.0006221859220590136,-0.00027988500728668293,-0.0005770145053889936
231.79999999999112,-0.006930233520102851,-0.003307144019432134,-9.827559521485325,-8.50765699299392e-05,-0.0004157187489165184,-9.77622503060664e-05
231.8999999999911,0.002052606928585968,0.007456240888504977,-9.81930628058388,0.0020519112446531085,-0.0005322405696973198,1.1322406843457717e-06
231.9999999999911,-0.013256882269812545,0.0008762692285029794,-9.812652501810513,0.0006357361478477346,-0.0013543360626890176,0.001854988972109842
232.0999999999911,-0.01096931119417885,3.355975798969041e-05,-9.821715735012582,0.0009889843384671524,-3.877289556315314e-05,0.0005954944108286083
232.1999999999911,0.009059862947986904,-0.0017708551518785143,-9.807899895288303,0.00021685332423175687,-0.0005395585230150568,-0.0005825388289039056
232.2999999999911,-0.00940681025206517,-0.01096985450081133,-9.804557504836728,0.0004499664160548264,0.0007360036064152954,-0.001336111126351728
232.39999999999108,0.0008049364275806029,0.015842864257987994,-9.805854964106064,0.0004676360767584553,-0.000900343552875466,-0.0006667608386913437
232.49999999999108,-0.006857121796067577,-0.0060250612532706735,-9.81525083412605,0.0019876924478433615,-0.0005457729553046771,0.00031457954371548035
232.59999999999107,-0.006146236848530927,-0.006264054547973784,-9.813578552590897,0.002646615702242405,0.0004991522013807263,-0.001104411373785852
232.69999999999106,-0.0029078115741017446,-0.006657581051689403,-9.823369137051348,-0.00021574035197495387,0.000900431274799977,0.00027038962792370246
232.79999999999106,0.01195937549942724,0.014909268277591339,-9.818549942854034,0.0009940413983893421,0.000632612941218035,0.0009111106685541116
232.89999999999105,0.01581288298276426,-0.012432873503181008,-9.822622668510268,-0.0001462913877527131,0.0009226024709736564,0.0010462503125335248
232.99999999999105,0.012263463931063487,-0.006346179643245372,-9.789692458029856,0.0010961550746386387,0.0006470249466994372,0.00010593096826376863
233.09999999999104,0.006700901836673509,0.006916113940150317,-9.810204116334681,-1.397818595359303e-05,0.0009464931926994671,-0.0006866507686871528
233.19999999999104,0.0002608394840204716,-0.011088678239011402,-9.817042280251227,0.0008466570057894927,0.0011761870390249434,0.0020331517946547894
233.29999999999103,-0.013726381361876207,0.01919951266548679,-9.809876299547488,0.0012182434940857746,-0.0003596270420581618,0.0009066460974897225
233.39999999999102,0.005383755982035551,-0.002546236985613148,-9.816654290617318,-0.0002692751045905332,-0.00033273263115110184,0.00016586287456472142
233.49999999999102,0.00706490011389983,-0.0004517270958234444,-9.801427153799292,-0.00012589867950185766,7.155689116766515e-05,-0.0017277705395271853
233.599999999991,-0.006051553773386033,-0.01332015374432963,-9.827309951432612,-0.0023063223673773824,-0.0016722002509503037,-0.0018266673000682015
233.699999999991,-0.02178664288299262,0.0005525276462560573,-9.80208403001874,-0.0005488164557767818,0.0013538860225942627,0.00042737687253476035
233.799999999991,0.012011657182843421,-0.012854248560948163,-9.796428097626915,0.0007493393485642634,0.0007583685313262168,-0.00034859800376319157
233.899999999991,0.00035858738206958815,-0.011541397185425926,-9.805839120833735,0.0016786747427912094,-0.0005041279063799426,0.0003533884612020383
233.999999999991,-0.01335376356578708,0.011598075608076588,-9.80031163745253,-0.0007992740036459256,-0.0008392593408372792,0.00029066800791311987
234.09999999999098,0.002573055334362344,-0.0053132161816595086,-9.800308105374505,-0.00037480961722420066,-0.0005735762842686955,-3.714399679618395e-05
234.19999999999098,0.007282329690766661,-0.002358330061339036,-9.805957580988208,-0.0005100168607630562,-0.0009514528885761114,0.0007377792040580202
234.29999999999097,0.0033276889055843407,0.0017752363712447601,-9.802165383069504,-0.0007825375579935896,-0.00031599897229561,0.0002500440705615991
234.39999999999097,0.0017053791699038335,0.00151695376428784,-9.798921083040948,-0.000938596725702474,0.00048096656666542134,0.0006535249807523602
234.49999999999096,0.013821009809543056,-0.0032810187257925998,-9.804127875978233,-0.0007555812627878896,-0.000621668188539087,0.000411537968638891
234.59999999999096,-0.00445988010212886,-0.0016389700363622203,-9.797295426835953,0.0006242692321791723,-8.311756777262838e-05,-0.0017183188663610128
234.69999999999095,0.023797975528304934,-0.004096003967056579,-9.81162007701865,-0.001610851191576019,0.0016612395632305558,-0.00028493839527151586
234.79999999999094,0.005953507095560731,-0.0010130028824674603,-9.816001694270525,0.0006192312488838608,0.001336823338563781,0.0012425344577215904
234.89999999999094,8.713374457998994e-05,0.015773780089582287,-9.809760472249852,0.0010602000837575743,0.0004477907695549995,-0.0009224943888611996
234.99999999999093,-0.01509276952325568,0.002714987543025277,-9.787078026262499,-0.0006499249413918806,0.0001248723234298884,0.0009376508780533644
235.09999999999093,0.0013908289684627167,-0.0006231467217149125,-9.809756427488,-0.0009920616215717331,-7.968567712789163e-05,-0.0004925651538912436
235.19999999999092,-0.0024604572530009185,-0.021212061891438566,-9.81247681149257,0.00184586547841885,0.0005757231128906546,0.0006169916407972161
235.29999999999092,0.00503725356364722,0.009553968401600027,-9.807775331997831,0.00038395599010325796,5.567035493678594e-05,0.00015589749997407018
235.3999999999909,0.0009134816800537178,-0.0033531517772715696,-9.810173027166986,-0.0017623304932117498,-0.0013278474710822147,0.000355334131325743
235.4999999999909,-0.006072129350593786,-0.00551424855581494,-9.809294865343084,-0.0007742624345485825,-0.0011868206129242102,-0.0012783819109267905
235.5999999999909,0.013547716628866932,-0.02261545228469222,-9.805684263736108,-0.0006836638986694285,-1.0644156171866263e-05,-0.0007119908612523181
235.6999999999909,-0.0077859045393086305,0.006017268251937351,-9.811817274999523,-0.00011418885009468652,-0.0008892153420666625,0.001134513404114055
235.7999999999909,0.004208328334309234,-0.00682813197755344,-9.80362787477255,-0.0013941516413464995,0.0012668138290213864,-0.00011118050509062041
235.89999999999088,-0.012746199809749406,0.005010969385332988,-9.812453460212016,-0.00010581688626172848,0.00036895287497979893,0.0007797881371064186
235.99999999999088,-0.02126201854841805,0.0007770212954753096,-9.814243718369601,-0.0006062478607852617,-0.0019520476773133072,-0.0008006131418640006
236.09999999999087,-0.00758465817113128,-0.01131203827229286,-9.80224062530656,0.0003842660340576148,-0.0012945058112601895,-0.0007311104816370745
236.19999999999087,-0.008489938810523264,0.00897110890801247,-9.806012755257163,-0.0014124599742405225,-0.0005274953774719271,-0.0006644957074783773
236.29999999999086,0.013414630466154487,0.007113927008703359,-9.808926825995167,-0.0005455274972803163,1.0681607685411568e-05,-0.0011465825617199116
236.39999999999085,0.012514468752233133,-0.013261458501357643,-9.806969522912096,-0.00010047511643047484,0.0015713439082512201,-0.00037673731635624153
236.49999999999085,-0.00630472273043534,0.005855897185621577,-9.815522030035693,-0.00014906723156427355,-0.0008773612881135537,-0.0010845411489938917
236.59999999999084,-0.010514739078693642,-0.004635417715684155,-9.822304750548188,-0.0016223462832971802,-9.154135225509029e-05,0.0017730506327701316
236.69999999999084,0.012276561537677918,-0.003161696520930088,-9.81055253856671,0.00029799031431038955,-0.0007761489542556884,0.0012014079797370214
236.79999999999083,-0.010039885211964215,0.009578305057854506,-9.79699159743984,6.0457111367830784e-05,-0.0004376913872210842,-0.0005314403816876969
236.89999999999083,-0.0026067193702263313,0.005218591933843386,-9.784158593713354,0.0001569977938529281,0.0009516778418335711,0.0017151816279539376
236.99999999999082,0.0010018655209573304,0.009253704026464749,-9.831774296347191,0.0005772288493185088,-0.002990201493097287,-0.0009290982711043534
237.0999999999908,-0.0026130481273720875,0.003519246117095691,-9.790927681622586,-5.0382649764282106e-05,-0.001088402109022082,-5.6245401062952096e-05
237.1999999999908,-0.018611280406424686,-0.00015658569838873922,-9.811210861002905,-0.0003759877594361666,-0.00218401375213624,0.0018359078662820289
237.2999999999908,-0.017478165365449234,0.009600907302669071,-9.806344725813865,-0.001867021468535118,4.2895056976889225e-05,8.534280565552071e-05
237.3999999999908,-0.0053721564513701916,0.0014904324014616394,-9.822125658264342,0.0003243448521931471,0.0012044459408013292,0.0012410878800691817
237.4999999999908,0.007079618560815943,-0.006674072663980703,-9.810700964427136,-0.0014139089113659718,-0.000382380115210149,0.0013485606415631483
237.59999999999079,-0.001384028068009502,0.011261136694675319,-9.801874895418033,-0.00011088048193924666,0.0016749548540146426,-0.0013786355478207352
237.69999999999078,0.007213413896109381,0.01433862931586411,-9.837312979415481,0.0003416333885073852,0.0008272343922101986,-0.0008490090765026835
237.79999999999077,-0.006565175362365589,-0.004076359519286626,-9.805938186545587,-0.000286318147207158,-0.00019134327233667737,2.907647819726323e-05
237.89999999999077,-0.008212483297412901,0.0007400242205817481,-9.814963092777926,-0.0006246747821020348,-0.0016640271946004891,0.00013463082322932586
237.99999999999076,-0.00903198464006314,0.008672551362351606,-9.801007261289008,-0.001115063950631199,0.0016742137873775756,-0.00011961760494261358
238.09999999999076,0.0038238854910502326,0.018799714671694907,-9.808847624131683,0.0028616455399408324,-0.0008743824414729569,0.0003281191826761096
238.19999999999075,0.004207181538944353,-0.0053968664196814824,-9.809742637632368,0.0003750564736616826,0.0005100271990262821,0.0014871262077296216
238.29999999999075,0.0005421134654756503,0.008700998034804609,-9.792810260970633,-0.0014962234383533424,0.000994758715933614,-0.0003463348657779334
238.39999999999074,-0.0009041499153983519,0.005701807522767548,-9.80136643981036,0.0010658735627024271,0.00023089179325315397,0.0001233053430647935
238.49999999999073,0.008014343263473599,-0.012803389532070487,-9.785986288919917,0.0011072080914974972,-0.00020577235777428316,-0.0014065932993486267
238.59999999999073,-0.013493790667452814,0.00044487617380270473,-9.81799008007285,-0.0010682307207638003,0.0013273425734455049,-0.0009345328217375569
238.69999999999072,0.0008637591186716986,0.026644573972492248,-9.812131928609126,-0.0003177340964501139,0.0025735968309245592,-0.0007596969258330499
238.79999999999072,-0.010211047626745896,-0.008394147344600792,-9.801840139715768,-0.0003317888525302897,-0.0002158923916704547,-0.0011158621373550794
238.8999999999907,0.004174158580634736,-0.009946014264991728,-9.820934752097742,0.0010522599416007022,-0.0010949016952821276,0.0003270745696446832
238.9999999999907,0.012816141558929474,-0.005670813948428768,-9.807431064187753,-0.001084041813874574,-0.0003650614933507071,-0.0008098764918229149
239.0999999999907,0.004704657062538014,0.012942714923876315,-9.820992609944987,0.0009204515210494403,0.0012163680542752857,0.0008278803866525112
239.1999999999907,0.008364326326077373,-0.013896271197147276,-9.809850252940047,0.0012396845354532447,-0.0004960085440739453,0.0016824913459146382
239.2999999999907,0.007707608682891673,-0.023643681576164883,-9.815892528280946,-0.0003344500610174644,-0.0004658027024188396,0.00039182201354185335
239.39999999999068,0.01028527680033974,0.009814543741292496,-9.815336305600281,0.0006941387480976397,0.0007122164469987221,0.0005162446692875022
239.49999999999068,0.005275141522850254,0.00881673282691484,-9.824074256372466,0.0005792304321886584,-0.00013152646454279136,-0.001364621223036643
239.59999999999067,0.011620715090206955,0.006414514168678474,-9.819259740686595,0.0006976299085170206,-0.0001719306572714575,-0.0016383028093925815
239.69999999999067,-0.008884335891096745,-0.0003439148652269082,-9.799232700846591,-0.0009963287539600891,0.0013941185111937438,0.0021534772108703147
239.79999999999066,0.003044031482092493,0.007475725540534677,-9.814403784664123,0.002142093417041566,-0.0015079567097966314,0.001392293102672488
239.89999999999065,-0.002532155709543793,-0.014415780844273661,-9.811397497717415,-0.0013046061724022915,-0.000707065911379327,-0.0018300692590605923
239.99999999999065,-6.650334925478878e-05,-0.00616187241515277,-9.817817023148494,0.0009612444034213905,-0.0005050579075688948,0.0009688035860549777
240.09999999999064,-0.0180281189676382,0.005773399164662859,-9.802354196836351,-0.0004821589784702281,0.0006891371147914778,-0.00012410684465099977
240.19999999999064,0.005399756312129803,0.01234103953888716,-9.817324960793439,0.0008129622317005631,0.0013940451957798463,0.00019774687938588765
240.29999999999063,-0.011922821216490565,-0.008401969388495542,-9.79793366865865,0.001010988757810125,-0.0008060678914550588,-0.0009648661905241332
240.39999999999063,-0.01371872688532991,0.005367029880290482,-9.823931678428265,-0.0004602971943252635,4.983670828778969e-05,3.5680928425867663e-05
240.49999999999062,0.0031196760339076693,-0.032105061633722246,-9.81076212962787,0.0009682827324920556,0.0008096506859367792,0.0021211500982501693
240.59999999999062,-0.010609804239971418,0.010080681321492294,-9.828694972850306,-0.0013757823090087165,-0.00034180900161238323,0.0005985016827058441
240.6999999999906,-0.010367066640003298,-0.006390780208836975,-9.797223826228642,0.0008033513122881054,-0.0011160002534917016,-0.0012425234573586407
240.7999999999906,0.0018767815228425703,0.003918399194665191,-9.81322334570161,-9.37294475391639e-05,0.00047769537061903057,-0.0013397351147393652
240.8999999999906,0.009447206232025258,0.009526759527585457,-9.824309956482736,0.0008835356034648775,-0.0009684607734336087,0.0006172272361860859
240.9999999999906,-0.0016177647424722053,-0.019768941289249883,-9.819900549177094,0.003259442199113873,-0.0012383619070105065,0.0011822724648513402
241.0999999999906,-0.0004021796287818426,-0.002684244185580813,-9.802694063772108,-0.0008082660660592232,0.00036168946121360854,-0.0022885386277582682
241.19999999999058,-0.0066375652337843025,-0.010003516022844635,-9.811998886236104,5.280499985891363e-06,-0.0004135100550247294,-0.000797397409529633
241.29999999999058,-0.005207336401533882,0.004039356270715651,-9.807158703534876,-0.0005980403674604449,0.0013538367018883738,0.00073663196431824
241.39999999999057,-0.01526580657153094,-0.007208520684288252,-9.818085946143956,-0.0018054442764990737,0.0012291877734272887,0.0004469179776410343
241.49999999999056,-3.0122989538878406e-05,0.008490331514345745,-9.819900039518108,0.00048074923882492483,0.0009741518587766251,-0.0012945550252523447
241.59999999999056,0.005509701249173926,-0.014959454168557824,-9.802057443229222,-0.00028827352655773835,0.001253698592763801,-0.0006623306787871374
241.69999999999055,0.016769448320683566,0.005950294792024871,-9.800857562496729,0.001442038971336514,0.0008382146882352022,-0.00039969458110669816
241.79999999999055,-0.011390312257321669,0.0028374015647425433,-9.796002823316302,0.0005886599525196151,-0.00015541300758068103,0.0014242709464399232
241.89999999999054,-0.007908274785037537,-0.000853785913154036,-9.818235942823799,7.763376426025622e-05,3.1435802522826676e-05,0.0010388379653457863
241.99999999999054,0.006957196914409066,0.004340760191414305,-9.821856858569188,-0.00037686338521572505,0.000390944721112376,0.0002546526404625108
242.09999999999053,0.008854228937584955,-0.002864033396145001,-9.793282375196558,-0.0011020114061131084,-0.0005966597071245293,0.0009487412252887793
242.19999999999052,0.01200621883100131,-0.021781629498817005,-9.807277040234577,0.00021866417164454296,1.4471404128620112e-06,0.00042582487937131773
242.29999999999052,0.013089070985116132,-0.006652054290560573,-9.804959869708677,-0.00042274036607543283,0.0006447488429231571,-0.0011037184601066531
242.3999999999905,0.0010526496250817749,0.017771651294254173,-9.80245089156079,-0.0004260304041784076,0.0010569634407058056,-0.0015267078582510648
242.4999999999905,-0.016561116088617454,0.0010744466514838616,-9.806637782153464,-0.00034924196634003867,-4.4243149662702644e-05,-0.0019834559253321324
242.5999999999905,0.011965385804868665,0.0014113400007365647,-9.814560042010866,0.00047848321153119374,4.4460690868669955e-05,-0.0007766784387079582
242.6999999999905,0.015942451713455503,0.00432158125934223,-9.814575828409112,-0.0008618134451709115,-0.00015697273798148697,-0.0007060339878213664
242.7999999999905,0.011334462897781433,0.0039612081053923675,-9.790483469294573,0.0004991585994869929,-5.793595817951898e-05,0.0004360272485388628
242.89999999999048,-0.017519934006219512,0.011557733877703289,-9.827993789581098,0.0004701637165799077,-0.00036062894074199563,0.0008634843931257209
242.99999999999048,0.009375193468931934,0.022327266017730194,-9.796414328093745,0.0017212342164117087,-0.0015153960071945648,-0.0003395277723391083
243.09999999999047,-0.01598925364702876,0.012346385926649064,-9.796936479235107,-0.0001865276018950792,-0.0006863259318643421,-0.00021306686145337582
243.19999999999047,-0.008266498201130179,-0.008708996859093751,-9.802691592601285,-0.0006093259778089903,0.0012876747929350262,-7.93878516924148e-05
243.29999999999046,0.0019567818430998364,0.005993142175372793,-9.816107598529051,0.001433739111270718,-0.0003714207982207948,0.0013353172561533836
243.39999999999046,0.011909920932758116,-0.010244681011414711,-9.809990141134081,0.0002331726678269044,0.00036761090360168305,-0.0017309423677203182
243.49999999999045,0.009757121730802494,-0.00236056548770734,-9.79410571659926,0.00016677886931361173,-0.0009855614092054885,-0.0012147838093871342
243.59999999999044,0.0018056381409981138,0.00802756328480285,-9.804374689856848,0.0016281442257616355,-0.001206626663991091,0.0007464480757951579
243.69999999999044,0.0023044745567696056,-0.0038160342106852052,-9.79902309159026,0.002156782069085924,0.0017987331660168921,0.0007205948765398704
243.79999999999043,-0.00021572489148684627,0.009926777473582157,-9.805078131040684,-0.001145916801691903,0.0013157443894919096,-0.00029857715978852915
243.89999999999043,-0.006165218269956823,-0.00399087744443196,-9.823462301865192,0.0002949062458192018,0.0003488138294891638,0.0005324872779927521
243.99999999999042,-0.013139787819752896,-0.004820611569545002,-9.828089018007297,0.0007222612418504283,0.0002993791012489609,0.001355840961157445
244.09999999999042,-0.005976851470803987,0.0062645036456413965,-9.80698321327064,-0.0004339174699362571,-0.00014803846820617787,-0.0010541965890999338
244.1999999999904,0.010116894175156148,-0.005389867603013441,-9.811365205555019,0.002245704733598946,-0.001034022745952846,-0.0025029226099955713
244.2999999999904,-0.012742053213582077,-0.008645780804737553,-9.823422468643978,-0.0006060366151156147,6.0858580727763375e-05,-0.0012616992574046464
244.3999999999904,-0.0016824162251890204,0.008300801204165842,-9.812765717269846,-0.0008750487020159197,0.00011868367607908512,-0.001268252932851406
244.4999999999904,-0.0023785527546659295,-0.002055457749169245,-9.79659421209795,-8.929489564917302e-06,0.0003732682194442673,0.00023584085731914376
244.5999999999904,0.010011210775092762,0.021282680989612796,-9.818460057570363,0.0011366486565474543,8.274371401599931e-05,0.0005205233847129958
244.69999999999038,4.2710262569249766e-05,0.012387891924846055,-9.788330056991677,0.00013830070897539703,-0.000734875241256249,-0.0003402199684626239
244.79999999999038,0.01944988766363656,-0.006876719752843585,-9.802797947594865,0.0017679476387724305,-0.0008716069353808112,-0.0007837053829352795
244.89999999999037,0.004903890120390779,0.0008737719745635567,-9.80792642886544,-0.0008936249158335279,0.001568731911903572,-0.0003739615700636767
244.99999999999037,0.012639675317511659,-0.012364725927497183,-9.788994467979698,-6.610868363170299e-05,-0.0006993301148613845,-0.001191467896061611
245.09999999999036,-0.01606215976652114,0.018285177143143302,-9.79877502424771,0.002200252657119759,-6.894323001317677e-07,-0.0016208903113672068
245.19999999999035,-0.005852727361113584,-0.003077284525951584,-9.810219756674877,-0.00037198747595223357,-0.0011619847130726036,-0.000536197060085631
245.29999999999035,-0.004773789496290169,-0.019795508660440518,-9.81484591309486,-0.0005778289818308065,5.250557385524202e-05,-0.000846692999989831
245.39999999999034,-0.011133177570904549,0.010923388275448169,-9.82185773527576,0.00031765060328225775,0.0011229593789703989,-0.00037443513327523395
245.49999999999034,-0.006473315086554834,0.008037069689208627,-9.805806364361407,0.0008345694792495168,-0.0015671500681787376,-0.0006272910474719186
245.59999999999033,0.0004404521885816134,0.008509172343183586,-9.803103853199909,0.0021981259524268978,-0.0009537568031852843,-0.0003386938031345745
245.69999999999033,0.021478634755080054,-0.0111377711199625,-9.82226511874594,-0.0003646433431508815,-3.274962305774573e-05,-0.0010505074555040618
245.79999999999032,-0.002662722708865898,-0.0026632240863309403,-9.826489843080179,-0.0023044973001159377,-0.0008880941531928247,-0.0018055897092819967
245.8999999999903,0.01966296024194342,0.015407673964304465,-9.825928992184346,-0.0008823206521931284,0.0006909479021447295,1.7542840997261152e-05
245.9999999999903,-0.002969561803601217,0.008289549731567657,-9.797284392647365,-4.513187582171459e-05,-0.00027690217361609474,0.0005836461694212978
246.0999999999903,-0.00965580259853734,-0.010996642601145282,-9.825058775456942,-0.0009119675353338544,0.0005118697460954895,0.0009862615156799584
246.1999999999903,-0.004881211185945956,0.0044870939907946175,-9.82616447919918,0.00020905332391083647,0.0001813150667943979,0.0003180013344318567
246.2999999999903,-0.004283140252905052,-0.02358691186649521,-9.809441241892008,-0.0009633970173155484,-0.0010646494206757436,-0.0004752986025060201
246.39999999999029,-0.007613232170842877,0.016722186979715555,-9.814646172022316,-0.0023647910482674055,0.0008216296576018203,-0.0019685416568919166
246.49999999999028,0.007077817099598387,-0.016627416789983113,-9.810745828647242,-0.0005065108406249073,-0.0004558088096087973,-0.0006376469743734901
246.59999999999027,-0.00839837982694108,0.011830646941114423,-9.827117020885927,-0.0012539284543078952,0.0008956609528319949,0.000953918180423997
246.69999999999027,0.002008516389833721,-0.0008141987525793843,-9.831642492918396,-0.001058324112037673,-0.0002752295457730409,0.0014833862405853552
246.79999999999026,-0.008479001478650251,-0.008770409907289976,-9.829144791865128,0.0014268965845355475,-0.0020562262770571402,0.0006813194823856856
246.89999999999026,0.006679163448324288,-0.016911028244561886,-9.811344099200873,0.000742097445270076,-0.0008653092085472701,0.000750600282333082
246.99999999999025,-0.009272260379305706,0.0033560865346816656,-9.807553361067843,-0.00042824210907108816,-3.686842470160767e-05,-0.0006264713894090652
247.09999999999025,-0.019832443234964078,-0.004776985572971713,-9.800049329728473,-0.00043309474245825826,-0.0002618741268312822,0.00010529192874254755
247.19999999999024,-0.020715260345312903,0.0024159147825035233,-9.820847161814061,-0.0006455801518008924,-0.00038359504680463637,-0.0006459621085157605
247.29999999999023,-0.0045280311391939065,0.017849549453001944,-9.810106475420389,0.00019716974308175885,0.0005874536359623113,0.0003686894476504189
247.39999999999023,0.011458882387127372,-0.00017241301317758796,-9.795307272471943,-0.0007109426828386375,-0.0005320527165703501,0.002310214954958913
247.49999999999022,-0.004712393797158109,0.0036509847077414942,-9.799057354875126,-0.0008732771889422067,-0.0012543003765601566,-0.0004317704993094052
247.59999999999022,0.009250210341677063,-0.006074389680955423,-9.818729866339703,-0.0008993427128477171,0.0013777466107923971,0.0011942708523662827
247.6999999999902,0.0015191169085227222,0.01908875012267227,-9.804518950641741,0.0006596721309352472,-0.0003531586590553006,0.00046290773948563227
247.7999999999902,-0.002814914615974588,-0.011637977972015816,-9.833586203770247,0.0015189009363567373,-0.0011297096359753113,0.0013494124091536506
247.8999999999902,-0.0048137050131545605,-0.01818934062616298,-9.807413238420391,0.00040805756547046226,-0.0011102893620518167,0.00011183608244142396
247.9999999999902,0.008921020902332306,0.0052843399000873535,-9.813877909078684,0.00014863645312698668,0.0017333691902479608,-0.00025966527982261854
248.0999999999902,-0.0031212339526818303,0.001919057436763573,-9.816847407110467,0.00010355873395937758,-0.00015695972444277625,-0.0014653841904289663
248.19999999999018,-0.02151735263472812,0.01339780572392431,-9.798730033610115,-0.0004954108502329989,-0.0009921354702134625,-0.0005833680642719144
248.29999999999018,-0.0012150808432514226,-0.008479907270231214,-9.804163894647303,0.00016479025767736022,-0.0031160203864324973,-0.00012030701820524975
248.39999999999017,-0.0008643308691369809,-0.019143209092445372,-9.814734271233169,-0.001279734778006788,0.0004971689132931801,-0.0003849337286361297
248.49999999999017,0.004366501265637747,0.008008832677030196,-9.828790892360468,-0.0005409298609636809,0.001751206894425093,-0.0004991090161489764
248.59999999999016,0.016281128936755266,0.008886284800375064,-9.807262869276277,-0.00031469834711099416,0.0012079994781383511,0.0008037754319970961
248.69999999999015,-0.027645714254365125,-0.011877888492197041,-9.80951492435184,0.0008361411775266968,0.0008724885068385614,0.00044892378672514927
248.79999999999015,-0.001788158314892398,-0.007674793361462004,-9.798689910793103,-0.0008938891591836219,1.203605754368897e-05,-0.00047508496154309067
248.89999999999014,0.007399454710010883,-0.01676055386770889,-9.811268021605098,-0.0005312514572711713,-0.0004719365189072497,0.00036918647500732094
248.99999999999014,0.004458400756172906,-0.0027692362271958754,-9.816961440758943,-0.0003975609381115314,0.0002400670926949006,-0.0007811834550615181
249.09999999999013,-0.00216557040451972,-0.003437121131280651,-9.8141518432387,-7.784360318928638e-05,-0.0007656835474992923,-0.0004627185851970998
249.19999999999013,-0.0013522136776070617,-0.022726058199160376,-9.803262329807847,-0.0002536389114135358,-0.0001495735760396606,6.572496374638665e-05
249.29999999999012,-0.01698791421606526,-0.008931286621468222,-9.80237274519515,0.0006715628580849266,0.0014310548476988087,-0.0008653680179328946
249.39999999999011,-0.01591348516246007,-0.01082995242323191,-9.805211886579979,0.002161368884760124,6.358972153871807e-05,0.00037318114744511194
249.4999999999901,0.011983189024775156,-0.0036628575274697795,-9.820083715179488,-0.0014375500159805954,0.0004846991763113159,0.00045480587862965327
249.5999999999901,-0.0019060432071379854,-0.014755404639745664,-9.805171397036725,-0.0012044450380884794,-0.0008492960649000488,0.0003690398144767272
249.6999999999901,-0.016382276605489864,-0.014194008074325937,-9.82335434066941,-0.0002653873372472664,0.0001034127723301209,0.0010256064606392267
249.7999999999901,0.008793531990407345,0.011749532568793528,-9.790473385909314,-0.0006020231339176025,-0.0001492771815705299,-0.0011526711909381417
249.8999999999901,-0.017776608201949765,0.0021043640629674846,-9.808452765024153,0.001720619616292643,-0.00021530772339537128,0.0003356009517820605
249.99999999999008,0.008777665220324873,0.02047083190461129,-9.80722913886866,-0.0009355145085703008,0.0013416342699475023,-0.00017359924937259574
250.09999999999008,0.008587482609625413,0.0014372436197801802,-9.804576984277116,-0.0015525842141336673,0.0006574777982855853,0.0005714205511820087
250.19999999999007,0.009994875222191895,-0.002373050119576395,-9.803981583751836,-0.0002025864695644776,-0.0004075777843061575,-0.0015181234558606029
250.29999999999006,0.005690283596410818,0.0010339327370192189,-9.83469698717104,0.0002216037130835327,-0.0006134392894038817,-0.00010204847150885665
250.39999999999006,0.0073511760858711965,0.009522948199412474,-9.81352080899329,-0.0005109933144767,-0.000648826648641065,0.0004041737011647372
250.49999999999005,-0.0021988208873675117,-0.0024973705982890863,-9.820994938860336,0.0009025463805802805,-0.0005665316565570691,-0.0007699133103616198
250.59999999999005,0.0061464648967351045,0.002289987877334709,-9.803106596925272,0.0009802133254747279,0.0006502344622002311,0.00034928814100585804
250.69999999999004,-0.0036936853593667004,-0.006870733267832524,-9.810823536039972,-0.0005026844879622111,0.00022114718797135987,-0.0006586004890257339
250.79999999999004,-0.008672544693738845,0.026869326169918228,-9.808305863685014,0.00044165204022865353,-1.1268535729528156e-05,-0.0005566177366508045
250.89999999999003,0.008978891727849745,-0.012019462071234326,-9.802755081274048,-0.001273811371959225,0.0007083647540844952,0.0011386232057043854
250.99999999999002,-0.0018654883853289079,0.018582339366228755,-9.795661917838492,-0.0009257003653901381,9.012844050919698e-05,-0.0008042839643392282
251.09999999999002,0.004872577557303796,-0.00599049970284247,-9.818602753470413,0.0005415050136875852,0.0027653344603377093,0.00035870943977375975
251.19999999999,0.007927771321119742,0.008816591103907527,-9.800545283644274,-0.0013837372866664414,0.0017939643900664359,-0.0005286467364561653
251.29999999999,-0.00015009770657110625,0.017656865399795024,-9.800600107011707,0.0004943146963388468,-0.0010147416649606015,0.0011029554974647626
251.39999999999,-0.013316113470455944,-0.01276878567609308,-9.81165471314679,-0.001789360645120844,0.0004568265783113483,-0.0011077574570086948
251.49999999999,-0.005474426532695007,0.01482408115601128,-9.80987370873542,0.0012337281641611746,0.0013027499621871825,4.9211554952742926e-05
251.59999999999,0.00994964204554474,-0.0009112748530705161,-9.823791556352448,-0.0006745536726452835,0.0014193749867474222,0.00045383686636244874
251.69999999998998,0.009881986109199858,0.011496938527903493,-9.80879872171559,0.0021794936210692423,9.934402115776558e-05,0.0005849076089473608
251.79999999998998,-0.010999861116805119,0.013838233989949924,-9.806118332765932,0.0005408036785689503,-0.00018071624240671288,0.0017133057393685746
251.89999999998997,-0.0011017020845696269,-0.009191096877320414,-9.81230190715855,-0.001318485329047798,4.735830904463348e-05,-0.0025218508159479303
251.99999999998997,0.0015911758041921428,-0.002822802307269158,-9.823461561411323,-0.00015615978862016294,0.0010250841089517685,0.0008356152263115268
252.09999999998996,0.0018839781834047622,0.011813543547510645,-9.816253013106907,-0.0005452263876253263,-0.0001897363489201016,-0.00043490478992549926
252.19999999998996,0.010172413249254372,0.0003350519498501688,-9.795122735835108,0.0018571345739539422,1.60442733709405e-05,-0.001273531808417471
252.29999999998995,0.010657220094808923,0.012517633236690475,-9.813519479665786,-0.00026286410829870846,0.0004895406727717728,0.000718107865962517
252.39999999998994,0.006151889815649089,-0.004058718168019767,-9.79109951110212,0.0009487660095473258,0.0005343571570800121,0.0012409947802370644
252.49999999998994,0.0011163217129461184,0.016206726149271232,-9.80793315383813,0.0005081328604095878,-0.0008193075971476167,0.0009616084755839573
252.59999999998993,-0.0031670103614405906,-0.013201981000789237,-9.785099392242978,-0.0003707690710451506,-0.0014067567689043051,6.67305813135537e-05
252.69999999998993,-0.003367170598912831,-0.0035642030453441652,-9.817517135096656,8.207559238540198e-05,0.0007826198580891027,-0.0015034712797529807
252.79999999998992,-0.00959937990306077,0.00045833176624882516,-9.797996818693965,0.0006697917424618017,-0.002475545013411293,0.00040676721809915174
252.89999999998992,-0.00378508857916835,-0.0022300908077979432,-9.81203300469825,0.00017664161369907559,0.001692134905314822,0.0003988131092915513
252.9999999999899,0.003727554268037272,-0.011676867101768748,-9.80552680721034,0.0008626786680509305,-0.0005632311195345873,0.0004066455313725669
253.0999999999899,-0.013676235135912304,-0.010888072072318105,-9.789657502500035,-0.0004548873098473984,0.00018345872069738302,-8.621619340109347e-06
253.1999999999899,-0.0007296342413203954,-0.02787897151777732,-9.818351885327676,-0.001374742352962036,0.0012769764943623017,-0.0004371516186890841
253.2999999999899,0.02056529056342786,-0.009703708660227284,-9.787837824570044,0.0006040384302796872,-0.001305590314684384,-0.0005568797991430549
253.3999999999899,0.0036724750255246407,0.009427040975660323,-9.828241608608431,-0.0009562637303880169,0.000530107703529437,-0.001173983580669893
253.49999999998988,-0.0027551758088026897,0.013952533181583484,-9.810287197855335,-0.00011253386953674544,0.0016754803596485915,0.0014373662961274136
253.59999999998988,-0.0016561205224845865,0.0019657072254421534,-9.81482943714268,0.0008824665439328265,-0.0009902276969541957,-3.0462131078008145e-06
253.69999999998987,0.01623675959889863,0.0007985736306600117,-9.817620607686617,-0.002228544229978329,0.00029862128740970335,-0.0003144791992857565
253.79999999998986,-0.007353703920444675,-0.008344817236886471,-9.809591889482256,-0.0011289012522492424,0.0007635025269683496,0.0017157127019846244
253.89999999998986,-0.006634121846492154,0.013707830904311,-9.818635935755088,0.0008408602285122713,-0.0011960715773331394,-0.00020679071036014342
253.99999999998985,0.004078427948684625,-0.010907531608563462,-9.828017793348693,-0.0014397641865734393,-0.0008501605328143133,-0.0005701119266245617
254.09999999998985,-0.012909676061627157,0.009191005582856016,-9.81957891572366,0.0006046596090488061,0.0005811598609063185,-0.0010803382830707534
254.19999999998984,-0.0020171543111297146,-0.0066666370995107065,-9.809713052033326,0.0009069207847589456,0.0004447583378164637,0.001464612216801033
254.29999999998984,0.012658755453694024,0.011974297627619248,-9.815420360933164,-0.0011445219339909676,-0.001274824267293104,0.0004922719300746879
254.39999999998983,-0.0009593956725876003,-0.0029710806965475033,-9.819762258111703,0.0007661045723402274,-7.804356441138902e-05,-0.0020975999265745613
254.49999999998983,-0.01614195841527345,-0.017494839678618805,-9.81239656805099,0.0004895028026772655,-3.393787184672346e-05,-0.0005864941760490977
254.59999999998982,0.0010556741991476332,-0.0024628296157821893,-9.81234775106325,0.00028002110513055355,-1.861109348682243e-05,-0.0012022716713957183
254.6999999999898,0.008472649663663675,0.009244686612252204,-9.824545769952886,-0.0008541827567151146,0.0009879167550753667,0.0004845390201426036
254.7999999999898,0.0009986230117602667,-0.02357173251010809,-9.799279625962523,-0.0010270032449273406,-0.0005970375519896304,0.00144237006744656
254.8999999999898,0.012799656309535787,0.002498825839742952,-9.813624985531666,0.0010243879101565455,0.0001288050754108685,-0.0003530520320915846
254.9999999999898,-0.00012494641870275613,0.0042942491225615035,-9.819957550899542,-0.0005667014559470776,0.0003322574456415555,-0.00011371278837477453
255.0999999999898,0.004029775800378484,-0.0033166167903376253,-9.812228882636273,-0.0009467386632584079,-0.002356535109821209,-0.0005734436906630678
255.19999999998979,-0.006831858561597624,-0.017140828881790967,-9.820178723436806,-0.00041058629725449316,-5.691354030877087e-05,-0.0001469065207975809
255.29999999998978,0.010822130447068376,-0.009847888125776088,-9.818191507542394,0.00012634728197270795,7.32054654987531e-05,0.002069007592162397
255.39999999998977,0.002358887221842998,-0.012763236288520177,-9.798163530670555,0.000269344989691521,-0.00020989045647638166,0.00043342017452332484
255.49999999998977,0.0037747190748622732,-0.002398833563358723,-9.821024253090485,0.0003720184516347423,0.00022142793715874932,0.0011422473742858281
255.59999999998976,-0.018139517986981137,0.005930952541113281,-9.810105835889187,-0.0008027808758802749,-0.0006183694715765085,0.0020344956997393896
255.69999999998976,-0.017958743656718814,0.008248044187249217,-9.823644307777686,-0.0006250923640124954,0.0009221550789054915,-0.00037998557308878915
255.79999999998975,-0.014603606184872803,-0.00420608315214256,-9.81042894690123,-0.0009335160410073473,0.001588029569454079,0.0006633849688498855
255.89999999998975,-0.0026415390530372044,0.006147382141710407,-9.812246931450533,0.002053702168927092,3.769841409718556e-05,0.0019472724235646889
255.99999999998974,0.005399971587954069,-0.0031903883544372315,-9.822704357334535,-0.0012103380445668518,0.0008394817909518986,-0.00042482981095522674
256.09999999998973,-0.0006008853995021685,-0.00786684069054204,-9.793232240923832,-0.0008771099561615613,-2.6975926699483228e-05,-4.2068452085592626e-05
256.19999999998976,-0.013079789194987018,0.0017274487297280255,-9.82316953388095,0.00020306703076205927,0.00030961823712286475,-0.0014575557382367202
256.2999999999898,0.01959164900764847,0.013822307225488476,-9.818756227677842,-0.0005083972984920208,-0.000542025970240672,0.0016555452301924214
256.3999999999898,-0.004752748524648513,-0.0018373661448158529,-9.805078519742874,-0.0012067960801431,0.0010785345677444792,0.0001544400450445158
256.4999999999898,-0.022115033135238906,-0.002427360516802448,-9.812365676331599,-0.00010449821260830604,0.0011683268681731969,0.0008324755275362764
256.59999999998985,0.0018560455607438606,-0.010633227897925002,-9.811545861308586,0.0006948825139273493,-3.4770030180960333e-06,0.0019241663624732295
256.69999999998987,-0.004259838439919089,0.004496193722966711,-9.822355297953484,-0.0001421780911859924,-0.0016214484748198412,0.0020655512249661318
256.7999999999899,-0.022922103680869027,-0.0011696896811128508,-9.819922812511937,0.0008349052565427034,-0.0002244582435526051,-0.0018041401635838078
256.8999999999899,0.01093070972425379,-0.00669122394124888,-9.786831103682562,0.00037833167592770024,0.0007950969610359722,-0.0005320632743939922
256.99999999998994,0.0014160819288914948,0.007690636859261174,-9.828863735221493,-0.0010788961501028336,-0.000856828575774808,0.00045882834838496556
257.09999999998996,0.005202803926129801,-0.009420371405171733,-9.82459415829567,-0.00021102135200096314,-0.00010934324848316075,0.00116623144277851
257.19999999999,0.010626776167104113,-0.0019156710322055337,-9.818480779651791,4.368894678714707e-05,-0.0015252304684975674,-0.0007696027714623145
257.29999999999,-0.006467595618822268,-0.01019510048557678,-9.810445791473647,0.0001273496514327518,0.0003329133178056088,-0.000293345993077421
257.39999999999003,0.010405407733764301,-0.006857433377050786,-9.816511555355277,-0.0008347365944673818,-0.0005913673271388283,-0.00019642497944478746
257.49999999999005,-0.0023474356431234305,0.006929183947836231,-9.81332654765528,-0.0003094430759488524,5.0211556947750937e-05,-0.0010879291284393092
257.5999999999901,0.005244320762863234,-0.0015307195797797585,-9.813370137339113,-0.0004700824919774746,0.0009375885529695482,-0.0013353529353635847
257.6999999999901,-0.01611093284472753,0.010884475651659809,-9.805327190662045,0.0002570250030439677,0.00019643365909526454,0.0008727952274905007
257.7999999999901,0.0012269068439725575,0.012042892497719842,-9.806833650725865,0.00020405778575953895,0.0006882924330107614,-0.0012632707131145016
257.89999999999014,0.008836074523345587,0.011944080210794003,-9.812886820461925,0.0006453771979814308,-0.001247572786573143,0.00025396562851694735
257.99999999999017,0.01105637175681932,0.013515487413621272,-9.814151072006757,-0.0005901895294673161,0.00033406941639008337,-0.0008852159705614263
258.0999999999902,0.004312041657414677,0.0009087620438046647,-9.800481642571238,-0.0003095254983106891,0.0011614240371128532,0.000771490242334682
258.1999999999902,0.002102811701054,0.015279122206504698,-9.815623378771836,-0.0005969386259925781,-0.0009986558135286743,-0.00012717233746021507
258.29999999999023,0.028133037467996752,-0.003695366145237363,-9.810827179976586,0.000826798433157613,-0.0016137908749284504,-0.0006379876453094446
258.39999999999026,0.001509030212780562,-0.0037442699316718314,-9.786603670632086,-0.0014137403431206776,-0.0003314771730256495,-0.0002227401339582733
258.4999999999903,-0.006143610718192321,-0.020022047890819843,-9.814621006172617,0.00024246673749273736,0.0002029586743846488,0.00021026053657647537
258.5999999999903,-0.015960182507940672,-0.006059359768254853,-9.81984934810992,-0.00035152506494916556,-0.0008936517936682754,-0.000757454116396832
258.6999999999903,0.00811846296886065,7.213018530502479e-05,-9.820544544449106,-0.001457216692836976,0.0017295527142645363,-0.00011997070957869932
258.79999999999035,-0.006285319964778663,-0.00127912210196846,-9.804936451749358,0.0013897932766915083,0.0002855435771870332,-0.002073313031707201
258.89999999999037,0.0008163117971142072,0.006030720034269509,-9.802208748578373,-0.0003557196459550672,0.0001461912924101065,0.0019502434976834335
258.9999999999904,-0.002609153366748016,-0.0010557402938495867,-9.80738718150507,0.0006890833943358741,-0.0006526207615372999,-0.0005472452589614461
259.0999999999904,-0.002825605987908884,0.007793916153918865,-9.822942930311036,-0.0015346790797887999,0.0016613508721321573,0.000722030277493019
259.19999999999044,0.0063605887743513325,-0.004315398075945377,-9.810187745052236,0.0018663460258411693,0.000607499808100239,0.0004893988773571451
259.29999999999046,0.0023799370341142153,-0.022587233563484493,-9.805300329175505,-0.00018380926659468695,0.00011758451294057813,-0.00011355595168765877
259.3999999999905,-0.005132059894795129,-0.017594619092605943,-9.813305828220402,0.0010373493255133555,-0.0018165976254018758,0.00024617958474728273
259.4999999999905,0.011173176014153076,-0.0041979556931643494,-9.81532939059866,0.0002643018934590843,0.0009268792939037195,-0.0006533175965900996
259.59999999999053,-0.0010883484215104412,-0.016404403305105432,-9.827878086908141,0.0011763885779486989,0.0013704944216052163,0.0006353731273419628
259.69999999999055,-0.007637701191170374,-0.0052404125102443475,-9.802578024445992,0.001374773916347884,-0.00039477750913554017,-0.00031692347414912674
259.7999999999906,0.024494075900984427,-0.02427478321689742,-9.799930183173041,0.0017545642567549531,0.0009084689970185921,-0.00038647120662299713
259.8999999999906,0.00015127948935460524,0.008634107116477734,-9.805415535212168,0.0004572440703013263,-0.0013161846328719343,-0.00020317752246451278
259.9999999999906,-0.014591535020796822,0.009540380436569983,-9.799972087192105,0.0007959509932261768,0.001076562761154251,0.00019589182294743878
260.09999999999064,-0.0030594797593289304,0.013243365659231843,-9.79022140244965,0.0006924439332605704,-0.0016350507427874126,0.00041469072087108554
260.19999999999067,0.012111604386851783,-1.6315336069210342e-05,-9.812456023560983,0.0011576873970680797,0.00019415045971555748,-0.0002279328342256448
260.2999999999907,-0.009402352341562023,-0.0026882747043290305,-9.802062181478764,-3.137510915365038e-05,-0.0013067255900386721,-0.0004427137088205582
260.3999999999907,0.0031574682087448544,-0.009421129017306728,-9.80467441615659,-0.0009370418718080624,-0.0004757856548557001,0.0004953962113914927
260.49999999999073,-0.012922201971388088,0.014754199480865616,-9.825939279812685,0.0005726604001448642,-0.0001588280129347542,-0.0013504047189981175
260.59999999999076,-0.004913229294685139,-0.004015397056739723,-9.825456179168722,0.0013224769671491502,0.00013018247029681748,-4.966884854261846e-05
260.6999999999908,-0.009705633505259272,0.010462821640343347,-9.814080527591567,-0.0003822451573029894,-0.0006794440046028014,-0.002619575035160697
260.7999999999908,-0.001550390304004395,-0.01681302113775175,-9.799844282308504,0.0017267171060637106,-0.0011265671317670443,-5.630033559478291e-06
260.8999999999908,0.004270489076115686,0.0060255175673537,-9.793770490613031,0.0011067405043629363,-0.0007191659162592679,-0.0006451368467680927
260.99999999999085,0.013275150399268038,0.004243291148021503,-9.814737087248554,0.0007664958365248079,0.00038571912905536256,-0.00019308340311643878
261.09999999999087,0.0014887570954814741,-0.009905752577404755,-9.824639693941323,-6.232995876686174e-05,0.00017960665269375385,-0.0010765277467976197
261.1999999999909,0.006507496054607752,-0.0006984867969785834,-9.815458937905479,0.00033246875371394953,0.0009129010632914295,0.0014979392835602272
261.2999999999909,-0.01624560582817528,-0.01977780175405585,-9.813446346980502,9.571808957268778e-05,-0.0017477076333766296,-0.00047634963542796024
261.39999999999094,0.002834808105862215,-0.001989279513614371,-9.811341458769315,0.0001037516891018454,-0.001647171122335949,0.0018176830551745635
261.49999999999096,-0.020381940720989672,0.005146122450516285,-9.824951971098109,-0.0006238773597846553,0.0002906507213737714,-0.0022735190168915362
261.599999999991,0.024317434606903405,0.008314390892988806,-9.827494279341648,0.00031731871296530363,0.0005044062375294361,-0.0007507624648993677
261.699999999991,-0.00743839469105119,0.022094420597795532,-9.8168056664463,-0.00013833160956817323,7.900830431417466e-05,-0.00027811864633541026
261.79999999999103,0.014281183689692627,0.010610494049683936,-9.825113711747179,0.0011584176473359174,0.0005593843536153862,9.780510521256489e-05
261.89999999999105,0.006346039780998414,-0.016670632503195917,-9.824337668802324,-0.000374843797958235,0.0005454925695471744,-0.0014997111615558795
261.9999999999911,-0.0059114756534282675,-0.013290598917870886,-9.795109143270235,0.0020289543223875792,-0.00028730721927016533,-0.000865266387251628
262.0999999999911,0.010405759935384385,-0.01575504623350615,-9.802627543378557,0.0017709950684886707,-0.0006529113201959617,-0.0007712446284345849
262.1999999999911,0.0063674939817056145,0.013529241915525075,-9.816010975696633,-0.0015638989503611732,0.0011864144323429648,-0.0017838216774881917
262.29999999999114,0.0074238810949458335,0.004283198872954892,-9.835089802561791,-0.0004170355126841983,0.0009285968450340346,5.826654161898816e-05
262.39999999999117,0.0030768198283355926,0.0003447773972112921,-9.787963871734648,0.0007178707929299152,0.0013996828606474047,-0.0015700670624009432
262.4999999999912,0.004008365474337291,0.004658502232229596,-9.797544157850254,0.0009892409424770451,0.0012897132630264976,-9.340431518397074e-05
262.5999999999912,-0.0024322119259354478,-0.005418942740717362,-9.806805623536615,-0.0004237324201864223,0.00045298216914772105,0.0005688529257851516
262.69999999999123,0.014121551584327654,0.007493153980521576,-9.818584248914798,0.0008067323150952329,0.0007370812518926585,-0.0011554674511572848
262.79999999999126,-0.0012227808453069754,-0.004066337111472805,-9.807608411417764,-0.0007890924895714718,-0.0014067714107811556,0.00030607769874224953
262.8999999999913,-0.006695756952493385,-0.0047163365926479505,-9.819235144680034,-0.0004796162074349672,0.0022409124531892195,-0.00023779181064586958
262.9999999999913,0.00310345686281092,-0.02145855988812369,-9.811313003478254,0.00018854817486101805,0.0009292559224455397,0.0008572780151984058
263.0999999999913,0.001795351636107004,0.011827758689089963,-9.807775398573838,-0.0018105735810822724,-0.001106147824770533,0.001631936031468795
263.19999999999135,-0.003260329239830291,0.005113168454180657,-9.810246013540192,-0.002084300129120802,0.0007204892525893472,0.0014995590857430755
263.29999999999137,0.004710942767959194,0.011900730284152165,-9.808307724082209,-0.0013205930197969754,-0.0006123295248310756,-0.0008225677120333671
263.3999999999914,0.005741455202421079,0.009418549863734048,-9.820886487587694,0.0013632084141547167,0.0005552162146300533,0.0004694842124928546
263.4999999999914,0.00878136683147581,-0.011989554501453432,-9.811218556837495,-0.0003614322043641351,0.0004582052320860311,-0.00021854113318274204
263.59999999999144,0.007099306057605614,0.0076387201697523015,-9.829878229532337,-0.0014734371072520763,-0.0003188033062284669,0.0010048800226293156
263.69999999999146,-0.002359729042527879,-5.813171488307488e-05,-9.811207068040916,0.0016000658852619416,0.00020269555573968135,-0.00039938458674125066
263.7999999999915,-0.013329554218726931,-0.0017874761220192093,-9.808547142930886,0.0003334524813646471,-0.0023710078555184613,-0.00025024602202909825
263.8999999999915,-0.00012022564267939807,-0.00788930403930965,-9.818187891695588,-0.0012998326985650555,0.0013701639228942387,-0.0009242558019843081
263.99999999999153,0.0030969601911764416,0.0038051723252733177,-9.793960477154997,-0.0001863145663959879,-0.0003067784917569691,-0.0002600019141054627
264.09999999999155,0.0006221604018416526,0.012060148767780646,-9.82190213441294,-0.0009721309911019546,-9.985433990823346e-05,0.00175551594177973
264.1999999999916,-0.01688219109306708,0.0009051518637061971,-9.83027602021116,0.00026080325756652203,-0.0004511465214507098,-4.199362303776201e-05
264.2999999999916,-0.005094071498025016,0.010968451912412669,-9.821081757861508,-0.0010576059167683237,-8.521818252366946e-05,-0.00031556497696106836
264.3999999999916,-0.015957659975485327,0.007796742116971217,-9.821383231148964,4.6821702158488374e-05,0.0021668890974109833,0.0005069678449088418
264.49999999999164,-0.007084511919116216,-0.0004037020988972424,-9.819949610532861,0.0009605135291443736,-0.0006719483238719109,-0.0013854598721254356
264.59999999999167,0.01422946522658845,-0.011592298622286728,-9.805274059716616,-0.0005633756648717993,-0.0004178707212489354,-0.0005482243030770178
264.6999999999917,-0.002240253426797507,0.002490287884136843,-9.807061714752937,-0.0010911091312804794,0.001432862513305814,0.0006618823027099197
264.7999999999917,-0.006262612522785562,0.0010535388457908817,-9.814564376853472,-0.00011690864769466603,-0.0017922973567350827,0.0017701307932580345
264.89999999999173,0.003528684140198022,0.00422571566218409,-9.827098396831664,-0.00021725444308336533,-0.0014239306827855222,0.0006161357984669841
264.99999999999176,0.004352458167414892,0.006329855510794743,-9.80500805995597,-0.00026464442999415586,-0.00225082935272577,-0.000941885478594225
265.0999999999918,0.005035042368754277,-0.00965364273062018,-9.791169433103235,0.0011473569532923114,-0.0015574224142254046,0.0004684187809721895
265.1999999999918,-0.014021138710764198,0.01523244414658596,-9.820843456229223,0.0016353617928994654,-0.0010950341246387452,-0.00010510585943833912
265.2999999999918,-0.0013744329921107953,-0.010044134166474842,-9.82152062268253,-0.0015433554048170015,0.0006915139426303397,0.001168945486978974
265.39999999999185,-0.008320561889655308,-0.0018181696343644203,-9.806781868657286,-0.0013950654513192953,-0.0007362218478249313,-0.0008138346010262976
265.49999999999187,0.0023296276101578616,-0.003634701608885706,-9.816809433746446,-0.001817774078981317,-0.00013011728633193252,0.000267037863173995
265.5999999999919,0.0070815589189768754,0.00554038177485916,-9.798555363873213,0.0016070357547364902,-0.0016923988781678914,0.0004213257315559358
265.6999999999919,0.0016209726665364188,0.003671520520907073,-9.803853758066902,0.0007495775564103802,0.00017625875007444108,0.0007426651228349203
265.79999999999194,-0.005735882110038121,-0.0006114997982246714,-9.806058225432755,0.0012039284172371853,0.0005314432258330367,0.00047981115305049027
265.89999999999196,0.0001157188409215014,0.005822591648573956,-9.812210886627733,-0.00014128421063846098,-0.00037204805461615414,-0.000592740439076963
265.999999999992,-0.010723717505670494,0.008705003700976176,-9.802993078328909,3.8385055239880906e-05,0.0011107932735699442,0.000890287908438597
266.099999999992,0.0007897340626948763,-0.0016772565137392562,-9.814001820513605,-0.0011484698517041994,-0.00014064704044442102,-0.0006602404149631206
266.19999999999203,0.00693280342610312,0.016469028295499923,-9.826966785037532,0.00031865512035187657,0.0007899362257299823,0.0010133460030559093
266.29999999999205,0.017430903431861242,-0.009905595888421617,-9.787771368248663,0.0007239376469252279,-0.0004683447415531784,-0.0018337190370192639
266.3999999999921,-0.021112504792574382,0.01198329771881811,-9.785562299312813,0.00032312895006025144,-0.0006856294921906344,0.00036094936938214244
266.4999999999921,-0.0023894044665303225,0.006980773158544348,-9.813036734542127,0.0004808236851866186,0.0016720391462270786,-0.0012977301986183047
266.5999999999921,-0.003408100060159664,0.008983442261551181,-9.80963591272217,0.00024569079393374846,0.001496995147839637,-0.00039205647244288175
266.69999999999214,-0.0050121504448563505,0.01852142103638912,-9.802186791432847,0.0001490301580152811,4.2565036586187317e-05,0.0006319387499435483
266.79999999999217,0.0028104408398180753,-0.0028920816081194956,-9.801987154251798,-0.0002835719296414362,-1.1260886075165825e-05,0.0002185685772991068
266.8999999999922,0.0022497241205244665,-0.011021490626460007,-9.82233891474256,-0.0005999831229380799,0.00021087047628557423,-0.0020495626072348145
266.9999999999922,-0.0020336783584556785,-0.004312001982680245,-9.810572913953719,0.0007343614933756258,0.0010835446402477661,0.0002657005804161799
267.09999999999224,0.0006111877923521965,-0.019282315346038838,-9.811729352969401,-0.00021027439156788018,-0.0017495435865341356,0.0006346101896276952
267.19999999999226,0.01102879738951382,-0.02299493501309849,-9.797975363118324,-0.0002849164433362586,-0.0013159317370964397,0.0001698108221536015
267.2999999999923,-0.0073527047242130245,0.008939392651855036,-9.799868137778715,4.155269011517574e-05,0.000277551113539556,0.00037884753509381927
267.3999999999923,0.008121205436150481,0.003358408883649165,-9.807012221808359,-0.0008675098138236166,-0.0015834287923439027,-0.0009497677560923524
267.4999999999923,0.02780093466428893,0.02009861445425213,-9.824020239790672,0.0010804209871269712,6.120219722849404e-05,0.0005781663354658073
267.59999999999235,0.006225743447305349,-0.002704762216108253,-9.782644502544377,0.0014965738836955867,0.001070059571947316,-0.0015959367747089474
267.6999999999924,-0.013920016261325156,-0.00165569324080451,-9.823360059480194,0.0017541296513404335,-0.0005200380648711521,0.0013342594297028952
267.7999999999924,-0.0010765623443954567,0.015456914112356952,-9.830277704555629,0.0014213800530603045,-0.0004776082376219443,0.0006740243301467489
267.8999999999924,-0.008307076856683639,-0.01665817052946401,-9.809748047626073,-0.0013186810594768754,-0.001161619619633078,-0.00027113652450194887
267.99999999999244,-0.003561412697475912,-0.0031496802086592676,-9.799937996063793,-0.0007301087036617659,-0.0005698600914301906,-0.0006697505716223687
268.09999999999246,-0.00011209140587111458,-0.002021840470366851,-9.815536940260035,0.00013036901191292288,-0.0019200390806913949,0.001933078537532851
268.1999999999925,0.0036935286310167204,-9.408549390483236e-05,-9.810353112021406,0.0005409996322765498,-0.001743293150484111,-0.001353480586139766
268.2999999999925,0.010928336664334102,-0.019766065911028755,-9.810783338868555,0.0011698029923767985,0.0017543969060281317,0.001458297149912516
268.39999999999253,0.010539125177236404,-0.004470541400864726,-9.81071275349645,0.0009268808039360947,0.000585642708743461,-0.0007655762040183596
268.49999999999255,0.019122570402775305,0.010160014610946103,-9.817826771691,-0.0008874203337363232,-0.0015842690775921201,0.0011016289818290021
268.5999999999926,0.006135998265682055,-0.00030426280079205194,-9.804111500654011,-0.0005987076379028926,0.0010867291400957274,-0.0002255501351684686
268.6999999999926,0.020190756968206523,-0.009419124762250094,-9.822595016072897,-0.0006446628669390109,-0.0008055739483632331,-6.992767294166577e-06
268.7999999999926,0.01511850949469573,0.008831849588292086,-9.814130804161715,0.0005447716382194871,-0.0011697950315414176,-0.0005504618403777466
268.89999999999264,-0.002932026644579064,0.0074779084924833155,-9.818645882506152,0.000528011310690726,0.0005068146397301774,0.000591059020993764
268.99999999999267,-0.01187580275243044,0.00538667679367273,-9.825737286337906,3.529642937202203e-05,0.0003102091664193825,-0.0005648085007398478
269.0999999999927,0.006943565039306936,-0.007834394920866437,-9.83702485250864,0.0014170769799586576,-1.1819446645241386e-05,0.00020929748420363446
269.1999999999927,0.005463340274991873,-0.0014956336362077682,-9.827573264759547,-6.88639617446873e-05,0.0012332081761461601,0.0011018752405861272
269.29999999999274,-0.007855188990069885,0.003384845250115899,-9.815314834827376,0.00038643954601287866,0.0006887877557992757,-0.00025093258283577746
269.39999999999276,0.02117457064520135,-0.006353927621929626,-9.824657526181898,0.00039737433854489387,0.0014987250784364232,0.00039135863628546303
269.4999999999928,0.0026568493409883536,0.020018291990053463,-9.806944288177895,0.00073940153942221,0.0009129758324604873,-0.00022660346355225352
269.5999999999928,-0.014819747978864968,-0.015753224172615793,-9.832497278706645,-0.00026431562283357496,0.0002478653860446286,0.002388284361752396
269.6999999999928,0.0012770545129463478,0.007810574125044206,-9.812608655719377,0.0008490564529999553,0.0004390355482907757,0.00110172856878003
269.79999999999285,-0.008992519665508876,0.003785327131367054,-9.810582853058252,-0.0005507162090939384,-0.00028575623749687456,-0.0004645499436538432
269.8999999999929,0.0008455558308185067,-5.344169492103442e-05,-9.801027844341114,0.0010790931361314784,-0.001026603673585238,-0.00018592012009452767
269.9999999999929,-0.00017839521230538042,-0.011099517151200049,-9.817450053267349,0.0003214569380109938,0.0006190142844593924,-0.00095383192087111
270.0999999999929,0.0007325422114859151,-0.021001802493941134,-9.809131377341576,0.0004853312604067132,-0.0007916789941009086,-0.00023768685773065544
270.19999999999294,-0.01102909837447307,0.0014199621454276197,-9.820948580814072,-9.017073896583506e-05,-0.0023833252281285637,-0.0010999924487562413
270.29999999999296,0.002752630278521018,-0.007906915886694581,-9.804339557349502,-0.0001318466757944783,-0.0024816828555563877,0.0014437180501508204
270.399999999993,-0.0072357681676195095,-0.014289175208811471,-9.809571190244295,-0.0005109877777271049,0.0003739260238291327,-0.0007766774881725016
270.499999999993,-0.0030585974838499724,-0.02993676394438522,-9.809145388702579,-0.0009021811729552212,-0.0010954933076486454,-0.00028046972636425893
270.59999999999303,0.008979262329804928,0.023906416056960093,-9.803827943203514,0.0006542331758245092,-0.0007714736431238921,0.0008155143048987881
270.69999999999305,0.004529078596173448,-0.0158165848099317,-9.81913919329413,0.0005910108486361644,-0.0009235721560943591,-0.0008513696882545407
270.7999999999931,-0.011122584866893872,-0.0034841742976954686,-9.802589247401373,0.001488889505119694,-0.0004336721826203053,0.000744395074866458
270.8999999999931,-0.0028220539154178216,0.012321135640503427,-9.828752760026033,-0.00022574985852189078,0.00011994500156312721,-0.0003799725073936759
270.9999999999931,0.008874651170701478,-0.003284337793791838,-9.813044938781589,0.0005593880035728158,0.000288743684142843,-0.00015454827675931882
271.09999999999314,-0.014187565996663805,-0.01671466817333704,-9.809174024957533,-0.0007477696291344514,0.00014029040303596373,-0.0006268890259235545
271.19999999999317,-0.007572694712673223,-0.0132452708863842,-9.825091805268134,0.00014720458692417726,-3.407027453044531e-05,-0.0006158178424395732
271.2999999999932,-0.002170959805112142,0.01202213619921542,-9.82181550605126,-0.0005718148635973126,0.00024816789288163135,0.000896830104059355
271.3999999999932,0.006557717332352696,0.011988000137518169,-9.82877786596086,-0.0023872938377284196,-0.0003157528603874301,-0.0021971545028357654
271.49999999999324,-0.004616949739862837,-0.014419429015368607,-9.807388824203935,-0.0008573767783786374,0.0010255439564813432,0.00037875975535458514
271.59999999999326,-0.007404258962890208,0.00032995182822316354,-9.799243149947065,-0.0004062726341665577,-0.0014677480244466273,0.00048029363572581473
271.6999999999933,-0.0015980756223960286,-0.004182968183753637,-9.817166090322745,-0.000928081621463635,0.0009617177516740877,0.0007891703634319513
271.7999999999933,-0.005759756374952043,-0.0028355480077331846,-9.808165511826408,-0.0015383281355454284,-0.0020410508977851713,0.0009066988748181523
271.8999999999933,-0.0039758674720069866,-0.01283290538504944,-9.803360178350115,-0.00022383516766501184,-0.00031422985301133953,-0.0009184957486297723
271.99999999999335,-0.009010400077516197,-0.003200919587196504,-9.824418080261093,-0.0007065714287887705,-0.0010905398429493232,-0.0015983416194370785
272.0999999999934,-0.003858928080462337,0.0016129379102176363,-9.805093943437829,0.0004505220317538476,2.2255045640131942e-05,-0.00065759074931352
272.1999999999934,-0.008664630113836084,-0.005921268075938807,-9.794664499643115,-0.0018140175927613368,0.00011948584688087336,0.001521963604343997
272.2999999999934,0.005727718815389601,-0.013082377240250454,-9.820799612748809,0.000702070625279536,0.0012774246488554191,-0.001984052274860737
272.39999999999344,-0.0023514675118382557,-0.024351047921467056,-9.789894231191306,0.0008908910675503423,-0.00042137466289769986,-0.0003899437521831856
272.49999999999346,0.015831629749159,-0.0024531618939863937,-9.810597664231047,0.0006168364484801261,-0.0006654392711232842,0.0015013262121374707
272.5999999999935,0.007153553221853767,-0.008080441275899854,-9.810120671328262,-4.965738493117776e-06,0.0002930927709881248,0.00044483776602109764
272.6999999999935,0.01829267129078017,0.006759707356832477,-9.80436327286615,-0.0026833129272413915,-0.0009616036488151406,-0.0005526176941015196
272.79999999999353,-7.803808258666594e-05,1.639979775911067e-06,-9.802227391393604,0.0011937699060397345,0.0005907861443918634,0.0008481598053255294
272.89999999999355,0.004011043596834747,-0.0008655970353080184,-9.8137726762835,0.0012524801768220477,-0.00026946315909024814,0.0003747372357658739
272.9999999999936,-0.0028671603427622857,0.0027599379531101824,-9.801763613230326,0.0010154656851713365,0.0004292511814297342,0.0006736257754149646
273.0999999999936,0.0077607731457904425,-0.015618769607965034,-9.802612842348907,0.0006968108961468466,-0.0018574915537185196,-0.0003325022130737046
273.1999999999936,-0.012018128003491066,0.0037051104406002895,-9.81297893275815,-0.000169220175974089,-0.0010121138367854626,-0.0002176706228500769
273.29999999999364,-3.25808174102872e-05,0.012894499375577503,-9.797943433905395,-0.0004987373772216664,-0.0005495557640163405,0.0011076659180022576
273.39999999999367,-0.009808804485623298,-0.0017075115993377393,-9.82222274450005,-0.0002819201693039341,-0.0007447475249779331,-0.0003686872176329041
273.4999999999937,-0.0002403544918849195,0.008072750485687882,-9.78969974437141,-0.001879925713177844,0.00045632371880807157,-0.0007391746879806269
273.5999999999937,-0.01328936319996356,-0.004251243674018413,-9.805494205281002,0.001358589393726699,-0.0003289475260177807,-0.0005316693702244197
273.69999999999374,0.0005782050456698489,-0.005669784633801526,-9.810977726249861,0.0018074132990482316,0.0013425182750988252,0.00015344122410188653
273.79999999999376,0.003039845841146727,0.0036476207184416975,-9.824283957350476,0.00043131044325691063,0.0009394621139777944,-0.0008638992376096619
273.8999999999938,0.00032128738612312096,0.006013122492970351,-9.810402415837427,-0.00039994054720376174,0.00043519039779388373,-0.0008435335728442481
273.9999999999938,0.004708255350050709,-0.015475395570495437,-9.809454129727213,0.0007593699788201914,0.0006611411398045125,0.0002486341133378605
274.0999999999938,0.002212507240464171,0.018145192915750147,-9.815252747867106,-0.00036332563857911185,-0.0016266190570816213,-0.0007650149662037909
274.19999999999385,0.011686470060324501,0.005478868863022382,-9.815058699929953,0.00036919681907081683,0.00047031500395481614,-0.00023065774183730808
274.2999999999939,-0.0071718093230508885,-0.004337944296301883,-9.796622773212848,0.0008186640461205568,-0.0018417261414744373,0.00158517246723351
274.3999999999939,-0.011840402780379495,-0.011202274609752065,-9.807885110055699,0.0004269190359747281,0.0008180516112062879,-0.000797084173383447
274.4999999999939,-0.014513056331145356,-0.009729737803375686,-9.816355918344904,-0.0003070902263758289,0.0007232508838322585,-0.0005507737272338122
274.59999999999394,-0.0060675354984749165,0.0028257561000098554,-9.822991677866876,0.0010632301116032155,0.001292553784376575,0.00023920305344605046
274.69999999999396,-0.003265970316756483,-0.008398380510904727,-9.829294095444418,0.00048104780163508483,-0.0003448039087481544,0.0014666610697306368
274.799999999994,-0.0013884976826178453,-0.01379901588598415,-9.80775184038858,-0.0010132086321980737,0.00026166101426431727,0.0012306734036738572
274.899999999994,0.008280143549860498,0.007569730716511472,-9.79063801640446,0.00024141077642567802,-0.0016391973916248732,-0.0007736024969123353
274.99999999999403,0.006120855068819359,0.017670900571778822,-9.804700629745408,0.0010684039230555312,-0.000256665382769366,0.0009766732359226312
275.09999999999405,-0.00016105569329710374,0.0037986015814828636,-9.808145064503968,-0.0017467122668640468,-0.0007133436480148989,-0.0009451271417214084
275.1999999999941,-0.008378587915558256,0.0015005223733591455,-9.817803747857475,0.00018675887996879637,-0.0016117167402714208,-0.0008715881675228445
275.2999999999941,-0.01708967043670452,0.0011619021523950573,-9.804202240787854,0.0008847150629585382,0.0010495113971026964,0.001023827406822202
275.3999999999941,0.013753042691046538,-0.005630686199411154,-9.777961642016816,-0.0002629988152946162,-8.558670721311681e-05,0.0003553478763471488
275.49999999999415,-0.006993960005249646,-0.013891382532848306,-9.816404246216932,-7.750837505089704e-07,-0.0005525580981135013,0.001879675290131184
275.59999999999417,-0.009717707905947892,-0.004353751090100863,-9.81332456262686,0.00021816319715999664,-5.16011936948843e-05,-0.0014777299537518463
275.6999999999942,-0.011696383666936427,-0.007368661598869126,-9.803419178040084,0.0010402256605577637,0.00045788834056835834,0.0009337754923593208
275.7999999999942,-0.009486577400537096,-0.02040893243863714,-9.791730122413743,-0.0015601279415612176,-0.0011016332350332586,-0.0004559912093543611
275.89999999999424,-0.00676608078945908,-0.00749970261868001,-9.811365425809536,0.0007556876088414947,-0.001211852476535456,0.0002614387038401037
275.99999999999426,0.0007742523482606663,0.010239101345056185,-9.819846859777854,0.00033071218764549364,0.001609345606214826,0.0011234418246271949
276.0999999999943,-0.012822475374366815,0.012849650634450495,-9.80183257653473,-0.0005309164983251276,0.0004540483841986649,0.0005571232861336678
276.1999999999943,0.008320339148127746,0.006190216671752653,-9.800247867065742,-0.000955189338466155,0.0003853467338194029,-0.0003383356538141775
276.2999999999943,-0.0028500013344792212,0.014520025751310341,-9.808467203617807,0.00114445397630407,6.18787023665613e-05,0.00033550524825942305
276.39999999999435,-0.0020305870282227266,-0.0011364172035914293,-9.803825141274812,0.0005577281132239654,0.0019138801821305179,-0.00046419170164194217
276.4999999999944,0.0015046157196948935,-0.006468603551639267,-9.815604758677626,0.000570718614918147,-0.0014531911257860694,0.0008584630031289523
276.5999999999944,-0.006011981108149468,0.01332245526491499,-9.801021626035627,-0.003131211441477038,0.0005387145619061418,0.0029325018444267105
276.6999999999944,0.01143443100582867,0.010803441779394626,-9.80321254572884,-0.00011512862688237237,0.0007042694925009141,-0.0002460939496182756
276.79999999999444,0.002277040097628621,0.0017394781171742725,-9.803549607718484,-0.0003428976564355113,0.0012870469487249185,0.0008187380629611274
276.89999999999446,-0.009764140535255358,0.0009027369892106177,-9.827365411632625,-0.0001912690853778706,0.0006307355745134201,-0.001050920718452963
276.9999999999945,-0.0012059105676153585,0.017277654100903272,-9.814153954680341,-0.00031970918046458777,-0.0001556738014263508,0.00040666917743775277
277.0999999999945,0.0013258760158902073,-0.015267841292126081,-9.81613029824366,0.000315091135281447,-9.90320375880101e-05,0.0009454966210516272
277.19999999999453,-0.002511445604724391,-0.0013739716657130664,-9.823455665647247,0.000765750517725142,-0.0002573499237153431,0.00038272975135026006
277.29999999999455,0.008185912718525376,-0.002985054746243375,-9.800129068525896,-0.0005867537297228589,-0.0012143096846180315,0.00020433329815567393
277.3999999999946,-0.0042584243800940485,-0.0031595893112904404,-9.816107376275887,-0.002483034733405163,0.0006210689017113755,-0.0003796771240940719
277.4999999999946,-0.013862747751736813,-0.007779153329083012,-9.827897221882443,-0.0004017646736021636,0.00139731026817862,-0.0010938574783811654
277.5999999999946,-0.013915353339650799,0.0011184461985000965,-9.809254461813005,7.494368928988e-05,-0.0020082206451766515,-0.0014076067329470737
277.69999999999465,-0.0016470389159267496,0.000321368214704543,-9.816021438090022,0.0006172938041209306,-0.0008978201853055727,-0.0006424521522882122
277.79999999999467,0.0035497099991031993,0.01445483339582373,-9.809811329296553,-0.0004924978297367136,-0.0008075902093581666,0.00027837884453979115
277.8999999999947,-0.0090119139106985,-0.011166362278219379,-9.811645839766376,0.0012070292994973923,0.002339491494226012,0.0010612059494983603
277.9999999999947,0.005027403512312673,0.008044736956669246,-9.806436552072677,0.0013830109302902793,-0.00017975782165854825,0.0009459234965609471
278.09999999999474,-0.004181729964305052,0.006474450620657887,-9.818405429318693,-0.00013943660172430078,-0.0007492895711816099,4.790670323186201e-05
278.19999999999476,0.0022902704656080184,0.007157395427056695,-9.82451244625951,-0.00031732683239187563,0.0003512873167518791,0.0002389311072869643
278.2999999999948,0.016542577270640173,-0.007279755185804105,-9.823061359909685,0.0008938137295459593,-0.0010951390790144954,0.001068515710166796
278.3999999999948,-0.002074981329700299,-0.008547050015831057,-9.808862273662195,-0.00021315098682459896,0.0008128884950646187,-0.0019255525629139523
278.4999999999948,0.001661907345154947,-0.012480844007632481,-9.815351298983698,0.0010682307599186724,0.000428571974707531,-0.0014312175577566749
278.59999999999485,0.011208559291078305,-0.00963472583963928,-9.802045045670233,-0.0005906172941740656,0.0008275210340684529,-0.0012836579534947772
278.6999999999949,-0.001850073677919949,0.00522066377657193,-9.811294104294548,-0.0015780487086591518,0.0007401109381100106,-0.002065852055878
278.7999999999949,-0.0037118105606298354,-0.0062624160793688,-9.792050598941607,-0.00027423960377978297,-0.000657179271905584,-0.0007960719474322516
278.8999999999949,-0.008142421136405157,0.003385447798070673,-9.81104251627421,0.0011066655876988143,-0.0006517910863054293,0.0005783803712489538
278.99999999999494,0.003770919201635587,-0.004832647359728256,-9.803300600937153,1.3499202060692665e-05,0.0005614215191472817,0.0006511050124582766
279.09999999999496,0.0022300233895808158,-0.0013663615212103576,-9.804121910486822,-0.000907872191982594,0.0006555685168299295,-0.000728555987652242
279.199999999995,-0.0026992506161034636,-0.0032011765378987685,-9.810577586977635,0.0007191267456730715,-5.100777410722156e-05,-0.0006068630367114825
279.299999999995,0.0084580075223451,-0.013864965229827098,-9.806139076092343,-0.00020435450981929509,-0.0003511331908156542,0.00016473909050394875
279.39999999999503,-0.0016513845362430774,0.00836591486454192,-9.800018076075414,-0.00040825240624195984,-0.00018349867560470357,-0.0011777128557636483
279.49999999999505,0.0182759014863143,0.021350723338476367,-9.80982447199687,0.0006119518336767819,-0.00010748365022820791,-0.000555188118417584
279.5999999999951,0.0057716978784606646,-0.010246810372392657,-9.818697230885785,0.00021546778930223176,0.002195695574540891,-0.0010736468517071034
279.6999999999951,-0.005497737256554029,-0.006625472277141536,-9.824552397249601,-0.0010018031379545424,-0.00013846090385030612,-0.00048394692289608385
279.7999999999951,0.011165492331338556,0.003494781802639256,-9.827076937787798,-0.0006408681790055849,-0.0003889576668329018,0.0011108647576957146
279.89999999999515,0.0016331531440228818,-0.023945046140305376,-9.79927715023704,-2.5742271792209875e-05,0.0021795048853520244,-0.0005807717282181135
279.99999999999517,0.016201079834834264,-0.0039045419631199975,-9.791972896478896,-0.0001223435369291492,-0.00010327306555738989,-0.0019279925227900453
280.0999999999952,0.005885573019328148,0.010517572364016035,-9.81503333033001,0.00019840741121104379,-0.0018964928278600696,5.75378263789264e-06
280.1999999999952,-0.005161103595295127,-0.005675201261040538,-9.81709779383567,-0.00041737822810057265,0.0010476119875517307,1.4618396033562157e-05
280.29999999999524,-0.007085068600623559,-0.012300432562614374,-9.798458743018367,-0.0013322766918444082,6.992987232219e-05,-0.0005970844250632881
280.39999999999526,0.01416835500388882,0.010482964298439224,-9.826415414525199,-0.0010544524323060887,-0.00033196740877305394,-0.001235271573027837
280.4999999999953,0.0063607179426362894,0.001298014582190401,-9.807806890592465,-0.00013459805428133988,0.0004426307862551545,0.0010056909604897937
280.5999999999953,-0.002766670061577914,0.024938365350853076,-9.813533556536319,0.0008814779995075953,0.0010310508380219669,-0.0017304290235832544
280.6999999999953,-0.0023888678347523296,-0.007004792048666286,-9.820681674668249,-0.0015124567740525195,-0.0007360475346230205,9.871226146644721e-05
280.79999999999535,0.00355090527949158,-0.005112569108162636,-9.804438768340903,-0.0010259698046673504,0.0003640592680481057,-0.00121707301634151
280.8999999999954,-0.002307190241455433,0.0015404757545608952,-9.816925875899413,-8.140098411518161e-05,-0.00047397262658722635,-0.00014251784836562725
280.9999999999954,0.005620125902822412,-0.01818094763748846,-9.810660170419386,-0.0006825567777522226,0.0009694706875288237,0.0011671763091892964
281.0999999999954,-0.011678503756210084,0.0022505115198480446,-9.78778313769019,-8.048816676022337e-05,0.00021076783957971478,-2.3765658747487874e-05
281.19999999999544,0.01710363037578598,0.009900102874154324,-9.812445708889006,0.0012718192215135026,0.00010966300882143162,-0.001615658597365309
281.29999999999546,0.007806784594171674,-0.004004735635444721,-9.817035769315247,0.0007972349910074616,-0.00031658710324523545,0.0005558038901258954
281.3999999999955,-0.0015260058455290571,0.014347872370419559,-9.812539095616424,6.82168407008833e-06,-0.0020162307852219534,-0.0023647037014748167
281.4999999999955,-0.028708458972389387,0.01193694127885382,-9.800285331581398,-0.0006799720531366536,0.0011500161194057167,0.0006437181362974533
281.59999999999553,-0.002811768828373628,0.01982542849214479,-9.805657342935502,9.439463015771739e-06,0.0009680384902728975,0.0010055557826627452
281.69999999999555,0.006270939138181445,-0.0010374040941844047,-9.808460569441324,-0.0011739431013263646,0.0007248108326613522,-0.0011217308070729023
281.7999999999956,0.0026148747172953807,0.011745409465006209,-9.800363200407967,0.0005094815144848315,0.002455159689682255,-0.0010440780243488892
281.8999999999956,-0.0071384871049469546,-0.0014507504262539692,-9.809412338714967,0.000776787385914801,6.307564121641607e-05,-0.0010961034786660208
281.9999999999956,-0.002139828587769129,-0.0015277123691804734,-9.805214029247995,0.0016303254781134917,-0.0005053750103040849,0.0005603371920689295
282.09999999999565,0.003458285164862282,-0.004688515419809044,-9.801993767650057,0.001117623084812285,-0.00014512027725973635,8.716038084961764e-05
282.19999999999567,0.017404472528067816,0.008184022700633276,-9.819966651325167,0.0005227401909773401,0.000715858357120419,-0.002266519701892979
282.2999999999957,-0.0018954339501049873,-0.0011882380514864378,-9.807525604120663,-0.0001209499603099042,-0.0004647762479354481,-0.0013009517469811844
282.3999999999957,0.010538688364398384,0.014820890102321438,-9.817239400139192,0.0005695002475763234,-9.293401885711409e-05,-0.0008191541501873398
282.49999999999574,0.009354191439778014,-0.014265034046114837,-9.813541249940506,-0.0008125851883397968,0.00018382339678854102,-0.0012294598325402865
282.59999999999576,-0.002802976148491131,0.004988454595767398,-9.820027981594581,0.0010410848975863248,-0.0009012609471089035,-0.0016197917840399794
282.6999999999958,0.0059950690273867496,0.012644968590254744,-9.811433557426453,0.00018092005645371247,-0.0025815442579735825,-0.0001587373204811125
282.7999999999958,-0.002559823777803531,-0.005101497591353595,-9.809020418691661,0.0003912702321291932,-0.00012858164248833237,0.0010966598401185176
282.8999999999958,-0.0080243580881299,-0.01212536146634759,-9.819338666440864,0.00015127610911018524,-2.642456396810501e-05,0.0007228777991740236
282.99999999999585,-0.013890063171382194,-0.004061709395153923,-9.793750981410948,0.0009199506901100956,-0.00012665310221960735,-0.0005906463695607314
283.0999999999959,-0.004664868632725914,-0.013383408993302735,-9.825633159788142,0.00023076881784813078,0.0001537130235562621,0.0012419824235852402
283.1999999999959,-0.0024191060914047773,-0.008941053342776402,-9.817264432315731,0.00039385790040873353,-0.0003735868907528408,-1.9048933565450813e-05
283.2999999999959,-0.009518381599268141,-0.007936350752372413,-9.799123973468545,6.425367692527999e-05,-0.00030835684423602253,0.0012117502391654586
283.39999999999594,-0.008755654622616625,-0.001423448220495126,-9.814899426196513,0.0014139893953842965,0.0004616624172506985,0.00029346352055529434
283.49999999999596,-0.007431136881283822,0.0037011085759824348,-9.798999904496574,0.0007346595381455822,-0.0005084416563293926,-0.00011706460153435762
283.599999999996,0.0017965621799971405,0.007362712310088858,-9.799629747910929,-0.0005882348292014857,-2.3150083729163997e-05,-0.0001351266702866718
283.699999999996,-0.006418341732905346,-0.011246362725671007,-9.842591410648986,0.0007918609042179489,-0.0003079063321731397,-0.00021583578349466544
283.79999999999603,0.002102996036639822,0.007004631103002725,-9.812240294224651,-0.0007762590708260103,-0.0017464689964562696,0.0014572876212673215
283.89999999999606,-0.009209552352112694,0.006911937078159167,-9.795343021728254,0.0007288269134785512,-0.0006035467718047923,-2.8176026291438904e-05
283.9999999999961,0.024360394114812785,0.00886919306034197,-9.818126841328176,-0.00013464337480959394,4.919419205625941e-05,-0.00080262058289567
284.0999999999961,0.006133128978717093,0.0036177360846392738,-9.817268200863179,0.0012631307817806256,-0.0014598599730879448,-8.275095364413876e-05
284.1999999999961,-0.01631605644187235,-0.005989504021389547,-9.827966496814053,-0.002028863431679084,0.0011971070702012322,0.001129188841497833
284.29999999999615,0.0004406032912759726,0.011397521496761525,-9.793334708489201,-0.0008026208342738097,0.00019427440175936574,0.0009744710161450009
284.39999999999617,0.0034752681988641444,0.001448172722520614,-9.808775151527588,-0.0007641465761289749,-0.00038506791906590146,-0.001571124184397415
284.4999999999962,-0.013211873109472286,0.0045717756319390915,-9.812177224126511,0.0007229627985769895,0.0004574527967819465,-0.0008369427710207217
284.5999999999962,0.006189705418114534,0.008054492398498987,-9.802175285490565,-0.0002715098621439245,6.748270933938685e-05,-2.172189313222649e-06
284.69999999999624,0.006309328971937742,-0.015434861890249552,-9.804442571083092,0.0004535257432560989,0.00027594442592128725,-0.0006986698702105616
284.79999999999626,0.02380858733836134,-0.004624669158525809,-9.817162598653935,0.00013160472880857182,-0.001289150146710941,-0.0006419291169208412
284.8999999999963,0.010839362341098488,-0.016538120954607792,-9.800300657979848,0.0001187483326969328,-0.000742416433430352,-0.0011058583984808806
284.9999999999963,0.002101295620832868,0.0009787774859267811,-9.820360196417875,-0.0005988734417400361,0.0019491356548380163,0.002150702623623395
285.0999999999963,-0.0012657864443922531,-0.0024888593726674567,-9.814892276642045,-0.000497987881922492,0.00013561476182042794,-0.00030313364459771876
285.19999999999635,0.014331816415209172,0.008512304337317636,-9.806992684027625,-0.0006352213714483497,0.001355524831633728,0.0006924016284898786
285.2999999999964,0.005019191808981258,-0.012840410820827137,-9.802478033564736,-0.0001563128110121239,-0.0005931667394341373,-0.000346264886004008
285.3999999999964,0.005531703205671117,7.681750769160248e-05,-9.81938084667839,-0.0003650203782425607,-0.0005592588939794973,-0.0016888679234216926
285.4999999999964,0.005876355125270582,-0.0027679344472202358,-9.800508050180841,0.0017907014580953592,-0.0004091013845046803,-0.0006744105511949351
285.59999999999644,0.0024358923671140304,0.0014127207809729154,-9.790066961137706,0.0009155604307809802,-0.0009373394239968083,0.0006987863636326164
285.69999999999646,0.003548525838237311,4.211518556708058e-05,-9.804691728572628,0.0010436297939147943,0.0003071667130501075,0.0018379621717482988
285.7999999999965,0.0014185863068222671,-0.006456989606066979,-9.817145221395226,-0.0007878710305559357,-3.951410210614074e-05,-0.0004127162668893185
285.8999999999965,0.004069442870600136,-0.023407059881829336,-9.802451717145017,-0.0008188262642000546,-5.051326152766286e-05,-0.00029584336021266965
285.99999999999653,-0.010678540870755338,-0.009677157474114314,-9.818157882118491,-0.0006896762253962539,-0.0010501167736640114,-0.00047647222077778784
286.09999999999656,-0.009745366263151015,-0.018682497341584767,-9.815283614587184,0.0017920249370924173,0.0008707808961629992,0.00010456115434058956
286.1999999999966,0.0015624758637902106,-0.005411839630549562,-9.810821417080787,5.385728150375473e-06,-0.0005685898317887008,8.912056693182791e-05
286.2999999999966,0.007820867283256273,0.00296164508812137,-9.82251237470831,0.001623860238670105,0.00033161998662230286,-0.00036192217754459354
286.3999999999966,0.007586626443701844,-0.011740709621829722,-9.80375156794466,-0.0013191251333253525,0.0015999956775815025,-2.0567722521847464e-06
286.49999999999665,-0.008140503595500522,0.014349699952939032,-9.808341883488543,-0.0004154669187439502,-0.00013445111222743053,0.0007144146322725419
286.59999999999667,-0.0003009449518537223,-0.008732411207988438,-9.805155999258847,-0.0007990318969607119,-0.0008471650595837302,0.0005051143141941415
286.6999999999967,0.008135390318303832,-0.0102118117328478,-9.809679404306557,0.0004220212057557391,-0.001466250276297765,-0.0003836373717052722
286.7999999999967,0.012269737449868517,0.008159363997085221,-9.818594286410093,0.0008848313894507057,0.0007168367072654276,0.00023703410165324516
286.89999999999674,-0.002020322797800067,0.005018182183667131,-9.808922630831258,0.0007729549588790597,-0.0008690544174503612,0.0008680466182165063
286.99999999999676,0.0032914064542073256,-0.012491019878228789,-9.815300897732396,0.000823411391791441,-0.0004884849007012968,-0.0003340453469437437
287.0999999999968,-0.0025871445728649156,0.005668121690603068,-9.815412325176915,-0.0005865736421950865,-0.0015787844052858077,6.02418399287357e-05
287.1999999999968,-0.009162066157424197,-0.006147361394094918,-9.792822796599516,-0.0008759355388498376,0.00013977692832760629,-0.00012953319543148597
287.2999999999968,0.002736943582106418,0.00044754709010800116,-9.822034452996705,-0.0007031796883861382,-0.00017607458531318618,-1.5089914889640444e-05
287.39999999999685,0.00169326985108265,-0.006314237165571517,-9.80078735727461,-0.0009518249399207518,-0.0006892892638647141,-0.0006620406488773217
287.4999999999969,-0.0026295834187600414,0.003707985471994553,-9.814778546920415,-7.923640171032187e-05,0.00013692552802735937,0.00016112911892990673
287.5999999999969,0.00045105182129391157,0.00020533185350747152,-9.823330620905137,0.002780243257016737,-0.0015878358829796357,0.0007798218776169624
287.6999999999969,-0.020509124840669957,0.013962625003519984,-9.82083536829194,-0.0001391421170283693,-0.00021291876277409043,0.0010112725834659738
287.79999999999694,0.01750675071228381,-0.005468800989484236,-9.802391704267032,-0.00032925362491268757,0.0003532046918896776,0.0013251603541951558
287.89999999999696,0.004466450361003476,-0.004913572380288989,-9.798301835561961,0.0023850992443212467,0.000907820522062983,0.001856728722144855
287.999999999997,-0.01192314489325629,-0.017111166062706275,-9.796146945774405,0.00030131139396223167,0.0013992452127868141,0.0011719541741086546
288.099999999997,0.004776878928660266,0.017369813246138482,-9.806510650924519,-8.988413946155887e-05,3.210374778513915e-05,-0.0004739320250604626
288.19999999999703,-0.010845855040126227,-0.0037044033424782374,-9.804210746462557,-0.0007215417198016082,-0.0012442265149372259,0.0018208963742163348
288.29999999999706,0.006676357545270877,0.01219757020558103,-9.786530220105295,0.001794821023134472,0.000558229941312098,-0.0014798331850990846
288.3999999999971,0.0035578561308027175,0.006093454498906858,-9.822186056243426,-0.0003951865234683643,-0.0008966798009220901,0.0008862415205827807
288.4999999999971,0.00461402999440546,0.004171175412437156,-9.805895306189777,6.652970203020132e-05,-6.998676501994203e-05,0.0002605934558347007
288.5999999999971,0.006277892680366789,-0.009974691636946208,-9.796429483289712,0.0019164676486811225,0.0014942475012422521,9.786008269152172e-05
288.69999999999715,0.017653705423180323,-0.0011892154744623225,-9.802406691906013,0.001960367564286281,9.777638536658715e-05,0.0009306874156801226
288.79999999999717,0.0023477551140599112,-0.002707735460536936,-9.79733704946973,-0.00047433544846535886,-0.00037467231734215114,-0.00017964154290005943
288.8999999999972,-0.011090718092682379,0.012233444653806975,-9.80597616432504,0.001583347135890099,-0.0010677284431075066,0.0004965907935483952
288.9999999999972,-0.007855637889891874,0.016812152861526593,-9.797125599999674,0.0007158939767248871,0.0015560321113652052,-0.0003970942472027797
289.09999999999724,0.019230389184930956,-0.004627104907433154,-9.810056587235945,-0.0009475093438326473,0.0006975049539213867,5.316852443160189e-05
289.19999999999726,0.005072040285444015,0.015713899537874495,-9.818870268270597,-0.0004331749110037734,0.0012545950987319495,-0.0023089229005923526
289.2999999999973,-0.0077463561001394204,0.015071289010848822,-9.810824132325282,-0.0004419848660727319,-0.00026770492408860133,0.0006590276124190196
289.3999999999973,0.007427414348460642,-0.007636548512840006,-9.817144190322942,0.0008601336444208781,0.00031131493773079236,-0.0011921096346565615
289.4999999999973,-0.0009735405385458808,-0.014934196121891239,-9.812886092639935,-0.003078243856472053,-0.0004113070310608565,-0.0013491721170494535
289.59999999999735,-0.0008149662904468444,0.003254292076725501,-9.804505113250071,0.000845439909683913,0.0005978658680894306,0.0007180922142094494
289.6999999999974,-0.001444570958191364,0.012130447842706334,-9.806783106876443,3.202922010319448e-06,-0.0013226311602336132,-0.0011272665180907361
289.7999999999974,-0.00486857033654807,-0.0011283816227848097,-9.809970153670346,0.0008998330080206983,6.193444375401741e-05,1.91468481977199e-05
289.8999999999974,-0.0002284665535348065,0.0030877868786108155,-9.814302885808113,-0.0009965591944910578,-0.0011574534864702006,0.001731621536401912
289.99999999999744,-0.005267964145608722,0.005119171217303749,-9.795158623923099,0.00033974036074442315,6.260284366426954e-05,-0.0031373808058829185
290.09999999999746,-0.0054029612913756245,0.004325766804620922,-9.822378621431193,-7.101773998706319e-05,-0.000590401985164321,0.0008775540037224401
290.1999999999975,-0.0003844732465413541,-0.019474389550936614,-9.812307158805742,0.0016221336989097254,0.0016593311814397697,-0.0006931534932643024
290.2999999999975,0.009798381391189116,0.0004202639070776186,-9.820081623592655,-0.0004004659832219064,-0.0005980139155111088,0.00026355848408451596
290.39999999999753,0.020225667846453427,-0.0035432569320224235,-9.823879707539998,0.0008361565761437292,0.00017732603193256762,0.0014181344021619038
290.49999999999756,-0.017084312109389994,-0.011571917412172972,-9.808960295695554,0.00044814263357887096,3.4914015075516656e-06,0.0004909918375777584
290.5999999999976,-0.019263575927683414,-0.0019967111230092516,-9.813979501924397,-6.315442112633366e-05,-0.0004322290309033515,-0.0012422681280296196
290.6999999999976,0.019073737259280066,-0.012902231551957695,-9.825198365786513,0.001583970783071777,0.0016037744341867253,0.00011934529445912595
290.7999999999976,0.0005789549947771703,0.0021574965212813944,-9.81221509753177,-0.001221416768934721,-0.00022647369902863206,-7.153893315414806e-05
290.89999999999765,-0.0012004462081518124,-0.025899550081840774,-9.803829563282083,0.0005668971401243414,0.0005023100638349897,-0.00037728019922363284
290.99999999999767,-0.002315580153711926,0.003065555239172957,-9.832443504472902,0.0009889736101974585,0.0017190802308142486,0.0011668486911885392
291.0999999999977,-0.007665698260887485,0.015287673102563583,-9.801647828877345,0.0012132181098084632,-0.00034821677323197225,-0.0003260658679907726
291.1999999999977,-0.004325364363864747,0.014060747469101062,-9.820312552516278,0.0012308790814546705,-0.0002516848322746788,-0.0012955415568698448
291.29999999999774,0.014417735172173953,-0.0010631354838894934,-9.811522132102706,-0.00016138767723370394,0.0002117300888848894,-0.00101955858497369
291.39999999999776,-0.02080104989894723,-0.0006986067528390555,-9.812041352161605,-0.00017887922467966168,-0.001067657055065153,-0.0006454554007743307
291.4999999999978,-0.0028470227600594193,-0.0015852334945818856,-9.80006375536818,-0.0001684998495089988,0.0007630066086629923,-0.001993818699591314
291.5999999999978,-0.0027999656162600813,-0.010804232482560405,-9.80362685397472,-0.0016565545652327545,-0.00037452778404543344,-0.000784907864574351
291.69999999999783,-0.016420888009074392,-0.018155334826496058,-9.811396325269003,0.0008716780846778413,0.00014159122084897845,-0.0006030969832766917
291.79999999999785,0.002503197579712301,0.002260574689429248,-9.802040605577751,-0.0008643171689797478,6.439355880755136e-05,0.00039087531926080855
291.8999999999979,-0.0005793071657661626,-0.004697210700119589,-9.816267211963927,-1.4821744203021122e-06,0.00040652208247665895,-0.001147950056724573
291.9999999999979,-0.001583019904379556,-0.00019992970183958702,-9.825799240741308,0.00019080083649529675,-0.00039835301435314427,-7.837594229018485e-05
292.0999999999979,-0.016311853243310612,-0.0003524434814820031,-9.802431753209913,0.0022996977490470946,-0.000324092162739872,-0.0018452312949764958
292.19999999999794,0.016007353777772775,0.0043861241811111494,-9.81083557861707,0.0005915474803798106,0.0006152955203423615,-0.0008819453064495567
292.29999999999797,-0.011939897845091347,-0.027814589504411433,-9.808810888853342,0.00113694142388754,0.00038306909656198496,1.831997497785903e-05
292.399999999998,0.006262817817071426,-0.002297076208393087,-9.814894085465149,0.000731011615174798,-0.0009074347102822718,-0.0007866225963769903
292.499999999998,0.008670117220274208,0.0055537734706802054,-9.823451341177732,-0.0006035193550839513,-0.0018937536941246514,-0.00016899573941085223
292.59999999999803,-0.007082596697266418,-0.009400284985791126,-9.82938865880208,-0.0004217089309301235,-0.0003022631656999291,-0.002233063294913874
292.69999999999806,-0.01982016543919714,-0.00041865328723804233,-9.81526086515108,-0.000257249657742195,0.0009366817836674509,-0.0017572428049720528
292.7999999999981,-0.000757216741301912,0.020628871651435374,-9.805875074045746,0.0012411487081582305,0.0006713900243213404,-0.0005935764509009524
292.8999999999981,0.00265800289571055,-0.006371426069768536,-9.809776887156804,-0.000788623786898047,0.0009318193206731587,0.001297704267340711
292.9999999999981,0.012304652145974983,-0.006024000330546106,-9.798916054194372,-0.0007314401944690107,0.00019304667063437385,-8.053077954779147e-05
293.09999999999815,-0.0022566056769319463,0.0021390395905193553,-9.812365228311913,-0.00034746171125823094,0.0016509307112505408,-0.0012837940389286166
293.19999999999817,0.0001781401991201311,-0.01189653573483791,-9.789146026830903,0.0012474731053058671,-0.0007071953014183786,-0.000217795065991997
293.2999999999982,-0.004805587009795342,0.019890172360066523,-9.784085266767324,-0.0008281263107798069,-0.000608608848110312,-0.00025168184865971224
293.3999999999982,0.00739891657025588,0.009730019988284155,-9.833782326813285,-0.00042092525301820307,-0.0009494449360183478,0.0011748090191328808
293.49999999999824,-0.013053950694194303,0.006680730998672231,-9.815165129593073,0.00023111785319212297,0.00042951135802993024,0.00045670093899421446
293.59999999999826,0.023052086892790934,-0.006238230762026631,-9.818568193453856,-0.00022137025560384926,0.0004725339041743901,-0.0003589852180215219
293.6999999999983,-0.013133927508993672,0.012556817288431929,-9.809761289202754,-0.00012587641460501636,0.0003326060091136156,0.0007712038724165246
293.7999999999983,-0.01155027150808486,-0.022676017909893757,-9.799627779820842,-0.0005193489157863968,-0.0015599014077975896,0.0013820528757866066
293.89999999999833,0.0058243385487818855,0.010886915973551459,-9.812018559406688,0.000427632970646011,-0.001104027909826351,5.367266912651968e-05
293.99999999999835,0.005853724023266821,-0.004897896826206597,-9.825009264648317,-0.00025219322974863413,0.0012221984194867872,-0.00012111944378281859
294.0999999999984,-0.019464342139985675,0.013623034244365955,-9.818644352411608,0.0013712989121550398,-0.0005862668525894797,0.0005307053169487292
294.1999999999984,-0.0014413572460088375,-0.014696746756890162,-9.801369716280409,-0.0013870691703571562,-0.0017315800266309545,-0.0006465405909181583
294.2999999999984,-0.009110132210870207,0.011728082476886621,-9.806902667039163,-3.2411158625563956e-05,0.0006671588915385135,-7.396034998342956e-05
294.39999999999844,0.002183553739579272,0.01638676192865128,-9.807441072126242,-0.00013344732264868636,0.00010935987976430341,-0.00036714112608848197
294.49999999999847,-0.008662995347566814,0.006391869723483882,-9.799494281288373,-0.0014417020129339764,-0.0012228258158040522,0.0020231691578260296
294.5999999999985,-7.528985930806439e-06,-0.005510616764245984,-9.805664987280629,-0.0008998352029758144,0.00019982575294468551,-0.00036565513491205136
294.6999999999985,0.010889486968716276,-0.01407825544307783,-9.810666287710882,-0.0009156906944611382,0.002442245630010101,0.0006570595237478584
294.79999999999853,-0.007272294454354928,-0.0005949034819387883,-9.813058897653182,7.500692031164726e-05,-6.309853910282191e-05,-2.4227110324063656e-05
294.89999999999856,-0.0065446675648172204,-0.002389986819069094,-9.812807593052005,0.00026780072482747794,-0.0012637729677971161,0.0006407792939168056
294.9999999999986,0.005305036184377213,0.008993041064018185,-9.80520886544083,0.0007082291770578063,0.0008490684009793638,0.00042312768574992524
295.0999999999986,-0.01256590848796328,-0.013487355895673205,-9.795100304634309,0.00021356646519033107,0.0005926065766165187,0.0011000504995419215
295.1999999999986,-0.0038779772028078325,0.0001288512073469871,-9.807457590209806,0.0014811170571091062,6.50437287242928e-05,0.0001966366736486833
295.29999999999865,0.0017580963143154543,-0.023576880321904255,-9.803581250617647,-0.0001419903469646918,-0.001247166192083697,0.0003620903068713088
295.39999999999867,0.006877550591642744,0.01035148946193361,-9.804943984369814,-0.0006754917295054655,-0.001023117585235415,-0.0002932383144371396
295.4999999999987,-0.008880514279936629,0.0019104731280063809,-9.7891118651206,0.0011532735089084727,-0.0014183988061928355,-0.00018735409363244675
295.5999999999987,-0.01202276802172483,0.0015786310543643108,-9.811397589093671,-0.0008634447253420076,-0.0016542469138886447,0.0001060014585143094
295.69999999999874,-0.002949524279730276,0.00611972219458604,-9.817394298941778,-0.000534498368180347,-6.0333220609224085e-05,-0.0004957301169247358
295.79999999999876,-0.004669251370481488,-0.009999201843194389,-9.815571686092378,-0.0003138472219476116,0.0009573628220823613,-0.0006091224724350414
295.8999999999988,0.006875926760685095,-0.00729495851673915,-9.823403727919564,-0.0010752024085167243,0.0015491906201489485,-0.00038374092555758856
295.9999999999988,0.010180057411108818,-0.030741217015868398,-9.821419325855324,-0.000869327998405034,-5.215637382906424e-05,0.0005602546996918921
296.09999999999883,0.004426145850564762,0.0060293743810850235,-9.829497695582836,0.00025503175630719934,0.0004550286545493332,-0.001680444020395334
296.19999999999885,-0.003855922968281278,0.01078182617540401,-9.812609712217824,-0.001053682822654386,-0.00040859192049680875,0.0005952076161462785
296.2999999999989,0.008581362952598405,-0.022349548548375172,-9.81760688322088,-0.0008557012769584435,4.3381003921144886e-05,0.0009188745669604456
296.3999999999989,0.014699539038793029,0.0019270004852412293,-9.820443254974037,0.0011282139635953054,-0.0004955521464939434,-0.00027676119071778297
296.4999999999989,-0.0150855469312907,0.0027129755103422666,-9.810059250002292,-0.0006309605090929975,-0.0019475697906243818,0.0004950130076971212
296.59999999999894,-0.010147598051871905,0.009455939478815331,-9.812503111145412,-0.0008190650627532965,0.0009870933887660613,0.000265190669320574
296.69999999999897,0.0006987666506512003,0.0022811111719909056,-9.80155415995764,0.0011056448268268583,-0.0008431672722288862,-0.002086657505317501
296.799999999999,-0.010545086312225489,-0.006779036943715843,-9.790310661845018,0.0008716748434332961,0.0008667208573599787,3.3457124742909905e-05
296.899999999999,0.017834081741270602,-0.0056063561992390565,-9.798897511565452,0.0005056123358043755,0.0006059793409428897,-8.110068899095827e-05
296.99999999999903,-0.023003970686065685,0.0058448207118702725,-9.802287171135996,0.0002002842702557264,-0.0007142883386062366,-0.0013375788374457543
297.09999999999906,0.009257264762484682,-0.006047666262374867,-9.791673116580856,-0.002664475408333598,-0.0007104353153524805,-0.000903520615402004
297.1999999999991,0.006692773656626643,0.0007902449704322266,-9.79871814868253,0.00016837662881293738,0.0006014933117385344,-0.00022591858560548636
297.2999999999991,-0.006968275381555132,-0.008563148751737441,-9.814138656007492,-0.0010322439480215668,0.0010102194564280034,0.0001592779200766616
297.3999999999991,0.006861188720193058,0.0067502720608690085,-9.799948309410308,0.0002973909346200221,-6.928243486892859e-06,-0.0008224247502309494
297.49999999999915,0.012464303703011742,0.008544956876078763,-9.814336744945138,0.0005585374723596321,-0.0004436324298561976,0.0006998313416116535
297.59999999999917,-0.006019940175074968,-0.002834223826453013,-9.793491057992735,0.001176068188934442,0.0006102043846656081,0.0005407031129193277
297.6999999999992,-0.013597957630354545,0.0038983077183171078,-9.823878808204874,0.0009774111826499272,0.0016081062632117644,0.0009682317532062461
297.7999999999992,0.003868246732374444,0.01174843478694525,-9.802635181741927,-0.00017010887641839674,-0.0014053201080930025,0.0027292614688219476
297.89999999999924,0.017666505217271655,-0.012732230524067675,-9.807769057646333,0.0007313838479941907,-0.0012104485918617484,-0.0014443293303988323
297.99999999999926,0.015886956674982328,-0.009066974089037689,-9.798463742283941,0.0009955960331594672,-0.000137667469934394,0.0010332951008252644
298.0999999999993,-0.009983507785676686,-0.012187448013194475,-9.817740368285566,-0.001035814643991485,0.002067575134925471,0.0007944226844224268
298.1999999999993,-0.010146865787708388,0.009351113858315913,-9.796983154415585,0.002081662137328112,0.0006356038621454046,0.0016577812759660771
298.29999999999933,-0.017700004977089928,0.0034224446762834444,-9.815087611164307,0.0006159018568234004,0.00023600815098584314,0.0010766701054813006
298.39999999999935,0.009513032137713234,-0.0019722330972079998,-9.798225682206096,0.0010573201241803026,-0.002604261593250276,0.0015614288151630346
298.4999999999994,-0.0015875030340742073,-0.012220623716215859,-9.827397180977336,-0.0003172161310723806,0.00030556381892485817,-0.0003029391830816449
298.5999999999994,0.016351145516781337,0.005814097103909428,-9.803460346481744,-0.0006283112849183127,-0.00010055670800260144,-0.0006315868220351608
298.6999999999994,0.006074889253125618,-0.00944309746236826,-9.795857887025258,8.277173132882738e-06,0.00017678560392108677,0.0015183651830442024
298.79999999999944,0.0015979906775013748,-0.008942184262592934,-9.824325451079547,0.00038384192634818897,-0.00014813483759558882,-0.0006345771380719183
298.89999999999947,0.010556364477610044,-0.003024923356069616,-9.796223431066675,-0.0005523550524192464,-0.0015759368074642068,0.0006049427697903895
298.9999999999995,0.0009303533564807436,-0.014764837758335009,-9.802509151422239,0.0015980063180178927,-0.0006251028858233116,0.00025629424097264365
299.0999999999995,-0.002551954748344521,0.005329858877376647,-9.79898204978582,-0.0005012402146907847,0.0010074165215319224,-0.0012399310983897966
299.19999999999953,0.0034542595064789823,0.006450123740204316,-9.814859734896029,-0.0010068151047310312,-0.00015246407507625128,0.001439859126261079
299.29999999999956,0.011185848961826473,0.0036963704913598227,-9.80343344435259,0.001335824025737409,-0.0011454065609145076,0.00042234389248057175
299.3999999999996,0.019560284521848454,-0.005859468213526314,-9.813760305353576,-0.0007687721339523706,-0.0006470907399313407,0.0005447122285717381
299.4999999999996,0.0017090618861261213,-0.002811976376569941,-9.819921098810317,0.0007429432586428755,-0.00028864694007930486,-0.0009407572031338492
299.5999999999996,0.006565260102464356,0.0049984576733375,-9.807909239302475,0.0007696199652754534,-0.003022953273985935,0.000587085505409376
299.69999999999965,0.0019850459848496592,-0.008128325758713565,-9.811680242811478,-0.0012049779093281988,-0.00010374823684085227,-0.0003236254967122113
299.79999999999967,-0.009508021392192515,0.029715178815704908,-9.801568806655325,-0.0019268524914863325,0.0004087587051749058,-0.0006704683176519514
299.8999999999997,0.005465876779959104,-0.0032423651480457056,-9.80733828535849,0.00013582316679316262,-0.001310514436168084,-0.0005998849811417613
299.9999999999997,0.007616652213547887,-0.021584183816338528,-9.807928507401407,0.00034034347737146663,0.0004925409368885461,0.00011585803401909955
300.09999999999974,0.0025115688632259283,-0.0006358009876801469,-9.803142309517643,0.0007669040826659993,5.864321321848856e-05,0.0010290728774736216
300.19999999999976,-0.0011083205424925419,0.009207152253704567,-9.779849672402708,-0.0002588053960531997,-0.0004762056019853002,0.0002828984691743492
300.2999999999998,-0.005961524913633762,-0.0148210103179873,-9.809310023540945,-0.0005259530985823697,-0.0014030334791825649,0.0016432364188846956
300.3999999999998,-0.004655816683485518,0.00543641789876411,-9.797233737746685,-0.0017623378849890947,0.0007315887332418722,0.00012157475478432765
300.49999999999983,0.0028486943475955436,8.309539749581036e-05,-9.791237563412723,-0.0007631410550741541,2.7429660667299644e-05,-0.0008949124115151423
300.59999999999985,0.010194456932474864,0.00831288755608914,-9.814271020405833,-0.0001808649525378126,0.0011052760496886656,0.0011504754565538795
300.6999999999999,-0.009257303893204743,0.007369208134927086,-9.784895141360066,-5.423698362481409e-05,-0.0004350029484445281,0.00015846089600186049
300.7999999999999,0.008201675861460776,0.009880729907560936,-9.795509812407996,-0.0001363668902813325,-0.001074357064184301,-0.00027372067841317256
300.8999999999999,-0.01515493011004633,-0.0064607394348775915,-9.818280987940105,-0.0004994923731381279,0.0016854261450105184,-0.0013083358207054822
300.99999999999994,0.009510755809635516,0.004290789392080451,-9.815166752596104,0.0009341662911132626,0.001600429213783644,0.0008127455284746758
301.09999999999997,0.018476726740406676,0.0026988863303548916,-9.812728857306766,-0.000567768364040522,-0.0007481951871553193,0.0010975936884831097
301.2,-0.007168803790302609,-0.01716156584414234,-9.811544627726297,0.0008823231715095744,0.0024577846538751773,0.0020672220419363794
301.3,0.015554685053691288,-0.029475036117620798,-9.815818883989508,-0.0013033500308687043,-0.0007929339585339428,0.00038076962250863084
301.40000000000003,0.016027010388675378,-0.002876614829349315,-9.807566275155741,0.0006440096512989253,0.0002895183101075385,-0.00042146799829555307
301.50000000000006,-0.005290254493909097,0.018374343225905643,-9.829263442996643,-0.0016848527084945759,-0.0009201954624012124,-0.0017979501249099279
301.6000000000001,0.0003644823508083376,-0.0006880442630657762,-9.825801642454444,-0.0011431430902332498,-0.0015695516615170193,0.0010283357643572555
301.7000000000001,-0.020155855396834874,0.02112192231294571,-9.806980551639159,0.0006076094717516665,0.0001784002986895895,-19.087898260344772
301.8000000000001,0.008303427658582514,-0.0018684790014719278,-9.814093480800748,0.00016166835863940004,0.002297431661379838,0.00022936740641516277
301.90000000000015,0.0028705566286221537,0.012733865806871011,-9.814970980773374,0.000259597854149218,0.00014071637195546162,0.0013624070044129123
302.00000000000017,-0.003950897120367918,0.019124311175753375,-9.802770135440833,-0.00048036910457496313,-1.86392101079605e-06,0.0010632753392462641
302.1000000000002,0.012321324313326828,0.004241616383400478,-9.828101757487879,0.0014354912111213547,0.001056150797089483,0.0015930949522146882
302.2000000000002,0.0025016715934686796,-0.013855772279378351,-9.801760020482554,0.0012615878519971091,-0.0009193088589586779,0.0007479220605484337
302.30000000000024,0.010571714021195961,-0.004580386088029477,-9.813024954885629,-0.0007283474629357429,-0.0026708508122707565,-0.0013086693743987513
302.40000000000026,0.0020719591016970444,0.013235117095020572,-9.82519435924981,0.00025008420633163025,0.0006843971309942961,0.0013167800030902976
302.5000000000003,-0.00647370765460793,-0.0017451250403315486,-9.79465150857028,-0.00021986014467123885,3.577707693876033e-05,-0.0006131593444066196
302.6000000000003,0.006685569748318882,0.011400404735500098,-9.818563808789627,0.0006810987496121666,0.00040312315570808474,0.0002893110247740288
302.70000000000033,-0.0008687617978167764,-0.006575657905572412,-9.821029176785702,0.00015827523060997706,-0.00027499355009616725,0.0012334953109280234
302.80000000000035,-0.0013669585440353467,0.0046630037362319614,-9.80711415368493,-0.0006542215521538786,-0.0005074300105318862,-0.0008671836220643344
302.9000000000004,0.0008746650599538687,-0.012362825950414618,-9.81306739094896,0.0003190444040260249,-0.001224785314713863,0.0001323079897947589
303.0000000000004,-0.009797040982368723,-0.022709047464979547,-9.814247533097674,0.0012098607883779663,0.0008032959799130587,-0.0005408048040488019
303.1000000000004,-0.005090212316813898,-0.004539265364822613,-9.808736526702589,0.0015964331002433297,0.0017515331307453067,0.0015356412418142586
303.20000000000044,-0.0003153570686007557,-0.007975931922345018,-9.835013704054235,-0.0012725134384946877,7.999831658339447e-07,0.00015579802189601477
303.30000000000047,0.0006206880288571766,-0.001520584861858318,-9.805379922344134,0.0015616788892272632,0.00014137775245557318,-0.0006973103262280907
303.4000000000005,0.02505563659271048,0.004918539985369205,-9.806787156955094,0.0020987198420497235,-0.00018390291106308888,0.00046924663010211256
303.5000000000005,-0.0037600034895674795,0.004788109688570951,-9.82021158734595,-0.0007544123673091713,6.884166034156641e-05,0.00044643135721148767
303.60000000000053,0.005798056095029754,0.009219196060129638,-9.82433477550743,0.00013314233539026457,0.0008076981296807536,-0.0005800107107830016
303.70000000000056,0.0018944686990848762,-0.0019931411115759017,-9.796521150962246,-0.001595628883664726,-9.037160297842062e-05,0.001018142230326859
303.8000000000006,-0.004136786940310926,0.006161456496194324,-9.820243808969801,-0.002512011357350736,0.002069741238262379,0.0020881061456081177
303.9000000000006,-0.01020740083488118,0.013737497826281506,-9.811078158209162,0.00020074291720623713,0.0006472331246999587,0.0019459905460186967
304.0000000000006,-0.003656538313611935,-0.00213946922829809,-9.812964787016213,0.0026631161587497686,-3.183994015627836e-05,0.0006664474382426737
304.10000000000065,-0.0016042621285431932,0.00037157583372772175,-9.812362877747335,-0.0010193615465689393,-0.0020125140826752386,0.00045393020426440445
304.20000000000067,0.01787586827546686,-0.0053270045990513595,-9.797301195663183,-0.0006102088203855193,0.0009524462177635199,-0.00013098761414642848
304.3000000000007,0.007420188703001348,-0.01656749732090753,-9.807000521640221,-0.0007171938255929283,0.0010058953271466454,0.0010556690488776718
304.4000000000007,0.007099790938891138,0.014001102706141218,-9.822157289597765,-0.00027000584940178407,0.00037388982354665814,0.00045891692604375136
304.50000000000074,0.005647128105085288,-0.004499656153013329,-9.803229371471769,0.0010286884951788474,-8.216531217587185e-05,-3.5030164126570504e-05
304.60000000000076,-0.02035221944481754,-0.00889692999286467,-9.82029878330404,-0.00032545716886925053,0.0008596862203910553,0.000922664567782147
304.7000000000008,-0.008989846825850936,0.008515310048466397,-9.814708534116734,0.0009933096955888848,0.0003972096327706126,0.0008328868597490035
304.8000000000008,-0.003091939257407527,-0.002508808051708803,-9.801443753282529,9.882626588848922e-05,0.00023359020787735624,-0.0007111474389451091
304.90000000000083,0.02602542539151346,-0.006158466456362931,-9.826837717304803,-0.0012696743436616152,-0.0004197600994687623,-0.0007225659367029823
305.00000000000085,-0.005846342635674964,0.004469460419216966,-9.81330047806471,0.001118818489861469,-0.000588295257795673,0.001032888196282286
305.1000000000009,0.01188820533404124,-0.0030304868847933104,-9.804510493812044,-0.001624544561994065,-0.0003335347026431365,-0.0011405469427062786
305.2000000000009,0.020961945696223006,0.006125794590362233,-9.808119190514228,4.19804803413368e-05,-0.00047518063542428953,-0.00042023269740340037
305.3000000000009,0.00939124701746411,0.0016734140192373038,-9.809493062897293,-0.00025457713141331515,0.0011120669738243854,0.001518055758851916
305.40000000000094,0.022926397782389918,0.013142409150888502,-9.784381272407927,-0.0006597745430489065,0.0014006315193933147,-0.0013352570459045322
305.50000000000097,-0.024565216796312548,0.0017294566072591257,-9.820476520969473,-0.001960889522453145,0.00028108762294571125,0.0002879641311669893
305.600000000001,-0.0016358687782488458,0.03182405038368223,-9.816823876370247,-0.0010807424458307128,-0.0004183063041689114,-0.0011698804895591854
305.700000000001,0.01849132836708758,-0.01052840397591924,-9.792374582986922,-0.0004028021247865613,-0.000581229146201674,-2.2906202546552585e-06
305.80000000000103,0.012640224554230582,0.0046387350212390675,-9.806342222381568,-0.0007509623855988488,-0.00047598178047695037,0.00039527475988420735
305.90000000000106,0.0061940740001472806,-0.008890209632829773,-9.820948242981345,-9.65123378315212e-05,0.0005470212439132357,0.0008587591225011076
306.0000000000011,0.005997169704322083,-0.011476791888111314,-9.826121968108293,-2.7126508997536665e-05,-0.0007070328061732713,0.00012963298092917181
306.1000000000011,0.0015408889792854045,0.007185146997177219,-9.824052876681412,-0.0009611987761381839,0.0011670389285674623,-0.00105341346620537
306.2000000000011,-0.011394152029991278,0.009907537725175204,-9.812217662456362,0.0003506606477798727,-2.1951889168980377e-06,0.000257697700280727
306.30000000000115,-0.005916519951301855,-0.01091733535561647,-9.807509352651143,0.0007733858303579751,0.0011278947276835715,-0.0006035142015835361
306.40000000000117,-0.018785183501604085,0.006973540523767273,-9.8087911125529,-0.0007970178478116833,0.0012387422213027274,-0.0005354165310278879
306.5000000000012,0.0025094069903554197,0.00485284002034399,-9.799868876448745,0.0004430037602047771,0.002081447332090779,0.0009248311808216471
306.6000000000012,-0.01095916185004751,-0.013390997114960973,-9.821534558665258,-0.0003695486364135725,5.000420633705511e-05,-0.000341725700356635
306.70000000000124,0.01434795956522465,-0.007941621205317544,-9.828295657518913,0.0023235136072564033,-0.0008103106282627237,0.0008852144667971342
306.80000000000126,-0.0064409478390284386,-0.0037624257266138895,-9.823655169104534,8.225068328327085e-05,-0.0006950095295085387,-0.0007478030288035756
306.9000000000013,-0.003132007939239772,-0.010336281234024015,-9.798087826911608,0.0008845884721592035,0.0016321677040457428,0.0008210415518037947
307.0000000000013,-0.006837648625575259,-0.0024094990422100717,-9.809945733349872,0.002028720084989422,-0.0011557639712396054,0.0008023989321353037
307.10000000000133,0.00876370001657165,-0.002278234815095116,-9.830546212949637,0.0006394698163666347,0.0001263021249965677,-0.0023281868787778546
307.20000000000135,0.004860304270059573,0.00031984189939966457,-9.799211795726901,0.0017479849040478983,0.0008035638950525765,0.00022029499138459277
307.3000000000014,-0.005834800288276432,0.004703830379064505,-9.788965277606877,0.0012854075671072693,0.0002840220855617636,-0.0006712595787538023
307.4000000000014,0.008882560745072618,-0.003523381716484525,-9.811783219188058,0.0003332221285025353,0.0014628090321034295,-0.0005342889413229357
307.5000000000014,-0.0032933957164627326,-0.008590221658706144,-9.822100156878182,0.00029052121275325037,7.601355562806731e-05,0.00015939630073063082
307.60000000000144,-0.0056446706076264865,-0.008942100169543958,-9.781048387055334,0.0006127855428032082,0.00122233133819545,0.00012440292259411392
307.70000000000147,-0.002985225193730085,0.0052649159021782785,-9.802221531485802,0.00109605917198023,-0.0011376874627983256,-0.0001941762926690133
307.8000000000015,0.005051146688062467,-0.01094264019700322,-9.818657031815704,-0.00012913307743186439,-0.0002896490781289254,-0.0008075368254181872
307.9000000000015,0.015782586456106952,-0.01509129672217116,-9.824697194430655,-0.0019735645226741064,0.001269290141319768,0.0002988937613267283
308.00000000000153,0.005730908944266937,0.0030319643114343348,-9.795246123459224,4.3706757047544205e-05,0.002207331781492673,-0.0003031581428618822
308.10000000000156,0.010314210713035277,0.011496794927799217,-9.81360984787575,0.00014938684127712343,0.002602413364181982,0.0017674109477285953
308.2000000000016,0.004341231613538882,0.003476083367796254,-9.79418466030248,-0.00015458935051868193,0.0009088748078648163,0.00034699302323096194
308.3000000000016,0.002968371935187032,0.0023365934932664603,-9.812496159872543,0.0007261275195506262,0.0019185174182961783,-0.0006428113049488168
308.4000000000016,-0.0013736151215906227,0.009729540522352823,-9.809553400830676,-0.0008242582715270602,-0.0002302294975224099,0.0006675920877769809
308.50000000000165,-0.0033257591413861226,0.0021605867549391007,-9.80521598102024,0.0012129639554453373,-0.00034926430669467547,0.0004290534249951616
308.60000000000167,0.014687003982849388,0.018254835573942103,-9.801916854346704,2.455829406373762e-05,0.00019993519620063028,0.00038443836080966293
308.7000000000017,-0.008444653956286182,-0.008762453714128598,-9.818629154392779,-0.000865158101487249,-0.0007550621026769866,-0.00012546430441718906
308.8000000000017,0.025215177085991972,-0.013962824686051875,-9.820545322731622,0.00018589179360053936,0.0003007000761959187,0.0008454660062404899
308.90000000000174,-0.0029085423942348436,0.0008809555953328168,-9.80943416586754,-2.35344647047302e-05,0.0017659937156029755,-0.0013966864625469925
309.00000000000176,-0.0014323381228134328,0.009550980770711861,-9.807463680937474,-3.4211968307624236e-05,0.0018772634437828868,0.0002775282423537174
309.1000000000018,-0.012704446774893505,0.0030174342283973235,-9.813753312366645,-0.0015701466385736296,-0.0005075437251173643,0.0009353356372069753
309.2000000000018,0.0030888424132814764,0.005856448692769708,-9.797317535883566,0.00035738004159918647,0.0008292009997687047,-0.00018904075009895123
309.30000000000183,0.002477007747127514,0.007949719701903427,-9.80976046593959,0.0006869722748195327,3.344519428780432e-05,-0.00014878212434970135
309.40000000000185,0.01078051971900913,0.00551708069280207,-9.818106870359687,0.001147791672588991,0.001371752339381856,-0.0005101683669670813
309.5000000000019,0.007354925838727845,-0.028112361982790036,-9.821321842692178,0.001638505278374913,0.0006938469806119407,0.0011196826536622522
309.6000000000019,-0.01849881170828214,-0.008032313159817265,-9.808306963676431,-0.0007668420959726159,0.00124487725198999,-0.00010917022567927332
309.7000000000019,-0.001114186870220958,0.009400520016437802,-9.804085018333238,-0.0007966630367486511,0.0011620028904019964,-0.0003576471626890361
309.80000000000194,-0.001045373968726652,0.0019865424869978136,-9.796830957078361,0.0005936749768337512,0.0005172241951123525,0.0006089901164521124
309.90000000000197,0.019544618938770283,0.008388437740488443,-9.802071816024268,0.001547585624851657,-0.001958834837542151,0.0005491157303024894
310.000000000002,0.00984458650080176,0.015320394611958627,-9.796934182849851,-5.428697857387723e-05,-0.0009567449407337998,-0.00021941572794636078
310.100000000002,0.01778858357930314,-0.0093952129432488,-9.789991826322693,-0.0015655067865341234,-0.0018604523874384262,0.0005285740282876656
310.20000000000203,0.00175695748850135,0.005588384063961257,-9.808820471312734,-0.001285148790585821,0.0005798625904991893,0.000970524746144629
310.30000000000206,0.005483329640230481,-0.007736293511035223,-9.796173625282641,-0.0006280738715441858,0.0006394431884901106,0.0008863026055032191
310.4000000000021,0.004867543481307235,-0.021167235422278753,-9.828777289993628,-0.0006400040187551104,-0.000285126987303196,-0.00017041461930960035
310.5000000000021,-0.0010031246171557271,0.023642622843536562,-9.813383419825374,-0.00013748733928430643,0.0005724956605183202,0.0020903391309594673
310.6000000000021,-0.011737018056180744,0.0013208278921278196,-9.799884631352956,-5.2777699255740645e-05,-0.0002821556901411236,0.0007157869891208181
310.70000000000215,-0.010201816355548118,-0.008554727230056262,-9.796940181946093,2.704652983873324e-05,-0.00012467797952423731,0.0010127713676155094
310.80000000000217,0.0228587710103911,0.012787004082987248,-9.822092420268778,-0.0004028932538915437,0.002264321800587895,-0.00039897423660513817
310.9000000000022,0.011503393667809277,0.003736041220166618,-9.802165091221857,0.001327223829026513,0.0010431261017721247,0.0005019636218000787
311.0000000000022,0.008937036977331912,0.002815068364435099,-9.783825243777995,-8.645913171886774e-05,-0.0010425600623353167,-0.000561866906168743
311.10000000000224,-0.009151723985650112,0.011136555102290264,-9.81209384191622,-0.0015695918262135368,0.00011777863574623061,-0.0014218630472210736
311.20000000000226,0.013196832557664174,0.005707983225099586,-9.81319206507927,-0.0007109867831202897,0.0011463958544755796,0.0010245486805512583
311.3000000000023,0.01021538983005053,0.0071953617378108245,-9.802663223382643,-0.0009117517183959981,-0.0012838235509050563,-0.0003138283791460028
311.4000000000023,-0.005761531405601962,0.010459663224530234,-9.817210091463318,-0.0009253918817223597,-0.00025523001632192364,0.0003037059940526194
311.50000000000233,0.008199265783116647,-0.016867185942627025,-9.816246043756424,0.0010928114523050196,-0.0003959940606911642,0.0007509156009438643
311.60000000000235,-0.006721540516839652,0.009943123101844677,-9.820860146112285,0.0013458104753844814,0.00019486158697721787,0.00014357455865120428
311.7000000000024,-0.003806356772755336,-0.01110224306831412,-9.79971747876989,0.00031464198834945084,-0.001050549747586977,0.00018723574686987913
311.8000000000024,0.013431064522082248,-0.010701598570221807,-9.800426436681919,-0.0002219859588907506,-0.001155581474912425,-0.00032345456704282354
311.9000000000024,0.0055659148621451816,0.014379911532117814,-9.797313317257608,-0.0004168149200560112,-0.0001474079602915694,0.0012396480378530012
312.00000000000244,0.01614553344127398,-0.003933773716374077,-9.800685079528915,0.0001290506877864347,0.0013178967494067897,0.0004221752985767058
312.10000000000247,0.017625281962490108,0.007917758009085979,-9.842255518217538,-0.0015498875126418719,0.0005927580515395343,-0.0016422226109520975
312.2000000000025,0.004808828874195621,0.001954002657186045,-9.805260627686131,0.0013457061512520475,0.0010767494524218774,-0.0004357637150401368
312.3000000000025,0.001171152763470476,0.00037949801490034466,-9.798590798065206,0.0008244885736495394,-0.0012665485667213022,0.0018981744420254584
312.40000000000254,-0.010683937654687057,-0.005965043163150388,-9.796706230165848,-0.0001644894031980808,-0.0007843313442417634,0.0013059128093273092
312.50000000000256,0.021048954302077982,0.0005310033248289051,-9.813323923615064,-0.0010233374427493387,0.0001428352169855774,-0.0008506156361055849
312.6000000000026,-0.0007825836937039496,0.013470133799677255,-9.798730019432941,0.0010612859463542605,-0.001269138543051926,-0.0005175720866657807
312.7000000000026,0.004909079986149041,0.004202217315573099,-9.816887349349123,-0.0010614245120652642,0.0013038372507067286,0.0006739022519172602
312.8000000000026,0.004660330868430432,0.0006567339685416719,-9.815990388092688,-0.00016842295745177527,0.0021322429998865424,-0.0007778463841221925
312.90000000000265,0.007963160304791654,-0.0034808666788814597,-9.806739327343188,0.0012807461380800978,0.00041758015704862516,0.000594717903669869
313.0000000000027,0.019083549706882114,-0.013141866172510449,-9.794819534950948,6.503143999441611e-05,0.00010007278829647427,-5.104497398774235e-06
313.1000000000027,0.006185956146672294,0.0017773656892944554,-9.80314762246198,-0.0020986750369367396,-2.5152038580632527e-05,0.0012308064266979817
313.2000000000027,0.01668532778626099,0.00802029762423375,-9.807234128775448,-0.0003290605564705642,-0.0013992074206281835,-0.0009607785619372538
313.30000000000274,-0.017875089534546345,0.0011120331215447425,-9.803102552766775,0.002025083259647807,-0.00029452642969844217,-0.002147491889831833
313.40000000000276,0.006978643640410254,-0.009689466434443173,-9.832694567389204,0.00010066073966527654,0.002386983941542264,-0.001145180765149273
313.5000000000028,-0.0036152116112614353,-0.004486478582005954,-9.810367262034891,-0.0008050910785465565,0.0006695848397670872,-0.0007097899672829144
313.6000000000028,0.004781153251343398,-0.0007784964825792287,-9.80977641480093,1.0672188550248764e-05,-0.0010626004175396024,-0.0010771969263884398
313.70000000000283,0.008905161506931429,0.0018397946581417924,-9.81187069462953,0.001149329539992781,0.000286482295540811,-0.001048794600978259
313.80000000000285,-0.00551981441751011,-0.01467929829776275,-9.822918091884345,-0.00043575950902751374,-0.00018866282069512273,0.0005739976422572438
313.9000000000029,0.002952762880437276,-0.004042299142051807,-9.807537269801484,-0.00019232610856577515,-0.00096879638369552,0.0007005586290551875
314.0000000000029,-0.0004339610310311107,0.004937181732083822,-9.796800629283148,4.717351903914125e-05,0.00016915243298143778,-0.0018648376040789087
314.1000000000029,0.014125343903266939,-0.002786094244063005,-9.822167296087736,0.0025190393100089554,-0.0012278715718275842,-0.0008722397738087627
314.20000000000294,-0.01523917349554434,-0.0062231811165478395,-9.806899804421592,-0.001378134288164078,-0.0011491742301291655,1.2949431517904023e-05
314.30000000000297,-0.012356193222977652,-0.015275050166106129,-9.819005581860372,3.596381131748879e-05,0.0004391828432326866,-0.0016103785992778185
314.400000000003,0.01778546089635763,0.004903018167080577,-9.813836958318673,-0.0008774440269567839,-2.808639348707315e-05,0.001727071065253024
314.500000000003,-0.0033838499911283794,-0.0007866543342680772,-9.819234110889118,-0.0003633638456559299,0.00031419607731463124,-0.0005727959140894697
314.60000000000304,-0.010711440111307076,0.009495645826262717,-9.823753482158576,-0.0013071121204927094,0.0004511432665578131,-0.00043144128419439585
314.70000000000306,0.006342895346224077,-0.006208170063073021,-9.804766508207585,-0.001379194829716638,-0.00038816421968567604,0.0006269322401514502
314.8000000000031,0.013734243201215718,0.00775888637967056,-9.811181000833134,-0.0013004894561287868,-0.0007408326918485076,-0.0007787042550786228
314.9000000000031,-0.004012634448738948,-0.01140489897843108,-9.815443208399278,-9.61708701254109e-05,-0.0013643689655950676,-2.9906042597233298e-05
315.0000000000031,0.010031823682300838,0.00826215903364073,-9.814897930754881,-0.0005010227259941759,8.566925519663633e-05,-0.00039812669976132
315.10000000000315,0.01071215853284557,0.005984365327339285,-9.814500749408051,-0.0011886288105811878,0.0005143160708252984,-0.00029191004726203157
315.2000000000032,-0.011432366861429438,0.0036845263075936403,-9.815593439549174,0.001054029514967819,-0.0006874187303855628,0.0005513210808209848
315.3000000000032,0.010930125660469072,-0.0020912127001847837,-9.80720176545433,-0.0013144126447630314,-0.0004753940896433613,0.0010620423970418749
315.4000000000032,0.01736173032422865,-0.0076248014345978825,-9.819923794535427,0.001197798259456145,0.000768129774935233,-0.001898558114455706
315.50000000000324,0.0029463547146387453,-0.0035218256058579785,-9.809797714065772,0.0003262500747198077,0.0010045558340220936,0.0006040325115510549
315.60000000000326,0.002600949762816386,-0.007928091442934349,-9.82029200484026,-0.001680414751136548,-0.0008890993968636144,-0.0004841065443258718
315.7000000000033,-0.02259984775143007,-0.01244899246621975,-9.81034471789948,0.0009310887227710634,-0.00036979378334397594,-0.0006304895027114928
315.8000000000033,0.002742530092769521,0.013238894239018624,-9.81165388733385,-0.00047971694173082764,-0.0006528780937925052,-0.001777378432041158
315.90000000000333,0.0072324135173922844,0.00835568623057599,-9.80037659696644,-5.005261212223224e-05,0.0005871096426589593,-0.0015451482311545357
316.00000000000335,0.007215924372349587,0.0014424131958623982,-9.806792356446849,-0.0008693521888257719,-0.0011102237875470935,-0.0002781308486474921
316.1000000000034,0.00025175843942784376,0.012592663545975144,-9.785341143001242,0.0009276066767852225,-0.0014564981875018783,0.00020735501215079052
316.2000000000034,-0.01604295981421425,0.01718567199944085,-9.822651701388207,0.0008864148232500221,0.0013138650907504339,0.0014147966231648282
316.3000000000034,-0.010597314301535024,0.0018101211398417394,-9.824854073221184,0.0009702777203349889,0.0012898780555631406,0.000332083840870827
316.40000000000344,-0.01302514967920932,0.0031997781584175594,-9.80801032157392,0.00021755436603289376,0.0025255782479375343,-0.0003603823303372384
316.50000000000347,-0.007252527199499485,0.002974626164171731,-9.810915164028025,0.0007822005132385219,-0.0002033955391611432,0.001939698388806774
316.6000000000035,0.015289445790163449,-0.013603679528751784,-9.810024785435822,0.0014615797773076592,0.000711486397728122,0.0016876331715562755
316.7000000000035,0.0051266881094058905,0.024762802282912735,-9.803031625468426,0.0014100419567276395,0.00020345932400653288,0.00037976272546943676
316.80000000000354,0.009724348390237631,-0.006907854025445345,-9.796381768191665,-0.000174585461684633,-0.0009448025517307864,0.0009557303589697887
316.90000000000356,0.006959221480117615,0.015782768489145827,-9.81545211003126,-0.00034044767722995827,-0.0022922630326896874,-0.00021806958410408673
317.0000000000036,-0.007489440315258974,0.019056180233048593,-9.814346666445765,0.0005599241126385835,0.0005984524930781162,0.0014889774365381668
317.1000000000036,-0.011737881214831072,-0.015850734241809935,-9.829389831472142,-0.0006677735519965677,-0.0005658097508829577,0.0005471563676420549
317.2000000000036,0.004373745569583663,0.01919623975092232,-9.801648387793268,-0.0008141969135500172,0.00024844758226990536,0.000136330561593768
317.30000000000365,-0.00946582493922911,-0.0030977353532597785,-9.816716131009795,-0.0006493692810110805,-0.0011810154602958586,-0.0014652543975396065
317.4000000000037,-0.0035402188974575925,0.01639929827960837,-9.81911093475691,0.0008419680308486254,0.0008899576675932093,-0.0008710572115221463
317.5000000000037,0.012257828906549305,-0.00373197651145148,-9.799430918721104,0.00013153525134451622,0.0006597996550287132,-0.00027910192519946253
317.6000000000037,0.0014414312635482023,0.005996033424646222,-9.803052848143555,-0.0007972008393194332,0.0005729578036100163,-0.0007371369796444063
317.70000000000374,0.0011262275063621725,0.012911534306435792,-9.802179853916325,0.001709523594833282,-0.00015208601217880149,3.274571459750643e-05
317.80000000000376,-0.014105824569508492,-0.003902956025528915,-9.807615699716282,0.0008383139945396541,0.00024075560906978145,0.0009021228246900148
317.9000000000038,0.016587627719499964,-0.0014103641977918128,-9.818910248836316,0.0002444220487081748,-0.001151793028257183,-0.0006476240291230134
318.0000000000038,0.003406410744662182,0.009706626424933787,-9.814305244192152,-0.0005322150389815635,0.0007383800292459569,4.37462322908433e-05
318.10000000000383,0.010992830252764665,0.01390312197775885,-9.805528424072234,0.0008709078525877267,-0.0011203376872322573,0.00023253831239032388
318.20000000000385,-0.001973173969323681,-0.0011242949410577418,-9.815721534620709,0.0008997438195410729,0.00015062774140110082,-0.0004067433198527572
318.3000000000039,0.007649007366738057,0.0020174994062320015,-9.791918138938614,0.0006728585347053893,-0.0007130051282386084,-0.0012584698509111258
318.4000000000039,-0.012188913444762486,-0.003040325869408092,-9.794251898212202,-0.0015588363674013301,-0.0004484995137709203,0.0005262344845803079
318.5000000000039,0.010592368124217653,-0.01309829355472233,-9.80516297696054,0.0003645063347234627,0.0011049528886232177,-0.0008487500387952859
318.60000000000394,0.015245390063258023,0.014413694449465931,-9.809435609173592,0.00025581088638094844,-0.000638700853377981,-0.0016301862217629622
318.70000000000397,-0.018818323695469083,-0.003929037575870421,-9.822352729484292,6.511819736659622e-05,0.0008672136524356667,0.0008062813303776733
318.800000000004,0.0067250291082861435,0.005312740671582301,-9.804487870851037,-5.0116944094545494e-05,0.0009257425751818612,9.728784140869427e-05
318.900000000004,0.002340043308241966,0.002891566423002407,-9.816517467971705,-0.0005236196565329896,-0.001297388408986184,-0.0006160780055215211
319.00000000000404,0.014675236428798826,0.00039171750566734944,-9.802516900310017,0.0010175311934751436,0.0017060421338649964,-0.001064797442204739
319.10000000000406,-0.0019565608404377025,-0.006913949582564887,-9.81434106875692,-0.0017439502713051927,0.0001301558293812107,0.00043124795559003066
319.2000000000041,-0.0010696342812000217,-0.004123147321976422,-9.833655930536539,-0.0007662666875278804,-6.46097703232237e-05,-0.0011198688053122088
319.3000000000041,0.0024781411762829024,-0.01696434753883972,-9.790529694240838,-0.0006609018619674269,0.0007290387247408471,-0.0013669918488714633
319.4000000000041,0.011028337322789458,-0.0011872492838217684,-9.79572382905908,7.828076313230843e-05,0.0004473278587519533,0.00016745630357149286
319.50000000000415,-0.012606063596093314,0.007870849745365753,-9.808496477386583,-6.102274745667495e-05,-0.00017154364122763546,0.0007202631122333114
319.6000000000042,0.01582564336931527,-0.011600650636223899,-9.808191550007404,0.0004674939193822557,6.940909833846347e-05,0.0021721954778520804
319.7000000000042,-0.0038453888914151873,0.0036949297055069185,-9.790800797561053,0.0006412317301134705,0.0018380331647930234,-0.0005872151800737857
319.8000000000042,-0.006431571441263493,0.004047405995727324,-9.802919498229322,-0.0006269658574673347,0.0004905247429415313,0.00017346429760546218
319.90000000000424,0.003861110786652343,-0.012875996353779296,-9.793913528592093,-6.306166313194638e-05,0.0005485946491006952,-0.0005786740865210108
320.00000000000426,-0.011428559470441631,0.017531058795966895,-9.789900165922727,-0.00010856050835513165,-0.0009756768178212417,0.0008440207635091439
320.1000000000043,0.015326153432979108,0.0006944713961045878,-9.809942577205549,0.0009900638872115655,-0.0005781754582220313,-0.0002803980764167839
320.2000000000043,0.004885039748737969,-0.00907975183781163,-9.794132637445367,0.0005778768803997232,0.0006910314627996712,0.00032169470585700373
320.30000000000433,0.0022841424790533324,-0.006217647904935899,-9.811775846742707,0.0010412296802092564,0.0006440278580246617,0.0002927886368849354
320.40000000000435,-0.006345628831322514,-0.002080602762761608,-9.812118927907875,-0.000695292117973715,0.0013238856800846708,-0.000154558705370117
320.5000000000044,-0.012012877373017997,0.007418083706018564,-9.822763246336141,-0.00042918531276241395,0.0013625169715339824,-0.00042612129109454865
320.6000000000044,-0.001615813810457288,-0.0007911554451331477,-9.816663807487004,-0.001975360891879715,-0.0010091137850197736,-9.463297487356191e-06
320.7000000000044,0.0009394218113276481,-0.003216504329344117,-9.808714900241133,0.0005151212149379125,-0.0008673021424622049,-0.0002500984175066444
320.80000000000445,-0.015662465708675022,-0.005299376491236411,-9.814905844195875,0.0020215108800782176,-0.0008285274160953755,-0.0008883385177167477
320.90000000000447,0.0040954802004996415,-0.012164353252348555,-9.810083976199552,0.0003048181731893092,-0.0007285375209947094,-0.001760357772737496
321.0000000000045,0.00509353117209883,-0.004573212307639509,-9.811468695989612,-0.0016539369363950142,8.814182126335366e-05,-0.0011420437796600571
321.1000000000045,-0.007270428344570375,0.0015263718163742884,-9.797638722644509,0.0015143502062711295,-2.16203170990595e-05,-0.002141439077739428
321.20000000000454,-0.007550989295600703,0.0024863152017320835,-9.799812810398022,-0.00048180132547959485,0.00018384101278659895,0.0015409156175543478
321.30000000000456,0.009990853801631075,0.008934509461261208,-9.804513221075196,0.0012527411041818525,-0.0006086818000288847,4.716346834366652e-05
321.4000000000046,-0.004881418203608248,0.013565474988235982,-9.829370189430126,-0.0007059181892274989,-0.002031154696923854,2.7155409994180065e-05
321.5000000000046,-0.006403201151142215,-0.005149617756885913,-9.787524502861723,0.0006471223053528696,-0.0008662125359582093,0.0009356759563863587
321.6000000000046,-0.006935413380311962,-0.0036306125720499726,-9.808700181673116,0.0001229614443314966,0.0006745448004121868,-0.00011904755440964683
321.70000000000465,-0.013593751259253202,-8.854333316349586e-05,-9.804712049246296,-0.00031891122627475307,0.0005940538724686931,0.00019216524530831403
321.8000000000047,-0.01271253303392593,-0.010200664555786726,-9.816259740378873,0.000844462125848966,0.00023990775439546686,0.0017543136514221462
321.9000000000047,0.00035669138126100244,-0.005910624765611458,-9.790666572658647,0.001054860622233188,0.0011406534764120638,2.550966717208364e-05
322.0000000000047,0.00905976142395553,-0.014896457330890605,-9.814370231171461,-0.00025810129948384316,0.0027533626240907336,-0.001151478485590033
322.10000000000474,-0.00492788672810991,0.005458942449250977,-9.819621116508655,-0.0003253781226461173,-0.00018485273364630695,9.750692506206406e-05
322.20000000000476,0.015420584420418031,-0.005357736720813221,-9.811001762652635,0.0009244361021399996,5.936935863219729e-05,3.6681968634683445e-05
322.3000000000048,0.0032561290299074385,-0.01266532956219607,-9.819008778341331,0.0003229730894690251,7.372986663265538e-05,9.763613101058157e-06
322.4000000000048,0.0012177612452150353,-0.008467851101451294,-9.82016558824459,0.0002858754839979247,-0.00038125606224448296,-0.000297501388324223
322.50000000000483,-0.009727224848270977,-0.021908422322026305,-9.807166879517577,-0.00021824730905637102,0.0006495746510899207,0.001127803255071241
322.60000000000485,0.0026626563278210565,-0.0024222766330978065,-9.788803948651278,-0.002077645322085102,0.000792774811717341,0.000618626714067136
322.7000000000049,-0.018081777011643534,0.006873234587649009,-9.791404536028866,-1.8907168694357298e-05,-0.00035860883963129576,-0.0006927826864071234
322.8000000000049,-0.002047503448525633,-0.006358947123649489,-9.82756321977998,-0.00044562635831672955,0.0001815137576072896,-0.0006237185036294204
322.9000000000049,-0.009169814598028006,-0.0021028877173071532,-9.805559174337628,0.0012240506909804265,-0.0010235450607474614,0.0001988805537356954
323.00000000000495,-0.0018292033680329504,-0.003821537902335756,-9.816339229978619,-0.00034642108971705656,-0.00035695002431434007,0.001653696684229835
323.10000000000497,0.008973151193708733,2.3277266891541095e-06,-9.80024358590834,0.00042510743685455636,-0.00016741213012013155,-0.0007887679994273099
323.200000000005,-0.0189140023976869,0.012598869071069897,-9.806741015277558,-0.0006482617108343086,-0.00172394683966334,0.00015260043195199267
323.300000000005,-0.02057211465770329,0.010673104599903947,-9.800811756940844,-0.0012359366443033116,0.000266046255610488,0.000424167137152776
323.40000000000504,0.013958383536221032,0.010946471355710578,-9.815245341306914,0.001076725524127486,0.0009045686016621456,-0.0004785721452616974
323.50000000000506,-6.108938256144063e-05,0.01316318395952107,-9.800250653064474,-0.0018293214862748345,0.0001635367270899388,-0.0013749937774649437
323.6000000000051,0.011450569593661364,-0.007643636771244289,-9.796512392934753,-0.0010400185883952034,0.00020430721250741418,0.0008840239549561866
323.7000000000051,-0.016204739902734168,-0.01959578928254885,-9.809972631777779,-0.0014363670828379809,-0.0007915049304211959,0.0004395622547910696
323.8000000000051,0.011355250680750599,0.0003661224079207206,-9.803669466367728,0.0013294737728918836,-0.000233290332885655,-0.0007053422977860434
323.90000000000515,0.001036851392522811,0.012023752719273815,-9.802195662297654,-0.0004795124195091034,0.0013680393131251664,0.00034612925174512044
324.0000000000052,0.02025857666025984,0.013852171133305906,-9.817397281907635,-0.0006968325322320717,0.0002045491864179117,-0.000852834233279117
324.1000000000052,0.00016695380477043867,-0.007288964092382372,-9.805104532896069,0.0008234188356504185,-0.000768058253024449,0.0008485986105080356
324.2000000000052,-0.0014782933048468011,-0.008405301510035183,-9.81705892222105,0.001663660185046644,0.0001762467151367644,-0.0002811177830968677
324.30000000000524,-0.005608109676698518,-0.006043117374107016,-9.824414808039808,1.5249229133547391e-05,0.0006368911322042668,0.000684494520052011
324.40000000000526,0.014887442323344513,-0.005757129352843528,-9.803572546442188,-0.000202098348536202,-0.001780304095206801,-0.0003454545886637805
324.5000000000053,-0.0061505769745336895,0.002973213078416616,-9.794129168801772,-0.0002649719122728508,-0.00015030930756759208,0.0019457047581017952
324.6000000000053,-0.0027730468145687553,0.021398827529752657,-9.809996150650619,0.0003319823825503097,-0.00035647705924176276,0.0016212236221382949
324.70000000000533,-0.004358132321179574,-0.025211832692270755,-9.800738857635206,-0.0012396877984709913,-0.0003310649781113547,-0.0009679984211510976
324.80000000000535,0.002252096611092528,0.003154754440557933,-9.811333055202985,-0.0005037840524558763,-0.001649690243930702,0.0015469658628279445
324.9000000000054,-0.0018551332935702709,0.0035934542916385265,-9.803150583974391,-6.163138245891703e-06,-0.0006219930450192421,0.00034003461488342853
325.0000000000054,0.01703108008143402,0.006616399400194927,-9.819795067449437,-0.00014340346688539803,-0.0005529981737243284,0.0004231426848054016
325.1000000000054,0.004215095415465825,-0.009627552178271544,-9.819652326521481,-0.0003881523350681504,-0.0017567973412703694,0.0001921366135176287
325.20000000000545,0.0011022170173227237,-0.01259557222421009,-9.833077031459657,-0.0019007069351863997,8.710332762857823e-06,-0.0004855255718171407
325.30000000000547,0.01103373861895497,0.012880330353850854,-9.803667298404823,0.0006459509063672552,-0.0004425422483759066,-6.383111896028531e-05
325.4000000000055,-0.000624826994988918,-0.0004149028188606481,-9.79804268919461,-0.0005362342355330594,-0.0004418819260484907,0.0015869426832759094
325.5000000000055,-0.0027048666918431073,-0.0004508460147763106,-9.801764819336025,0.0002489811892201155,0.0008936236995850359,-0.0014172123763829193
325.60000000000554,-0.00624014630534229,0.0003766262071089995,-9.79968376955385,-0.00014257155572091698,-0.0007722467395082675,-0.0006112563793048932
325.70000000000556,-0.006755741916926214,-0.016915460967559953,-9.81140566705445,-0.0001138224618103063,-5.2268251433481276e-05,0.0028072387163368
325.8000000000056,-0.002304363809009192,-0.004072066897824137,-9.813327149591407,-0.0008530584143054186,-0.0021789927731027227,-0.0005908984780732489
325.9000000000056,0.004652935606100789,-0.002112878502976358,-9.805896526709844,0.000697051428557317,0.0009030843782449958,0.00031253784703326123
326.0000000000056,0.00037464347835605477,-0.003909324636393293,-9.820363238131586,0.0005103910521391663,0.0006639185884282892,-0.0010184128812498697
326.10000000000565,-0.010397350612913516,-0.0037937106038594933,-9.806826723004189,-0.0004385653770491757,-0.0018617597930960835,-0.0018460021849954016
326.2000000000057,-0.0007083684109681404,0.027519948587999943,-9.807079815952019,-8.767594661177838e-06,0.0005124808422837684,0.0003104071611700456
326.3000000000057,-0.0012539934423054953,0.00752870780287391,-9.791468769273184,0.0010686379068146666,0.00022473550767560576,0.00015630691415138108
326.4000000000057,-0.01292047757464755,-0.012960648791973598,-9.803548624406373,-0.0002532317736414006,-0.0004074105968393192,0.0020859341606375087
326.50000000000574,0.012938154935421355,0.002087210281877211,-9.808551650614826,0.0011691234955192292,0.0002553805783954116,-0.0012800442984834022
326.60000000000576,-0.0012654305550728587,0.001495919222408686,-9.804414035010394,-0.0009631799869262943,-2.2121604360802282e-05,0.000631021907607116
326.7000000000058,-0.01391171034959424,0.011396579778472674,-9.808036831625174,0.0011589603407727981,-0.00010497562075100621,0.0008182690011627794
326.8000000000058,-0.017630354497559207,0.0011891957088372648,-9.811210001776777,0.0008001715744603057,0.0008037796563355716,-3.436628360818375e-05
326.90000000000583,-0.0009751322770502214,0.009387959808317456,-9.802901357754626,-0.00039725184339158074,-0.0005557008213715552,-0.00041235091661490607
327.00000000000585,0.012274514552522145,0.014333797162741142,-9.803794160059438,-0.0012626561240862248,-0.00147779840237444,0.0006758651112166499
327.1000000000059,0.0236055302910125,-0.007131520265446853,-9.812736085150563,-0.0002960643223153985,0.0012799155609225913,-5.951881253138998e-05
327.2000000000059,0.015141734616291898,-0.010335360403886275,-9.80406373249185,0.0012953235931933572,-0.00040773926463629823,0.0004101542573610131
327.3000000000059,0.005152278302202839,0.005574562609691393,-9.80083376649324,0.0006068425462981117,-0.0002625261232796524,-0.0010767272929498467
327.40000000000595,0.0042582360618732724,0.004398995530296669,-9.809707330486786,0.0011305696692845589,-0.00085982581176306,0.0003488830647855958
327.50000000000597,0.002910452596145633,0.0037779452291382093,-9.82886875803782,0.0014725478236481697,-0.0005296045859976824,-0.0004152509074967894
327.600000000006,0.005890793362974041,-0.011164982226002287,-9.796819207411863,0.0005360530457303377,0.0007324732468337951,-0.000717034891582418
327.700000000006,0.0043979317826265485,0.0015327575526334696,-9.819218449387295,-0.0005105339368683206,0.000827725378272397,0.0009175874252323028
327.80000000000604,0.015449642080817798,0.01113989215790129,-9.806954641138434,-0.0001667128553297835,-0.0011162835572371978,0.0007523735397673799
327.90000000000606,-0.016505706125560706,-0.01894625747268385,-9.807918325888004,-0.0010240064667170184,0.00013376233164032018,0.0009038089026756312
328.0000000000061,-0.01389968648142754,0.02031336814708991,-9.816237438454765,2.871974426743277e-05,0.001403832120410274,0.0006414095231625754
328.1000000000061,-0.006164294824433529,0.004577817893336766,-9.816607020899946,0.0004866099310100391,-0.0005266488597712982,7.121309658105771e-05
328.2000000000061,0.010145584082622325,0.011152717294361101,-9.789274212284372,0.0014545466723903113,-0.00029815056659341103,0.0006967040897169344
328.30000000000615,0.003946063098890028,0.01213568100680851,-9.816178120178158,0.001235972855853335,0.0005438735985030415,0.0019031591078897576
328.4000000000062,-0.005165558778097553,0.017319555399987342,-9.823306851346311,-0.0008629197485022929,0.00042225183869297407,-0.0007968667229937422
328.5000000000062,-0.0007232240746342827,-0.001212490770162503,-9.828940115106308,0.0002986993489267793,-0.0023897344521498103,0.000796853193462605
328.6000000000062,6.949428498853118e-06,-0.014050284009934402,-9.805633062587953,-0.0015343456311645487,0.0009953418161700416,-0.0001886557155562742
328.70000000000624,-0.013235010443073344,-0.009646907640533449,-9.814511847067983,0.0014158592568744174,-0.0003818354406665246,-4.38634725078099e-05
328.80000000000626,0.004130195794283988,0.00019720890964008283,-9.82516053084772,-0.0008333370683608595,-0.0005089755749064455,0.0008655262372789453
328.9000000000063,0.01889655795863686,-0.026130716404937422,-9.795212165375476,-0.001980097140255824,0.0002754923906676763,0.0006549110066649331
329.0000000000063,0.009354436821861168,0.002127600271120905,-9.814952766928295,0.0010296161820142896,-0.002599325294777398,0.00023979832571776233
329.10000000000633,-0.01954309664212797,-0.006755267992635234,-9.828742067206754,0.0014818957590585207,-4.043466513736398e-06,0.00015029902183596235
329.20000000000636,0.0053359176804890504,0.016831821260480852,-9.813427566343885,-0.0006416052188659696,-0.001275641038833824,0.0004742812382853329
329.3000000000064,-0.009192293681921393,0.012251089193162801,-9.808659424253035,0.0001632599611068727,-0.0012367479043057842,-0.0002740345352943611
329.4000000000064,-0.0003534987715227279,-0.004314167519120611,-9.815681084424815,0.00021189232624950122,-0.0006035144379100282,-0.0017111732254398208
329.5000000000064,-0.007005888282207964,0.008483817701895718,-9.811822038320011,-0.00050064816811478,0.00046267895487293593,-0.0007499368213603542
329.60000000000645,0.00976851532170199,0.003680331584573771,-9.835743314370289,4.911552153530211e-06,0.0004023164062470358,-0.0009421762402404834
329.70000000000647,-0.012115334210154054,-0.023346185955983763,-9.801010617488165,0.001307105237490883,-5.88538988336609e-05,-0.0005576455661765022
329.8000000000065,-0.0007003679791457091,0.00046604839714839717,-9.815344670951456,0.00027385538718805304,-0.0014448154129653409,-0.00047626923528562657
329.9000000000065,0.008384060448104172,-0.0036355945606205958,-9.816686654618445,0.00025321709570187896,-0.0009386448142922848,-0.0002614551268706505
330.00000000000654,0.004777905043931933,0.01714183636342568,-9.816332214466739,4.3270911497871875e-05,0.0006674607085603415,0.0015469847946517718
330.10000000000656,-0.005451824480244234,-0.015255804705115526,-9.822150952775566,0.002095789890845089,-0.0009505861269885636,0.0007824849912844833
330.2000000000066,0.00523784749374426,0.0009000561481546461,-9.820182393522705,0.0008496372028727055,-0.002227318085595656,-0.0005811047766045674
330.3000000000066,-0.0016969330507856462,-0.006365977774825234,-9.811274130290823,-7.446773271932223e-05,0.0009267693879653772,0.00042878043170923447
330.4000000000066,0.007625334205984221,-0.009596425938472371,-9.808667746130272,-0.00021702330184811885,-0.00012259338229362064,-0.0008850632205586943
330.50000000000665,0.006194758713402362,0.0032277597548250624,-9.819951421921333,0.001593367709498761,0.00013260180180696545,-0.0020957222066858225
330.6000000000067,-0.007747900625498152,-0.008247291270539662,-9.817362471933208,0.0010364587052364954,-2.7189402989845538e-05,-0.001167397043837441
330.7000000000067,-0.003512611328416538,0.0007771150768253694,-9.82365932271404,-0.0032717024109473474,0.0013572661138726296,-0.0010610647633189077
330.8000000000067,-0.004733601956782419,0.0035466076466033596,-9.81686578945921,-0.0004416109590762702,0.0018378689149160534,-0.0010875013190170377
330.90000000000674,-0.0037987864037375514,-0.001183111287370773,-9.820375513237986,0.0011413664317542576,0.0011641248738978205,0.0012881394239151504
331.00000000000676,-0.023486682588681425,0.0023147831824751647,-9.822738809967781,-0.002119436206677041,-0.00047424707120130496,-4.3398907758931886e-05
331.1000000000068,0.0031300259338760813,-0.013740100329455305,-9.803123736144917,-0.00024554650914365,-0.00045576187686734767,-0.0007629218036333102
331.2000000000068,0.008537012752600347,-0.014940268168944526,-9.782063562904218,-0.0002914823929268324,-0.0012665487517061129,-0.0013883671208425282
331.30000000000683,0.007753323035390104,0.012973553925818178,-9.823724385176444,0.0015069076212785996,-0.0009262963089853464,0.00013071358325778183
331.40000000000686,-0.004825516522407054,0.007118607269630539,-9.808577770297205,0.00035304093739061315,0.0008336095537451162,-0.0008461121190678597
331.5000000000069,-0.004671887834866595,-0.0030881868499685722,-9.799486671180107,0.0008286540575029906,0.0006564458083642206,0.0007938624826082817
331.6000000000069,-0.020466871079819197,0.00968731211987877,-9.821784706692736,-0.00028770202161451625,-0.0006082375462925206,0.0002565304569700293
331.7000000000069,0.013312954308529053,-0.007593268137867704,-9.826348942690304,-0.0008110964581589597,-0.00014881455627934758,0.001066513094266107
331.80000000000695,-0.0012895102042178109,-0.002045030747682336,-9.825316301142799,0.00039509429132747806,-0.0016399959225204437,-3.191707056083009e-05
331.90000000000697,0.001800978061971385,0.01977478679410348,-9.794411213762126,-0.0008358677322431795,0.0012848073829869195,-0.0005084104771380053
332.000000000007,-0.0028924082700388367,0.006687450781224679,-9.814280555956678,-0.001000594731086424,-5.384745691711498e-05,-0.0006163878122788919
332.100000000007,0.005164909771903424,-0.0031271154799310885,-9.809721613739912,-0.00036807385054451114,-0.00010130774702289702,1.3574535687133133e-05
332.20000000000704,0.005453008272564618,0.004522166623859517,-9.806150263754631,-0.0011449842592148123,0.0012093952801359828,0.0001733835271500738
332.30000000000706,0.010145090557003014,0.008287409096818786,-9.803892981098848,1.2980690435719694e-05,-0.0011568768935763388,-0.0003686362228710274
332.4000000000071,-0.0015478771155916892,-0.03472758988003065,-9.827998006855973,-0.0004888486494516138,-0.0005763304916336131,0.0001909844818481461
332.5000000000071,-0.016911813426582305,0.019607851349545003,-9.800418433844804,-0.0015410864164256534,0.0017000751442840698,-0.001084407158741673
332.6000000000071,0.01027480016353467,-0.014152144278297106,-9.811023616755763,0.0010580468562852476,0.0010780979957260173,0.0017558308399218626
332.70000000000715,0.003304431269183223,-0.0012490235354862046,-9.798007595379602,0.001239616721312349,-0.0005905340667396895,4.2486239026233064e-05
332.8000000000072,0.012419874085074022,-0.00013920136228950732,-9.810864595026622,-0.00028433942531696344,0.00024420959479381295,-0.00014887245669331547
332.9000000000072,-0.004559238866677167,-0.006689933394025975,-9.817803180814371,4.11048867716545e-05,-0.0014348634213662793,-0.0006770818480512032
333.0000000000072,0.007585681935233985,-0.00765716364186237,-9.812974273355268,-0.0009331015232511584,0.00022888043596150205,-0.00038144666245349583
333.10000000000724,-0.008478044367875418,0.008209576428630586,-9.814113855632929,0.0008294066859946303,-0.0015968271722154655,0.00041603810539174365
333.20000000000726,-0.00756991087769673,0.015418886534191269,-9.803510249918755,-0.001627199337732945,0.0005080683913034774,-5.567068908063474e-06
333.3000000000073,0.007449863964844189,-0.0008953146586583303,-9.792825903142154,6.787585643069047e-05,0.0009521163339264845,-2.0971904020040626e-05
333.4000000000073,0.026009016890944495,-0.008696514963533868,-9.809763334806084,9.779116604674654e-05,-0.00037687099445198714,-0.0001934885462487146
333.50000000000733,-0.0055852788886788084,0.0008102494614504304,-9.80805801020927,0.0008359302021263486,-0.0008705399570140853,-0.0005312564005905515
333.60000000000736,-0.0003828898781452485,0.010435782064832824,-9.798106250674333,0.0003417670863954951,-0.0007517358470586136,0.0010347827949849658
333.7000000000074,0.005210903657265598,-0.00481291517495492,-9.815688107162446,-0.000780103940381635,-0.001062739261719641,-0.0014099812997671142
333.8000000000074,-0.008887596781862763,-0.010788531594755514,-9.81490877103171,3.3185510061261844e-05,0.0016296476494304824,0.00039792849069788497
333.9000000000074,0.0067764722313377315,-0.018242910471589407,-9.79854918330416,0.0002547472231443996,-0.00024372735199686685,-0.0002801019269412387
334.00000000000745,0.020523755816680235,-0.015465528060911194,-9.806195363620203,-0.0009032848409005366,-5.851276531044583e-05,-0.0007378511133034782
334.10000000000747,0.0009224026826207096,-0.003466208570965208,-9.806426411391286,-0.0007579727685902054,0.0006181508844240433,-0.0005537404027624794
334.2000000000075,-0.0007007842355561637,-0.0016899123151305603,-9.813862511938954,-0.00030838067451579985,-0.0020936313447545095,-0.0016535280710950914
334.3000000000075,0.005535786357311832,-0.008843607340327157,-9.815643618871027,-0.00032057957360335734,0.0011894572997224484,-0.00011385050490353637
334.40000000000754,0.008731036456126466,0.006013619126664411,-9.806208775156522,0.0015754720192528574,0.0001420858311321938,-0.00023968121559698747
334.50000000000756,0.006509868171904378,0.010093708443971878,-9.814832472151759,0.00010286354684018728,0.0001863386761209727,-0.0014506570830486142
334.6000000000076,0.004038832947947024,-0.005421623458795055,-9.797457901944114,-0.0003651110873531926,-0.00034366490799360775,-0.00042064614346987465
334.7000000000076,0.0073804745252344355,0.0001716306592741961,-9.808479728094767,-0.0010596039506002835,0.0007490705368396229,0.0010672183618720271
334.8000000000076,-0.0011338435650462598,-0.0028923943666036194,-9.80485020378899,0.00031311686950073384,-0.0006636239343080302,0.000443278346809582
334.90000000000765,-0.0009722470516026295,-0.0033832601683306002,-9.795489448272226,-0.0010553675475484853,-0.000405384446768341,-0.0004725488743813362
335.0000000000077,0.000602309105246651,0.01661156803472743,-9.811212243557977,-0.00016961166776552868,-0.0008302348530534917,-5.8677294813380476e-05
335.1000000000077,0.009591234793272682,-0.005140481514221653,-9.793239640464561,-0.0013413264092098246,0.0009311164748189032,0.0015200765016757454
335.2000000000077,0.004504044759000175,-0.013766645281229808,-9.807093282304676,-7.980209117279487e-06,-2.4817279995602058e-05,-9.391193451091324e-05
335.30000000000774,0.0038265526434959,0.0009314179037273604,-9.818165286578227,0.0005925667323601846,0.0004686576631517749,0.0004138174144282958
335.40000000000776,-0.0017648094764394049,-0.011704140221970137,-9.820799683635563,0.0008215296009951971,0.0004984049763135595,-0.000325115593380607
335.5000000000078,0.011582519953985754,-0.012899352996678106,-9.8118056935435,0.00023277936407470353,-0.0014338739874321558,-0.0011818234742159118
335.6000000000078,0.012528912350859114,-0.008015579924007272,-9.813638630624745,-0.0012281895449103354,0.0004794072091473304,-0.00022840198628924684
335.70000000000783,0.014452868471164913,0.018799364430476553,-9.793220604514449,-0.0004966932839288076,0.0008163302333521447,-0.00041334692390075883
335.80000000000786,0.008597193300190204,-0.0026088535226279587,-9.805048096085216,0.0005756060601061983,-3.875500006539345e-05,0.000397201434595755
335.9000000000079,-0.00970040790953879,0.011380106489788964,-9.801307160893868,3.87372664450094e-05,0.00019825126271648803,-1.380328784920945e-05
336.0000000000079,0.01441056185600412,0.010821279013640623,-9.809201457684793,0.001684881583516083,0.00018576125790886272,0.0003386697643060241
336.1000000000079,-0.02640354617149203,0.0036307058107241754,-9.804645663069165,-0.0014741710847715262,-0.0004935842610597175,0.0004355050287084402
336.20000000000795,0.010948965006146831,-0.0038060348547138234,-9.812114247925363,-0.0013539859138734884,-0.0016047385538203397,-0.0017674508915724492
336.30000000000797,-0.022437574294391513,-0.0030633308065488502,-9.8177567209051,-0.0011058823551908534,-0.0017428531486657311,-0.002828947445310639
336.400000000008,0.012416328673652686,-0.006467876782467018,-9.81612367207768,-0.00018212910954132274,0.0010755103438524166,-0.0007561170070455904
336.500000000008,-0.025523742301470406,0.0006222773928471453,-9.826542957528202,0.0003235842687213255,0.0004673901304537055,0.0004703070297958202
336.60000000000804,0.009646779568346376,0.003172156446961919,-9.805043200560322,0.001270244226701099,-0.0003328279405100272,0.0004769684398962533
336.70000000000806,-0.014742401247529489,-0.002533181014206012,-9.80896073536263,-0.0008004860179175068,0.0007967307038536886,-0.0003167354756460924
336.8000000000081,-0.010324061536694715,0.010254299395112625,-9.817331132916037,-0.0005029868277098176,-0.00041946179397262234,0.0008848059863796683
336.9000000000081,0.008560061687654021,0.005948013885531484,-9.812247258826392,0.0026878230960351275,0.00021137985112891565,-0.0012472254480011945
337.00000000000813,-0.007969052237120626,0.0016631360957782807,-9.834046750914268,-0.00017431246738307797,0.0014382422860603962,8.870240894521435e-05
337.10000000000815,0.004663050190939739,0.010894753499095116,-9.810131848799381,-0.0008631095389787126,-0.001535041506626264,0.00015037072780773195
337.2000000000082,0.0057939378480542725,8.14759603029227e-05,-9.803091557948248,0.0008326828854743989,-0.0004063585198374603,9.778419802052113e-05
337.3000000000082,-0.008055400132665981,-0.009329943873263887,-9.80925614573619,0.00012642445208521815,0.0006076015026302038,0.0005699362370778327
337.4000000000082,0.005295101907615602,-0.00868936002746734,-9.816992223766798,-0.0022550602482668985,0.0012295880123794798,-0.00014850597808811964
337.50000000000824,0.01211475512998031,-0.0115665488716042,-9.809274098791327,0.0004676615738381973,-0.0010350625541737828,0.0005972327091799032
337.60000000000827,0.0056707984819943805,-0.006380153764156879,-9.808752927483711,0.00032644128895756834,-0.0005062976481709303,-0.0006343939903782493
337.7000000000083,-0.017650372701576968,0.02629452339761202,-9.812142320830395,0.0005046228158332673,-0.0009621854876167524,-0.0014045651305020076
337.8000000000083,0.012463681616864819,0.0031192428768150398,-9.817765819366945,0.0005267247646048205,-0.0007218097660761303,-0.0009303260750697269
337.90000000000833,-0.0035020667270717802,0.010640068149053012,-9.807794862791114,-0.00042129616371477116,-0.0001241305588986125,0.0006298592557145413
338.00000000000836,0.004568055169730422,-0.006828229866319078,-9.800696256077822,-0.00047588912253183376,0.0003883103585264485,0.0011558500227860943
338.1000000000084,-0.0026131679111963523,0.0025172786243472106,-9.808193404128351,-0.0016150499713576893,0.0007227859474358892,0.00046122254286190024
338.2000000000084,-0.004960643069284152,-0.00987521792209666,-9.814974480942835,0.0013758809632679744,-2.786525646610419e-05,-0.00022165004871304227
338.3000000000084,0.010015118927731517,0.005078467054009594,-9.826673971454008,-3.7844393792498825e-05,0.0007595578767422922,4.556759675048708e-05
338.40000000000845,-0.020126333586206708,-0.0024171001953510107,-9.818955212623363,0.00013828566334053155,-0.00047142374956194057,-0.0007322590956868377
338.50000000000847,-0.005958756269420353,0.016190537586407643,-9.798751268280048,-0.0016870644921711975,-0.0009657901435135971,-0.0013908993115275337
338.6000000000085,0.005853790992399982,-0.014097515966042116,-9.804645763039508,-0.0008434063933415058,-0.0007010330846386189,-0.0012152033526349605
338.7000000000085,-0.005456840989788067,0.003448821829087932,-9.812109402330362,-0.0006578728288600511,0.001554464276194435,0.0013807219277484734
338.80000000000854,-0.0007138190776384487,-0.02108425565697764,-9.808376817779033,-0.000612636448234061,0.00015513417127092875,-0.0008257247140653189
338.90000000000856,-0.013652251064820998,-0.012804502204612557,-9.803308801852994,-0.001207602045492187,-0.0014034082458487312,-0.0007060178530480433
339.0000000000086,0.0019298557421985583,0.003445432236168737,-9.815107546090049,-0.000229909828299994,-0.0005437252710891581,-6.121906693772708e-06
339.1000000000086,0.008805579231726502,0.012618923453374276,-9.797978477081985,0.00020965398294950537,-0.00010185654382260973,0.00021594821347068114
339.20000000000863,0.0049317885374151604,-0.007395639247099879,-9.803343967121815,-0.0009300668208981109,0.002045451222924389,0.0016992858268804639
339.30000000000865,-0.004262771992115165,0.013454146568869544,-9.79841437821091,0.00042418076451804454,0.0013744536280809636,8.973802439659969e-05
339.4000000000087,-0.011295704328633957,-0.003851609130700255,-9.800360679569083,-0.0011996948373520205,0.0005736571990531161,0.0005363752497979667
339.5000000000087,0.006547811780779597,-0.006467102789845961,-9.80873263394942,-0.001359569968580005,-0.001473443023180605,-0.00014552515563159865
339.6000000000087,0.006365845492242073,0.0031637978840935105,-9.81886601976433,0.0010569445439541634,0.0006762990531945696,0.001505428914441894
339.70000000000874,-0.017568161085578397,-0.007690842790591025,-9.811400360581018,-0.0005213161836430046,0.00026899294623552127,0.0003283054608542506
339.80000000000877,-0.002229520264582836,-0.0018568279184759393,-9.827884550447019,0.0009548000515653983,-0.0003774056543591878,-0.0015435871022355305
339.9000000000088,-0.00612675288093245,0.0015322758328473716,-9.803476898771201,0.0006219707955946373,0.00037602783648125495,-0.0016204539238642197
340.0000000000088,-0.0057971442211715,-0.013106628328941067,-9.829747198769697,0.0010188424270389201,-0.00026210416196609265,-7.303469663671867e-05
340.10000000000883,-0.005523494869400774,-0.00865064454494354,-9.820739466598198,0.0021567501222545414,0.00010398266757841931,-0.0009230483283165955
340.20000000000886,-0.003256673157206626,0.008271500081544229,-9.812659666003494,-0.0014772902863605063,-0.0016105022799718228,-0.001315511726523372
340.3000000000089,0.016333783330406238,0.0038570673095504157,-9.81496763557323,-0.0017482051044811556,0.00017167450226437527,-0.00010709460232857433
340.4000000000089,-0.019170226084553817,-0.004538514477516223,-9.820841950235495,0.0007505642621196283,0.0013129371937560229,-0.0005313548419154028
340.5000000000089,0.008068986095425154,0.021443013245552568,-9.803400791618,-0.0009877696621785085,0.0007377456363256813,-0.0006236476343458339
340.60000000000895,-0.004088569898199715,-0.012545565353827589,-9.813901122686246,0.0009186277973752958,-0.0011314533317395108,-5.5720401629181295e-06
340.70000000000897,0.011178753047995059,-0.019829834033497175,-9.79960901800631,-0.0003125357851454659,0.0005530470437372115,-0.0013912639270081274
340.800000000009,-0.012831055636385707,-0.010790294643166456,-9.804027712826505,-0.001221873399640445,0.0019808033668199374,-3.2581913864332975e-05
340.900000000009,0.009361034698408236,0.0009145274095857193,-9.820730170640921,-0.0007462660666913404,-0.0007891097872674056,-0.001163385379475247
341.00000000000904,0.002508843275431369,0.00822129355626302,-9.80236696179799,0.00012603023590422927,0.0002645243490334472,0.00140282518996243
341.10000000000906,0.01647106280439933,-0.011201298360005624,-9.799507289001207,0.0003971593250862024,0.0003502634005723455,0.00028098037923032006
341.2000000000091,-0.0007626675059215278,-0.007279991841701194,-9.786154956485772,0.0014163387847332639,-0.0005443731277192434,0.001499255435029284
341.3000000000091,0.0019741165356393212,0.0046299329159407935,-9.823451367210584,-0.001647537440032494,0.0011413419780958406,0.001886206618482116
341.40000000000913,0.0024428660755256184,-0.01864776215369432,-9.810293996609754,-0.0006261725541518261,-0.000208288974203729,0.0003608237241637285
341.50000000000915,0.003783378984765094,0.014552407854578628,-9.807156404685816,0.0008738727992174143,-0.002662466240927191,0.0009233637518924181
341.6000000000092,0.005029039339026871,-0.008739961499994713,-9.820451045551673,0.0020554827089799155,-0.0008982264320159777,-0.00018743205171690131
341.7000000000092,-0.006791604558876757,0.001934546288295592,-9.808518387632336,-0.0003305092012134731,-0.000343216655767893,-0.001106310941574147
341.8000000000092,0.004521768415368304,0.019079017863233436,-9.810764456201055,0.0007298689860368383,-0.00044154371809623213,0.0001229300135917219
341.90000000000924,-0.012907627830432937,0.0032029831570300903,-9.821268982706222,-0.0010488213002418571,-0.00021979693540821575,-8.227063785820316e-05
342.00000000000927,-0.0014198426646454504,-0.009535785823573052,-9.817591053680653,-0.001087308772701762,0.00023739417541516653,7.13162188402472e-05
342.1000000000093,0.02049593761877181,-0.005645109189718155,-9.807110751921126,0.0008572390984369268,0.0003278902219725081,0.0012470335338548122
342.2000000000093,-0.006550514605239263,0.006890711702728779,-9.806259219777905,0.0001423454528520174,-0.0007751133009889274,-0.001294322289447994
342.30000000000933,0.00012534854126978798,-0.006187380861593535,-9.818330958346028,2.2722764114812642e-07,-3.110852122913566e-05,0.0013149525869911069
342.40000000000936,0.005256177004553532,-0.0031042741869092877,-9.80878543575924,2.5664505114224136e-05,-0.0007772864436556767,0.002383423347527381
342.5000000000094,0.00012016371963655825,0.015000025630777123,-9.80355942008903,0.0003457852279989001,0.0008421192810740939,2.0209767581425066e-05
342.6000000000094,-0.011751675759238555,0.00320366544618582,-9.815666541663369,-0.0004933841426674465,-0.0008875600518147982,0.0011492849815069356
342.7000000000094,-0.023301345430141125,0.00205031975826315,-9.81769501271352,-0.0009398205166350274,-0.00035960617504956604,0.00042675094472990194
342.80000000000945,-0.009411035255795699,0.008352512885584381,-9.801277594530152,-0.0003421419086550441,-0.0002980232282181132,7.62921803636063e-05
342.90000000000947,-0.007394061288838849,-0.007316303265899198,-9.808292776627274,0.0013487401729328267,0.0015546214811910668,0.0010813498803625505
343.0000000000095,0.0028223246910846207,-0.003553714622861587,-9.786979408679137,-0.0004305624595920775,0.0004720107200359604,-0.0011345677034481096
343.1000000000095,-0.001971366377965583,-0.011628768924752968,-9.821026212738563,0.0004498949570315288,0.0027261667865783328,-0.0003984951854330604
343.20000000000954,-0.0035220238870471887,-0.009427138343085029,-9.814039907494271,0.0012660290081719446,0.00019052613535929837,0.0007164762321919698
343.30000000000956,0.014167053420150049,-0.0024540873383842895,-9.812819807958293,0.00013470325338828007,0.00026689664281433206,0.0004517844378623944
343.4000000000096,0.001798287699510043,0.010094918941057011,-9.800670046720558,0.0003873347215819034,-0.0009630324661623296,0.0008289619551457753
343.5000000000096,0.004159541195286565,0.008832222912947149,-9.802939268661687,0.0003992598964535203,0.0004719848098981761,0.0009352643035802838
343.60000000000963,0.0072144408643137,-0.004193410552380503,-9.811157005929482,-0.000502543067700257,0.0007703205098358664,-0.00042145752312801164
343.70000000000965,0.0008681363535447516,-0.018742729020060047,-9.817566825732591,-0.00010897279494041686,0.00019543815954913327,-0.00015724709969812097
343.8000000000097,-0.019537957730000357,-0.0028029341337932187,-9.814805478039784,-3.618168566649006e-05,-0.0009805460400835989,-0.0012852181367821857
343.9000000000097,-0.004686912722616378,-0.006726061440279693,-9.819901610433512,-0.00047548476133927567,-0.001327464168730131,1.1177978378386118e-05
344.0000000000097,-0.00966733921618423,0.005591879498965788,-9.810131476525672,0.0004949674410915653,0.00043661847658130133,0.0009750445236275333
344.10000000000974,0.014215447795583496,0.000466364210243922,-9.81854077621721,0.0009347398949237851,0.0014936112752218051,0.0004173299216217271
344.20000000000977,0.009871413445603418,-0.0015573466032947267,-9.81849872802232,0.0009113742302795196,-9.780042818141668e-05,-0.0008968576650052845
344.3000000000098,0.003627314627424049,-0.021166877480329145,-9.820888205959267,-0.0005745894191239594,0.000788848662256226,0.00022915620742066216
344.4000000000098,-0.001074354175867386,0.01352472807457392,-9.814511776550573,0.0018381296626147619,0.0021016967603492472,0.0013632835946313197
344.50000000000983,0.01757847743262184,0.013790762768506189,-9.815541286216185,-0.00167965547021914,0.000752726185027684,0.0006276055055789172
344.60000000000986,0.0009500900384761511,-0.01073436370925103,-9.818576544550545,-0.0011904147612286473,0.00026674335866877936,0.0005299731154633598
344.7000000000099,0.020616491821222153,0.0022426946203083736,-9.8141218101113,-0.00011429824171582202,-0.001046733787604738,0.001078853774488983
344.8000000000099,0.01740358291440847,-0.007367207803309117,-9.802437506394869,-0.0007561785623880867,-0.0005704378937980822,-2.752177900527628e-05
344.9000000000099,0.012690517038077519,0.007427712683744263,-9.826224383259152,-0.0008025071563962197,0.001057407665455048,-0.0007046551443157683
345.00000000000995,-0.008439755667124191,-0.011470032266459228,-9.82521178139978,0.0008130559585765479,0.0010783803662710479,0.0019066974651718986
345.10000000000997,-0.0015570029484868817,0.00044879791792041347,-9.822305711697537,0.0014644673088015563,0.00041496396397093245,-0.0022027563584073847
345.20000000001,-0.005583300208030569,0.00653771162285119,-9.800777090452252,0.0019804652588852945,0.0015281550905199054,-5.974360595012748e-05
345.30000000001,-0.014975839801999092,-0.0006577800645945664,-9.791284561515793,0.0008759079031935695,0.0008341389706711845,0.0005128978503311321
345.40000000001004,0.02020203608205609,-0.007944764941060486,-9.81231720110918,0.0003606606773548879,0.0005092951207976023,-0.0003832176874033602
345.50000000001006,0.008820160651718574,0.004713538966450107,-9.82273365584104,0.00030759846469385633,-0.002249605165493706,0.00020498774570209752
345.6000000000101,-0.013790995581425457,0.006836259988731041,-9.826613625731031,-0.0007291299731019159,0.0010139993338211862,-0.0004192362186512165
345.7000000000101,0.0056836831994452755,-0.0032485305500204982,-9.809582944950161,-0.0003125485377094619,0.0001012374933745957,-0.0003038185461799318
345.80000000001013,0.006595295842095572,0.005088223725536737,-9.817812546156395,0.0011523096477012358,-4.6557505218655385e-05,0.0026206437438552658
345.90000000001015,0.0019818435051428018,-0.01600973102158732,-9.805973906554073,0.0011805212318860305,0.00018157413115078304,-0.0001819957839529191
346.0000000000102,-0.011770143787843843,0.0018485390608490894,-9.799814332881228,0.0007189653148090162,-0.00024533204668528597,-0.0006274295054871241
346.1000000000102,0.011191874169400356,-0.0026626490312603836,-9.794090660736563,0.0015984591017996817,0.0008951157101531115,-0.0010861228192915679
346.2000000000102,-0.0006447745176094069,0.0002611349311855911,-9.815234281276982,0.0006825414617636725,0.0007116415436009668,-0.0013474302681863845
346.30000000001024,-0.007449711877313584,0.016502258858811257,-9.794151843624057,-0.0009148220222525,0.0003624612745899382,-0.00014917578336811997
346.40000000001027,-0.005209186358305581,-0.007785344332608827,-9.810295801853812,-0.0007864341486809958,-0.0005057279619097476,-0.00010067772030297464
346.5000000000103,-0.0026443995512743985,0.002563552561449142,-9.81644146279095,-0.00016513139245243416,-0.0009640533845483328,0.0004967045452240632
346.6000000000103,0.0038523251834815713,-0.007513180451538322,-9.8129210527708,-0.00033307514651797853,0.00023679702521154928,-0.0003100522047507077
346.70000000001033,0.0015937635795202272,0.002684208985401494,-9.821283772548442,0.00021339863526943643,-0.0002414054138129842,0.0010577210275992221
346.80000000001036,-0.0003748111700952558,-0.0026013785702285637,-9.796079964833032,-0.0003374476631083533,6.550269411297541e-05,-0.0004767472626910977
346.9000000000104,-0.00042477655273572565,-0.004993966007343833,-9.79888473600787,0.00019420731441483096,9.931093233019577e-06,-0.0009025698235451917
347.0000000000104,-0.0035921883541373476,0.012249539565092183,-9.7941429956137,-0.0015181745048087464,0.00013705214968302287,0.0002939578870598108
347.1000000000104,0.006056716877667658,-0.009880580250093552,-9.808371676314875,-0.0005897470061312463,0.0007351098525255169,0.0006822552464050082
347.20000000001045,0.003783470632092454,0.00423857487190747,-9.804050425284933,-0.0008302873596957432,-0.0004554443719428034,-0.00010166565255194729
347.30000000001047,0.004576309130260361,-0.0014665513099924653,-9.817182190956762,0.0005751712749277964,7.228732334941903e-05,0.0009436953160501574
347.4000000000105,-0.007924012046879866,-0.006813040967169799,-9.822644472758812,0.00057222245556901,-4.231861736880019e-05,0.0007870212383003302
347.5000000000105,-0.01547367236038221,-0.013611998951786003,-9.80705714281135,-0.0008998463138936305,0.0004529068883037563,-0.00018914170116200968
347.60000000001054,-0.002900391416637381,0.011806337254727873,-9.803888003827538,-0.0008785468072317288,-0.0020116904860975823,0.0011965131442777715
347.70000000001056,-0.014658427244475952,-0.022356210585424488,-9.80920208342598,-0.0007063757318168409,-0.00023218879789702157,0.0014196649876260668
347.8000000000106,-0.002838297884549907,0.004872597719143204,-9.790887473310695,0.0011167267221513638,0.0018075547200734447,-0.0011108321273088828
347.9000000000106,0.009037088025399195,0.00884842517127305,-9.817136779906368,-0.0003107501066161689,0.0013784395284093573,-0.0007376139951303658
348.00000000001063,-0.01176102520826865,-0.002282592679433428,-9.824451962315415,0.000552220913687315,-0.0002564461462231254,0.001066895585555446
348.10000000001065,-0.006105471942548936,-0.00867783573199469,-9.813209270520373,-0.001051309961052003,-0.00046577668360872615,-0.0004020467048907243
348.2000000000107,-0.0018188923075030707,0.0033783309401814398,-9.797427190885841,0.00011667580281842238,-0.0022339367761409026,0.00031557984177117595
348.3000000000107,0.009497360485400203,0.015294685736587623,-9.805074284128956,0.0012720411403355785,-5.906627137799479e-05,-0.0008365657784443454
348.4000000000107,0.0060059631494702,0.012773743615591356,-9.823752873936458,0.00017355691182556745,-0.0004065545273308443,-0.0010043957864706245
348.50000000001074,0.00886618473656471,0.01570198725802067,-9.8157053555837,-0.001561434624671123,0.0005858559621791903,0.00010025014668211598
348.60000000001077,0.019782707922576075,-0.0019031550508434687,-9.814756697052994,-0.0007225203730328103,0.001211084987408437,-0.001444917582163416
348.7000000000108,-0.0063194556371008095,-0.0093348268673666,-9.804710907184685,0.00011624944391691423,0.0009579780595246416,0.00025404736754536944
348.8000000000108,-0.010440765197680788,-0.0015529829060413763,-9.822843122636677,-0.00010838713647863343,-0.00046486923640955884,-0.00019932263796300758
348.90000000001083,-0.006597055515888597,0.007499008193408799,-9.808449906285242,-0.00027728551290881763,-0.00028216829992690944,0.0011027921676169312
349.00000000001086,0.00366663100028586,0.0001073182648024767,-9.80818857832914,0.00046797444625157575,-0.0004981417974780019,-0.0008338156291239504
349.1000000000109,-0.010928337512928894,0.005463857298684407,-9.795387972560418,-0.0009147448717662084,-0.0006188968476973228,0.0005996210723279387
349.2000000000109,-0.0027996834135947846,0.02731047258456331,-9.819546357432113,-0.0005924782265183236,0.0005679791375844592,0.0005463131475953299
349.3000000000109,0.0012326610143956389,-0.024139743189184836,-9.819781417769164,-0.0006710855518029617,0.00035173963147091544,-9.125584236763805e-05
349.40000000001095,-0.007667851185427331,0.025251301900767173,-9.806242444832264,0.0013771887204608682,-0.00034511079348311367,-0.00017876256874616557
349.50000000001097,-0.010470133000580868,-0.004555893358748601,-9.819495119934007,0.00014307268845781317,0.0008914150283024776,0.0006852024571821055
349.600000000011,0.008130200165695963,-9.919212426300221e-05,-9.80980159453009,-0.0009325019630112134,-0.0008516105336201359,-0.0011927163604255873
349.700000000011,0.006232975155779664,-0.004934203525038059,-9.826854699333886,-0.0004553933435431336,0.0010848922456672642,-0.0004794514060162309
349.80000000001104,-0.003643308052402174,0.009414695248195574,-9.810643859357082,0.00022942638902325357,0.0008204733280621515,-0.0009665216099720948
349.90000000001106,-0.012151505496244564,-0.015068406139387711,-9.82903585282684,-0.0006589393985495965,0.00037454643984582,-0.0002253886778743578
350.0000000000111,0.0037783759012220536,0.014229312600131168,-9.809932459255736,-0.0008168650365249154,0.0013304898859180145,0.001070267763683339
350.1000000000111,-0.004354490253170559,0.00030502235316752057,-9.805710208508955,-0.0013776617888644801,-0.00029470199846944175,0.002646854853036815
350.20000000001113,-0.012032766884439184,-0.011061621255527284,-9.810894162533929,0.0011055490865264968,-0.00016749902193182256,6.405770521667533e-07
350.30000000001115,0.002703818082379302,0.011034069468394336,-9.821153370814539,-0.0003293786792672806,0.0007189077889976897,0.0019870528141007837
350.4000000000112,0.002501561049270628,-0.014306475179934114,-9.821065686097391,0.0010042760593670364,-0.00018570508012354873,-0.00019397074889959903
350.5000000000112,0.0007619047029436196,-0.007444121978861204,-9.80692956105117,0.00041876043048033726,0.00015676832923745357,-0.0010514395809391541
350.6000000000112,-0.020142255114578306,0.006360423278997544,-9.81892245619117,-0.0006063720120118703,0.00015700530961371603,3.4095073654581665e-05
350.70000000001124,0.0032934138018135056,-9.599203163380449e-05,-9.814512016795158,-0.00029715642748649116,-4.535534330777137e-05,0.0010157422669286713
350.80000000001127,0.0020436780962234057,0.0035824297759583933,-9.82108842985936,0.0010992886004092398,0.0009388358536981119,-0.001828011926843966
350.9000000000113,0.00752182243793679,-0.00606201238602747,-9.802393599027544,-0.0007136596602575635,-0.0007390337343604521,0.001061456089153255
351.0000000000113,-0.002404226528522892,-0.008690640461356414,-9.808152400478175,0.001058890583420927,0.0005974680495909921,-7.149692241310501e-05
351.10000000001133,-0.012383127338290474,0.006340793298076214,-9.798852660871589,0.0019588593434885786,5.7993362366184116e-05,-0.0010015398896372437
351.20000000001136,-0.004461911385076457,-0.006268093036707499,-9.808344141126614,0.0004748424769403123,0.00028888619663453187,0.0011399754377677308
351.3000000000114,0.00421564713068396,0.005380220186743809,-9.81155471540962,-0.0011419161315090766,0.0007591085107143772,0.0011580216618298212
351.4000000000114,0.014060183025701287,-0.021532212351961094,-9.809394184947822,0.00020256954716334698,-0.0016754340535170195,0.00011926737835631622
351.5000000000114,0.023878245427587392,-0.0005211429260811374,-9.802576982412596,0.00019264266633326903,-0.00047621550404275273,-0.0007653407228512833
351.60000000001145,-0.005641583369842324,-0.011214029448517751,-9.794825545464715,-0.0001611850981627085,0.001009032063085891,-7.447436568169359e-05
351.70000000001147,0.007494439111206432,-0.019463732488232136,-9.809176757884408,-0.0007487573657242692,-0.0010846135698687044,0.0003049810932167102
351.8000000000115,0.01940101905437974,0.014992021551333484,-9.819486150495225,0.0005373253564960581,0.0004206432820689398,0.0008203925438736918
351.9000000000115,0.004211453101355603,-0.0027500767416428714,-9.81361322831527,0.0018248047063362653,0.00012296133719317845,0.0013153403375628218
352.00000000001154,0.0075326159302609155,0.003245542378158292,-9.810401610822328,0.00024847510882450844,-0.0005302857563203902,0.0002168651985678516
352.10000000001156,-0.004466955646132874,0.0008701582305782491,-9.81097596958149,0.0001987739206113111,-4.811018611543755e-05,-0.0006495360655110571
352.2000000000116,0.013416140805698622,-0.002847202944879799,-9.79483299392947,-0.001405388266995193,-0.0006592754093313305,-0.0009843855964936728
352.3000000000116,-0.002720782599006133,-0.0007838615033442548,-9.825025264112247,-0.0005656391938019325,-0.0012458256876124417,-0.0004100409490276433
352.40000000001163,-0.006703883024451112,0.003429557017311309,-9.827873607771922,0.001489147805976034,-0.0005281470636192731,-9.003557848408466e-05
352.50000000001165,0.002221022012468965,0.00496581879379457,-9.798314085957125,-0.00010549173127939934,0.0007886026608379483,0.00021082682829188842
352.6000000000117,0.0028873283437317095,-0.001756328554162295,-9.817818098276337,0.0008947661187272933,0.0005443748439767068,0.0005540421999677789
352.7000000000117,0.02221466039447937,-0.006248434126460445,-9.821752670635718,-0.00037551288754016055,-0.0005494051574858931,-0.002132721318494723
352.8000000000117,0.0013591880776243543,-0.007873242741940584,-9.824482323357028,0.0001603794422075094,0.0016777586876134984,-0.00048668042166670277
352.90000000001174,0.001874254820090718,-0.009645060905872712,-9.81753170046642,-0.0009205939134119029,0.00035210880519227555,-0.0010133786725214904
353.00000000001177,-0.004671498585008562,-0.0026545458160307854,-9.804787785280007,0.0002507680540957578,0.0012325869988314977,-0.001180343694775333
353.1000000000118,-0.008530410602511867,-0.003697497567752297,-9.807525662720415,-0.0011014942966977078,0.0013277398593854104,-0.00013841332421980033
353.2000000000118,0.00036802357392824676,0.010352931450014273,-9.797397107503404,-0.0007747296534362829,-0.0016450387841905772,0.00030902507632734607
353.30000000001183,-0.015612495885134602,0.007182221247430928,-9.791411758431856,0.0002980789777627869,-0.0018873830670674114,0.0001188471695507918
353.40000000001186,0.00471633206428663,-0.010469175976909224,-9.800851753590159,-0.0005221073735974686,3.506074988828013e-05,0.0009907883416864413
353.5000000000119,0.012443319337188837,0.0001363016979480549,-9.79528164071677,2.2613008839366666e-05,0.000764344128448613,0.0024953461453859505
353.6000000000119,-0.004778258348637078,0.012892708559867825,-9.794938579672019,0.0016726991990563189,-0.0006119567568346856,6.974771602320119e-05
353.7000000000119,0.005950958898559053,-0.00046627883508142885,-9.799068011602714,-0.0007446899127437246,-0.00039689693041249183,-0.00040470631831467996
353.80000000001195,-0.001042705066289017,0.0012736063251565042,-9.822188998815598,0.0008792182697773077,-0.0012204656126608116,-0.0008774673746170427
353.90000000001197,-0.0010230821664300898,-0.006779273270334399,-9.797365619947639,0.0005074634776221879,0.0006120808840880722,-0.0009063000120273457
354.000000000012,-0.012742386864042353,0.011728039897599745,-9.808098210512702,0.0016870069101518235,0.000737142668167826,0.00044337543334493494
354.100000000012,0.0034929839551408755,0.011050061138153142,-9.80752305695366,0.001035556475981158,2.2541749543993055e-05,0.0015201656533105079
354.20000000001204,-0.008041177077339475,0.008651680368662092,-9.81600095766672,-0.0009168424748996488,-0.0005746536166933241,-0.0013173041467298167
354.30000000001206,-0.003141629113288714,0.0037245501982826486,-9.787519121597455,0.00039532607612163736,-0.00023092150518129906,-0.0009141699916460966
354.4000000000121,-0.03446576320359158,0.022423761961942273,-9.822385756019377,-0.0006396763386011708,0.0009342354533313904,0.0007778248948872563
354.5000000000121,-0.004759252714993266,0.0005597807464334648,-9.797445507601061,-0.0006484150546778967,-0.0015261168717928396,-0.001126570482138489
354.60000000001213,0.005874088770031819,0.008307351831444139,-9.808938390175495,9.463549132528324e-05,-0.0017788534811543947,0.0005144288209369234
354.70000000001215,-0.009800485611662529,-0.002088847403405393,-9.823355034610115,0.00010205555733717737,0.0007401136802661018,-0.0019227523062083202
354.8000000000122,0.016577663966577633,-0.009733070648078709,-9.807620603801455,0.0013506013208772194,0.0022283263874132444,-0.00043174902795971586
354.9000000000122,-0.0033010284145053716,0.0003212308451809138,-9.815437751403723,0.0010435357006705974,-0.001023683760307554,0.0014971655731914144
355.0000000000122,0.009843690339246838,0.0074308691008523695,-9.80853401621138,0.0019040457780622492,4.242265914967017e-05,0.0008034473176077898
355.10000000001224,-0.006930037133809059,0.013061313893529157,-9.802071239245072,-0.0008602476864540921,0.0007549009039910835,7.655367120971054e-05
355.20000000001227,-0.005378844873198192,-0.012567371448899594,-9.815634085096029,-0.0013067659312228277,-0.0006742570078245643,0.00034005394236537626
355.3000000000123,-0.020398848053030435,0.011732410095422615,-9.81223842656784,0.0015107820496195717,-0.0010853771752471755,0.00019835798964765384
355.4000000000123,-0.004208605109394857,-0.0013618543700203013,-9.812287139110303,0.00010212093857477311,0.0003758457265071445,0.00035024713222360835
355.50000000001234,0.004992918741638378,-0.0014116125832405583,-9.803616146656843,-0.0004947734370836255,-0.0011806707051995329,0.001343162015738684
355.60000000001236,0.0014624078664579026,-0.004711093599567842,-9.787886498022369,-0.000240056636574067,0.0012054713589051168,0.0007680508699576934
355.7000000000124,-0.0042180253474782894,-0.007872987557305828,-9.81876737108868,-0.001529363553036971,-0.0010034677065039958,-0.0011100169387247977
355.8000000000124,0.001472843114849429,0.02591225339226742,-9.815341269634038,0.0003489146613296339,0.00024762294001948843,0.0014451326748434864
355.9000000000124,0.0016510603875594472,0.008799835680777036,-9.812188320131629,-0.000235353304293848,-9.563118763590798e-05,-0.00033008674945996425
356.00000000001245,-0.006373147264971377,0.008773548789758114,-9.813658660950473,-0.0004441431209453998,0.0010672997922145677,0.0009388799860353118
356.10000000001247,0.008574284132996155,0.015541214447956326,-9.811698589681521,-0.0008046766059143991,-0.0008121621215099411,0.0007156833638860173
356.2000000000125,-0.002158277487108309,0.00038219007483033916,-9.802076318702788,0.0006154630393020406,0.0003980254336851759,-0.0004185462002644822
356.3000000000125,0.007066580700852555,-0.008728063955072134,-9.825344736200085,-0.0011114568511179557,-0.00011921950975775887,0.002023265042401262
356.40000000001254,-0.0022527032667041167,0.0021565612594892578,-9.789206145764414,-0.0007297736560914006,-0.00121747938823057,-0.0007480017060105193
356.50000000001256,0.0005673240229101562,0.00839222179519717,-9.809063536921055,-0.0001538567398700958,0.0027189522171412175,-0.00024829483659375665
356.6000000000126,-0.0052194476990746344,-0.011715789573782229,-9.815115309028608,2.4469347627632306e-05,-0.00041580522001836317,-0.0003744295220873205
356.7000000000126,0.013852333886627584,0.005486601906775217,-9.808688829894962,-7.342919138052185e-05,-0.00045340940736620316,-0.0018585557844337428
356.80000000001263,0.019297366319150282,0.002569408254192701,-9.82194593940882,0.0003097549351122597,0.0006469798106268246,3.077004285113494e-05
356.90000000001265,0.0031226824561573826,0.01853459285809827,-9.805506514998639,-0.0005186600320689315,-0.000835984257346352,-0.0006607127683917505
357.0000000000127,0.008367304649527025,-0.01771928088911239,-9.817571807822354,0.001320892251185737,-0.0019561724187898834,7.62717548413297e-05
357.1000000000127,-0.010296846958938706,-0.018040673040551247,-9.813014660206864,-0.0010546201160937202,0.0019825800071573522,-0.001263413070946764
357.2000000000127,0.0076422036334489055,0.0056527190750462935,-9.803302802834649,0.0011400261819633011,0.0008801092305749033,-0.0003676082375176495
357.30000000001274,0.00015307136248821432,-0.012194990354128498,-9.811227934986439,-0.001142606899024059,-0.0009701023217155282,-0.0011115188096564783
357.40000000001277,-0.006195544063420394,-0.022587026365310542,-9.822059745878466,-0.0013342956908068968,-0.0015369046839716566,0.00026018169779178687
357.5000000000128,0.0003959763543737866,-0.000616002276879772,-9.814837832915297,0.0010578019145145285,-0.00023485942701751284,-0.0004876299898570523
357.6000000000128,-0.0037300288876537463,0.00484220039595417,-9.819418651638633,0.0003584448826586553,-2.7382056022603074e-05,0.0020203552342761143
357.70000000001284,0.005546945192741181,0.008306141625937472,-9.806266306996243,-0.0017085653243455057,0.002525835916930469,-0.0013777119066101045
357.80000000001286,0.0007121071367165026,0.015290722476833806,-9.804034419441422,-0.00033604438309287407,-0.000409987960943564,-0.0007545310014903154
357.9000000000129,-0.005484905673769107,0.021513264405531928,-9.804960997536998,-8.392704231780391e-05,-0.001007433452853783,6.754647233188332e-05
358.0000000000129,0.008661224440523424,0.006275947069882179,-9.80932268593185,-0.0008215778170610835,0.0008627940045085824,0.00011565004070978382
358.1000000000129,-0.00921396436003472,-0.004406983826330706,-9.808930379891956,-0.0009731445300194422,0.0005082343366250642,-0.0007828969452522886
358.20000000001295,0.007564821852663261,-0.0030282653866246247,-9.807925638752753,-0.00016616243968274177,0.0015695424443281853,-0.0010127472420570808
358.300000000013,-0.007867116952541258,0.0040117521948370505,-9.824785532117062,0.0003693988363925304,0.0011547741700866795,0.0006081734341091728
358.400000000013,-0.005341306137054882,0.015226192225773824,-9.808557932992626,-0.00026136180620463007,0.0017131562242695554,-0.0003275767072028906
358.500000000013,-0.0062067488315939836,-0.008396997682522651,-9.80659319120873,9.622046241085064e-05,0.0014705730524338153,-0.0006787382529984735
358.60000000001304,0.000988000191183042,-0.017393164383596896,-9.79292093571691,-0.00026927601396649494,-0.0001066941201737462,-0.000635112418689007
358.70000000001306,-0.015083095582845048,0.002534010319607132,-9.825259713015246,0.0004911633455630285,-0.001153430430297323,-0.0011972027509568794
358.8000000000131,-0.0024065865062103914,-0.01132588355910298,-9.811943099631673,-7.956796706569549e-05,-0.0008103496208574398,0.0012928035982374398
358.9000000000131,0.0077330304259997686,0.0005773320298127805,-9.808688778165624,0.0005222615829829036,0.0003896109191304581,-0.0019722238257175455
359.00000000001313,-0.0053379364790577056,0.0024772769383903455,-9.812444267047791,-0.0014715682260690636,-0.0010447304702411822,-0.0002709704732658098
359.10000000001315,-0.008459800263733474,-0.008775574509523437,-9.8042759903434,-0.0005200910478458846,0.000192941660796674,-0.0004935610870950626
359.2000000000132,0.0005664550979714366,-0.009143762199516249,-9.808438480768954,5.1468604811899364e-05,0.0013628728009514143,0.001290238060279185
359.3000000000132,-0.0019690365137675185,0.02173782156478008,-9.818376691229119,0.000750376687181161,-0.0007932672165153153,0.001382733729822836
359.4000000000132,-0.015182760250126886,-0.01347612544769403,-9.80614325008258,0.001842337586895596,-0.0014903287124322848,-0.0015253008385405257
359.50000000001324,0.005693322589116525,0.01621206620747107,-9.8136643452176,-0.00010088355125668711,0.0003849753411068697,-0.00044084768242082527
359.60000000001327,0.012222318968263817,0.007986472019288168,-9.795987791128328,-4.375323792069286e-05,-0.00045026024052975097,0.00033772220830779657
359.7000000000133,-0.0028170659073556378,-0.013253142781275746,-9.811656657745988,-0.0001362167696873839,-0.0009673572491723534,-0.0006261593369858243
359.8000000000133,-0.007700040862458335,-0.004447121645565297,-9.808366426058601,0.0011777404532744072,0.001928166328589735,-0.0013300020791128016
359.90000000001334,0.0023710918975161813,0.007212120789603607,-9.816782572362065,-0.001995770914844436,-0.0004768474420102213,0.0002017819873194859
360.00000000001336,0.014144747196378458,-0.0032227117295252727,-9.812306810407177,-0.0005808164797284466,-7.98053704631117e-05,-0.00032073624589033713
360.1000000000134,-0.014892478495373323,0.0038920218857191684,-9.811061500511519,-0.0009691924084263993,-0.0009586619406360975,-0.001077555222471603
360.2000000000134,-0.015904138172093157,-0.008964747603577294,-9.804000505663314,-0.0001826203439621435,0.00015948379346256055,0.00189171718108923
360.3000000000134,0.0021648330154962984,0.01016797237749382,-9.80690291305014,-0.0002969763472130827,0.0009369535393937896,-0.000887897139813773
360.40000000001345,0.009971544227538317,-0.002949654205181423,-9.82012699994653,0.002921136742090834,0.000417992025992919,0.0013337708898535077
360.5000000000135,0.010883582431641272,-0.005840531287660409,-9.791679403118836,0.0002512824051212445,0.00027613845617096796,0.0006453565896090513
360.6000000000135,-0.010893783564250421,0.01202312303369871,-9.799198118597925,0.0016037379083638954,2.2042643731532513e-05,-0.00021850372928916177
360.7000000000135,-0.014469445938737842,0.0018320226032174883,-9.786460067502357,0.0016981237205639617,0.0006461038277309363,-0.0007090139530231823
360.80000000001354,-0.0046786060225872065,0.01306279290557941,-9.79856614029976,-8.885540833586881e-05,0.001643765184136268,5.996300800446827e-05
360.90000000001356,0.00429728528218538,0.009802810357286576,-9.811352816993262,0.0004375942527549299,-0.0001546280734266287,0.0003605916926045607
361.0000000000136,0.0021658408863517416,-0.009390787481376832,-9.817382515909616,-0.0014245221773777372,0.00032494569374196485,-0.0003051681337148838
361.1000000000136,-0.010486827863745699,0.010697055619924114,-9.79601666933772,0.0007191438304008578,-0.00022570803999922355,-0.0015031868928358967
361.20000000001363,-0.0076897220647741075,-0.0022919806389676057,-9.812315892984069,-0.000622159989388891,0.0011081567008387925,0.0007784863275499258
361.30000000001365,0.00014788360159011263,-0.0014450865289344895,-9.815550969403878,-0.00024138795936128808,-0.0008069192526064033,0.00018464739322148326
361.4000000000137,0.0044004439378348146,-0.010171574425966811,-9.800209294845189,-0.0009273109403537299,-0.0007712517628090005,0.0005219691824824355
361.5000000000137,-0.004195560735433517,0.008254111633049604,-9.816834620415626,0.0018440159779584766,-0.00046650211879827947,-0.0014267289784832167
361.6000000000137,-0.0051123999113121266,0.00913783571714805,-9.827959240083068,6.989845617213476e-05,-0.0015482353428359955,-0.0021085538195271037
361.70000000001374,0.012633917148024282,-0.0065508469023937465,-9.819648354001988,-0.0008966390927902981,-0.0009696766107014745,-0.0006120962595463633
361.80000000001377,-0.0009023637357733327,9.004155440936157e-05,-9.80381182806497,0.0015399638960576446,-0.0006719560835198475,-0.0015200312026067268
361.9000000000138,-0.011329612364878396,-0.009292355868779573,-9.802946740988617,0.0015926655942946084,-0.0005013652864604134,0.0007381104176450988
362.0000000000138,-0.005098957037233238,-0.005402415340430403,-9.795800817515453,0.00011031417406527585,0.0009460167704364064,0.0006697145639492075
362.10000000001384,-0.0032771517835429895,0.020407683903847174,-9.809344496657742,0.00039272337676994184,-0.0006180210322886991,0.00031797793989897115
362.20000000001386,-0.0009797333571944524,0.002729960061410966,-9.820353491844733,0.00020401459689490866,0.001679595945129927,-0.0006248046631181475
362.3000000000139,0.004434007523161757,0.0053374373811908215,-9.813017685954938,-8.857595040175042e-05,0.00048174988413846037,0.00010948077821195798
362.4000000000139,-0.006207807670139894,0.0001685440930078735,-9.804748241328195,-0.0016549278888636164,0.00017523306205792527,0.0004628262174313453
362.5000000000139,-0.0037334679294695246,-0.013729833891715996,-9.814452955911623,0.0003019558187628953,-0.00019903160309999379,-0.0006303737810259591
362.60000000001395,-0.0034557926772402583,0.014882209910081887,-9.808581290333274,0.0002969889290297129,0.0008926449573994257,-0.0013726424023932577
362.700000000014,0.0044405758281038455,-0.008275269656739088,-9.80862485833838,0.000913529064342019,-0.0014364721874722658,0.0007564637029087031
362.800000000014,-0.01184819056010805,0.006234086739218263,-9.799402045273442,-5.3730624712022546e-05,-0.0004437275458451283,5.574272086907313e-05
362.900000000014,0.0044340094847904075,-0.005409608523632394,-9.81912054370907,0.00034004790519156754,0.00036518866693655683,-0.0022369312648503974
363.00000000001404,-0.01992765220970237,0.010966395342094622,-9.821021735481864,0.0015175853807075149,0.000955557300750133,-0.0020602197566273097
363.10000000001406,-0.004858043274390368,0.00019330271908684613,-9.808226035447138,-0.0001927932473097974,0.0014323363504106746,-0.0006917146161915941
363.2000000000141,-0.013353034445759682,-0.018593715023121914,-9.819315603044645,0.0007485765180116284,-0.00030489641969105315,-0.0013433570960273396
363.3000000000141,0.0019098200090684754,0.004685927938740596,-9.817751956683464,-0.000601496205852719,0.0009383860643548786,-0.0013179089159671723
363.40000000001413,-0.008409253457734299,0.0011220355006946671,-9.81825771384421,-0.001854174802622785,3.6108226406855714e-05,-0.0014643288233426718
363.50000000001415,-0.005491416489246388,-0.015334927913668512,-9.81643837348532,0.0012038673866222613,0.000370436647691374,0.001676860182818166
363.6000000000142,-0.014868014733926231,0.0004728168377993603,-9.797393793508828,0.0015374075214055652,0.0016472962877665028,-0.0011585191587596272
363.7000000000142,-0.002081092616835328,-0.0040216663519550555,-9.797104676363533,-0.0009749273765774558,0.001409527445168697,-0.0017679879085295488
363.8000000000142,-0.007879588844086394,0.022277645526268666,-9.826597765750352,-0.0004912843872246396,6.669481555736987e-05,-0.000637258027462427
363.90000000001424,1.6875030471324445e-05,0.0021895587620143378,-9.806020950346985,-0.000691398741840908,0.0005404237515281248,-0.0013457683424315514
364.00000000001427,0.023651835024891918,-0.0036298913242282698,-9.80306062972553,0.0002937539791484152,-0.001233394935788906,0.002048214109453175
364.1000000000143,0.010946139044652744,0.013153909691975765,-9.795378888402421,-0.00031764191962528544,0.0015553947545660792,-0.0004641889068064993
364.2000000000143,-0.0038385884304016765,-0.00874544899446472,-9.836835410445742,-0.0007019698109112702,1.5527165723055972e-06,-2.6082811202812028e-05
364.30000000001434,-0.006436657463661894,-0.003638108835456505,-9.810772646737181,0.0005616312204144069,-0.0005352143204319402,-0.000190407811255535
364.40000000001436,-0.006221124452601938,0.0009501416257304555,-9.813110371637594,-4.894182438207573e-05,-0.0006515286424510447,-0.00038111508422669974
364.5000000000144,-0.016096954626226512,0.02192906489684253,-9.808654401727647,0.00046351325361311383,0.000630935388148076,-0.0003866893937925516
364.6000000000144,0.004764080442718922,0.014436306492255427,-9.8176353109195,-0.00038372915335538885,0.00031864386970071164,-0.0006672418293473264
364.7000000000144,0.013694063235559429,-0.003853025229753531,-9.800998480807436,0.00021986111728514507,0.0018472484833615477,0.00011496160796187817
364.80000000001445,0.01985991374085786,-0.027980463345307523,-9.801927409242714,0.0008329218140269124,0.0011937122860173172,-0.00014213458453058827
364.9000000000145,0.004623451033967517,0.001481789003512385,-9.821660430334406,-0.001013136464989505,0.0018928359217207417,0.001475064241065534
365.0000000000145,0.001892473433507268,-0.00304266736492532,-9.821092260596451,0.00021733026058762627,-0.0011005144026882332,0.0005804459819373276
365.1000000000145,-0.003348493464201639,0.00656263446237111,-9.80936753948293,0.002249561230662903,0.000706889915294235,0.0007408197490247858
365.20000000001454,0.0007932953618346243,0.011407232177350237,-9.817939022979381,-0.0013440907317784582,0.00035905653053744564,0.0004081997466096691
365.30000000001456,-0.0010731550201333424,-0.014898774287317385,-9.795659291054204,-0.00018833914492719371,0.0011287393093958984,0.0006962325281563376
365.4000000000146,-0.006560370783285415,0.005886737641767506,-9.832709768456652,-0.00037486139380987386,-0.0008569064168580231,0.001044537523756102
365.5000000000146,-0.012300829874174109,-0.009034825010537283,-9.79713592057269,0.0004643919867575202,0.00010540275871452073,-0.0007679996532464352
365.60000000001463,0.003216924528087569,-0.001439747674785972,-9.804807952694205,0.0005363434469100771,0.0005769552180741237,-0.0003374912892488923
365.70000000001465,0.0029282767584237496,-0.009161813813477818,-9.815283667955399,0.0010079412698789094,0.002103876742744867,-5.257837772805421e-05
365.8000000000147,0.008424905249057665,-0.0015502424730986838,-9.803970790474043,0.0010094950586801252,-0.0009540074327861135,-0.0010094783133057523
365.9000000000147,-0.002675269276461576,-0.006412984315776543,-9.820723580507634,-0.00036825872717546833,4.6259488272215464e-05,-0.0005228107681694049
366.0000000000147,0.0023977055222996245,-0.00813138097906292,-9.79282331259535,-0.000332824741798908,0.0004684189942099074,1.6769532495414345e-05
366.10000000001475,0.006101670013185234,0.009562187891305442,-9.808267226956149,0.0005037837018182391,0.0004223262302348518,-0.0004753170598606187
366.20000000001477,-0.004043192606617876,0.011557247506232762,-9.803775475528528,-0.00039856315534272664,-0.0008995265828232696,0.0006978504424510912
366.3000000000148,0.0071496226526783484,0.007687586045584785,-9.826875443392533,-0.0015397946461292037,-5.785057176039205e-05,0.0003643730302922663
366.4000000000148,-0.01763880253780762,0.00936616625577125,-9.790796583969263,-0.0006224486038028331,0.00037542397012873353,-0.0007384532140205894
366.50000000001484,0.00479653911139956,0.0016398200164417928,-9.82480317424014,-0.0008746691983186951,-0.00038587403404236753,0.0009189499518528553
366.60000000001486,-0.005034729786230278,0.010131562880402591,-9.808793526011895,0.0008321216297991993,-0.0004471369805916377,-0.0003358287853046438
366.7000000000149,-0.019305584514080768,-0.015454806675887308,-9.79700908663653,0.000745781847480715,-0.00044680443985701537,0.00010316293954241448
366.8000000000149,0.01775075686354996,-0.005305048168179134,-9.811144711916638,-0.001499520088786855,0.0006764195994536905,0.00022415475342783546
366.9000000000149,-0.018246310605203486,0.0038257469000238906,-9.80812965680084,0.0009902940276173605,0.0004533934858800467,-7.857698013819454e-05
367.00000000001495,-0.006556790934795837,-0.0071508855924940495,-9.808165509303025,0.0007430155327262724,1.785075766986233e-05,-0.0019346149438605178
367.100000000015,0.00934883337349565,-0.013139546008973126,-9.812634709040701,-0.0006131247764603124,0.001549263296367678,1.5350986793777507e-05
367.200000000015,-0.0065287528783907435,0.006945821236002219,-9.822550957304312,0.0007011654747574462,0.0020715322944094387,-0.001977927283708857
367.300000000015,-0.012161777593018883,9.495172020503217e-05,-9.818344736556499,-0.000654183186746099,0.0006808334878769765,-0.00013628295300285178
367.40000000001504,-0.003164557475889292,-0.011328543867653263,-9.824024543487853,-0.0002446136702293297,0.0005078749756836065,-0.002254308400058936
367.50000000001506,-0.0012714981765960256,0.015356002509794355,-9.831323163872572,-0.0010081018923691189,-0.002204321358611296,0.0008794553761280353
367.6000000000151,-0.01571620896596678,-0.006497416580736143,-9.802899354421678,0.0020536746189302475,-8.152392455170786e-05,-0.0003803186957837933
367.7000000000151,0.004132374757747409,6.09102228330385e-05,-9.812652754666313,-0.0004897342389479358,-0.0011314505721376222,-0.00022090073428172936
367.80000000001513,0.003961015749025757,-0.002851128288063402,-9.802910365283818,0.002465193695912298,-0.0015674366442925433,0.0011559544816463702
367.90000000001515,-0.006143457772970713,0.0022394364468683544,-9.814158193511924,-0.0003093848611699917,-0.0011319375038329256,0.0008565345071163749
368.0000000000152,0.0014233448679190444,0.004285669159972611,-9.799136534444356,-0.0008964200529262213,0.0007655912859942036,-0.0004025643389481734
368.1000000000152,-0.003268380227121107,-0.009499914297344928,-9.807638022776993,-0.0006622662940923005,0.0009057815432803233,0.0001782479713344754
368.2000000000152,0.004026307005298305,0.0016275411356005253,-9.799400639508711,-0.0009756073730494719,0.0003710571914253344,-0.00040929283192610733
368.30000000001525,0.0026679808178049383,-0.003489086095151504,-9.802357959478693,-0.00018894645371082228,-0.002024572218507495,-0.0005806885930238223
368.40000000001527,-0.007621455982293951,-0.010364625807036012,-9.807343642511745,-0.00018642089111092693,-0.0009815143664000045,0.0005004193815173608
368.5000000000153,0.0104571460236719,-0.014812803126866742,-9.821162423952336,0.0017926886704827548,0.00038846690125500836,9.13102417605966e-06
368.6000000000153,-0.007169669898740364,-0.01792247279234065,-9.80898721519711,-0.0019007224317424136,-0.001261621416541439,0.0016562664431606997
368.70000000001534,-0.005920333687359937,-0.009382837957585167,-9.81382181725192,-0.000820274313852954,-0.0005595598268652945,0.00027658197947106515
368.80000000001536,-0.0018781443053823943,0.013821533963168797,-9.823828431262081,-0.00043289539509312687,-0.0002985716435096381,0.001812443309771007
368.9000000000154,-0.0051424765204781675,-0.005051432866204429,-9.828833424672055,0.000883016617416447,0.000961106312356644,0.00014144849910882506
369.0000000000154,-0.002035796379391249,-0.02107426742474481,-9.811926049941803,0.0003473180662349864,0.00013114763048544111,0.00022236626825754635
369.1000000000154,-0.006305492284965573,0.022408718204375837,-9.82213676808877,-0.00033361890567581607,0.0008337137872628175,-0.0003473456215785935
369.20000000001545,0.0062450549748580865,-0.0007460815868124132,-9.797667509859107,-0.0002052362962059519,-1.9287073835232802e-05,0.002888247210451793
369.3000000000155,-0.008301349580123504,0.01097504329496147,-9.809007203009376,0.001071261056764336,-0.0014637792441381976,0.0011285546924990218
369.4000000000155,-0.007848455076398688,0.011537037230089501,-9.81573536558254,-0.0007785936950931662,0.0005365839043293313,0.000281532566893116
369.5000000000155,0.0004807668544081657,0.0026955985287461137,-9.816500245450367,-0.0004519280290138822,0.0003057173570227046,0.001272329098766022
369.60000000001554,-0.001132976245816793,-0.016816909169229465,-9.799666892590647,-0.0008497147699067543,0.0012719578173359444,-0.0014412627375620162
369.70000000001556,-0.009267960916510254,0.015472638215259573,-9.804840246259491,-0.0011933246082888828,0.0015346194404223517,0.00018672244760790712
369.8000000000156,-0.00454172387905303,0.005097568067369313,-9.811174008308564,-0.0011432564980791147,0.0007887078618971763,-0.0009235633672129996
369.9000000000156,-0.011540488054326671,0.0020084638594919384,-9.797508625864538,0.000585481990620257,-0.0007717528879506198,-0.0001968073924625086
370.00000000001563,0.008706652506956757,0.00994670796347815,-9.807670539783967,0.0006017661535948311,-0.000618222774795019,3.6667402809345734e-05
370.10000000001565,-0.01156539359678153,0.01430168839982557,-9.819003774754714,2.9871085937403287e-05,0.0006753513676379689,0.0006349679527812279
370.2000000000157,-0.00020400366210470086,0.0056388303821735325,-9.801703897140882,-0.0011403460637226213,0.001506142504053999,-0.0010491279172338578
370.3000000000157,-0.010884894574120767,-0.0011100182043875877,-9.808335056639454,0.001776199146784199,-0.000686219518327045,0.000400654614119634
370.4000000000157,0.020204096838498324,-0.0077681701334026115,-9.806060206041987,-0.0005849432575027019,-0.0003271426744112927,-0.0001789642935523424
370.50000000001575,0.008514522638794817,-0.01931382931797019,-9.806713221582383,0.0004620069906583974,-0.0007369784438951564,0.00035372089648060543
370.60000000001577,0.013006551886505941,-0.014674395306438237,-9.809662707508103,-0.0011059461241763806,0.0011300787943351075,-7.006778171058218e-05
370.7000000000158,-0.005187701397265069,0.004333957682343924,-9.814890632628652,0.002628986134016483,0.0006105106553414238,0.0015666256270390243
370.8000000000158,-0.02250540754178777,0.0018010085845103488,-9.812841724385795,6.530576352197344e-05,-0.0009432292355212192,-0.0016798618839832364
370.90000000001584,-0.004240006228917144,0.0031822068899284967,-9.82162975014642,-0.00011068103467971752,0.0006285583312358417,-0.001347100613467634
371.00000000001586,0.011536248825014262,-0.00152234424882338,-9.81450897829766,0.0005011280405748324,-0.00012660169016494944,0.0003252546979755106
371.1000000000159,0.004300902647777504,0.003805541306580163,-9.811516620745392,0.001233883708956277,0.00049758681800415,-0.0009632299173952518
371.2000000000159,-0.0006985269835886748,-0.013349853109421382,-9.820266466562732,0.00023254897380545336,9.118759350002444e-05,0.0013659794662895563
371.3000000000159,0.0038533225512754872,-0.01441653703800451,-9.801358489753135,0.0008711026062623242,0.0010613995350265803,-0.0013797240807001188
371.40000000001595,-0.007977711337397208,0.003676572496307078,-9.815355671065234,-0.0012251537198585064,-0.0005339990987240759,-5.9846802793916754e-05
371.500000000016,-0.0014211157271640563,0.004657883988567308,-9.832206719864306,0.0016839439510016152,-0.0004055307675644297,0.0003564909932017642
371.600000000016,0.010815310134894457,0.0031349402816978704,-9.80738174850843,0.0012623400439879383,0.0020157800857770734,-0.0007305018001602686
371.700000000016,0.0006935674693259954,-0.0031833138580263983,-9.802867872729573,-0.001486381684921859,-0.001530453052434302,-0.002261229093314957
371.80000000001604,-0.01746362334422832,0.0019306111845122434,-9.813499485778351,-0.0007492757237766094,-0.0016841844345025876,-0.0011275527622115063
371.90000000001606,-0.004261072176644406,-0.006653999663090567,-9.805914991354998,-0.0006897740292792848,0.00017200482149931003,-0.001436093423202111
372.0000000000161,-0.008353727456771081,-0.0070948371175446065,-9.805566460435744,0.000981515508724127,0.0005834205129051589,0.0009583248039084256
372.1000000000161,-0.0015392991434344473,-0.004176000218620876,-9.81859593078837,-0.0012777390814796387,-0.0009105593491602704,0.000819186571129285
372.20000000001613,6.276923212982852e-05,-0.0003514890142500686,-9.813169028403328,0.0009068009270053786,0.0002516545418393199,-0.0010430915720435355
372.30000000001615,0.017954110077835015,-0.011931318361007137,-9.79735204651312,0.0008760817307586594,0.001138050057578082,0.000501829064002167
372.4000000000162,0.009558380760426623,0.010637407430159009,-9.791450055483764,-0.0005342820063354653,-0.0011928437395076897,0.00017635193200196374
372.5000000000162,0.015944946145315976,-0.006056068703641293,-9.803079329800683,0.00010981018957728582,0.00023742195257203685,0.0007818599205038378
372.6000000000162,-0.008134581786368854,0.0049172562810698905,-9.815636433159154,0.0010550469103808222,5.208430218454374e-05,0.0015338516962526477
372.70000000001625,0.0011942786931714623,-0.02162124097324915,-9.819549053533525,0.0011683580451564116,0.001505938857572858,0.001824173813898019
372.80000000001627,-0.020007952778660548,0.008711773701507818,-9.818882857819261,-0.0002682929690883885,0.00016339378260756077,0.00038514331324557256
372.9000000000163,-0.01989151339336715,0.005999415706021064,-9.79804263945443,-0.0014727448819720323,-0.000126786542148918,0.0017916843783433816
373.0000000000163,-0.003371922176090784,0.0035561728520045145,-9.81436689731184,-0.0010504352173638571,0.0001472274764843674,0.0012086316308937892
373.10000000001634,-0.001222639978431738,-0.01685250378531761,-9.824200440035522,-0.00043756420082930646,0.0004752803633000056,-0.0018335633024610658
373.20000000001636,-0.003988171157675934,-0.013835275986260219,-9.805439875327643,-0.00041894771464290087,0.000827210572943651,-0.0010920774039203918
373.3000000000164,-0.020965725489601246,0.008081998428308385,-9.805838324450685,-0.00018367517435749777,-0.00038539821557748014,-0.0019335457851812285
373.4000000000164,-0.017936583279175015,-0.0035049446000101937,-9.81064153214917,-0.0008978337786339491,0.00014928467995162426,0.0008487080111531124
373.5000000000164,0.015301421464070106,-0.014573388415002055,-9.800175108447661,0.00010898003790555072,-0.0004072591525434172,0.0009725164607281497
373.60000000001645,-0.011550225217176307,0.008666576204857555,-9.79932844703752,-0.0010383410429571159,0.00037713323234103685,0.0006139808946751043
373.7000000000165,0.0083084924220269,-0.013009858052240468,-9.81118580930783,-0.0004583772210803889,0.0008905550907951911,-0.000835298853628387
373.8000000000165,0.011733991583204236,0.0014123926416283283,-9.8065028707222,1.1748350789745799e-05,-0.0017885027782393987,0.0020998343342389417
373.9000000000165,0.004444478154821182,-0.017173885114576168,-9.816492326394874,-0.0007924227805524832,-0.0003596698911485676,0.0014311539616891158
374.00000000001654,0.01694839791691031,-0.017972328937077352,-9.79281651470706,-0.0006625759365538884,0.0007574588814191465,-0.0002620408823069169
374.10000000001656,-0.0030174168393815536,-0.0026333243469155725,-9.813851633612016,-0.00021949781634144732,3.0597134901687753e-05,-0.0006301438632706869
374.2000000000166,-0.010228423522994648,0.01629023741617169,-9.817045909644877,0.0009035620071980614,0.00018605135283492947,-0.0006847031797036892
374.3000000000166,-0.0064166633076038464,0.010761778140237556,-9.822747697812524,-0.0005814606504110436,0.0006182383958743215,0.0016364379221319495
374.40000000001663,-0.011043196570012837,-0.0020444959211278323,-9.812393834023695,0.0009342633390052754,0.0005077181163550305,0.001020214517793757
374.50000000001666,0.0033454880206279757,0.001532646824242259,-9.806829560527307,0.0007967606190539723,-0.00022805821168057146,-0.001023645825026572
374.6000000000167,0.012879031331061691,-0.004645000921133022,-9.815530109554809,0.0022450784860382606,-0.0015985897716777814,-0.0016739300266340378
374.7000000000167,0.011998464187416343,-0.00266367031299222,-9.827904109619055,-0.00017626655716400022,0.0007482900615142856,0.00021536367533836603
374.8000000000167,-0.0003689146325757553,-0.0162183258548566,-9.81263966178236,-0.00047146670670846543,0.0007079806204397058,0.0012722088293315428
374.90000000001675,-0.011682853484674394,-0.022261600458790658,-9.822016580482506,-0.0022053239345677855,0.0008270560514906898,0.0015750428490130517
375.00000000001677,0.013788271639219031,0.005344671250945724,-9.821924330683418,0.0015239645207151568,-0.0013253188868850199,0.0007370368706753205
375.1000000000168,-0.004727654634455473,-0.009900010142206487,-9.801756480914127,0.001698488265218226,-0.0014920850246594119,0.001662373558050544
375.2000000000168,-0.01645163168594645,-0.0020825089695018758,-9.812247047780696,0.00026659947054265076,0.000546944108215939,0.0005232523700055432
375.30000000001684,0.002894475848876603,0.011994991991259599,-9.825031204223832,0.0005753331431734539,0.00016457760961095818,-0.0006851754583264754
375.40000000001686,-0.01896367334089568,-0.010223850808341609,-9.813219120378685,0.00021595100701897932,0.0016965771191934243,8.363552179079381e-05
375.5000000000169,-0.013840123948566712,-0.00721548160193772,-9.810401163914722,-0.0004135751427976894,0.00016617376826197474,-0.00023278645854575035
375.6000000000169,-0.004357137561144099,0.01206502083485334,-9.806921934750706,0.001102618502957775,-1.5551196048839593e-07,-0.0008654550055618234
375.7000000000169,0.01729184549375888,-0.00019501384702743188,-9.785145084766048,-0.0012540916029293034,0.001347045242898455,-0.0016375873918203568
375.80000000001695,-0.00270721881327246,0.017579613047949864,-9.806868621425235,0.00023732480911997577,0.001740985173619541,0.0013272819711471608
375.900000000017,-0.012146619253739157,0.008529300291588961,-9.815568629821797,-0.0006963878427035122,-0.0004666850430599841,-0.0008877685804251593
376.000000000017,-0.0007225544795486943,-0.004964321258934023,-9.815734894470548,0.0006722698309095894,-0.0003062106190052714,-0.0004574420506011984
376.100000000017,-0.005692908572338831,0.006054017577928132,-9.807044082234869,-0.0010614199379111286,0.0004631306295669245,-0.0015433074408102811
376.20000000001704,-0.0027435864166055874,0.005778609373203723,-9.817603051061282,0.0004313809129228082,-0.0005970186117269414,-0.00047594641783738973
376.30000000001706,0.006322849956458254,0.007678117158376117,-9.79957729413594,-0.0007327300531101386,-0.0013904520821825348,-0.0005803491345630757
376.4000000000171,0.0009779693701882596,-0.01030782874502588,-9.825506582293432,-0.0014677196243526708,-0.0007912054005736708,8.085794858108337e-05
376.5000000000171,0.010956017957074444,-0.010036577349499776,-9.828058766048152,0.0015903768165672115,0.0017028185572297038,-0.000940431739646803
376.60000000001713,0.0005699294704933585,0.0022805826106831305,-9.8212684715188,-0.002290518395908489,-0.00014718707823064162,0.0006456430087693949
376.70000000001716,-0.004243112974832865,0.0038725150163890216,-9.80666202103144,0.00019037688121677706,-0.00024305722065875754,-0.0014642953185963906
376.8000000000172,0.004072621854853288,-0.005355195712371508,-9.793214715617966,-0.00039220082496932565,-0.0014431598414056173,-0.00144421609547117
376.9000000000172,0.001800410854009269,-0.0019378380435505704,-9.80452761873186,-0.0003216798550129229,0.0008956398503017373,-0.0016177494488134065
377.0000000000172,0.01318360886203894,-0.0031960543593244927,-9.808414290337376,-0.0014875397928856354,0.0004778603204495433,-0.0001549136213142819
377.10000000001725,-0.012785029904227153,-0.007133211081081026,-9.806668848799905,0.00055403833437736,0.00116700491171613,0.00011284953103111832
377.20000000001727,0.003178224139452227,0.006082753819795466,-9.813421564492987,-0.0006660026587311775,-0.0005458805224409672,-0.00037734879423500785
377.3000000000173,-0.004273327635941234,-0.015138662093583773,-9.821602865651867,0.0005506473235307866,-0.000703998270281906,0.0014661897174502085
377.4000000000173,-0.0015861280463801075,-0.014158535373455112,-9.811173306182553,0.0004380781589905463,0.0003524494026339549,-0.00040841840766365123
377.50000000001734,0.00261595141883354,-0.005664181174684137,-9.805191080066644,-0.000569155074803849,0.0006822140309129382,0.00020011193935971693
377.60000000001736,0.012815875474310135,0.011888027996862395,-9.8193988449817,0.0027224319610191835,0.00011568441385037376,0.0007663548470584275
377.7000000000174,0.00043946460765141896,0.007974427366960937,-9.797871595412495,-0.0006402400274305953,0.0007869735834234084,-0.000252053968914714
377.8000000000174,0.0009764697112667152,-0.009156361039359158,-9.817022022442528,-0.0005800651255573459,-0.001742378933112654,0.001513136493304205
377.9000000000174,-0.007884202365159847,0.02322828212735211,-9.804457714321996,-0.0007840753729613782,-0.0016464117995612412,0.00026131067103927406
378.00000000001745,0.01075250020937807,0.01230680024536543,-9.816014491293073,-0.00019069631122114488,-0.0006885186546785467,-0.0006512920678407623
378.1000000000175,0.01661072628412239,0.008491739611933218,-9.80512790769941,0.000644846232030703,-0.0013765752365075712,-0.0006001745112830276
378.2000000000175,0.0023592469707202934,0.007113590674584557,-9.815006017036334,0.00125174431221584,-0.0002745386707759769,0.0002840089508993045
378.3000000000175,0.0025079348336052992,-0.020549457789792933,-9.806742206087767,0.0010181675716013417,-0.0019091587385605775,0.0020865714121733473
378.40000000001754,0.005695962645434215,0.010962642155705658,-9.80331466833674,0.0009071448297930704,0.0006268462397855937,-0.000994186642581587
378.50000000001756,-0.015487731719272473,0.0029869975164153705,-9.804603346444571,-0.0020764763847552496,0.0013299905371592768,-0.0001149680398054502
378.6000000000176,0.004671532993599132,0.005359132747280169,-9.811486514060602,-0.0005104179223318085,-0.0017123824868811607,0.0007331892126994466
378.7000000000176,-0.019228811435646132,-0.010591306784728659,-9.802204278454463,-0.00044468788994747463,-0.0010645705403486564,0.0008931224782194741
378.80000000001763,0.001309373003205891,0.014526302316409558,-9.821549461837098,-0.0008477921178484294,-0.0010574061491512134,0.0013018747535114574
378.90000000001766,0.014475900665716974,-0.012236540398397739,-9.811084918777311,-4.5985857012116795e-06,0.00015372816136321468,-0.0011251720791528453
379.0000000000177,0.007139578067787346,-0.0002831884567867096,-9.823096259810887,0.001269765707694002,0.00042400030920106927,-2.4985495498203583e-05
379.1000000000177,-0.017695374879834625,0.0006167517533802644,-9.811772006215786,0.0006242599558228391,-0.00029317025377784654,-0.0006934615216207957
379.2000000000177,0.01111898060870282,0.009896108575310106,-9.809512437404175,0.0007972506188822949,9.07616526433674e-05,-5.635228510081747e-05
379.30000000001775,-0.005879568636765633,-0.004539521965261933,-9.807365985829241,-0.0009146774049092987,0.0013011145300907017,0.0011024708627935113
379.40000000001777,-0.0003657234730004798,0.008390075514526618,-9.81317559685267,-0.0019004795549944263,0.00018620347582929854,0.00042192074969690975
379.5000000000178,0.009005539106783955,0.013525073994098644,-9.821035407335502,0.0010934881473804604,0.0005475943526753213,-0.00033418345292936664
379.6000000000178,-0.006343608310120783,-0.008215819672295892,-9.812970609590497,-0.00019469754104847623,0.0010987103180947991,-0.0010717130014089343
379.70000000001784,0.011542774852954333,0.010528968114001372,-9.804272150910485,-6.941777547065849e-05,0.00033939686329822083,-0.0003283159518520058
379.80000000001786,0.010378380551459097,-0.003730852099790858,-9.808598907217705,-1.6923046090516474e-06,-0.00019509899953518928,-0.0021273263233476613
379.9000000000179,-0.0015012833987023816,0.012283540674822367,-9.811710668530608,-0.00033248127611258926,-8.56113641855912e-05,0.00018172592790413505
380.0000000000179,-0.016283256327409405,0.0036883438733848624,-9.808067645193104,-0.0017770210704452427,-0.001109880649163452,0.0005099549329550244
380.1000000000179,0.011826443434890118,0.001770869927730406,-9.806967724806917,-0.0004724940183370674,-0.0006298965565807015,-0.00026162716196651887
380.20000000001795,-0.0003951169326196369,-0.0037063034184916994,-9.81879315372637,0.00018115565085306367,-0.0016132116776750452,-0.001170148633671862
380.300000000018,-0.0006123755003897643,0.006879930989082598,-9.806836911904757,0.002191522155231853,0.0008695406457783307,0.0007582173990063651
380.400000000018,-0.005107692674740348,-0.012620274005365821,-9.810526042093134,8.035531378420512e-05,-0.001532461906879013,-0.00136631959241794
380.500000000018,-0.01113870284585599,0.004234189278596014,-9.814223102070148,-0.0010709336865472338,-0.0014191991315664332,-0.0020247266873239665
380.60000000001804,0.009275433193469214,-0.0038918013783199585,-9.815160791729786,-0.0006447761659669324,-0.0005752340401741793,1.2998986303875859e-05
380.70000000001806,-0.00457756171419163,0.0010077714773225875,-9.835253939434372,0.0009917155812044233,-0.000258049576412935,0.0014835494462473449
380.8000000000181,-0.001087550567376073,-0.013742893426939908,-9.796361345858843,-0.0006062719072211715,-0.0013299543600955887,-0.002035864015564284
380.9000000000181,-0.0009630440591980945,-0.004936513788963827,-9.802842729931564,0.0007191203355327249,-0.0006539604883815674,-0.0006526275984755429
381.00000000001813,-0.0053989541300411515,-0.004810199926396534,-9.80504523719327,-0.0004845030104155628,0.0009535261913659574,0.00021382335580799524
381.10000000001816,-0.002125516637450711,-0.007998997338865612,-9.817768102073915,0.0011199957116901002,0.00020438055263382332,2.7918618415978748e-05
381.2000000000182,-0.010136531583610973,0.010327620128135746,-9.797794624497667,0.00019474501603654795,-0.0011179498780793714,0.0004067861603721443
381.3000000000182,-0.0052357867121789305,-0.012178649439658445,-9.809808167832225,-0.0010275620495498034,-0.00017862221153585648,0.0006010721701652657
381.4000000000182,0.012548513767706779,0.0022907600023228647,-9.80715644770375,0.00010502196095321633,-0.0026047271457568465,-0.0006535707985733843
381.50000000001825,-0.0055984741872226575,0.0027459419325134384,-9.807698564304639,-0.0005167476264401956,0.00027449757569876656,0.001176435596237231
381.60000000001827,-0.006517195810033425,-0.010428169845946389,-9.815599522254475,-0.000413332356122611,-0.00031172961204965945,-0.0007668409751574133
381.7000000000183,0.003025410403685946,-0.008299589924284615,-9.81944238412612,0.0009407797160714505,0.0002615893312512953,-0.0005241727198421548
381.8000000000183,0.02409558979166149,-0.006842009109592316,-9.809223664461213,2.68899115857769e-05,0.0015939389502692626,0.0009000528365420991
381.90000000001834,0.0012603914781951558,0.02326283594574408,-9.82632187400989,-0.00032061532027475453,0.002379339375038309,-0.0015857745850675934
382.00000000001836,0.0016937534925605825,-0.0018826004428183205,-9.80666226376448,-6.341956488213733e-05,-0.00029671092086225564,-0.0004297956248132396
382.1000000000184,-0.014875857442787084,0.00012707865795288844,-9.801296299376446,-0.001056284050926756,-0.0001681841794042796,-0.0015909095325414987
382.2000000000184,0.002308113114435344,-0.004629158580730343,-9.802392693906969,-0.00018783536439682992,-0.0008068160935995238,-0.0013328359483174331
382.30000000001843,-0.004371243047750245,0.0014445261291150771,-9.79939037678797,0.001120524937179752,-0.00015705224126625667,-0.0013553768148205228
382.40000000001845,0.0007576142144387848,0.023720502466433296,-9.809566489192854,-0.0016845230812592192,-0.0004939470397218385,-0.0010020430162065788
382.5000000000185,-0.004579435463646454,-0.020202537143017896,-9.806724467447033,0.00023911418222418243,-0.0011073576694678958,-0.0006933211682534644
382.6000000000185,0.002329760694952451,-0.01792531023706045,-9.813304025079749,7.623600189490708e-05,-0.0004339285969237954,0.0009258972060659515
382.7000000000185,0.006651134082333685,-0.013123546531333985,-9.819163146093668,-0.001431339599998608,0.0020133853008085048,0.00012853914313888347
382.80000000001854,0.009397988973069768,-0.00795353245849587,-9.821010400200562,0.0003237725721274999,0.00028559837639262635,-0.0025676662960989784
382.90000000001857,0.0073478672113295364,-0.0009373607363655811,-9.812078390110115,0.001765187850743121,-0.0009890184171008648,0.001626329791588893
383.0000000000186,-0.003920413495610004,0.0031112931269420014,-9.793823669254209,0.0002413232187039216,-0.0010025349234843487,-8.290525246285242e-05
383.1000000000186,0.0018177563163193878,-0.0023263429631504174,-9.818242499215241,0.000751044159008598,-0.0008082467908508116,-0.0005909074166375637
383.20000000001863,-0.015116937168843832,0.009830293332684783,-9.80263232636234,-0.0013825075319793007,0.0001193480456505252,-0.000371110013325805
383.30000000001866,0.004767365928120411,0.0013228925632848426,-9.798294688549005,-7.296301241188618e-06,-0.0017147678519030892,0.00020570902218518142
383.4000000000187,-0.005593883889665515,-0.022447365905868735,-9.808693360504119,0.0008552101523433768,0.001666436339789695,0.00047507294922262633
383.5000000000187,-0.0013305669137924881,-0.013116296468654,-9.80272567887719,-8.669623997133798e-05,0.0006038213619094761,-0.0003546991388270037
383.6000000000187,0.01723279240688832,-0.016612354401297727,-9.785182212275375,-5.875058488754062e-06,-0.0006476544185280819,0.00039427609316194695
383.70000000001875,-0.019285346105888813,-0.013982439195562874,-9.80856962558137,0.0017137912700263015,0.0029186021032697254,-0.0005923968796978696
383.80000000001877,-0.017517622223112896,0.010472465451221744,-9.810070375575823,0.0011245313287300506,0.0009387209021812847,0.0010032751985183442
383.9000000000188,0.004171175282801234,0.01596905865993835,-9.813553522578896,0.0008491744828141915,5.1543439122338004e-05,5.8713772647358e-05
384.0000000000188,0.016022887176231137,0.01880355821918404,-9.80834078175749,0.0009250241866341757,0.0013422379856948526,0.0003991062479554239
384.10000000001884,-0.0011828143741728864,0.007607650358264584,-9.818120704003876,0.0019672230876229026,0.0007056617386239016,0.00016997317332291813
384.20000000001886,0.0011659983489068946,0.0031639160661217935,-9.799923529071307,-0.0008796546995983106,-0.00020684979487001245,-0.00045078770326458905
384.3000000000189,-0.0022458810657367866,-0.004316334111656941,-9.810656119246504,0.000198711120269919,-0.0011579815703972299,0.0022135125292863183
384.4000000000189,-9.642041080215683e-05,-0.0185598177507203,-9.821995725791457,-0.0018435511227159638,0.0010860133543306384,-0.0007317843055793615
384.50000000001893,0.001516406477885371,0.008153812854850624,-9.796775555263727,-0.0011638743785659083,0.00014078140843881663,-5.9183020021459235e-05
384.60000000001895,-0.0004354971869588672,-0.0004534125680044542,-9.814682968781774,-8.672931416533516e-05,0.0006223254670394794,0.0005358366135426989
384.700000000019,-0.008832640435664566,0.013211744783378096,-9.811559409831538,-0.002184966818453428,0.002066876090842882,0.0007779930850235337
384.800000000019,0.001445429586450426,-0.0001560328473699659,-9.80292418939538,0.0007866362748332974,0.0002840357790098094,8.154523150855394e-05
384.900000000019,-0.009307209320712861,-0.00015495712880265198,-9.802579792951494,0.0021353884374043534,0.000692547005981086,-0.0014454195621386883
385.00000000001904,-0.0049522510381734795,-0.0044060236808979285,-9.80356190541853,-0.00033540528265399444,-0.0002566990380309827,-6.0621567271914455e-05
385.10000000001907,-0.0008053202524950662,0.01090860772312271,-9.824205264445489,-0.0002880682110572391,0.0002954883508039961,-0.0006130781434967293
385.2000000000191,-0.013006458322345595,-9.09754339206066e-05,-9.804103204753387,-0.0019187910317155974,-0.0008245455167418408,-3.275087420571106e-05
385.3000000000191,0.005428225108934715,-0.00894055168753863,-9.798950467407497,-0.0007864064693350895,0.0006932544770321628,0.00018376809444628522
385.40000000001913,-0.0026603954257771244,-0.004231198351557667,-9.821920188938252,-0.0016653941872135764,-0.0006468157818383493,0.0015155404749165216
385.50000000001916,0.014845971766433139,-0.022762972533787344,-9.818852475033307,0.0004835483143504924,-0.0018589909252208366,0.0011936908774657553
385.6000000000192,-0.005305084637881485,0.008116164865973238,-9.805688417010016,-0.0009828182351901934,-0.0013918971657752588,-0.0004433321635028339
385.7000000000192,0.001575001451032091,-0.0036828358003970023,-9.799322690316126,0.0006334810618509013,-0.000787147237993623,-0.0012395465998457627
385.8000000000192,-0.003221129011109142,-0.0029387502698088597,-9.827171255854456,-0.0006419918041976763,9.820146084218064e-05,-0.0014071458831943638
385.90000000001925,-0.024135991662309064,-0.00012043840601211876,-9.795133775750667,-0.0008841971177341581,0.0006104640950804339,-0.0016433228750813366
386.00000000001927,0.003649661485196748,-0.013416530074520427,-9.81645326789209,0.00031664563416314843,-0.00023853217269343796,0.0020497775845164964
386.1000000000193,-0.0055825423082314155,0.0013351008108402715,-9.796984676922127,0.00030103971086466673,0.00036218362829990654,-0.00040110651642246336
386.2000000000193,-0.009454199669530408,0.0004939555688016964,-9.808909613593977,-0.0017160723449803697,-0.00021309320927350085,0.00032652434967602443
386.30000000001934,-0.004572065265422405,-0.0017189270473978102,-9.801403977196202,0.0006677765337935429,-0.0012600772203966912,0.00026767399502537157
386.40000000001936,-0.001078565280052637,-0.023517772880847904,-9.811864222496864,-0.0009447112014635204,-0.0007923040947127862,-0.000932771920435249
386.5000000000194,-0.029126159066021437,-0.011801072705496494,-9.80466859283636,-0.0002525860279732443,-0.0008284341748521147,-0.00023778382638245957
386.6000000000194,-0.011759556143193921,0.010854133163603459,-9.805900057519416,0.0015838787880706588,-0.0010482795902946908,-0.001888667137397329
386.70000000001943,0.0026281615528204435,-0.008999664959496235,-9.801702810002242,-0.0004509947231037993,8.416470002575746e-05,5.675744500824842e-05
386.80000000001945,-0.008757824852643502,0.024990470242911025,-9.819517108977475,0.0016061290955275485,0.0025820415915778533,-0.0008460102170712635
386.9000000000195,0.016717291701076983,-0.007375847816293947,-9.81204181344092,-0.0003826975011109032,0.0008046517532441556,0.0006584763971674418
387.0000000000195,-0.0031037388190903003,-0.01266982894789249,-9.81513582154187,-0.001001581229096208,0.0015214619306206378,-0.001454683388005237
387.1000000000195,-0.004810298378822603,-0.002530763929844042,-9.822992267634064,0.00026917035699805406,0.0005261849540027227,0.0014245263078499857
387.20000000001954,0.0008436905712999277,0.012377392135171195,-9.798083686706153,0.0002771914809578658,0.0004245304805589772,4.256533939840673e-05
387.30000000001957,0.002225462576804777,0.00991048531716833,-9.817398766159355,0.0017318240776089554,0.0008931235423634867,0.0007533978649339893
387.4000000000196,0.015415886517723432,-0.01540028780193337,-9.812959327402009,0.0009887882154351174,0.0016236781572267942,0.00034641094717281887
387.5000000000196,-0.00999731585906667,0.014475809695802177,-9.81644675080445,0.0012559519448711576,-1.7874723333241647e-05,-0.0020273931003193936
387.60000000001963,0.007149698341797353,0.0011506207933922072,-9.828226116458971,-0.0003279398480887879,0.0010311617956421846,0.0006033579089395402
387.70000000001966,0.007160208403966119,0.01830235202039706,-9.804258817207119,-0.0019306978890830204,0.0007901648030951933,-0.00025628478527053123
387.8000000000197,0.0068307669069469805,0.014017221740025154,-9.80885071276343,-0.0006678093768683668,0.0007798557787158324,0.0005266523359306574
387.9000000000197,-0.0022447998172817926,0.008281415172564918,-9.808878044162176,0.00015389612158252708,0.001020670569061623,-0.0010546740757602236
388.0000000000197,0.007840352567824822,0.025425770459827128,-9.822108828356038,0.0005205831802528737,-0.0010880397526582398,0.0013866440820193894
388.10000000001975,-0.014537338516922356,0.005249935988785448,-9.803422205238661,-0.00028036417958771223,0.0011825082158876104,-0.0013621550007639042
388.20000000001977,0.01961443625429432,0.007622508794378661,-9.809350402571955,0.0001657544474466587,0.000893342322568029,0.0026948611234258704
388.3000000000198,-0.004793521438266207,-0.005986345889965212,-9.824085751039494,1.6123109767433496e-05,-0.0008256610424247347,-0.0006046547855953518
388.4000000000198,-0.009436559796318258,0.0077460399715004605,-9.80132916727411,0.0011238113460538659,-0.0003926407929775499,7.256962699981892e-05
388.50000000001984,-0.01018077326319919,-0.0021995005237263566,-9.804730432428157,7.815576178086259e-05,-0.0009093146149336781,-0.0008572963229760287
388.60000000001986,-0.016609921210768493,0.018347174673302057,-9.814589650829811,-4.388525641777677e-05,0.001138688886632133,0.00039976675543233953
388.7000000000199,-0.008491431794333083,0.0093734988349061,-9.817779337245353,-0.0008792490918301876,0.0016794198228241735,0.0005469314578615472
388.8000000000199,-0.000592801732819922,-0.016121501076670843,-9.81534715193346,0.00038305270679267543,0.0012812281004706632,0.001211467134822177
388.90000000001993,-0.00903773471857583,-0.005257154111407787,-9.837685250509539,-2.7035043482403745e-05,0.00027366438808138486,-0.00016387694198717183
389.00000000001995,-0.00012231220925677338,0.0111514818509693,-9.813002985327337,-0.0016841257585954077,0.001215762249500106,0.0014561002974596486
389.10000000002,0.019835562142052576,-0.004800244402416782,-9.799072936028532,-0.0012210508559590792,8.428536878718114e-05,0.00019686531416763297
389.20000000002,-0.004567220994769294,0.0029796659240382065,-9.800876931706993,0.00012119837665880212,-0.00031052704427008267,0.0006014550184397999
389.30000000002,0.01947295752230416,-0.013519247062183748,-9.796567810014775,0.0006498677730679192,2.4525278846633172e-05,-0.0015546390433171225
389.40000000002004,0.003960287739272596,-0.003899454923166038,-9.814418454274328,0.0015591307042250424,-0.000603111713472531,-0.0018227300547916953
389.50000000002007,-0.00869752430086065,0.0015600622195207814,-9.805806525997516,0.00028725676534116637,0.00033235352352813075,-0.000401849926258599
389.6000000000201,0.009526879392397209,-0.013534178589397408,-9.804265999193532,-8.036281795059722e-05,0.0015322339982322684,-0.0015771936657837384
389.7000000000201,0.00579586276990167,-0.007593178702415091,-9.809781243479838,0.000643237247713986,0.0021555717616152555,-0.0003194782430223076
389.80000000002013,-0.007652185753328975,-0.004090144693571933,-9.815234783647048,-0.0006735076422619056,0.0001822254785219005,0.0011425834944353923
389.90000000002016,-0.005120597753700841,0.003191561317131227,-9.80653996186153,-0.0008656064513810386,0.0011323413762944039,0.0025535024976867807
390.0000000000202,-0.006093502751801642,-0.0036988477117005925,-9.81623059762977,-0.00036341207427575625,0.0017925801879829465,0.0025240605253209042
390.1000000000202,0.011519030659373404,0.004320852206019903,-9.804949932955308,-9.026610221049202e-05,-0.00022324903664442105,-0.0016537538867686195
390.2000000000202,0.009002900544956428,-0.009906964585750385,-9.80928352249348,-0.0005124381759670495,0.001981066771796923,0.000514413606494329
390.30000000002025,-0.005918918674943534,-0.002230691156627601,-9.821034273266555,-0.0009001373829141148,-0.00045259745966566724,0.0013355857844289244
390.40000000002027,0.007528342113846588,0.0042174848588695905,-9.812111692869294,2.86925554016425e-06,0.002211755270400021,-0.0023277575096853466
390.5000000000203,-0.0048362076964107185,0.0070475429686669986,-9.815185031438233,-0.0014626057820997863,0.0008992882572946304,-0.00107429536639314
390.6000000000203,0.0062720120093351555,0.00684830841695124,-9.811427418361955,-0.0022194696262460485,-0.0011838298729972643,0.00019960385425868955
390.70000000002034,0.009448842121806241,-0.00413389995074539,-9.80256046906467,-5.5071147256877355e-05,-0.0009422643615119795,0.0005923322331895313
390.80000000002036,0.01557313789391762,-0.015962517356627747,-9.806764133887011,0.00014434420170232403,-0.0001142616530937387,-1.5112060822813922e-05
390.9000000000204,0.0013478867129342895,0.004564070659392735,-9.820060647939563,-0.00017537458759354018,-0.0017542393095933923,-3.175044661073484e-05
391.0000000000204,0.0032971031260043806,0.0011405474918545334,-9.812860567069734,-0.00017319539273512712,-8.091378391631179e-05,-0.002328780936139446
391.10000000002043,0.0013131901869638666,0.00199123424102867,-9.805777686356896,0.0007469348113548356,0.0009016391711556477,0.0010679823294868038
391.20000000002045,-0.006913928666197615,0.0011298150609288437,-9.821240786020661,0.0005127957284712957,2.9226242732883216e-05,0.0002971715826280563
391.3000000000205,0.012164532175148443,-0.0068255012017522775,-9.794907591986279,0.0010746833349015497,-0.0006822650565619233,-0.0005419360163938267
391.4000000000205,-0.011125153962278336,-0.011634191141859642,-9.804907733148829,-0.001161843107066372,-0.0008585031701098838,-0.00024852077328835925
391.5000000000205,0.00901005942803663,0.012443767947263262,-9.827516932173623,-0.0013037868783327639,-0.0012579149686868212,-0.0004268977621214675
391.60000000002054,-0.005798719913377893,0.0010876751991868772,-9.81542984293601,-0.000767241167352005,0.0010518637012185536,-0.0014746638149040292
391.70000000002057,0.012271115775198965,-0.004337244283951053,-9.806345007500889,0.0002672181435309001,1.3976593917637631e-05,-0.00023302698554069091
391.8000000000206,0.012958410475554176,-0.004986458675311089,-9.795152499889197,-0.0006554444360614642,0.0004338991612000405,-0.0009681527302547495
391.9000000000206,0.0002644751547088274,-0.003434034616077882,-9.79796545172866,0.0007362626208858925,-0.000997008323383238,0.0005598302317747241
392.00000000002063,0.010136098662548276,-0.0008535588600344984,-9.82366613687901,0.0014063711270881352,-0.0009195002939058021,-0.0013036048085606582
392.10000000002066,0.00145810698698199,0.0024711123511972654,-9.82550892125807,2.173299725096778e-05,0.00025015443316009535,0.0003006970051641826
392.2000000000207,-0.02073881372829083,-0.00950999744704664,-9.808121278981583,0.0006432234589465616,-0.00012112003519998517,0.0017899819015360053
392.3000000000207,0.0034490285694008856,-0.013991145941668653,-9.815256486648977,-0.0007967359446741662,0.002276210100487465,0.00025363478428413214
392.4000000000207,-0.006631048843859263,-0.009620928850797699,-9.800890484103231,0.0004222161658885343,-0.00040749889048800176,0.00129932939923729
392.50000000002075,0.004929603029012801,0.0036863560871830217,-9.79120576608096,-7.191328073149152e-05,0.0018102596250420284,-0.0010940670597295106
392.60000000002077,-0.006083225745691957,0.004462410751122133,-9.815675622917093,-0.001259322012160419,0.0008125097163503854,-0.0022625815827210585
392.7000000000208,0.01777449000868103,-0.010855687517940067,-9.809538929940762,-0.002511137595207183,-0.0012696929163227507,-0.0014406007457505175
392.8000000000208,-0.006122171312336932,0.0019274531208114452,-9.811806316992941,0.0015036364704185785,0.00124236465436662,0.002807294255710177
392.90000000002084,0.003908550443736647,-0.022825369835230206,-9.816257069003557,-0.0005212249182330227,-5.174127792549485e-05,0.0001406676251045707
393.00000000002086,-0.003070347209815757,-0.003406337635485313,-9.816607973898615,0.00047475297928033624,-0.0004380004353628915,0.0008684426464703715
393.1000000000209,0.008719014800987341,0.013950731400316139,-9.805223406834484,-0.00010919338345450084,-0.0010878083925372523,0.0005583570786054785
393.2000000000209,0.009475176135571702,-0.01740956785182282,-9.813904476498267,0.0007409909094718914,-0.0011551763112720094,-0.00033945335085954165
393.30000000002093,-0.0026377009047536854,0.016621201999285636,-9.794736592533893,0.0020670083858513755,0.0005635449724727164,-7.645473776498708e-05
393.40000000002095,0.00446801721253806,0.004389931153420491,-9.811479728974303,-6.767601306339807e-05,0.0010040722230076592,-0.0009625101251020148
393.500000000021,0.002153874839158487,0.005724775378746796,-9.818361397921471,0.0015842804845127595,0.001416222393051041,-0.0003365878918179892
393.600000000021,0.0031331204578870253,8.759328000529753e-05,-9.786564833329368,-0.0003964351100460807,0.0011907673100064538,0.0004523326992109349
393.700000000021,-0.019394235100555598,-0.01076307403487092,-9.800220552519836,-0.00014107531176136355,-0.0012629921580427945,4.5201076192256094e-05
393.80000000002104,-0.0048652095939845045,0.00454048950691605,-9.820804860034503,-0.0010054613992598327,-0.00023950009104878377,0.0005384585193814886
393.90000000002107,-0.0041054801219553485,0.0004453967633708666,-9.814772781676925,0.0005736803175246228,1.2657700446346059e-05,-0.001185136963459323
394.0000000000211,-0.0028467622238476688,-0.017372062917633598,-9.794436746223658,-5.728022343796403e-06,-0.000177565488623735,-0.001074855881867429
394.1000000000211,0.0134563192133137,-0.0030175652696379507,-9.818304192986085,0.0005553161275071323,0.00018428380422552088,0.001546306154409075
394.20000000002113,0.019143098032203515,-0.0024133192544906726,-9.802406584939906,0.0003354601803544278,0.0018628057511834127,-0.0008361122228205783
394.30000000002116,-0.007536672148842527,0.01277681273299708,-9.795731990483066,-0.0007339859623107955,-0.0014866937988928766,-0.0021304769820129164
394.4000000000212,0.005899215577201668,0.008547576284342445,-9.816913815588538,-6.798490337004719e-05,-0.0015863821466953621,-0.00015659028560313792
394.5000000000212,0.002056938622431898,0.0034764910877271562,-9.789359457348532,2.6566486900490144e-05,0.0009362202983999881,-0.0011461667156078194
394.6000000000212,0.0006042351088779034,-0.0023643453789059226,-9.807487996636182,0.00011627204250517527,0.0002789585166720459,-0.0003917349920626056
394.70000000002125,-0.009607698737932753,0.006481858560445732,-9.808832166229374,0.0015433287232098636,-9.804179705702667e-05,0.0004250011016890016
394.80000000002127,0.0021649896613756036,-0.001191603346293381,-9.81596268812512,0.0011992692408896357,-0.0020230675687647596,-0.000662644407119149
394.9000000000213,-0.006022141248935756,0.00020363035217020324,-9.805777329107158,0.0005520393916283222,-0.0006312444383959614,0.0011260353548710163
395.0000000000213,-0.014881510092292922,0.0026160333300375076,-9.801525277854468,0.0007636613951664998,0.0003776318634067254,-0.0014130352622500782
395.10000000002134,0.00783580699867141,0.013262219371693225,-9.812260864439335,0.0010912302249504575,-0.0010123080976709698,0.00013235892873548967
395.20000000002136,-0.005330671020436268,0.0004540715673396461,-9.804612810971602,-0.0005979092579155037,0.0013069917741607342,0.0004131099894278539
395.3000000000214,-0.01687510092919892,0.010079470436526947,-9.82421059791925,-0.00036800661833403636,-0.00029241240200826287,0.001617378304384406
395.4000000000214,0.006006648710315233,-0.0088237054623864,-9.813360798798403,0.0004312022914391881,0.00041394487750304215,0.0009662923138101507
395.50000000002143,0.012597682293570679,-0.0002093005245116882,-9.817499326716943,-0.00042375279429925083,0.0009458501674273079,0.0003396460171059418
395.60000000002145,0.010280381271963108,-0.00874479580203991,-9.806388694334379,-0.00040312555431203133,0.0014850353374746268,0.0006322298236454242
395.7000000000215,0.0035442310636791454,0.004711562415664169,-9.810434306489359,-0.001601278250481396,-0.001367869978544572,-0.00011719649466488174
395.8000000000215,-0.012035423075706328,0.02331625643300182,-9.809379215480728,-0.000272276923774131,-0.0005090654951244351,0.0006255745952812409
395.9000000000215,0.015411592218172468,-0.006428188949338339,-9.807356372978322,0.0013459460286137986,2.2723093875344742e-05,0.0007579150206575546
396.00000000002154,0.001081427691750784,-0.005282012790515515,-9.803565606577665,0.000950662582852344,-0.0024859640065158567,-0.00011818124452072305
396.10000000002157,0.007618108893917631,-0.007225892342621497,-9.798676119810958,-0.0005209115875163469,0.0004398297861515998,0.00054812985061881
396.2000000000216,-0.012519897167079932,0.024534383803433105,-9.812476187668915,-0.0002348750577067509,0.0008967555758161477,0.00040470284255696105
396.3000000000216,-0.00192646457079865,0.0019385620259093955,-9.79354962825625,0.00020728141535444303,-0.0020508283746717864,0.0005888764466307456
396.40000000002163,0.004372482133493906,-0.0061903838696073,-9.822064277378262,0.0012325500514947982,-5.189910258627467e-05,-0.0010713717752641552
396.50000000002166,-0.006231874920705894,-0.0027463691981197743,-9.820952406929552,0.00046823047129579545,-0.00012381572687523057,0.00047268401037681444
396.6000000000217,0.005304797318262749,-0.008439281938128011,-9.811949102742064,-0.0009486786482551797,-0.0012345327133708869,-0.0020668988247164693
396.7000000000217,0.01701242327970246,-0.006550921886815594,-9.830874723201935,-0.0010491570030378157,0.0008818088178001519,-0.0009708753334810167
396.8000000000217,0.0011794374043995893,0.014699401442119175,-9.820545794918102,-0.00020847978999318179,0.000961545832250378,-0.0009144974285542447
396.90000000002175,-0.024421159080440517,-0.01302333492764976,-9.799591513718354,0.0002610037000418801,-0.0010060340547150659,0.0014307811179822079
397.00000000002177,0.011236616468380891,-0.0025004075066646786,-9.800249801208109,-0.00013477188761398906,-0.0005342580584849349,-0.000523629502516813
397.1000000000218,-0.0007295968757348526,-0.00840840485994335,-9.809634536192823,-0.0008656788641751331,-0.0005639632561131157,-0.0007072159512802631
397.2000000000218,0.016940465438715226,-0.009295901270698589,-9.803675786587355,0.001383974142335357,-2.3829205711121346e-05,0.0009676104404747896
397.30000000002184,0.00810162317547139,0.011188622242377662,-9.810916132657887,0.0010438816672451911,0.0020414630944557647,-0.0004164157540456931
397.40000000002186,0.005355078124521762,0.004214350510636027,-9.792747647829097,-0.0010921407991046632,0.0019390786414498274,0.001132375468604668
397.5000000000219,0.0199185574710437,0.0015478485748346804,-9.822619834981188,-0.0001179970373071958,0.0006410400708667955,-0.0003516568018938697
397.6000000000219,0.004573149582517553,-0.005330892941166904,-9.806430969433215,-0.0006509374540719663,0.0010503240789904813,0.0013177389488076103
397.70000000002193,-0.015611262789660454,-0.008081623151480071,-9.809560655168104,0.001428819518236164,0.0016404075235594093,-6.725051801306118e-05
397.80000000002195,0.0012249125018268872,-0.01566848936809332,-9.802703572904601,-9.743363174971584e-05,-0.00011987942277246845,0.0009792678361028693
397.900000000022,-0.004620912780488508,0.010244299279374942,-9.80136079871908,-0.0016524381530286904,0.001337187722425397,0.0006501050218121915
398.000000000022,0.0057102525766379265,-0.02603777934468703,-9.79828408438959,0.0016318632776690146,0.0008522331403194956,-0.0005911182456960141
398.100000000022,-0.006237512165064717,-1.612764915429704e-05,-9.815698168559114,-0.0004820597266318217,6.16937303904993e-05,-0.0007323789908294123
398.20000000002204,-0.017882538173018072,0.016444603959607885,-9.825611333782843,3.290553262863473e-06,-0.0006584877355529265,0.0007678241003785838
398.30000000002207,0.027734814809219112,-0.004474842424447897,-9.809009967288901,-0.0002702956784381725,0.0005635916082762772,-0.0010161273939720396
398.4000000000221,-0.01508912183682472,0.018795053654784483,-9.806607397303857,0.0001270004278009264,-0.0004231193152749534,-0.00015486552874313891
398.5000000000221,0.0024873569215729096,0.01800815565482353,-9.81810357428012,-0.001250871739912963,-0.0007301715582097284,-0.0005817048568913865
398.60000000002213,-0.005697354089776427,-0.004525921131892938,-9.805275157944086,0.0004924905216312476,-0.0005865670724788188,-0.0017511045032422875
398.70000000002216,0.010549955797142152,0.011742241738053771,-9.804098459906179,-0.0010493321753638235,0.0003279167958394043,-0.001714587188428357
398.8000000000222,0.00021893450252463177,0.0019332861747223264,-9.806783140848914,0.0008115440059777329,-0.0009808643844497872,0.0011211665392122548
398.9000000000222,0.01308121543415412,0.002487591730328527,-9.800918193741465,0.0011463752459457005,-0.001009625751776565,0.0009622811803664319
399.0000000000222,0.00028881607237559294,0.0018772355027979611,-9.813508686351453,0.0001604127788222475,8.62997129181121e-05,-0.001347138770105769
399.10000000002225,-0.0037797138323959717,-0.0013981964268723346,-9.798418745876289,0.0004185385178608054,3.229481535290374e-05,0.0016138911626369672
399.20000000002227,-0.011264873504868834,-0.018386250706664817,-9.811552747472069,4.350480138311366e-05,-0.00046777089695756,0.0010031949936837106
399.3000000000223,0.0025871190467416654,-0.008213591410183279,-9.792675143234687,0.001078993341930173,-0.0013135427076698325,-0.0004770609549462229
399.4000000000223,-0.014205928021471392,0.002435623173005346,-9.803538415699464,0.0002536576495701787,-0.0013617820690344587,-0.00032957253549408786
399.50000000002234,-0.008272319372218931,0.025553086557590875,-9.816898468041096,-0.0002316387348575419,0.0013127108225749991,0.002097248101156428
399.60000000002236,-0.0008168170846540222,0.010364859798988093,-9.842488373258847,-8.634024738201924e-05,0.0005433664654556759,-0.0010747640275982294
399.7000000000224,0.012799376796152425,-0.006375042408562172,-9.824396018964384,-0.00018615606879475118,-0.00031531150890361356,0.0001944999215089362
399.8000000000224,0.0007421778938652302,0.0166108960495707,-9.816091883290664,0.0008961977676969687,-0.0003619131714981663,0.0005314388353640826
399.90000000002243,-0.020276225712014574,0.02752172961062834,-9.816699119406245,-0.00039025634840965303,-0.0005579180227518763,0.00031822094028684136
400.00000000002245,0.004956425868651866,0.002430183424262263,-9.810755317057964,0.00017662657766720738,0.0006275360593918026,0.00037218577863262206
400.1000000000225,-0.0031701842394956116,-0.003350026329800098,-9.80759836266279,-0.001215877811118853,0.0015319043353767944,0.0008572701341034344
400.2000000000225,0.012443124942280734,-0.0019934583343926018,-9.81101605787228,2.707972481016376e-05,-0.0012705025825952563,3.9351517930939825e-05
400.3000000000225,0.003961647471776104,0.004542506117400972,-9.810993725306538,0.0014924559571040444,0.0014566397389906844,-0.0011805935215233561
400.40000000002254,-0.0008351824451529206,0.0009688418617852687,-9.805725837223697,0.00046737103200063235,-0.0008892084084496447,0.0013633574212489005
400.50000000002257,-0.003931547317228164,-0.007213838505361963,-9.809588021477367,-0.001382665692386736,0.00017541370879611083,0.0004587357266045587
400.6000000000226,0.002492543895286179,0.013997956768688315,-9.789532034751875,-0.0008729073930641558,-0.0001223258157414086,-0.0003801621003581907
400.7000000000226,0.022010164852929847,0.009653262230911243,-9.79104556421105,0.0008443495621859773,0.00025712168980154766,0.001581593915820826
400.80000000002264,-0.0025392618454531126,-0.00917061351259568,-9.806205616776417,0.00010950425745318738,1.1472734387035169e-05,0.00148637155429355
400.90000000002266,0.0023632011117892143,0.0012365794448791249,-9.800916130379637,-0.0005604973146851273,-0.0010905845605101705,-0.0012526713319945643
401.0000000000227,0.004498198741279056,-0.0060948750051669455,-9.83071489375178,-0.0009439420698284847,-0.0003923559501330716,0.0008917010221304015
401.1000000000227,-0.007366068960068517,-0.010073500958021668,-9.817319006891216,0.0016641840185594437,0.0017342359368476953,0.0022893988137492063
401.2000000000227,0.0062170659459908914,0.014777475779232378,-9.813018775857444,0.00038746322406223226,-0.00023403286990952038,0.00047537087869104253
401.30000000002275,-9.404950749758327e-05,-0.0013638983764848415,-9.796635600899577,-0.0009681826119897371,-2.7787516582544783e-05,-0.0013629714305661027
401.40000000002277,0.0032203136673294545,0.003587185719066698,-9.80614886805221,-0.00045169884885901086,-0.0008348391047915089,0.00016844027392863158
401.5000000000228,-0.002922881512982297,-0.011959618505091812,-9.805655315116832,0.0006519545283001929,-0.0019125182187962684,0.0009394160736472393
401.6000000000228,0.028242534385965534,-0.02305974699455415,-9.81653739266101,0.0015265732254046535,-0.0006055127803420388,0.0009161042387631627
401.70000000002284,-0.0030968571177853467,0.0009502032806291499,-9.823203944872459,-0.00013798505226291912,0.0013367302774113079,-0.00010974855622679018
401.80000000002286,-0.00017003053361289456,-0.007521478513929141,-9.818189292831043,1.0485293936918967e-05,0.0006972050988647301,0.0012834242021234476
401.9000000000229,0.012979743436591546,-0.006393683993956054,-9.824254367875398,0.0008754520120332373,-0.0009625213151722023,9.268149991172236e-05
402.0000000000229,0.003484603613763213,-0.003129455990230542,-9.809777445101028,-0.0010775121377294401,-0.0006762162252952703,0.0006605163756110165
402.10000000002293,-0.008037505893771352,-0.01132561343679578,-9.792013959233017,-0.00014219702822784624,0.0001235319758700505,-0.0006244513642834445
402.20000000002295,0.020416359543542477,0.012125335060063608,-9.80993959467064,-0.0025207802233076426,0.000689311075253239,0.00030783937323418094
402.300000000023,-0.007318693562375033,0.0069502880690854646,-9.831416536561173,-0.0024823727310794358,-0.00023865606110010258,-0.002187996782901792
402.400000000023,-0.0025264984190019203,0.002966564930981414,-9.809783293416935,0.0005792052051266653,-0.0008994476182838276,0.00026501425057291305
402.500000000023,-0.015118131715364108,-0.012179228178817551,-9.818314098013904,-9.344357421003773e-05,0.00047665777832423526,-2.4987871276880758e-05
402.60000000002304,0.005984101974102496,-0.012874581710404214,-9.811409683990165,0.0021475212258815933,-0.00034507664577768403,-0.0005380185673840196
402.70000000002307,-0.0026069941986354645,-0.00604697625439581,-9.815435605643046,0.0011162338378444589,-0.0008784512687652212,0.0003000248573368039
402.8000000000231,0.004597925681953544,-0.003941309637850933,-9.803538616147176,0.0013627245222643913,0.0003321388344590701,0.00029968692976618935
402.9000000000231,0.004451323015855417,-0.0033793676824739258,-9.815893560727831,-0.0006241287770249048,1.962729804717575e-05,0.0010331797021560902
403.00000000002314,0.0045999642997429134,-0.0026284901843868385,-9.806054379087746,-0.00047274084498137743,-0.0012383394427952698,-0.0002938493232243739
403.10000000002316,0.01492550330035229,0.0011938601297556536,-9.801817067165445,-0.0007498526180832318,0.0016267904171368588,-0.0016232403873513229
403.2000000000232,0.005108424899544497,-0.011819619212721812,-9.810982055288532,0.00014696236500435356,0.001092127126741644,-0.00037697079914608017
403.3000000000232,-0.011769411374481675,-0.0006215625509017126,-9.805695461145419,0.0016048918593237235,0.001233623670960356,-0.0002208957066818186
403.4000000000232,-0.007403053144500856,-0.011948302686222139,-9.822729721809777,-0.0007698215815545738,0.0016296277982042605,0.0014917146116288924
403.50000000002325,0.0201546258103235,0.012315276071405895,-9.82573735481631,-0.0012870726144300153,-0.0008490688719100058,0.0005370241403356422
403.6000000000233,0.005876338083866839,0.0055202077666120855,-9.820475421970269,0.0001697161761992109,-0.0010645953228563011,0.00036469768597959846
403.7000000000233,0.00827108741120128,-0.02626823830572994,-9.814900897794152,-0.0029057301083465275,-6.724430675397966e-05,-0.0009586863995919584
403.8000000000233,0.02182779201741524,0.021494252437066836,-9.808284781353246,-0.000964015589328235,7.77841572978156e-05,-0.0013905757758012197
403.90000000002334,0.019914718534697364,-0.0021394349782936097,-9.788361747898872,-9.559410923365173e-05,0.00044533214772192556,0.00036696144952407065
404.00000000002336,0.005160098392301179,0.011761471495858702,-9.80035240940893,-0.0011800418387476462,0.0009357977366409826,-0.001276472354745636
404.1000000000234,0.009409906267650108,-0.003819636529167054,-9.81845535428088,0.0011377429630641401,-0.0008533337802610001,0.00046224124867376784
404.2000000000234,0.004783299866373781,-0.0073888052513652845,-9.830785860207857,-1.5419224080991056e-05,-0.0008806901646107439,-0.00018950345913651504
404.30000000002343,-0.009395673451152678,-0.003224175315663218,-9.800665721446073,0.0014244372089654723,0.0007094646170253015,-0.00019147892563136634
404.40000000002345,0.00970697150961021,-0.004729409732094299,-9.816171744643038,0.00022179843206142897,-0.00013164298874124216,0.00024387731022149073
404.5000000000235,0.0065948750385308105,-0.00965941811337468,-9.78707899022949,-0.0003157789685532841,0.0018587090263094638,0.0013696650917327145
404.6000000000235,0.008261412342667074,0.00026003895732749585,-9.812911151081623,2.5631653093534676e-05,0.0010700383639933283,-0.0014428803845643475
404.7000000000235,0.011369389878571803,-0.0037295019750656563,-9.812688830731027,-0.00011011815470152857,0.00033067477089364356,0.002245435597513466
404.80000000002354,-0.004093026531944788,-0.006074471897626569,-9.81122562462203,-0.00015663527960646875,0.000971655936415945,3.7148033621455884e-05
404.90000000002357,-0.004997626339778826,0.001025210010060922,-9.816389181782464,0.0006424226919011972,-0.001021033454096151,-0.0006417885658547405
405.0000000000236,-0.002392927684559226,-0.01177695456832375,-9.804473100039377,-0.0010157929291292314,0.0006380010640030486,0.0005788015654628996
405.1000000000236,0.008494715734185775,0.002502061837569238,-9.800338193037344,-0.00040531824860831904,-0.0006072509123368893,-6.838133461471314e-05
405.20000000002364,0.0013604323631153943,0.012187964966139685,-9.81745251896756,-0.0001712004601268655,-7.279778319914837e-05,0.00021977098502850466
405.30000000002366,-0.01335729901057338,-0.009702539998313626,-9.81788364162398,-0.0007613436844887482,0.0002516509075793209,-0.0005010675328656213
405.4000000000237,-0.007369179931711933,-0.01831223619354252,-9.797322780893632,0.0015562440314006538,0.00010674192974004271,0.0014714122624762704
405.5000000000237,-0.0008922036610589454,0.002583947530698698,-9.823297218096574,0.0014957654028488056,0.0010688863180933722,-0.00033563031036627544
405.6000000000237,0.013588442073015322,0.007463078388616662,-9.80873255023352,-9.824679904678452e-05,-0.00045527960694096803,0.00016949703179994428
405.70000000002375,-0.008663729470599398,-0.012491487687537123,-9.81394999653615,-0.0002909035142133965,0.001590830168078494,-0.0011221114326886606
405.8000000000238,0.003351896275060007,-0.01099578955811626,-9.80835218610847,0.0011145827342071883,-0.00044700236872160983,-0.0012015837468730332
405.9000000000238,-0.013271622905762327,-0.002697951431302248,-9.806469109488049,-0.0007505078688956995,-0.0007348432350079124,-0.00021567628853847373
406.0000000000238,0.005105141858397725,0.0024098216508096244,-9.787689631150558,0.000555637311832343,-0.001574280792535773,-0.0016959526605191694
406.10000000002384,0.0010484617382931197,0.0067858124400452784,-9.811425881628594,0.0006340370593090263,-0.0006472710114935226,0.00042176850258087204
406.20000000002386,0.01779333753642696,-0.006299980999139976,-9.800343332052574,0.0020283722124720092,-0.0012680083398798826,-0.0011530495459938063
406.3000000000239,0.005414401959385452,0.006947890989745445,-9.82830123504306,-0.0004916741589099118,8.676035913879825e-05,0.0004934067040888519
406.4000000000239,-0.010518792919417111,0.011453376869820942,-9.817213214751254,-0.00010727897952416257,0.00185252480323354,-0.0002070021122921363
406.50000000002393,-0.018844131916659745,0.00027161351843860225,-9.805803094936232,-0.0016071036407703171,-0.0013261565504543713,0.0004826610055524237
406.60000000002395,0.0008047211201465859,-0.003438952214766553,-9.818250021066923,0.0006730522388675252,-0.00016684638426664995,0.000810536905423368
406.700000000024,-0.002786829957360693,-0.009131895890673572,-9.812123131994554,0.0003998212047577251,0.0008183563538909326,-0.0009628389883193404
406.800000000024,0.008014394408366451,-0.01741609191684163,-9.803870751069693,-4.732401590806232e-05,0.0015919468352545638,-0.002069912039148552
406.900000000024,0.006700790187252055,0.0077370653350507705,-9.818067374626267,-0.000452581253998253,0.0007260225367467027,-0.0009717547767811353
407.00000000002404,0.012221669745817643,-0.005719417722737453,-9.814345925461827,0.0012991655954120863,-0.0010831601439389759,0.0002449398747574072
407.10000000002407,0.004557430142514897,0.006123626243663536,-9.813801256616037,-0.0015387188017655625,0.0013271422532678766,-0.00025051192698395967
407.2000000000241,-0.009891378066840158,-0.007728305023477933,-9.801161194266756,-0.0002446639730467876,0.0002934791587800392,0.001054316150049069
407.3000000000241,0.011915666142547078,0.0045977273444638865,-9.796159076423569,-0.0011097120275460667,-0.00040633550855841816,-0.00033152326646997593
407.40000000002414,-0.006125177804782171,0.000980680920141988,-9.806694683186986,-0.0005328570374624806,0.00014195616725575985,0.00012896254762565578
407.50000000002416,0.014865427192950234,-0.007795367154696225,-9.799888988876566,-3.970807422092438e-05,0.00033525023757685895,0.00025292184863224995
407.6000000000242,-0.014231425035043382,0.0032623900092416365,-9.811068814260215,0.0002467712911127584,-0.0004842820122984977,0.00047456789482555367
407.7000000000242,0.00877732086574456,0.018435264057931607,-9.8110954865254,0.0002725864895141522,-0.0005436663954065626,0.0003301952690386829
407.8000000000242,-0.0009892475885888304,0.014381786770165859,-9.795166729388358,0.0014727358294835111,-0.0020253434558807227,0.0013772150023422536
407.90000000002425,0.005804558340829958,-0.005320680784512462,-9.81362638531956,9.03373631204204e-05,-0.001924505791433756,-0.0005762126037633617
408.0000000000243,0.0034941178413216106,-0.0005087428078936313,-9.826593468358913,0.0020146129973971573,0.00042905315575612787,-0.0004994724589643706
408.1000000000243,0.005276228694695886,-0.0022969367920311393,-9.819204902611311,-0.00043938423624227533,0.0009094363417599449,0.0007849875696018354
408.2000000000243,-0.012293663564988535,0.0021898334486447246,-9.805506452015557,-0.000659112396481699,-0.001165768650033767,-0.002626248052537627
408.30000000002434,0.008046389188450142,-0.015304311610004109,-9.832089606746218,0.00029105626669969476,-0.0007653545811843731,-0.0002903786566768891
408.40000000002436,0.012114101950437259,-0.0002596310774890031,-9.812307405888523,-0.00042126551010591263,-0.0013858748229182388,0.0023236725984546315
408.5000000000244,0.00012794790632556923,0.0006964641663635171,-9.798186170807549,-0.00033911097211408736,-0.000631201654515284,-0.0007991802021646678
408.6000000000244,-0.002037850617991908,0.020842100311337482,-9.797095204273544,0.0008618583201098803,-0.00023706550671506792,-0.00022188838565192576
408.70000000002443,-0.0031584494915457427,-0.02150335874706117,-9.823827643609919,8.552561127996056e-05,0.0003521654205914801,0.00113327314730057
408.80000000002445,0.0019082313462404459,0.006944717782229334,-9.81580647615784,-0.00024069772143464055,0.001175126194341645,0.0006630172072989363
408.9000000000245,0.002612607136787499,-0.010063173256794154,-9.810822027883317,0.0005614490590258683,-0.000340002686109491,0.0002760178600437332
409.0000000000245,0.003769497334695375,-0.00046733999566991006,-9.82106766383704,0.0015176166262615884,-0.0005136373632557466,-0.00046412761145111933
409.1000000000245,0.012598680943878218,0.0020657659828618538,-9.810489233039089,-0.0007670297121609716,0.0013698880252887543,0.0003121884508769894
409.20000000002454,-0.0006174492520500327,0.0021032944819033414,-9.822703666302408,-0.0010857161584474477,-0.0018246088495662554,-0.00012961562685104468
409.30000000002457,-0.02239690112629762,0.007561369437848038,-9.807912154609474,0.0005400495992163303,-0.0011465199014104655,-0.0017279953423589326
409.4000000000246,-0.0013802183678002758,-0.0029614688222413667,-9.795469405306772,-0.000667796978637786,0.0009010948645159047,-0.0008115604539032012
409.5000000000246,-0.011146206676138179,-0.0127244408501341,-9.82095063678369,0.0007294738062873988,0.0009793541001366685,-0.0009768257857465667
409.60000000002464,-0.0043621174253698144,-0.0010720981090048811,-9.823609440681675,0.0002889813483286597,0.002295243619724303,0.0013459100753476976
409.70000000002466,-0.0020453194045254373,-0.002550351522716359,-9.799845994063816,-6.950649873178313e-05,-0.0002959768825151735,0.0005378583936978422
409.8000000000247,-0.0070696747292029105,-0.00037710502167019746,-9.804146111583032,0.0018489855973277119,0.0010348835041090148,0.001552236666323425
409.9000000000247,-0.01084345283830094,-0.008053387094315285,-9.805603445585444,0.0009067323097861708,0.0009116933747237414,0.0013676849560858011
410.0000000000247,-0.003400380164563786,0.009481657426043115,-9.80795176474323,-0.0006501589293639122,0.0024764078724605707,-0.0012769161640270603
410.10000000002475,-0.015975442806740674,0.008354523125712263,-9.809182457546232,-0.0004292011248323029,-0.00015901574649501035,0.0013613795368867282
410.2000000000248,-0.006845602963416454,-0.010849798358604688,-9.806853017496637,0.0015207235872800042,0.0018777075437589272,0.00012927591127401053
410.3000000000248,-0.0058543625751939455,0.008397915691626423,-9.81076469015015,-4.7023698720542125e-05,0.0003657284335306078,0.00014651237554133271
410.4000000000248,0.0024629971832269663,0.0030751422780825695,-9.840253565719452,-0.0014594991305336988,0.0011158571497099953,0.00026550950505361865
410.50000000002484,0.008488040566371065,-0.0053402869666772995,-9.82571261055451,0.00039593397387299793,-0.0005093851451785226,-0.0009808978378139678
410.60000000002486,-0.015569008160880936,0.0032407317471090675,-9.800032055587385,-0.0004504792267631159,-0.0024262432069096116,0.0020537107783773797
410.7000000000249,-0.003216550543439183,0.0003475881619972674,-9.812604479593404,0.0008640872132150649,-0.0019506812372817692,-0.0009367787060472356
410.8000000000249,0.0040027505755266925,0.011321268892713201,-9.81175086948243,-4.457057204791458e-05,-0.0010988039350776691,-0.0001855768809820188
410.90000000002493,0.009476049715348695,-8.301249508520551e-05,-9.79348431915579,-7.967691525491235e-05,0.00024683491267768183,-0.0003363021135469202
411.00000000002495,0.01574420778491806,0.014024954053991937,-9.816194744285466,-0.0010875901288549506,-0.0009268574877129122,-0.0010795303777278561
411.100000000025,0.004015659285212489,-0.011807965711004054,-9.826836934742111,-0.00011969172011158096,0.00013573531937448584,-0.0005981276952820076
411.200000000025,-0.003967943658541948,0.005773890759487535,-9.810512751171,0.0016237307728028387,0.0005632577325800072,-0.000687457055573156
411.300000000025,-0.009205679538900014,-0.00534514244656832,-9.806203616122477,-0.001720078235938156,-9.526081635458458e-05,-0.0008700329957897705
411.40000000002505,-0.013859677154396342,0.008371266502890246,-9.826657015744821,0.0005741071026344732,0.0010239207474315346,-0.00048643274032845996
411.50000000002507,0.011853679649458182,-0.007960915331911017,-9.812052838283847,0.000951286575319313,-0.00037486395552678315,-0.00071298517912866
411.6000000000251,-0.007590398265679443,0.01098668360345706,-9.800289597544078,0.0024201295388791037,-0.0003208310015033619,0.0009598330822276114
411.7000000000251,-0.004505985765323729,-0.002547416468866666,-9.805653829559171,-0.0006196871603843264,-0.000512729338435475,-0.0005125107348451535
411.80000000002514,-0.009934953378991805,0.000336277779910187,-9.822599996984657,-0.0004728831120296761,-0.0002472453075309989,0.00015243621037091756
411.90000000002516,0.0029944303702160164,-0.01907081644809268,-9.811781451199835,-0.000707975572951977,0.0004330805076061308,-0.0006122809102783645
412.0000000000252,-0.020093948788666795,0.006058624987988715,-9.783939310577402,-0.0011705103029173095,0.0004360807462024733,0.001275935255296278
412.1000000000252,-0.011162465293221499,0.0012263494600937728,-9.81681714500225,-0.0006522001857780517,-0.0004864106666668534,0.00041969206798159864
412.2000000000252,-0.005052635654526806,-0.0008584242906093937,-9.809146729697249,0.0008221173739984325,-0.0006606783255174168,-0.00016405950713046402
412.30000000002525,0.005145754327486081,-0.004696538415362596,-9.800070132859103,0.0012531467771453692,0.000138504241363112,-0.0011450230957965662
412.4000000000253,0.005675687922397747,-0.0013764477930369682,-9.813223026469755,0.00012764566226595495,-0.0014896695543975091,-0.00021822974221210876
412.5000000000253,-0.0027040042441657513,0.007321172905674122,-9.82368891212612,0.0007161924410714467,0.0016872198586755703,0.00035291385217437105
412.6000000000253,0.015516763053659654,0.00577431297745215,-9.799688055998208,-0.0007389021848130746,-0.0011740676169922728,0.0007645429347187217
412.70000000002534,-0.007473511835748132,-0.019597231608211137,-9.81475726698017,-0.0005596775053090853,0.0006842598245262884,8.547587965822623e-05
412.80000000002536,0.003864083836466176,0.003591307046143262,-9.805871058698141,0.0006128860683785656,-0.0011118541466809096,-0.0023799854142722097
412.9000000000254,0.005904243343854041,-0.009794108006943573,-9.81074317719154,0.0015597430072940093,-0.0016514504074345837,-0.002552267264377072
413.0000000000254,0.0027434988066817215,0.011716419987573452,-9.833130959829056,-0.0026414945255413325,-0.0009687060862153825,-0.0006524782567486502
413.10000000002543,0.015513828295104138,0.009855993842660761,-9.80892464023685,0.0002741152019227987,0.0014105746631586113,0.0006939571508886008
413.20000000002545,-0.004111069105348214,0.0014131652173570005,-9.812768044627335,0.0007440467057992048,0.002318682057174284,-0.00107322171931011
413.3000000000255,-0.005174189753665728,-0.0034571936945864273,-9.807400665065801,-0.0010405336023226598,-0.0008330068815604092,0.0017273881258051676
413.4000000000255,0.016137787697973582,0.009272644940303,-9.817325473159052,-0.0012932879559697185,0.00031720532617553323,0.00025130781530707433
413.5000000000255,0.005239106530635257,-0.02572703173585325,-9.794362497218858,-0.00047851150601675393,-0.000486081892910376,0.0011602838942525214
413.60000000002555,0.00672908337576299,-0.0031863863371892637,-9.806165069383399,0.0011899602099432359,-0.0010698669130556164,4.852664820422737e-05
413.70000000002557,-0.013435554492714684,0.011101987766281119,-9.807162630155744,0.000502354984609468,-0.0005076161501530846,-0.0021168453775582685
413.8000000000256,-0.0144135563840365,0.00742958011394708,-9.81857652385764,0.001137304884892976,0.0010678160010971697,0.0002939665714669722
413.9000000000256,0.005653199979339207,0.012889821088223905,-9.816106631719155,0.0036296400202505356,-0.001304500844134254,0.00029065494628891756
414.00000000002564,-5.5445349402844983e-05,-0.005784987148289843,-9.807154230380576,0.0018385972629394924,0.0012187896085993507,0.0001318119311617599
414.10000000002566,-0.013334087283153325,0.0031146014326976683,-9.80756627178712,-0.0009972197144354816,-0.0015013642943279316,0.002153435937331363
414.2000000000257,-0.010887070323887606,0.004716487908878425,-9.8052724349178,-0.0007627897361033923,-2.1009479569093413e-05,-0.00037545864794256924
414.3000000000257,0.005863836348125068,-0.003214643161030757,-9.810160629556094,8.948074676907944e-05,0.0007438211759950731,0.0007237579860528808
414.4000000000257,-0.01210594669804055,-0.006982199406385466,-9.796487132539637,0.0009101862294529318,0.0028062316907857647,-0.0014673006603392509
414.50000000002575,0.018323600176620127,-0.014939658659013134,-9.801601347942306,0.0004488126593386876,-8.549804675157445e-06,-0.0006298963963905002
414.6000000000258,0.008026556536406835,-0.0037724174133534393,-9.791680849207497,0.0006579973692991052,0.0007471910150849275,4.920929634962808e-05
414.7000000000258,-0.010292300502362503,-0.0011289251903402698,-9.82905662828932,0.00013430550916605015,0.0009381641593836051,-0.000501480966467504
414.8000000000258,0.00850159571064824,-0.012815451561313728,-9.8261150535035,0.0012252432540195834,0.00193110801920394,-0.0008552742090506248
414.90000000002584,-0.022065859892530234,-0.005656227408025372,-9.797789420093826,0.0012968234277708982,-0.0016036554116156175,0.0016115055886984056
415.00000000002586,0.006020692763103787,0.01759750718750938,-9.827428275304,0.0007233306114908388,6.548760834665345e-06,-0.0006524312865126289
415.1000000000259,0.010338370316822854,-0.0062100242377555485,-9.816311016801368,0.0009385547500152875,0.0004425373928059102,-0.0012093935530365497
415.2000000000259,0.007244215136941627,-0.006626555560379087,-9.82326282804011,0.0006665728404690629,-0.0015915089743759007,-0.0012192782849270196
415.30000000002593,0.003675048297047308,0.0059032406525641725,-9.834225946257922,-0.0006174724777061088,-0.00016207875598163497,-0.0005349888376370823
415.40000000002595,-0.011062571072132172,-0.00024808904462389,-9.80442202728394,0.0018043456463352654,-0.0005737594491712385,0.0004181544840234008
415.500000000026,0.0002950138925246493,0.0003850426718016883,-9.820063928419541,0.0007350772837609019,0.00026450357351852317,0.00022346249763846219
415.600000000026,0.004565320830468572,0.00803041148202454,-9.802919494406064,-0.0003690415037692052,0.0011881781670206296,7.784141430720137e-05
415.700000000026,0.020956186872654086,0.002935047000341197,-9.807057125556828,-0.00012448000677582735,-0.0005281957362564028,0.0015968482257295842
415.80000000002605,0.01889099631289324,-0.004686240232349312,-9.82739212601257,-0.0014280696102970808,-0.0013862831472910254,-0.00037475645134306775
415.90000000002607,-0.013159246834833355,-0.003060298910212921,-9.803172835648468,0.0015792094098856723,-0.0008297673457517954,-0.001295187125328446
416.0000000000261,-0.0038697541259302775,-0.012261807487256356,-9.804058860207247,0.0010315733637000625,0.0004169286463996364,-0.0009359728642961816
416.1000000000261,0.013922741426348145,-0.019845645017980078,-9.78725376090575,-0.002108238038629711,0.0008346380493169309,0.0014737594227473131
416.20000000002614,-0.0018338183931582192,0.006341187993563439,-9.82307165507801,-0.000356118200669534,0.00040292821668860807,-0.0006840149517708002
416.30000000002616,0.0024688631439094212,-0.010801375014860759,-9.79955525735037,0.0006260739902787767,-0.001015096752701098,-0.0006761441762063141
416.4000000000262,-0.011244610399945301,-0.005108129719668845,-9.810559770574425,0.0013020915811962652,-0.0010863073382605581,0.0007618171824054692
416.5000000000262,-0.02320169484917659,0.024370616090423684,-9.809562824112083,-0.0013895593979446849,0.0006885891274521344,-0.0018812229498900016
416.6000000000262,0.0038781375183037413,0.005130966825101778,-9.811471631852646,-0.0006149699616451987,-0.00028519019753606536,0.0013149525731567997
416.70000000002625,-0.004345581401873372,-0.014275367117163143,-9.807612325133068,0.0005310853913394762,0.00015253103808777585,0.0006768067706970966
416.8000000000263,-0.0052722919894420605,-0.00446619490168725,-9.818483849377936,0.002461432253396951,0.0005850566688087247,-0.0002647040981948838
416.9000000000263,0.003255395252731589,-0.003842555956694411,-9.796617208401978,0.0002920079215165916,-9.757258646871717e-05,1.1093023484635923e-05
417.0000000000263,-0.00023307827290823405,-0.008867103753809337,-9.807100498363933,4.799446825452139e-05,-0.0006349592425699418,-0.00019268167381015992
417.10000000002634,0.030486288052126668,0.009649952229343716,-9.804175954740378,0.0012112796969425996,0.0011140056906478062,0.000289855092955615
417.20000000002636,0.0007137566635121371,-0.0033978678141914315,-9.822016246961532,-0.0007474551923111776,0.0009036402268728721,-0.0008099609760239566
417.3000000000264,0.001558233955825094,0.01028632237024949,-9.795540873355963,0.002239639084945874,2.621548319671077e-05,7.480815244291657e-05
417.4000000000264,0.0012826660684486823,-0.013351937233118763,-9.809826519137879,5.8624056840944345e-05,-0.00166182426280663,-0.000605581936891127
417.50000000002643,-0.0085733951080294,0.00530891370386885,-9.823279118948122,-0.00034583975899647604,-0.00044051772052137674,0.0010961588438592798
417.60000000002645,-0.016626857033443982,0.005511986780751138,-9.80361462869688,0.0004632415041278652,0.0003556215790481205,0.0012870336095467602
417.7000000000265,0.008034798185289956,0.0027859791983126086,-9.801989615767763,-0.0007076568812537091,0.0005369659404645334,-0.0007677350509941721
417.8000000000265,0.0037640466841392106,0.0003176571474605786,-9.815257387889298,0.00041579058837106436,-0.0006836764013776617,-0.0013914580626909
417.9000000000265,-0.006864331160079505,0.0008132075854770034,-9.794295056127776,1.7569289197696254e-05,-9.055744107540124e-06,0.0006277481108103972
418.00000000002655,0.005356153477430836,0.005003584463936885,-9.80120808877933,0.00023770728795567214,-0.0011481765782263812,-0.0002651747796501329
418.10000000002657,-0.003171681046696577,-0.0036073109738904885,-9.801703272962992,0.0002346772802069879,-0.0002597664614336038,0.0011560127013023936
418.2000000000266,0.011699602291841344,0.008100660092354873,-9.80678950926563,-0.0005630023879390017,0.00033727268465851825,-0.0009996646858626268
418.3000000000266,-0.014578021395923346,0.003340424756913277,-9.822160944401539,-6.426944460519923e-05,-3.3340681811809616e-05,0.0006645331707142828
418.40000000002664,-0.016594944180487344,0.013377402585542191,-9.801822031689818,0.001733616655738235,-0.0011304555474081802,-0.0003716898241555804
418.50000000002666,-0.0070838301267002945,-0.000697635730793211,-9.815574977936729,0.0007477826001830309,-0.0001950268056531163,-0.0008312585936158588
418.6000000000267,0.013509696865326151,-0.009383873267724375,-9.80713944692254,0.0015443309838616842,-0.0006983350655011632,0.00021870433494575913
418.7000000000267,0.006116756749383235,0.00901250273632712,-9.809057660534986,-0.00029731271175040155,-0.0013205361582804228,0.0015403935196627609
418.8000000000267,0.003522386752545383,0.01662849423079839,-9.814666203424517,-0.0015704026767490726,0.000289939763190724,0.0005179566958727309
418.90000000002675,0.02484654961412425,-0.0037018771560661206,-9.797228608642307,0.0019746518656506415,-0.00018971618952611763,0.0006792822756961742
419.0000000000268,-0.006816851801043945,0.0044235224079838655,-9.803122867827833,0.0002837876968993047,0.0015856421050580345,0.0014128657600830574
419.1000000000268,0.012713084412836959,0.0030989919720789956,-9.805040619881503,0.0003506098391015537,0.0017217639406830292,0.0008137659663854739
419.2000000000268,-0.001869540379575254,0.0015708636944116049,-9.808798870514247,0.0012055444489033063,0.00015385046059160666,0.0009934460573618213
419.30000000002684,0.0011046449553514142,0.010585143118762685,-9.806175529450803,-0.00014658882693539203,0.0014076792975489531,-0.0008844615944642685
419.40000000002686,-0.01655882551074778,-0.01648585929655932,-9.814986521923656,-0.0012499684189841472,-0.0005705173007027793,0.00010783500816548316
419.5000000000269,0.008028139808645439,0.008411915180481979,-9.81436360311325,0.0027957116968656253,0.00019368648039878015,-0.0005215545292119589
419.6000000000269,-0.010587004792602848,0.0004958011169339,-9.796454757203248,0.0003899201986398143,-0.0004114559413772974,0.0010742242316451463
419.70000000002693,-0.007698782842948357,0.0005914912109509171,-9.812748876180049,-0.0011325911961426215,0.000328356032984642,0.0003877198625765931
419.80000000002696,0.001693018503776432,0.013711235019245593,-9.822919526315804,0.0006409260432130438,0.0017503828407987808,0.0005643908005659283
419.900000000027,-0.00047714684102524886,-0.019629819107704255,-9.802308225944518,0.0005247528987260043,-0.0009867102797482873,-0.00048572142377862373
420.000000000027,-0.0036639674542203672,-0.005952944008020834,-9.801675980383118,0.0006440888272444281,7.566241226889571e-05,2.820947860566636e-05
420.100000000027,-0.021509121396504877,0.0038769957581537367,-9.801107405452875,0.0009727302522204952,0.0006653504690184652,-0.0005122396834173033
420.20000000002705,0.0043496611383796,0.005597450167940981,-9.819960605103521,-0.0005245783971623596,0.0013770643239117493,-0.0007819484590336958
420.30000000002707,0.021315192540861793,-0.0019236951313567586,-9.809083978162024,-0.0010014152119503625,-0.0009912807530576342,0.0013271078714984033
420.4000000000271,-0.003941794000930109,0.001729857031827036,-9.803462096327246,0.0006484201161165039,0.0010824032047868242,0.0007206274834328552
420.5000000000271,0.015594916676238626,0.014526672634408497,-9.814877679733744,0.00019118150222249806,-0.0007530456099991148,0.00036046025045276676
420.60000000002714,0.005703329512073725,0.009266855037488806,-9.809009505116402,-0.0009156985666189263,-0.00010843052612709079,-0.0009652668529874106
420.70000000002716,0.010748097653168327,-0.009584938068549738,-9.82215026671754,0.0019493287154923845,8.49835095099135e-06,0.00025929969800608294
420.8000000000272,0.008028836916663524,0.016570786739363456,-9.816647031037489,0.0012726846719650553,-0.00010226596432561765,-0.0014067578779855198
420.9000000000272,0.000249188310768306,-0.00952404042143455,-9.797573534430176,0.0020134542283755667,-7.25618693815257e-05,0.00022755223860719784
421.0000000000272,-0.014215856016621295,0.013796618165302513,-9.803612671485606,-0.0006268248531805114,0.00030680180056704993,-0.001632530407398138
421.10000000002725,-0.008752907011281364,0.013348008864107619,-9.803403936966967,0.0021888719789666874,-0.00022423666261023336,-0.0007897711633810943
421.2000000000273,-0.004799124170293611,0.009733103161624118,-9.810040351200431,-0.0007773883545516765,-5.228159677987677e-05,0.0005430045336429523
421.3000000000273,9.827390049731775e-07,-0.006568474817556033,-9.812243877278481,0.0010498803082828303,-0.0008608870931587374,-0.0019265137254994144
421.4000000000273,-0.012649575582253575,-0.0045508256095160736,-9.80264302911438,-0.0009460615710065829,4.1060482686893266e-05,0.0015698513507392548
421.50000000002734,0.013191519063437563,0.005646487728722747,-9.81993794411121,-0.0013723654204485295,0.0009650105373901732,-0.0003853818807576327
421.60000000002736,-0.010266939607924734,-0.005389873913902535,-9.822035973294362,-0.0008028130885968732,-0.0003050583517677941,0.001128783748504524
421.7000000000274,-0.006896158620166642,0.015194192388064092,-9.799631986517822,0.0008883336968256869,0.0009084487888161252,-0.001993243050683224
421.8000000000274,0.0014704927303620247,0.007722340448850915,-9.80220715393799,-0.0006714222171206125,-0.0002841225201863382,0.0014670537065563098
421.90000000002743,0.0006482728701078302,-0.022433995667890394,-9.807970021107995,-6.246565523197303e-05,0.0003453301580267128,0.0003162551844107048
422.00000000002746,0.005150344365476733,0.013337183630105741,-9.828378667162266,0.0010810617643325145,0.001120625690400254,-0.0007482334043449281
422.1000000000275,0.009763296608676357,0.011788196560527087,-9.804825611297813,0.0005562546224347991,0.0007599873523034431,0.0003965861890924267
422.2000000000275,-0.0032191674472226988,0.006842838906842352,-9.824236999565114,2.9836649367907662e-05,0.00030129332734832873,-0.00044668503406305045
422.3000000000275,-0.011077637108683423,-0.0040036279381306505,-9.813422880965883,0.0017767735029781899,-0.0006653702270368052,-0.000232341948883704
422.40000000002755,0.015397378331868019,0.01921447131600816,-9.821388406940443,0.0017868840357836274,0.0017726650060285673,-0.0006645576892975208
422.50000000002757,0.004930807483915632,-0.010292609172109009,-9.836106979839101,-0.0003672948645490328,0.00020578258932830933,0.0006139479012483712
422.6000000000276,-0.007386368280820463,0.01224449117194984,-9.807714804209091,0.002001836710162229,-0.0001620466698692269,-0.00030119637864174404
422.7000000000276,-0.0013885925465992668,0.012109063968601388,-9.807045967661121,0.0010465891638909704,-0.0008893298701895878,-0.0008957928785679691
422.80000000002764,-0.009664680649972994,0.011355485785131618,-9.8101503870817,-0.001074760944539231,0.001654603854320299,-0.0001312223569419387
422.90000000002766,0.00035003756501606734,0.002576107291418136,-9.824853160547326,0.0008397110657792447,-0.0010519514823095326,-0.0022022512225592108
423.0000000000277,-0.0034614039485101706,-0.0023785664604035355,-9.801469841688746,0.000602687252401709,0.0033311088734202226,-0.0009280670632318882
423.1000000000277,-0.0024754536707765583,-0.0015866738359051138,-9.814999375677363,0.0004937724102785759,-0.0014604798925230051,0.002508438620721758
423.2000000000277,-0.015353161852092565,0.016164291783712204,-9.82373781696637,0.00036261991796962377,-0.0002690460993860979,-0.0005808818842043066
423.30000000002775,0.00715505535246093,-0.008148646176321458,-9.81387839857087,-0.0010496999058237577,0.0007827292034638762,-0.0005911196668498961
423.4000000000278,0.00841631132644248,0.009395358451573224,-9.81292803941635,0.0009383428757084273,0.0007256852176787821,-0.0029374707167882292
423.5000000000278,-0.02484628688496275,-0.008909743669222451,-9.814710382993308,-7.045671761503828e-05,0.0003583701490797835,-0.0008496183931715049
423.6000000000278,-0.005261965319478239,0.004604681433450814,-9.801638192391772,0.00014563946805839877,0.00022542990388656548,-0.00013408529824957867
423.70000000002784,0.00458193358467131,0.012592509669421688,-9.80300480806417,0.0002978470519538475,0.0004064123609520919,0.0008310869757015404
423.80000000002786,-0.012421806757997693,-0.011123077020543713,-9.803368394118806,0.00033030031621766024,0.001648394168763906,2.4550927608671465e-05
423.9000000000279,-0.013448314490477032,-0.0063614660249068315,-9.825651492209882,-0.00045270735539582204,-0.0005320104430215544,-0.0006186418748322463
424.0000000000279,-0.014306294877649034,0.0020019160647283163,-9.802688120401077,-0.002302746628159087,0.0014568188873054406,0.0009793530949225655
424.10000000002793,0.006382626795318768,-0.0023375482580200095,-9.801659696158358,-0.0004071762459323998,-0.0005669082541447106,0.0009331186125150705
424.20000000002796,0.00412071529239759,0.00895527538062763,-9.82041540174626,0.0005967562476065544,-0.0005268484512214378,0.00041490773426848104
424.300000000028,0.0027100474214878335,-0.0017523912508360228,-9.802145594801978,0.0002186705697770022,-0.001707511469550352,0.00021002738764632932
424.400000000028,-0.0062043117679082506,0.00043323256047442244,-9.804853580709352,1.2676444178725029e-05,-0.001216406465733559,-0.001440755639755209
424.500000000028,-0.011019763352452985,0.013932075337224537,-9.808404035920821,0.0007004832674983141,-0.0014460209171727938,-0.0010479512738964377
424.60000000002805,0.006789647383490031,0.003419599426590818,-9.828764711720522,0.0001403517359947947,0.0007227585080765427,0.000978771133674961
424.70000000002807,-0.007465004639065178,0.0071756212911245325,-9.798452043472404,0.0012004102143772523,-0.0009093434671213085,-0.0001919141799725775
424.8000000000281,0.003921561585261915,-0.014276464283187974,-9.813928786489704,-0.0016388817589490156,0.00041100243429950217,3.594347010436916e-05
424.9000000000281,-0.0026366052590713063,0.005140298485519037,-9.822475155359612,-0.00042794254186680864,-0.0005575433610027925,-0.0024967055349889382
425.00000000002814,-0.02698701913346952,0.001833957269534331,-9.803367554844652,-0.0008951119474604019,0.0002546422097758731,-0.00020515831290582448
425.10000000002816,0.0021556433610039174,0.0011765317761898387,-9.809427341114482,0.0003212849543176145,-0.0008248200925954296,0.0005056567551040512
425.2000000000282,0.0120130474745576,-0.00178704296998002,-9.80988516837773,-0.00021679791049875857,-0.000559925989080828,-0.00048552347391764023
425.3000000000282,0.005217156537131581,0.0005269397022727696,-9.816331487294221,-0.001064483589212628,-8.218983228511769e-05,0.00031117590141958493
425.40000000002823,-0.018090860209623014,0.001318880629670749,-9.817600197842008,-0.0002888808592577432,0.00043329488682919,-0.00024547188645166477
425.50000000002825,-0.002100693852785383,-0.00017992251830173682,-9.796504965659366,-0.00016590013320733245,-0.0002685565449720214,8.526338873652107e-05
425.6000000000283,0.004022352990280789,0.005514873715555613,-9.814745097997461,0.0008422693248743849,0.00017587079067033653,-0.0006229337855843342
425.7000000000283,-0.010482628863573148,0.004516244027267159,-9.811405215368891,-0.000164405449732742,0.0008994197899434813,-0.0020301457013387524
425.8000000000283,0.01690205432579831,-0.018709868469361023,-9.80125662667904,-0.0019079883441554658,0.0001765400559861241,0.0005387837776139178
425.90000000002834,-0.004890954298068266,-0.0004241410850419056,-9.819956264271985,0.00025913403842543184,0.0008953471684446021,0.0015466897580384657
426.00000000002836,0.011291430053471467,0.0038615036057441073,-9.802055023499797,0.00027993830899792407,-0.0006858711525095969,-0.0007913047321099115
426.1000000000284,0.003079250329023448,-0.015626748680977364,-9.802204228267076,-0.00015123554109252262,0.00041242257967163287,0.0005923772277462403
426.2000000000284,-0.007801179118960642,0.004055789436892188,-9.806613507515554,0.0009336601897077994,0.0011151625657820478,-0.0005164812209932938
426.30000000002843,-0.005125280685595846,0.012440940628055133,-9.824703272001054,0.0008535327248260975,-0.0011688547109266426,-0.0011797879624950549
426.40000000002846,-0.005882364727954935,-0.0010857734833228305,-9.809713383181101,-0.0007150251537018476,0.0015522397826587117,-4.306801962171787e-05
426.5000000000285,-0.030868158521721072,0.009121043911775878,-9.829552022814497,-0.00033102297521718467,-0.0001678294880689436,0.0006565096972379188
426.6000000000285,0.011251628563365715,0.0014680491188505127,-9.798528361830181,0.0007354667957443236,-0.0020004400550004235,-0.0011431993159074652
426.7000000000285,0.0026110402094635657,0.015009762940140881,-9.821720030018165,-0.0011714227596327199,0.0018006136771093052,-2.112620838649922e-05
426.80000000002855,0.00048228605106956834,-0.001192531972624737,-9.811376666957576,-0.00011060811656064748,-2.1817118629674387e-05,0.0002269245526983351
426.90000000002857,-0.00246646474751515,0.013979017389927127,-9.823846074700606,0.0018992644163567795,0.0007831339558627735,0.00018179023597751176
427.0000000000286,0.004396097451808789,0.0010513456957539054,-9.830506305387924,-0.0014143365003818895,0.001299534729134159,0.001833841705520428
427.1000000000286,0.014896117576205788,-0.00281272986094565,-9.813820267489591,-0.0009276825205096435,0.0006693801613064312,0.0014381732397070728
427.20000000002864,0.015182828193440821,-0.013705650689273053,-9.822898435399898,9.119199717199679e-05,-0.0005017640457466596,0.0020568288718381144
427.30000000002866,-0.004280439223749031,-0.011257702194140186,-9.817231323855026,0.00021167899836728687,0.0002806914636601107,-0.0005831016769150338
427.4000000000287,-0.019739819162386568,-0.00847257817388324,-9.800920877180376,-0.0004731576884452812,-0.0002672859314937138,-0.0007774621972525622
427.5000000000287,0.008856569763423567,0.01182080153740493,-9.833275547750265,0.0011577384606584426,-0.0011870739308369755,-0.0005965558440105374
427.60000000002873,0.003777528403734594,0.003319947474354307,-9.803082301098845,-0.0006279723409418409,-0.00035756252197659624,-0.0009899789540920299
427.70000000002875,0.019981730279536314,-0.016413612483564127,-9.819276183621673,-0.0003290571148806887,0.00012891657147515135,-0.00035829899730465585
427.8000000000288,0.0015863814879445196,0.00028384450028377605,-9.824580121636764,0.0006898476574140706,-0.00012574564909922483,-0.0004962948976551409
427.9000000000288,0.01054024630022397,-0.012673355667337323,-9.80146111664779,-0.0005533212900057769,0.00040939428662371857,-0.0010156655787624507
428.0000000000288,0.005451695955001369,0.0005588248840506912,-9.795639407436363,-0.0009601374865160509,0.0007175625150172377,-8.535738392091736e-05
428.10000000002884,-0.01572473888314572,0.0034263308745364784,-9.815242976897242,-0.0008788656654973296,0.0021282841855415073,-0.0016773163862731186
428.20000000002887,-0.008973839002403455,-0.0025727545717044676,-9.799097401390508,0.0009279454207396727,-2.0230074307814345e-05,-0.0005150839640976058
428.3000000000289,-0.00029868577107165377,0.005921682318410222,-9.815450261564811,0.0003591870959182602,-0.00038232796798541097,-0.0013313974047497357
428.4000000000289,-0.008978662033743732,0.01466622410404504,-9.800045844684433,-0.000490817482901955,0.00028924940094933753,-0.0016495295579352265
428.50000000002893,0.007585685022181766,0.010588393062322341,-9.799088140101171,0.00023630188828101766,0.0009105257993653458,-0.002030249647324174
428.60000000002896,0.0016432780667976425,-0.01185620516319671,-9.80138553989384,0.0005525427645672253,0.0006902847403134196,-0.0009690340074294862
428.700000000029,0.00526325608645957,-0.013410693349155465,-9.822080398644378,-0.00012494298962150517,0.00017133075147695795,-0.0003607302476619849
428.800000000029,-0.013916012073327525,-0.008309913821703735,-9.807798641694866,-0.0008032739440146054,0.0008856869728392763,-0.000495149372834718
428.900000000029,0.01349605815940357,-0.00514184112662031,-9.821025579633604,-0.00013238814711349735,-0.00027895827827297676,0.0007049710355865078
429.00000000002905,-0.007925404027775626,-0.0032096065548951162,-9.801106974004696,-0.0003198697325093819,0.000998991696671115,0.0022623494419910283
429.10000000002907,0.00612569758374495,0.0034160385423994202,-9.79802893243605,0.0004150597602294477,8.823581226322882e-05,-0.00025744957819266034
429.2000000000291,0.0018048640293617663,0.0015170826053526605,-9.8089685245826,-0.0005902942922077322,0.0006650231052144671,0.0007911554542359813
429.3000000000291,-0.01839126200641741,-0.013583062489833535,-9.80666993241501,-0.0007561291575203328,-0.0014770906819950443,-0.000377361458978778
429.40000000002914,-0.0006308057488371709,0.012986437886619677,-9.810850611517571,-0.0009289587071310306,0.0012734012169871723,0.000794619689970229
429.50000000002916,-0.01272031133434089,-0.0024043851942442494,-9.804859846618108,0.00035969113307237027,-0.002076700181628712,-0.002199231988207993
429.6000000000292,-0.0059351260254722,-0.020154440719537894,-9.814004132681141,0.0003731078831582221,-0.00022003285273044357,0.0005832447963025971
429.7000000000292,0.0002992348988960507,-0.011418784942456621,-9.792632193143048,-0.0002269080211218403,-0.0015400063712911962,0.0012527627400479853
429.80000000002923,0.011442936614156723,0.00010403857611314086,-9.813517393698392,-0.0011224889341620648,-0.0005438840166098152,-0.0010175035382943643
429.90000000002925,0.003929515866196849,-0.011111433794132054,-9.818667723438558,-0.0005490211912078654,0.00015321822859949268,0.0016526811210719622
430.0000000000293,0.01859114302411361,0.012632186943931699,-9.79905729378719,1.9087191170409952e-05,0.0019598985588506865,-0.0013395248562891027
430.1000000000293,0.002995131423267893,-0.008728505152675826,-9.808413539378158,0.0007450091442987291,-0.0008058589533380948,0.000368307026872052
430.2000000000293,0.0017543833159841694,0.00463038517369253,-9.796247805630633,0.0007785565898700553,0.0004930127906673582,0.0003116681513009738
430.30000000002934,-0.002332882694426982,0.007512457607396863,-9.827715616052954,0.0005277547674337016,0.0003163198327448247,-4.305881189453674e-05
430.40000000002937,-0.0012848023952436742,-0.008462966120375831,-9.810558517779523,-0.001095731985513995,0.0005279270292875154,0.0002467094155548146
430.5000000000294,-0.009247255571537487,0.0032345301545550226,-9.803260820021903,0.0011670759370528336,-9.922023296175532e-05,0.00028935498828040794
430.6000000000294,0.011459290091506827,0.003805784580609889,-9.79735294877266,0.000481499897598657,-0.0006020898446511336,0.0012959110097661328
430.70000000002943,-0.008675940575726536,-0.01409371508291742,-9.805893087377436,-0.0005032350722029969,-0.0005120596388104,-0.0003674603898753639
430.80000000002946,0.005946127678043284,4.002468337733222e-05,-9.803737934007323,-0.0011565177581858816,-0.001453221509754015,2.688157010351923e-05
430.9000000000295,-0.010776972270559966,0.012849907559083698,-9.799506174173418,1.0089007523833205e-05,-0.0009838666533956407,-0.0016959192105521009
431.0000000000295,0.0017136647650023767,-0.007824951709358602,-9.806741231380522,-0.0009688275969354669,-0.00048559007325834605,0.000407128451868346
431.1000000000295,0.003864384785591075,-0.0034866852365355756,-9.813005371526105,0.0009398377813821399,0.0004703801375121375,0.0004268016389607078
431.20000000002955,0.013041714531371346,-0.006173905762388622,-9.806625793227175,-0.001011552265598844,0.0006861416543930531,0.0005351831565615642
431.30000000002957,0.006999643923756959,-0.0036235032196636147,-9.809743962193965,0.0007896180959860602,0.0006650339514795525,-0.0006536655813039755
431.4000000000296,-0.01019638440757181,-0.008231294289998138,-9.8143747384071,0.0007120387686343802,-0.000686558846277888,7.515072940858567e-05
431.5000000000296,0.0035041868024754536,0.009622631406297169,-9.808991142063398,0.00046734399124949704,-0.00026536449443450997,-0.0012104480829777321
431.60000000002964,-0.0016034826472899385,-0.008054583187866386,-9.83253389023934,0.001619298961786233,-0.00011125536797714399,-0.00038104810445813603
431.70000000002966,0.00825050495754855,0.002987804771257863,-9.799994769046856,-0.001986602516285911,0.0007728121513940825,0.0001567060812563567
431.8000000000297,-0.014096727256968526,0.0025327676838554926,-9.81346522913078,0.0004895293637489225,0.0002601178966494886,0.0007170265919115358
431.9000000000297,-0.005218795195071635,0.0016172640095948832,-9.808514404766585,0.000215808773467325,0.0006315954962178596,-1.7335994865883244e-05
432.00000000002973,0.0006451206839093491,-0.008962770157492202,-9.79046248078781,0.0013443995372915726,0.0026217850562328935,4.778190498160176e-05
432.10000000002975,-0.002796851744169546,0.0031815676809051423,-9.80419758666359,0.0010040812269390747,0.0013431894460772757,0.000387434078307636
432.2000000000298,-0.005370368601623836,-0.004055436363133318,-9.821587493720717,0.0015066850977837583,-0.00025717848775117186,6.502682978881189e-05
432.3000000000298,-0.003562364430774949,0.003918632189583118,-9.804906923390707,0.00022380460660586659,0.00154279742049417,0.0009354102403691346
432.4000000000298,-0.018546638774497762,-0.011788194908769686,-9.815820315789868,0.000113903337850844,-0.0003146365063781225,-0.0014438999378465099
432.50000000002984,0.007084650192216864,0.003164130496870315,-9.807205958794036,0.002310533441188922,-0.0006556203034048122,-0.0017020915844709196
432.60000000002987,-0.0010468216754689196,0.00012294909266239432,-9.822449327092865,0.0008868801926284248,0.0007224696269378198,-0.0006854315090446762
432.7000000000299,0.011318066820713764,0.007713506691604342,-9.823258261960738,0.0002823843287497754,-0.001792998389303798,0.0007484622087398434
432.8000000000299,0.002504641199712419,-0.007991412053865415,-9.811752619111227,0.000569699953970884,0.00020974403059205104,0.00019816250458866509
432.90000000002993,0.02243265811896124,0.011849493866270043,-9.80424530716672,-0.001036387308068909,0.00021660235391624983,-3.478418984847198e-05
433.00000000002996,0.02189371986226366,0.001729651030562375,-9.806401269190959,0.0001941472295135164,-0.0004058117973950614,-0.00033590035986188593
433.10000000003,0.009822351794937,-0.0020404447751549244,-9.798822209139377,-0.0012567078359535654,0.00016494471272951013,-0.00047048432743023133
433.20000000003,0.04317036609442086,0.002780316399676063,-9.813070571647778,-0.0010180529103831122,0.0010207623042046874,0.000671994772858354
433.30000000003,0.00462867657791075,-0.0035155206788577338,-9.803850396744588,0.00032728379874805076,-0.001333574007413027,-0.0006475327287185023
433.40000000003005,0.011341197662163814,0.002106158827600313,-9.814926826377231,-0.0017600592260550495,-0.0016075771439340366,0.0013691510163439849
433.50000000003007,-0.005251394937787053,0.0002838503395308674,-9.79922652532224,0.0009055881132686578,-0.0018192572666210867,-0.0007955735101230416
433.6000000000301,0.02421015018551683,-0.0018585013395473519,-9.82395667374873,0.0001369537388909404,-0.002298444032405191,0.00021370907093373997
433.7000000000301,-0.0038436377038800736,0.014675710890610006,-9.803407876771619,0.0010339019423240973,-3.764255694490302e-05,-0.00019097894473235844
433.80000000003014,0.0036974341721508867,-0.011192126393588894,-9.798769689141135,0.00046666880411229655,-0.0006807880501986674,-0.002026104468191214
433.90000000003016,-0.012049261772237639,-0.004626992236145217,-9.811985030847525,-0.0010874977288008567,-0.0010379716378759061,-0.0004735091487297534
434.0000000000302,-0.005548043405513896,-0.005632077374516249,-9.813693431851101,-0.0026534990548355473,0.0013780330980173124,0.00035650166245921276
434.1000000000302,0.0003025682180242628,0.0248508344266249,-9.818093699208575,0.0010727124128254955,0.0007317591123707392,0.0015445783178225792
434.20000000003023,-0.007533181405904809,0.016189859676781177,-9.808875744030374,0.00044633504120306387,-0.0013264493060040708,0.00018629898550092275
434.30000000003025,0.008895580594089951,0.0004941786926555822,-9.809464975794196,-0.0011265052353253932,8.586525052486308e-05,-0.00024346286408908412
434.4000000000303,-0.017261473180390716,-0.008667860995827316,-9.816823605981266,-0.00011652749937543765,-0.0005698061990865695,-0.000744353669880657
434.5000000000303,0.013033430158876855,-0.0105352773837904,-9.813974698041559,-0.00028814643627040584,0.00019293905686067897,-0.0008813831839075925
434.6000000000303,-0.002690762094405728,-0.004934116030294297,-9.808798926939371,-0.001420214358844259,-0.0005503176035822592,0.0004664793837100426
434.70000000003034,0.0058386113050535185,0.004692015807828196,-9.815861703775605,0.0009987909353229001,-0.001467918080623298,-0.0010115961507438799
434.80000000003037,-0.017442135405336207,0.0001026839195947872,-9.796188603237898,0.00035992348168013973,0.0005806006306090499,-0.0014476998582659607
434.9000000000304,-0.003691632453687544,-0.01085962906824285,-9.810092158895696,0.0005046557655755498,0.00048622154572270103,0.0008964026138413423
435.0000000000304,8.559532295427537e-05,-0.016230427611073787,-9.812949114180755,-0.0009481174842638029,0.0005507879430641181,0.0005792129793887772
435.10000000003043,-0.0055626802883370265,0.007971768429153727,-9.807833328898171,-0.0005127529905057476,0.00016853717218560094,-0.0006665028621108751
435.20000000003046,-0.0016172937851641474,0.0066755834191622575,-9.814310255900187,-0.0007753697212694407,-0.0003488893385724073,-3.701426704903618e-05
435.3000000000305,0.008196989506675021,0.02265686566941784,-9.80417801671403,-0.00078821352517205,-0.00029990795469725915,-0.0010471253297402406
435.4000000000305,0.01157078063193914,-0.00011727035527519954,-9.798065867299655,-0.0002699765441368232,-0.0013449375862303503,-0.0004293956500791373
435.5000000000305,-0.00429861505183687,-0.00012395893143570466,-9.825987155300838,-0.00017992891390682672,0.0006566970651055896,-7.762872336927951e-05
435.60000000003055,0.005326884029213485,-0.013762414847192345,-9.818625777149691,0.002212934953140649,0.0005354316708059132,0.0006986069844754647
435.70000000003057,-0.00510216778589532,-0.011997743142939372,-9.822316357990056,-0.0005724006627275044,-0.0001517184039501998,-0.00029443620754835006
435.8000000000306,-0.003828503680371874,0.009527780254450835,-9.807258115553697,0.001639879972117589,-0.0005596704077836388,0.00021599603532867673
435.9000000000306,0.015490450349206817,0.0019877743760849044,-9.810639734511168,0.00023771873122504795,-0.00040570606796317657,-0.0007292720654925971
436.00000000003064,0.010263263939864813,-0.00935185684722577,-9.827452044299053,-4.689150091066897e-05,-0.0014252443972905782,6.914294745993882e-05
436.10000000003066,0.010872445772400992,0.002829921896510244,-9.800900521999376,0.00017224603925780372,0.0005240473612342984,0.0014368553534039098
436.2000000000307,0.0021519284111094364,-0.001260510370027777,-9.80141839608752,5.136325948368058e-05,-0.0009589455447692805,-0.00013307030811196853
436.3000000000307,-0.0009774597194997098,-0.010881958810821622,-9.815964416228645,0.0003542853454656178,-1.624898330546605e-05,-0.00022551048831610023
436.40000000003073,0.01367344691216003,0.00012728990684629063,-9.805533404645244,0.0006522425196950329,-0.00046926974519226995,2.695309223943277e-05
436.50000000003075,-0.0022069247828101126,-0.004853393417164892,-9.813748569802447,0.00015497499440138388,-4.0131858530721205e-05,-0.000971773670641493
436.6000000000308,-0.006768477573139767,0.001266843103627701,-9.814243250703095,-0.0008487713730001179,-0.0015159408019496763,0.0006904141042534535
436.7000000000308,0.0079928378171021,0.0005163978191371486,-9.82482590056406,-0.0015639684616188248,4.6061804171096635e-05,-0.0006632004739865986
436.8000000000308,-0.014775735233728939,-0.008502809021643229,-9.82318287776741,0.00033897387076155537,-0.0008899891180210285,0.0015160759826602103
436.90000000003084,-0.0014467224004743597,0.01660207614866984,-9.83028490905787,0.0017936019011757104,-0.00018894467294344703,-0.001492812656604553
437.00000000003087,-0.0006211270131260294,-0.014551252990143987,-9.811548949750716,-6.1017853859297275e-06,-6.709909021254188e-05,-0.0001070707661264888
437.1000000000309,-0.006626445072316879,-0.009257635647835048,-9.806108124294509,0.0008641550957645337,-0.0003364836461768441,-0.00129924292265819
437.2000000000309,0.003293808766064849,0.0028070294451833667,-9.798754037223246,-0.0021505783501638135,0.0009181382038232895,-0.0008054256203617014
437.30000000003093,0.012100070312113962,0.010279710541484091,-9.798446496085372,2.7372624157910755e-05,0.0016794740515030033,0.00021906271649718405
437.40000000003096,-0.006986156311336211,0.01659850905664879,-9.817644573832181,0.0011503557808247194,9.596163942860521e-05,0.0009398323627054086
437.500000000031,0.002988618411493586,0.0038607433721172873,-9.811450420248343,-0.0016415845334627772,-0.00034150974088326943,-0.000401204923894978
437.600000000031,-0.014377341372990697,-0.004683982306386649,-9.817111242056418,0.0029965703347460126,-0.0009915327221615756,-0.000296295594438395
437.700000000031,0.0103705378340661,0.007422286298716655,-9.827185649607632,-0.0008822134924487626,-0.0005494717549477143,-0.0002321448751417906
437.80000000003105,-0.0010688922190583026,-0.0027084555326155973,-9.81930578996128,0.0002317119516529105,-0.002020809149164003,-0.0024930855848798645
437.90000000003107,0.0017839653668788816,0.018005080660770018,-9.793200945056215,-0.0005231150379895524,0.0009060102521532093,-0.0004304747822909355
438.0000000000311,0.02902185834210377,-0.0048107718053368225,-9.816213003808503,-0.00043934313606392757,-0.0007645106359152495,0.0013443484134952335
438.1000000000311,-0.0008974481112842558,0.010021628249197907,-9.789245664011748,-0.0012951067151611604,0.001031450318247941,0.0014256561052981604
438.20000000003114,-0.0006751364267901774,-0.0030622824331868184,-9.814923048228295,-0.0006453112248088457,4.7902380325494476e-05,0.0017054990179839256
438.30000000003116,-0.013246212078576257,-0.00551171013650025,-9.798452099763733,-0.0015147845239781687,0.0005401120851289442,-0.0018111283506525929
438.4000000000312,-0.008716307363870378,0.0012602150597641581,-9.814229203789955,0.0009210675820075719,1.294294521614043e-05,-0.0006534803240837823
438.5000000000312,0.008961648212920281,-0.009235194474282147,-9.819840540100635,9.661177417376268e-05,-0.0009604041708167333,7.452948258717135e-05
438.60000000003123,0.016315268765237805,0.0018813547628884204,-9.799402775909208,0.00015269441186756833,-0.00019663427657684362,-0.00046404320254798606
438.70000000003125,-0.019556697139060594,0.00578298741237543,-9.832548540813027,-0.0005529875440383306,0.00021833667506450483,0.0005818317937007095
438.8000000000313,-0.000517796314898287,-0.0021470429067274653,-9.811269064762529,0.0002947542635524407,0.0010567401247201633,0.0005877655903117959
438.9000000000313,-0.00348143028443673,0.01047385390530762,-9.819745866804894,-0.001001612760077076,0.0005903635555930614,0.0007160748176687051
439.0000000000313,0.003369891400590768,0.003220704443155177,-9.806974895741671,-0.00010441431483771333,0.00021770187536675648,-7.973180106685096e-06
439.10000000003134,0.00586294448205197,0.012548124662938266,-9.806619228177412,0.00043196621718171325,-0.0005129630535743055,0.0008356689383508257
439.20000000003137,0.0025529366027860294,-0.007530103743335887,-9.812845074260792,-0.00029566955820407116,-0.000962235493561608,0.00060973024005545
439.3000000000314,0.000854567665758237,0.0106444364412457,-9.810599060897236,0.0004882716892921406,-0.000585590859393915,-0.00016798716419998009
439.4000000000314,0.010066958936583688,-0.0014112539733054008,-9.817933255053068,0.00025519276524206113,-0.0003082392594997186,0.00015448951245429425
439.50000000003143,0.0003777214629054255,0.001415860232135433,-9.812710927167856,0.00041553123059188973,0.00033004624363577406,-0.0013762246271032978
439.60000000003146,-0.016965513776179796,0.011972301848818602,-9.81654255075012,-0.000951272377148067,0.000816339389197614,-0.0010036537381740217
