timestamp,status,latitude,longitude,altitude,velocity
0.0,AVAILABLE,30.05011195016438,78.0501566252937,4999.666052415297,200.07019837250988
0.1,AVAILABLE,30.050226785372768,78.0502893493169,5000.996955032203,199.9732662521503
0.2,AVAILABLE,30.050339718258623,78.05048304872714,5000.69689321072,200.11635586865992
0.30000000000000004,AVAILABLE,30.050469951805013,78.05064315232165,4997.785035192966,199.89853376325124
0.4,AVAILABLE,30.050577118511146,78.05082828724444,5000.12497059171,199.98936767062293
0.5,AVAILABLE,30.050696784633566,78.0509311200469,4999.063168048567,200.04903625325935
0.6,AVAILABLE,30.050817460157948,78.05111651190458,5001.129799576063,200.02482134493283
0.7,AVAILABLE,30.050930361399754,78.05125861683021,5001.704752062757,199.8485479608275
0.7999999999999999,AVAILABLE,30.05098377278384,78.05142934343112,4997.2525698609625,200.08760122430564
0.8999999999999999,AVAILABLE,30.051157314831347,78.0515768541689,5002.542084270044,199.89977971757577
0.9999999999999999,AVAILABLE,30.051258367983873,78.05175627518996,5000.3432595723825,200.08186363115436
1.0999999999999999,AVAILABLE,30.051385924128784,78.05192985599204,5001.949844293419,200.04784920376503
1.2,AVAILABLE,30.051477726272253,78.05206792216775,4998.590095177592,200.04993264004767
1.3,AVAILABLE,30.0515990335958,78.05229151298916,4997.54212237344,199.8901125400098
1.4000000000000001,AVAILABLE,30.05173186999525,78.05243276294276,5001.5170780725175,200.08358173459678
1.5000000000000002,AVAILABLE,30.051858225466713,78.05256151839188,4995.731123200583,199.94679234516812
1.6000000000000003,AVAILABLE,30.051964255183417,78.052693724417,5000.100593962362,200.0253237359342
1.7000000000000004,AVAILABLE,30.05205600086258,78.0528989305754,5001.74233922458,200.23214085169008
1.8000000000000005,AVAILABLE,30.05218734476357,78.05303148217699,4998.314607222998,199.9168418898758
1.9000000000000006,AVAILABLE,30.052307850271305,78.05319258692653,4999.789217678898,200.07493026192896
2.0000000000000004,AVAILABLE,30.052392278646984,78.05335847860398,4994.4761412031885,199.89175213809614
2.1000000000000005,AVAILABLE,30.052509611304025,78.05353342561006,5003.58047981733,199.99815331868362
2.2000000000000006,AVAILABLE,30.052639041756333,78.05368850455969,5003.254223340361,200.08933551987383
2.3000000000000007,AVAILABLE,30.052753797711993,78.05382425689419,5002.710155943034,200.0381047127956
2.400000000000001,AVAILABLE,30.05288545823771,78.05400484294884,5005.859302773451,199.96411236596782
2.500000000000001,AVAILABLE,30.0530065700714,78.05416807657026,4998.451192972264,199.88715521272076
2.600000000000001,AVAILABLE,30.053089769209095,78.05435545430011,5002.449123489844,200.0688883864266
2.700000000000001,AVAILABLE,30.053164330871322,78.05450089223716,5001.6675572327595,199.94500737155946
2.800000000000001,AVAILABLE,30.053310278077912,78.05464631145966,5005.174628789447,199.89448993005777
2.9000000000000012,AVAILABLE,30.05342839704691,78.0548348505563,4998.661547601717,199.9635748524139
3.0000000000000013,AVAILABLE,30.053552372847047,78.05494104427912,5000.65983629045,199.87903824030263
3.1000000000000014,AVAILABLE,30.053681052739027,78.05512710111617,5006.850294400543,200.0280840513531
3.2000000000000015,AVAILABLE,30.053804218049393,78.05526020938414,4999.633581969434,200.0323145654014
3.3000000000000016,AVAILABLE,30.053925578282833,78.05541259681058,5002.971859039427,200.05913540138158
3.4000000000000017,AVAILABLE,30.054036298613646,78.05562250103081,5000.156213555312,199.9478350349582
3.5000000000000018,AVAILABLE,30.054100853618895,78.05577199756412,4999.424909693014,200.20202673380797
3.600000000000002,AVAILABLE,30.054226832806204,78.05593481899805,4995.292995740972,199.96045374216737
3.700000000000002,AVAILABLE,30.05435703418159,78.05610549938477,5004.344305060485,199.99558518236708
3.800000000000002,AVAILABLE,30.054446801200207,78.05625812825654,5001.550961295241,200.04916583428383
3.900000000000002,AVAILABLE,30.054568823682512,78.05643237891324,5000.263687732713,200.0699824621716
4.000000000000002,AVAILABLE,30.054718826634257,78.05658172885055,5000.859548083945,200.21527952351005
4.100000000000001,AVAILABLE,30.054814845720227,78.05672316810177,5000.3359011127495,200.1482768668437
4.200000000000001,AVAILABLE,30.054927130864666,78.05690032190913,5003.587194320997,199.94871413897732
4.300000000000001,AVAILABLE,30.05500850866931,78.05705598634512,5000.689204383572,199.93919898214392
4.4,AVAILABLE,30.05516970910377,78.05722261296803,4997.0150227352015,200.05182184440213
4.5,AVAILABLE,30.055265065874533,78.05733944896909,5001.358850699198,199.99547853733205
4.6,AVAILABLE,30.055369729195213,78.05754131843595,5001.464279816577,199.94224628160558
4.699999999999999,AVAILABLE,30.055504841710984,78.0577117650126,4997.862000092943,200.03808900274015
4.799999999999999,AVAILABLE,30.05561222798958,78.05789796312523,4994.413091087666,200.06952839314064
4.899999999999999,AVAILABLE,30.055721205803177,78.05800907942891,5005.70476692915,199.99914268487393
4.999999999999998,AVAILABLE,30.055881498360975,78.05816221410456,5001.051536124044,199.95091524983252
5.099999999999998,AVAILABLE,30.05594335701163,78.05833292189958,4999.152285423953,200.02024915839866
5.1999999999999975,AVAILABLE,30.056032475472364,78.05853342421821,4999.499009273656,200.1742905506234
5.299999999999997,AVAILABLE,30.056166729484026,78.05865816433344,5009.494826304431,199.91302708168936
5.399999999999997,AVAILABLE,30.056272487013104,78.05880098207669,5001.417465281967,200.06933400400612
5.4999999999999964,AVAILABLE,30.056437063142177,78.05896722577634,4995.193247721499,199.9564970195525
5.599999999999996,AVAILABLE,30.056550690272207,78.05914246152632,4994.129183643875,199.9964948488312
5.699999999999996,AVAILABLE,30.0566680557881,78.05933717255303,5001.6850599163545,200.03093023127994
5.799999999999995,AVAILABLE,30.05673518181444,78.05943576281007,5000.140747572518,200.05031977408134
5.899999999999995,AVAILABLE,30.056882414789854,78.05960357597863,4996.544173314729,199.92222181589
5.999999999999995,AVAILABLE,30.056965731860178,78.05978709434473,4993.063156681863,199.96667219743904
6.099999999999994,AVAILABLE,30.057109127990483,78.05996556875351,5000.213899025153,200.10012839395142
6.199999999999994,AVAILABLE,30.05720840363995,78.06007876054744,4997.976820884687,200.15273357819018
6.299999999999994,AVAILABLE,30.057347961301385,78.0602645672612,5009.990806590686,199.9967658627474
6.399999999999993,AVAILABLE,30.057455770713776,78.06042107275708,4999.334342929627,200.23161713477714
6.499999999999993,AVAILABLE,30.057586219648464,78.06054587617479,4998.8004610331445,200.04283365383682
6.5999999999999925,AVAILABLE,30.057687748576438,78.06070717404009,4993.233315238935,199.80936330312383
6.699999999999992,AVAILABLE,30.05778692601458,78.06089326136647,5001.035658128343,199.92303252221208
6.799999999999992,AVAILABLE,30.05788073438394,78.06101364912796,5000.987562076242,200.03700539584878
6.8999999999999915,AVAILABLE,30.05803509515583,78.0612322977877,4999.427853257189,200.13492609627534
6.999999999999991,AVAILABLE,30.05812933011452,78.06136240521575,4998.43826467009,199.94151883552945
7.099999999999991,AVAILABLE,30.05820739511166,78.06153960813248,5000.749656775287,199.96377341891179
7.19999999999999,AVAILABLE,30.058348005100218,78.06170432179387,5005.150611762643,200.0038255152505
7.29999999999999,AVAILABLE,30.058466234596125,78.06184456796106,4999.790730685564,199.87352344289584
7.39999999999999,AVAILABLE,30.05858762891814,78.06201835669683,5005.534036063298,200.09434737641135
7.499999999999989,AVAILABLE,30.058722981310044,78.06216252929072,5002.009764629709,199.886061752545
7.599999999999989,AVAILABLE,30.058824532600656,78.06234626301112,4997.700771751814,200.19993798051615
7.699999999999989,AVAILABLE,30.05894364534779,78.06245831682712,5001.658579659787,199.959258818111
7.799999999999988,AVAILABLE,30.059048000257185,78.06266772492427,5001.171598001934,199.79608486569654
7.899999999999988,AVAILABLE,30.05914168845174,78.06283433812553,5003.9036127476875,200.19031528866626
7.999999999999988,AVAILABLE,30.059309418563398,78.06293587490791,5002.308446362809,199.80837097988848
8.099999999999987,AVAILABLE,30.059420535913148,78.06314404695888,4996.576493636069,200.2009900947091
8.199999999999987,AVAILABLE,30.059517638293727,78.06325977584598,5000.880404352381,199.92688600923347
8.299999999999986,AVAILABLE,30.059622590901252,78.06344962077745,5004.120481658806,199.85767136118164
8.399999999999986,AVAILABLE,30.05974081649193,78.06365718171853,4997.519119103089,200.02106486760582
8.499999999999986,AVAILABLE,30.059853265509638,78.06376545128819,5001.943680868296,200.009705028181
8.599999999999985,AVAILABLE,30.059947202553666,78.06397659044048,5002.374844989769,199.98328930549775
8.699999999999985,AVAILABLE,30.06006724184431,78.06408397865296,5003.692822917682,199.98535217654594
8.799999999999985,AVAILABLE,30.060201456654127,78.06425667835242,5001.849228409452,199.9884020869874
8.899999999999984,AVAILABLE,30.060321447458566,78.06441695132459,5002.488761891355,200.06723841093498
8.999999999999984,AVAILABLE,30.06042015026123,78.06456315446889,4997.179640028368,199.92592631798593
9.099999999999984,AVAILABLE,30.060519078989035,78.06475922225181,4999.860193062469,200.15701009775725
9.199999999999983,AVAILABLE,30.060692238483572,78.06490200085234,4995.35594839297,199.96185464684598
9.299999999999983,AVAILABLE,30.060764454633645,78.06503084905775,4999.248520168091,200.0286946309142
9.399999999999983,AVAILABLE,30.060872074807754,78.06520604434984,4997.723729721311,200.17866837303595
9.499999999999982,AVAILABLE,30.060991981190224,78.06536501694707,4998.881304827914,200.09543437080453
9.599999999999982,AVAILABLE,30.061097068410508,78.06555249704479,5002.183654846699,200.0749117832201
9.699999999999982,AVAILABLE,30.06124903694306,78.06569131761012,5003.398198586546,199.92071464001887
9.799999999999981,AVAILABLE,30.061331285243824,78.06588782412236,5002.467126209333,200.00020975505984
9.89999999999998,AVAILABLE,30.061431524018193,78.06603490523482,4998.10888190155,199.90761151717902
9.99999999999998,AVAILABLE,30.061555804163067,78.06618861407853,4993.636903683706,200.0360763153212
10.09999999999998,DENIED,nan,nan,nan,nan
10.19999999999998,DENIED,nan,nan,nan,nan
10.29999999999998,DENIED,nan,nan,nan,nan
10.399999999999979,DENIED,nan,nan,nan,nan
10.499999999999979,DENIED,nan,nan,nan,nan
10.599999999999978,DENIED,nan,nan,nan,nan
10.699999999999978,DENIED,nan,nan,nan,nan
10.799999999999978,DENIED,nan,nan,nan,nan
10.899999999999977,DENIED,nan,nan,nan,nan
10.999999999999977,DENIED,nan,nan,nan,nan
11.099999999999977,DENIED,nan,nan,nan,nan
11.199999999999976,DENIED,nan,nan,nan,nan
11.299999999999976,DENIED,nan,nan,nan,nan
11.399999999999975,DENIED,nan,nan,nan,nan
11.499999999999975,DENIED,nan,nan,nan,nan
11.599999999999975,DENIED,nan,nan,nan,nan
11.699999999999974,DENIED,nan,nan,nan,nan
11.799999999999974,DENIED,nan,nan,nan,nan
11.899999999999974,DENIED,nan,nan,nan,nan
11.999999999999973,DENIED,nan,nan,nan,nan
12.099999999999973,DENIED,nan,nan,nan,nan
12.199999999999973,DENIED,nan,nan,nan,nan
12.299999999999972,DENIED,nan,nan,nan,nan
12.399999999999972,DENIED,nan,nan,nan,nan
12.499999999999972,DENIED,nan,nan,nan,nan
12.599999999999971,DENIED,nan,nan,nan,nan
12.69999999999997,DENIED,nan,nan,nan,nan
12.79999999999997,DENIED,nan,nan,nan,nan
12.89999999999997,DENIED,nan,nan,nan,nan
12.99999999999997,DENIED,nan,nan,nan,nan
13.09999999999997,DENIED,nan,nan,nan,nan
13.199999999999969,DENIED,nan,nan,nan,nan
13.299999999999969,DENIED,nan,nan,nan,nan
13.399999999999968,DENIED,nan,nan,nan,nan
13.499999999999968,DENIED,nan,nan,nan,nan
13.599999999999968,DENIED,nan,nan,nan,nan
13.699999999999967,DENIED,nan,nan,nan,nan
13.799999999999967,DENIED,nan,nan,nan,nan
13.899999999999967,DENIED,nan,nan,nan,nan
13.999999999999966,DENIED,nan,nan,nan,nan
14.099999999999966,DENIED,nan,nan,nan,nan
14.199999999999966,DENIED,nan,nan,nan,nan
14.299999999999965,DENIED,nan,nan,nan,nan
14.399999999999965,DENIED,nan,nan,nan,nan
14.499999999999964,DENIED,nan,nan,nan,nan
14.599999999999964,DENIED,nan,nan,nan,nan
14.699999999999964,DENIED,nan,nan,nan,nan
14.799999999999963,DENIED,nan,nan,nan,nan
14.899999999999963,DENIED,nan,nan,nan,nan
14.999999999999963,DENIED,nan,nan,nan,nan
15.099999999999962,DENIED,nan,nan,nan,nan
15.199999999999962,DENIED,nan,nan,nan,nan
15.299999999999962,DENIED,nan,nan,nan,nan
15.399999999999961,DENIED,nan,nan,nan,nan
15.499999999999961,DENIED,nan,nan,nan,nan
15.59999999999996,DENIED,nan,nan,nan,nan
15.69999999999996,DENIED,nan,nan,nan,nan
15.79999999999996,DENIED,nan,nan,nan,nan
15.89999999999996,DENIED,nan,nan,nan,nan
15.99999999999996,DENIED,nan,nan,nan,nan
16.09999999999996,DENIED,nan,nan,nan,nan
16.19999999999996,DENIED,nan,nan,nan,nan
16.29999999999996,DENIED,nan,nan,nan,nan
16.399999999999963,DENIED,nan,nan,nan,nan
16.499999999999964,DENIED,nan,nan,nan,nan
16.599999999999966,DENIED,nan,nan,nan,nan
16.699999999999967,DENIED,nan,nan,nan,nan
16.79999999999997,DENIED,nan,nan,nan,nan
16.89999999999997,DENIED,nan,nan,nan,nan
16.99999999999997,DENIED,nan,nan,nan,nan
17.099999999999973,DENIED,nan,nan,nan,nan
17.199999999999974,DENIED,nan,nan,nan,nan
17.299999999999976,DENIED,nan,nan,nan,nan
17.399999999999977,DENIED,nan,nan,nan,nan
17.49999999999998,DENIED,nan,nan,nan,nan
17.59999999999998,DENIED,nan,nan,nan,nan
17.69999999999998,DENIED,nan,nan,nan,nan
17.799999999999983,DENIED,nan,nan,nan,nan
17.899999999999984,DENIED,nan,nan,nan,nan
17.999999999999986,DENIED,nan,nan,nan,nan
18.099999999999987,DENIED,nan,nan,nan,nan
18.19999999999999,DENIED,nan,nan,nan,nan
18.29999999999999,DENIED,nan,nan,nan,nan
18.39999999999999,DENIED,nan,nan,nan,nan
18.499999999999993,DENIED,nan,nan,nan,nan
18.599999999999994,DENIED,nan,nan,nan,nan
18.699999999999996,DENIED,nan,nan,nan,nan
18.799999999999997,DENIED,nan,nan,nan,nan
18.9,DENIED,nan,nan,nan,nan
19.0,DENIED,nan,nan,nan,nan
19.1,DENIED,nan,nan,nan,nan
19.200000000000003,DENIED,nan,nan,nan,nan
19.300000000000004,DENIED,nan,nan,nan,nan
19.400000000000006,DENIED,nan,nan,nan,nan
19.500000000000007,DENIED,nan,nan,nan,nan
19.60000000000001,DENIED,nan,nan,nan,nan
19.70000000000001,DENIED,nan,nan,nan,nan
19.80000000000001,DENIED,nan,nan,nan,nan
19.900000000000013,DENIED,nan,nan,nan,nan
20.000000000000014,AVAILABLE,30.073021535618594,78.08219835670324,5003.110781880351,200.06114404236928
20.100000000000016,AVAILABLE,30.073122018263756,78.08235687053595,5002.085454426386,199.84839264405838
20.200000000000017,AVAILABLE,30.07324143451698,78.08251796865021,5000.209632453962,200.02111265223908
20.30000000000002,AVAILABLE,30.073362570816435,78.08271491976988,5000.684189103896,199.96850077487827
20.40000000000002,AVAILABLE,30.073454654582225,78.08286663535866,5001.584439637555,200.14508095448969
20.50000000000002,AVAILABLE,30.07357747913207,78.08301248769192,4999.823921907218,199.99123891407504
20.600000000000023,AVAILABLE,30.07370559355101,78.08313663415625,5002.474956602077,200.0653205871332
20.700000000000024,AVAILABLE,30.073840215826362,78.08337922428616,4999.0430984190925,199.99638568235687
20.800000000000026,AVAILABLE,30.073934579677665,78.08353313391395,4994.806340831795,200.04857679702073
20.900000000000027,AVAILABLE,30.074022476839172,78.08359950740535,4993.937501625536,199.86182314442917
21.00000000000003,AVAILABLE,30.074182606499452,78.08379536759114,4999.317627022156,199.88364872398202
21.10000000000003,AVAILABLE,30.074288874452478,78.08395081015728,5003.952956528015,199.90068945857328
21.20000000000003,AVAILABLE,30.074378654554028,78.08413652920152,5000.074133662483,200.14246900887528
21.300000000000033,AVAILABLE,30.074509056318966,78.0842691980083,4998.318994177711,199.94272160566322
21.400000000000034,AVAILABLE,30.07463441657022,78.08446253566306,4999.641826930963,200.08696072200033
21.500000000000036,AVAILABLE,30.0747263922647,78.08461203316561,5000.542281213,200.15281812827646
21.600000000000037,AVAILABLE,30.07484861393504,78.08476787278995,4996.8624888868635,200.06860521833164
21.70000000000004,AVAILABLE,30.074954323095675,78.0849425858243,4994.295170328831,200.1043186958815
21.80000000000004,AVAILABLE,30.075055447436704,78.08507960682923,5003.175743404558,199.86655292640256
21.90000000000004,AVAILABLE,30.075192446090828,78.08525758254044,4997.004329560002,200.134293300155
22.000000000000043,AVAILABLE,30.075335297058015,78.08537540314403,4995.653029107804,200.0808232202493
22.100000000000044,AVAILABLE,30.07539945512841,78.08556856412235,5000.388656265001,200.06918500823133
22.200000000000045,AVAILABLE,30.075533350229314,78.0857389062077,4997.669801247948,200.1292361598434
22.300000000000047,AVAILABLE,30.075642957804813,78.08590427951087,4998.46508574025,200.01063234907343
22.40000000000005,AVAILABLE,30.075763330762175,78.0860541504152,4996.958657425368,200.0796412794238
22.50000000000005,AVAILABLE,30.07590625211888,78.08622286915124,5002.197005821243,200.08380678807185
22.60000000000005,AVAILABLE,30.076012014420275,78.08638441717261,5000.636771839947,200.0864007272021
22.700000000000053,AVAILABLE,30.076111073385686,78.0865181973331,5000.071545063368,199.81115846084606
22.800000000000054,AVAILABLE,30.076224225236995,78.08670729838282,5003.7079423289415,200.0151277277397
22.900000000000055,AVAILABLE,30.07635550072758,78.0868590040702,4996.92957096186,199.85886202822806
23.000000000000057,AVAILABLE,30.0764358972185,78.08699095126725,5001.901123431558,199.97923853143018
23.10000000000006,AVAILABLE,30.07657806001565,78.08718113911608,5003.132148634167,200.10601927908888
23.20000000000006,AVAILABLE,30.076670713056618,78.08733421952353,4998.4015142396765,199.8378687924259
23.30000000000006,AVAILABLE,30.07680893198311,78.08752489676695,4999.980714826177,199.9506807781551
23.400000000000063,AVAILABLE,30.07693089366682,78.08761183089581,5000.532425587806,200.01432839741003
23.500000000000064,AVAILABLE,30.077015531224937,78.08784970918686,5002.912206257163,199.9738842752302
23.600000000000065,AVAILABLE,30.07713872272276,78.08797306332279,4998.463640274037,199.86918000731362
23.700000000000067,AVAILABLE,30.077279565541374,78.088162764588,5002.394498993418,199.89056640802238
23.800000000000068,AVAILABLE,30.07740665056988,78.08834283573906,5000.564171507004,199.909577934786
23.90000000000007,AVAILABLE,30.077468191530407,78.08847071657983,4997.260957579168,199.99657891157432
24.00000000000007,AVAILABLE,30.077617809012253,78.08859104547105,5006.017186086787,200.15667084089964
24.100000000000072,AVAILABLE,30.077690516393165,78.08875328364529,4999.149734439322,199.89688567996996
24.200000000000074,AVAILABLE,30.077822495867437,78.08888934709347,4999.313893834394,200.1802856471579
24.300000000000075,AVAILABLE,30.077921664530315,78.08909757231613,4995.531172397177,200.0638237525242
24.400000000000077,AVAILABLE,30.078052168775645,78.08930383985262,5000.620518330318,199.96278200317613
24.500000000000078,AVAILABLE,30.078180594424264,78.0894133411939,4995.9820754665425,200.03019477697887
24.60000000000008,AVAILABLE,30.07828205737354,78.08958760994913,5001.1263719976805,199.94896803284055
24.70000000000008,AVAILABLE,30.078407264045374,78.08978054082017,4996.676601410824,200.1737425507234
24.800000000000082,AVAILABLE,30.078509818261917,78.08988885213833,5007.281661713455,200.01550216331253
24.900000000000084,AVAILABLE,30.07865329190016,78.09008205037784,4994.958215524881,200.01208195986524
25.000000000000085,AVAILABLE,30.078733723140132,78.09019752390128,4994.684865901041,200.0102290243724
25.100000000000087,AVAILABLE,30.07886825579345,78.09039380072191,4999.082514334516,199.9201483020392
25.200000000000088,AVAILABLE,30.07895441083571,78.09053447094885,4996.900834390638,199.97967253487002
25.30000000000009,AVAILABLE,30.079086219442853,78.0906877026423,4999.30384959671,199.92396799615116
25.40000000000009,AVAILABLE,30.07920103972287,78.09087714195928,5000.534375701846,200.0472150874491
25.500000000000092,AVAILABLE,30.079285928854482,78.09101905989492,5000.830218130192,200.06411624595913
25.600000000000094,AVAILABLE,30.079401388279255,78.09119053651702,5003.619261945595,199.98213893041878
25.700000000000095,AVAILABLE,30.079542884771342,78.09135689364149,5000.741354551872,200.06746373502585
25.800000000000097,AVAILABLE,30.07966037687705,78.09151101718936,4997.652666688577,199.9829562138638
25.900000000000098,AVAILABLE,30.079796078205305,78.09166392224255,4999.494307161556,199.95084966280805
26.0000000000001,AVAILABLE,30.079902195358233,78.09181072677129,5002.731506585156,199.90630266057394
26.1000000000001,AVAILABLE,30.07998353633933,78.09199305870341,5000.390538408806,200.0297557303014
26.200000000000102,AVAILABLE,30.080136118326216,78.09214052988509,5001.328980778681,199.90901827346508
26.300000000000104,AVAILABLE,30.0802541387391,78.09232253740194,5001.60955629606,200.01878784913097
26.400000000000105,AVAILABLE,30.080331889456424,78.09246292111942,5001.505338385475,199.99808158804638
26.500000000000107,AVAILABLE,30.080462714225277,78.09260179744003,5000.543281939628,199.93080726098592
26.600000000000108,AVAILABLE,30.08055551462841,78.09278713184932,4994.430487242162,200.0698569990406
26.70000000000011,AVAILABLE,30.080704772447906,78.0929495472685,4997.018653476344,199.90546311795862
26.80000000000011,AVAILABLE,30.080801236586552,78.09306064748702,5000.541430349223,200.066443202398
26.900000000000112,AVAILABLE,30.08091283463253,78.09326101926065,5000.545901775706,200.03506440670398
27.000000000000114,AVAILABLE,30.08105258229262,78.09343198063027,4997.930727045398,199.95387349540277
27.100000000000115,AVAILABLE,30.081150679512806,78.0936242241643,4999.039180085637,199.89474733405987
27.200000000000117,AVAILABLE,30.0812462640268,78.09370870306118,5000.989381993043,199.86386757107178
27.300000000000118,AVAILABLE,30.081354220775417,78.09387151663798,4996.646034861251,200.05684144769378
27.40000000000012,AVAILABLE,30.08146730773321,78.09403653252195,5000.53478940191,199.9658828711064
27.50000000000012,AVAILABLE,30.081613117972413,78.0942485520144,4999.974503208401,199.8702239173618
27.600000000000122,AVAILABLE,30.081717614072534,78.09440387932281,4998.251033128817,199.8562538752287
27.700000000000124,AVAILABLE,30.081854133009887,78.09454518784135,4998.772309962756,200.0015962241731
27.800000000000125,AVAILABLE,30.08196732168129,78.09471960032636,4999.000322040929,200.06821333452658
27.900000000000126,AVAILABLE,30.082101866460516,78.09490325887164,5002.018614262034,199.8877719520143
28.000000000000128,AVAILABLE,30.082245187223158,78.09500987510842,4998.884591289443,199.93001108057715
28.10000000000013,AVAILABLE,30.082321490163128,78.09520380643387,4995.718625111439,200.02675871772612
28.20000000000013,AVAILABLE,30.082416570857486,78.09534878724403,4996.339430632056,199.92749665820384
28.300000000000132,AVAILABLE,30.08251338027315,78.09551619102233,4998.44027015091,200.07352204042445
28.400000000000134,AVAILABLE,30.08261864540797,78.09564008996138,4997.781819668392,200.13488906463814
28.500000000000135,AVAILABLE,30.082739898304023,78.09588496061498,5001.474452703154,199.88355739357556
28.600000000000136,AVAILABLE,30.08284968997189,78.09600173196883,4996.467068233145,200.23745786530316
28.700000000000138,AVAILABLE,30.08296135936928,78.09617113792908,5004.3803896707805,199.98907995929954
28.80000000000014,AVAILABLE,30.08307575286581,78.09631165086999,5001.086649192403,200.08757520928614
28.90000000000014,AVAILABLE,30.083209146317866,78.09644856909402,5000.126971719829,199.93266418284475
29.000000000000142,AVAILABLE,30.083283385229553,78.09662348026873,4995.702647975636,200.05868544072686
29.100000000000144,AVAILABLE,30.083472021239384,78.0968368793786,4998.280373766654,199.95326056297768
29.200000000000145,AVAILABLE,30.083563948765043,78.09698064403801,4998.743784240321,199.98573640617283
29.300000000000146,AVAILABLE,30.083705705956916,78.09711670032101,4998.544035673127,200.0119913983875
29.400000000000148,AVAILABLE,30.083790952454923,78.09725804211541,4999.254791582989,199.88336393812816
29.50000000000015,AVAILABLE,30.08389001947372,78.09747854920361,5002.225166536004,199.99074567492812
29.60000000000015,AVAILABLE,30.083992735550353,78.09759343646863,5003.152199983236,199.94383131896993
29.700000000000152,AVAILABLE,30.084150039666333,78.09773170556004,4999.129861120145,200.17427643332843
29.800000000000153,AVAILABLE,30.08420238864406,78.09794522677932,4994.445868776079,199.99099201529341
29.900000000000155,AVAILABLE,30.084349842770386,78.09809799162632,4990.536370561626,199.80821901871488
30.000000000000156,AVAILABLE,30.084457253841155,78.09824196816223,4997.320349436623,199.9779133023447
30.100000000000158,AVAILABLE,30.084560592216903,78.09839319621835,4997.459701553929,200.02440213010138
30.20000000000016,AVAILABLE,30.08470682924524,78.09859160666356,4998.030744364351,199.96820081767476
30.30000000000016,AVAILABLE,30.084811720992796,78.09871605733915,4999.844028358694,199.84378212709717
30.400000000000162,AVAILABLE,30.084932021883915,78.09886350536812,4997.12911529601,199.84118737960978
30.500000000000163,AVAILABLE,30.085060681138707,78.09903991569915,5003.44847594714,200.02723016818481
30.600000000000165,AVAILABLE,30.085123698635442,78.0991806616933,5002.273795921822,199.9234317285809
30.700000000000166,AVAILABLE,30.085249191312638,78.09935976654758,4999.469098511731,199.89881326009066
30.800000000000168,AVAILABLE,30.085377399962262,78.09951388438658,4992.2300310876235,200.0502663526953
30.90000000000017,AVAILABLE,30.085483160904463,78.09971123317868,4996.549627294222,199.84204016202787
31.00000000000017,AVAILABLE,30.085633553857612,78.0998115662948,4998.091477191862,200.0597336718486
31.100000000000172,AVAILABLE,30.08572077254115,78.09997043375427,5000.564105703835,199.9805677088829
31.200000000000173,AVAILABLE,30.085864239164245,78.10017735967789,5009.107142894335,199.83541059640206
31.300000000000175,AVAILABLE,30.08595526162861,78.10030331997646,5003.464251502496,200.08218379777534
31.400000000000176,AVAILABLE,30.086083675963316,78.10046965805903,4997.76454527385,199.79703201123365
31.500000000000178,AVAILABLE,30.086215319526215,78.1006566818858,4999.217420148441,200.0933515343539
31.60000000000018,AVAILABLE,30.086312574698603,78.10082671093636,4995.12938766624,199.92861640570032
31.70000000000018,AVAILABLE,30.086417072058456,78.1009741725535,5002.871704590348,199.89913644497454
31.800000000000182,AVAILABLE,30.08653032309804,78.10117291628323,5002.075765932832,200.08705628841074
31.900000000000183,AVAILABLE,30.086642169637845,78.10130339630342,5005.411969360093,200.01066419872643
32.000000000000185,AVAILABLE,30.08677898116478,78.1014296192286,5001.770296299893,200.0904216675197
32.100000000000186,AVAILABLE,30.086857956573187,78.1016309249988,4997.9742602119,199.919476074246
32.20000000000019,AVAILABLE,30.086985921954888,78.10180857296695,5000.927458859219,200.09357847820544
32.30000000000019,AVAILABLE,30.087087271682655,78.10193040067264,4996.470330890039,199.94288936266608
32.40000000000019,AVAILABLE,30.0872299083824,78.10208832869199,5004.353889026432,199.97975835587894
32.50000000000019,AVAILABLE,30.08732581446973,78.102275969677,4998.054150483161,199.84802353941598
32.60000000000019,AVAILABLE,30.087467225022436,78.10241839613826,4993.504415157266,200.00445293213693
32.700000000000195,AVAILABLE,30.0875510666267,78.10260636129772,4997.813025760345,199.94192319442766
32.800000000000196,AVAILABLE,30.087656439657348,78.10270858106705,4997.898512237936,199.8564075525514
32.9000000000002,AVAILABLE,30.087768744171342,78.10285744463071,4995.50816384265,199.84403249687327
33.0000000000002,AVAILABLE,30.08789238221211,78.10303694431818,4996.320588807075,200.04782708750196
33.1000000000002,AVAILABLE,30.08801535610808,78.10320250792344,4998.6080801628195,200.15928795615957
33.2000000000002,AVAILABLE,30.088135002588153,78.10338168570466,4992.241880168371,199.93462655105955
33.3000000000002,AVAILABLE,30.08820616322941,78.10352330296121,5001.119930439028,199.93257022329027
33.400000000000205,AVAILABLE,30.088368959256925,78.103671254372,5001.727409442643,199.84463906693662
33.500000000000206,AVAILABLE,30.08846941386144,78.1038615463521,5001.607762364652,199.9872736637109
33.60000000000021,AVAILABLE,30.088623438151426,78.10400456324324,4998.6470127725925,199.72404925343386
33.70000000000021,AVAILABLE,30.088734843076054,78.10416584565924,4996.471953512849,200.13209044470554
33.80000000000021,AVAILABLE,30.088839732403006,78.10433609656432,4995.695235294113,200.04189760509286
33.90000000000021,AVAILABLE,30.08892084376872,78.10446987710975,5003.13011710143,199.78674079136138
34.00000000000021,AVAILABLE,30.089056670234058,78.10466406586968,5006.153032409368,200.032517383183
34.100000000000215,AVAILABLE,30.089123970632063,78.10479750701592,5000.194000763917,200.03555636436099
34.200000000000216,AVAILABLE,30.08929304665712,78.10493451830033,4999.010150938399,200.09698609461026
34.30000000000022,AVAILABLE,30.089417636430586,78.10517419406573,4998.829342467907,200.10976052566065
34.40000000000022,AVAILABLE,30.08953512196243,78.10532077018065,5002.171055786096,200.0827796927809
34.50000000000022,AVAILABLE,30.08960464935346,78.1054261840468,5002.94854378592,199.96529331916173
34.60000000000022,AVAILABLE,30.0897328065768,78.10560456115597,4998.821279474451,200.0232749394686
34.70000000000022,AVAILABLE,30.089829424320385,78.1057783433101,5000.738164625687,199.99226445792112
34.800000000000225,AVAILABLE,30.089948894102054,78.10595359806346,5005.61791089198,199.93987570401936
34.900000000000226,AVAILABLE,30.09009890380773,78.10611607319197,4992.040244845848,199.92388059000535
35.00000000000023,AVAILABLE,30.09017977217787,78.10627418531331,5000.565463643113,200.04743980894696
35.10000000000023,AVAILABLE,30.09031709781363,78.10639963113329,4997.760350145497,199.87771110372867
35.20000000000023,AVAILABLE,30.09041707742775,78.10657616846491,5000.513615980999,199.92726923739082
35.30000000000023,AVAILABLE,30.090550893436756,78.10675803025511,5004.639556426005,200.0711307895397
35.40000000000023,AVAILABLE,30.0906524094191,78.10691329507236,5001.829255367759,199.93481851000945
35.500000000000234,AVAILABLE,30.090786711541124,78.10709536283484,5005.930859541229,200.00352257090464
35.600000000000236,AVAILABLE,30.09088384154797,78.1072286703615,4999.992363310398,200.06192887662138
35.70000000000024,AVAILABLE,30.09099030776886,78.10737634770467,5005.27694650696,200.01647154399018
35.80000000000024,AVAILABLE,30.091108157917414,78.10755903352852,5000.450998887348,200.02916222572094
35.90000000000024,AVAILABLE,30.091220280876563,78.10767572454124,4999.907084852668,199.8863115238085
36.00000000000024,AVAILABLE,30.091339667199797,78.10783688174334,5002.75012739465,200.0749234765599
36.10000000000024,AVAILABLE,30.091455398307232,78.10801968298053,5001.248903838605,199.80350016627418
36.200000000000244,AVAILABLE,30.09154512265734,78.10817902242533,5001.0357783006275,199.9920604227797
36.300000000000246,AVAILABLE,30.091661247420102,78.10834523079984,4998.638898732594,199.8931402956603
36.40000000000025,AVAILABLE,30.091799684282304,78.10849844900262,5003.5894495270895,200.06655320669543
36.50000000000025,AVAILABLE,30.091921431353335,78.10866983825365,4997.464466068317,199.90643728578718
36.60000000000025,AVAILABLE,30.091996268440646,78.10888329136193,4996.761665632542,199.97901681655446
36.70000000000025,AVAILABLE,30.092130692078783,78.10897802248626,4998.247848480961,199.81316551507294
36.80000000000025,AVAILABLE,30.092233700257864,78.10911533313003,4999.61966122702,199.9315800594648
36.900000000000254,AVAILABLE,30.0923537549174,78.10930904423579,4998.251644763425,200.09320941366718
37.000000000000256,AVAILABLE,30.092473629484296,78.10946958847633,4996.024109845722,200.0656873020902
37.10000000000026,AVAILABLE,30.092587754589626,78.10963375292752,5000.990015503344,199.9826556844254
37.20000000000026,AVAILABLE,30.09271340709635,78.10977761670351,5004.038329251024,200.09342888546843
37.30000000000026,AVAILABLE,30.09283263527105,78.10992146442149,4996.702083033258,199.93361384306183
37.40000000000026,AVAILABLE,30.092934030838737,78.11011562626949,4997.310386454064,200.11770740713436
37.50000000000026,AVAILABLE,30.093052962935595,78.1102248810158,4998.574048660822,199.74148147155182
37.600000000000264,AVAILABLE,30.0931538581682,78.11041562776022,4998.16876959629,199.96747464577427
37.700000000000266,AVAILABLE,30.093274748719903,78.1105750556883,5004.50749073614,200.12149022476325
37.80000000000027,AVAILABLE,30.093375779826758,78.11077377670411,4995.135897554358,199.91853878302828
37.90000000000027,AVAILABLE,30.093538161297893,78.11086158942089,5001.724356988799,199.87465058834402
38.00000000000027,AVAILABLE,30.093622636961545,78.11106470756118,5005.091612635114,199.91893965585163
38.10000000000027,AVAILABLE,30.09373844871644,78.11124182544157,4999.244667525611,199.91779326732345
38.20000000000027,AVAILABLE,30.09385308942365,78.11139110308011,5002.652166301727,199.90569476543965
38.300000000000274,AVAILABLE,30.09396054800517,78.11155622373376,4999.498497687988,199.98147197690184
38.400000000000276,AVAILABLE,30.094082775669737,78.111695425219,4997.600928795102,200.04407301786094
38.50000000000028,AVAILABLE,30.094177870107853,78.1118944313413,5000.65191473959,199.87234589084315
38.60000000000028,AVAILABLE,30.094317093419317,78.11203406290956,5002.286484151352,200.1158849571845
38.70000000000028,AVAILABLE,30.09441988870005,78.11217625027514,4998.182055368337,199.9018911571199
38.80000000000028,AVAILABLE,30.094527524308962,78.11235721337266,5000.045797438456,199.9508642992767
38.90000000000028,AVAILABLE,30.094642134355713,78.11251888826037,4998.495202961834,199.89598432572268
39.000000000000284,AVAILABLE,30.09476713578221,78.11266653097671,4996.78987612071,200.08271763562615
39.100000000000286,AVAILABLE,30.094899523039285,78.11283323192299,5000.393121106727,200.05273080997466
39.20000000000029,AVAILABLE,30.09499823021735,78.11301125069788,5004.968025454098,200.0080493042526
39.30000000000029,AVAILABLE,30.095121157657477,78.11317124043457,4998.985871579604,199.8871695482808
39.40000000000029,AVAILABLE,30.09524398736995,78.11328088702419,5005.366510070066,200.0870433428382
39.50000000000029,AVAILABLE,30.095345543851064,78.11347488526928,5005.254073844339,199.90537740432262
39.60000000000029,AVAILABLE,30.095435789049223,78.1136217648822,4999.2146075477895,199.89935307596045
39.700000000000294,AVAILABLE,30.095573859043178,78.11379737020569,4997.558428556036,200.16030526524435
39.800000000000296,AVAILABLE,30.09566054562746,78.11392839728826,5001.128360095126,199.97925171157553
39.9000000000003,AVAILABLE,30.095807521912928,78.11410241836401,4996.899980665948,199.93544565262434
40.0000000000003,AVAILABLE,30.09590219611427,78.11428653643192,4998.560124938079,200.07614303774912
40.1000000000003,AVAILABLE,30.09603950383633,78.1144576064441,5002.702157086475,200.07843528239573
40.2000000000003,AVAILABLE,30.096157230097955,78.11458563175236,4999.214347574779,199.81698728641405
40.3000000000003,AVAILABLE,30.096263100608688,78.11474273391558,5001.204636393051,200.05274840785805
40.400000000000304,AVAILABLE,30.09634802694172,78.11489603630855,4998.951960992747,199.9482399344368
40.500000000000306,AVAILABLE,30.096489779488838,78.11505346085002,5000.141534996465,199.8311514458186
40.60000000000031,AVAILABLE,30.096562519180782,78.11525270136963,4996.084059532652,199.94400822923996
40.70000000000031,AVAILABLE,30.09669023312481,78.11536892823824,4998.803430320912,199.95898716267175
40.80000000000031,AVAILABLE,30.09684781037359,78.11556788500498,4999.216644388007,200.07576835306605
40.90000000000031,AVAILABLE,30.09696467626596,78.1157274576526,4998.781051586523,200.10186033766186
41.00000000000031,AVAILABLE,30.097090848468035,78.11589299985381,5005.312029771202,200.0926598916664
41.100000000000314,AVAILABLE,30.097188784206104,78.11601701139043,4996.659351962085,199.9950516515335
41.200000000000315,AVAILABLE,30.09725799798259,78.11618770421144,5002.602012182604,199.93348445819802
41.30000000000032,AVAILABLE,30.097412029470703,78.11633232507769,4998.519076948442,200.10234404294172
41.40000000000032,AVAILABLE,30.09752065423102,78.11652678126973,5005.1141714947835,200.1296803502488
41.50000000000032,AVAILABLE,30.097615612050106,78.11670848926913,4998.15426763206,199.998241016728
41.60000000000032,AVAILABLE,30.097746096784757,78.11686377337428,4996.612200084702,200.04518608840422
41.70000000000032,AVAILABLE,30.097869695435705,78.11701871170348,4999.36884260802,200.1003412233371
41.800000000000324,AVAILABLE,30.097961954311096,78.11718604928842,5001.056720504031,199.85999171007873
41.900000000000325,AVAILABLE,30.098096523856984,78.1173263227346,4998.933030966642,199.92637463939684
42.00000000000033,AVAILABLE,30.09819933650536,78.11745302150159,5005.072158392252,199.8871721194932
42.10000000000033,AVAILABLE,30.098306227698885,78.11766711554034,5001.755092536817,200.07202453713222
42.20000000000033,AVAILABLE,30.0984598143711,78.1177972293934,4996.860515227883,200.08442679692408
42.30000000000033,AVAILABLE,30.098561327146225,78.11795729463242,4996.203260229993,200.12391505515788
42.40000000000033,AVAILABLE,30.09867182281425,78.11809593281518,5002.339861449579,199.85590225949176
42.500000000000334,AVAILABLE,30.098767261737418,78.1182615000189,4998.086508283133,199.9166688995024
42.600000000000335,AVAILABLE,30.09887936946953,78.118460239943,5000.883772901171,200.06287316020448
42.70000000000034,AVAILABLE,30.099024468967396,78.11859783297669,5000.239684049762,200.05381529978376
42.80000000000034,AVAILABLE,30.099149962496817,78.11878461664972,5004.144653466261,200.10189647244587
42.90000000000034,AVAILABLE,30.099252748849914,78.11888925865395,5002.64257758267,200.02129248467187
43.00000000000034,AVAILABLE,30.09934918252845,78.11907574480854,4998.724177765158,200.04161807388272
43.10000000000034,AVAILABLE,30.09947775419215,78.11921596489375,5000.654311461978,199.94393132213526
43.200000000000344,AVAILABLE,30.099560034939902,78.1194155969404,4999.013846504315,199.93409633193258
43.300000000000345,AVAILABLE,30.099677752327207,78.11957366053045,4999.9698851772455,199.89083596230412
43.40000000000035,AVAILABLE,30.099790915564494,78.11972440471088,5001.21544343039,199.89502854939047
43.50000000000035,AVAILABLE,30.09992924807023,78.11987145929031,5008.183233796098,199.90589971378634
43.60000000000035,AVAILABLE,30.100103689220653,78.12016104961096,4997.292857098512,200.08276312306043
43.70000000000035,AVAILABLE,30.100268134047134,78.1203059924684,5000.518313123644,199.94822403337164
43.80000000000035,AVAILABLE,30.10035365329812,78.12050079590432,5002.68273859312,199.9095775066496
43.900000000000354,AVAILABLE,30.100499312112298,78.12065221767607,5001.459104956202,199.93407825836806
44.000000000000355,AVAILABLE,30.10059060261011,78.12076858866614,5001.4028173090155,199.96835289016764
44.10000000000036,AVAILABLE,30.100667152124267,78.1209613647505,5000.574359113049,200.1078483069134
44.20000000000036,AVAILABLE,30.100822742986907,78.12110306746492,5003.34597843346,200.03877970714288
44.30000000000036,AVAILABLE,30.100948247409743,78.12132292957106,4999.492999427537,200.01691857497784
44.40000000000036,AVAILABLE,30.101092110350365,78.12139648347052,4996.877008095545,199.85679341994174
44.50000000000036,AVAILABLE,30.10118842741207,78.12158321744751,5002.224462939665,199.86464399199534
44.600000000000364,AVAILABLE,30.10131479392642,78.1217521130878,4999.708066026027,200.00325664659562
44.700000000000365,AVAILABLE,30.10142674307661,78.12189189902554,5001.92590899513,199.8913913942035
44.80000000000037,AVAILABLE,30.10152935041597,78.12201612062962,5001.893830856169,200.05302164622768
44.90000000000037,AVAILABLE,30.101648594750493,78.12220448922595,4995.330450925607,200.08579252643872
45.00000000000037,AVAILABLE,30.101759857161152,78.12235803168673,5003.346109156936,199.92434993917252
45.10000000000037,AVAILABLE,30.101907644010527,78.12251495480454,5000.0845704665535,200.0556045568363
45.20000000000037,AVAILABLE,30.10198161170616,78.12268174275201,5000.184528376116,200.1036276962605
45.300000000000374,AVAILABLE,30.102118002456834,78.1228188871342,5001.10891445797,199.9940632207476
45.400000000000375,AVAILABLE,30.10221868730375,78.12297943179398,5003.802890059563,199.99068962741333
45.50000000000038,AVAILABLE,30.102342021449054,78.12315535557269,4994.439668989176,199.78797327493746
45.60000000000038,AVAILABLE,30.102475466815022,78.12330127327435,5000.661197634879,199.91072171088084
45.70000000000038,AVAILABLE,30.102590718336263,78.12342549703101,5000.658686932043,199.83846811454202
45.80000000000038,AVAILABLE,30.102708621596513,78.12361700600046,4994.7301229017285,199.9477497074489
45.90000000000038,AVAILABLE,30.10284334342846,78.12380077085491,4995.488119135245,200.03399184584316
46.000000000000384,AVAILABLE,30.102924858379012,78.12389769578881,5004.788221493193,200.06681822358496
46.100000000000385,AVAILABLE,30.10305049550508,78.12408721179702,5001.925839008792,200.01812926563917
46.20000000000039,AVAILABLE,30.103223198882567,78.12425227412922,4991.021055138714,199.9709800237433
46.30000000000039,AVAILABLE,30.10328747002125,78.1243924851463,5000.040397688897,199.93488570740317
46.40000000000039,AVAILABLE,30.103399091198803,78.12458207026202,5001.792025981846,199.93292606497374
46.50000000000039,AVAILABLE,30.10354867317833,78.1247248094096,5003.801922383439,199.8944686673425
46.60000000000039,AVAILABLE,30.10366835315115,78.12485519765144,5003.465133714078,199.9807550845304
46.700000000000394,AVAILABLE,30.103731405325767,78.12502558644599,4994.64751243395,199.9782850574056
46.800000000000395,AVAILABLE,30.103889053944048,78.12517355100026,4995.539240344105,199.88842710927813
46.9000000000004,AVAILABLE,30.103992803946056,78.12533376567514,5003.8654993397395,200.07090854303743
47.0000000000004,AVAILABLE,30.104117372919042,78.1255224069843,4995.895812538696,200.0685021317064
47.1000000000004,AVAILABLE,30.10424058642593,78.12565789362272,5001.915386583637,199.93204249833846
47.2000000000004,AVAILABLE,30.104376006578352,78.12580982673018,5007.235396706261,199.96957389147897
47.3000000000004,AVAILABLE,30.104502292944535,78.12598049322212,4996.4776207506475,200.13606222392346
47.400000000000404,AVAILABLE,30.10457831677472,78.12607773680492,5002.5599470580355,200.1068953385288
47.500000000000405,AVAILABLE,30.10471618055575,78.12627570454352,5004.751045398473,200.07118680737855
47.600000000000406,AVAILABLE,30.104821339730236,78.1264533532641,4996.270125110839,199.9441032062302
47.70000000000041,AVAILABLE,30.104932115452243,78.12654950819227,4996.468122357634,200.122232790308
47.80000000000041,AVAILABLE,30.105049153514365,78.12674081099065,4996.517078950037,200.0865607216624
47.90000000000041,AVAILABLE,30.105186775492445,78.12691946242344,4999.682939658405,199.88289730327782
48.00000000000041,AVAILABLE,30.10528713246905,78.12708369618223,4999.8277799134485,200.07744016887233
48.10000000000041,AVAILABLE,30.10536568701586,78.12724640021325,4998.518098431966,200.21728572463957
48.200000000000415,AVAILABLE,30.105531206770184,78.12738097094963,5001.981132886993,199.912420483969
48.300000000000416,AVAILABLE,30.105673938917885,78.12752402262541,5003.867309264679,200.0793206256735
48.40000000000042,AVAILABLE,30.105785039647863,78.12767942122262,4999.368286494234,200.02999116083598
48.50000000000042,AVAILABLE,30.10585747906784,78.12784004169758,5002.814220511675,199.87318192275836
48.60000000000042,AVAILABLE,30.106034864409903,78.12799549114295,5000.9697720291215,199.88523361502916
48.70000000000042,AVAILABLE,30.106138463702674,78.12817518969432,5003.409121872846,200.13540701033108
48.80000000000042,AVAILABLE,30.106270157409,78.12832695894666,4996.321507644911,200.13237650837812
48.900000000000425,AVAILABLE,30.106342080826654,78.12847054975067,5002.211325827123,200.0443557691835
49.000000000000426,AVAILABLE,30.106512007265053,78.12863661771875,4994.929793080702,199.9724741595359
49.10000000000043,AVAILABLE,30.106604387612432,78.1287864619095,5004.23736065507,199.97523873885203
49.20000000000043,AVAILABLE,30.10669333796865,78.12896047943023,4996.556944349303,200.1699892339661
49.30000000000043,AVAILABLE,30.1068418614273,78.12907868393498,5003.238175480487,200.23692465481582
49.40000000000043,AVAILABLE,30.106918877480712,78.12928362496913,5001.452082741019,200.01756802969484
49.50000000000043,AVAILABLE,30.107078924872933,78.12943212836213,4997.920985493958,200.1410989838118
49.600000000000435,AVAILABLE,30.107166384276155,78.12961963176487,5004.583061648644,199.88138649533903
49.700000000000436,AVAILABLE,30.107308406492855,78.12976548763721,4998.527016699485,199.98375914552628
49.80000000000044,AVAILABLE,30.107419147507425,78.12991729015033,4998.176951740627,199.9990174405485
49.90000000000044,AVAILABLE,30.10755395535012,78.13004577686529,4997.400705422962,199.8658451397718
50.00000000000044,AVAILABLE,30.107634845207656,78.1301826308031,4994.838351338039,199.92731232120778
50.10000000000044,AVAILABLE,30.10778538890405,78.1303653018391,4997.520100756504,199.8981981044617
50.20000000000044,AVAILABLE,30.107880020185313,78.13049239976306,4996.292367266751,200.07143615737724
50.300000000000445,AVAILABLE,30.107990504323393,78.13067862950221,4998.14583844955,200.24279444867778
50.400000000000446,AVAILABLE,30.108101327951296,78.1308393307234,4998.998748218007,199.922886963552
50.50000000000045,AVAILABLE,30.108257147035534,78.13099559411691,4996.793284507771,200.04262773588425
50.60000000000045,AVAILABLE,30.108376347438902,78.13117660544647,4998.170086360138,200.14704444381456
50.70000000000045,AVAILABLE,30.108483690997577,78.13126541888171,5001.569287402173,199.99184097932365
50.80000000000045,AVAILABLE,30.10858924587362,78.13148288709567,4998.585115147211,200.10168856077001
50.90000000000045,AVAILABLE,30.108721483699924,78.13163613638311,5002.038433283452,200.04731679155145
51.000000000000455,AVAILABLE,30.10882229855561,78.13179670295654,5000.065285175083,200.2002260773646
51.100000000000456,AVAILABLE,30.10896731113316,78.13195025063519,4997.70532113344,199.95938584144025
51.20000000000046,AVAILABLE,30.109078319477575,78.13206739122512,4996.489167890258,199.98914172421
51.30000000000046,AVAILABLE,30.109193053159412,78.13225294670762,5003.351312402012,199.95996626378522
51.40000000000046,AVAILABLE,30.10932455517912,78.13240279611954,4999.417964256388,200.0257068052188
51.50000000000046,AVAILABLE,30.10939304316175,78.13256422855837,4998.085227576377,199.90701614607738
51.60000000000046,AVAILABLE,30.109514160149395,78.1327107030232,4994.36769178438,200.08701231593616
51.700000000000465,AVAILABLE,30.10966163245196,78.13284201815941,4997.979425375808,200.07549537519938
51.800000000000466,AVAILABLE,30.109773113546094,78.13302816348956,4998.892450357488,199.98717238953896
51.90000000000047,AVAILABLE,30.109871132228356,78.13319011180083,4998.325721911365,200.295377926414
52.00000000000047,AVAILABLE,30.110015712747206,78.13333864553564,5002.965431021011,199.98439678304948
52.10000000000047,AVAILABLE,30.11014196019906,78.13348700669547,5004.665684211339,199.93723253245807
52.20000000000047,AVAILABLE,30.11026202092984,78.13368573162738,4999.086485227546,199.9999850950135
52.30000000000047,AVAILABLE,30.11038368325201,78.13383344589829,4996.729706045034,200.01814832299215
52.400000000000475,AVAILABLE,30.110474029442237,78.13396084084535,4998.0548264702475,200.12159778500722
52.500000000000476,AVAILABLE,30.11063756676355,78.13418748756963,4999.830348744859,199.9158593118164
52.60000000000048,AVAILABLE,30.110709332329716,78.13432381550415,4995.384865402534,199.9683031441517
52.70000000000048,AVAILABLE,30.110834448011108,78.13448383034661,4996.9599677031265,200.11016633372597
52.80000000000048,AVAILABLE,30.110986081604437,78.13460107665867,5001.396485884294,199.84612856685925
52.90000000000048,AVAILABLE,30.111078768244422,78.13475713010101,4992.261252065445,200.04153769684854
53.00000000000048,AVAILABLE,30.111204601213863,78.13488348245215,4995.763172512072,199.92507108546303
53.100000000000485,AVAILABLE,30.111306579838267,78.1350693455875,4997.125627306561,199.89921428692531
53.200000000000486,AVAILABLE,30.111439460956525,78.13522289488883,4999.679598189868,199.97703201310537
53.30000000000049,AVAILABLE,30.11156003488152,78.13538661835821,5002.584618407443,200.01029985280644
53.40000000000049,AVAILABLE,30.111685659767787,78.13557278073215,4995.618573630915,200.0921995121416
53.50000000000049,AVAILABLE,30.111819584033213,78.13568373950221,4999.904387877498,199.96427959058735
53.60000000000049,AVAILABLE,30.111913339658972,78.13587179606455,4997.992113193279,200.1312556522369
53.70000000000049,AVAILABLE,30.11200789411791,78.13601518225137,5003.070776850699,200.19534378919695
53.800000000000495,AVAILABLE,30.11213194066982,78.13619136164611,5000.6601251141465,199.84175563401533
53.900000000000496,AVAILABLE,30.11224185554721,78.1363071514653,4998.490048834387,199.95832118358462
54.0000000000005,AVAILABLE,30.112377384144526,78.13651576997572,5001.267428541418,200.26530626560609
54.1000000000005,AVAILABLE,30.112490373679567,78.13666268567518,5001.243235084083,200.15065666925787
54.2000000000005,AVAILABLE,30.11260580802602,78.13682090944081,5004.887218271448,199.92791871537165
54.3000000000005,AVAILABLE,30.11272913173806,78.13697088909989,4998.695661648357,199.91247559336446
54.4000000000005,AVAILABLE,30.112881268778256,78.13711270669461,5005.202279274714,199.9491574683766
54.500000000000504,AVAILABLE,30.112962485283248,78.13729109406611,4999.381942560462,199.91011318565637
54.600000000000506,AVAILABLE,30.113071136018,78.13743726333794,4998.001657945447,200.00880677535653
54.70000000000051,AVAILABLE,30.11316137922812,78.13757707073171,4999.4590647296245,199.94873582945385
54.80000000000051,AVAILABLE,30.113301946970786,78.13772737555247,5000.211562672239,200.14870595256068
54.90000000000051,AVAILABLE,30.11341253718247,78.13789705081894,5002.9311488080575,200.03344578549172
55.00000000000051,AVAILABLE,30.113553840621996,78.13805049110665,5000.039785655851,199.98989358832196
55.10000000000051,AVAILABLE,30.113634105905607,78.13820204967095,4994.151233241217,200.12910565269664
55.200000000000514,AVAILABLE,30.113806031344236,78.13835760920655,5002.414633293667,200.24486474921017
55.300000000000516,AVAILABLE,30.113897920030166,78.1385580303797,5001.087515350224,199.9763300780129
55.40000000000052,AVAILABLE,30.114007108041616,78.13867656387633,4998.815262451136,199.7684224368893
55.50000000000052,AVAILABLE,30.114154370003664,78.13883849340303,5001.377732650911,199.95807727736815
55.60000000000052,AVAILABLE,30.11431656958754,78.13896782035519,4997.200821635938,200.07052054431517
55.70000000000052,AVAILABLE,30.114422936862844,78.13913869550012,5005.48764468501,199.90829705906245
55.80000000000052,AVAILABLE,30.11452166299487,78.13931794011273,5006.689995621562,200.17819852673819
55.900000000000524,AVAILABLE,30.11460465072233,78.13953441459691,4996.627523415525,199.96863793074172
56.000000000000526,AVAILABLE,30.11476663063776,78.13961524726518,4998.075945934215,200.01306303973053
56.10000000000053,AVAILABLE,30.1148601403287,78.13979561781261,4997.762907943435,200.0196893515776
56.20000000000053,AVAILABLE,30.114981324198265,78.13997588167868,5000.984481464635,199.8747020561751
56.30000000000053,AVAILABLE,30.115088243657667,78.1400888231081,5003.957092725532,199.83245775033714
56.40000000000053,AVAILABLE,30.11521565023765,78.14023665346687,5003.816171371117,200.07711621237365
56.50000000000053,AVAILABLE,30.115327395156488,78.1404263381586,4998.989359763659,200.0675777292475
56.600000000000534,AVAILABLE,30.11544042347007,78.1405881072295,5000.175728826944,199.75188085146948
56.700000000000536,AVAILABLE,30.115549946868104,78.14076150827556,5004.357620646907,200.0104549120522
56.80000000000054,AVAILABLE,30.11567477110491,78.1408800974711,5001.891682712601,200.05790377243486
56.90000000000054,AVAILABLE,30.115777304777783,78.14105787362223,5003.698689833004,199.90451351786137
57.00000000000054,AVAILABLE,30.11590939824843,78.14121083049642,5002.1682589023385,199.9579464899988
57.10000000000054,AVAILABLE,30.116021116275633,78.14134863887492,5001.1556978577,200.04291191151904
57.20000000000054,AVAILABLE,30.116148125101933,78.14148701068909,4996.730039564242,200.06368240335314
57.300000000000544,AVAILABLE,30.116244394777382,78.1416771191949,4998.917607134897,199.93977714938814
57.400000000000546,AVAILABLE,30.11638467176367,78.14186430818347,5000.8664497462005,199.97043342733744
57.50000000000055,AVAILABLE,30.116475579954564,78.14199720249206,5003.410110061108,200.06073760467132
57.60000000000055,AVAILABLE,30.116640857267484,78.14215353557799,4996.090175572751,199.99550502391503
57.70000000000055,AVAILABLE,30.116747197781148,78.14231568577354,4998.520770679015,199.9936634654309
57.80000000000055,AVAILABLE,30.116862199404398,78.14248418927086,5003.015716405369,200.0646318320573
57.90000000000055,AVAILABLE,30.116980602767473,78.14259356359547,4996.697120553072,199.99081453454133
58.000000000000554,AVAILABLE,30.117110055312665,78.14278014520258,5001.6832878059495,199.84984440879492
58.100000000000556,AVAILABLE,30.11718293925593,78.14295226904011,4999.896084714817,199.86863121210357
58.20000000000056,AVAILABLE,30.11734290634506,78.14309144388733,5008.854392823523,200.12500004473316
58.30000000000056,AVAILABLE,30.117451143256183,78.14324002179151,5000.696886524411,199.98973478291893
58.40000000000056,AVAILABLE,30.117536921770586,78.14341950156955,5000.824572552482,199.7245293214869
58.50000000000056,AVAILABLE,30.11766921047373,78.1435401001952,5002.942670548008,199.99559448098984
58.60000000000056,AVAILABLE,30.11782520823483,78.143681334122,4996.772641650529,200.10670945267245
58.700000000000564,AVAILABLE,30.11790456983514,78.14384947977662,4998.419985792017,199.92401757278213
58.800000000000566,AVAILABLE,30.118043887723275,78.14405177048712,4995.239242306606,199.97092235058065
58.90000000000057,AVAILABLE,30.118152310110318,78.14418733114161,5002.499766708984,200.01198471061477
59.00000000000057,AVAILABLE,30.118259493300567,78.14431960804512,4994.525872185919,199.96288880775614
59.10000000000057,AVAILABLE,30.11838802485668,78.14451892609841,4998.866692665378,200.2323704274256
59.20000000000057,AVAILABLE,30.1185042475174,78.14464682153256,5001.141785785645,199.902944104536
59.30000000000057,AVAILABLE,30.11862723026909,78.14477106822184,5002.028282227733,200.00666786559262
59.400000000000574,AVAILABLE,30.118745115368768,78.14497423603743,4996.178731792719,199.9101378606181
59.500000000000576,AVAILABLE,30.118887329986304,78.14513837408741,4998.208210159335,200.0421080554568
59.60000000000058,AVAILABLE,30.118984367123275,78.14532577758713,5003.331052657601,200.04111686939777
59.70000000000058,AVAILABLE,30.119086826600242,78.14547931133679,4999.695354043666,199.91294880776982
59.80000000000058,AVAILABLE,30.11919082801888,78.14558143214548,4998.907744267499,200.07654014831164
59.90000000000058,AVAILABLE,30.119347012023354,78.14578033503892,5000.458930084956,200.0831492530042
60.00000000000058,AVAILABLE,30.119489051001178,78.14593241623066,5004.808647723609,199.84893614489084
60.100000000000584,AVAILABLE,30.119552986222185,78.14605499046144,4991.968897270765,200.00736782726815
60.200000000000585,AVAILABLE,30.11970918432576,78.14621655579987,5000.586326692652,199.91459458032304
60.30000000000059,AVAILABLE,30.119793186327872,78.14639068425546,4996.412672684361,200.11740330310943
60.40000000000059,AVAILABLE,30.119885401313507,78.14654853503676,4998.525554681891,200.14891447450458
60.50000000000059,AVAILABLE,30.120051414815254,78.14665563659172,4992.732810179054,199.8998643589413
60.60000000000059,AVAILABLE,30.120146557203437,78.14685208495203,5000.090736225093,200.0673596018114
60.70000000000059,AVAILABLE,30.120248891411723,78.14697569689054,5000.757384389015,199.96390189887816
60.800000000000594,AVAILABLE,30.120389428481836,78.147156849712,4999.480373707386,200.14865069036196
60.900000000000595,AVAILABLE,30.120479974090028,78.1473018114293,5001.924804807556,200.15674077665994
61.0000000000006,AVAILABLE,30.120623295622103,78.14745812510613,4993.996640164377,200.02605424467438
61.1000000000006,AVAILABLE,30.120722396221208,78.14768662809881,5007.024810607716,200.02263012932139
61.2000000000006,AVAILABLE,30.120871416166512,78.14779607698213,5003.425386983733,199.99969295222718
61.3000000000006,AVAILABLE,30.120981684202015,78.14798387025266,5001.878547559284,200.21309812839172
61.4000000000006,AVAILABLE,30.121068989754807,78.14810116092978,4997.288281954677,200.0841779169326
61.500000000000604,AVAILABLE,30.121207380738504,78.1482822999437,4996.49303613763,199.99056589062988
61.600000000000605,AVAILABLE,30.121375368131847,78.14846090785271,4994.364404198238,200.0364586464247
61.70000000000061,AVAILABLE,30.121466797157613,78.1485737173311,4996.692859086,200.06619878044822
61.80000000000061,AVAILABLE,30.121571612899146,78.14875253189898,4999.525845694528,200.2331165182487
61.90000000000061,AVAILABLE,30.121671233717056,78.14888784202564,5001.5446563701125,200.07317417636582
62.00000000000061,AVAILABLE,30.121780732068792,78.14908218098807,4995.6256446655425,200.0006399600046
62.10000000000061,AVAILABLE,30.121917836405455,78.14919762632431,5003.399751288862,199.7652947215727
62.200000000000614,AVAILABLE,30.122028073088313,78.14935066362062,5002.62469222044,200.15504213160136
62.300000000000615,AVAILABLE,30.122172984534707,78.14955548784621,4993.326337346863,200.0163600117024
62.40000000000062,AVAILABLE,30.122252054008683,78.1496758089062,5000.734014945917,200.00946246013228
62.50000000000062,AVAILABLE,30.122419468414986,78.14979959034196,4997.492790650697,199.85193700146317
62.60000000000062,AVAILABLE,30.12248315766469,78.15001867254858,5000.547256514142,200.15566137844436
62.70000000000062,AVAILABLE,30.12265174327262,78.15015628923742,4997.091150856722,200.0991791793101
62.80000000000062,AVAILABLE,30.122735872952273,78.15028705285555,4996.548769671017,200.01218571124673
62.900000000000624,AVAILABLE,30.122888883909063,78.15047015247498,5003.673285596872,200.00913420675158
63.000000000000625,AVAILABLE,30.122976333925223,78.15068267588657,5005.4631335897475,200.01969069797715
63.10000000000063,AVAILABLE,30.12308689249728,78.15074982544057,5001.204072892923,199.97444882722908
63.20000000000063,AVAILABLE,30.123228082242022,78.15094705164302,5001.308828544327,200.11422276144177
63.30000000000063,AVAILABLE,30.123343185265465,78.15108240932715,4997.688354320045,200.05831268650354
63.40000000000063,AVAILABLE,30.123436130970834,78.15126945245659,5002.142580232156,199.99561165108437
63.50000000000063,AVAILABLE,30.123559195973307,78.15137472962252,4996.628105113061,199.837407000843
63.600000000000634,AVAILABLE,30.123691561735033,78.15155953572491,4997.238015388909,200.08726054709084
63.700000000000635,AVAILABLE,30.1238112532602,78.15172680739232,5001.674350341447,200.10364524461403
63.80000000000064,AVAILABLE,30.12389798001538,78.15189759439667,4994.573189602086,199.92056164589627
63.90000000000064,AVAILABLE,30.124062807938497,78.15205437030717,5001.994222687977,200.01820849056108
64.00000000000064,AVAILABLE,30.12418785596546,78.15216510487154,4999.084534060055,200.00473490516018
64.10000000000063,AVAILABLE,30.124316882921498,78.1523755307121,5003.115282988046,199.9238654484883
64.20000000000063,AVAILABLE,30.124438580688928,78.15252110590895,4996.982226712637,200.2345359297087
64.30000000000062,AVAILABLE,30.12449037266062,78.15265035973111,4999.297996772753,199.90195802622176
64.40000000000062,AVAILABLE,30.12464332666493,78.15283125180652,5000.340524950407,200.18938068316905
64.50000000000061,AVAILABLE,30.124722344086397,78.15301098443194,4997.526044511274,200.14621639029858
64.6000000000006,AVAILABLE,30.12490377532554,78.15318750916256,4999.4284571503385,199.8836740530803
64.7000000000006,AVAILABLE,30.124993282714723,78.15329569318585,4994.711451843816,200.07355449884642
64.8000000000006,AVAILABLE,30.125088659191128,78.15348385527541,5002.895490789019,199.97186626079568
64.90000000000059,AVAILABLE,30.125223730887907,78.15360596424074,4998.627820094876,200.30983106569914
65.00000000000058,AVAILABLE,30.125324105962193,78.15376925337875,5002.974414711491,199.96156609354955
65.10000000000058,AVAILABLE,30.125447477890653,78.15389759740704,5003.576105998252,200.07120029949357
65.20000000000057,AVAILABLE,30.125585057722,78.15405096661122,5001.510748516036,200.02853044072125
65.30000000000057,AVAILABLE,30.12568838523166,78.15421081184081,4999.82995217522,199.91291579286195
65.40000000000056,AVAILABLE,30.125813740867574,78.15439782775356,4998.985525208566,200.08820234632358
65.50000000000055,AVAILABLE,30.12592896006229,78.15456460523158,5001.2552069953135,200.10081731465237
65.60000000000055,AVAILABLE,30.126030669838354,78.15470354569138,5002.765983522915,200.01535328356752
65.70000000000054,AVAILABLE,30.12618606024061,78.15488330233599,4998.665959767889,200.0880510940277
65.80000000000054,AVAILABLE,30.126279050959546,78.15504479687954,5005.561293289443,200.10915945069115
65.90000000000053,AVAILABLE,30.12644265373761,78.15514980103973,4998.354875478823,199.97336554123746
66.00000000000053,AVAILABLE,30.12651217120218,78.15534687207439,4998.89567437136,200.1106107424765
66.10000000000052,AVAILABLE,30.12665489801009,78.15550482949645,4996.963360137222,200.05473737791257
66.20000000000051,AVAILABLE,30.126767162512383,78.15566069733633,5000.090021275427,200.14003348730344
66.30000000000051,AVAILABLE,30.12686303803224,78.15580283522,5002.001167583484,200.05307912980751
66.4000000000005,AVAILABLE,30.127006050430765,78.15596165915228,4996.055881769297,199.87624178624654
66.5000000000005,AVAILABLE,30.127100800900042,78.15614112588669,5002.376792549474,199.81840887752261
66.60000000000049,AVAILABLE,30.127236008219683,78.15627996063024,4996.8736823887675,200.21907750313906
66.70000000000049,AVAILABLE,30.127349000001985,78.15645606733504,5007.702576307813,199.94188805961195
66.80000000000048,AVAILABLE,30.127454970213492,78.1566269181997,4996.076987075959,200.00739656962912
66.90000000000047,AVAILABLE,30.12758077051705,78.1567732490461,5001.216172678433,199.90868201323235
67.00000000000047,AVAILABLE,30.127715248785446,78.1569277604712,4996.846987711363,199.93121968058074
67.10000000000046,AVAILABLE,30.12780617521231,78.15704343911376,5003.194000408355,199.9676157208756
67.20000000000046,AVAILABLE,30.127928471037297,78.15720286632188,4998.816383431824,200.14849516297738
67.30000000000045,AVAILABLE,30.128064746932182,78.15734793544812,4997.030878142143,200.06356010152933
67.40000000000045,AVAILABLE,30.128160193879218,78.15752715071865,4997.418523540045,199.86689308710015
67.50000000000044,AVAILABLE,30.12828869528901,78.1576878541619,5003.421133610799,199.99332920598653
67.60000000000043,AVAILABLE,30.128387482677542,78.15786727632556,5004.038441948354,199.92642630857014
67.70000000000043,AVAILABLE,30.12849207397025,78.15800002610804,4995.9502705595305,200.1641617773092
67.80000000000042,AVAILABLE,30.12861556978456,78.15816028000104,5004.420564951353,200.0871212527821
67.90000000000042,AVAILABLE,30.128749113055537,78.15830793277198,4999.4555102923,199.9759844797451
68.00000000000041,AVAILABLE,30.128903065349803,78.15847809861228,4995.9500905007735,200.09857729866113
68.1000000000004,AVAILABLE,30.12901264222196,78.15863371299996,5002.316375103473,200.00512465643865
68.2000000000004,AVAILABLE,30.12909017676569,78.15879385313221,4996.565966130614,199.93658449246703
68.3000000000004,AVAILABLE,30.12921282847376,78.15895956484934,5000.559451102643,199.86803206421015
68.40000000000039,AVAILABLE,30.129331008958395,78.15910970870206,5001.393103771899,200.00722411574384
68.50000000000038,AVAILABLE,30.12942572568691,78.15929361143169,5005.316935068009,200.15837926864532
68.60000000000038,AVAILABLE,30.12959298692737,78.15943795249727,4998.037422983506,200.0188578668359
68.70000000000037,AVAILABLE,30.12968073609607,78.15958363777428,4995.71092124242,200.05852017686786
68.80000000000037,AVAILABLE,30.129812516807025,78.159754158031,5000.547721278341,199.95404406537804
68.90000000000036,AVAILABLE,30.129951875642742,78.15987096460722,4999.2054428044885,199.94624557410455
69.00000000000036,AVAILABLE,30.130067927868012,78.16005088702657,5000.810056238557,200.05254710258845
69.10000000000035,AVAILABLE,30.13013024770403,78.16019032986685,5000.3477898809515,200.1012475899571
69.20000000000034,AVAILABLE,30.130300522636997,78.16039391751842,4999.335128383968,200.01006804529857
69.30000000000034,AVAILABLE,30.13039909256744,78.16051475610183,4997.508689444645,199.9456719406568
69.40000000000033,AVAILABLE,30.130522486556423,78.16066738920206,5000.079724690503,199.81813658867551
69.50000000000033,AVAILABLE,30.130651433200853,78.16084172823243,5001.338686355167,199.95365030665002
69.60000000000032,AVAILABLE,30.13075245016561,78.16101556690808,4999.536488813934,200.19865493835422
69.70000000000032,AVAILABLE,30.13085415425011,78.16114714051476,4996.617879279311,199.92132554174893
69.80000000000031,AVAILABLE,30.1309830594416,78.16129941187,5002.348526332664,199.88561059519492
69.9000000000003,AVAILABLE,30.131126047759917,78.1614365859433,4998.7834229846785,200.13198093686503
70.0000000000003,DENIED,nan,nan,nan,nan
70.10000000000029,DENIED,nan,nan,nan,nan
70.20000000000029,DENIED,nan,nan,nan,nan
70.30000000000028,DENIED,nan,nan,nan,nan
70.40000000000028,DENIED,nan,nan,nan,nan
70.50000000000027,DENIED,nan,nan,nan,nan
70.60000000000026,DENIED,nan,nan,nan,nan
70.70000000000026,DENIED,nan,nan,nan,nan
70.80000000000025,DENIED,nan,nan,nan,nan
70.90000000000025,DENIED,nan,nan,nan,nan
71.00000000000024,DENIED,nan,nan,nan,nan
71.10000000000024,DENIED,nan,nan,nan,nan
71.20000000000023,DENIED,nan,nan,nan,nan
71.30000000000022,DENIED,nan,nan,nan,nan
71.40000000000022,DENIED,nan,nan,nan,nan
71.50000000000021,DENIED,nan,nan,nan,nan
71.60000000000021,DENIED,nan,nan,nan,nan
71.7000000000002,DENIED,nan,nan,nan,nan
71.8000000000002,DENIED,nan,nan,nan,nan
71.90000000000019,DENIED,nan,nan,nan,nan
72.00000000000018,DENIED,nan,nan,nan,nan
72.10000000000018,DENIED,nan,nan,nan,nan
72.20000000000017,DENIED,nan,nan,nan,nan
72.30000000000017,DENIED,nan,nan,nan,nan
72.40000000000016,DENIED,nan,nan,nan,nan
72.50000000000016,DENIED,nan,nan,nan,nan
72.60000000000015,DENIED,nan,nan,nan,nan
72.70000000000014,DENIED,nan,nan,nan,nan
72.80000000000014,DENIED,nan,nan,nan,nan
72.90000000000013,DENIED,nan,nan,nan,nan
73.00000000000013,DENIED,nan,nan,nan,nan
73.10000000000012,DENIED,nan,nan,nan,nan
73.20000000000012,DENIED,nan,nan,nan,nan
73.30000000000011,DENIED,nan,nan,nan,nan
73.4000000000001,DENIED,nan,nan,nan,nan
73.5000000000001,DENIED,nan,nan,nan,nan
73.6000000000001,DENIED,nan,nan,nan,nan
73.70000000000009,DENIED,nan,nan,nan,nan
73.80000000000008,DENIED,nan,nan,nan,nan
73.90000000000008,DENIED,nan,nan,nan,nan
74.00000000000007,DENIED,nan,nan,nan,nan
74.10000000000007,DENIED,nan,nan,nan,nan
74.20000000000006,DENIED,nan,nan,nan,nan
74.30000000000005,DENIED,nan,nan,nan,nan
74.40000000000005,DENIED,nan,nan,nan,nan
74.50000000000004,DENIED,nan,nan,nan,nan
74.60000000000004,DENIED,nan,nan,nan,nan
74.70000000000003,DENIED,nan,nan,nan,nan
74.80000000000003,DENIED,nan,nan,nan,nan
74.90000000000002,DENIED,nan,nan,nan,nan
75.00000000000001,DENIED,nan,nan,nan,nan
75.10000000000001,DENIED,nan,nan,nan,nan
75.2,DENIED,nan,nan,nan,nan
75.3,DENIED,nan,nan,nan,nan
75.39999999999999,DENIED,nan,nan,nan,nan
75.49999999999999,DENIED,nan,nan,nan,nan
75.59999999999998,DENIED,nan,nan,nan,nan
75.69999999999997,DENIED,nan,nan,nan,nan
75.79999999999997,DENIED,nan,nan,nan,nan
75.89999999999996,DENIED,nan,nan,nan,nan
75.99999999999996,DENIED,nan,nan,nan,nan
76.09999999999995,DENIED,nan,nan,nan,nan
76.19999999999995,DENIED,nan,nan,nan,nan
76.29999999999994,DENIED,nan,nan,nan,nan
76.39999999999993,DENIED,nan,nan,nan,nan
76.49999999999993,DENIED,nan,nan,nan,nan
76.59999999999992,DENIED,nan,nan,nan,nan
76.69999999999992,DENIED,nan,nan,nan,nan
76.79999999999991,DENIED,nan,nan,nan,nan
76.8999999999999,DENIED,nan,nan,nan,nan
76.9999999999999,DENIED,nan,nan,nan,nan
77.0999999999999,DENIED,nan,nan,nan,nan
77.19999999999989,DENIED,nan,nan,nan,nan
77.29999999999988,DENIED,nan,nan,nan,nan
77.39999999999988,DENIED,nan,nan,nan,nan
77.49999999999987,DENIED,nan,nan,nan,nan
77.59999999999987,DENIED,nan,nan,nan,nan
77.69999999999986,DENIED,nan,nan,nan,nan
77.79999999999986,DENIED,nan,nan,nan,nan
77.89999999999985,DENIED,nan,nan,nan,nan
77.99999999999984,DENIED,nan,nan,nan,nan
78.09999999999984,DENIED,nan,nan,nan,nan
78.19999999999983,DENIED,nan,nan,nan,nan
78.29999999999983,DENIED,nan,nan,nan,nan
78.39999999999982,DENIED,nan,nan,nan,nan
78.49999999999982,DENIED,nan,nan,nan,nan
78.59999999999981,DENIED,nan,nan,nan,nan
78.6999999999998,DENIED,nan,nan,nan,nan
78.7999999999998,DENIED,nan,nan,nan,nan
78.89999999999979,DENIED,nan,nan,nan,nan
78.99999999999979,DENIED,nan,nan,nan,nan
79.09999999999978,DENIED,nan,nan,nan,nan
79.19999999999978,DENIED,nan,nan,nan,nan
79.29999999999977,DENIED,nan,nan,nan,nan
79.39999999999976,DENIED,nan,nan,nan,nan
79.49999999999976,DENIED,nan,nan,nan,nan
79.59999999999975,DENIED,nan,nan,nan,nan
79.69999999999975,DENIED,nan,nan,nan,nan
79.79999999999974,DENIED,nan,nan,nan,nan
79.89999999999974,DENIED,nan,nan,nan,nan
79.99999999999973,DENIED,nan,nan,nan,nan
80.09999999999972,AVAILABLE,30.143141628690977,78.17750033743313,5001.890317784369,200.0575975014838
80.19999999999972,AVAILABLE,30.143262426615024,78.17768100088217,4996.88463691274,199.99292607652495
80.29999999999971,AVAILABLE,30.143380409050472,78.17782457178001,5001.674173731971,200.13065365794208
80.39999999999971,AVAILABLE,30.143477774564936,78.17793811501812,5003.817160754758,199.99991969585162
80.4999999999997,AVAILABLE,30.143594733368865,78.17812405869427,4998.703171373129,200.10062079757864
80.5999999999997,AVAILABLE,30.143738399568427,78.17828695197191,5001.622608765401,200.00326076252404
80.69999999999969,AVAILABLE,30.14385866438394,78.1783885357602,4996.495414636316,199.9960069468733
80.79999999999968,AVAILABLE,30.143950608336823,78.17857504832655,5001.859905677367,199.90216163173903
80.89999999999968,AVAILABLE,30.144079757006327,78.17875453913206,5000.1730908980435,199.91708152023693
80.99999999999967,AVAILABLE,30.144190196082118,78.17893460880813,5001.630570034214,200.09628387139793
81.09999999999967,AVAILABLE,30.144310042272153,78.17903091330182,4998.600595473854,199.98493220597734
81.19999999999966,AVAILABLE,30.14445267854603,78.17924704219706,5001.274535463321,199.91434723488996
81.29999999999966,AVAILABLE,30.14454941719922,78.17937516636114,4999.269475228773,199.87664778993715
81.39999999999965,AVAILABLE,30.144673258042634,78.17953714679861,5002.413145457334,199.85383736321072
81.49999999999964,AVAILABLE,30.14476248957396,78.17977068481937,4997.35984961358,200.02875827811633
81.59999999999964,AVAILABLE,30.1449084155497,78.17983168750935,5005.182821320489,199.99343798849978
81.69999999999963,AVAILABLE,30.145021049710635,78.18004703612493,4997.626937230152,199.95123590222065
81.79999999999963,AVAILABLE,30.145129969745746,78.18013790332273,5000.827518405452,200.04730539176055
81.89999999999962,AVAILABLE,30.14525728387208,78.18033721170758,5002.596962232122,200.03387028075107
81.99999999999962,AVAILABLE,30.14536746533072,78.18050610662146,4997.910008386534,200.1396357543052
82.09999999999961,AVAILABLE,30.145486149040167,78.18065380612461,5005.47965593107,199.77352023702565
82.1999999999996,AVAILABLE,30.14560397397846,78.18078668972899,5005.122159572617,199.95931775964885
82.2999999999996,AVAILABLE,30.145774270591307,78.1809205043539,5001.048516643848,199.96136981304102
82.3999999999996,AVAILABLE,30.14585212704009,78.1810976732988,4998.6469043207035,199.81771719625837
82.49999999999959,AVAILABLE,30.145962807815565,78.1812354605386,4996.070993147129,200.00868700772972
82.59999999999958,AVAILABLE,30.146076495837665,78.18144508805067,4995.940611197594,200.0421012028583
82.69999999999958,AVAILABLE,30.146202281625666,78.18157463444284,4997.589093638568,199.9920907589537
82.79999999999957,AVAILABLE,30.146330180708212,78.18173031933078,5002.541885047788,199.97261918316548
82.89999999999957,AVAILABLE,30.146463097997984,78.18189580985297,4999.473372863198,199.83891720467477
82.99999999999956,AVAILABLE,30.14652428033436,78.18206034355327,4999.317650492971,200.02812766082758
83.09999999999955,AVAILABLE,30.146655431171702,78.18220646530213,4998.128915598449,200.02951986124108
83.19999999999955,AVAILABLE,30.14678162256663,78.1824055011323,4997.935768528755,200.1118809760141
83.29999999999954,AVAILABLE,30.146884407256945,78.18251426231609,4997.475368389073,200.1259637231863
83.39999999999954,AVAILABLE,30.147029013736205,78.18268395049283,5000.703364885845,199.8915631648335
83.49999999999953,AVAILABLE,30.147164177719993,78.18286714068,4999.897100674224,200.00132606761068
83.59999999999953,AVAILABLE,30.147268444982274,78.18299180100307,4999.399470481735,199.95071955300574
83.69999999999952,AVAILABLE,30.14736837772572,78.18314272268927,5002.189558904354,199.96717032173012
83.79999999999951,AVAILABLE,30.147484705402643,78.18329676212544,4995.501509874332,200.15601817370927
83.89999999999951,AVAILABLE,30.147619348276457,78.18348496040404,4998.4103074981,200.1457200576701
83.9999999999995,AVAILABLE,30.147730628514847,78.18365431085824,4999.9598795734755,199.99553352661792
84.0999999999995,AVAILABLE,30.147836343273735,78.1837829128194,5000.6749522914815,200.14926964719345
84.19999999999949,AVAILABLE,30.14799130011449,78.18394034497226,5003.6571152870665,199.72823486418184
84.29999999999949,AVAILABLE,30.148072996386237,78.18410083800376,5002.661364916188,200.04231009153278
84.39999999999948,AVAILABLE,30.14819824698942,78.18424323545882,4997.600702905416,200.19019604228188
84.49999999999947,AVAILABLE,30.14833722431203,78.18443716959615,5000.031817472074,199.94655306592583
84.59999999999947,AVAILABLE,30.14844483582351,78.18456666149312,4999.615767118747,199.99751437136305
84.69999999999946,AVAILABLE,30.148541306042414,78.18470624300117,4999.272786318451,199.8614578317472
84.79999999999946,AVAILABLE,30.14868123360916,78.1848989461464,4997.691383046273,199.81725700635107
84.89999999999945,AVAILABLE,30.148795363803053,78.18504365352507,5000.061521111789,199.86655719092857
84.99999999999945,AVAILABLE,30.14887164526805,78.18523143676211,4999.350776118419,200.05043991507995
85.09999999999944,AVAILABLE,30.149022635683192,78.18536164468311,4996.165202069904,199.95542905732663
85.19999999999943,AVAILABLE,30.14911736281254,78.18548764198374,4997.87294017891,199.81934505083862
85.29999999999943,AVAILABLE,30.14925123414906,78.18565263698704,4996.441355301958,199.98671608968098
85.39999999999942,AVAILABLE,30.149377122811515,78.18580719511219,5006.035914468069,200.0718207413683
85.49999999999942,AVAILABLE,30.149515284706382,78.18597494023228,5002.680798269182,200.07655751393662
85.59999999999941,AVAILABLE,30.149594640073055,78.18612476731874,5008.745666947582,199.95887823186465
85.6999999999994,AVAILABLE,30.149739491690323,78.1862916617401,5002.494191544203,199.9005414687844
85.7999999999994,AVAILABLE,30.149830488971862,78.1864768680821,5000.595597289814,199.75223791235607
85.8999999999994,AVAILABLE,30.14996677640492,78.1866066987533,5002.132004701637,200.0321054106479
85.99999999999939,AVAILABLE,30.150090308989036,78.18676947682762,5000.871406259477,199.8847376454271
86.09999999999938,AVAILABLE,30.15018732541585,78.18690713144335,4995.9765213766495,200.0788253888108
86.19999999999938,AVAILABLE,30.150339131091204,78.18709477789301,4998.196304273157,199.94628718972137
86.29999999999937,AVAILABLE,30.150429672794537,78.1872623248902,5001.579883497979,200.17389102567878
86.39999999999937,AVAILABLE,30.150537960544153,78.18739169548932,4996.21796031556,199.85827582189242
86.49999999999936,AVAILABLE,30.15067039508443,78.18754659047956,4998.461549042769,199.84652762178357
86.59999999999935,AVAILABLE,30.15079452386283,78.18770484980921,5002.744596527505,200.05505025211232
86.69999999999935,AVAILABLE,30.15088522555456,78.18787615193715,4998.2033953045175,200.1532505706468
86.79999999999934,AVAILABLE,30.151026064764626,78.18801465196418,4998.780376507263,199.84991028119123
86.89999999999934,AVAILABLE,30.15116729709886,78.18822633159064,4994.810609332137,199.97482070365447
86.99999999999933,AVAILABLE,30.151260219749204,78.18832713339584,5003.652609753919,200.12474391050765
87.09999999999933,AVAILABLE,30.151375598596776,78.18853970090946,5000.098312408698,199.97580958608762
87.19999999999932,AVAILABLE,30.15150283650972,78.18863834906507,5004.3593988536995,200.06166362490194
87.29999999999932,AVAILABLE,30.151609235268385,78.18880718004948,4997.276683579062,200.02625093474805
87.39999999999931,AVAILABLE,30.151710173141396,78.18896828585287,4998.448383756259,200.05670558451908
87.4999999999993,AVAILABLE,30.15186994837841,78.18914175629155,4999.6322882706445,199.92903762161478
87.5999999999993,AVAILABLE,30.15196363581122,78.18928224621149,5001.463756159008,199.94318252695618
87.69999999999929,AVAILABLE,30.152069443307532,78.18944338164829,5004.076406622483,200.18723246026866
87.79999999999929,AVAILABLE,30.152218874333222,78.18957638986465,5004.225779212377,199.91543397958844
87.89999999999928,AVAILABLE,30.15230858093734,78.18976303705952,4995.859024168302,200.0801680185857
87.99999999999928,AVAILABLE,30.152439263177623,78.18991963276515,4997.52971254854,200.0846427358226
88.09999999999927,AVAILABLE,30.152567246883446,78.19006097883191,5002.835843838165,199.73397139248533
88.19999999999926,AVAILABLE,30.152682338467756,78.1902234819116,4997.615003372921,200.0177209432735
88.29999999999926,AVAILABLE,30.152802609549397,78.19036759266525,4999.641420484934,199.99585800908787
88.39999999999925,AVAILABLE,30.15291848952432,78.19056558369364,4998.60815029266,200.13169178733796
88.49999999999925,AVAILABLE,30.15300579934306,78.19070353309736,4994.841173877196,200.00717770166284
88.59999999999924,AVAILABLE,30.153160007818098,78.19089650624686,5000.1480700951515,199.92516851631183
88.69999999999924,AVAILABLE,30.153283274052974,78.19101251890768,5000.295013580399,200.091701780351
88.79999999999923,AVAILABLE,30.153402264361215,78.19113286455284,5000.154649966737,199.99836042882873
88.89999999999922,AVAILABLE,30.153481215415848,78.19129230428345,4999.799461426731,199.9536267829563
88.99999999999922,AVAILABLE,30.15360521105285,78.19148038254471,4998.946927448596,200.00175954252666
89.09999999999921,AVAILABLE,30.15376435952241,78.19163980250494,5005.641110814182,200.12440986693494
89.1999999999992,AVAILABLE,30.15387121356633,78.19178248387207,4999.119694586452,199.90802753372063
89.2999999999992,AVAILABLE,30.153979100478086,78.19195341978228,5001.325094428108,200.03025244765414
89.3999999999992,AVAILABLE,30.154092443184695,78.19210459023304,4997.081025187872,199.95583147865932
89.49999999999919,AVAILABLE,30.154220101137543,78.19226579419386,4999.819925497279,200.08678109997442
89.59999999999918,AVAILABLE,30.154333784608053,78.19239574943936,4999.75876114972,199.91287054048098
89.69999999999918,AVAILABLE,30.154441849497992,78.19259169607861,5001.528244515956,200.16637845962768
89.79999999999917,AVAILABLE,30.154551623248437,78.19273465307313,5001.722083977843,200.09619860539593
89.89999999999917,AVAILABLE,30.154659888120943,78.19291224486491,5001.996436864822,199.98496433454332
89.99999999999916,AVAILABLE,30.154791166270297,78.19307039439774,5001.281510165759,200.04007029926342
90.09999999999916,AVAILABLE,30.154900866552268,78.19317658069232,4999.717990381796,199.97289011166205
90.19999999999915,AVAILABLE,30.15504004261389,78.1933536776741,5001.904091003431,200.04096090798961
90.29999999999914,AVAILABLE,30.155136311213663,78.19354639510436,4998.971250526712,199.93035308279246
90.39999999999914,AVAILABLE,30.155271912605183,78.19368365010722,4997.284839844465,200.0620139245439
90.49999999999913,AVAILABLE,30.15538503773347,78.19382539854774,4994.738102452943,200.04264173789596
90.59999999999913,AVAILABLE,30.155504777840846,78.19400083086924,5004.130473427694,199.75093851677764
90.69999999999912,AVAILABLE,30.155643597976542,78.19418388549948,4997.05977231004,200.1014674726885
90.79999999999912,AVAILABLE,30.155724003423668,78.19429108482285,4999.6958133586,200.18276512775213
90.89999999999911,AVAILABLE,30.15586288505332,78.19447098071521,5002.657034864601,199.93775022996297
90.9999999999991,AVAILABLE,30.1560010877211,78.19465977873169,5001.287631136626,199.92117326060284
91.0999999999991,AVAILABLE,30.15611123870213,78.1947904663908,5001.9309928536095,200.11365670086877
91.1999999999991,AVAILABLE,30.156217615118504,78.19492278960475,5004.470963763396,200.0279272883368
91.29999999999909,AVAILABLE,30.15633339312916,78.19511152367552,5000.935198970066,200.07479483282893
91.39999999999908,AVAILABLE,30.1564489118488,78.19525225341364,4998.34945074727,199.94886746633628
91.49999999999908,AVAILABLE,30.156557981803257,78.19543370332197,4998.989320977697,199.98889229097705
91.59999999999907,AVAILABLE,30.15667913801815,78.19558143849262,5001.946943100088,200.19744457032775
91.69999999999906,AVAILABLE,30.15677372007839,78.195722810685,5001.719068189547,199.83148780289153
91.79999999999906,AVAILABLE,30.156947827727876,78.19588233656923,4997.618006195173,200.09707546485936
91.89999999999905,AVAILABLE,30.156994846577525,78.19604636154303,4997.0255033255735,199.99850894415064
91.99999999999905,AVAILABLE,30.157158850744942,78.19621562195913,5001.233983317467,200.2086389201569
92.09999999999904,AVAILABLE,30.15727103750616,78.19634925261117,5003.67835512659,199.9934696273489
92.19999999999904,AVAILABLE,30.15739523122271,78.1964317496984,5001.359729478147,199.99252322301055
92.29999999999903,AVAILABLE,30.157497697250456,78.19665712681072,5002.709454114151,199.79583317289672
92.39999999999903,AVAILABLE,30.157679882456232,78.19685195020412,5001.109407486425,200.19003741380655
92.49999999999902,AVAILABLE,30.157746031287783,78.19696657745483,5003.081242010568,199.8363962712154
92.59999999999901,AVAILABLE,30.157869670378464,78.19716727382138,5001.604897588286,199.8548794815358
92.69999999999901,AVAILABLE,30.157980367176535,78.19729702661171,4997.773366766652,199.76880212557577
92.799999999999,AVAILABLE,30.158073175348996,78.19744638538896,5003.376660435783,200.27531549103867
92.899999999999,AVAILABLE,30.158227659682012,78.19759761714103,4998.736887439385,200.1082186997368
92.99999999999899,AVAILABLE,30.158341085830177,78.19777932560956,5000.714276976601,200.1199292007719
93.09999999999899,AVAILABLE,30.158488021541523,78.19792860929678,5000.476339330265,200.05044192959576
93.19999999999898,AVAILABLE,30.158557338364357,78.19804005674716,5001.481192009406,199.9266420919864
93.29999999999897,AVAILABLE,30.15870708729901,78.19824661550713,5004.492272670688,199.91424411162046
93.39999999999897,AVAILABLE,30.15882154726998,78.19836612942042,5002.812997494797,199.97627540953204
93.49999999999896,AVAILABLE,30.158935857078422,78.19854980026346,5002.047394790964,200.05026342333517
93.59999999999896,AVAILABLE,30.159043689548582,78.1987236488172,5005.041307686478,199.94387015144272
93.69999999999895,AVAILABLE,30.159179810239923,78.19886430146083,5003.620848194061,200.23397201484806
93.79999999999895,AVAILABLE,30.159258043712246,78.19898406909454,5000.491177301692,199.930831046488
93.89999999999894,AVAILABLE,30.159380717779438,78.19917923767979,4998.398634508354,200.14310037397397
93.99999999999893,AVAILABLE,30.15952818558757,78.1993673750481,5006.936405235453,199.9229228507925
94.09999999999893,AVAILABLE,30.159580898486908,78.19954254839983,5000.751418753618,199.99443165341057
94.19999999999892,AVAILABLE,30.159711154097323,78.1996296250978,5002.075708986152,199.98568574281643
94.29999999999892,AVAILABLE,30.159822655914034,78.19979538152147,5003.147394947822,200.12786715113535
94.39999999999891,AVAILABLE,30.15998297135592,78.20003102430677,5003.080174562041,200.1810265110214
94.4999999999989,AVAILABLE,30.160141880042087,78.20017434760436,4995.982394855554,199.83996404790832
94.5999999999989,AVAILABLE,30.160222532139972,78.20031951908993,5000.003242898376,200.03747044468042
94.6999999999989,AVAILABLE,30.160353417522565,78.20048115403243,5002.962646384069,200.00079496925676
94.79999999999889,AVAILABLE,30.160466528034565,78.20057383413116,5002.616650318701,199.92266631240744
94.89999999999888,AVAILABLE,30.160573293218764,78.20080340933175,5002.755326477998,200.06799657912947
94.99999999999888,AVAILABLE,30.160724673876913,78.20091972252497,4999.312407497639,199.94499906086924
95.09999999999887,AVAILABLE,30.160856555396343,78.20111748305435,4999.268175372846,200.08414554303792
95.19999999999887,AVAILABLE,30.16095013310418,78.20125417125439,5001.400643586536,200.08505850773503
95.29999999999886,AVAILABLE,30.16105877143883,78.20138770522195,5001.063747826686,199.97359400005828
95.39999999999885,AVAILABLE,30.161158671838674,78.20155480492299,4999.251625487322,200.00271648390878
95.49999999999885,AVAILABLE,30.16130726480988,78.20172343188595,5001.3497211889635,199.96266281995742
95.59999999999884,AVAILABLE,30.161424900567297,78.20189330193955,5001.707512288616,200.1437145916819
95.69999999999884,AVAILABLE,30.16152793917568,78.20200889877401,4999.766382169299,200.0809431424669
95.79999999999883,AVAILABLE,30.161651392080085,78.20220569624611,4994.832026180778,199.9165856914479
95.89999999999883,AVAILABLE,30.161778545900226,78.20237232838684,4997.748720009825,200.03670109323957
95.99999999999882,AVAILABLE,30.161874016063294,78.2024892997835,5000.213026114172,200.0217032400254
96.09999999999881,AVAILABLE,30.1620118345708,78.20268549830517,5005.031344401322,200.094874975279
96.19999999999881,AVAILABLE,30.162116152477125,78.20284693616227,4995.597447407536,200.0100692428131
96.2999999999988,AVAILABLE,30.162259485012697,78.20299860441764,5002.484722466184,200.19100393763367
96.3999999999988,AVAILABLE,30.1623451718709,78.20315808915144,4999.719987099729,200.1114666685883
96.49999999999879,AVAILABLE,30.162478515435627,78.20331490800099,5004.640308524359,200.06309154946035
96.59999999999879,AVAILABLE,30.16259055451592,78.20344809936414,4997.91789110801,200.10381142357988
96.69999999999878,AVAILABLE,30.162735823144825,78.20360774621605,4994.571896270561,199.93664858479957
96.79999999999878,AVAILABLE,30.162837964394026,78.20375023282601,4994.124514011325,199.95555731764946
96.89999999999877,AVAILABLE,30.162911434069247,78.20393375354149,4998.796776553311,200.00602672029973
96.99999999999876,AVAILABLE,30.163089305688604,78.20406520868184,4993.556290676574,199.99716375949916
97.09999999999876,AVAILABLE,30.163192356077726,78.20421145462524,4998.894624911227,199.9652802786767
97.19999999999875,AVAILABLE,30.163302351133243,78.20438545569259,5007.990388985314,199.97375533449497
97.29999999999875,AVAILABLE,30.163423122994292,78.20454525817142,4992.070681077599,200.13809037523
97.39999999999874,AVAILABLE,30.163480976449264,78.20474061190096,4996.035718201123,199.86410783612732
97.49999999999874,AVAILABLE,30.163653655878345,78.20491513448238,5000.958808452163,199.98087414880897
97.59999999999873,AVAILABLE,30.16375973911519,78.20504011250219,4998.889729768092,200.07138038497735
97.69999999999872,AVAILABLE,30.163856175900836,78.20519465867133,5000.953974823575,199.86397761737564
97.79999999999872,AVAILABLE,30.163990819226868,78.2053377026928,4998.540472269043,200.02900261908727
97.89999999999871,AVAILABLE,30.164101515437963,78.20547947178719,5006.342017769396,199.9157623212856
97.9999999999987,AVAILABLE,30.164237554890427,78.20565126171526,4999.164533408331,200.12068994188357
98.0999999999987,AVAILABLE,30.16435284970301,78.20582979555647,4997.433642936874,200.07730784917564
98.1999999999987,AVAILABLE,30.164477202157855,78.20596548749377,4999.734143057054,200.0550247475235
98.29999999999869,AVAILABLE,30.164577524984733,78.20610604236323,5006.1116777075695,200.05064916856952
98.39999999999868,AVAILABLE,30.16471040180467,78.20629664099602,4999.819588021591,199.77485948689298
98.49999999999868,AVAILABLE,30.164837702271203,78.20643785586151,5001.04740363139,199.92252726294785
98.59999999999867,AVAILABLE,30.164948761211562,78.20662121261269,4999.547466369214,199.95710366939417
98.69999999999867,AVAILABLE,30.165077198442106,78.20674637901558,5003.203580279829,199.9825494658887
98.79999999999866,AVAILABLE,30.165195085947143,78.20689702923698,4996.256606947108,200.0719308043403
98.89999999999866,AVAILABLE,30.165311182123236,78.20708199902549,5002.2100444562875,199.85307387550733
98.99999999999865,AVAILABLE,30.16542654454073,78.20718416333332,5001.558081194604,199.89143711325102
99.09999999999864,AVAILABLE,30.1655507053544,78.20739802292665,4998.381602404578,199.99769529735062
99.19999999999864,AVAILABLE,30.165682187010194,78.20750566150156,5001.930900372757,200.0118376629458
99.29999999999863,AVAILABLE,30.16579517799277,78.20766279633179,5000.010609539448,200.1104196427011
99.39999999999863,AVAILABLE,30.165920479060222,78.2078382314192,4999.161391440541,200.18414123983672
99.49999999999862,AVAILABLE,30.16598846774971,78.20801036011868,5000.532274950276,200.01749295540253
99.59999999999862,AVAILABLE,30.16611510779017,78.20818844724367,5002.665599920013,200.18161388773652
99.69999999999861,AVAILABLE,30.16623556207587,78.20831548991731,5003.289780607611,200.18153286494868
99.7999999999986,AVAILABLE,30.166367545375596,78.20845084161937,4999.351757833402,200.09647140758588
99.8999999999986,AVAILABLE,30.166497823169344,78.20866281788838,5005.774779007232,199.9568681587056
99.9999999999986,AVAILABLE,30.166587306382702,78.20877179308887,4999.631653306956,200.10190781053623
100.09999999999859,AVAILABLE,30.16675250196294,78.20895842843782,5000.044196522153,199.98671144019804
100.19999999999858,AVAILABLE,30.16686141969025,78.20909514381962,4999.6852137175965,199.99226084575423
100.29999999999858,AVAILABLE,30.166956813084315,78.20930565169054,4997.324084494356,200.24552726214006
100.39999999999857,AVAILABLE,30.167063442461565,78.20940812273669,4998.017390401997,200.06487288310421
100.49999999999856,AVAILABLE,30.16719287735425,78.20960557050242,4997.529004907874,199.83267834360774
100.59999999999856,AVAILABLE,30.16730438041344,78.20974518270518,4995.590736465678,199.98934879387338
100.69999999999855,AVAILABLE,30.167438581249968,78.20987970428507,4997.528058270621,199.89048252405476
100.79999999999855,AVAILABLE,30.16754429554875,78.21006304887925,5008.242666952057,200.116521224478
100.89999999999854,AVAILABLE,30.167642118565308,78.21017872936083,4999.6691618680015,200.15719875037294
100.99999999999854,AVAILABLE,30.167794506549484,78.21035680661876,5003.004919816461,200.13773519486452
101.09999999999853,AVAILABLE,30.167926875646526,78.21050270376065,5001.312258668865,199.87188239355248
101.19999999999852,AVAILABLE,30.168004055802154,78.21065539457622,4999.214142295322,199.8563989529061
101.29999999999852,AVAILABLE,30.168150362445225,78.21083880967966,4997.406613873266,200.04854379537827
101.39999999999851,AVAILABLE,30.168281854566192,78.21100334428382,4998.249019284565,199.97161456021922
101.49999999999851,AVAILABLE,30.1683703948713,78.21113868975172,4994.864812995864,199.96215017416375
101.5999999999985,AVAILABLE,30.16851250499491,78.21129317926969,4994.208993584986,199.9911218114122
101.6999999999985,AVAILABLE,30.168627903572563,78.21143167853789,5000.570110886155,200.0411445670663
101.79999999999849,AVAILABLE,30.168735647684354,78.21163615192462,5001.824414551483,199.84160592803562
101.89999999999849,AVAILABLE,30.16885498257263,78.21181030405005,4999.335038190481,200.03714197495862
101.99999999999848,AVAILABLE,30.16894360083667,78.21196585852523,4998.144857591161,200.164948372245
102.09999999999847,AVAILABLE,30.16907291147801,78.21210996961652,4998.399744721552,200.18777528522227
102.19999999999847,AVAILABLE,30.169162217160856,78.21226066384152,4993.761659162231,199.87952236740207
102.29999999999846,AVAILABLE,30.169349552121655,78.21242896317307,4993.968377077261,199.99939695001785
102.39999999999846,AVAILABLE,30.169422338019594,78.21257903932255,5005.551221877543,200.0653894022312
102.49999999999845,AVAILABLE,30.169559190993457,78.21273486120002,4996.722470180353,200.07011348546655
102.59999999999845,AVAILABLE,30.169685841153562,78.21286868356538,4998.072548906621,200.14499804568916
102.69999999999844,AVAILABLE,30.169790960116142,78.21301488015074,4998.72774475444,199.9542481705493
102.79999999999843,AVAILABLE,30.169903954131367,78.21319411030102,4999.252170831544,200.16739363208117
102.89999999999843,AVAILABLE,30.170037976189313,78.21338354656483,4994.91604256908,200.01111401484908
102.99999999999842,AVAILABLE,30.170162039409846,78.2135249102176,4997.961956467302,199.9244036069245
103.09999999999842,AVAILABLE,30.17027609069392,78.21366252632743,5001.944905246869,200.01566145230612
103.19999999999841,AVAILABLE,30.17037463873901,78.21382655423983,4997.511193576627,200.170118300571
103.2999999999984,AVAILABLE,30.170504510287778,78.2140102389263,4998.4124092507645,199.94594642571613
103.3999999999984,AVAILABLE,30.170606835071034,78.2141203622336,5002.034459822803,200.0712506706818
103.4999999999984,AVAILABLE,30.170721260520565,78.21428873320902,5001.129806712409,199.92474105977027
103.59999999999839,AVAILABLE,30.170841034254625,78.21448491488384,4997.76027107586,199.94831776980936
103.69999999999838,AVAILABLE,30.17101129742575,78.21456540616956,4996.446876271165,200.17973023787317
103.79999999999838,AVAILABLE,30.171076847215335,78.21477709270553,5006.358971425295,199.92829630957917
103.89999999999837,AVAILABLE,30.17119148628097,78.21493235273333,4999.77253108164,199.94750725441472
103.99999999999837,AVAILABLE,30.17131762608068,78.21505332622121,5001.3971712261555,200.083449427397
104.09999999999836,AVAILABLE,30.171435028533224,78.21523338685289,5001.646350031133,199.94617633666442
104.19999999999835,AVAILABLE,30.171550300870088,78.21539372956202,5004.4160347597835,199.99507795666656
104.29999999999835,AVAILABLE,30.171671700980333,78.21554885036893,4998.848616485145,199.90350812569864
104.39999999999834,AVAILABLE,30.171775138478104,78.21572725353009,4998.292684958448,200.00923514375884
104.49999999999834,AVAILABLE,30.171901001759384,78.21583889041402,4998.605743766124,200.1396939691016
104.59999999999833,AVAILABLE,30.1720200169148,78.21600954363302,4998.716367646657,199.9665364283787
104.69999999999833,AVAILABLE,30.172149477507002,78.21617215853938,4999.707207748087,199.95090831078434
104.79999999999832,AVAILABLE,30.172269701483945,78.21634429570385,5000.635052772304,200.06331275079037
104.89999999999831,AVAILABLE,30.172379401701804,78.21652014865003,5001.398577146688,200.1487835403134
104.99999999999831,AVAILABLE,30.1724976588375,78.21665771131704,4997.9534569477755,200.00156274145806
105.0999999999983,AVAILABLE,30.172631693744002,78.21680157533319,5004.476527274365,200.0025672962693
105.1999999999983,AVAILABLE,30.172763346311022,78.21694449031713,4999.169413962039,199.95036399101107
105.29999999999829,AVAILABLE,30.172870965390743,78.21713674627898,4999.770757294959,199.95442021455227
105.39999999999829,AVAILABLE,30.172970231352785,78.21729557657922,5002.50722230356,199.9940382693047
105.49999999999828,AVAILABLE,30.173080586388064,78.21743975593805,5000.387814778624,200.02525389651694
105.59999999999827,AVAILABLE,30.17319837608789,78.21763092210328,4998.113620659433,200.15124710442743
105.69999999999827,AVAILABLE,30.17334946734626,78.21777155181292,5005.622190439625,200.0555837076116
105.79999999999826,AVAILABLE,30.173436643433064,78.21789811604638,4997.9867695886305,200.08373452603513
105.89999999999826,AVAILABLE,30.173533636670623,78.21803654507335,5004.597429640926,200.10128812955963
105.99999999999825,AVAILABLE,30.17368558570382,78.21824241203784,5002.322879153832,199.98131304118465
106.09999999999825,AVAILABLE,30.173769659929267,78.21840700697541,5001.338586697747,199.8623783053638
106.19999999999824,AVAILABLE,30.173916506176912,78.21852771977707,4999.653918103773,199.96720292781282
106.29999999999824,AVAILABLE,30.174041756459932,78.21869024900283,4996.5351391569375,200.06730094760573
106.39999999999823,AVAILABLE,30.17415848481025,78.21882206939357,5001.227389806497,200.08876263408465
106.49999999999822,AVAILABLE,30.174264920282358,78.21901272084015,4997.707010483135,199.8249928017798
106.59999999999822,AVAILABLE,30.174394938542083,78.21916411463528,5001.288807951232,199.97652209760204
106.69999999999821,AVAILABLE,30.174498788515553,78.21932643497266,4999.810036512244,200.08662791524984
106.7999999999982,AVAILABLE,30.17461375318125,78.21945016564376,5000.432339017051,199.86967967182596
106.8999999999982,AVAILABLE,30.17469374546523,78.21961451166622,4998.684234488992,199.92040552405257
106.9999999999982,AVAILABLE,30.174829565639744,78.21978975876252,5003.6493975724115,200.0829417647703
107.09999999999819,AVAILABLE,30.174975223920107,78.21997069297034,4998.678819989843,199.91180031024075
107.19999999999818,AVAILABLE,30.17510516729755,78.22008615350919,5001.0020341800655,199.99743284558707
107.29999999999818,AVAILABLE,30.17520436253218,78.22025627652327,5003.4116567527135,199.84106357545292
107.39999999999817,AVAILABLE,30.17533361420912,78.22041692258551,4997.775736492183,200.00389436162934
107.49999999999817,AVAILABLE,30.17545235655617,78.22057879798267,5000.735113368535,200.14148406061094
107.59999999999816,AVAILABLE,30.175553788151408,78.22074585420422,4994.784207245857,200.0456954133074
107.69999999999816,AVAILABLE,30.175648943175045,78.22090741423138,4998.574475661123,200.01641306080504
107.79999999999815,AVAILABLE,30.175774236344257,78.22105191736895,5002.4720390629855,200.06198476084748
107.89999999999814,AVAILABLE,30.17591797665531,78.2212084091211,5003.436312799506,200.073599031971
107.99999999999814,AVAILABLE,30.176024962443652,78.22135361918946,4997.960401230144,199.99643508421124
108.09999999999813,AVAILABLE,30.17613323452306,78.22147793925777,4999.345078292893,200.02528819915796
108.19999999999813,AVAILABLE,30.176275336820357,78.22170247142829,4996.122489181989,199.94868440366872
108.29999999999812,AVAILABLE,30.176363972436306,78.22184215851426,4999.686251225132,199.95191759189453
108.39999999999812,AVAILABLE,30.1765085316728,78.22197948592256,4996.933913435662,200.15805078673685
108.49999999999811,AVAILABLE,30.1766402455094,78.22214747730733,4995.3756711401675,199.9785705895059
108.5999999999981,AVAILABLE,30.176753903145244,78.22231196354431,5003.027429386123,200.12268782723373
108.6999999999981,AVAILABLE,30.176859966177393,78.22245583335526,4998.516820341777,199.9586525806015
108.7999999999981,AVAILABLE,30.176995635514583,78.22261387536672,4994.9576644193985,200.04649662723963
108.89999999999809,AVAILABLE,30.177095505531724,78.22277011014714,4994.109476628294,200.1170052510233
108.99999999999808,AVAILABLE,30.17722769236665,78.2229133216936,5000.455320779781,199.89162682443703
109.09999999999808,AVAILABLE,30.17730863509833,78.22305046230808,5002.338002647302,200.08799162400052
109.19999999999807,AVAILABLE,30.177445411574652,78.22324996612156,5005.264804453676,199.9244604357233
109.29999999999806,AVAILABLE,30.177547590739,78.22341099131674,5001.648498201376,199.97031152098248
109.39999999999806,AVAILABLE,30.177661152762592,78.22354952684377,5002.055017180711,200.07147527812108
109.49999999999805,AVAILABLE,30.177774655814847,78.22369719394803,4997.044548248484,199.9974553182137
109.59999999999805,AVAILABLE,30.17796221747256,78.2238737950141,5000.1863151286325,199.92028547664708
109.69999999999804,AVAILABLE,30.17808691492173,78.22402435778885,4998.464755010994,200.01562183636528
109.79999999999804,AVAILABLE,30.178134569856983,78.22421080879039,4999.975010101244,199.91572796554522
109.89999999999803,AVAILABLE,30.178265556178314,78.22431176945152,4998.3333354687775,199.77253761946235
109.99999999999802,AVAILABLE,30.178386064200836,78.22449796716931,4998.233058859189,199.9417148580072
110.09999999999802,AVAILABLE,30.178496926692787,78.22469104752618,5004.31769442841,199.98304396489797
110.19999999999801,AVAILABLE,30.178650497712233,78.22481616470466,4999.092702177189,199.9171220244805
110.29999999999801,AVAILABLE,30.17876037725453,78.22499251458075,4996.128584330671,200.0159978100377
110.399999999998,AVAILABLE,30.178856453405132,78.22511805943324,4999.922908670342,199.80811605844963
110.499999999998,AVAILABLE,30.17897584191648,78.22533320970938,5001.307019984244,199.88644232679374
110.59999999999799,AVAILABLE,30.179111475763754,78.22545291694256,4999.037566560313,199.94142326665738
110.69999999999798,AVAILABLE,30.179219441569927,78.22559589935686,4999.48040583728,200.07395019665947
110.79999999999798,AVAILABLE,30.17935197973274,78.22573840299391,4998.594830202531,200.1606910029647
110.89999999999797,AVAILABLE,30.17948749658375,78.22593016955402,5004.828722256254,200.12081862491482
110.99999999999797,AVAILABLE,30.17957074298761,78.2260381321335,4999.816487024874,199.87178132708894
111.09999999999796,AVAILABLE,30.179693459129602,78.22627305113492,5000.746114646966,199.92148338655434
111.19999999999796,AVAILABLE,30.17978789495705,78.22635310051447,4994.281928569744,200.16267665840627
111.29999999999795,AVAILABLE,30.179942176092155,78.22654831219538,4999.541096323246,199.99480301635336
111.39999999999795,AVAILABLE,30.180044481103764,78.2267371072632,5001.170370492611,199.80175613642885
111.49999999999794,AVAILABLE,30.180181641915382,78.22682520518997,4998.781419143562,199.86139381968087
111.59999999999793,AVAILABLE,30.18028120460608,78.22699632514896,4995.866633245947,199.89534691570205
111.69999999999793,AVAILABLE,30.180412994177964,78.2271757326768,5002.001567874723,200.1360299327924
111.79999999999792,AVAILABLE,30.180520548545125,78.22734858164497,4997.091541517186,199.99154389668377
111.89999999999792,AVAILABLE,30.180613519177932,78.22750538383238,5002.7186607692565,200.0965835314666
111.99999999999791,AVAILABLE,30.180751545330697,78.22766962519223,4999.5640048990845,199.9438523227431
112.0999999999979,AVAILABLE,30.180878965373772,78.22782324382166,5006.610985834005,200.07291311102094
112.1999999999979,AVAILABLE,30.18096805826903,78.22794496875454,4996.094876240372,200.00773735742027
112.2999999999979,AVAILABLE,30.181085973172276,78.22815075374385,4999.125476945842,200.06417543099803
112.39999999999789,AVAILABLE,30.18122634795119,78.22828672792414,4996.890471919214,199.99665114091465
112.49999999999788,AVAILABLE,30.181333836436547,78.22843461984321,5000.374066669416,200.06814734627946
112.59999999999788,AVAILABLE,30.18145104216834,78.22861098571536,5000.9877010873015,200.16387657126012
112.69999999999787,AVAILABLE,30.1815177833019,78.2287376544534,5003.775729863615,199.74787527557933
112.79999999999787,AVAILABLE,30.18172186291596,78.22890986428322,4993.873311054509,200.07255907657685
112.89999999999786,AVAILABLE,30.18179417013005,78.22904632841504,5004.3939383992765,199.9613101841968
112.99999999999785,AVAILABLE,30.18191373602651,78.22926417788679,5002.787224892878,199.9665431125188
113.09999999999785,AVAILABLE,30.18203467890037,78.22937535083048,5004.731876554066,199.90174936957055
113.19999999999784,AVAILABLE,30.18214386686078,78.2295632254562,4999.153633514389,200.01004565024974
113.29999999999784,AVAILABLE,30.182294074263506,78.2296857739857,4992.72775554076,199.97878311620042
113.39999999999783,AVAILABLE,30.182424831440926,78.22989617944556,4999.646391776,199.9971329864731
113.49999999999783,AVAILABLE,30.182544956952057,78.23002055511783,5000.886249548132,199.80208683338125
113.59999999999782,AVAILABLE,30.182630834421072,78.23016978448477,4995.457872926177,199.96339518780832
113.69999999999781,AVAILABLE,30.182786900006928,78.23031712383379,4995.696917947075,199.81128985884655
113.79999999999781,AVAILABLE,30.182873891255532,78.2304676087655,4997.394449276715,200.02275095691618
113.8999999999978,AVAILABLE,30.182997100334592,78.23064039277654,5001.051470541056,199.87710050923124
113.9999999999978,AVAILABLE,30.183098365284554,78.23078713383822,4999.8385305043375,200.0989573448776
114.09999999999779,AVAILABLE,30.183214678852526,78.23093490056135,5004.462152579087,200.01584500635087
114.19999999999779,AVAILABLE,30.18332053305058,78.23110174762817,4996.291432196572,199.88630359505692
114.29999999999778,AVAILABLE,30.183439567570904,78.23124881684762,5006.1791508643255,200.1010480687434
114.39999999999777,AVAILABLE,30.183606251103946,78.23144511561226,4999.595357224633,200.04034381911993
114.49999999999777,AVAILABLE,30.183701163270882,78.23155746184646,4996.5127051211075,200.09003501977074
114.59999999999776,AVAILABLE,30.183795314137974,78.23174098776548,5001.956306875899,200.07527364796778
114.69999999999776,AVAILABLE,30.183941726287046,78.23186900658395,5001.621191792642,199.98617353997312
114.79999999999775,AVAILABLE,30.184035416808847,78.23200977951154,5001.35362309721,199.84475563251715
114.89999999999775,AVAILABLE,30.184140193004353,78.23224459537593,4996.395884830046,199.95800220670517
114.99999999999774,AVAILABLE,30.18429004445592,78.23236687788851,4996.942076650675,199.92916745111413
115.09999999999773,AVAILABLE,30.184421116300435,78.23251677672086,4999.930559240923,199.78373973660175
115.19999999999773,AVAILABLE,30.184514221551392,78.23269754485031,4997.812391915567,199.90484698631084
115.29999999999772,AVAILABLE,30.184649151102192,78.23284932021447,5001.001220744181,199.94336342604026
115.39999999999772,AVAILABLE,30.184773770035065,78.23302788840651,5003.509896172994,199.84366670089756
115.49999999999771,AVAILABLE,30.184930820465375,78.23312363348084,4996.322253037542,200.0304394699206
115.5999999999977,AVAILABLE,30.184994379426648,78.23331585037165,5003.934926327386,200.09305124642046
115.6999999999977,AVAILABLE,30.185097908326767,78.23346699267638,5003.0336246052275,200.10529119122515
115.7999999999977,AVAILABLE,30.18525204878771,78.23363964036655,5002.123706349896,199.94864844851472
115.89999999999769,AVAILABLE,30.185326049577686,78.2337885849916,4998.637914666983,200.12445141063552
115.99999999999768,AVAILABLE,30.185451941115346,78.23392903889753,4998.715703205697,200.09669741307655
116.09999999999768,AVAILABLE,30.18559900363096,78.23409459245958,5000.876055290106,200.16147629263523
116.19999999999767,AVAILABLE,30.185671719699034,78.23426682257241,5003.239927195433,200.12142742248358
116.29999999999767,AVAILABLE,30.185835690904636,78.23439234656296,4998.382879488062,200.06621787597882
116.39999999999766,AVAILABLE,30.185928570254358,78.23456146713832,4995.484251902806,199.88075545120577
116.49999999999766,AVAILABLE,30.186063270385034,78.23471389320137,4997.723752357019,199.98121935117257
116.59999999999765,AVAILABLE,30.18618034144102,78.2348744758194,5000.517735354971,200.00884800977613
116.69999999999764,AVAILABLE,30.186288292190678,78.23503682853422,4997.338199008576,199.94984054769967
116.79999999999764,AVAILABLE,30.186377689458322,78.23516997954957,4996.438846282601,199.96011164064186
116.89999999999763,AVAILABLE,30.18654888611685,78.2353511951745,5000.45139785175,199.90575560579848
116.99999999999763,AVAILABLE,30.186651620380555,78.23554378909698,4999.738276759799,199.91752660247568
117.09999999999762,AVAILABLE,30.186743399106152,78.23567116728341,4997.176076506731,200.0713387587231
117.19999999999762,AVAILABLE,30.186864041171848,78.23578844125592,5001.439858125347,199.870629693035
117.29999999999761,AVAILABLE,30.187011001661443,78.23600158716454,4998.221561200669,200.0208304758597
117.3999999999976,AVAILABLE,30.18714300637343,78.23612752419133,5004.795361810477,199.96714426276284
117.4999999999976,AVAILABLE,30.18721903010391,78.23629637476783,5000.6753808889525,200.11343640459665
117.59999999999759,AVAILABLE,30.187369685186084,78.23645918990678,5001.968551293761,200.01808791419484
117.69999999999759,AVAILABLE,30.187485873088082,78.23659789048247,4996.756203744612,200.02085570669465
117.79999999999758,AVAILABLE,30.18763783801571,78.23678262224522,4997.899952178568,200.13939110626282
117.89999999999758,AVAILABLE,30.187673908121646,78.23691776207849,5001.192267020161,199.93267629243707
117.99999999999757,AVAILABLE,30.187814612345473,78.23707662790511,4998.372494961813,199.92158524116203
118.09999999999756,AVAILABLE,30.18792368979886,78.23720489936463,4997.10076529804,199.98984491906245
118.19999999999756,AVAILABLE,30.188079131184036,78.23738070082828,4996.364919735951,200.16054466959164
118.29999999999755,AVAILABLE,30.188158391623535,78.23755362039327,4997.190863357887,199.928107690121
118.39999999999755,AVAILABLE,30.18830375771519,78.23771840457536,5003.813035460378,200.06687615544107
118.49999999999754,AVAILABLE,30.18841746074853,78.23787896663463,4996.909272746214,200.12105196199516
118.59999999999754,AVAILABLE,30.188542143950958,78.23803333103821,5001.795523291879,199.85202882790466
118.69999999999753,AVAILABLE,30.18863008189037,78.2381830663468,5000.4348104530945,200.05750387655868
118.79999999999752,AVAILABLE,30.188770249352213,78.23833364823477,5003.7733550694,200.03495703190174
118.89999999999752,AVAILABLE,30.1888996292447,78.2385194930443,5003.791881912147,200.0317689278433
118.99999999999751,AVAILABLE,30.189017133906326,78.23865734662284,5003.217569957821,200.22806241978319
119.09999999999751,AVAILABLE,30.189103201250987,78.23879333951503,5004.751052883654,200.01861301776552
119.1999999999975,AVAILABLE,30.18923212977985,78.23895172577592,5002.812288584809,200.05603615887412
119.2999999999975,AVAILABLE,30.18939380441518,78.23912142634344,5002.7047359341805,200.16538898273947
119.39999999999749,AVAILABLE,30.189449849802788,78.23925859556059,5000.814269697641,199.94274337711786
119.49999999999748,AVAILABLE,30.18958591830179,78.2394239223782,4999.556232964209,199.90959750751463
119.59999999999748,AVAILABLE,30.189688377299884,78.23960283560193,5000.374471558299,200.09788705992906
119.69999999999747,AVAILABLE,30.189838625431214,78.23976081154986,5002.258672857274,199.9085142554366
119.79999999999747,AVAILABLE,30.189938170985535,78.23991488299656,5002.804630569936,200.06465548874758
119.89999999999746,AVAILABLE,30.19006119601041,78.24006246843469,5000.749586178995,199.88436156879706
119.99999999999746,AVAILABLE,30.190198127846752,78.24023956413353,5002.787125442079,200.09934344080008
120.09999999999745,AVAILABLE,30.190318688428835,78.24034152187504,5000.675824934797,199.8570136314458
120.19999999999744,AVAILABLE,30.190401521374113,78.24053509447987,5003.549142808733,200.03311539214536
120.29999999999744,AVAILABLE,30.19054067314582,78.24073214246462,5000.7230674509565,199.90502777014308
120.39999999999743,AVAILABLE,30.190629349638783,78.24083405533372,5000.335693588513,199.84593524953078
120.49999999999743,AVAILABLE,30.190780142886155,78.24101579331953,4997.839949727504,200.01041300122148
120.59999999999742,AVAILABLE,30.190899425448787,78.24115341080396,5002.198411074663,199.92832838461462
120.69999999999742,AVAILABLE,30.191018578277166,78.2413540179164,5000.966150490556,199.8726531232177
120.79999999999741,AVAILABLE,30.19112749308345,78.24148257877344,4997.416364599701,199.8740506570349
120.8999999999974,AVAILABLE,30.19123691913789,78.24165611786704,5002.453657962099,200.11998885103893
120.9999999999974,AVAILABLE,30.191360845807004,78.24183607939358,4997.461543717197,200.04408138688666
121.0999999999974,AVAILABLE,30.191475186795394,78.24198341859135,5000.096756486403,199.89679155857462
121.19999999999739,AVAILABLE,30.19160174818992,78.2420862724559,4997.383256452406,200.0926362415158
121.29999999999738,AVAILABLE,30.191714913764244,78.24228455435266,4997.379053938537,200.1296785990577
121.39999999999738,AVAILABLE,30.19183000414787,78.24238326082684,4997.312868774148,199.8602544759934
121.49999999999737,AVAILABLE,30.191924729912884,78.24259173435307,5001.096974753855,200.05908105540703
121.59999999999737,AVAILABLE,30.19205565787364,78.24274935243726,4995.595777510317,199.9517110603154
121.69999999999736,AVAILABLE,30.192183926550573,78.24288362328808,5000.301380239405,199.99772595243368
121.79999999999735,AVAILABLE,30.19231311762113,78.24305896470882,5002.865844406198,199.95197574475972
121.89999999999735,AVAILABLE,30.192434233081972,78.24321560165868,5000.7292679881,200.01337185366273
121.99999999999734,AVAILABLE,30.192501658209526,78.2434068695343,4997.254050546548,199.92035527377917
122.09999999999734,AVAILABLE,30.19265248551424,78.24349696180471,5005.2376521445885,199.93802993817562
122.19999999999733,AVAILABLE,30.192763864241517,78.24366412523749,5001.311117587776,200.13958407618742
122.29999999999733,AVAILABLE,30.1928989237426,78.24382245835936,5003.968342097735,200.02835643126562
122.39999999999732,AVAILABLE,30.192998917765422,78.24399423396109,5000.394015463365,200.02370759512058
122.49999999999731,AVAILABLE,30.193129799195564,78.24415340856152,5005.588420266103,200.28337084584814
122.59999999999731,AVAILABLE,30.193250751630437,78.24429102695109,4996.849308263153,200.08131307707853
122.6999999999973,AVAILABLE,30.193336337797117,78.24446349453132,5001.184833176473,200.01816723464265
122.7999999999973,AVAILABLE,30.193476118613624,78.2446626555917,5002.388762477682,199.95291572004285
122.89999999999729,AVAILABLE,30.193615333479922,78.2447778136382,4998.45122340495,199.95924175044664
122.99999999999729,AVAILABLE,30.1937403790254,78.24492719904073,4999.7860842164455,200.10200448138175
123.09999999999728,AVAILABLE,30.19384246943498,78.24510099962127,4998.00407184863,200.2330852597543
123.19999999999727,AVAILABLE,30.193969579345058,78.24520395206073,5003.912552539409,199.87139309885384
123.29999999999727,AVAILABLE,30.194048099111175,78.24539586156313,5003.773570703338,199.97275812504247
123.39999999999726,AVAILABLE,30.19419440503843,78.24553283956044,5003.226494951966,199.97327639376698
123.49999999999726,AVAILABLE,30.194285328677353,78.24573148913146,5001.469616221587,200.0085022896384
123.59999999999725,AVAILABLE,30.194449565518408,78.24589405354776,5004.506660541692,199.99452125442585
123.69999999999725,AVAILABLE,30.19454620284301,78.24605707022056,5003.475947282314,199.9666896938664
123.79999999999724,AVAILABLE,30.194695986720607,78.24619869021737,5000.014512076264,200.04418405277764
123.89999999999723,AVAILABLE,30.194764602000806,78.24631926350605,5006.167294127351,200.10642590504534
123.99999999999723,AVAILABLE,30.194881246474257,78.24651351413776,5001.870578288238,199.95120387352495
124.09999999999722,AVAILABLE,30.195041464440795,78.24665757168276,5002.977194488201,199.93695702980347
124.19999999999722,AVAILABLE,30.19514269866948,78.24685725416198,5001.423284721702,199.9511918313394
124.29999999999721,AVAILABLE,30.195255439070472,78.24699729243726,4998.715841372175,199.9605074940075
124.3999999999972,AVAILABLE,30.195400982875103,78.24716845089154,4998.010214004349,199.86816879774858
124.4999999999972,AVAILABLE,30.19546413749058,78.24727342817766,4999.148130669108,199.99242824940097
124.5999999999972,AVAILABLE,30.195580204149046,78.24745700287427,4991.290371883677,200.01398302276004
124.69999999999719,AVAILABLE,30.195751820683064,78.24758571994664,4991.360964375437,200.0166549197253
124.79999999999718,AVAILABLE,30.19585339155263,78.24775967761528,5000.6862004961085,200.1291071171293
124.89999999999718,AVAILABLE,30.19598902339156,78.24793778765797,4996.2919981637315,200.0169415908192
124.99999999999717,AVAILABLE,30.19605856899062,78.24808222337644,4999.275820627671,199.94290453320497
125.09999999999717,AVAILABLE,30.196221917856683,78.24823500456358,4995.557137440899,200.03795443363802
125.19999999999716,AVAILABLE,30.19632460368548,78.24839798893396,4997.675416359099,199.9567601875811
125.29999999999715,AVAILABLE,30.19641956612761,78.24854362819067,4997.8946486814875,199.97789596963332
125.39999999999715,AVAILABLE,30.19652365406525,78.24871643996285,4997.652919663813,200.0877093566357
125.49999999999714,AVAILABLE,30.19667272995671,78.24889980249128,4995.907149560805,200.14112051040973
125.59999999999714,AVAILABLE,30.19678165341283,78.249038559463,5002.669258577842,200.09611855006173
125.69999999999713,AVAILABLE,30.19690272150947,78.24919233613218,4999.72494253891,200.07276391525818
125.79999999999713,AVAILABLE,30.197003460192924,78.24934848924033,5004.618190779339,200.20064526461798
125.89999999999712,AVAILABLE,30.1971565384289,78.24952765042116,5001.570822420041,200.10538128515307
125.99999999999712,AVAILABLE,30.197290160560488,78.2496533391127,4995.236767457037,199.98296881355498
126.09999999999711,AVAILABLE,30.19737642339582,78.24979453390492,4996.4064298600015,199.95070165239028
126.1999999999971,AVAILABLE,30.19746884972149,78.24998782704849,5005.114030950448,200.06753801178115
126.2999999999971,AVAILABLE,30.197583758921457,78.25013035475993,4997.4251506485,200.02797389269105
126.39999999999709,AVAILABLE,30.197711891618972,78.25030367612386,5002.106972488924,199.96794000548093
126.49999999999709,AVAILABLE,30.197853609446216,78.25044175481219,5005.182286889749,199.80984284275863
126.59999999999708,AVAILABLE,30.197969829743926,78.25062347568189,4998.899628442331,199.95009099894168
126.69999999999708,AVAILABLE,30.19808346239634,78.25073571466869,4998.390246594412,199.89758116229177
126.79999999999707,AVAILABLE,30.198194952627443,78.25086854371435,4998.19167673719,200.05584574914343
126.89999999999706,AVAILABLE,30.198309206152572,78.25106066501424,5002.696897880392,200.1577794589779
126.99999999999706,AVAILABLE,30.19842062668341,78.25125147226986,4994.748528944385,199.91541746249814
127.09999999999705,AVAILABLE,30.198561362720998,78.25138897894375,5000.357328587903,200.08648567805932
127.19999999999705,AVAILABLE,30.19866595880353,78.25155667124781,4998.5330590971125,199.93725112453495
127.29999999999704,AVAILABLE,30.19875378019976,78.25171207914529,4997.396546348435,200.10075311530198
127.39999999999704,AVAILABLE,30.198923469411962,78.25185059964441,5000.261754461439,200.01978165486753
127.49999999999703,AVAILABLE,30.199019509176583,78.25198209726075,5004.337233692738,199.9432179730685
127.59999999999702,AVAILABLE,30.199150569252165,78.25217567411586,5000.868980766897,200.0218936063463
127.69999999999702,AVAILABLE,30.19927530683679,78.25230871734632,5002.976216796673,200.01658623317053
127.79999999999701,AVAILABLE,30.199377488222492,78.2524753893149,4999.863781949461,200.0579158941781
127.89999999999701,AVAILABLE,30.199473591002796,78.25260545242222,4999.175685033602,200.07020926500536
127.999999999997,AVAILABLE,30.199607136741058,78.25282692378356,5003.8880761226055,200.14025115636713
128.099999999997,AVAILABLE,30.19975646432507,78.25296110044998,5001.700837713181,199.9317904625088
128.199999999997,AVAILABLE,30.19979998628523,78.25312125099472,4997.684789487042,199.97988294838527
128.299999999997,AVAILABLE,30.199921443617956,78.25328868395172,4999.394752425223,199.94092509311628
128.399999999997,AVAILABLE,30.200063209579046,78.25341033684909,4997.459301019863,199.9028961444371
128.499999999997,AVAILABLE,30.200176434256548,78.25358007077553,4998.985583038699,200.08593799269414
128.59999999999698,AVAILABLE,30.200288215023264,78.25373236813188,4997.325946484051,200.034091395849
128.69999999999698,AVAILABLE,30.20043660338422,78.25391648881967,5005.514541719236,200.0001066566736
128.79999999999697,AVAILABLE,30.200564927922773,78.2540404607454,4999.619509385313,200.0024857204384
128.89999999999696,AVAILABLE,30.20071169436696,78.25418955955425,4999.597834682253,200.00194510516047
128.99999999999696,AVAILABLE,30.200777575676874,78.25437778003042,5000.042521000493,200.0119530032017
129.09999999999695,AVAILABLE,30.200896014200936,78.25454292939895,4997.208643207118,199.96278537624156
129.19999999999695,AVAILABLE,30.201042073414193,78.25471392371887,4997.749308142498,200.0622845118206
129.29999999999694,AVAILABLE,30.20114317694117,78.25486377310267,5000.334383585688,200.16970534389174
129.39999999999694,AVAILABLE,30.201290105590736,78.25497904573056,4999.019639748196,199.92494987052675
129.49999999999693,AVAILABLE,30.201378978482207,78.25511870723975,4994.978947719123,200.10198018711503
129.59999999999692,AVAILABLE,30.20150441212906,78.25532935493025,4997.285957196463,199.89489026839288
129.69999999999692,AVAILABLE,30.20161267238997,78.25549964566288,5000.226222915036,200.01829907101612
129.7999999999969,AVAILABLE,30.201755169731253,78.25563599994163,5000.545906450233,200.04273955661952
129.8999999999969,AVAILABLE,30.201848442954237,78.25581802328098,4999.6869170888385,199.9279478198937
129.9999999999969,AVAILABLE,30.201981973867387,78.25596220397402,4998.584738846061,200.07239828201125
130.0999999999969,AVAILABLE,30.202106928263795,78.256030057761,4994.825974113516,200.04005066361822
130.1999999999969,AVAILABLE,30.202188727110517,78.25629200090769,5000.972184374485,199.98983947009404
130.29999999999688,AVAILABLE,30.202324413978868,78.25640625620228,4998.074338445125,200.01218331315573
130.39999999999688,AVAILABLE,30.20245918137366,78.25653920268775,5000.722355283165,199.95503864552742
130.49999999999687,AVAILABLE,30.202560567531023,78.2567129457821,5000.4315239914795,199.8927829532669
130.59999999999687,AVAILABLE,30.202676514341253,78.25688037395233,4995.004227843337,200.04182692616197
130.69999999999686,AVAILABLE,30.202744218247343,78.25703518678205,4995.528238484635,200.02570084173604
130.79999999999686,AVAILABLE,30.202906556794428,78.25721719161565,4999.393679824112,199.9787030415212
130.89999999999685,AVAILABLE,30.203050584724135,78.25734775781801,4999.910926249968,200.14262593116948
130.99999999999685,AVAILABLE,30.203160200977354,78.2575558539876,5001.377186634844,199.94703572208257
131.09999999999684,AVAILABLE,30.20328546272646,78.25769101998853,4999.180637237158,200.05401051979285
131.19999999999683,AVAILABLE,30.203382542201275,78.25783941359089,5000.097833365168,199.9870090620923
131.29999999999683,AVAILABLE,30.203532220575177,78.25799575730525,4996.008426969545,200.0208415354973
131.39999999999682,AVAILABLE,30.203614361337443,78.25814999437947,5000.719783322552,200.03662495479946
131.49999999999682,AVAILABLE,30.20370707856081,78.25826810733925,5004.2017724967845,199.9973359574347
131.5999999999968,AVAILABLE,30.203879489219766,78.25846888463818,4998.400704871318,199.83114755471416
131.6999999999968,AVAILABLE,30.20398250230618,78.25862588559872,5005.253540439119,199.9797482389855
131.7999999999968,AVAILABLE,30.20409252808346,78.25873476032024,4998.179396941392,200.02459447800638
131.8999999999968,AVAILABLE,30.20420271335579,78.25891139506936,5004.253259432168,200.16026803366904
131.9999999999968,AVAILABLE,30.204307680608554,78.25908883613877,4998.71451831377,200.1484818939801
132.09999999999678,AVAILABLE,30.204448992550514,78.25925641300402,4997.194895207518,200.13274982457787
132.19999999999678,AVAILABLE,30.20455721033945,78.25943994101311,5003.27736681469,199.9349040710376
132.29999999999677,AVAILABLE,30.20468990293411,78.25956349133662,4999.336102136074,200.07498729464757
132.39999999999677,AVAILABLE,30.20479783316481,78.25971623359925,4998.10537543605,199.92555914919478
132.49999999999676,AVAILABLE,30.204917521613172,78.25987658149239,5003.2276234907995,199.86454297901767
132.59999999999675,AVAILABLE,30.205036020398335,78.26006322035936,4997.965893325306,199.8956547252557
132.69999999999675,AVAILABLE,30.205135206382405,78.26020375818696,4996.201510197301,200.00194992965785
132.79999999999674,AVAILABLE,30.205257684559868,78.2603325605904,4999.081114176486,199.96254414502042
132.89999999999674,AVAILABLE,30.205380957347213,78.26050062189744,5000.806848176316,199.9546489803347
132.99999999999673,AVAILABLE,30.205513869551645,78.26064899343952,4998.6377192514265,200.0041858787187
133.09999999999673,AVAILABLE,30.20559243365943,78.260799117391,4997.996031669904,199.89771938522472
133.19999999999672,AVAILABLE,30.20573696052141,78.26095816203802,4997.266371682912,200.10160072349436
133.29999999999671,AVAILABLE,30.205896387836507,78.26115128928356,5000.894326706395,200.1123983793562
133.3999999999967,AVAILABLE,30.205982471252298,78.26128242867362,5000.334542032152,199.9664134327023
133.4999999999967,AVAILABLE,30.20605506688738,78.2614275789115,4997.512979869946,200.0483595195707
133.5999999999967,AVAILABLE,30.20620388927538,78.26156487757738,4999.914251733002,200.0286684865546
133.6999999999967,AVAILABLE,30.206344205054833,78.26176708867081,5007.171772286913,199.91326004235438
133.7999999999967,AVAILABLE,30.206471900174392,78.26193588553777,4998.093871453149,199.98719090172216
133.89999999999668,AVAILABLE,30.206552682202485,78.26207138593031,4998.670818272055,199.95551259289724
133.99999999999667,AVAILABLE,30.206683844786763,78.26220965244183,5003.373616609717,200.08781153754805
134.09999999999667,AVAILABLE,30.206789298903413,78.26240634456254,4996.845797948033,199.82159839310398
134.19999999999666,AVAILABLE,30.20692529908254,78.26255699690306,4997.781964663313,200.0526191127034
134.29999999999666,AVAILABLE,30.207072715150215,78.26276548442459,4997.381172335083,200.03266511036153
134.39999999999665,AVAILABLE,30.20713327075213,78.26291894932491,4998.692493093902,200.08599909597774
134.49999999999665,AVAILABLE,30.20727489120513,78.26299533553329,4999.379493143384,199.8646369308172
134.59999999999664,AVAILABLE,30.20737954722666,78.26316896322415,5000.674835783241,199.7728270520252
134.69999999999663,AVAILABLE,30.207507716149227,78.26338483845643,4997.144799537677,200.03258526145308
134.79999999999663,AVAILABLE,30.207619142481985,78.26343031883995,4997.013749696613,199.93165180857784
134.89999999999662,AVAILABLE,30.20775981202764,78.2636454886007,4999.339079724526,200.06732244887758
134.99999999999662,AVAILABLE,30.207864764685507,78.26380001664813,5002.004655183083,199.8623759016809
135.0999999999966,AVAILABLE,30.20797658870781,78.2639867294092,4993.57961125456,199.92093477996903
135.1999999999966,AVAILABLE,30.208100951810525,78.26412266543353,4998.991019652646,200.04299204821686
135.2999999999966,AVAILABLE,30.208200064603773,78.26429549299134,5000.584087032029,200.18151847977026
135.3999999999966,AVAILABLE,30.208349051652082,78.26444382728272,5004.2482969758785,199.91967676308147
135.4999999999966,AVAILABLE,30.208446422087157,78.26455320417332,5002.61146167806,200.1654166503012
135.59999999999658,AVAILABLE,30.208560816470765,78.26472151577522,5003.374510846332,199.92626938699098
135.69999999999658,AVAILABLE,30.20867832462435,78.2649360553594,4998.923783007904,199.98135535551285
135.79999999999657,AVAILABLE,30.20883419431884,78.26507356466355,4996.80790440485,200.15052985340805
135.89999999999657,AVAILABLE,30.20889179785786,78.26523945681082,5001.470546570965,199.9476603840942
135.99999999999656,AVAILABLE,30.209026937391624,78.26535261674351,5005.18700033648,200.01244330275676
136.09999999999656,AVAILABLE,30.209147448988855,78.26554490638446,5003.613833383489,200.03188480968447
136.19999999999655,AVAILABLE,30.20928914848482,78.26571004063247,5000.176252953114,200.0316590517369
136.29999999999654,AVAILABLE,30.20939240071455,78.26582680917974,4996.198950393689,200.045062004589
136.39999999999654,AVAILABLE,30.20949959331458,78.26600423492187,4999.256848597441,200.09702840458354
136.49999999999653,AVAILABLE,30.209635197390963,78.26616827744715,4999.140452590159,199.98619946051917
136.59999999999653,AVAILABLE,30.2097419074244,78.26632432890132,4994.827714957138,199.99802496739753
136.69999999999652,AVAILABLE,30.20987246429083,78.26648454964682,4996.767525561294,199.95788932272717
136.79999999999652,AVAILABLE,30.20997686590192,78.26662238245554,4996.349403201571,199.89135677504123
136.8999999999965,AVAILABLE,30.21010171649975,78.26679885728515,5000.443979222512,199.91285170648183
136.9999999999965,AVAILABLE,30.21022631573185,78.26694394556638,4998.513415317406,199.90747148994015
137.0999999999965,AVAILABLE,30.210328093573146,78.26712021982704,4999.448081832109,199.98768606479018
137.1999999999965,AVAILABLE,30.210437105637983,78.26732056243277,4993.20515120948,199.7972085736156
137.2999999999965,AVAILABLE,30.210563506281275,78.26742393217631,5005.320597834347,200.0513779510119
137.39999999999648,AVAILABLE,30.21069618548918,78.26759614241205,5000.285235197574,199.80449043131316
137.49999999999648,AVAILABLE,30.21081320435858,78.26773877790967,5006.508973000854,199.9279038595011
137.59999999999647,AVAILABLE,30.210949060910238,78.2678632196927,5004.598347280086,200.01325912356643
137.69999999999646,AVAILABLE,30.21105935270835,78.2680633678759,5002.033424211802,200.00975446882757
137.79999999999646,AVAILABLE,30.21115037412491,78.26820265391254,4997.703704897863,199.98873023328227
137.89999999999645,AVAILABLE,30.211251098690035,78.26836679335103,5002.931850864961,200.1201907253838
137.99999999999645,AVAILABLE,30.211421452204316,78.26852362153807,4999.537541874267,199.97447583469383
138.09999999999644,AVAILABLE,30.21152274094788,78.26869259966101,5001.0144242424,199.8654583589924
138.19999999999644,AVAILABLE,30.211658293793633,78.26884485762426,5002.972058728687,200.00519249209913
138.29999999999643,AVAILABLE,30.211746689783727,78.26903245271812,4996.790501420843,199.83118608367906
138.39999999999642,AVAILABLE,30.21190507905674,78.26915440925049,4998.714891665078,199.94149642493196
138.49999999999642,AVAILABLE,30.21195102352323,78.26934547319989,5002.116890698998,200.05099907805578
138.5999999999964,AVAILABLE,30.212119724361813,78.26944487757015,5001.375182893034,200.10857135976883
138.6999999999964,AVAILABLE,30.212183136662905,78.26963352551282,5002.241228471518,200.0101484623879
138.7999999999964,AVAILABLE,30.212324683040276,78.26977493527141,4998.625441565863,200.03628423289953
138.8999999999964,AVAILABLE,30.212448875959286,78.26995151225981,4998.444988375296,199.9480156152369
138.9999999999964,AVAILABLE,30.212597271929575,78.27008952083482,5001.594846830535,199.8702589594694
139.09999999999638,AVAILABLE,30.212721444165126,78.27021991463005,5000.290800451593,199.977545295048
139.19999999999638,AVAILABLE,30.212798252233373,78.27040164466952,5003.705366154531,200.17389459951158
139.29999999999637,AVAILABLE,30.212925551500895,78.27055716141926,4994.366194328189,200.171511726954
139.39999999999637,AVAILABLE,30.213028491130327,78.2707029200887,5000.314431703089,200.0734055963088
139.49999999999636,AVAILABLE,30.213192852882223,78.27092429329977,5002.261507969572,199.95198412105245
139.59999999999636,AVAILABLE,30.213271526369294,78.2710326162489,5002.413342538777,200.09548909155117
139.69999999999635,AVAILABLE,30.213412251285202,78.27115418632793,4998.301503222263,200.145668845119
139.79999999999634,AVAILABLE,30.21350943050042,78.27134914841565,5008.180396424091,199.9926066782916
139.89999999999634,AVAILABLE,30.21366242219542,78.27154629259675,5002.274525513045,199.95650921819816
139.99999999999633,AVAILABLE,30.21371372524984,78.27164745369416,5001.929944186229,200.0591960859963
140.09999999999633,AVAILABLE,30.213893590047398,78.2717995669299,5000.598342210155,199.79498908931762
140.19999999999632,AVAILABLE,30.213974507890853,78.27199081030453,4993.453266979816,200.0816705928474
140.29999999999632,AVAILABLE,30.214141098045694,78.27210719637499,4999.223388396215,200.17184725119208
140.3999999999963,AVAILABLE,30.21423504230841,78.27230256248441,5000.322523686619,199.86281956859713
140.4999999999963,AVAILABLE,30.2143414286323,78.27247830074529,5000.260926819196,200.07216936619636
140.5999999999963,AVAILABLE,30.214455226946857,78.27259068114819,4998.706346648597,199.8946967102181
140.6999999999963,AVAILABLE,30.214555089520033,78.27276563450988,4999.313672009016,199.90596055857668
140.7999999999963,AVAILABLE,30.214709909506194,78.27290392948251,5001.276762965703,200.0498379786961
140.89999999999628,AVAILABLE,30.214845173284946,78.27308765938703,5002.368770973461,200.00747096418002
140.99999999999628,AVAILABLE,30.214907798796784,78.27325558939368,5005.038163909232,199.98757195165402
141.09999999999627,AVAILABLE,30.215088536029835,78.27341425685094,5006.002941832791,199.9818810246136
141.19999999999627,AVAILABLE,30.215152862528175,78.27355346398355,4997.821286608326,200.01984558358402
141.29999999999626,AVAILABLE,30.21528225318705,78.27371297203668,4999.72986378854,199.90257460354314
141.39999999999625,AVAILABLE,30.215394920622565,78.27389318983204,4999.809490456229,199.86591736987722
141.49999999999625,AVAILABLE,30.21548603510744,78.27401735237362,5000.836398068335,199.88197815260506
141.59999999999624,AVAILABLE,30.21560799515026,78.27419296847548,5009.582339107708,200.08719969174513
141.69999999999624,AVAILABLE,30.21574003828829,78.27433611542611,4999.643458684724,199.8728224293079
141.79999999999623,AVAILABLE,30.215850553184737,78.27449284677095,5002.370490293645,200.02528779927692
141.89999999999623,AVAILABLE,30.215981340744342,78.27466366018542,5001.5637757712075,199.90173212676154
141.99999999999622,AVAILABLE,30.216089573701275,78.2748237369245,5003.4086560329115,200.04054117652709
142.09999999999621,AVAILABLE,30.216250476003538,78.27499807799514,4995.414957344082,200.04786237442838
142.1999999999962,AVAILABLE,30.216370768596008,78.27514840084291,5004.281659990627,199.94124208054768
142.2999999999962,AVAILABLE,30.216477209672327,78.27529822763029,4998.205487158089,200.01906832203713
142.3999999999962,AVAILABLE,30.21655887129594,78.27542169524789,5000.982708991345,200.10514156556798
142.4999999999962,AVAILABLE,30.21670061842614,78.27562849550597,5004.467972580744,199.90171690920855
142.5999999999962,AVAILABLE,30.216816646586597,78.27574338888122,5002.469756405963,200.07181528722185
142.69999999999618,AVAILABLE,30.21692204309714,78.27593032591078,4996.038010169613,200.11778488571682
142.79999999999617,AVAILABLE,30.21701031519237,78.27606464618788,4997.876239620598,200.0675928805407
142.89999999999617,AVAILABLE,30.217176509965675,78.27618006321573,4995.963785088938,199.94128509622547
142.99999999999616,AVAILABLE,30.217311075097932,78.2764168019521,5002.046019763545,200.14229498993137
143.09999999999616,AVAILABLE,30.217394110892936,78.27654880607265,5000.380944015357,199.89201901117596
143.19999999999615,AVAILABLE,30.217519180281254,78.27668998371261,5001.368260127948,200.04953927899032
143.29999999999615,AVAILABLE,30.2176334560562,78.27684360377776,4994.29812248527,200.05053140524018
143.39999999999614,AVAILABLE,30.21775928523306,78.27701131900282,5001.637414934195,199.95046262853117
143.49999999999613,AVAILABLE,30.217861660261548,78.27715666431746,4998.9690114063,200.02176368849905
143.59999999999613,AVAILABLE,30.21798592532367,78.27731727788212,4996.011229917028,199.95924126898177
143.69999999999612,AVAILABLE,30.218083255097678,78.27746996433147,5001.619893026501,200.017139847627
143.79999999999612,AVAILABLE,30.218229669871217,78.27763629476304,5002.700839655505,199.88215684392435
143.8999999999961,AVAILABLE,30.21835825424403,78.27778332880041,5000.8347191801395,199.9847911059408
143.9999999999961,AVAILABLE,30.218458381626952,78.27796198050754,4998.06134546188,199.87870632913013
144.0999999999961,AVAILABLE,30.218577295666925,78.27808666209633,5000.43550117541,199.93920988427024
144.1999999999961,AVAILABLE,30.21868109877081,78.27827758591985,5001.205430362905,199.9815466053238
144.2999999999961,AVAILABLE,30.218816386668173,78.2784462637935,4999.186496926644,200.02580656042906
144.39999999999608,AVAILABLE,30.21891907801631,78.278596131439,4999.571183421837,200.05182374972412
144.49999999999608,AVAILABLE,30.21905239411297,78.27872614656545,4996.393967582184,199.9793694688532
144.59999999999607,AVAILABLE,30.219166878782588,78.27887209531552,5003.752691570736,200.1025628053926
144.69999999999607,AVAILABLE,30.21925640901559,78.27901185782483,4995.44118499625,200.01565353559207
144.79999999999606,AVAILABLE,30.21945893872909,78.27918902344743,4999.048291734438,200.13329148549695
144.89999999999606,AVAILABLE,30.219519726076744,78.27939406229727,5002.80239848492,199.99707866670053
144.99999999999605,AVAILABLE,30.21966230301702,78.27954758638639,4995.791342451223,199.9825408327745
145.09999999999604,AVAILABLE,30.219752982963865,78.27968600976445,4996.358865421963,199.90035400946817
145.19999999999604,AVAILABLE,30.21988311801087,78.27984250792755,5004.156748761292,200.02104216723353
145.29999999999603,AVAILABLE,30.220025679538757,78.28002717189548,5003.413540756119,199.64651737226208
145.39999999999603,AVAILABLE,30.220111020412272,78.28015940873115,4996.030446084529,199.94721140532613
145.49999999999602,AVAILABLE,30.220261827991877,78.2803005340446,4998.953377611501,200.17324679325748
145.59999999999602,AVAILABLE,30.22036714020908,78.2804724257437,4999.850956371654,200.00991566893688
145.699999999996,AVAILABLE,30.220493190156756,78.28058161501438,4999.335162023495,199.86343211905282
145.799999999996,AVAILABLE,30.220635518882588,78.28075121795513,4998.679728351958,200.0794423686704
145.899999999996,AVAILABLE,30.220730721521015,78.28085773076992,5001.26429278599,199.86225571468867
145.999999999996,AVAILABLE,30.22084928523597,78.28105180476716,5002.898916316272,199.92214307614418
146.099999999996,AVAILABLE,30.220983231033276,78.28122951004677,4995.762524092462,200.08479357928456
146.19999999999598,AVAILABLE,30.221131890190943,78.28133287772286,4999.590790248427,199.91400373705815
146.29999999999598,AVAILABLE,30.221237106445503,78.28149456665528,4997.879255415982,199.83524242269104
146.39999999999597,AVAILABLE,30.22138677880005,78.28163495473864,5002.389816627829,199.98460324410678
146.49999999999596,AVAILABLE,30.22154942190063,78.28180890058115,4995.960955867484,199.86278446026776
146.59999999999596,AVAILABLE,30.22160768830979,78.28193816290819,4995.042236267286,199.8873987638606
146.69999999999595,AVAILABLE,30.221748970556234,78.28206435217332,4999.700128208523,200.0232995551923
146.79999999999595,AVAILABLE,30.221855550685405,78.28225918714561,5000.2551925910375,200.10933353707543
146.89999999999594,AVAILABLE,30.222010452494754,78.2823919868528,4999.527422041427,200.0461815533498
146.99999999999594,AVAILABLE,30.22213020251799,78.28251098939674,5002.779618246416,199.94390309893348
147.09999999999593,AVAILABLE,30.222268695168733,78.28269969035128,4998.051235595301,199.99997783410782
147.19999999999592,AVAILABLE,30.22239910590295,78.28283015983942,4994.871245244843,199.97443157755282
147.29999999999592,AVAILABLE,30.22252075727107,78.28302854672795,5003.098207679871,199.78797481848878
147.3999999999959,AVAILABLE,30.222618775366794,78.28313536505252,4999.470646357749,199.89050573554428
147.4999999999959,AVAILABLE,30.222742998989865,78.28327046560315,5006.960291378932,200.0059925351086
147.5999999999959,AVAILABLE,30.222863546859756,78.28341909433215,5002.873656098986,200.05834875594914
147.6999999999959,AVAILABLE,30.223018625247377,78.28360185559553,4998.594537259454,199.92720917417734
147.7999999999959,AVAILABLE,30.22310892013486,78.28373600746015,5002.0559085987425,199.94483878683255
147.89999999999588,AVAILABLE,30.22325266401001,78.2839098677492,4998.637778737096,200.09784898350046
147.99999999999588,AVAILABLE,30.2233800113894,78.28405196151209,4999.922159369702,200.01734224810454
148.09999999999587,AVAILABLE,30.223481905802302,78.28417634367011,5000.750769503641,200.08943805908774
148.19999999999587,AVAILABLE,30.22361812668765,78.28435400189555,4999.3073593452345,199.9217184534942
148.29999999999586,AVAILABLE,30.223747395289195,78.28450133456164,4997.933721602971,199.940601061039
148.39999999999586,AVAILABLE,30.223863177486237,78.28464693459584,4995.574958495274,200.02743148487616
148.49999999999585,AVAILABLE,30.22400167643492,78.28479718317764,4998.313454722217,200.02799546029067
148.59999999999584,AVAILABLE,30.224102057451855,78.2849268703168,5002.397120381745,199.8671371026079
148.69999999999584,AVAILABLE,30.224235202267312,78.28508046998493,5001.948784498494,199.85599073729702
148.79999999999583,AVAILABLE,30.2243611024718,78.28521970089322,5004.968313698891,199.97236201950932
148.89999999999583,AVAILABLE,30.224487255668365,78.28539441905143,5002.592034125068,199.792703527412
148.99999999999582,AVAILABLE,30.22460206829699,78.28554638137574,4998.110554193142,199.85575815539892
149.09999999999582,AVAILABLE,30.224733653213594,78.28569488426753,5000.9770480788775,200.19600712325226
149.1999999999958,AVAILABLE,30.22484184201106,78.28581061908683,4996.376571716715,200.09729205778757
149.2999999999958,AVAILABLE,30.224980096901625,78.28595962047095,5002.437069153738,199.9259915337349
149.3999999999958,AVAILABLE,30.225141132656958,78.28614545396766,4998.014449199887,200.0893829193567
149.4999999999958,AVAILABLE,30.225260654362447,78.28632200857949,4998.759116423831,199.9681481109388
149.5999999999958,AVAILABLE,30.225397344993176,78.28646367944292,5000.771499078417,199.91499827800953
149.69999999999578,AVAILABLE,30.225476982604086,78.2865606007884,4997.027698320987,199.97932272097285
149.79999999999578,AVAILABLE,30.2255992862146,78.28675513053173,4992.264292935605,199.919875833344
149.89999999999577,AVAILABLE,30.22573337854077,78.28690259240663,5001.56800491292,199.87692472348576
149.99999999999577,AVAILABLE,30.225874608744885,78.28701800892075,5000.874328660691,199.87802056744226
150.09999999999576,AVAILABLE,30.225997700564147,78.28722005173076,5006.120587947421,200.10867098596214
150.19999999999575,AVAILABLE,30.226101765878383,78.28732851514876,4997.20040170607,199.93898260963877
150.29999999999575,AVAILABLE,30.226213797522465,78.28747599138417,5003.353351810446,200.223436780173
150.39999999999574,AVAILABLE,30.226377908361275,78.28764311579062,5002.018971913417,199.84194458740532
150.49999999999574,AVAILABLE,30.226479803348134,78.28780542410962,4999.300839808485,199.96319249323813
150.59999999999573,AVAILABLE,30.2266352445815,78.28789882684734,5003.50170820084,199.9187908440976
150.69999999999573,AVAILABLE,30.226754917754747,78.28808828074405,5002.185399335596,200.0992337078999
150.79999999999572,AVAILABLE,30.226851514832468,78.28825547145551,5001.519365459981,200.14254382510146
150.8999999999957,AVAILABLE,30.22698510610723,78.28841254741171,5002.185972024079,199.9557901387316
150.9999999999957,AVAILABLE,30.22713747969384,78.28852990615168,5002.7395857086885,199.9899648660832
151.0999999999957,AVAILABLE,30.227246333979856,78.28868885488586,5003.041963884186,199.9913280811036
151.1999999999957,AVAILABLE,30.227379722795714,78.28884970590201,4997.4222785661095,200.09239980372251
151.2999999999957,AVAILABLE,30.22752065087542,78.28899765319969,5001.217292142174,199.91481956765048
151.39999999999569,AVAILABLE,30.227642249842827,78.28910493325553,5000.432404689634,200.15498510941265
151.49999999999568,AVAILABLE,30.227731604782008,78.2892978422865,4997.821063927574,200.06584811012172
151.59999999999567,AVAILABLE,30.227843458127154,78.2894278474661,4998.086672798682,200.0101542028659
151.69999999999567,AVAILABLE,30.227963214200003,78.28961756320145,5000.930196919794,199.95111614470045
151.79999999999566,AVAILABLE,30.22814542773552,78.28973551837264,5000.769486074226,200.0288287837632
151.89999999999566,AVAILABLE,30.228272153898487,78.28988908606472,4996.7968570635485,200.00894242494473
151.99999999999565,AVAILABLE,30.228376012576504,78.29003507122265,4998.051091316424,199.91918004909053
152.09999999999565,AVAILABLE,30.228462878803505,78.29019541121488,4997.496510913627,199.93574760010966
152.19999999999564,AVAILABLE,30.22862741719252,78.29035764598922,4996.893247585977,199.9648708200872
152.29999999999563,AVAILABLE,30.22873608176331,78.29049552256967,4996.879996296725,199.91977494668023
152.39999999999563,AVAILABLE,30.228875602184782,78.29062225961805,4996.914251411391,199.99888266802984
152.49999999999562,AVAILABLE,30.228976488694904,78.29077891561005,5003.8513929653,199.98233207100188
152.59999999999562,AVAILABLE,30.22911538480289,78.29092461894821,4995.43631209604,200.01773079582043
152.6999999999956,AVAILABLE,30.229261013428598,78.29111045773537,5008.56026325666,199.97045475267387
152.7999999999956,AVAILABLE,30.22937126359879,78.29121113080672,5005.5559549097425,200.0991546937667
152.8999999999956,AVAILABLE,30.229509795350378,78.29139621196873,4999.601919737145,199.74621263265377
152.9999999999956,AVAILABLE,30.22963988834231,78.2915474920105,5000.772951291924,199.91735604413313
153.0999999999956,AVAILABLE,30.229757910467765,78.29168962001282,5000.601673767665,199.88930813159038
153.19999999999558,AVAILABLE,30.229847061365305,78.2918313512127,4999.681595274071,199.89599535478743
153.29999999999558,AVAILABLE,30.23002327796331,78.29197389350324,4999.803783384356,200.02601013851802
153.39999999999557,AVAILABLE,30.230143457008886,78.29211669901856,4999.442873660457,199.8725483855035
153.49999999999557,AVAILABLE,30.230260747100136,78.29229148159432,5000.475486231047,200.0284392314001
153.59999999999556,AVAILABLE,30.23039942313965,78.29243013574884,4998.2483585664095,199.94211094464336
153.69999999999555,AVAILABLE,30.230510213569488,78.29259445870011,5001.440525563629,199.93515608988344
153.79999999999555,AVAILABLE,30.23062640318138,78.29274452824058,5000.318158979791,199.986823339234
153.89999999999554,AVAILABLE,30.230749985156038,78.29289014629654,4998.56028957858,199.96879033274195
153.99999999999554,AVAILABLE,30.230835556304832,78.29304406751697,4999.670783993717,200.1549540426484
154.09999999999553,AVAILABLE,30.23095920752543,78.29318497615294,5001.778960686327,199.93013968273172
154.19999999999553,AVAILABLE,30.2311248358233,78.29333714452505,5001.588536793869,199.97666677313848
154.29999999999552,AVAILABLE,30.231183976808857,78.29348274439702,5000.2822607589405,199.92688179790187
154.39999999999552,AVAILABLE,30.23134213362541,78.29364174340087,5001.189309708609,200.1579263420465
154.4999999999955,AVAILABLE,30.231476346991865,78.2938053285725,5000.05132032142,199.95037228185518
154.5999999999955,AVAILABLE,30.231624698281564,78.29394871047195,4998.424363140421,200.1570407535073
154.6999999999955,AVAILABLE,30.23174095952757,78.29405465152614,4996.583989194015,200.10719677348138
154.7999999999955,AVAILABLE,30.23185557963156,78.29423195219374,5000.317861302501,199.9887564533774
154.8999999999955,AVAILABLE,30.232008001128925,78.294369888606,4996.670930743751,199.76985922901372
154.99999999999548,AVAILABLE,30.232113168813687,78.29452422773716,5003.714771948687,199.9295896317207
155.09999999999548,AVAILABLE,30.232258572341408,78.29467351794516,5005.162057790418,199.90262894996604
155.19999999999547,AVAILABLE,30.23235787326249,78.29484344998514,5003.565307775525,200.08439421373083
155.29999999999546,AVAILABLE,30.23246598466602,78.2950017792866,4999.972100300886,199.8371875418704
155.39999999999546,AVAILABLE,30.232604823055716,78.29512171491264,4997.602359615716,200.13059174104902
155.49999999999545,AVAILABLE,30.23274939946217,78.29530246338061,4997.359386640368,199.83299312287375
155.59999999999545,AVAILABLE,30.232872768207702,78.29542928993129,5002.5897032374,200.06601506587754
155.69999999999544,AVAILABLE,30.232992335649616,78.29559505401615,5000.230019181066,200.02051656306222
155.79999999999544,AVAILABLE,30.233149970997815,78.2957550246393,4996.844197269942,199.84180306534594
155.89999999999543,AVAILABLE,30.233263701063407,78.29586894381094,4999.605059506123,199.95118567502516
155.99999999999542,AVAILABLE,30.23337008255153,78.29601922470478,4996.428958191833,199.82150101057596
156.09999999999542,AVAILABLE,30.233446122149676,78.29615572336434,5003.674120150492,199.90623053886696
156.1999999999954,AVAILABLE,30.233613563048863,78.29635078002458,5003.941629774837,199.94429835820975
156.2999999999954,AVAILABLE,30.233751654763875,78.2964694643986,4994.184727518927,200.09574386282026
156.3999999999954,AVAILABLE,30.23386574296946,78.29660884928235,5000.618003338855,200.03336454410595
156.4999999999954,AVAILABLE,30.233991645085304,78.29675676909089,4999.47596416182,200.03055535570041
156.5999999999954,AVAILABLE,30.234127085934,78.29692222820823,4996.750331102097,200.04243590926586
156.69999999999538,AVAILABLE,30.23426065511317,78.29706414907473,5001.517607952477,200.10482697543543
156.79999999999538,AVAILABLE,30.234382334689318,78.29725431105526,5000.850063787928,200.14077089748986
156.89999999999537,AVAILABLE,30.234512504515976,78.29735895988351,5000.9300893408035,200.02351835421044
156.99999999999537,AVAILABLE,30.23460079870881,78.29751913694344,4993.97606285715,200.07103710068574
157.09999999999536,AVAILABLE,30.23475323670723,78.29769973266112,5004.046046691648,199.93950587601216
157.19999999999536,AVAILABLE,30.234859999013516,78.29785771683557,5003.238995361545,199.92624613700315
157.29999999999535,AVAILABLE,30.23494535368683,78.2979706764614,4996.794514268026,200.00626456187032
157.39999999999534,AVAILABLE,30.235130091878325,78.29809516074158,5000.824458377033,199.87842321103625
157.49999999999534,AVAILABLE,30.235282135762827,78.29827614549116,5001.425519349024,199.8955956540793
157.59999999999533,AVAILABLE,30.23532410610363,78.29840495237814,4997.129812724908,200.11726228698402
157.69999999999533,AVAILABLE,30.235466693471107,78.29859190874431,5001.264441069262,199.98884559087708
157.79999999999532,AVAILABLE,30.23556752567133,78.2987131007806,5002.91222787851,200.0537304151851
157.89999999999532,AVAILABLE,30.235739771991554,78.29884447061644,5000.378108405554,200.0253704547101
157.9999999999953,AVAILABLE,30.235853237527607,78.29903317909104,4997.869130155833,199.7992240999379
158.0999999999953,AVAILABLE,30.2359753014482,78.29915963781987,5003.657016000161,200.07194968271895
158.1999999999953,AVAILABLE,30.236110835694994,78.29931244415675,5001.674709926217,200.14941352126422
158.2999999999953,AVAILABLE,30.23621925581165,78.29946034543156,5003.452285170987,200.04808395585312
158.3999999999953,AVAILABLE,30.23635363882393,78.29964748242018,5001.654798805384,199.90571879958972
158.49999999999528,AVAILABLE,30.236491336685564,78.29977313128636,5004.958011137576,200.0607396407115
158.59999999999528,AVAILABLE,30.23661997447005,78.29992587580546,5001.562894526737,199.86108554701184
158.69999999999527,AVAILABLE,30.23671004286948,78.30008102364225,5001.19917285986,199.9596517881638
158.79999999999526,AVAILABLE,30.23682516028679,78.30020012980394,5001.613446183573,200.0126895933574
158.89999999999526,AVAILABLE,30.236974420649183,78.30035325607543,5000.799443755004,199.9849151519984
158.99999999999525,AVAILABLE,30.23710796564441,78.30051191102822,5000.450765937383,200.02827039180002
159.09999999999525,AVAILABLE,30.237224460316675,78.30070680046667,4998.233663158015,200.0166314080719
159.19999999999524,AVAILABLE,30.23733272199455,78.30080127518545,5002.761386134352,200.07263955437938
159.29999999999524,AVAILABLE,30.237489339107313,78.30095788910323,5001.060902643046,199.90070591398933
159.39999999999523,AVAILABLE,30.237629591133857,78.3010670306094,4998.844992123253,199.9202759385919
159.49999999999523,AVAILABLE,30.237758514533336,78.30126741015398,5003.71213679851,200.14456439102366
159.59999999999522,AVAILABLE,30.237868304858743,78.30138729116945,4997.738454485784,199.9500836246246
159.6999999999952,AVAILABLE,30.237992213678357,78.30157907589222,4996.011205260417,200.07845830508657
159.7999999999952,AVAILABLE,30.238091671421504,78.30171364918756,5000.772215299836,199.98702187850785
159.8999999999952,AVAILABLE,30.238262971607664,78.30189453013301,4996.042893954166,199.8874275542356
159.9999999999952,AVAILABLE,30.238380325699108,78.30202302048407,5001.885091751535,200.00250822509548
160.0999999999952,AVAILABLE,30.238506659894213,78.30218654038181,5002.359389085043,199.9323283112601
160.19999999999519,AVAILABLE,30.238620347629332,78.30228683667221,4999.277723301584,199.93645612525253
160.29999999999518,AVAILABLE,30.238720362645314,78.30245067051845,4993.977184649179,200.12384087503207
160.39999999999517,AVAILABLE,30.238855376719535,78.30261629554123,5001.503697244049,200.10651812135507
160.49999999999517,AVAILABLE,30.239008099796468,78.30276083630442,5000.563937074754,199.90946623893365
160.59999999999516,AVAILABLE,30.239122129809598,78.30292007995183,5002.727305180448,200.08273006078701
160.69999999999516,AVAILABLE,30.239247890457086,78.30308062323451,5000.261095216316,199.87573100484408
160.79999999999515,AVAILABLE,30.239364640387848,78.30325431306055,4998.698293068483,199.93226261637335
160.89999999999515,AVAILABLE,30.2394947139685,78.30340395498396,4996.876845614384,199.7584127292603
160.99999999999514,AVAILABLE,30.239597445238413,78.30352104173025,4999.571611961682,199.9739702709393
161.09999999999513,AVAILABLE,30.239724341602155,78.3036553482979,4997.518454952591,200.0359981456846
161.19999999999513,AVAILABLE,30.239868539295575,78.30378566492028,5004.7457200218305,200.04415064560956
161.29999999999512,AVAILABLE,30.239993087664587,78.30396258417491,5000.764415747565,199.88763944255214
161.39999999999512,AVAILABLE,30.240136463502612,78.30414772475288,4999.281399106509,199.8681263148783
161.4999999999951,AVAILABLE,30.24022740159197,78.30428043094064,4998.818600497367,199.9204363521997
161.5999999999951,AVAILABLE,30.24036066710797,78.30439979654687,5004.005751055712,200.09455179991625
161.6999999999951,AVAILABLE,30.24049458309483,78.30455308224633,5000.62052193612,200.11093754176045
161.7999999999951,AVAILABLE,30.240569932023444,78.30472191673645,5004.218672797418,200.18115127477725
161.8999999999951,AVAILABLE,30.240715339474583,78.3048732184247,5003.132965100639,200.12058386782317
161.99999999999508,AVAILABLE,30.24082424553827,78.30497551826613,5000.462879788836,200.0498315398747
162.09999999999508,AVAILABLE,30.24097993881459,78.30516032792947,5003.834082874611,200.14775065745627
162.19999999999507,AVAILABLE,30.24109641694257,78.30532026237863,4996.529368523549,200.1735493229045
162.29999999999507,AVAILABLE,30.241206706745967,78.30544456589664,4997.330565347857,199.89515228960695
162.39999999999506,AVAILABLE,30.241379767705705,78.30566493906387,5000.782049842795,199.96639466742104
162.49999999999505,AVAILABLE,30.241494660831545,78.30574763233763,5004.013271201742,199.996354810999
162.59999999999505,AVAILABLE,30.241614128334756,78.30590195755416,4999.38673270508,199.8380376811215
162.69999999999504,AVAILABLE,30.241731787423145,78.30608468589945,4994.445378411358,199.89901664487016
162.79999999999504,AVAILABLE,30.241847774884025,78.30620957081094,4999.729176560213,199.99549272788548
162.89999999999503,AVAILABLE,30.2419863054873,78.3063651115667,4994.95423405138,200.0313701464766
162.99999999999503,AVAILABLE,30.24212770691438,78.30652105664431,4994.679605703148,200.02323172537905
163.09999999999502,AVAILABLE,30.242239504083734,78.30664495684384,5000.228566872596,200.12764367275034
163.19999999999501,AVAILABLE,30.242384899975594,78.30681800115053,5001.52235099455,199.98348863420878
163.299999999995,AVAILABLE,30.24247335578295,78.30699401447471,5002.887377273344,200.06170014623828
163.399999999995,AVAILABLE,30.24259613663765,78.30714556642037,5003.121396353915,199.87083224525438
163.499999999995,AVAILABLE,30.24275003175491,78.30726839417764,5000.83543289283,199.7982933123372
163.599999999995,AVAILABLE,30.24282906373359,78.30743531468272,4997.699031480085,200.08124489654585
163.699999999995,AVAILABLE,30.24295638384595,78.30753389809001,5005.73226467218,200.09093984525424
163.79999999999498,AVAILABLE,30.243102798482294,78.30771907353137,4997.874214331739,200.03560018871457
163.89999999999498,AVAILABLE,30.243251171090684,78.30785562372486,5001.456890177761,199.83077835734676
163.99999999999497,AVAILABLE,30.24338722426936,78.30803499984474,4999.909998276084,199.96655719251825
164.09999999999496,AVAILABLE,30.243505084228754,78.30815345405263,5001.109260449885,199.9686115972473
164.19999999999496,AVAILABLE,30.243588031831035,78.3083354003855,4998.763368221034,200.0464192382049
164.29999999999495,AVAILABLE,30.24372324570976,78.30846084402158,4999.486848414763,199.93451373122446
164.39999999999495,AVAILABLE,30.243867536291674,78.30861168072927,5002.588223515945,200.0746823015949
164.49999999999494,AVAILABLE,30.244001196786524,78.3087531088805,5001.99112211438,199.98255990844262
164.59999999999494,AVAILABLE,30.244103710313745,78.3088983188268,4998.5766610883065,200.06301559347224
164.69999999999493,AVAILABLE,30.244222843157292,78.3090478521462,5002.5449008425885,200.03568174500407
164.79999999999492,AVAILABLE,30.244331970269496,78.3092150681056,5003.384660744236,200.10962040144997
164.89999999999492,AVAILABLE,30.244469086715355,78.30933961688221,4998.90331965171,200.13440784218392
164.9999999999949,AVAILABLE,30.244616974199868,78.30946486176721,5002.576249398208,199.77821673528373
165.0999999999949,AVAILABLE,30.244763207566177,78.30967999259187,4998.816251780134,200.0106949313167
165.1999999999949,AVAILABLE,30.24486523691273,78.30980199803176,5001.390587346839,199.98704555840752
165.2999999999949,AVAILABLE,30.244973729037905,78.3099938241496,4993.883706388073,200.0047037010709
165.3999999999949,AVAILABLE,30.245078080712975,78.31010816970536,4997.875675127078,200.25462792460388
165.49999999999488,AVAILABLE,30.245218744279562,78.3102589573402,4998.144728923098,200.0889394602952
165.59999999999488,AVAILABLE,30.24534369121348,78.31039803388944,5005.611175196152,200.078093787727
165.69999999999487,AVAILABLE,30.245482562402156,78.3106116767297,4998.100992886297,199.91874014545613
165.79999999999487,AVAILABLE,30.245588347319366,78.3107363785001,4998.1435334173875,200.11902519074044
165.89999999999486,AVAILABLE,30.24571616830872,78.31082346695362,4997.595136988915,200.02871439045938
165.99999999999486,AVAILABLE,30.2458737708393,78.31103812253716,5001.099239380583,200.068408461604
166.09999999999485,AVAILABLE,30.245929711956453,78.31116637240054,5000.115616979943,199.96910259877274
166.19999999999484,AVAILABLE,30.246090131207943,78.31132905755943,5003.417771940217,200.19645874576108
166.29999999999484,AVAILABLE,30.24622346829833,78.31144405795442,5005.655743681873,199.96795836056376
166.39999999999483,AVAILABLE,30.246342486355072,78.31158161626006,5001.2603512055175,200.06056984549483
166.49999999999483,AVAILABLE,30.24649186790904,78.31176495978903,5001.632369900502,200.05542931136085
166.59999999999482,AVAILABLE,30.246610825277138,78.31193468145364,5002.5574182670925,200.01888024746307
166.69999999999482,AVAILABLE,30.24671680357871,78.31207672625759,4998.26856908126,199.98523302422797
166.7999999999948,AVAILABLE,30.246838459416235,78.31225424060871,4997.0864844982825,200.06639191610364
166.8999999999948,AVAILABLE,30.246988348854035,78.3123779588496,4999.881150906367,200.00838906986652
166.9999999999948,AVAILABLE,30.247097533579513,78.3124530620766,4997.7072918928225,200.13640254817986
167.0999999999948,AVAILABLE,30.247211275917238,78.31266225387226,5007.912768901478,199.90318252293088
167.1999999999948,AVAILABLE,30.247341745458243,78.3128040593405,4994.004604899324,199.91317333229222
167.29999999999478,AVAILABLE,30.247450015011356,78.3129704694323,4999.258714839546,199.78674881831256
167.39999999999478,AVAILABLE,30.24761510818117,78.31312923150368,4998.914910412721,200.09467139665276
167.49999999999477,AVAILABLE,30.247735976323106,78.31323985420039,5000.843737375026,200.01846962277256
167.59999999999476,AVAILABLE,30.247835289529007,78.31338737681911,5001.223719970549,200.23067114013654
167.69999999999476,AVAILABLE,30.247974493924502,78.31356295959601,4996.836658799409,199.97404481920802
167.79999999999475,AVAILABLE,30.24809639850167,78.31370060880342,4998.032557446121,199.99513393072456
167.89999999999475,AVAILABLE,30.248214789101468,78.31388412191006,5006.149662545227,199.9238662645819
167.99999999999474,AVAILABLE,30.248343240240267,78.31401717885035,5001.749252039195,199.92365148395936
168.09999999999474,AVAILABLE,30.248464386509504,78.31417022056726,4995.085022947508,200.22150553676295
168.19999999999473,AVAILABLE,30.248604927382654,78.31430155510152,4999.548993911654,199.89266100079877
168.29999999999472,AVAILABLE,30.24875676479426,78.3144559947925,4998.694738601837,200.17570210354475
168.39999999999472,AVAILABLE,30.248867789534305,78.31460355629548,5001.30874131419,199.96678417299663
168.4999999999947,AVAILABLE,30.248967610540365,78.31475286518994,5000.892288957368,200.10948864721587
168.5999999999947,AVAILABLE,30.249134515449853,78.3148621365772,5006.9669957857495,200.1024351824026
168.6999999999947,AVAILABLE,30.249224151900634,78.31504823913232,4994.395745668834,200.1194422250796
168.7999999999947,AVAILABLE,30.24932905760952,78.3152206023937,4998.75581836136,199.83742736256897
168.8999999999947,AVAILABLE,30.249481108486645,78.31536702239654,4997.192607116762,200.08593944383875
168.99999999999469,AVAILABLE,30.249630895415596,78.31551697451089,5001.294176460025,199.92661975566105
169.09999999999468,AVAILABLE,30.24970465309211,78.31564818689662,5000.207007082706,200.00117481958867
169.19999999999467,AVAILABLE,30.24984462073798,78.31585831992886,5001.713407619328,199.9023694341011
169.29999999999467,AVAILABLE,30.249951491524758,78.31592020096636,4996.971366036308,200.0578723133938
169.39999999999466,AVAILABLE,30.25009280384296,78.31609181391661,5001.768875490796,200.0549212838028
169.49999999999466,AVAILABLE,30.25022946813014,78.31625581345082,4999.889752861696,199.86813900543507
169.59999999999465,AVAILABLE,30.250314510684586,78.31638918134936,4997.633966635458,199.91810555964818
169.69999999999465,AVAILABLE,30.250469417025442,78.31654595943162,4996.086192616132,199.98971121903384
169.79999999999464,AVAILABLE,30.250603432114165,78.31669544030635,5002.4572071380335,200.031545708391
169.89999999999463,AVAILABLE,30.25072925860913,78.31684778139727,5001.240419953697,200.06824886492183
169.99999999999463,AVAILABLE,30.25081246668796,78.31702763562062,4998.4665581219915,200.06506181883316
170.09999999999462,AVAILABLE,30.25093055758379,78.31714625426942,4994.9029744393565,199.98515969218892
170.19999999999462,AVAILABLE,30.251100119702528,78.317313615243,5000.062063803695,199.8747468300366
170.2999999999946,AVAILABLE,30.251245130308842,78.3174270387439,4998.991064915906,199.9223269402702
170.3999999999946,AVAILABLE,30.25133576531557,78.31757570405296,5003.256810619031,200.0746115409708
170.4999999999946,AVAILABLE,30.251472742735665,78.31775175269553,4997.120085296533,199.98899211844767
170.5999999999946,AVAILABLE,30.251580007138205,78.317906420661,5001.181185708899,199.97528581520567
170.6999999999946,AVAILABLE,30.251728354371412,78.31806663031611,5002.414023647056,200.1974754000433
170.79999999999458,AVAILABLE,30.25182040044467,78.31817869986365,4996.350513888117,199.9802207691091
170.89999999999458,AVAILABLE,30.25194226857719,78.31834319957404,5002.5142467551295,200.07292537921583
170.99999999999457,AVAILABLE,30.25212523596814,78.31852185657245,5003.039033125268,199.94710298118932
171.09999999999457,AVAILABLE,30.252214210843473,78.31867225190867,5002.575765052398,199.8083647413456
171.19999999999456,AVAILABLE,30.25232056021964,78.31878350551547,4997.4200822777,200.13173727907437
171.29999999999455,AVAILABLE,30.252502817323457,78.31896057712854,5001.022134281734,200.19419459834114
171.39999999999455,AVAILABLE,30.25260329674761,78.31911521413599,5001.11811717288,200.03743212127867
171.49999999999454,AVAILABLE,30.25274433725776,78.31926856603137,5000.256092210728,199.9606860105249
171.59999999999454,AVAILABLE,30.252849634505036,78.31936874959902,5001.382180920598,200.01260933498216
171.69999999999453,AVAILABLE,30.252975588980746,78.3195291454915,5001.406164779319,200.0183081417468
171.79999999999453,AVAILABLE,30.25309456273887,78.31971077706235,4997.511050631363,199.85436320947088
171.89999999999452,AVAILABLE,30.253227709911634,78.31980715731652,5001.785090290078,200.2067545848369
171.99999999999451,AVAILABLE,30.253351076332027,78.32002058114195,5004.883151260265,200.1044195784803
172.0999999999945,AVAILABLE,30.253510186148464,78.32013458096826,4998.976348698642,200.0483327110358
172.1999999999945,AVAILABLE,30.25356512516565,78.32030244068245,5000.20023903104,200.1297913730002
172.2999999999945,AVAILABLE,30.25373817528944,78.32046838723558,5002.090276372554,200.0061379462747
172.3999999999945,AVAILABLE,30.253849112720378,78.32061812164171,5003.03514854845,199.92809497384013
172.4999999999945,AVAILABLE,30.25397680243756,78.32075063461097,5000.796641449728,200.1154396360473
172.59999999999448,AVAILABLE,30.254089083788674,78.32088290122289,4997.267010405078,199.94268253332308
172.69999999999447,AVAILABLE,30.254229398872184,78.32104850745635,4998.205872660869,200.07727712901928
172.79999999999447,AVAILABLE,30.254346183307433,78.32121640277593,5006.5790364795885,200.18812575006348
172.89999999999446,AVAILABLE,30.254474366344994,78.32135875788342,5003.340992454494,200.1277897694798
172.99999999999446,AVAILABLE,30.254586597012864,78.32147610727316,5002.588833416871,200.02250871350319
173.09999999999445,AVAILABLE,30.254728855197378,78.32166275692039,4997.904721126983,199.94899473676693
173.19999999999445,AVAILABLE,30.254862000544094,78.32179798356518,4997.655368959749,199.97246259746677
173.29999999999444,AVAILABLE,30.254974757716532,78.32194061063038,5005.212171026828,200.0812348513171
173.39999999999444,AVAILABLE,30.255065700159562,78.32210587635835,5004.7067773741455,200.32962805417162
173.49999999999443,AVAILABLE,30.2552088757387,78.32225149625985,4995.930953379478,200.05562513891454
173.59999999999442,AVAILABLE,30.25535079676977,78.32240675266169,4996.747314759692,200.07812586264487
173.69999999999442,AVAILABLE,30.25549989893244,78.3225790029217,5001.0867459114725,199.99492646198357
173.7999999999944,AVAILABLE,30.255608052706762,78.3226976892231,4992.41279168056,199.82821559429448
173.8999999999944,AVAILABLE,30.255741354429425,78.32287817388014,4999.623809871633,199.9201769278612
173.9999999999944,AVAILABLE,30.255836237035535,78.32297363695879,4999.2382065201655,200.17469943237114
174.0999999999944,AVAILABLE,30.255955251403577,78.32313374565614,4995.968202719819,200.02057114859858
174.1999999999944,AVAILABLE,30.256074283719787,78.32331367955602,4999.074209033124,200.1681308978687
174.29999999999438,AVAILABLE,30.256226832410835,78.32345995574407,4995.779545016404,200.00241002154945
174.39999999999438,AVAILABLE,30.256346524993262,78.32360704868472,5001.066220617391,200.01225628768378
174.49999999999437,AVAILABLE,30.25644494618609,78.3236997402193,4996.651485348457,200.10139344510569
174.59999999999437,AVAILABLE,30.256605162845116,78.32392344564308,5000.984359454384,200.0227032423766
174.69999999999436,AVAILABLE,30.2567159523074,78.32401403863446,5000.534521485705,199.93524072145885
174.79999999999436,AVAILABLE,30.25682955667351,78.32417889827184,4999.798410594722,200.0915151440031
174.89999999999435,AVAILABLE,30.2569797259941,78.32432914682018,5000.72673792007,199.99256095017418
174.99999999999434,AVAILABLE,30.257054081339117,78.32451877909394,4998.059085085252,200.05803567704436
175.09999999999434,AVAILABLE,30.25720085874235,78.32466529171789,5003.745193084003,200.02614753615163
175.19999999999433,AVAILABLE,30.25734968757566,78.32478540391324,4999.048943632283,199.88810723821985
175.29999999999433,AVAILABLE,30.25748369974171,78.32497355924295,4998.560491104081,200.0037900671968
175.39999999999432,AVAILABLE,30.257577664844124,78.32507154296388,4998.45578819679,199.88027981153613
175.49999999999432,AVAILABLE,30.257679636748193,78.32525481400762,4997.01294736675,199.99581532649214
175.5999999999943,AVAILABLE,30.257791605117113,78.32540039047606,4997.923631973379,199.93746568356173
175.6999999999943,AVAILABLE,30.257979852702807,78.32554588983895,5000.897386012638,200.00534602451938
175.7999999999943,AVAILABLE,30.25809771449996,78.32568185826936,4999.96505043187,199.9766760183972
175.8999999999943,AVAILABLE,30.25822666144482,78.32583622132366,5002.259956981017,200.05283818254628
175.9999999999943,AVAILABLE,30.258328341507593,78.32601321263746,4998.80235511543,199.93599696814385
176.09999999999428,AVAILABLE,30.258449252269052,78.32612564071364,5000.93380108007,199.98035295251088
176.19999999999428,AVAILABLE,30.25858297691703,78.32631564638818,5002.645023011224,200.01097607824215
176.29999999999427,AVAILABLE,30.25867857644569,78.32645786214407,4994.123624083723,199.9107418488415
176.39999999999426,AVAILABLE,30.258835312820917,78.32662958395768,4992.554744556135,199.84686671329843
176.49999999999426,AVAILABLE,30.25895020425956,78.3267619305211,4995.103629124562,199.91999394171398
176.59999999999425,AVAILABLE,30.259109701993236,78.32691578698989,4998.176239500299,200.10138206424514
176.69999999999425,AVAILABLE,30.25921429701685,78.32702847427609,4997.859528614933,199.93723436387825
176.79999999999424,AVAILABLE,30.259318241035302,78.32720677335978,5003.02992320403,199.8559762795492
176.89999999999424,AVAILABLE,30.259474447649996,78.32732539633103,4999.782262873458,200.03035267332356
176.99999999999423,AVAILABLE,30.259605544254587,78.32749651539363,5000.746297055907,200.16292951899092
177.09999999999422,AVAILABLE,30.259741203551513,78.32766881494358,5002.2514308065165,200.05081894363718
177.19999999999422,AVAILABLE,30.25986648853385,78.32781213883747,4997.966390437864,200.0106192651241
177.2999999999942,AVAILABLE,30.2599692716895,78.32791772806354,4998.266342930254,200.1710737491827
177.3999999999942,AVAILABLE,30.260066315945274,78.32810719724696,5000.939150279723,200.09650572436274
177.4999999999942,AVAILABLE,30.26019763465964,78.32823032875909,5000.159734110488,199.93710859310343
177.5999999999942,AVAILABLE,30.26036426766539,78.32840016402395,5002.559190018172,199.9003853246144
177.6999999999942,AVAILABLE,30.260471907438703,78.32859806313837,4999.835226200417,199.88790363864805
177.79999999999418,AVAILABLE,30.26060661346264,78.328686305228,4996.134623193517,199.88723561255787
177.89999999999418,AVAILABLE,30.260689775649062,78.32885694369584,4997.450200606194,199.9131074768847
177.99999999999417,AVAILABLE,30.26082917762995,78.32900482600641,5002.6704380495985,200.12328638195973
178.09999999999417,AVAILABLE,30.260954745507142,78.32916700538512,4997.6378631580355,200.17106933661475
178.19999999999416,AVAILABLE,30.261096707223654,78.32930129038475,4995.2353896294435,200.09740983510514
178.29999999999416,AVAILABLE,30.2612020119676,78.32943294477535,4997.537342873118,199.9393825734636
178.39999999999415,AVAILABLE,30.26134413666041,78.32960444733264,5000.155872223041,200.18731991120617
178.49999999999415,AVAILABLE,30.261437685359844,78.32975140897429,4996.015013982327,200.0563627354085
178.59999999999414,AVAILABLE,30.26159527295813,78.32989818210022,5001.51833252582,200.05845800571166
178.69999999999413,AVAILABLE,30.261718518097435,78.33001646871068,5002.63235733302,200.17487756911044
178.79999999999413,AVAILABLE,30.261854862934626,78.33018974573935,5005.898014114986,200.02472189495276
178.89999999999412,AVAILABLE,30.261980587872287,78.33035925981001,5004.328365656943,199.84078121168446
178.99999999999412,AVAILABLE,30.262070132401877,78.33050586441416,4999.282917776088,199.9636461087752
179.0999999999941,AVAILABLE,30.262236244294517,78.33063318868915,5000.927788969319,200.03765250952543
179.1999999999941,AVAILABLE,30.262330009896964,78.33074663618405,4994.415512801704,199.97415397784204
179.2999999999941,AVAILABLE,30.262498471713386,78.33092968401563,4999.92918092655,200.20778680686195
179.3999999999941,AVAILABLE,30.262584463010793,78.33110516021364,5000.934954571378,199.916232584677
179.4999999999941,AVAILABLE,30.26269321309465,78.33123401744024,4999.977518259911,199.92664083349297
179.59999999999408,AVAILABLE,30.262824601257797,78.33139978184822,5003.5986416697015,200.23598955793486
179.69999999999408,AVAILABLE,30.26294554478789,78.33155019066905,4997.052943861383,199.93810652254868
179.79999999999407,AVAILABLE,30.26305226791156,78.3317300954313,4998.72195472612,200.09597120428012
179.89999999999407,AVAILABLE,30.2631890771173,78.33179530695298,5005.124737133361,199.83843706336077
179.99999999999406,AVAILABLE,30.263314299531384,78.33201900679369,5000.268432695929,199.98140090095106
180.09999999999405,AVAILABLE,30.26348170477439,78.33213801661574,5002.402807935702,199.87633744060173
180.19999999999405,AVAILABLE,30.263608213343645,78.33228222665575,5000.536106026431,199.92816084742236
180.29999999999404,AVAILABLE,30.263692803296472,78.3324378845117,5002.752082872029,199.97551220253177
180.39999999999404,AVAILABLE,30.263835761059024,78.332583799168,5003.971630050686,199.8534993766891
180.49999999999403,AVAILABLE,30.263926992709585,78.33277293732543,4993.516146672725,200.17209374525925
180.59999999999403,AVAILABLE,30.26408169058737,78.33290246642203,5000.969708560996,199.93423668013614
180.69999999999402,AVAILABLE,30.26421611352264,78.33308571180952,5003.660028066419,199.92876749167996
180.79999999999401,AVAILABLE,30.264353933235885,78.33316885758862,4999.34496043048,200.01458174678766
180.899999999994,AVAILABLE,30.264478849465977,78.33331433492985,5003.152076072815,199.95877802637696
180.999999999994,AVAILABLE,30.264551914493744,78.33351380667133,4998.750816256393,199.79965333345422
181.099999999994,AVAILABLE,30.26472051337263,78.33360788366636,4998.866207920991,199.88735175629472
181.199999999994,AVAILABLE,30.264816479608157,78.33381552664373,5001.904863873522,199.8492015385443
181.299999999994,AVAILABLE,30.26495184248754,78.33394420225963,5004.069409966212,200.0460606748612
181.39999999999398,AVAILABLE,30.265058999557976,78.33406583804603,5001.9917895651315,200.07635808924985
181.49999999999397,AVAILABLE,30.265194792400536,78.33422957991961,5001.528814018155,200.0289537376598
181.59999999999397,AVAILABLE,30.26528317922737,78.33438686987492,5002.470416600404,199.85158647951184
181.69999999999396,AVAILABLE,30.2654709203059,78.33451647011248,5000.696713069231,199.91540542981446
181.79999999999396,AVAILABLE,30.265551105988116,78.33469693354307,4999.693200448712,200.1521719806378
181.89999999999395,AVAILABLE,30.265719909922833,78.33480921199838,5000.983954781836,200.09813214896718
181.99999999999395,AVAILABLE,30.265845060700748,78.33503086192277,5005.859602108803,199.9293436059488
182.09999999999394,AVAILABLE,30.26596163537376,78.33519202721216,5003.83444288881,199.9329539229798
182.19999999999393,AVAILABLE,30.266052110142596,78.33525961528699,5001.968101935431,199.98924048394488
182.29999999999393,AVAILABLE,30.26620105649348,78.33542984305383,4997.418916750124,200.06165813070552
182.39999999999392,AVAILABLE,30.2663286994125,78.3356007823905,4995.088180181568,200.1789824889063
182.49999999999392,AVAILABLE,30.26647521782839,78.33576400090608,4993.809416366692,200.0890525815196
182.5999999999939,AVAILABLE,30.266553127253196,78.33590057184831,5003.488335132584,200.10716458092713
182.6999999999939,AVAILABLE,30.266716775260083,78.33608010027912,5000.495638019297,199.9192564124648
182.7999999999939,AVAILABLE,30.266819088413918,78.33619187790151,5002.516297553535,199.89372360158657
182.8999999999939,AVAILABLE,30.26696806277058,78.33634088039013,4998.620569378767,199.9066039622863
182.9999999999939,AVAILABLE,30.26706978891667,78.33649765953832,4999.415953020575,200.07544390737917
183.09999999999388,AVAILABLE,30.267174148707927,78.33661065028707,4996.889196718439,200.11092719494832
183.19999999999388,AVAILABLE,30.267325447034914,78.33679191962665,5001.775485887062,200.06562268613456
183.29999999999387,AVAILABLE,30.267443196013012,78.33691136884471,4998.924497119092,199.84714103535853
183.39999999999387,AVAILABLE,30.26757642672475,78.3370750313757,5000.862418876826,200.01961051088824
183.49999999999386,AVAILABLE,30.2676959359837,78.33725409790149,5008.510566127158,199.81550170157806
183.59999999999386,AVAILABLE,30.267870916508652,78.33737057707698,4995.936638886177,199.90387363344715
183.69999999999385,AVAILABLE,30.267965345131294,78.33754522037722,4998.1399273683555,199.94202616103237
183.79999999999384,AVAILABLE,30.268063354920745,78.33770295638699,5003.764717155735,199.97447050613448
183.89999999999384,AVAILABLE,30.26818963943093,78.33783274565354,4993.077256402154,199.99456663913247
183.99999999999383,AVAILABLE,30.268333565788062,78.33798281048877,4998.485897782745,200.11212165509554
184.09999999999383,AVAILABLE,30.268457158744166,78.33814847568136,5001.509282141561,200.0143294712738
184.19999999999382,AVAILABLE,30.26859996985582,78.3382618423271,4999.906319388264,199.77168394514698
184.29999999999382,AVAILABLE,30.268693656981082,78.33848192723124,4996.1461449931485,199.88967938774584
184.3999999999938,AVAILABLE,30.268824708115375,78.33860813374993,5002.040512768456,199.94562848245374
184.4999999999938,AVAILABLE,30.268981392099615,78.3387388910754,5003.415374692936,200.15934290914868
184.5999999999938,AVAILABLE,30.269058072247113,78.33885892243002,5001.607539790568,200.01861820443838
184.6999999999938,AVAILABLE,30.26920118747093,78.33904551993213,4999.698674341748,200.1561412767725
184.7999999999938,AVAILABLE,30.269271325189113,78.33921630232159,5000.776827279736,199.987255243412
184.89999999999378,AVAILABLE,30.26943274026234,78.33936542520843,4996.518539746809,200.0108230699381
184.99999999999378,AVAILABLE,30.26959553249974,78.33945528595851,5000.948264036158,200.03107872187445
185.09999999999377,AVAILABLE,30.269707603654478,78.3396299631052,5001.756648749777,200.10385981425483
185.19999999999376,AVAILABLE,30.26981937766316,78.33983290346602,4996.590752686607,199.932138051121
185.29999999999376,AVAILABLE,30.26997122013474,78.33993498121221,4997.189357454543,199.95534596490225
185.39999999999375,AVAILABLE,30.26985194959393,78.34006332392366,4997.220944131387,199.81267339979004
185.49999999999375,AVAILABLE,30.269676285773564,78.34009872844766,4998.732115358198,199.90924227513256
185.59999999999374,AVAILABLE,30.269436980722116,78.34011294105659,5000.900958388992,199.95062902447498
185.69999999999374,AVAILABLE,30.269328515002613,78.34020635489708,4998.223364723196,199.90727669108767
185.79999999999373,AVAILABLE,30.269146869844676,78.34022628637354,5007.9307701311045,200.00964707952838
185.89999999999372,AVAILABLE,30.268923904012386,78.34023840491069,4997.793495041967,200.14454005990532
185.99999999999372,AVAILABLE,30.268768725592448,78.3402756556547,4998.124725635084,199.9709881498828
186.0999999999937,AVAILABLE,30.268622514571543,78.34038347201832,4999.550009637294,200.03029427557365
186.1999999999937,AVAILABLE,30.26846260290558,78.3404433120839,4997.775639750614,200.06841759156455
186.2999999999937,AVAILABLE,30.2682677155773,78.34051654737571,5000.860698046301,199.96766936768572
186.3999999999937,AVAILABLE,30.268078542320485,78.34050496921195,5000.452700082063,199.91950184282294
186.4999999999937,AVAILABLE,30.267897275445243,78.34053140016819,5002.5319172662075,200.07985715462328
186.59999999999368,AVAILABLE,30.267691933361515,78.34062405564427,4998.318754178825,200.14128193008764
186.69999999999368,AVAILABLE,30.26756437481755,78.34067793323038,5001.773353918766,199.89568613533774
186.79999999999367,AVAILABLE,30.267333749817706,78.34070494975055,4996.181762244025,200.018979787416
186.89999999999367,AVAILABLE,30.267169067002804,78.34076518581121,5001.547547256987,199.87205272190138
186.99999999999366,AVAILABLE,30.267003211624885,78.34080456087268,5002.655443695518,200.02298662732596
187.09999999999366,AVAILABLE,30.266832813066724,78.34084591731674,4999.32078306561,199.94654508755025
187.19999999999365,AVAILABLE,30.266644709868586,78.34089021799929,4997.543335387181,199.98719997713508
187.29999999999364,AVAILABLE,30.266458575932425,78.3409535592575,4998.315088023056,200.00795319146366
187.39999999999364,AVAILABLE,30.266346445240504,78.34101528768886,5001.985849037713,199.89788799194525
187.49999999999363,AVAILABLE,30.26614264772556,78.34103601746482,5000.808007401199,200.01405164211732
187.59999999999363,AVAILABLE,30.26598370838829,78.34109027682938,5003.656922492105,200.0822653361876
187.69999999999362,AVAILABLE,30.26578122420987,78.34111675481407,4999.962164870663,200.04128616474233
187.79999999999362,AVAILABLE,30.26560960955584,78.34116997195291,4999.004531859547,199.9465487458359
187.8999999999936,AVAILABLE,30.26545059910956,78.34123592574437,5005.317156244394,200.10226522597372
187.9999999999936,AVAILABLE,30.26526087082018,78.3412902450742,4995.708661180153,200.04156011034217
188.0999999999936,AVAILABLE,30.26508261220415,78.34129915212132,5005.9431114775825,199.95796064935783
188.1999999999936,AVAILABLE,30.26492181403663,78.34136970044511,4999.923780931082,199.8639006352805
188.2999999999936,AVAILABLE,30.264748026533184,78.34139709831821,4999.682655004483,199.99767900763203
188.39999999999358,AVAILABLE,30.264575065202404,78.34145956934428,4995.444604702536,200.02198110176008
188.49999999999358,AVAILABLE,30.264423301400726,78.34145814690342,4997.221259762298,199.93101128854155
188.59999999999357,AVAILABLE,30.264180663429315,78.34150656584708,4997.12183508616,200.11489484447105
188.69999999999357,AVAILABLE,30.26403448229902,78.34157203412899,4999.496180376065,200.0488941246599
188.79999999999356,AVAILABLE,30.26387453931136,78.34163912391666,5007.924845380581,200.02645384975375
188.89999999999355,AVAILABLE,30.263698344608372,78.34167400715874,4997.415459794317,199.8835546157508
188.99999999999355,AVAILABLE,30.263492117718584,78.34174330338155,5000.485771287003,199.93695383110258
189.09999999999354,AVAILABLE,30.263333726579496,78.34180068551572,4999.3782774183655,200.0034174468266
189.19999999999354,AVAILABLE,30.263169966525613,78.34183579490573,4997.731301979554,199.7536424875026
189.29999999999353,AVAILABLE,30.262954462441478,78.34187960616923,4998.26994847526,199.96578425776207
189.39999999999353,AVAILABLE,30.26278339216676,78.34190241010577,5000.358080021445,200.00395484813896
189.49999999999352,AVAILABLE,30.262619599001248,78.34194184567045,5005.781130457676,199.97502439200514
189.5999999999935,AVAILABLE,30.262461756687557,78.3419847608813,4997.65650258084,199.97226129566087
189.6999999999935,AVAILABLE,30.262267788186605,78.34206135413369,4996.531402314754,199.92556188261048
189.7999999999935,AVAILABLE,30.26209885133585,78.34207174121296,4995.26502721846,200.01202113445544
189.8999999999935,AVAILABLE,30.261919414431073,78.34214922144251,4999.5630630895475,200.03316947903707
189.9999999999935,AVAILABLE,30.261777263360333,78.342186403881,4996.543364777401,200.01948474896398
190.09999999999349,AVAILABLE,30.261602779739018,78.34223949661295,4999.800777533949,199.9805982156611
190.19999999999348,AVAILABLE,30.261409364391362,78.34230668532801,4998.787569829972,200.06040428410435
190.29999999999347,AVAILABLE,30.26124432285107,78.34238500903314,4997.835997364865,200.1150124665259
190.39999999999347,AVAILABLE,30.26107604001103,78.34236164891776,5001.698202672433,200.0611663097333
190.49999999999346,AVAILABLE,30.260875409209056,78.34238269311616,5002.236943913783,199.87037532422346
190.59999999999346,AVAILABLE,30.260707992024724,78.34244377299301,5001.780186828835,199.81641069878322
190.69999999999345,AVAILABLE,30.260525272801576,78.34251574317877,4999.9791536043285,199.8516923341789
190.79999999999345,AVAILABLE,30.260368817738165,78.34258434825969,4998.91068081765,199.97155987589767
190.89999999999344,AVAILABLE,30.26013583975725,78.34265447741083,4999.319727931053,200.06469858513702
190.99999999999343,AVAILABLE,30.26001332589804,78.34266904763008,5002.066364998204,199.93605250466206
191.09999999999343,AVAILABLE,30.259853085082927,78.34274745351443,5000.602678614108,199.98430717642253
191.19999999999342,AVAILABLE,30.25967707483153,78.34277008588276,4998.875027698362,199.9658513557959
191.29999999999342,AVAILABLE,30.259486497358388,78.34282413871794,4998.489141355429,200.07900155877442
191.3999999999934,AVAILABLE,30.259344245465368,78.34286741557302,4999.811609187307,200.05690948704014
191.4999999999934,AVAILABLE,30.259125779416546,78.34287860169712,4997.724014094778,199.86304966304635
191.5999999999934,AVAILABLE,30.2589757297033,78.34293875682619,4994.448528068524,200.05107932761032
191.6999999999934,AVAILABLE,30.2587897148829,78.34300180367549,4995.976459408064,199.8882328231442
191.7999999999934,AVAILABLE,30.258639589462568,78.34302970783281,5001.367045029377,200.0123029122945
191.89999999999338,AVAILABLE,30.258407774099567,78.34305841887122,5001.486349692739,199.9689865738157
191.99999999999338,AVAILABLE,30.25825233484188,78.34315755235029,4995.131081810554,199.9939842086085
192.09999999999337,AVAILABLE,30.25810319016538,78.34320021923737,4999.171961906399,200.04693497113846
192.19999999999337,AVAILABLE,30.257918099323305,78.34321126856699,4995.566946633481,200.0864529317178
192.29999999999336,AVAILABLE,30.25773258038047,78.343314117928,4998.0687521594045,200.09960289807066
192.39999999999336,AVAILABLE,30.257571269814658,78.34333332220194,5000.086368998196,199.9054612768843
192.49999999999335,AVAILABLE,30.25737584711151,78.3433596078106,5000.069184634983,199.89536396398097
192.59999999999334,AVAILABLE,30.257210245676728,78.34345374078192,4997.3661146907125,200.0531139053494
192.69999999999334,AVAILABLE,30.256996595038327,78.3434738960462,5000.786457748312,199.90892844381995
192.79999999999333,AVAILABLE,30.256865204678224,78.34351243590092,5005.424554155708,200.011317637084
192.89999999999333,AVAILABLE,30.25668713204768,78.3435540280505,4996.6336399971415,200.260182696891
192.99999999999332,AVAILABLE,30.25650805649209,78.34361022188358,5000.254436581253,199.8533213447494
193.09999999999332,AVAILABLE,30.256305077184493,78.34361581441878,5003.9630618125275,200.05021131018108
193.1999999999933,AVAILABLE,30.256148225516135,78.34366769338322,4997.507293630208,199.98962080134106
193.2999999999933,AVAILABLE,30.255956818334724,78.34376240725624,4997.587914197011,199.971843706125
193.3999999999933,AVAILABLE,30.255801916995846,78.343745531416,5002.427558646182,200.0040210112527
193.4999999999933,AVAILABLE,30.255588648569667,78.34382971282984,4998.997922131045,199.8965451569541
193.5999999999933,AVAILABLE,30.255459462597027,78.34390969146466,5001.040013688936,199.85889231720884
193.69999999999328,AVAILABLE,30.255265756214126,78.34389028944713,5000.601814107638,199.90017591992236
193.79999999999328,AVAILABLE,30.255107617364907,78.34399489474075,5002.634628662417,200.0207749845777
193.89999999999327,AVAILABLE,30.254922809712237,78.3439913016188,5006.543823893525,200.2209015753192
193.99999999999326,AVAILABLE,30.25475046397525,78.34408079488401,4996.549430589609,199.96119592410616
194.09999999999326,AVAILABLE,30.254577347842027,78.34410634595858,5005.272090751113,200.0311162393763
194.19999999999325,AVAILABLE,30.254390454235047,78.34415692482706,5000.730446632737,199.84082426869318
194.29999999999325,AVAILABLE,30.25423501409694,78.34421138329826,5002.695424774667,200.0355377096329
194.39999999999324,AVAILABLE,30.254039351131123,78.34424507067793,5004.158443172779,200.0428655864199
194.49999999999324,AVAILABLE,30.253886526972362,78.3443181478262,4999.728151578745,199.8905038902616
194.59999999999323,AVAILABLE,30.253732880206872,78.34434856722957,5003.864779343072,199.9910820471001
194.69999999999322,AVAILABLE,30.253545189845042,78.344381367907,4996.051385955189,199.97206182038806
194.79999999999322,AVAILABLE,30.253341366613615,78.34445992734611,5001.03056865231,199.8453551420055
194.8999999999932,AVAILABLE,30.253161450991637,78.34446388106288,4997.754168095258,199.9907021065102
194.9999999999932,AVAILABLE,30.252988350921893,78.34456402898661,5001.255169353501,199.91505948192003
195.0999999999932,AVAILABLE,30.2528473737487,78.34460550285672,5000.586947131512,199.96356895289196
195.1999999999932,AVAILABLE,30.252683775193947,78.34464994808697,4996.774952523615,200.01616001832159
195.2999999999932,AVAILABLE,30.252458752895766,78.34469875663102,4996.914344336793,199.9363110407988
195.39999999999318,AVAILABLE,30.252287355727116,78.34473693153456,4996.851814543308,200.00077323515845
195.49999999999318,AVAILABLE,30.252084548451084,78.34479141678736,4991.942955874567,200.01767451682383
195.59999999999317,AVAILABLE,30.25195241166338,78.34481013854649,5003.298237475865,200.11291552668055
195.69999999999317,AVAILABLE,30.251791943972602,78.34489090663422,5000.982153254521,199.96204242238488
195.79999999999316,AVAILABLE,30.251602128625446,78.34493701766065,4999.841409116728,199.75990629993558
195.89999999999316,AVAILABLE,30.251391978455352,78.3449983896873,4997.530609162111,199.93892225877298
195.99999999999315,AVAILABLE,30.25126383854538,78.34502634402546,5001.675598296629,200.01444627331833
196.09999999999314,AVAILABLE,30.251033477848683,78.34510062824071,4998.863370613766,200.10895994442828
196.19999999999314,AVAILABLE,30.25089888841292,78.34509014473576,4999.198810884839,199.98313997784095
196.29999999999313,AVAILABLE,30.250750738396352,78.34512117625188,5001.190446319342,200.1806221597782
196.39999999999313,AVAILABLE,30.25053665854548,78.34519560820134,4996.476915362793,200.16455666188855
196.49999999999312,AVAILABLE,30.250350183389397,78.34525508520652,4994.100248094756,199.91377519442042
196.59999999999312,AVAILABLE,30.25019927883127,78.34526528120111,4999.233908788323,199.8659804084676
196.6999999999931,AVAILABLE,30.25002162001863,78.34531064671998,4996.8182516340385,200.02656716162292
196.7999999999931,AVAILABLE,30.249810543144058,78.34539514902457,4997.550657895671,200.1596999254393
196.8999999999931,AVAILABLE,30.249660055404522,78.34541047019346,5000.324191194573,200.09973410282845
196.9999999999931,AVAILABLE,30.24945047123469,78.34546226103953,5003.772944622011,199.89601573199533
197.0999999999931,AVAILABLE,30.249297054726348,78.34548930299579,4998.961793262096,199.87440238275076
197.19999999999308,AVAILABLE,30.249151757373003,78.34553794086466,4998.569813477357,199.98076216064973
197.29999999999308,AVAILABLE,30.24895749955185,78.3456110212593,4997.1099941620605,199.91100176214323
197.39999999999307,AVAILABLE,30.24881524729456,78.34567158068245,5001.267276097168,200.10552047047125
197.49999999999307,AVAILABLE,30.248625162171283,78.34570319896446,5001.738713917043,199.9754290360792
197.59999999999306,AVAILABLE,30.248474007095222,78.3457606924912,5000.138921496614,200.15632043034938
197.69999999999305,AVAILABLE,30.24828220212121,78.34578850981258,5001.43504491357,199.8720025177378
197.79999999999305,AVAILABLE,30.24808767219981,78.34585357324472,5000.421096222445,199.98345497957675
197.89999999999304,AVAILABLE,30.247899689284647,78.3459050120551,5001.666602215183,199.93254461349025
197.99999999999304,AVAILABLE,30.247741190125158,78.34595375271428,5001.477230616575,200.03546165299963
198.09999999999303,AVAILABLE,30.247574851580854,78.34600285374763,5002.171618456239,200.0457017399694
198.19999999999303,AVAILABLE,30.247381927170817,78.34604404360815,4997.997939161339,199.94155465466466
198.29999999999302,AVAILABLE,30.247221945027057,78.34608509160998,4997.970363630243,200.05601188829056
198.399999999993,AVAILABLE,30.2470269545907,78.34614024125263,4996.008647098424,200.1321899048389
198.499999999993,AVAILABLE,30.24687403047838,78.34618708130958,5000.053415676372,199.86719932014262
198.599999999993,AVAILABLE,30.246660014779835,78.34622576064426,4998.88693543476,200.03268978404105
198.699999999993,AVAILABLE,30.24653338967009,78.34627966239509,4997.119924869407,200.06342821301106
198.799999999993,AVAILABLE,30.24632851909527,78.34632613558452,5001.793423671676,199.94806287908318
198.89999999999299,AVAILABLE,30.246190445782656,78.34635749606728,5000.0883214729165,200.12716842579556
198.99999999999298,AVAILABLE,30.24599230853436,78.3463940819741,4998.9535169795445,200.0231510249991
199.09999999999297,AVAILABLE,30.245805715246522,78.34644759535803,5002.841480471054,199.98064052152537
199.19999999999297,AVAILABLE,30.245669645457294,78.34650160468931,4996.937288493967,199.97546609396073
199.29999999999296,AVAILABLE,30.245479884212358,78.34653970086595,5003.353601918369,200.00070312956097
199.39999999999296,AVAILABLE,30.24529499136325,78.34658343099326,5000.097353493026,199.99942484586015
199.49999999999295,AVAILABLE,30.245131465619995,78.34663562873915,4995.312788317666,199.88965219763193
199.59999999999295,AVAILABLE,30.24492516329777,78.34670533023804,4997.3162411491685,199.9020491902487
199.69999999999294,AVAILABLE,30.24475662677393,78.34673847021382,4999.737814785505,199.8716107614118
199.79999999999293,AVAILABLE,30.244581195450827,78.3468054804316,5001.178201296094,200.03828743981978
199.89999999999293,AVAILABLE,30.244397928680986,78.34682660229592,4996.25130566401,200.0569288930749
199.99999999999292,AVAILABLE,30.24425147214128,78.34687442508454,4998.862899115163,199.91661139125347
200.09999999999292,AVAILABLE,30.244058897550964,78.34696069915258,4997.844671838936,200.02199446818466
200.1999999999929,AVAILABLE,30.243902108413323,78.34697078384873,4996.070288121252,200.03380871099466
200.2999999999929,AVAILABLE,30.24373794036354,78.34702277083827,4999.883656666099,199.99490563995107
200.3999999999929,AVAILABLE,30.243496989181615,78.34707295644269,4998.554165742112,199.90869032204128
200.4999999999929,AVAILABLE,30.243382140125963,78.34709333556728,5000.291752724771,199.87608502183915
200.5999999999929,AVAILABLE,30.24319075580375,78.3471306720228,5000.664748123528,200.01173632137355
200.69999999999288,AVAILABLE,30.243022675574124,78.34717973193536,4998.686081064379,199.91759967501332
200.79999999999288,AVAILABLE,30.242847131616685,78.3472175224854,4998.824256568589,200.04862661856563
200.89999999999287,AVAILABLE,30.2426620506128,78.34726836436066,5003.339157922325,200.0059020185289
200.99999999999287,AVAILABLE,30.242501599791126,78.34733828815207,5000.106738590439,200.0196707877785
201.09999999999286,AVAILABLE,30.242300517491177,78.34743987553885,4999.183470821131,200.03383308845693
201.19999999999285,AVAILABLE,30.242121576127072,78.34742908998751,4999.559687840338,199.92842638962986
201.29999999999285,AVAILABLE,30.241940814525773,78.3474882006604,4998.751297120372,200.2127008706555
201.39999999999284,AVAILABLE,30.241779313029,78.34752048883908,5001.849572612095,200.17498619626997
201.49999999999284,AVAILABLE,30.24157851225627,78.34760651480715,4996.823151009006,199.95089729350588
201.59999999999283,AVAILABLE,30.241407070288506,78.34761801822599,4995.8381380020455,199.93923358717677
201.69999999999283,AVAILABLE,30.241250745435764,78.347671520598,5000.762013596535,200.02645840133908
201.79999999999282,AVAILABLE,30.241080130411337,78.34774831161852,5000.503816623819,200.12052424647024
201.89999999999281,AVAILABLE,30.240908636286637,78.34775483205127,4995.926411812177,199.72070246124082
201.9999999999928,AVAILABLE,30.24072323842883,78.34779087780142,4999.9294381128575,200.12813801633237
202.0999999999928,AVAILABLE,30.24051515395777,78.34787568722322,4995.455394449943,199.81460346714547
202.1999999999928,AVAILABLE,30.24042070936684,78.34792420800511,4991.08019087381,200.13413995095635
202.2999999999928,AVAILABLE,30.240201135544993,78.34798629878925,4997.220806544803,200.0197398313099
202.3999999999928,AVAILABLE,30.240032063941094,78.34795895730397,5000.385521827233,200.07967186820773
202.49999999999278,AVAILABLE,30.239837497786507,78.34805974583375,5001.972709240246,200.0021323736125
202.59999999999278,AVAILABLE,30.23969979876639,78.34810891632547,5004.844034948083,200.02596094598326
202.69999999999277,AVAILABLE,30.23952284496993,78.3481393833936,5002.031104713417,200.03419731678977
202.79999999999276,AVAILABLE,30.239336826865237,78.34820457471545,4999.049147164725,199.96790623250703
202.89999999999276,AVAILABLE,30.23912124289312,78.34824068407521,4996.4823733578005,199.92294591733955
202.99999999999275,AVAILABLE,30.238971470340964,78.34829634641527,5001.724773800519,200.0462625321553
203.09999999999275,AVAILABLE,30.238799851166576,78.34833535684153,4997.325787611432,200.15382574619596
203.19999999999274,AVAILABLE,30.238656965141235,78.34836379207182,4996.2736155610155,199.88399137388012
203.29999999999274,AVAILABLE,30.2384358950173,78.34840367775429,5000.9119114082505,200.0181148781974
203.39999999999273,AVAILABLE,30.238292538353537,78.34847359024224,5000.633670562086,199.97002292781755
203.49999999999272,AVAILABLE,30.238130070699,78.34855011890112,4997.626089324854,200.03023178089367
203.59999999999272,AVAILABLE,30.23792212062898,78.34855793413051,4998.311931713606,199.88502295627427
203.6999999999927,AVAILABLE,30.23774660313886,78.34862975580579,5004.128525615958,200.0945779778484
203.7999999999927,AVAILABLE,30.23757881675351,78.348684934578,4999.764609613814,199.98768339453773
203.8999999999927,AVAILABLE,30.237377122674072,78.34872841387747,5003.037921108484,199.90483267815551
203.9999999999927,AVAILABLE,30.237203123373643,78.34879193474026,5000.678063834168,199.8923213952256
204.0999999999927,AVAILABLE,30.23704490452121,78.34880928317116,5003.223460829718,200.0808751598932
204.19999999999268,AVAILABLE,30.23690408152862,78.34885918666727,5001.358138587312,200.12239229709493
204.29999999999268,AVAILABLE,30.23669092851001,78.3488786901869,4995.763359058871,200.07647753281924
204.39999999999267,AVAILABLE,30.236512044177683,78.34894292060724,5000.308601644907,199.9662043661731
204.49999999999267,AVAILABLE,30.236342122790802,78.34900500704872,5004.867054308398,199.95806394198044
204.59999999999266,AVAILABLE,30.236160100256807,78.34907129463505,5000.270252819006,199.94424736491217
204.69999999999266,AVAILABLE,30.23599292243574,78.3490957378809,4999.740432558105,200.00935051617608
204.79999999999265,AVAILABLE,30.235800425679482,78.34910855232697,5003.339598204779,200.04191860519757
204.89999999999264,AVAILABLE,30.235666451767234,78.349136127961,4998.254234898309,200.03101691403808
204.99999999999264,AVAILABLE,30.235485114404554,78.34926157766597,5000.602707258618,199.9108160640857
205.09999999999263,AVAILABLE,30.235284135421864,78.34923720516542,5004.033710807336,199.98466242366607
205.19999999999263,AVAILABLE,30.235111004877048,78.3493357013226,5004.039963354708,199.96817477630054
205.29999999999262,AVAILABLE,30.234937937378415,78.34936467292248,4994.923088832073,200.04997172387175
205.39999999999262,AVAILABLE,30.23478420238429,78.3494092336618,5002.13068049037,200.00165011042222
205.4999999999926,AVAILABLE,30.234599839562055,78.3494810343763,5000.3368679736,200.16249065392137
205.5999999999926,AVAILABLE,30.23443688218613,78.3494934731279,4999.87333067389,199.9323361565454
205.6999999999926,AVAILABLE,30.234268065414796,78.34960344997067,4999.235671448847,200.0297103709918
205.7999999999926,AVAILABLE,30.234079668000582,78.34959443132801,4999.502523449395,200.06362753526815
205.8999999999926,AVAILABLE,30.233869400370146,78.34962111759397,5000.708653277063,200.00668684366096
205.99999999999258,AVAILABLE,30.233723984765845,78.34969823200196,5003.592353544134,199.8949405043851
206.09999999999258,AVAILABLE,30.233532920800407,78.34975517203387,5000.271439407738,200.0187792692814
206.19999999999257,AVAILABLE,30.233391633179856,78.34974146497002,5004.473784931569,200.0197857759037
206.29999999999256,AVAILABLE,30.233171709287266,78.34985160850155,5005.394280008851,200.1506045710779
206.39999999999256,AVAILABLE,30.233014828157767,78.3498876508374,5001.610996053851,199.86308381121623
206.49999999999255,AVAILABLE,30.2328901200758,78.34989927726392,5006.197418931126,199.9970078254233
206.59999999999255,AVAILABLE,30.23267358317345,78.34996141093981,5004.195197094456,200.17895863933853
206.69999999999254,AVAILABLE,30.232496810361067,78.35000044621444,4997.905077193832,200.0670814531884
206.79999999999254,AVAILABLE,30.232278280580463,78.3500268120577,5000.031591465866,200.03073785517037
206.89999999999253,AVAILABLE,30.23213434042784,78.35009805478842,4994.834161627328,199.96097756101352
206.99999999999253,AVAILABLE,30.23196496340348,78.35015987376329,5001.722342609525,199.80518747670874
207.09999999999252,AVAILABLE,30.231820600650146,78.35015665948143,5001.549060008002,199.9549561728332
207.1999999999925,AVAILABLE,30.231634890825994,78.35025882502444,4999.431800733763,199.96865136679938
207.2999999999925,AVAILABLE,30.231412025422692,78.35029224071216,4997.807662766272,199.90570100545202
207.3999999999925,AVAILABLE,30.231246616212868,78.35034109643495,4998.733925781006,200.08708142744806
207.4999999999925,AVAILABLE,30.231081688303533,78.35035666964323,4997.629814990501,200.0025862158684
207.5999999999925,AVAILABLE,30.230883251374575,78.35046176153433,4999.29214782526,199.98624873027524
207.69999999999249,AVAILABLE,30.23074319420332,78.35049496019708,5001.965751605969,199.92392913052177
207.79999999999248,AVAILABLE,30.23055265009875,78.3505688854977,4993.670305181476,199.898487660993
207.89999999999247,AVAILABLE,30.23037438299297,78.35059345242014,5000.835177447824,200.03131084742878
207.99999999999247,AVAILABLE,30.230199376766663,78.350628137697,4997.099682989393,199.94367285322954
208.09999999999246,AVAILABLE,30.230026117755227,78.35065318287737,4996.987123235104,200.02076434046194
208.19999999999246,AVAILABLE,30.229869830565544,78.35069796415407,4998.60499059883,200.04238101588794
208.29999999999245,AVAILABLE,30.229691926388668,78.35079162540069,4999.212338615752,200.03210814199045
208.39999999999245,AVAILABLE,30.229525870974594,78.35078777788857,4996.736743282123,199.8621896305019
208.49999999999244,AVAILABLE,30.229346088104613,78.35085117047542,5000.755386101609,200.0121102583266
208.59999999999243,AVAILABLE,30.229167150787635,78.35091524823241,4998.783354912868,200.0746092695503
208.69999999999243,AVAILABLE,30.228999145141643,78.3509200199389,4999.281630154134,200.15455037989312
208.79999999999242,AVAILABLE,30.228877444854206,78.35099475477695,5000.073718014764,199.83592175415237
208.89999999999242,AVAILABLE,30.228639705516795,78.35104104094322,4998.294260733198,200.1769783552749
208.9999999999924,AVAILABLE,30.228466210940848,78.3510685436834,4996.721382192801,200.07351261996257
209.0999999999924,AVAILABLE,30.228275788238392,78.35111654297863,4994.939077954986,199.9865664650792
209.1999999999924,AVAILABLE,30.22812259946619,78.35119965410077,5000.720772529542,200.16455921550104
209.2999999999924,AVAILABLE,30.227915276608023,78.35123355041034,5001.131962465417,199.8359226770376
209.3999999999924,AVAILABLE,30.227757935898328,78.35125352727316,5000.676822444761,199.9163243700041
209.49999999999238,AVAILABLE,30.22759783267618,78.35135605630046,4999.338920982355,199.93505115081913
209.59999999999238,AVAILABLE,30.227388992139247,78.35137807419521,4997.220601518892,200.09299635003043
209.69999999999237,AVAILABLE,30.227265367823733,78.35145258771563,5005.460825555124,200.01108613480744
209.79999999999237,AVAILABLE,30.22706857897737,78.35144703920402,4996.01171946289,200.07401612174772
209.89999999999236,AVAILABLE,30.22685941587325,78.35153076307732,4997.408794731456,199.97920384810928
209.99999999999235,AVAILABLE,30.226740957170968,78.35156223699046,5001.529848261618,199.9728534292928
210.09999999999235,AVAILABLE,30.22654988783901,78.3515982389023,4997.205519012777,199.90100648562827
210.19999999999234,AVAILABLE,30.226331128404087,78.35162428541545,5002.011952837382,199.991601382121
210.29999999999234,AVAILABLE,30.22616680064387,78.35171354538218,5000.543585422732,200.04440477652267
210.39999999999233,AVAILABLE,30.22599086705631,78.35173436184928,5001.047491278968,199.9728259430791
210.49999999999233,AVAILABLE,30.22585151644395,78.35180685055938,5004.4925638611185,200.03057983173466
210.59999999999232,AVAILABLE,30.225646656870108,78.35183849337461,5006.98058353237,200.10858625816317
210.69999999999231,AVAILABLE,30.225480151177827,78.3518991113422,4999.385079449002,199.96789345664982
210.7999999999923,AVAILABLE,30.225327967136156,78.35193995205894,5002.804450613623,200.17476174472353
210.8999999999923,AVAILABLE,30.225123481552803,78.35198429650045,5002.855282327867,200.07948877290312
210.9999999999923,AVAILABLE,30.22495039388639,78.3520256759588,5005.77382613225,199.94421181800203
211.0999999999923,AVAILABLE,30.22479019604658,78.35208165559503,4995.7034804892555,200.06498963556336
211.1999999999923,AVAILABLE,30.224582441272993,78.3521226044584,5003.704146460038,199.9503535701276
211.29999999999228,AVAILABLE,30.224404014408027,78.3521644153441,4999.941629623635,200.0120680280401
211.39999999999227,AVAILABLE,30.22426012547522,78.35221757919567,4995.609114101815,200.10741478328606
211.49999999999227,AVAILABLE,30.22404184553488,78.35225105348138,5002.417553738902,199.9235975248459
211.59999999999226,AVAILABLE,30.223879435839464,78.35228955551938,4998.539436001158,200.2005027805825
211.69999999999226,AVAILABLE,30.223703400977218,78.35236072179666,4999.398405767064,199.91839969716145
211.79999999999225,AVAILABLE,30.223530154557487,78.35237403146938,5001.02941487015,200.06747699129093
211.89999999999225,AVAILABLE,30.22340334048626,78.35242562763123,4993.633970045947,200.05758161963078
211.99999999999224,AVAILABLE,30.223213909640705,78.35251690633568,4994.319018424005,200.1496678476641
212.09999999999224,AVAILABLE,30.223031532663597,78.35258098829516,4999.371999194137,200.13908089990892
212.19999999999223,AVAILABLE,30.222843504487628,78.35263051408292,4998.459760850952,199.8483549279508
212.29999999999222,AVAILABLE,30.2226829301983,78.35265630245783,5003.801756565852,199.99393578458432
212.39999999999222,AVAILABLE,30.222510548967144,78.3526790828509,5004.038920661253,200.1047348524778
212.4999999999922,AVAILABLE,30.222319073122925,78.35274631182267,4999.938063599818,200.1187549885083
212.5999999999922,AVAILABLE,30.222146041422913,78.35277476478801,4998.293364258566,199.84357570121267
212.6999999999922,AVAILABLE,30.221955754635726,78.35284299959127,5001.859991563674,199.92086721475377
212.7999999999922,AVAILABLE,30.221811163937634,78.35286707574228,5002.316585120041,199.95572103007706
212.8999999999922,AVAILABLE,30.22162687767712,78.35288920371441,5003.440506999691,200.05242244251502
212.99999999999218,AVAILABLE,30.221453911860266,78.35301074878497,5003.536930429808,200.1429810184044
213.09999999999218,AVAILABLE,30.22128249527954,78.3529960050385,5001.3719805537185,200.00521365861664
213.19999999999217,AVAILABLE,30.2210951647596,78.35307817314198,4999.066911552459,200.0254521919696
213.29999999999217,AVAILABLE,30.22092828784768,78.35306904009171,5001.609768039988,200.07737421003188
213.39999999999216,AVAILABLE,30.22075170539832,78.35315234915738,4999.049945811896,199.93780449466732
213.49999999999216,AVAILABLE,30.220564220580723,78.35315635211697,5001.618665993124,199.86741743200494
213.59999999999215,AVAILABLE,30.2203921582432,78.35319714098648,4998.008836755586,200.0544747954301
213.69999999999214,AVAILABLE,30.22022656056843,78.35328790254444,5000.718748148793,199.8309729429661
213.79999999999214,AVAILABLE,30.220065345900526,78.35332530177426,5000.094487884245,200.04366678211278
213.89999999999213,AVAILABLE,30.21982668624087,78.35341036642039,4998.980029346865,200.05578251693765
213.99999999999213,AVAILABLE,30.219692932569522,78.35341472302471,5003.95719624559,199.87964975992955
214.09999999999212,AVAILABLE,30.2195291237489,78.35346327147387,5001.548508313095,200.08989895148025
214.19999999999212,AVAILABLE,30.219361052630845,78.3535326511457,4998.200999499566,199.97535758367877
214.2999999999921,AVAILABLE,30.21917928956307,78.35359285931844,5001.411591915382,199.9810011364951
214.3999999999921,AVAILABLE,30.219001855420096,78.35363360682072,5001.404871636413,200.08997219517295
214.4999999999921,AVAILABLE,30.21881556969461,78.35368022842306,4998.928233062059,200.0094662319536
214.5999999999921,AVAILABLE,30.218657866089178,78.35368046600381,4999.238466526624,200.02738126575574
214.6999999999921,AVAILABLE,30.21847523532759,78.35377213973547,4993.030835461953,199.8337293008961
214.79999999999208,AVAILABLE,30.218314847962702,78.35381701372276,5005.838075717037,199.98840870163008
214.89999999999208,AVAILABLE,30.218143227855798,78.3538946759061,4993.1436075864885,199.83424261927888
214.99999999999207,AVAILABLE,30.2179374972101,78.35386561649086,5004.545658853527,199.97342454255985
215.09999999999206,AVAILABLE,30.217758599496662,78.35396760422157,5001.957387319494,199.94172074451055
215.19999999999206,AVAILABLE,30.217608190380833,78.35396951069191,4997.90616570001,200.11783814599542
215.29999999999205,AVAILABLE,30.21740546718076,78.3540250351442,4998.615370126455,199.94378459258488
215.39999999999205,AVAILABLE,30.21719964750453,78.35404977204308,5000.452939932922,200.13759532468774
215.49999999999204,AVAILABLE,30.21708241938446,78.35411815377735,4999.617004750462,199.83221701807747
215.59999999999204,AVAILABLE,30.216890234771896,78.35417071199461,4998.225824642074,200.05949426503042
215.69999999999203,AVAILABLE,30.21672661579618,78.3542339272485,5006.608537079973,200.05348138935665
215.79999999999202,AVAILABLE,30.216508901039038,78.35424020425465,4999.819326623156,199.91092581313436
215.89999999999202,AVAILABLE,30.216364506911127,78.35434538492657,5000.239780751628,199.8789549561589
215.999999999992,AVAILABLE,30.216219483673015,78.35435852219862,4999.842801843621,200.0212629656478
216.099999999992,AVAILABLE,30.21602773034542,78.35439420421277,5000.181829095376,200.12435408709598
216.199999999992,AVAILABLE,30.21586537108484,78.35443923829237,5000.047769927293,200.15248236837644
216.299999999992,AVAILABLE,30.215663292220846,78.35447508263377,4998.056547805344,200.05970578401124
216.399999999992,AVAILABLE,30.2154908585312,78.35455058708419,5000.78159927179,199.97220945044063
216.49999999999199,AVAILABLE,30.215326454856978,78.35462412033317,5001.277439650051,200.05249268168774
216.59999999999198,AVAILABLE,30.215162359660948,78.35465848061547,5003.396088427793,199.79777480681048
216.69999999999197,AVAILABLE,30.214967529380306,78.35469840617198,4999.594380208131,199.91467172023036
216.79999999999197,AVAILABLE,30.214789255162028,78.35472146807834,5001.012338857591,200.06773092721414
216.89999999999196,AVAILABLE,30.214612055481105,78.35480568061679,4998.426465189873,199.9400488851979
216.99999999999196,AVAILABLE,30.214442538106443,78.35482199289164,5002.97877547321,199.98270616680043
217.09999999999195,AVAILABLE,30.214275415441627,78.35489658454482,4995.113983616346,199.9945820002601
217.19999999999195,AVAILABLE,30.214092725716267,78.35488543703025,5000.162210010747,199.98073959251897
217.29999999999194,AVAILABLE,30.213889394714183,78.35499824546004,5000.376524532711,199.77473595097334
217.39999999999193,AVAILABLE,30.213731485021274,78.35501060556034,4999.661713334109,199.92369871830653
217.49999999999193,AVAILABLE,30.21354552792625,78.35506927807657,4997.101950244908,200.09642351450498
217.59999999999192,AVAILABLE,30.213398262364407,78.35511578155854,4998.2929029859415,200.01112988413993
217.69999999999192,AVAILABLE,30.21321530277574,78.35516071870423,4995.177149578543,199.99929312189997
217.7999999999919,AVAILABLE,30.2129980595055,78.35520691455685,5007.409439196003,199.90272439612625
217.8999999999919,AVAILABLE,30.2128491382819,78.35526837216821,4997.472669984585,199.89678887318183
217.9999999999919,AVAILABLE,30.212684182800338,78.3553010536597,5002.60567386402,199.95338376191452
218.0999999999919,AVAILABLE,30.21250234540027,78.35533916188149,4997.878799540579,200.02991529551323
218.1999999999919,AVAILABLE,30.212362471024683,78.35537410822444,4996.53190498651,199.9930124151928
218.29999999999188,AVAILABLE,30.212152171485393,78.35540841032355,4996.002292612043,199.81437377064165
218.39999999999188,AVAILABLE,30.21198615710596,78.35546947400145,5005.3660601894,200.0394012113284
218.49999999999187,AVAILABLE,30.211793736391417,78.35550876087761,4998.600093160994,199.86378670589576
218.59999999999187,AVAILABLE,30.21163541700889,78.35560127388028,4999.035451993142,199.93046877123285
218.69999999999186,AVAILABLE,30.211426120613478,78.35559451500752,5000.257080363687,199.9867769589143
218.79999999999185,AVAILABLE,30.211289685514508,78.35564228033621,5002.618106047954,199.9497724585904
218.89999999999185,AVAILABLE,30.211077909771994,78.35569563132246,4998.072312658025,199.9924819405447
218.99999999999184,AVAILABLE,30.21090583338336,78.35578363427467,4999.954088382545,200.08482142251404
219.09999999999184,AVAILABLE,30.210786282940173,78.35580603284862,4998.092904204864,200.05763374534138
219.19999999999183,AVAILABLE,30.21055400388693,78.35588134683317,4999.818850097449,199.9572798888369
219.29999999999183,AVAILABLE,30.21038955291638,78.35587850547287,4999.0694805292205,200.04601725666564
219.39999999999182,AVAILABLE,30.210234354481976,78.35590449192763,4997.93640361306,200.05132930757387
219.49999999999181,AVAILABLE,30.210092386267142,78.35599607366474,5001.141523846602,200.00037741901377
219.5999999999918,AVAILABLE,30.20987689504783,78.35602200643467,4997.247358672599,199.86585690690475
219.6999999999918,AVAILABLE,30.209717207767607,78.35611038699395,4999.4325194322655,199.93631617474125
219.7999999999918,AVAILABLE,30.20955174991223,78.35618552768047,4994.756809346195,200.05598603883462
219.8999999999918,AVAILABLE,30.209360811380257,78.35619286463063,5002.07650308826,200.15388917176753
219.9999999999918,AVAILABLE,30.209180803210444,78.35627771070115,4996.460678636379,200.07613250020856
220.09999999999178,AVAILABLE,30.208982134618136,78.35625020803724,5001.256766479459,200.07199366252857
220.19999999999177,AVAILABLE,30.208822142411204,78.35633808489636,4997.820916186571,200.11110672487177
220.29999999999177,AVAILABLE,30.208630678064154,78.35637750892397,5000.858323866576,200.02101002408892
220.39999999999176,AVAILABLE,30.20848203182918,78.35641745466533,4992.275559198869,199.8532521685957
220.49999999999176,AVAILABLE,30.20832465950311,78.35648115521565,5004.073507280477,200.00619986629513
220.59999999999175,AVAILABLE,30.20816178215476,78.35651056637948,5003.092535886063,199.9531654759803
220.69999999999175,AVAILABLE,30.20794630680113,78.3565790238626,4995.661154718091,200.15249878734917
220.79999999999174,AVAILABLE,30.207814038690714,78.35660682840154,5004.13576991275,199.94640833869946
220.89999999999173,AVAILABLE,30.207601212798377,78.3566586496322,4998.339942350944,200.07039305259423
220.99999999999173,AVAILABLE,30.207446447881118,78.35671398589726,4998.461243659858,199.8476686279482
221.09999999999172,AVAILABLE,30.20726262114977,78.35673985568043,4995.149498925887,199.87954065563957
221.19999999999172,AVAILABLE,30.207074736830034,78.35682563886046,5001.143087292463,199.91202787446738
221.2999999999917,AVAILABLE,30.206885201976664,78.35682007209971,4996.940265926136,200.0160228299588
221.3999999999917,AVAILABLE,30.206749314878262,78.35694373071811,5005.296104572601,199.95176119154954
221.4999999999917,AVAILABLE,30.206570947250164,78.35693626103831,5005.222883277027,200.05147557268432
221.5999999999917,AVAILABLE,30.20636989298251,78.35700100641378,4997.62410459628,199.93715151671688
221.6999999999917,AVAILABLE,30.206197898082067,78.35702214390656,4993.753984234821,200.10132199170326
221.79999999999168,AVAILABLE,30.206076229886104,78.35704869640314,5004.058896217226,199.83024975340044
221.89999999999168,AVAILABLE,30.20585150953046,78.35710395043158,5000.56414233536,200.05231153622054
221.99999999999167,AVAILABLE,30.205654502327455,78.35716455347412,5002.211112027746,199.90717202426353
222.09999999999167,AVAILABLE,30.20552472067573,78.35724141652817,4998.57767248557,200.14181646353254
222.19999999999166,AVAILABLE,30.20529226370504,78.35724867574862,5001.606281374276,200.0946326722489
222.29999999999166,AVAILABLE,30.20517170734999,78.35732856621898,5000.118209179681,200.0688513154153
222.39999999999165,AVAILABLE,30.20497718603167,78.35732443034473,5002.712357715745,200.05692540846584
222.49999999999164,AVAILABLE,30.204799112379952,78.35738969461609,5005.841027595522,199.90683295398892
222.59999999999164,AVAILABLE,30.204627407304855,78.35743385323488,4999.836510424942,200.11360948623422
222.69999999999163,AVAILABLE,30.204458206825144,78.35748879527524,5002.440314818609,200.09315527888512
222.79999999999163,AVAILABLE,30.204274370407337,78.35753299573925,4997.824495378903,199.81066819333773
222.89999999999162,AVAILABLE,30.20412817044951,78.35757395316176,4996.522667839232,199.91502730901487
222.99999999999162,AVAILABLE,30.20390458598984,78.357658507627,4999.741628463526,199.9023278138982
223.0999999999916,AVAILABLE,30.203735292173832,78.35766137857864,5003.373636465132,199.8571509898877
223.1999999999916,AVAILABLE,30.203575974650455,78.35773909378578,5001.1045698146345,200.0226201353725
223.2999999999916,AVAILABLE,30.20339673238214,78.35772684737896,4999.949605057786,199.95034573641232
223.3999999999916,AVAILABLE,30.203200233728122,78.35785250592156,5003.772160768058,199.96267022881304
223.4999999999916,AVAILABLE,30.203055117406446,78.35786924458509,4994.330608411667,199.9570055635184
223.59999999999158,AVAILABLE,30.202889069389872,78.35791360839124,4997.007422133782,200.11311294568583
223.69999999999158,AVAILABLE,30.20270443513476,78.35793855018784,4998.292457660593,199.95775610304784
223.79999999999157,AVAILABLE,30.202505214661343,78.35802520393013,4998.3737882618525,200.01369938505732
223.89999999999156,AVAILABLE,30.20237967524186,78.35804223866936,4996.690714823439,200.00011597908767
223.99999999999156,AVAILABLE,30.202164246544314,78.35809594614004,4997.264877839514,199.84506049850248
224.09999999999155,AVAILABLE,30.20199001289875,78.35812275916841,4996.695268390652,200.28399012607224
224.19999999999155,AVAILABLE,30.20186534958225,78.35824579156994,4999.076717240856,199.89015728456243
224.29999999999154,AVAILABLE,30.201656514024474,78.3582217387715,4999.171044980372,199.90677282971885
224.39999999999154,AVAILABLE,30.201487339701032,78.35828766194739,5000.969858041558,199.93929715504757
224.49999999999153,AVAILABLE,30.201292448241464,78.35829893243361,4999.697745890362,199.9687196856514
224.59999999999152,AVAILABLE,30.201128228394577,78.35837359208767,4997.017433761539,200.00782151142874
224.69999999999152,AVAILABLE,30.200971710850414,78.35842711979069,5005.346805869678,199.74982651413856
224.7999999999915,AVAILABLE,30.200754638848363,78.35847125489065,4996.00124719763,199.72618363671984
224.8999999999915,AVAILABLE,30.200595804070623,78.35850291371766,4997.590067526814,199.9858007702305
224.9999999999915,AVAILABLE,30.20041575536746,78.35855741281833,5001.858242900961,199.92142992466813
225.0999999999915,AVAILABLE,30.200264821542476,78.35864253101514,4995.252221041763,199.91249872640458
225.1999999999915,AVAILABLE,30.200085710370242,78.35863735574432,4998.269684501067,200.01576603315473
225.29999999999148,AVAILABLE,30.199911859534513,78.35873496806222,4999.571636066309,200.0540837263598
225.39999999999148,AVAILABLE,30.19972452930058,78.35879115442502,4999.962567461769,199.98651176252707
225.49999999999147,AVAILABLE,30.199539784850582,78.35877714468911,4996.0978175945775,199.73099857823206
225.59999999999147,AVAILABLE,30.19939447282896,78.35889156116605,4994.833833755362,200.08488507622346
225.69999999999146,AVAILABLE,30.19920000419851,78.35889334966075,5001.863041924615,199.98982733824963
225.79999999999146,AVAILABLE,30.19906515118102,78.3589631396588,4997.636334054993,199.8914161705093
225.89999999999145,AVAILABLE,30.198867026043022,78.35898550421885,4999.350254173112,200.01491988694315
225.99999999999145,AVAILABLE,30.19866817629003,78.35906180067064,4997.16638567975,199.76999198439916
226.09999999999144,AVAILABLE,30.19848171690441,78.35906798624578,4998.089045794331,199.83365949549483
226.19999999999143,AVAILABLE,30.198299504143932,78.35910099125125,5002.873832333125,199.891199039597
226.29999999999143,AVAILABLE,30.198137049661273,78.35920786388868,4998.980350209593,200.03743621063032
226.39999999999142,AVAILABLE,30.19798398695361,78.35923668811412,4998.25056462932,199.89580713727176
226.49999999999142,AVAILABLE,30.197813830272395,78.3592753827283,4997.8461855875885,199.9647555117349
226.5999999999914,AVAILABLE,30.197614436820963,78.35928125951799,5001.448237449526,200.1044507444421
226.6999999999914,AVAILABLE,30.19742831888921,78.35934747433662,4998.762887301214,199.980143010713
226.7999999999914,AVAILABLE,30.197301067768596,78.35942937087765,5000.537783153931,199.9386217045713
226.8999999999914,AVAILABLE,30.197090942466073,78.35945460396763,4996.508464471635,199.95722112969156
226.9999999999914,AVAILABLE,30.19692221799472,78.35948291878812,4996.050765329047,199.98429248534603
227.09999999999138,AVAILABLE,30.196731855625867,78.35951613643424,5003.567756753681,200.1175719928618
227.19999999999138,AVAILABLE,30.196601222524265,78.35958916094172,5001.711722080154,200.12257833423692
227.29999999999137,AVAILABLE,30.196398224630098,78.35966931703429,5000.479772642229,199.95131487540232
227.39999999999137,AVAILABLE,30.196221641578035,78.35970236216806,5002.042108163206,200.109086370564
227.49999999999136,AVAILABLE,30.196040802108424,78.3597344157363,5003.535314848916,199.98505902435994
227.59999999999135,AVAILABLE,30.195847933680046,78.35980532180794,4993.598103744178,200.11204292125538
227.69999999999135,AVAILABLE,30.1957026021494,78.35983236309012,5003.4264579445025,199.95986192718786
227.79999999999134,AVAILABLE,30.195517534981356,78.35984923988735,4996.2976195003075,200.04450113524265
227.89999999999134,AVAILABLE,30.195329483143073,78.35990204034097,5002.784364537394,199.99182616661568
227.99999999999133,AVAILABLE,30.195149625388066,78.35996917785596,5004.5132104824115,200.10787671958533
228.09999999999133,AVAILABLE,30.19498727219302,78.36003268256343,4998.257004185486,200.17993085019677
228.19999999999132,AVAILABLE,30.19483458906349,78.3600585867128,5000.5992105492205,200.09218243648218
228.29999999999131,AVAILABLE,30.19465313000036,78.36013374128459,5002.055030498154,200.03455656249062
228.3999999999913,AVAILABLE,30.194431897636214,78.36018993582165,4998.98775949438,200.02449529860976
228.4999999999913,AVAILABLE,30.19428476001257,78.36022813300859,4998.730181764645,199.88354531938114
228.5999999999913,AVAILABLE,30.194136349916615,78.36026748180542,5004.632757627032,199.99549590344049
228.6999999999913,AVAILABLE,30.193940832355086,78.36031850203534,4996.941941314265,199.84520428702498
228.7999999999913,AVAILABLE,30.19374463478942,78.36033318806174,5005.3445750936735,200.25687189114038
228.89999999999128,AVAILABLE,30.193580415754706,78.36039513954853,4999.04127922413,199.97565624249518
228.99999999999127,AVAILABLE,30.193415057773198,78.36044702589292,4998.942529315039,199.9889450024757
229.09999999999127,AVAILABLE,30.193222782827014,78.36047146411669,4998.7991451345915,200.0691466337743
229.19999999999126,AVAILABLE,30.193067102333835,78.36052250816998,5002.913687631145,200.0060267305772
229.29999999999126,AVAILABLE,30.19290029279915,78.36057620424023,5005.404153214806,200.1397346456193
229.39999999999125,AVAILABLE,30.192720882094722,78.36065686298429,4998.063036052253,200.17400310019946
229.49999999999125,AVAILABLE,30.19251056534046,78.36067529220051,4998.159742738672,199.8093540395804
229.59999999999124,AVAILABLE,30.19233400135471,78.36071131986354,5001.461594116595,199.9629731121269
229.69999999999123,AVAILABLE,30.19219887678442,78.36076029055175,4997.222648908469,200.13590713013596
229.79999999999123,AVAILABLE,30.19202843969594,78.36080872398583,4995.162090144331,199.89097174395437
229.89999999999122,AVAILABLE,30.191822198736766,78.36086214583901,5003.5952209131465,200.0071599173961
229.99999999999122,AVAILABLE,30.1916614420223,78.36091626283923,4996.459110439064,200.11252294466738
230.0999999999912,AVAILABLE,30.191508254412092,78.36096494062899,5004.643725713414,199.97498464530133
230.1999999999912,AVAILABLE,30.19130581511516,78.36102925169726,4999.488292734594,199.9387305583691
230.2999999999912,AVAILABLE,30.191162445394294,78.36104430182539,4997.590060223246,199.99887474452478
230.3999999999912,AVAILABLE,30.190916643349883,78.36111597385622,5004.043899943047,199.87561136913382
230.4999999999912,AVAILABLE,30.19076780708209,78.36117960088222,5002.8990285329655,199.9668839224808
230.59999999999118,AVAILABLE,30.190601600474896,78.36119605813374,5004.26160639133,200.07748533673055
230.69999999999118,AVAILABLE,30.190439482421155,78.36123021071937,5004.629758758877,200.05821664630577
230.79999999999117,AVAILABLE,30.190234325236315,78.36127310021119,5005.406605131307,199.81830848316247
230.89999999999117,AVAILABLE,30.1900597687491,78.3613393090796,4999.587268682952,199.88652742033383
230.99999999999116,AVAILABLE,30.189840577198538,78.36136776293336,5003.540507246513,199.89994622224546
231.09999999999116,AVAILABLE,30.189707643419894,78.36143748541217,5004.207734964495,199.9120815894403
231.19999999999115,AVAILABLE,30.189546734521432,78.36143656604204,4999.995316125758,199.9251652490705
231.29999999999114,AVAILABLE,30.189374661849687,78.3614639480951,5002.749689565717,199.81544707385726
231.39999999999114,AVAILABLE,30.189178197855657,78.36155657831681,4993.942760379812,199.8385044203702
231.49999999999113,AVAILABLE,30.189010213361154,78.36157009368921,4997.880996181788,199.98948671950586
231.59999999999113,AVAILABLE,30.188882507229554,78.3616731247703,4992.6219368785005,199.97880167760167
231.69999999999112,AVAILABLE,30.188661120607808,78.36171125316896,4998.971293374508,200.03503787273897
231.79999999999112,AVAILABLE,30.18851304576927,78.36174041257019,4995.03755553335,199.95850264573153
231.8999999999911,AVAILABLE,30.188337275566266,78.36180707231594,4999.438853763805,200.06665091295858
231.9999999999911,AVAILABLE,30.188149072632307,78.36181509431867,5000.519354830844,200.08349840917342
232.0999999999911,AVAILABLE,30.187999096314314,78.36187653947349,5000.369097893619,199.97612388071613
232.1999999999911,AVAILABLE,30.18777603651336,78.36194207374578,4997.194482207122,200.00690698464487
232.2999999999911,AVAILABLE,30.18761302178427,78.36196985945483,4999.814750138666,200.0080761532005
232.39999999999108,AVAILABLE,30.18745863946463,78.36202041428453,4999.153233006621,200.03660981079
232.49999999999108,AVAILABLE,30.187266923835065,78.36207607353799,4998.273778081071,199.9948092546747
232.59999999999107,AVAILABLE,30.187113998892123,78.3621392349211,5002.451178986983,200.12125703987525
232.69999999999106,AVAILABLE,30.186926632186374,78.36218971325754,4999.033157013092,200.10072546064038
232.79999999999106,AVAILABLE,30.186762232649784,78.36225040648765,5002.500506709469,200.0678098628002
232.89999999999105,AVAILABLE,30.186579079463918,78.36225210507075,4998.058467381848,200.08481408154915
232.99999999999105,AVAILABLE,30.18637510436517,78.3623417996384,5000.618882480049,200.06146674726602
233.09999999999104,AVAILABLE,30.186240281166025,78.36236123056459,4999.753747396541,199.7850933038324
233.19999999999104,AVAILABLE,30.186053978870987,78.36241445498655,4995.599227598045,200.01919211477335
233.29999999999103,AVAILABLE,30.185870453988894,78.36247110475347,4994.883787851771,199.94444151580012
233.39999999999102,AVAILABLE,30.18569350538137,78.36247824640044,5000.5598543891765,199.79420005373393
233.49999999999102,AVAILABLE,30.18548103623499,78.36254238849185,5001.643310745186,199.91724925557574
233.599999999991,AVAILABLE,30.185353129379735,78.36259598573204,5001.729060339435,200.00770534442293
233.699999999991,AVAILABLE,30.185140552076184,78.36263639715271,5000.382656633285,200.1500688599897
233.799999999991,AVAILABLE,30.184969051747913,78.36273075956083,4999.747369849069,199.89358608003857
233.899999999991,AVAILABLE,30.184815608477034,78.36275309860807,5000.154910093261,199.9247205474364
233.999999999991,AVAILABLE,30.18465778715298,78.36279693069477,5000.017148647059,200.17061841006807
234.09999999999098,AVAILABLE,30.184508095591017,78.36277299854275,5000.09244015339,200.18534913466516
234.19999999999098,AVAILABLE,30.184303844211893,78.36290088849958,5001.715142502928,199.85547539486058
234.29999999999097,AVAILABLE,30.184108256138668,78.36291657604515,5004.008256477506,199.99374265152485
234.39999999999097,AVAILABLE,30.18393573583943,78.36295227471996,5000.565562212762,200.0206648361254
234.49999999999096,AVAILABLE,30.183810333119887,78.36300734170125,4996.284064739933,200.06184007128266
234.59999999999096,AVAILABLE,30.183598692035943,78.3630605873135,4997.856738782617,200.04705907801483
234.69999999999095,AVAILABLE,30.183409810198,78.36309247441189,4998.233844762415,200.0978861950577
234.79999999999094,AVAILABLE,30.18321749621778,78.36314855720734,4999.205080715424,200.07464223371872
234.89999999999094,AVAILABLE,30.183064805798868,78.363216106226,4997.707371273808,200.04322508018524
234.99999999999093,AVAILABLE,30.182897684841247,78.36324562910643,5004.69419376816,200.05316733964366
235.09999999999093,AVAILABLE,30.18272225844095,78.36331341252834,5001.160293298541,199.9749345480902
235.19999999999092,AVAILABLE,30.18255959227225,78.36338372708376,4998.326922888218,200.06440618802554
235.29999999999092,AVAILABLE,30.182369357119963,78.36338601246831,4994.342660075392,199.93640249910445
235.3999999999909,AVAILABLE,30.18217721250676,78.3634605910575,4996.643413150132,200.13287581889568
235.4999999999909,AVAILABLE,30.181999337840065,78.36347388040056,4998.79174146467,199.9443835345277
235.5999999999909,AVAILABLE,30.18181309661071,78.36355312680092,5003.372304028849,200.1204386368341
235.6999999999909,AVAILABLE,30.181683201479416,78.36358989980808,5003.723856129261,199.92358680599722
235.7999999999909,AVAILABLE,30.181500819013213,78.3636478842633,5001.056301501943,199.98219887208165
235.89999999999088,AVAILABLE,30.18129952561651,78.3636589014686,4998.600883949241,199.70128618439801
235.99999999999088,AVAILABLE,30.181148544345167,78.36374282152877,5001.883590475293,200.01773360834983
236.09999999999087,AVAILABLE,30.180951725902947,78.36375289993194,5004.211110803189,199.86324351277446
236.19999999999087,AVAILABLE,30.180830178304685,78.36377335409796,5002.584951954066,199.93308807592857
236.29999999999086,AVAILABLE,30.180606154966835,78.36380655701217,5002.847699068534,200.04300930556698
236.39999999999085,AVAILABLE,30.180458260293342,78.36388773085946,5004.018244391044,200.01852626437787
236.49999999999085,AVAILABLE,30.180260565024913,78.36393443223372,5003.720131353261,200.0364030835034
236.59999999999084,AVAILABLE,30.18009600675624,78.36396073015841,4999.823924214554,199.8995077118843
236.69999999999084,AVAILABLE,30.179898641996868,78.36399967815736,5001.775935132614,199.98929937396633
236.79999999999083,AVAILABLE,30.179737936530803,78.36406445460823,5000.557213375465,199.90050203072695
236.89999999999083,AVAILABLE,30.17956104210172,78.36414477801588,5001.126704609361,200.05918259056673
236.99999999999082,AVAILABLE,30.179375179580777,78.36413801048363,5000.835573557561,199.8933237600687
237.0999999999908,AVAILABLE,30.179206292270617,78.36420061534255,4999.302950308119,200.06661822636903
237.1999999999908,AVAILABLE,30.179030868365317,78.36424637062176,5000.43601480486,200.0268789373345
237.2999999999908,AVAILABLE,30.178861877822833,78.36432438895507,5003.715797852458,200.1663538331172
237.3999999999908,AVAILABLE,30.17869903422933,78.364357974557,5001.086227540663,199.8612320297799
237.4999999999908,AVAILABLE,30.178511169688555,78.36445068353102,4999.844938222131,199.99885845760883
237.59999999999079,AVAILABLE,30.178321611608872,78.36448188903734,4999.148881762998,200.03055215525134
237.69999999999078,AVAILABLE,30.178154155002364,78.36448020981356,4999.463565732721,199.89911974995454
237.79999999999077,AVAILABLE,30.17797297886974,78.36454028010262,5005.1659298701425,200.06477573622584
237.89999999999077,AVAILABLE,30.177815541571846,78.36458579762325,5001.826509380077,199.98648222623137
237.99999999999076,AVAILABLE,30.177656561438923,78.36464101362978,5005.160104994218,199.97691067035265
238.09999999999076,AVAILABLE,30.17746096089041,78.36468263560297,4999.921782111164,199.90192898997935
238.19999999999075,AVAILABLE,30.17726344468489,78.36470448815103,4997.4773761366205,199.90545633688893
238.29999999999075,AVAILABLE,30.177113967962285,78.36477235918105,4999.533404773673,200.13110109083757
238.39999999999074,AVAILABLE,30.176944184183125,78.36479999017318,5001.217102128899,200.06021770280242
238.49999999999073,AVAILABLE,30.176755695571472,78.36485949008988,5001.087110404059,199.97441915450773
238.59999999999073,AVAILABLE,30.17658777679657,78.36493800419797,5001.259237336703,199.950761548134
238.69999999999072,AVAILABLE,30.17637871105917,78.36497464344501,4999.628668667309,199.98350056387645
238.79999999999072,AVAILABLE,30.17623828825978,78.36503046682844,4996.76936528139,200.08440453604837
238.8999999999907,AVAILABLE,30.17606346654633,78.36506948072577,5000.195906896981,200.21891572713204
238.9999999999907,AVAILABLE,30.1758900137648,78.36511103690522,4995.2356874084435,199.973024379525
239.0999999999907,AVAILABLE,30.175715334318188,78.36513311909643,4999.558177685153,200.01420469590946
239.1999999999907,AVAILABLE,30.17554547268706,78.36517496080258,4999.447764723352,199.97642753831784
239.2999999999907,AVAILABLE,30.17535616411003,78.36526164736617,5002.632854618642,200.10973614106496
239.39999999999068,AVAILABLE,30.175227442237112,78.3653042686129,5001.372431501292,199.98752119464532
239.49999999999068,AVAILABLE,30.175004122752203,78.36532758506304,4999.4671874286205,199.93514968019662
239.59999999999067,AVAILABLE,30.17480733476322,78.36539640240231,4998.317941567372,200.0204544948693
239.69999999999067,AVAILABLE,30.174649886745318,78.36545032851463,5004.323516292723,200.05278271630522
239.79999999999066,AVAILABLE,30.174473322278203,78.36547891241003,5000.6338442270835,199.95848527352504
239.89999999999065,AVAILABLE,30.174298234171477,78.36555709240363,5000.857924704027,199.9526569753785
239.99999999999065,AVAILABLE,30.174132560870607,78.3655775964269,4998.480390429733,200.02495900615378
240.09999999999064,AVAILABLE,30.17394671544706,78.36561439758512,5002.1425560069865,199.93207560413333
240.19999999999064,AVAILABLE,30.17380360911894,78.36564772665119,5001.391283250196,200.03956293638322
240.29999999999063,AVAILABLE,30.17360978325381,78.36572629583253,5002.713075404065,199.9742483377181
240.39999999999063,AVAILABLE,30.17342136598278,78.36575993883545,5005.97320944959,199.89588751991403
240.49999999999062,AVAILABLE,30.173272224072146,78.36579632216561,5001.611113037742,200.11062016206165
240.59999999999062,AVAILABLE,30.17305559794241,78.36584194271529,5002.611014862046,200.1201407287223
240.6999999999906,AVAILABLE,30.172891740005838,78.36594336480985,4999.185509137477,200.0381767327745
240.7999999999906,AVAILABLE,30.172749891835032,78.36593837032962,5004.994142358568,199.9253155655509
240.8999999999906,AVAILABLE,30.17255002393683,78.36599241842404,5006.976498553572,200.0031837107495
240.9999999999906,AVAILABLE,30.17239208153641,78.36607157952155,4998.724361840786,200.08998630847898
241.0999999999906,AVAILABLE,30.172195559378693,78.36605801411434,4998.89028906508,200.00504368635654
241.19999999999058,AVAILABLE,30.1719857579791,78.36611587502234,4999.767519536924,200.04284843262744
241.29999999999058,AVAILABLE,30.171862040338453,78.36618689307235,4998.0260307975595,200.05799681638908
241.39999999999057,AVAILABLE,30.17165086836573,78.36624875825309,4995.431514295779,200.0914285671713
241.49999999999056,AVAILABLE,30.17148392625047,78.36631313988588,4998.720864193742,199.9381385891448
241.59999999999056,AVAILABLE,30.171306475174443,78.3663393919789,4996.383586063954,199.97403051803693
241.69999999999055,AVAILABLE,30.171157256449046,78.36635573797561,4997.257232837434,199.94901486750155
241.79999999999055,AVAILABLE,30.17094991821646,78.36640588402292,4999.949577858633,199.84416700401863
241.89999999999054,AVAILABLE,30.170799160926144,78.36646918876087,5000.557679509773,199.99928779154317
241.99999999999054,AVAILABLE,30.170581594233752,78.36649559840338,5000.924305173209,199.98328917522144
242.09999999999053,AVAILABLE,30.1704280823846,78.36659382572617,5003.714316219288,199.8626782246586
242.19999999999052,AVAILABLE,30.170270441796806,78.36661890705055,5004.8451686221215,199.78716554072182
242.29999999999052,AVAILABLE,30.170109385420858,78.36664642656253,5000.477810372964,199.97006562724494
242.3999999999905,AVAILABLE,30.169952457330755,78.36674168249718,4999.166862220194,199.9066847802814
242.4999999999905,AVAILABLE,30.169793273790287,78.36675677451136,4996.771256257492,200.11220530408656
242.5999999999905,AVAILABLE,30.169568468333964,78.36678768147486,5003.167167459744,199.82756904876516
242.6999999999905,AVAILABLE,30.169413684901055,78.36684507441662,5001.056500699109,200.0190714594084
242.7999999999905,AVAILABLE,30.169191716978478,78.36687200899772,5001.121909225913,200.05128067002082
242.89999999999048,AVAILABLE,30.169045112109767,78.36690028661548,4999.196094161301,199.91999146159367
242.99999999999048,AVAILABLE,30.16885720347995,78.36699142932653,5000.906435830856,199.84883070004827
243.09999999999047,AVAILABLE,30.168693381128488,78.36703997100345,5000.562607270173,199.98264407077727
243.19999999999047,AVAILABLE,30.168520655812184,78.36705032383102,5005.6596328774895,200.0129019478601
243.29999999999046,AVAILABLE,30.168329583165384,78.36708321333838,4994.680477122225,199.93722207762264
243.39999999999046,AVAILABLE,30.168188493527904,78.36715639969394,4999.204352780009,199.89842188964272
243.49999999999045,AVAILABLE,30.168021394686622,78.36726162293323,4991.790524772374,199.96280479657196
243.59999999999044,AVAILABLE,30.16782817689472,78.3672719073447,4998.454097081581,199.95218938187415
243.69999999999044,AVAILABLE,30.16765618241276,78.3673399322633,4994.634926467195,199.93010958834964
243.79999999999043,AVAILABLE,30.167477077098365,78.36733383513821,4998.337508780189,200.1321641919461
243.89999999999043,AVAILABLE,30.167298633602066,78.36739086441005,5001.423244051519,199.86378299449575
243.99999999999042,AVAILABLE,30.16712125989666,78.3674579685752,5003.601077919111,200.06385403529376
244.09999999999042,AVAILABLE,30.166945503638086,78.36749124850684,4999.246941372027,200.12234686078003
244.1999999999904,AVAILABLE,30.166790001157484,78.36755321146046,5000.105685469182,199.9140734300297
244.2999999999904,AVAILABLE,30.166568229692462,78.36757928488736,5002.326812086471,200.01599429905718
244.3999999999904,AVAILABLE,30.16644016984997,78.36763153805872,4995.117554908893,199.9310979294859
244.4999999999904,AVAILABLE,30.166256948566634,78.36768727877322,5000.367091132106,199.99546471425887
244.5999999999904,AVAILABLE,30.166057609666733,78.36774214513018,4998.415648390546,200.03932293425612
244.69999999999038,AVAILABLE,30.165891762494823,78.36774216624762,5004.609509184623,199.9745255193747
244.79999999999038,AVAILABLE,30.165731198056733,78.36783450606735,4999.925675845552,199.9539199482888
244.89999999999037,AVAILABLE,30.16554450691167,78.36785791848216,4997.486852757239,199.94889935485807
244.99999999999037,AVAILABLE,30.16533553551965,78.36789474279841,4999.571037558039,200.0555170329747
245.09999999999036,AVAILABLE,30.165153958382245,78.36797236238512,5003.979142520432,200.08807352556263
245.19999999999035,AVAILABLE,30.165039450422416,78.36798408768014,4997.093241810261,199.85891981183494
245.29999999999035,AVAILABLE,30.164864326811657,78.368101213926,4995.179477846874,199.98348479897462
245.39999999999034,AVAILABLE,30.16464045034794,78.3680635188475,4997.140621272803,200.1472773116098
245.49999999999034,AVAILABLE,30.164480240696506,78.36816591786415,5001.9673693428695,199.91649293019373
245.59999999999033,AVAILABLE,30.16433794550076,78.36817324541936,4998.437513640692,200.0444070433304
245.69999999999033,AVAILABLE,30.164133253062754,78.36823744102463,5002.427359809631,200.11497465649921
245.79999999999032,AVAILABLE,30.16393096791277,78.3682899802328,5003.788616814054,200.15788115317758
245.8999999999903,AVAILABLE,30.163742881261708,78.36832012294882,5000.251507146189,199.95812187580688
245.9999999999903,AVAILABLE,30.163625834470754,78.3683928650331,5001.629777822909,199.97610750572994
246.0999999999903,AVAILABLE,30.16343440843946,78.36844891562568,5001.596664032083,200.0334153486845
246.1999999999903,AVAILABLE,30.163264254854713,78.36846033115347,4997.725216589552,200.01286050009068
246.2999999999903,AVAILABLE,30.16310568210414,78.3685018615923,5000.980501372215,200.0397342342691
246.39999999999029,AVAILABLE,30.16290716550672,78.36856717395642,5001.921131484063,199.921597097887
246.49999999999028,AVAILABLE,30.162761504085445,78.3685800688688,5001.976354919823,200.06926227906737
246.59999999999027,AVAILABLE,30.162586111530786,78.3686206716349,4996.814674739946,200.1079493102852
246.69999999999027,AVAILABLE,30.162371966099123,78.3687091635126,5003.224389936886,199.893242458198
246.79999999999026,AVAILABLE,30.162191963101364,78.36873595234141,4999.8735364656895,199.92517936256843
246.89999999999026,AVAILABLE,30.16203642435401,78.36880081802414,5001.499795762689,199.93390080150445
246.99999999999025,AVAILABLE,30.161870061153387,78.36886747584077,5002.6668317479625,200.04388092918967
247.09999999999025,AVAILABLE,30.161677159587942,78.3688987595203,4995.795680683267,200.03051550260815
247.19999999999024,AVAILABLE,30.161525888290512,78.36892966139794,5004.176304675092,200.08330274526398
247.29999999999023,AVAILABLE,30.161369642379764,78.36896671693495,5000.228551414225,199.93373077130346
247.39999999999023,AVAILABLE,30.161151629549188,78.36905269635554,5003.461777954035,199.99741716924817
247.49999999999022,AVAILABLE,30.160977774950798,78.36906084557913,4999.851347121719,200.02749789597326
247.59999999999022,AVAILABLE,30.160819836886574,78.36914955553173,4998.322710153303,199.93222943917246
247.6999999999902,AVAILABLE,30.160657150742306,78.3691823438197,4994.856963844594,200.16041136821167
247.7999999999902,AVAILABLE,30.160445709478697,78.36924038749922,4999.013577202233,200.00554515007298
247.8999999999902,AVAILABLE,30.160312690361025,78.36923240050874,4999.036872949417,199.92747847176003
247.9999999999902,AVAILABLE,30.160102506497374,78.36931041436564,5002.772428931295,200.04296250727867
248.0999999999902,AVAILABLE,30.15992369388446,78.36939495175113,5002.526585301182,199.91175864889937
248.19999999999018,AVAILABLE,30.159750166015765,78.36939626635933,5000.640552576622,199.96147672889177
248.29999999999018,AVAILABLE,30.15959502708922,78.36944605101633,5000.035894424654,199.9400511572367
248.39999999999017,AVAILABLE,30.159395418836354,78.36952135064661,4995.470159311946,200.0234297516713
248.49999999999017,AVAILABLE,30.159245852722332,78.36957765037192,4997.181646686168,200.1215978898712
248.59999999999016,AVAILABLE,30.159053864515645,78.36959906394658,5000.834576879555,199.86805739925902
248.69999999999015,AVAILABLE,30.158904092399673,78.36965837551035,4998.026353526659,199.94087940884265
248.79999999999015,AVAILABLE,30.1587475990406,78.36968638472294,4999.779469389124,199.83679261124715
248.89999999999014,AVAILABLE,30.15852582902846,78.36974813910547,4998.362098210731,200.0145094514083
248.99999999999014,AVAILABLE,30.158360527222055,78.36977631187642,5003.009544419586,199.98084769285146
249.09999999999013,AVAILABLE,30.158177919615184,78.36983046838608,4994.600200547005,200.0577852749418
249.19999999999013,AVAILABLE,30.158017990681408,78.36989352484856,5001.333547520062,199.99136327477473
249.29999999999012,AVAILABLE,30.157838687283736,78.36998075614181,4996.693808639971,200.06042776396475
249.39999999999011,AVAILABLE,30.15766243192689,78.36998829575563,4995.721158671831,200.20136032357073
249.4999999999901,AVAILABLE,30.157501550157285,78.37001269941074,5005.478029444041,200.01653305350905
249.5999999999901,AVAILABLE,30.157341165909976,78.37006871068922,4993.965933363689,199.99736463179525
249.6999999999901,AVAILABLE,30.157119673831694,78.37008236484485,4997.033410356731,200.0280582751639
249.7999999999901,AVAILABLE,30.156939082789183,78.37017842692185,4994.947814578463,199.97530869970248
249.8999999999901,AVAILABLE,30.1567857226406,78.37021276776615,4998.314416513511,200.0271395345549
249.99999999999008,AVAILABLE,30.156583395962294,78.37023642717689,4995.7377184681245,200.13081598876326
250.09999999999008,AVAILABLE,30.156419464064545,78.37027707720478,4999.1340564428365,200.13615553518943
250.19999999999007,AVAILABLE,30.156283034415935,78.37032585377585,5005.430241021797,199.9947250664542
250.29999999999006,AVAILABLE,30.156096854354775,78.370409394917,4997.699813576973,199.93131703446397
250.39999999999006,AVAILABLE,30.155870920438794,78.37043861359285,5001.233725326648,199.97976654217203
250.49999999999005,AVAILABLE,30.155703372279916,78.37049396318616,5002.430411623671,200.01684909831243
250.59999999999005,AVAILABLE,30.155539152217507,78.3705382889179,4997.1798887643245,200.02754782311004
250.69999999999004,AVAILABLE,30.15538187096173,78.37059997649953,5005.575649698053,200.18455297843542
250.79999999999004,AVAILABLE,30.155215714599546,78.3706136050471,5002.003792767349,199.8590196791758
250.89999999999003,AVAILABLE,30.155024415463892,78.37066877096747,4998.492858190194,200.05046343711922
250.99999999999002,AVAILABLE,30.15484151811076,78.37075983973455,4999.478845066317,200.19016114883448
251.09999999999002,AVAILABLE,30.154679196509047,78.37074408792337,5000.3416058561015,200.21438173196228
251.19999999999,AVAILABLE,30.15449598840358,78.37081331519099,5001.657679350481,200.07954773518148
251.29999999999,AVAILABLE,30.154336988367515,78.37082298446721,4997.806757170422,199.9469219781794
251.39999999999,AVAILABLE,30.154202784685534,78.37088826298253,5000.414721258496,200.26909813222625
251.49999999999,AVAILABLE,30.15398200933174,78.37097949620114,5002.5551808367545,199.84167129043732
251.59999999999,AVAILABLE,30.153789297266297,78.37099310486023,4994.589156458533,199.79208984775497
251.69999999998998,AVAILABLE,30.15364029851066,78.37108486128484,4996.801269392273,199.988379703247
251.79999999998998,AVAILABLE,30.153473257188427,78.37111350285946,4995.762791880893,199.9962212305199
251.89999999998997,AVAILABLE,30.153279198535866,78.37109926925264,4998.377124744632,199.94430473761005
251.99999999998997,AVAILABLE,30.1530551447434,78.37116850391607,5000.380265437093,200.0423962401428
252.09999999998996,AVAILABLE,30.152897896066634,78.37124293675954,4999.406332181116,199.98686035702468
252.19999999998996,AVAILABLE,30.152735337142783,78.37123331017023,5002.591823706628,200.04663151351264
252.29999999998995,AVAILABLE,30.152570259048744,78.37131414677269,4995.938991869838,200.04052383006112
252.39999999998994,AVAILABLE,30.15238708593084,78.37138379005833,5002.017624082466,199.94977406657017
252.49999999998994,AVAILABLE,30.152207024619862,78.37141508020254,5000.9881418892055,199.82750311776613
252.59999999998993,AVAILABLE,30.152048265316854,78.37143497889362,4998.904324792918,200.23092433960883
252.69999999998993,AVAILABLE,30.15185178331736,78.3714906416798,4998.7688770118375,199.97765571647534
252.79999999998992,AVAILABLE,30.151670957955538,78.37156571695205,5001.9116888199205,200.05077401550042
252.89999999998992,AVAILABLE,30.15152532952136,78.37159967236,4997.160640891757,200.00342381066963
252.9999999999899,AVAILABLE,30.151353227864373,78.37163442496484,4999.3688400482315,200.00118607724278
253.0999999999899,AVAILABLE,30.15120920774632,78.37172214507632,5004.0587625921,200.07034629044173
253.1999999999899,AVAILABLE,30.150982218939674,78.37175812516753,5004.574309001274,199.90093816102157
253.2999999999899,AVAILABLE,30.150819078886858,78.37179477963404,5001.682495216327,200.1166559298747
253.3999999999899,AVAILABLE,30.15063915084074,78.37183553107779,5009.447106374812,199.95198011195995
253.49999999998988,AVAILABLE,30.150442773903496,78.37188838279062,4998.312829627413,199.98309132085677
253.59999999998988,AVAILABLE,30.150290022692005,78.37188476548343,5000.258261519092,200.02293264018283
253.69999999998987,AVAILABLE,30.1501381787519,78.37198247027763,5003.468967578226,200.1641901505182
253.79999999998986,AVAILABLE,30.149951053486145,78.37203517233134,4999.010574060234,200.06225243242676
253.89999999998986,AVAILABLE,30.149760406152932,78.37202349073418,4999.620702576031,200.11392691322285
253.99999999998985,AVAILABLE,30.149606990458565,78.37211339640406,4997.625051109206,199.9734519014552
254.09999999998985,AVAILABLE,30.149415162054087,78.37214135938044,4996.977565351391,199.99197125614933
254.19999999998984,AVAILABLE,30.149244401018485,78.37222435185733,4997.584970352854,199.80717170629703
254.29999999998984,AVAILABLE,30.149061767048288,78.37227941348684,4995.574068297203,199.91443323000374
254.39999999998983,AVAILABLE,30.148877922868206,78.37233995481992,5003.3249941109025,199.9668630241035
254.49999999998983,AVAILABLE,30.14872868338892,78.37233779725561,4999.898722418341,199.81606175061057
254.59999999998982,AVAILABLE,30.14852183313761,78.37237931522527,4996.494361876676,200.0556049825907
254.6999999999898,AVAILABLE,30.14834629326897,78.37246675941681,5001.669067350785,200.023771741886
254.7999999999898,AVAILABLE,30.148209901651814,78.37249775989109,4997.86270903957,199.95672965134736
254.8999999999898,AVAILABLE,30.148025592468077,78.37251271815073,5002.729041581676,199.97975338130877
254.9999999999898,AVAILABLE,30.147849450844262,78.37258835970385,4997.65963643913,200.15878480978066
255.0999999999898,AVAILABLE,30.147658690479215,78.37263889557852,4998.403076209738,199.91956588088516
255.19999999998979,AVAILABLE,30.14748947991379,78.37266886893237,4999.814447560757,200.01345222234679
255.29999999998978,AVAILABLE,30.14730295343543,78.3727464467528,5001.800514315899,199.79457360539558
255.39999999998977,AVAILABLE,30.147120821097687,78.37276494060075,4997.053666542174,199.92693242007988
255.49999999998977,AVAILABLE,30.14697354130038,78.37282948362635,4995.156398878294,199.86997657708994
255.59999999998976,AVAILABLE,30.146791206728693,78.3728597548357,5002.452559273033,199.93464252999533
255.69999999998976,AVAILABLE,30.146612031469502,78.37289460789277,4999.152197150488,200.05993703664464
255.79999999998975,AVAILABLE,30.14644301264757,78.37293636903462,5003.131565921424,199.993603617103
255.89999999998975,AVAILABLE,30.14626870003096,78.37301509821012,4998.631017674297,200.08701011295574
255.99999999998974,AVAILABLE,30.146072544683914,78.3730449793691,4996.340414427496,199.84542791309715
256.09999999998973,AVAILABLE,30.145949788814058,78.37309607177414,4998.76600345335,200.18752628396925
256.19999999998976,AVAILABLE,30.145703745210977,78.37317156147404,5000.737597780913,199.98608527745057
256.2999999999898,AVAILABLE,30.14555559107357,78.37318669346175,5004.466819047741,200.10135218388646
256.3999999999898,AVAILABLE,30.14538209467406,78.37322319115775,5000.0703804349805,199.89889366947384
256.4999999999898,AVAILABLE,30.145194625283487,78.37328004369571,4997.717121965951,199.93515609566646
256.59999999998985,AVAILABLE,30.145027424871373,78.37331139519146,5004.55591548419,199.7872678187073
256.69999999998987,AVAILABLE,30.14487124947801,78.3733935728393,4999.460453236866,199.98353620562872
256.7999999999899,AVAILABLE,30.144685888477863,78.37342725991492,5002.091819619203,200.0541813350499
256.8999999999899,AVAILABLE,30.144500789985834,78.3734525234893,5000.939366408553,200.05711935596347
256.99999999998994,AVAILABLE,30.144346948542076,78.37350826706427,5007.426820238051,199.8268943552868
257.09999999998996,AVAILABLE,30.144190688119078,78.37354962232014,4999.680047939286,200.17499541707772
257.19999999999,AVAILABLE,30.144015740271563,78.37364544111585,5002.388933806821,200.04060066952613
257.29999999999,AVAILABLE,30.143782074781143,78.37363508849079,4999.771221843652,200.0606349573429
257.39999999999003,AVAILABLE,30.143644705217945,78.3737240922131,5004.186780309627,200.14183791903258
257.49999999999005,AVAILABLE,30.143457206306294,78.37370975377509,5003.0269875392505,199.97800227867165
257.5999999999901,AVAILABLE,30.143272544422395,78.37380337422742,4996.118925486718,199.97734697454302
257.6999999999901,AVAILABLE,30.143079929298512,78.37379833502871,4997.877776691274,200.14576197940139
257.7999999999901,AVAILABLE,30.142932794815497,78.37390934144722,4999.642752098319,200.03983293820454
257.89999999999014,AVAILABLE,30.14272134207023,78.37392479074136,4997.365768261228,199.86262980573932
257.99999999999017,AVAILABLE,30.14258210080964,78.37399470037832,5001.041164651776,199.99377767845405
258.0999999999902,AVAILABLE,30.142417341030676,78.37403452929392,5000.807744899103,199.94136452725832
258.1999999999902,AVAILABLE,30.142239305466155,78.3740887017432,4996.904179724532,199.93403432488262
258.29999999999023,AVAILABLE,30.14207343108181,78.37409943225056,4998.749895830104,200.10181910522874
258.39999999999026,AVAILABLE,30.141891101048543,78.37419367503844,5001.808645296988,199.96389696668675
258.4999999999903,AVAILABLE,30.141671778679864,78.3742627474075,5002.429590985407,199.9113992218674
258.5999999999903,AVAILABLE,30.14153064845904,78.37425360665137,4999.687313749828,200.05897960932614
258.6999999999903,AVAILABLE,30.14134045149556,78.3743527398465,4998.990700299461,199.95466970248353
258.79999999999035,AVAILABLE,30.141199086166225,78.37433604650107,5000.376748786647,200.21153515631127
258.89999999999037,AVAILABLE,30.141004319584376,78.37441145402855,4998.2682766525195,199.90661407189188
258.9999999999904,AVAILABLE,30.14082336125662,78.37450081952855,5002.7537027269045,200.0535605366134
259.0999999999904,AVAILABLE,30.140664509472607,78.37452011876465,4999.009666615962,199.9983544974028
259.19999999999044,AVAILABLE,30.140475675966353,78.3745562290197,4997.104388504502,199.86954195418966
259.29999999999046,AVAILABLE,30.140288301612784,78.37460168751223,4996.701432013632,200.0770776467012
259.3999999999905,AVAILABLE,30.1401056818256,78.37463579462877,4995.853480851576,200.06129703846494
259.4999999999905,AVAILABLE,30.139923481112536,78.37464520040379,5000.188336334862,200.03244413364604
259.59999999999053,AVAILABLE,30.13978951280375,78.37473727719905,5001.267785145977,200.01855507615952
259.69999999999055,AVAILABLE,30.13960414080614,78.37480892186947,4999.362369934952,199.90254827847514
259.7999999999906,AVAILABLE,30.139448693409122,78.37484710846286,5001.723632296182,199.94572494931975
259.8999999999906,AVAILABLE,30.139258572440557,78.37490876241301,4998.576521048797,200.06739363589503
259.9999999999906,AVAILABLE,30.139050591803787,78.3749011546718,5002.94456743077,200.0660235393707
260.09999999999064,AVAILABLE,30.138893098325333,78.3749445611135,4997.774286897917,200.20476223795998
260.19999999999067,AVAILABLE,30.13872520201236,78.37503178455871,5001.751271614982,200.02722559567633
260.2999999999907,AVAILABLE,30.13855684516228,78.37505367890563,5003.39274643629,200.00906841387206
260.3999999999907,AVAILABLE,30.138367876178275,78.37511834344043,4999.895773140398,200.03987422386598
260.49999999999073,AVAILABLE,30.13818312035569,78.37511708145435,4993.415605260688,199.85283876056664
260.59999999999076,AVAILABLE,30.138004964311467,78.37518849245443,5000.022587073166,200.04812812492668
260.6999999999908,AVAILABLE,30.1378574716044,78.37522277176578,5005.688067139496,199.98856523722762
260.7999999999908,AVAILABLE,30.1376617030466,78.37529187473456,5000.806083189052,200.03536054577418
260.8999999999908,AVAILABLE,30.13748729743585,78.37537248389582,4995.327097548927,200.04779446111033
260.99999999999085,AVAILABLE,30.137335719286934,78.37538620286625,4997.154718813772,200.0080682060488
261.09999999999087,AVAILABLE,30.137163308069404,78.37543556215401,4998.434040134743,199.79586304138905
261.1999999999909,AVAILABLE,30.13697677818839,78.37544011306193,5003.298543614023,199.92238045450057
261.2999999999909,AVAILABLE,30.136816823798103,78.3755478489433,4999.916218682398,199.97972432910396
261.39999999999094,AVAILABLE,30.136655859508387,78.37556848726132,4999.106027592692,199.95345444823963
261.49999999999096,AVAILABLE,30.1364320674535,78.37562085773217,4999.544229587877,199.73125480830393
261.599999999991,AVAILABLE,30.136251409395246,78.37569384608437,5002.580158089209,200.2335436431594
261.699999999991,AVAILABLE,30.136064970262176,78.37567275798537,5003.239848773467,199.89487621703336
261.79999999999103,AVAILABLE,30.135935510850988,78.37574726668907,5003.545237292234,199.9683135639792
261.89999999999105,AVAILABLE,30.13574181531848,78.37583855123924,5002.278052173519,199.93555260840245
261.9999999999911,AVAILABLE,30.135519304709362,78.37588702594161,4999.683481193691,200.02698246646142
262.0999999999911,AVAILABLE,30.135377522326078,78.37589834274391,4997.566430609144,199.93083462088018
262.1999999999911,AVAILABLE,30.135173291620724,78.37596262943622,5000.650634701887,199.92040939362553
262.29999999999114,AVAILABLE,30.13506405116413,78.3759894468946,4998.674999420008,199.89700297801082
262.39999999999117,AVAILABLE,30.13489553186549,78.37608466429306,4996.8419745902675,199.89631437527183
262.4999999999912,AVAILABLE,30.134687868007802,78.37610363313046,5000.163670302932,199.98313167510187
262.5999999999912,AVAILABLE,30.134531666148902,78.37613845899016,4999.1729155451585,199.9817481564011
262.69999999999123,AVAILABLE,30.13433566973765,78.37620152332879,4999.9425474738555,199.99697166700193
262.79999999999126,AVAILABLE,30.13416679313575,78.37624679717256,4998.76783493597,200.1936349150766
262.8999999999913,AVAILABLE,30.133976068914357,78.37624354630135,5000.714886349494,200.03508165851005
262.9999999999913,AVAILABLE,30.13380867672637,78.37638918891356,5001.307451932213,200.12530365645
263.0999999999913,AVAILABLE,30.13365215664719,78.37637464084649,4997.2321394023875,200.01569772907862
263.19999999999135,AVAILABLE,30.133475514635368,78.37638684910124,4993.076243103523,200.12208054185706
263.29999999999137,AVAILABLE,30.133301975367782,78.37647025789465,4999.169011368295,200.08170277569516
263.3999999999914,AVAILABLE,30.133090366121472,78.37649535040256,4998.266358703495,200.11799778556605
263.4999999999914,AVAILABLE,30.132935142808293,78.37654160848183,5002.509692048472,200.0957238849201
263.59999999999144,AVAILABLE,30.132762346735856,78.37660928752355,4996.144113404652,199.9427764816098
263.69999999999146,AVAILABLE,30.132572739402406,78.37664189765606,5002.286573080107,199.9246584168415
263.7999999999915,AVAILABLE,30.132426692122998,78.37671146741076,4997.285721953575,200.21550990568875
263.8999999999915,AVAILABLE,30.132234215897526,78.37671827498943,4997.184284911193,200.04585651040435
263.99999999999153,AVAILABLE,30.132060045887417,78.37679029386881,4992.971031128989,199.90908718417114
264.09999999999155,AVAILABLE,30.13186184626615,78.37685097103879,4998.092484718959,199.94379505398769
264.1999999999916,AVAILABLE,30.131714087522074,78.37690588482322,5002.617510919864,200.08978090994898
264.2999999999916,AVAILABLE,30.13152409928291,78.376920766507,5000.100412535137,199.90018965499834
264.3999999999916,AVAILABLE,30.131360933427178,78.37697567686699,5002.161506950198,199.80925582671762
264.49999999999164,AVAILABLE,30.1311814481255,78.37702277232695,5005.3164550885,200.0634152016882
264.59999999999167,AVAILABLE,30.131002470216288,78.37705260255262,5002.034704833032,200.04760291768096
264.6999999999917,AVAILABLE,30.130820708134976,78.37711657500343,5004.571535077729,200.06129314332264
264.7999999999917,AVAILABLE,30.13064796947123,78.37713079185055,5001.920718885327,200.02215438798734
264.89999999999173,AVAILABLE,30.13050437601237,78.37723461045188,4997.866856046941,200.00209832392662
264.99999999999176,AVAILABLE,30.130295074341387,78.37721816625205,4999.186195899618,200.08192220687923
265.0999999999918,AVAILABLE,30.130137655471664,78.37730095749076,4995.443041328207,200.0144018418111
265.1999999999918,AVAILABLE,30.1299604549953,78.37734791091012,4998.788846502091,199.9691729037691
265.2999999999918,AVAILABLE,30.129795030820315,78.37740250070875,4994.403742885077,200.03105823680528
265.39999999999185,AVAILABLE,30.129604085192522,78.37744357835302,5002.202944697771,200.07054657912377
265.49999999999187,AVAILABLE,30.12946760495565,78.37748364806134,5002.056494303136,199.8945211149447
265.5999999999919,AVAILABLE,30.129271068200232,78.37750621821102,5002.636073623248,199.89284729198744
265.6999999999919,AVAILABLE,30.129060688190602,78.37759335702331,5002.20742710675,200.1694737874024
265.79999999999194,AVAILABLE,30.128902650225438,78.3776172279851,4999.802453333878,199.87438222852424
265.89999999999196,AVAILABLE,30.1287187093221,78.37767709325325,4996.243310777559,199.7803468343103
265.999999999992,AVAILABLE,30.128531495005596,78.37772256532888,4996.402683349053,200.09769870762736
266.099999999992,AVAILABLE,30.12839743775131,78.37778135023876,4999.3636313075485,200.0108362602453
266.19999999999203,AVAILABLE,30.128185267736832,78.37782168530535,5002.541698616324,200.0058755023636
266.29999999999205,AVAILABLE,30.128009040548218,78.37782649186262,4999.353986935627,199.97980987655563
266.3999999999921,AVAILABLE,30.12789549269544,78.37787851858062,4995.289962488715,200.03209479518543
266.4999999999921,AVAILABLE,30.127673207222927,78.37801252011703,4996.301099547414,200.1534095778191
266.5999999999921,AVAILABLE,30.12748984675692,78.37800086379171,4999.1890400355005,199.90421024241786
266.69999999999214,AVAILABLE,30.12735543891257,78.3780595840258,4997.144329305817,200.1278356398196
266.79999999999217,AVAILABLE,30.127140783935182,78.37812247423307,5000.553774580128,199.92136612062464
266.8999999999922,AVAILABLE,30.12698186613856,78.37812368161937,4994.749629351965,200.13765021756498
266.9999999999922,AVAILABLE,30.126794690459263,78.37817198210001,4995.668648392794,200.02589757006876
267.09999999999224,AVAILABLE,30.126593565105438,78.37821274503946,5000.58203911255,199.8794567420188
267.19999999999226,AVAILABLE,30.126465758741094,78.37829465008954,5002.66589751668,199.97430062023253
267.2999999999923,AVAILABLE,30.126266039726488,78.3783137521635,5005.632469123739,200.05445547356064
267.3999999999923,AVAILABLE,30.126108653231142,78.37838251713977,5005.497446474577,200.1444060578344
267.4999999999923,AVAILABLE,30.12589898817096,78.37842649414718,5005.417485881742,199.97871680176257
267.59999999999235,AVAILABLE,30.125752292141847,78.37845281220014,5001.499276825143,199.96359161235128
267.6999999999924,AVAILABLE,30.125601994275904,78.37849284515983,4999.040816036189,200.01756250690119
267.7999999999924,AVAILABLE,30.125396419269105,78.37855470771218,5000.666896384306,199.968073295652
267.8999999999924,AVAILABLE,30.125229957788587,78.37857973143272,5003.669695574361,199.80905596020375
267.99999999999244,AVAILABLE,30.125040593228327,78.37868368787937,4993.533092913744,200.20855723960736
268.09999999999246,AVAILABLE,30.124866622411503,78.37869514632554,4999.949552435036,200.10726128527938
268.1999999999925,AVAILABLE,30.124699366869205,78.3787615846273,5002.886324413751,200.15609680263537
268.2999999999925,AVAILABLE,30.124531029563418,78.37878202653955,4996.324583244244,199.93051873049075
268.39999999999253,AVAILABLE,30.124345593893164,78.378829138125,5002.336619922812,199.80331100342758
268.49999999999255,AVAILABLE,30.12416455880607,78.37890445859459,4998.889845899095,199.98884926092637
268.5999999999926,AVAILABLE,30.12401246586857,78.3789655763735,5003.646002188129,199.92392725061805
268.6999999999926,AVAILABLE,30.123791747217496,78.37898231735787,4996.927622542048,199.95151711710315
268.7999999999926,AVAILABLE,30.123635493225144,78.37905114688276,4998.475757561349,199.98036317066828
268.89999999999264,AVAILABLE,30.123492454472895,78.37908369978757,4999.180956600825,200.0269204756891
268.99999999999267,AVAILABLE,30.123327537507162,78.3791384897752,4999.55153496982,200.04781373007094
269.0999999999927,AVAILABLE,30.123127558534673,78.37919602206254,4998.959849602753,200.0622131563873
269.1999999999927,AVAILABLE,30.12298713087288,78.37919761155322,4999.959397873373,200.15587509279044
269.29999999999274,AVAILABLE,30.122807165364183,78.37927881907252,5001.1591241731085,199.99215409864976
269.39999999999276,AVAILABLE,30.122567440857097,78.37928951160632,5003.213163186167,199.95107915738308
269.4999999999928,AVAILABLE,30.122418541035216,78.37935893216407,4999.529046670785,199.9541317553833
269.5999999999928,AVAILABLE,30.12220875377514,78.37940981546194,4999.9393627308755,200.02458954529644
269.6999999999928,AVAILABLE,30.12206559515478,78.37946181472849,4997.414723946209,200.14667873843769
269.79999999999285,AVAILABLE,30.121912150526803,78.37951481064289,4999.310732920736,199.77403877957647
269.8999999999929,AVAILABLE,30.12170328280133,78.3795049474247,5000.105350191792,200.0387530875541
269.9999999999929,AVAILABLE,30.121583970701096,78.37957363618575,4998.515624121625,199.83701492614261
270.0999999999929,AVAILABLE,30.121421188215916,78.37964763916521,5003.851941518009,199.9581986785838
270.19999999999294,AVAILABLE,30.12119095198004,78.3796758886466,4993.113631453875,199.92313678894448
270.29999999999296,AVAILABLE,30.12102060414804,78.37973409920278,5003.482100320441,200.02640461255257
270.399999999993,AVAILABLE,30.1208348113062,78.37975686496361,4998.075835986525,200.18386524035876
270.499999999993,AVAILABLE,30.120674406778694,78.37982064836952,5004.861353344796,200.0587502372384
270.59999999999303,AVAILABLE,30.120503801554776,78.37984429710153,5002.900916997139,199.883552474209
270.69999999999305,AVAILABLE,30.120318446323783,78.37988849023924,5004.838893536846,200.0548172938118
270.7999999999931,AVAILABLE,30.120138496778953,78.37994068881389,4998.536125538857,200.02415870092332
270.8999999999931,AVAILABLE,30.11996455660511,78.38001683643921,5002.855227141762,199.98951358258057
