timestamp,status,latitude,longitude,altitude,velocity
0.0,AVAILABLE,26.55016557489611,70.55020528926065,3002.0666359301326,250.08759105400833
0.1,AVAILABLE,26.550262230116306,70.55036429470994,2996.627875529647,250.03404789598915
0.2,AVAILABLE,26.55043493314995,70.55059612572012,2995.92020740184,250.14055526695373
0.30000000000000004,AVAILABLE,26.55052575793234,70.55078160817612,2998.2902007529997,250.025060406167
0.4,AVAILABLE,26.550712961596258,70.55095928655423,2999.043158726072,250.03155254947123
0.5,AVAILABLE,26.55081093239848,70.55118528815014,3000.5650481282137,249.86646203696932
0.6,AVAILABLE,26.550947060694117,70.55138387590378,2999.320050599271,250.02212318258725
0.7,AVAILABLE,26.55114892684344,70.55160081061995,3001.3351754823198,249.92898375083266
0.7999999999999999,AVAILABLE,26.55126456145969,70.5517649825311,3004.708374740076,250.1186741835697
0.8999999999999999,AVAILABLE,26.55135047536976,70.55195494695599,2999.4264554293522,249.95986280003933
0.9999999999999999,AVAILABLE,26.551502488879052,70.55215178819503,3002.166423161015,249.94677622766244
1.0999999999999999,AVAILABLE,26.551636323692918,70.55236862663901,3002.908624618572,250.16829965484817
1.2,AVAILABLE,26.551803546057485,70.55256580192945,2997.5869488194976,249.9479502961583
1.3,AVAILABLE,26.551950658921136,70.55279515338479,3003.7305104533884,249.97560974247557
1.4000000000000001,AVAILABLE,26.5520956285846,70.55298317409569,3001.3610641233254,249.75491737582124
1.5000000000000002,AVAILABLE,26.552217242969842,70.55316000101371,3003.9819417158633,249.9716896727987
1.6000000000000003,AVAILABLE,26.552365127729615,70.5533688138655,3003.800389538945,250.07624327617896
1.7000000000000004,AVAILABLE,26.552514150682292,70.55359145706583,3002.8770066522247,250.0782663821849
1.8000000000000005,AVAILABLE,26.552629631002265,70.55376123690334,3006.4871346406744,250.00342339049203
1.9000000000000006,AVAILABLE,26.552782116994113,70.5539556264042,2999.127415818508,249.70052279250444
2.0000000000000004,AVAILABLE,26.5529423550264,70.5541312667042,2997.504824773152,250.13545563704398
2.1000000000000005,AVAILABLE,26.55300796391526,70.5543534277557,2998.3185504582393,249.81567363717934
2.2000000000000006,AVAILABLE,26.55319995599805,70.55453523616107,2999.6895444154425,249.9570566914594
2.3000000000000007,AVAILABLE,26.553339031141157,70.55479397999144,2996.2337769229534,250.0857097316561
2.400000000000001,AVAILABLE,26.553453775657648,70.55493932133282,2994.329067229176,249.88607454248276
2.500000000000001,AVAILABLE,26.55359707802292,70.55516071771355,3000.736879087669,250.05755736609152
2.600000000000001,AVAILABLE,26.553756606759677,70.55531439232102,3004.3575379842946,249.9675306285951
2.700000000000001,AVAILABLE,26.553894416669667,70.55553641178152,3000.7985519335853,250.06458892692496
2.800000000000001,AVAILABLE,26.55398031106063,70.5557784010449,3000.5224721307713,250.10935357239106
2.9000000000000012,AVAILABLE,26.554163309260257,70.55593755506733,2996.0349735725317,249.96086905928817
3.0000000000000013,AVAILABLE,26.554258271037295,70.55613061989062,3004.7337446717847,249.81166619038157
3.1000000000000014,AVAILABLE,26.55442432418329,70.55632404359125,3003.492324900139,250.12387680010136
3.2000000000000015,AVAILABLE,26.554576446677697,70.55653122402303,2999.51497729859,249.95102849985372
3.3000000000000016,AVAILABLE,26.554705319117495,70.55671789463229,2999.5392445648768,250.00781371667017
3.4000000000000017,AVAILABLE,26.55484119095413,70.55693770565121,2999.8875304217845,250.05348065056893
3.5000000000000018,AVAILABLE,26.554966712149838,70.55710887703658,3000.279271505756,250.02846299062207
3.600000000000002,AVAILABLE,26.555126704383547,70.55735179823236,2999.368507509702,250.1428700798484
3.700000000000002,AVAILABLE,26.555293599080102,70.55753269510714,3001.336401656655,250.05540143621172
3.800000000000002,AVAILABLE,26.55540456307913,70.55769398858249,2998.4346102276704,249.93662299049757
3.900000000000002,AVAILABLE,26.555538384444493,70.5578997189156,2996.7724967189156,250.01294487833476
4.000000000000002,AVAILABLE,26.55571001131957,70.55809476805328,2994.4705316915756,249.94201370528523
4.100000000000001,AVAILABLE,26.55580088819095,70.55828967298596,2996.1001089315946,249.98520303587966
4.200000000000001,AVAILABLE,26.55597111408592,70.55855330022322,2996.4403722016746,249.85797761955791
4.300000000000001,AVAILABLE,26.556097204494613,70.55870317482943,3004.82207198963,250.1298853484003
4.4,AVAILABLE,26.556226892071987,70.55886247790951,3001.707025746599,249.9549980671543
4.5,AVAILABLE,26.556402213866857,70.55909914536932,2999.5474352917254,249.88037477142967
4.6,AVAILABLE,26.55651546892741,70.55932274358193,2997.5515447568255,250.01983253151863
4.699999999999999,AVAILABLE,26.55664432000254,70.55951567061855,2999.827557645351,250.0544810522488
4.799999999999999,AVAILABLE,26.556799221945703,70.55967751533333,2996.534046874733,250.13133365730425
4.899999999999999,AVAILABLE,26.5569259413022,70.55987248167365,2998.0422595701307,250.16593254171988
4.999999999999998,AVAILABLE,26.55707251098082,70.56011341014059,2993.1390213534123,250.23029843263416
5.099999999999998,AVAILABLE,26.55721099351168,70.56031586133201,2999.066417490474,249.99463901756988
5.1999999999999975,AVAILABLE,26.557363718325803,70.56052488192921,3000.5007520837994,249.9327284454757
5.299999999999997,AVAILABLE,26.557505143517517,70.56072744674783,2995.957740965162,249.9160555837858
5.399999999999997,AVAILABLE,26.55763703310821,70.56087399341568,2993.3588584585204,250.0002648158425
5.4999999999999964,AVAILABLE,26.557769383033154,70.56109466143631,3004.2392419014586,249.87005839247794
5.599999999999996,AVAILABLE,26.557893063728216,70.56127732028217,3001.2869707656564,249.92561635949264
5.699999999999996,AVAILABLE,26.558041919180106,70.56146085070928,3002.6139065467432,250.12663698797508
5.799999999999995,AVAILABLE,26.558166252888338,70.56168625649548,2996.9130438162665,250.0412833633559
5.899999999999995,AVAILABLE,26.558293013012005,70.56187730052542,3003.528580638075,250.09309249014206
5.999999999999995,AVAILABLE,26.558424119003448,70.56207298935703,2998.968527342533,250.14423478097487
6.099999999999994,AVAILABLE,26.55860348655795,70.56229768546316,2998.4169375436577,249.8863559276325
6.199999999999994,AVAILABLE,26.558690775569477,70.56247197934296,2999.215241892833,250.0321479720108
6.299999999999994,AVAILABLE,26.558870490492392,70.562668722899,3004.4151356921157,249.88007359520103
6.399999999999993,AVAILABLE,26.559021734231372,70.56288737118741,3001.643634029172,250.18874640034596
6.499999999999993,AVAILABLE,26.559144966432083,70.56306288302619,2999.1704741986764,249.96875276682604
6.5999999999999925,AVAILABLE,26.559321462606885,70.56322874972314,2998.305315289059,249.95081848312654
6.699999999999992,AVAILABLE,26.559428399512342,70.56344944210295,3001.9590058863882,250.05466847216795
6.799999999999992,AVAILABLE,26.559599091279278,70.56367085957287,2997.3223034044013,249.84172566264243
6.8999999999999915,AVAILABLE,26.55969782263155,70.5638388803096,2999.276004246188,250.13471125987962
6.999999999999991,AVAILABLE,26.559849963641984,70.56402152319069,2997.67391521875,250.16171035717713
7.099999999999991,AVAILABLE,26.559960778995418,70.56426168367832,3002.5972483636324,249.88042805447336
7.19999999999999,AVAILABLE,26.56009753188889,70.56445125019778,3000.916888663835,250.10271250075277
7.29999999999999,AVAILABLE,26.560269690319952,70.5646223077876,3005.4757801371425,250.01935319515187
7.39999999999999,AVAILABLE,26.560400641062937,70.56484453683065,2995.4838519447185,249.91898093800623
7.499999999999989,AVAILABLE,26.56055147347987,70.56505226955153,2998.508164877616,250.0122677276456
7.599999999999989,AVAILABLE,26.560665878571687,70.56522496210992,2998.7235279325305,249.88972419686885
7.699999999999989,AVAILABLE,26.56080104734095,70.56543171246493,3000.037164877334,249.98515520692897
7.799999999999988,AVAILABLE,26.560949325775155,70.56564043658037,3000.3803946943535,250.00761159005998
7.899999999999988,AVAILABLE,26.56108430410031,70.56582859959101,3002.4071627760054,250.0699379289001
7.999999999999988,AVAILABLE,26.561224659375593,70.56601538755841,2997.8828910564444,249.89345902000463
8.099999999999987,AVAILABLE,26.561397568947672,70.56620875180776,3002.8166746526763,249.99498624052524
8.199999999999987,AVAILABLE,26.5615189388255,70.56641173262064,2999.350683042608,250.10304377004513
8.299999999999986,AVAILABLE,26.561674189923757,70.56662592363891,3003.5090427415953,250.07269133050278
8.399999999999986,AVAILABLE,26.561802003546283,70.56682684605508,2999.877343637426,250.24096346025672
8.499999999999986,AVAILABLE,26.561917890810243,70.5670350610169,2999.4568258280933,250.04839058751753
8.599999999999985,AVAILABLE,26.5620521599398,70.56720154382496,2999.656631933862,250.08582494978367
8.699999999999985,AVAILABLE,26.562180956028328,70.56744131545857,3000.3232433359294,250.05028537377717
8.799999999999985,AVAILABLE,26.562327506660104,70.56763357026257,2999.7072242402955,250.04719045836197
8.899999999999984,AVAILABLE,26.56244891437516,70.5678485733258,3002.5817440751734,249.9340020116073
8.999999999999984,AVAILABLE,26.56260595843773,70.56801161493107,2997.718752645703,249.85938188498795
9.099999999999984,AVAILABLE,26.562753364755167,70.56823256541566,3002.0907565874263,250.05200133070193
9.199999999999983,AVAILABLE,26.56288559986072,70.56843713678609,2997.35797959631,249.91902126075195
9.299999999999983,AVAILABLE,26.563010919905125,70.5686099589483,2997.699334106814,250.00882909452574
9.399999999999983,AVAILABLE,26.56318617893159,70.568766789746,2997.695956027165,250.06637975707017
9.499999999999982,AVAILABLE,26.563312484551663,70.56899419767568,3000.1813624067213,249.93945980891675
9.599999999999982,AVAILABLE,26.56345394604635,70.56921126616034,2998.1236633388357,249.93834279432625
9.699999999999982,AVAILABLE,26.56356504444783,70.56938915939233,3003.4607224794204,249.93666469962517
9.799999999999981,AVAILABLE,26.563721830516535,70.56961793583842,2997.6069386075005,249.97060960468878
9.89999999999998,AVAILABLE,26.563863313147976,70.56978495104224,3006.0798935536486,249.982574079467
9.99999999999998,AVAILABLE,26.56402861337757,70.56999729691155,3006.25604619805,250.22312922320475
10.09999999999998,DENIED,nan,nan,nan,nan
10.19999999999998,DENIED,nan,nan,nan,nan
10.29999999999998,DENIED,nan,nan,nan,nan
10.399999999999979,DENIED,nan,nan,nan,nan
10.499999999999979,DENIED,nan,nan,nan,nan
10.599999999999978,DENIED,nan,nan,nan,nan
10.699999999999978,DENIED,nan,nan,nan,nan
10.799999999999978,DENIED,nan,nan,nan,nan
10.899999999999977,DENIED,nan,nan,nan,nan
10.999999999999977,DENIED,nan,nan,nan,nan
11.099999999999977,DENIED,nan,nan,nan,nan
11.199999999999976,DENIED,nan,nan,nan,nan
11.299999999999976,DENIED,nan,nan,nan,nan
11.399999999999975,DENIED,nan,nan,nan,nan
11.499999999999975,DENIED,nan,nan,nan,nan
11.599999999999975,DENIED,nan,nan,nan,nan
11.699999999999974,DENIED,nan,nan,nan,nan
11.799999999999974,DENIED,nan,nan,nan,nan
11.899999999999974,DENIED,nan,nan,nan,nan
11.999999999999973,DENIED,nan,nan,nan,nan
12.099999999999973,DENIED,nan,nan,nan,nan
12.199999999999973,DENIED,nan,nan,nan,nan
12.299999999999972,DENIED,nan,nan,nan,nan
12.399999999999972,DENIED,nan,nan,nan,nan
12.499999999999972,DENIED,nan,nan,nan,nan
12.599999999999971,DENIED,nan,nan,nan,nan
12.69999999999997,DENIED,nan,nan,nan,nan
12.79999999999997,DENIED,nan,nan,nan,nan
12.89999999999997,DENIED,nan,nan,nan,nan
12.99999999999997,DENIED,nan,nan,nan,nan
13.09999999999997,DENIED,nan,nan,nan,nan
13.199999999999969,DENIED,nan,nan,nan,nan
13.299999999999969,DENIED,nan,nan,nan,nan
13.399999999999968,DENIED,nan,nan,nan,nan
13.499999999999968,DENIED,nan,nan,nan,nan
13.599999999999968,DENIED,nan,nan,nan,nan
13.699999999999967,DENIED,nan,nan,nan,nan
13.799999999999967,DENIED,nan,nan,nan,nan
13.899999999999967,DENIED,nan,nan,nan,nan
13.999999999999966,DENIED,nan,nan,nan,nan
14.099999999999966,DENIED,nan,nan,nan,nan
14.199999999999966,DENIED,nan,nan,nan,nan
14.299999999999965,DENIED,nan,nan,nan,nan
14.399999999999965,DENIED,nan,nan,nan,nan
14.499999999999964,DENIED,nan,nan,nan,nan
14.599999999999964,DENIED,nan,nan,nan,nan
14.699999999999964,DENIED,nan,nan,nan,nan
14.799999999999963,DENIED,nan,nan,nan,nan
14.899999999999963,DENIED,nan,nan,nan,nan
14.999999999999963,DENIED,nan,nan,nan,nan
15.099999999999962,DENIED,nan,nan,nan,nan
15.199999999999962,DENIED,nan,nan,nan,nan
15.299999999999962,DENIED,nan,nan,nan,nan
15.399999999999961,DENIED,nan,nan,nan,nan
15.499999999999961,DENIED,nan,nan,nan,nan
15.59999999999996,DENIED,nan,nan,nan,nan
15.69999999999996,DENIED,nan,nan,nan,nan
15.79999999999996,DENIED,nan,nan,nan,nan
15.89999999999996,DENIED,nan,nan,nan,nan
15.99999999999996,DENIED,nan,nan,nan,nan
16.09999999999996,DENIED,nan,nan,nan,nan
16.19999999999996,DENIED,nan,nan,nan,nan
16.29999999999996,DENIED,nan,nan,nan,nan
16.399999999999963,DENIED,nan,nan,nan,nan
16.499999999999964,DENIED,nan,nan,nan,nan
16.599999999999966,DENIED,nan,nan,nan,nan
16.699999999999967,DENIED,nan,nan,nan,nan
16.79999999999997,DENIED,nan,nan,nan,nan
16.89999999999997,DENIED,nan,nan,nan,nan
16.99999999999997,DENIED,nan,nan,nan,nan
17.099999999999973,DENIED,nan,nan,nan,nan
17.199999999999974,DENIED,nan,nan,nan,nan
17.299999999999976,DENIED,nan,nan,nan,nan
17.399999999999977,DENIED,nan,nan,nan,nan
17.49999999999998,DENIED,nan,nan,nan,nan
17.59999999999998,DENIED,nan,nan,nan,nan
17.69999999999998,DENIED,nan,nan,nan,nan
17.799999999999983,DENIED,nan,nan,nan,nan
17.899999999999984,DENIED,nan,nan,nan,nan
17.999999999999986,DENIED,nan,nan,nan,nan
18.099999999999987,DENIED,nan,nan,nan,nan
18.19999999999999,DENIED,nan,nan,nan,nan
18.29999999999999,DENIED,nan,nan,nan,nan
18.39999999999999,DENIED,nan,nan,nan,nan
18.499999999999993,DENIED,nan,nan,nan,nan
18.599999999999994,DENIED,nan,nan,nan,nan
18.699999999999996,DENIED,nan,nan,nan,nan
18.799999999999997,DENIED,nan,nan,nan,nan
18.9,DENIED,nan,nan,nan,nan
19.0,DENIED,nan,nan,nan,nan
19.1,DENIED,nan,nan,nan,nan
19.200000000000003,DENIED,nan,nan,nan,nan
19.300000000000004,DENIED,nan,nan,nan,nan
19.400000000000006,DENIED,nan,nan,nan,nan
19.500000000000007,DENIED,nan,nan,nan,nan
19.60000000000001,DENIED,nan,nan,nan,nan
19.70000000000001,DENIED,nan,nan,nan,nan
19.80000000000001,DENIED,nan,nan,nan,nan
19.900000000000013,DENIED,nan,nan,nan,nan
20.000000000000014,AVAILABLE,26.577834842129946,70.58978777858582,2999.840826415509,250.14567391252348
20.100000000000016,AVAILABLE,26.57803351843353,70.58998241609503,2999.8129372304015,250.06116195979507
20.200000000000017,AVAILABLE,26.578120675202964,70.59018245371492,3001.7375960127424,250.01724554407036
20.30000000000002,AVAILABLE,26.578262487254058,70.59038891234938,2999.498378722931,249.94872625644598
20.40000000000002,AVAILABLE,26.578425086282174,70.59055275589895,3002.8852981184273,249.99450443501155
20.50000000000002,AVAILABLE,26.578540190100377,70.5907738794036,3006.0027761862016,250.11108790844727
20.600000000000023,AVAILABLE,26.578669454138865,70.5909473566346,3001.9622814800887,250.09499286685966
20.700000000000024,AVAILABLE,26.57883029229574,70.59117925321355,2996.6788999397354,250.08611890977406
20.800000000000026,AVAILABLE,26.578945190197107,70.59136981484073,3003.995624891091,249.99036313972175
20.900000000000027,AVAILABLE,26.579124113390492,70.59151244296031,3002.729708566145,249.98326488219124
21.00000000000003,AVAILABLE,26.57926373097241,70.59173102384933,3005.511389411613,250.02249835901188
21.10000000000003,AVAILABLE,26.579418379825558,70.59192977755514,2997.4866928280244,250.13740725064477
21.20000000000003,AVAILABLE,26.57953552249808,70.59213416594824,2998.0926114763993,249.9254132316297
21.300000000000033,AVAILABLE,26.579684232583084,70.59233970114406,3000.163808972817,250.10559186541306
21.400000000000034,AVAILABLE,26.579788666096135,70.5925391611582,2998.001413073011,250.12416463887723
21.500000000000036,AVAILABLE,26.57993341087599,70.5927683507934,3002.2699164935652,250.04406746840547
21.600000000000037,AVAILABLE,26.580096319582015,70.59296033307321,2998.6270954189204,250.08589789203273
21.70000000000004,AVAILABLE,26.580272765783555,70.59315472860963,3000.1038044177844,250.01385037975837
21.80000000000004,AVAILABLE,26.580353587276342,70.59333829291369,2994.0203821067375,249.9041195903128
21.90000000000004,AVAILABLE,26.580515560859812,70.59354724730802,3001.1284186426806,249.93659431697154
22.000000000000043,AVAILABLE,26.580639321493333,70.59374217804283,2998.3025924544745,249.83997942146033
22.100000000000044,AVAILABLE,26.580758807747447,70.59394327446742,3002.256305924024,249.9922756114834
22.200000000000045,AVAILABLE,26.58092237695713,70.59409826671691,2994.9712194240647,250.0509781850093
22.300000000000047,AVAILABLE,26.581032913852255,70.5943693345219,2999.8907009125446,249.86027571528905
22.40000000000005,AVAILABLE,26.581203845267236,70.59450344168421,3001.862494756877,249.93037628491942
22.50000000000005,AVAILABLE,26.581297487661132,70.59476108456829,2997.6170320881006,250.03417428751519
22.60000000000005,AVAILABLE,26.581472590003838,70.59490731569767,2996.6155206403396,250.06388605636099
22.700000000000053,AVAILABLE,26.581634574500175,70.59514301141148,2999.287844754953,249.98007036634132
22.800000000000054,AVAILABLE,26.581756275606008,70.59533007738592,2995.121744696848,250.07678763719443
22.900000000000055,AVAILABLE,26.581891657105913,70.59548737425439,2999.5654309993333,249.88107163071592
23.000000000000057,AVAILABLE,26.582035246245205,70.59572641468571,2999.9776613626673,249.97709677158522
23.10000000000006,AVAILABLE,26.58215976825098,70.59591830630944,2998.774277271781,250.07863797301533
23.20000000000006,AVAILABLE,26.582287078693433,70.59611423685557,2998.5634648729083,249.98569077333389
23.30000000000006,AVAILABLE,26.58244505513283,70.5962735637826,2994.6547856103402,250.10794863935894
23.400000000000063,AVAILABLE,26.58256356773675,70.59648643087263,2997.8761611763275,249.91783810682324
23.500000000000064,AVAILABLE,26.582738698332236,70.59673940034223,3000.8827365761954,250.20132831158276
23.600000000000065,AVAILABLE,26.582835680630172,70.59692149522076,2997.8964450672715,249.9365312930496
23.700000000000067,AVAILABLE,26.583025918932726,70.59710026661317,2997.9612376452133,250.06020487707454
23.800000000000068,AVAILABLE,26.58316203989285,70.59726937331129,2998.9945840415735,250.04092507006442
23.90000000000007,AVAILABLE,26.58324874876394,70.59749341806103,2996.1910788964965,250.04827005057695
24.00000000000007,AVAILABLE,26.583429976850983,70.59769861292423,2998.4111551307765,249.88493513834996
24.100000000000072,AVAILABLE,26.58356873595817,70.5978945754785,3003.9561661834446,249.9247297253906
24.200000000000074,AVAILABLE,26.58366665969734,70.59809033083862,3000.703338050008,250.10778798045882
24.300000000000075,AVAILABLE,26.583832536899635,70.59828728028401,2997.3331273287286,249.91666801279382
24.400000000000077,AVAILABLE,26.583972490022127,70.59849631680859,2999.9277526596047,250.0431267920863
24.500000000000078,AVAILABLE,26.584127826970118,70.59870706034862,2998.3715967983885,250.13904863175662
24.60000000000008,AVAILABLE,26.58421679346966,70.59888590289724,2999.2558208796154,250.0073598618783
24.70000000000008,AVAILABLE,26.584385292386163,70.59908665669722,3001.8219392211395,249.85732107258312
24.800000000000082,AVAILABLE,26.584542246011644,70.59927258386845,3000.593411244298,250.13066779039627
24.900000000000084,AVAILABLE,26.5846466130482,70.59946414144761,2995.4374387964463,250.0928718115409
25.000000000000085,AVAILABLE,26.584793899183122,70.59968082835232,3002.146579766244,249.94364915021617
25.100000000000087,AVAILABLE,26.5848935837515,70.59984050276076,3000.787176003821,250.0737574247343
25.200000000000088,AVAILABLE,26.585062388381164,70.60008592645538,2999.37376166711,250.0005552897095
25.30000000000009,AVAILABLE,26.585230748759088,70.60020303028159,3000.6935219965403,250.09781861426373
25.40000000000009,AVAILABLE,26.58532716838677,70.60049009987198,2994.849779387011,250.10088741248023
25.500000000000092,AVAILABLE,26.585498904516008,70.60066083548287,3003.0327369153915,250.09207173843043
25.600000000000094,AVAILABLE,26.585641372302742,70.60087177269746,3001.8820130164,250.17634877606653
25.700000000000095,AVAILABLE,26.585734691341965,70.60108336671183,2995.8476791933276,249.90933489047694
25.800000000000097,AVAILABLE,26.585885468804403,70.60122937674248,2999.491069426241,249.82000930196295
25.900000000000098,AVAILABLE,26.586031364064564,70.60146577689835,3000.6101366487405,250.18277179823707
26.0000000000001,AVAILABLE,26.58620120403774,70.60167851065705,3000.5037275334953,250.00519407668432
26.1000000000001,AVAILABLE,26.586314169449142,70.60182150448183,3000.6483257977184,249.90645557101251
26.200000000000102,AVAILABLE,26.586443907692978,70.60202167418281,3000.188593002678,250.05069281876825
26.300000000000104,AVAILABLE,26.58660847102657,70.60225608068998,3000.3442717633766,249.92917815286276
26.400000000000105,AVAILABLE,26.586745981560078,70.60242254194884,3002.3013809579083,249.97699711948414
26.500000000000107,AVAILABLE,26.58690205295983,70.60263949585908,3002.294775435058,250.02313252188793
26.600000000000108,AVAILABLE,26.58702205244293,70.60285561072627,2993.1466699738303,249.86686438177938
26.70000000000011,AVAILABLE,26.58715838086875,70.60302802981232,2996.9322290304253,249.9410148689358
26.80000000000011,AVAILABLE,26.587301648120533,70.60324154014553,2996.425644439104,249.99786568531934
26.900000000000112,AVAILABLE,26.587422603007635,70.60342089452254,3006.6631156091657,249.97469433294376
27.000000000000114,AVAILABLE,26.587561441597913,70.60364582309049,3000.4728081417493,250.09181598151335
27.100000000000115,AVAILABLE,26.587683813593788,70.60383619639215,2996.247074396387,249.90091341264514
27.200000000000117,AVAILABLE,26.587850871214698,70.60403222836673,2996.725068837915,250.0442911837244
27.300000000000118,AVAILABLE,26.58797922495519,70.60419599449104,2996.811267840676,250.09572596600023
27.40000000000012,AVAILABLE,26.588112668501363,70.60445058015236,3002.5849583279796,249.86239043473665
27.50000000000012,AVAILABLE,26.588285778080067,70.60462955202928,2994.375649407292,249.90305879416738
27.600000000000122,AVAILABLE,26.588396375474957,70.60482373698356,2997.3690096356754,250.2621602373996
27.700000000000124,AVAILABLE,26.588521425149786,70.60504255116294,3000.783542486408,250.11621028844286
27.800000000000125,AVAILABLE,26.58867416748875,70.6052019547536,3003.5165993035744,250.06562693212675
27.900000000000126,AVAILABLE,26.588815514225757,70.6054196657954,3001.536541347532,250.07682690404576
28.000000000000128,AVAILABLE,26.588973790496034,70.60565973031304,2997.982624766713,249.84418469609722
28.10000000000013,AVAILABLE,26.589082152776925,70.6057973631908,3000.48162856606,250.00232512490302
28.20000000000013,AVAILABLE,26.589237922998898,70.6060263783122,2995.0647581777293,249.97251577043193
28.300000000000132,AVAILABLE,26.589396806793193,70.6061930653293,2996.185765206058,249.9054556102984
28.400000000000134,AVAILABLE,26.589545534969865,70.60639487147617,2996.747554423452,249.89031208492318
28.500000000000135,AVAILABLE,26.589661820776996,70.60657101495805,2996.1969790306975,249.9720751944472
28.600000000000136,AVAILABLE,26.589796001658254,70.60679967919202,2994.7275855709267,250.2762076093481
28.700000000000138,AVAILABLE,26.589895930036423,70.60699912786711,2999.7415645630563,250.00813657135168
28.80000000000014,AVAILABLE,26.590030274501927,70.60718245151436,2998.5748286167764,250.01908999304712
28.90000000000014,AVAILABLE,26.590202170582184,70.60740054803516,3002.6857752463943,249.8933731567911
29.000000000000142,AVAILABLE,26.590345899124202,70.6075595401604,3003.7218263918485,250.02128618992418
29.100000000000144,AVAILABLE,26.590482201343463,70.60780733188193,3001.5120905897,250.10982424209158
29.200000000000145,AVAILABLE,26.590609447758066,70.6079988837295,3001.938709897831,249.81811518427284
29.300000000000146,AVAILABLE,26.590715646586606,70.6081770702076,2998.256138565374,249.98684680019093
29.400000000000148,AVAILABLE,26.590898035651133,70.60836371948787,2999.0092067179608,250.03009330352953
29.50000000000015,AVAILABLE,26.591036062106376,70.60857144416119,3002.130911402927,249.9889763399229
29.60000000000015,AVAILABLE,26.591163044160663,70.6088112558021,2997.8507309359356,249.78048381852437
29.700000000000152,AVAILABLE,26.59130319085746,70.60899045027324,3001.1976341147983,249.91562653564995
29.800000000000153,AVAILABLE,26.591456045644495,70.60919005960527,2999.5562366382487,250.02191378011696
29.900000000000155,AVAILABLE,26.591617319165007,70.60937451038086,2996.961125477682,249.95903342209155
30.000000000000156,AVAILABLE,26.591743461798117,70.60958061142384,2997.0538222588507,250.1529783552051
30.100000000000158,AVAILABLE,26.59186819590954,70.60978704627509,3000.335746508598,249.6969592358047
30.20000000000016,AVAILABLE,26.59198297525452,70.60996737168935,2996.9438175499995,249.7573729622973
30.30000000000016,AVAILABLE,26.592148888826017,70.61017170223883,3002.6878352851118,250.095258902916
30.400000000000162,AVAILABLE,26.592284370269194,70.61035186912041,3000.2254926980067,249.98408755424828
30.500000000000163,AVAILABLE,26.592424885791363,70.61057263728108,3002.1662574823713,249.88391286729822
30.600000000000165,AVAILABLE,26.592578730143885,70.61077497524383,3002.306039029731,249.92358882096156
30.700000000000166,AVAILABLE,26.59265437371033,70.61096538801434,3000.868076029688,250.0755631309819
30.800000000000168,AVAILABLE,26.592836871156322,70.61114591816552,3000.086437856604,249.95975288794455
30.90000000000017,AVAILABLE,26.592974094091204,70.61137797749704,2997.5512268186935,249.9899978740009
31.00000000000017,AVAILABLE,26.593113719271557,70.61155938937367,3001.3570230822675,249.92865572875763
31.100000000000172,AVAILABLE,26.593228252609634,70.61178138320562,2998.726196825702,249.90030304793694
31.200000000000173,AVAILABLE,26.593384177179026,70.611973501068,3002.287530061525,249.88617274170446
31.300000000000175,AVAILABLE,26.59352103573986,70.6121671802562,2999.1594585875555,249.7861900934242
31.400000000000176,AVAILABLE,26.59365437894008,70.61236705475982,3000.3308548544346,250.12797833465592
31.500000000000178,AVAILABLE,26.593770328163284,70.61253706395793,3004.306015682401,249.8726511858352
31.60000000000018,AVAILABLE,26.59395778265805,70.6127325033631,3004.358084434002,250.1035355043678
31.70000000000018,AVAILABLE,26.594085132518572,70.6129441964617,2997.6106199272367,249.86738854545968
31.800000000000182,AVAILABLE,26.59422009136739,70.61312442817771,2999.7619986863297,249.89133895261668
31.900000000000183,AVAILABLE,26.594383119239644,70.61334105373435,2998.458991286754,249.9186735771644
32.000000000000185,AVAILABLE,26.594484356442173,70.61354061348152,3000.7962517796705,249.92987580597833
32.100000000000186,AVAILABLE,26.594638101923408,70.61376785911655,2996.945071798358,250.0950272820954
32.20000000000019,AVAILABLE,26.594749080179227,70.61392811548679,2997.4050378923566,249.92431238674186
32.30000000000019,AVAILABLE,26.594927254073166,70.61414035669378,2999.4527455396487,249.99586765826623
32.40000000000019,AVAILABLE,26.595096106848853,70.61432821480814,2999.2947196353066,250.04279290498695
32.50000000000019,AVAILABLE,26.595201448999855,70.61453781393317,3004.0281760987805,249.87003746513665
32.60000000000019,AVAILABLE,26.59529443205637,70.61472429696845,2997.916616247525,249.85142298334867
32.700000000000195,AVAILABLE,26.59547590964356,70.61490921989173,2995.1137672606324,250.0043035418272
32.800000000000196,AVAILABLE,26.595600524268566,70.61508171116797,3003.9463818835334,250.07295741236146
32.9000000000002,AVAILABLE,26.595743023131025,70.61528944630754,2997.8931063887826,249.95106155185724
33.0000000000002,AVAILABLE,26.595870402182126,70.61552675331701,3001.1208694775605,250.00180099653753
33.1000000000002,AVAILABLE,26.596072762517338,70.6157430554741,2993.2471812940566,249.9538496239864
33.2000000000002,AVAILABLE,26.59612947698037,70.6159180202398,2999.908256177396,249.9691082335856
33.3000000000002,AVAILABLE,26.596287848629803,70.61610405792861,3002.049636369242,250.0385721892522
33.400000000000205,AVAILABLE,26.596455275978865,70.61628453547014,3001.5600047607877,250.06327774706682
33.500000000000206,AVAILABLE,26.596562823268094,70.6165163291797,2998.5516809151145,250.08591498042827
33.60000000000021,AVAILABLE,26.59671819726182,70.61665400147864,3001.3910724740945,250.1438460727052
33.70000000000021,AVAILABLE,26.59686348386544,70.61695267810079,3002.565350463127,249.87903323903552
33.80000000000021,AVAILABLE,26.5969862747968,70.61708151756461,3004.1273744673786,250.04561890154196
33.90000000000021,AVAILABLE,26.59716427271939,70.61730303661274,3005.3534319347914,249.97764362642235
34.00000000000021,AVAILABLE,26.597266453888146,70.61750389066692,2998.475794503808,249.78824008437783
34.100000000000215,AVAILABLE,26.59739611511079,70.61767159160574,2998.5077624141272,250.12818793648714
34.200000000000216,AVAILABLE,26.5975349123959,70.61790092599432,2996.227059185765,250.02343491578964
34.30000000000022,AVAILABLE,26.59766793762446,70.61806154535125,2998.5709039018116,250.10324312708994
34.40000000000022,AVAILABLE,26.59781794691327,70.61824217567987,2999.3318567752044,249.8834200902874
34.50000000000022,AVAILABLE,26.597976386981724,70.61848831513282,2996.206618883105,250.00524452068728
34.60000000000022,AVAILABLE,26.598076137240263,70.61867751545248,2996.7511814543536,250.05872458907842
34.70000000000022,AVAILABLE,26.598220577989238,70.61891398137898,2996.4035447250153,250.17136330534584
34.800000000000225,AVAILABLE,26.598399714710645,70.61906925750473,3004.393305998911,250.11140523497235
34.900000000000226,AVAILABLE,26.598514254075177,70.61927299354767,2999.5659126671244,249.8322329208542
35.00000000000023,AVAILABLE,26.598640550061095,70.61948836504402,3006.530563121118,250.0156392311197
35.10000000000023,AVAILABLE,26.598768364191386,70.61969974532089,3002.1533385036537,250.15524162441642
35.20000000000023,AVAILABLE,26.598921842853528,70.61989710469192,2999.9001405459303,250.09911048864055
35.30000000000023,AVAILABLE,26.599058033787415,70.62006068454114,2998.948462983767,250.09273079949455
35.40000000000023,AVAILABLE,26.59919003879281,70.62028057464602,3000.049902539564,250.05102864696707
35.500000000000234,AVAILABLE,26.59934166245629,70.62044219018726,3000.756097606604,249.93672577639234
35.600000000000236,AVAILABLE,26.599488307851264,70.62066340170229,3007.7518348454123,250.03835376507115
35.70000000000024,AVAILABLE,26.599608222104333,70.62088219199522,2998.321356168794,250.04176727505134
35.80000000000024,AVAILABLE,26.599796888564097,70.62104142829493,2996.1712228628726,250.00410338247414
35.90000000000024,AVAILABLE,26.5998733127689,70.62127933575943,2997.3734574949526,249.93093650818997
36.00000000000024,AVAILABLE,26.600066058860673,70.62147636329684,2998.623212331558,249.92618991554394
36.10000000000024,AVAILABLE,26.60017204894947,70.62162760604653,3001.4445841425245,250.02703694295172
36.200000000000244,AVAILABLE,26.60033684505155,70.62186360224902,2999.656399847328,250.18060232066657
36.300000000000246,AVAILABLE,26.60047106246225,70.62204094723467,2998.3295430421817,250.06005889312326
36.40000000000025,AVAILABLE,26.60057202698494,70.62226669198769,2998.9998248559077,250.0607124109201
36.50000000000025,AVAILABLE,26.60071691558999,70.62245115048064,2997.4307563946954,249.90057769542852
36.60000000000025,AVAILABLE,26.60088997885072,70.62265764941709,2999.7135165981795,249.93696908104909
36.70000000000025,AVAILABLE,26.600985537762316,70.62282072247922,2998.8841300175272,250.1631955203118
36.80000000000025,AVAILABLE,26.601155025359894,70.62304428360271,2998.9509311742263,250.07584551732853
36.900000000000254,AVAILABLE,26.60129304440406,70.62322307136456,2998.3132920646804,249.96751275615821
37.000000000000256,AVAILABLE,26.601421647708264,70.62341046192869,2996.0613534016175,249.9975720739725
37.10000000000026,AVAILABLE,26.60153669610903,70.62364110251067,3002.935341282364,250.1176241706603
37.20000000000026,AVAILABLE,26.60171030758548,70.62383789386048,2998.8392695663606,250.02252993515543
37.30000000000026,AVAILABLE,26.60183329723038,70.62405026414417,2998.901242763562,249.9091048797835
37.40000000000026,AVAILABLE,26.601983531621766,70.62420343107122,3000.013195656371,249.8803990628177
37.50000000000026,AVAILABLE,26.602093878049278,70.62445450907244,3001.482821199352,249.9595608128457
37.600000000000264,AVAILABLE,26.602291690174248,70.62463794513594,2996.0760999232907,250.00372856439262
37.700000000000266,AVAILABLE,26.602372222145462,70.62482847496574,2995.6542978063967,249.97715463196255
37.80000000000027,AVAILABLE,26.602513718064618,70.62499596790045,3002.8605034041607,249.92190346320064
37.90000000000027,AVAILABLE,26.602674052740216,70.62521101692754,3000.755685138238,250.02097565360316
38.00000000000027,AVAILABLE,26.602789694150616,70.6254090718628,3004.590505058722,250.262681053096
38.10000000000027,AVAILABLE,26.60293916243511,70.62558629442165,3000.2815665995604,250.0169340244336
38.20000000000027,AVAILABLE,26.603108664536517,70.62583288056096,3000.8708519956153,250.06503242415704
38.300000000000274,AVAILABLE,26.603219896305593,70.62598907363488,2997.208853785018,250.13454209213526
38.400000000000276,AVAILABLE,26.603331123760675,70.62624379546625,3002.955777244945,250.09307926464618
38.50000000000028,AVAILABLE,26.60348529993139,70.62641465249315,3002.081961232306,250.0067650780903
38.60000000000028,AVAILABLE,26.60361091337894,70.62661437013865,3000.005145277574,250.10072971384142
38.70000000000028,AVAILABLE,26.603758628233734,70.62679944528821,2997.949354961322,250.0387901051591
38.80000000000028,AVAILABLE,26.60391226730443,70.62700171572263,2999.053686362234,249.8699276198799
38.90000000000028,AVAILABLE,26.604043666272236,70.62717366160776,2996.8132767847574,249.8104140415192
39.000000000000284,AVAILABLE,26.6041789232014,70.62738154543052,2999.05417887313,249.9356498987794
39.100000000000286,AVAILABLE,26.604317464403067,70.6275648023223,2995.210517635621,250.1032167828516
39.20000000000029,AVAILABLE,26.604460448008627,70.62775990193492,3003.3229344002757,249.97789260999826
39.30000000000029,AVAILABLE,26.604623821032718,70.62799947730034,2994.516091184741,250.0302853543899
39.40000000000029,AVAILABLE,26.604757288292546,70.62819921419376,2997.256362040187,249.945439213258
39.50000000000029,AVAILABLE,26.60486515413582,70.6283730374334,2996.819303066948,249.96737381919795
39.60000000000029,AVAILABLE,26.605028113619838,70.62854417518315,2997.5264915260827,250.01689919050241
39.700000000000294,AVAILABLE,26.605178374648492,70.62877665922086,2996.578618666243,250.176788891501
39.800000000000296,AVAILABLE,26.60530510877179,70.62899716795488,2995.6147640877916,249.88252161213435
39.9000000000003,AVAILABLE,26.605451981659655,70.62920327435107,3001.755828633443,250.01087612950275
40.0000000000003,AVAILABLE,26.60556208544792,70.6293677253167,3001.258500767601,249.920141121844
40.1000000000003,AVAILABLE,26.605727781358958,70.62956936317418,2995.423066118497,250.08497078294945
40.2000000000003,AVAILABLE,26.605863486934922,70.6297606501636,2999.0456133187154,249.90828240252765
40.3000000000003,AVAILABLE,26.605985346887405,70.62999606954293,3000.2862641211386,249.94726153913592
40.400000000000304,AVAILABLE,26.606128113184813,70.6301912927017,3000.0058765164813,250.05871687936158
40.500000000000306,AVAILABLE,26.6062652177887,70.63040298776507,3001.0253223303444,250.12070485782232
40.60000000000031,AVAILABLE,26.606381783274642,70.63055547994416,3003.416132480377,249.99132665564602
40.70000000000031,AVAILABLE,26.60657230779648,70.63072576899941,3000.7245105855523,249.95686097205345
40.80000000000031,AVAILABLE,26.606665672000563,70.63094883191812,2997.933568471541,249.88726099554214
40.90000000000031,AVAILABLE,26.606808926650185,70.6311722559832,3000.408060025206,249.87911534834376
41.00000000000031,AVAILABLE,26.606941890490777,70.63137482732544,2994.8127808441354,249.94484979172037
41.100000000000314,AVAILABLE,26.607110836728662,70.63154418891337,3001.1963901142694,249.95638831048174
41.200000000000315,AVAILABLE,26.607248957881126,70.63176792931431,2994.165527929364,250.0366891446485
41.30000000000032,AVAILABLE,26.60736689612131,70.63196721064446,3000.987505738435,249.91247631930966
41.40000000000032,AVAILABLE,26.60752753197509,70.6321609565261,3002.21293099994,250.20620509739803
41.50000000000032,AVAILABLE,26.607634318520905,70.63233729928525,3001.2578395785895,250.19651667400873
41.60000000000032,AVAILABLE,26.607817041020283,70.63257172429167,2999.0441131787743,250.17972717136445
41.70000000000032,AVAILABLE,26.60791176027887,70.63274834215811,3003.1422762089987,250.09655096919582
41.800000000000324,AVAILABLE,26.60809005095839,70.6329370551586,2994.9173074752794,249.96793259620603
41.900000000000325,AVAILABLE,26.608231627361683,70.6331561745247,2994.545421889992,250.13966185252139
42.00000000000033,AVAILABLE,26.608345478396128,70.63334558464153,3004.9542210291024,249.97693288407586
42.10000000000033,AVAILABLE,26.608499679652866,70.63352596623878,3005.744789700772,249.99317039265554
42.20000000000033,AVAILABLE,26.608624099735326,70.633779998176,2998.071480852112,250.02220870668492
42.30000000000033,AVAILABLE,26.608781571073237,70.63390326198329,2998.961531694863,249.96224018761345
42.40000000000033,AVAILABLE,26.608939714652163,70.6341256894566,3008.0232158734952,249.84145155160655
42.500000000000334,AVAILABLE,26.609025109356566,70.63435960961712,2999.0851412786083,250.16584012475752
42.600000000000335,AVAILABLE,26.609164847814117,70.63451197549236,2989.275534115022,249.90121714277265
42.70000000000034,AVAILABLE,26.609300325290896,70.63471230874266,3001.6719075168467,250.09662529283352
42.80000000000034,AVAILABLE,26.609477660651365,70.63491362361498,2991.667644476841,249.94204648911716
42.90000000000034,AVAILABLE,26.609589646151775,70.63508402626263,2995.711282800009,250.05251977585087
43.00000000000034,AVAILABLE,26.609745803317676,70.63527516442375,2999.23310075319,249.99436200938004
43.10000000000034,AVAILABLE,26.609859226790583,70.63553737458201,3002.367775235566,250.02808827482872
43.200000000000344,AVAILABLE,26.610007768784623,70.63571723182356,2994.795925873261,250.10652516042026
43.300000000000345,AVAILABLE,26.61013950387503,70.63585477753924,2998.606319315105,249.76817646321993
43.40000000000035,AVAILABLE,26.61028092954877,70.63615541515973,3002.3654442614943,249.97542769733613
43.50000000000035,AVAILABLE,26.610408077242806,70.63634516646742,3002.2861694133667,249.8657045531562
43.60000000000035,AVAILABLE,26.610578397808723,70.63649217693165,3002.148474189945,249.98741507824428
43.70000000000035,AVAILABLE,26.61070097956332,70.63670023120515,3001.1285670682996,250.0006953804042
43.80000000000035,AVAILABLE,26.610810436537562,70.63689533454388,3002.479703149567,249.89470134735203
43.900000000000354,AVAILABLE,26.610953259373964,70.6371349394316,2994.636832913341,249.99311397877855
44.000000000000355,AVAILABLE,26.611131479798928,70.63729647660432,2995.613275819066,250.1402893856419
44.10000000000036,AVAILABLE,26.611222972245447,70.63747771256247,3005.482653673017,250.02093527354504
44.20000000000036,AVAILABLE,26.611382576441095,70.63767090068137,3001.687993691313,250.0708835182159
44.30000000000036,AVAILABLE,26.611549633931297,70.6378834712213,3002.3841748102177,249.95119558347065
44.40000000000036,AVAILABLE,26.611652767106197,70.63807129358267,3002.4287676453832,250.1733132184841
44.50000000000036,AVAILABLE,26.611817596232346,70.63829907227422,3000.9118882066905,250.09476386902688
44.600000000000364,AVAILABLE,26.611949730047083,70.6384879259383,2998.5908296355387,249.8537689264644
44.700000000000365,AVAILABLE,26.612085612167775,70.6386822163154,2995.2288093495713,250.019353292122
44.80000000000037,AVAILABLE,26.612229418678357,70.63889885746492,3000.3264755386385,250.0281549288941
44.90000000000037,AVAILABLE,26.612379054339954,70.63905671894085,3000.2446782108154,250.1069714447826
45.00000000000037,AVAILABLE,26.612524138958747,70.63931317132159,3003.527394629141,249.989080301948
45.10000000000037,AVAILABLE,26.61264682632003,70.6394918202082,2993.790464756433,249.96186908887609
45.20000000000037,AVAILABLE,26.6127930310874,70.63969942147517,2997.918326914002,250.01768112791933
45.300000000000374,AVAILABLE,26.61293254800204,70.63986993422137,3002.2074572463434,249.89748703514437
45.400000000000375,AVAILABLE,26.613041848454166,70.6401046838582,2994.49913963605,250.04384757309907
45.50000000000038,AVAILABLE,26.613199521053147,70.64029051081707,3002.172745150854,249.92782082779817
45.60000000000038,AVAILABLE,26.61332517324854,70.64043885725557,2996.078899946912,249.94573356322311
45.70000000000038,AVAILABLE,26.61346583702758,70.64068471430161,2999.696556678479,249.93049204592026
45.80000000000038,AVAILABLE,26.61363669169574,70.6408974085103,3000.0008954223467,250.0602866004283
45.90000000000038,AVAILABLE,26.61374002378254,70.64105739568875,3000.025838797292,250.07330929177763
46.000000000000384,AVAILABLE,26.613856114206982,70.64125674870898,2999.3958181337252,249.93726725030402
46.100000000000385,AVAILABLE,26.61401880958798,70.64146154975806,2997.620486759978,250.1443350849858
46.20000000000039,AVAILABLE,26.614173900779743,70.64163583437386,2996.753265318719,249.94176268433662
46.30000000000039,AVAILABLE,26.614325804334246,70.64189501517104,2999.4744097098533,250.15135317756034
46.40000000000039,AVAILABLE,26.614455671192246,70.64207946746562,2999.204792373537,250.08873240460207
46.50000000000039,AVAILABLE,26.61460334421592,70.64230204842131,3001.977640398603,249.97982601554642
46.60000000000039,AVAILABLE,26.61470164939387,70.6424480305146,3007.837300235335,250.01753187643806
46.700000000000394,AVAILABLE,26.61486057907325,70.64264006655225,2999.6192384305946,249.9925894272629
46.800000000000395,AVAILABLE,26.61498872098362,70.64285679275244,3000.967104080846,250.05380726667664
46.9000000000004,AVAILABLE,26.61516515174652,70.64304095273371,3001.613557744381,249.9774395212014
47.0000000000004,AVAILABLE,26.61526574536765,70.64324967000098,2997.0728387831477,250.0047108628262
47.1000000000004,AVAILABLE,26.61542505852428,70.64346261455655,3002.2720761367,250.04938828473098
47.2000000000004,AVAILABLE,26.615533876557585,70.6436351947433,3001.694832112029,250.1149006154359
47.3000000000004,AVAILABLE,26.61571770786503,70.64381512262007,2998.7728491571875,249.8391795214178
47.400000000000404,AVAILABLE,26.615855638618548,70.64405052548449,2995.9220342141084,249.93410212733727
47.500000000000405,AVAILABLE,26.615966731994426,70.64420214840459,3001.699739560732,249.96181905476678
47.600000000000406,AVAILABLE,26.616102477702274,70.64445890203912,2996.4193422573435,249.9407549622944
47.70000000000041,AVAILABLE,26.616241626186543,70.64463583036283,3000.7022532737365,250.23361677357187
47.80000000000041,AVAILABLE,26.616362225520223,70.64480291686301,2998.8330201075582,249.9225053010921
47.90000000000041,AVAILABLE,26.616541260027816,70.64503730360455,2997.638050496631,249.93578864136538
48.00000000000041,AVAILABLE,26.61663210570778,70.64527982108832,2996.255608672155,249.99452638663476
48.10000000000041,AVAILABLE,26.616809741369444,70.64542716078805,2999.8030244644087,250.05871158746376
48.200000000000415,AVAILABLE,26.61692222173999,70.64560026293435,2999.4857098079233,249.7947691644456
48.300000000000416,AVAILABLE,26.617067264076788,70.64581847437427,2998.7546488032212,250.0675182991846
48.40000000000042,AVAILABLE,26.617238138268604,70.64602495683953,3003.8683725871715,249.80774772247176
48.50000000000042,AVAILABLE,26.617311193336757,70.64619259352341,3002.9911138406433,250.05360694089626
48.60000000000042,AVAILABLE,26.617485306714098,70.64640596458112,2995.532414924024,250.0803448547306
48.70000000000042,AVAILABLE,26.617630189930576,70.64662122337823,3003.5327423580175,250.08528316899236
48.80000000000042,AVAILABLE,26.617749169119254,70.64682132734526,2994.012899119463,250.17673688098608
48.900000000000425,AVAILABLE,26.617901503985554,70.64700230781071,2999.3463934363795,250.32288048891016
49.000000000000426,AVAILABLE,26.61805813866932,70.64716839562475,2995.4477895033833,250.04352611002597
49.10000000000043,AVAILABLE,26.618213943279912,70.64736419588624,2999.6840609483693,249.8073686677406
49.20000000000043,AVAILABLE,26.618362127662312,70.6476006045271,2997.394299928588,250.03272640528596
49.30000000000043,AVAILABLE,26.618479137140444,70.64779494932563,3000.673665515237,250.0453933271827
49.40000000000043,AVAILABLE,26.618595243426082,70.64800675531816,3004.6868010901767,250.06299104375344
49.50000000000043,AVAILABLE,26.61873954138196,70.6481775025697,2996.6472848651997,249.8152137326886
49.600000000000435,AVAILABLE,26.618895047108214,70.6483920153982,2997.549833101315,249.9648171474541
49.700000000000436,AVAILABLE,26.618991828434673,70.64859043154311,3003.12760455712,250.07403504417692
49.80000000000044,AVAILABLE,26.619144914834646,70.648765079117,2999.0702021847073,250.01851578193578
49.90000000000044,AVAILABLE,26.61929379310694,70.6489939018783,2996.8523480586327,249.95359732569662
50.00000000000044,AVAILABLE,26.619420838499657,70.6491988343721,2993.4809217579245,249.89650856142862
50.10000000000044,AVAILABLE,26.619569365827292,70.64937427557525,2999.1858270501475,249.95150349549556
50.20000000000044,AVAILABLE,26.619727470417686,70.64957533887245,3003.2816511791502,250.11526913313932
50.300000000000445,AVAILABLE,26.619835100171944,70.64978998858285,2999.7596701539183,249.96555034306385
50.400000000000446,AVAILABLE,26.61998085543848,70.64996916708874,2999.3532079557363,250.10710802429637
50.50000000000045,AVAILABLE,26.62014726371524,70.65019024582745,2996.43122732314,249.89599617033878
50.60000000000045,AVAILABLE,26.6203405702866,70.65041091716255,2996.3211877533704,249.94216950052189
50.70000000000045,AVAILABLE,26.620428697480783,70.65054819061228,3000.9965647755025,249.9524348158385
50.80000000000045,AVAILABLE,26.620572704676007,70.65075214057627,2998.6388478832837,249.9204679620264
50.90000000000045,AVAILABLE,26.620756883007633,70.65092520511611,3002.0212239591265,249.90850108489568
51.000000000000455,AVAILABLE,26.620930844011916,70.65113584049455,2999.8506048830204,250.15368531547753
51.100000000000456,AVAILABLE,26.621064860691995,70.65130683002954,2998.249481102727,250.12135267140377
51.20000000000046,AVAILABLE,26.62118982363706,70.65151257192744,3001.11771828699,250.0500918956531
51.30000000000046,AVAILABLE,26.621366846937182,70.65168098752129,3003.2283731824405,250.03837785383365
51.40000000000046,AVAILABLE,26.621504999213133,70.65189743723025,3001.5656215119507,250.18768903610018
51.50000000000046,AVAILABLE,26.621652657755398,70.65206730453755,3002.2635193731726,249.9766996616272
51.60000000000046,AVAILABLE,26.621811398240055,70.65227867061662,2995.802587115569,250.0161264202295
51.700000000000465,AVAILABLE,26.6219459905912,70.65243725445701,2995.754945801399,250.09514250435038
51.800000000000466,AVAILABLE,26.622115435832846,70.65261134978861,2996.2026170017175,249.96685079852682
51.90000000000047,AVAILABLE,26.622243580471704,70.65282995440306,2998.0436885078166,250.04504304196766
52.00000000000047,AVAILABLE,26.62241029952295,70.65301687114646,3005.604040057765,250.0213247872986
52.10000000000047,AVAILABLE,26.622528747613817,70.65319038230422,3001.756604742683,250.04969408332056
52.20000000000047,AVAILABLE,26.62270289693739,70.65335404443309,2997.292845630344,249.94490301768298
52.30000000000047,AVAILABLE,26.622859513463084,70.65355875280012,2999.2877546673953,250.10840883461648
52.400000000000475,AVAILABLE,26.622993520091786,70.65378012443219,3004.6525345446544,250.03079197090284
52.500000000000476,AVAILABLE,26.623143255108825,70.6539427432385,2999.9306875274883,250.16707230384407
52.60000000000048,AVAILABLE,26.623333477032258,70.65410920085628,2998.794648424008,250.10897345575023
52.70000000000048,AVAILABLE,26.623455470927915,70.65427611316373,2997.3564296251147,250.17124245147033
52.80000000000048,AVAILABLE,26.623610104408,70.6545014871132,3000.83277380122,249.9821778077276
52.90000000000048,AVAILABLE,26.62373832762217,70.65467284756835,3000.034186199948,249.7687185244506
53.00000000000048,AVAILABLE,26.623876221922497,70.65488841936751,3000.359008059481,249.95108560824187
53.100000000000485,AVAILABLE,26.62406200120488,70.65508692206889,3001.2764309720505,249.88596336310744
53.200000000000486,AVAILABLE,26.624195872702117,70.65523130686218,3004.259565525451,250.1072436718047
53.30000000000049,AVAILABLE,26.62436611329543,70.65544651287225,3002.970633808317,250.1082548163881
53.40000000000049,AVAILABLE,26.6244980325631,70.65557417185154,3002.822737677859,249.94543071238323
53.50000000000049,AVAILABLE,26.624651007982063,70.65579239221238,3001.816198791179,250.03853247131278
53.60000000000049,AVAILABLE,26.624789673031795,70.65600567208192,3001.5996421078,249.99717210872168
53.70000000000049,AVAILABLE,26.62496892015699,70.65620409310658,3001.001460763243,250.0519608133476
53.800000000000495,AVAILABLE,26.625094879069053,70.65634097330893,2999.091934919189,250.04155419124942
53.900000000000496,AVAILABLE,26.625251523190265,70.65656655953649,3000.2942621148986,250.01391052925297
54.0000000000005,AVAILABLE,26.62542672984903,70.65673339076504,2996.935343583313,249.9291978845385
54.1000000000005,AVAILABLE,26.62554367189598,70.6569302030706,3002.0831018018903,249.96332738101358
54.2000000000005,AVAILABLE,26.625682648100568,70.65711502895223,3003.8136146849833,249.9321843893531
54.3000000000005,AVAILABLE,26.625856107212243,70.65729392491869,2999.0884755451057,250.1640925706191
54.4000000000005,AVAILABLE,26.626017237199335,70.65746211154034,3002.80487276493,250.05223989377825
54.500000000000504,AVAILABLE,26.626136112792725,70.65765218264802,3000.8048362039003,249.92822788555713
54.600000000000506,AVAILABLE,26.626294496358355,70.65784586868799,3002.753476415779,249.99003235056693
54.70000000000051,AVAILABLE,26.62642039246039,70.65804552441112,2998.588093422529,249.98691004311343
54.80000000000051,AVAILABLE,26.626596680220487,70.65821915131536,3005.5836067726823,250.0550473964007
54.90000000000051,AVAILABLE,26.626744904798095,70.65842275036354,3000.614743817115,249.94359496633072
55.00000000000051,AVAILABLE,26.62690534393649,70.65860422760879,3000.6629469306613,249.98518251006772
55.10000000000051,AVAILABLE,26.627035725199903,70.65881436207994,3005.574541353805,250.11585698167337
55.200000000000514,AVAILABLE,26.6271983661917,70.65901866653546,3005.5002305706566,249.91920694733545
55.300000000000516,AVAILABLE,26.62731418209512,70.65918952923889,2996.8586328757165,250.1020295913026
55.40000000000052,AVAILABLE,26.627478254519005,70.65939600457797,3001.1032690770176,250.03961201493706
55.50000000000052,AVAILABLE,26.62762312892463,70.65950939343436,3002.2251090059026,250.04383428207382
55.60000000000052,AVAILABLE,26.627809170971716,70.65975679901993,2999.1487987869405,250.15051852624484
55.70000000000052,AVAILABLE,26.627948833035212,70.65991804718686,3001.246505634991,250.02819417221667
55.80000000000052,AVAILABLE,26.628093419629614,70.6601090631663,2999.725947039422,249.7957035900806
55.900000000000524,AVAILABLE,26.62826618516882,70.66033628295796,2997.244269252731,249.9745858300641
56.000000000000526,AVAILABLE,26.62838981680689,70.66048172568746,3001.121291937688,249.91373778579413
56.10000000000053,AVAILABLE,26.628577486907165,70.6606798805059,2996.746320560885,250.1381455043144
56.20000000000053,AVAILABLE,26.62873955347603,70.66083610673502,3001.053479230697,250.0599066760951
56.30000000000053,AVAILABLE,26.628819421143152,70.66103239408535,2996.7167556047852,250.01245879767544
56.40000000000053,AVAILABLE,26.629030852258857,70.66122460173821,2998.044491147547,250.03511156622667
56.50000000000053,AVAILABLE,26.629141054784878,70.66144370170349,3001.872139616679,250.01724777567722
56.600000000000534,AVAILABLE,26.629333554587287,70.66159209524272,2996.8407601008844,250.03454424549747
56.700000000000536,AVAILABLE,26.6294275327229,70.6618007927885,2999.693895809987,249.9564411948533
56.80000000000054,AVAILABLE,26.629637529888793,70.66200289472586,3000.1987200757644,250.11763947482115
56.90000000000054,AVAILABLE,26.629767381918334,70.66217596505705,2994.7630529668754,250.00387044583144
57.00000000000054,AVAILABLE,26.629868654247186,70.66237709725999,3006.81165658256,249.89719409738373
57.10000000000054,AVAILABLE,26.630059114782117,70.66256562673895,2993.510624374377,249.72437017095038
57.20000000000054,AVAILABLE,26.630183490188465,70.6627328381297,2997.622746438508,249.96192635331795
57.300000000000544,AVAILABLE,26.630367944330704,70.66290428158167,3002.244417479729,250.19394348062661
57.400000000000546,AVAILABLE,26.63054907544583,70.66313330468348,2999.9604780927607,250.10234187199308
57.50000000000055,AVAILABLE,26.630629094816673,70.66328633329172,3001.094753569921,250.19212882618456
57.60000000000055,AVAILABLE,26.630823956214265,70.66348155146245,3001.2743097555417,249.91677471869843
57.70000000000055,AVAILABLE,26.63094491822144,70.66365949455947,3000.5062504482244,249.92781540187184
57.80000000000055,AVAILABLE,26.6310927778533,70.66386416783156,2998.956667392026,249.91149174763157
57.90000000000055,AVAILABLE,26.631217732417458,70.66406204679409,2999.318448786429,250.07112287299557
58.000000000000554,AVAILABLE,26.63137983927297,70.66425283470466,2993.0955306557776,250.09006373027162
58.100000000000556,AVAILABLE,26.631523873234535,70.66443997998967,3002.326022666562,249.89259667458305
58.20000000000056,AVAILABLE,26.63171944469846,70.66462738419385,2997.701707693197,250.1109620888636
58.30000000000056,AVAILABLE,26.631846820796117,70.66480863814132,2996.8776379692745,249.87960158978106
58.40000000000056,AVAILABLE,26.631987406624866,70.66498575980995,3003.6738235783723,249.93650886800228
58.50000000000056,AVAILABLE,26.632176414403677,70.66517883416789,3001.1760926750653,250.13746648772994
58.60000000000056,AVAILABLE,26.63228676114526,70.66535375990547,2999.406718200078,250.0528840238911
58.700000000000564,AVAILABLE,26.632457185954596,70.66557750455041,2999.9660685280155,249.91301573409177
58.800000000000566,AVAILABLE,26.63261123459212,70.6657179917633,2999.0121098573445,249.8634371861212
58.90000000000057,AVAILABLE,26.632747906321534,70.66593956361919,2996.9538562512353,250.0970359283333
59.00000000000057,AVAILABLE,26.63289289242789,70.66607437155413,2998.102277536111,249.98995085823813
59.10000000000057,AVAILABLE,26.633059950977973,70.66628329763944,2997.9110803912067,249.86870920587114
59.20000000000057,AVAILABLE,26.633226267958733,70.66649617705143,3005.431453397509,250.0420371404937
59.30000000000057,AVAILABLE,26.633394099917492,70.66667190614474,3000.909066977685,250.04455406387956
59.400000000000574,AVAILABLE,26.633521547822657,70.66686168186453,2994.9114478966308,250.01678610381805
59.500000000000576,AVAILABLE,26.633625030874747,70.6670664445795,2994.946496232792,249.9309583555782
59.60000000000058,AVAILABLE,26.63375841199092,70.66722622131154,2999.990633224277,250.0126924929478
59.70000000000058,AVAILABLE,26.633970566553636,70.66743003780378,2995.6369964923965,250.0742206535917
59.80000000000058,AVAILABLE,26.63410999431988,70.66762776968123,2992.750776453664,249.9154427635525
59.90000000000058,AVAILABLE,26.63425222293485,70.66776737746878,2996.2396898573747,250.20374477646007
60.00000000000058,AVAILABLE,26.634375220918827,70.66796545641547,3002.305434076516,249.94634189829796
60.100000000000584,AVAILABLE,26.634572337771896,70.66816836319808,2995.5352037392686,250.01032464479405
60.200000000000585,AVAILABLE,26.634684064912644,70.66836368160916,2999.0191386120696,249.92019210800592
60.30000000000059,AVAILABLE,26.634844297730005,70.66852848505548,3000.8212388057427,249.9070051999899
60.40000000000059,AVAILABLE,26.634978145923284,70.66876442141994,3001.5501597780944,249.80458643570066
60.50000000000059,AVAILABLE,26.63513552856774,70.66892472833356,3000.357622584791,249.91924494482151
60.60000000000059,AVAILABLE,26.635292586992097,70.66908427937753,2997.582419798169,250.06616919133123
60.70000000000059,AVAILABLE,26.635417359432306,70.66927807003813,3001.32325262277,250.0561677468526
60.800000000000594,AVAILABLE,26.635587589943587,70.6694628787366,2997.25098695893,250.076639209179
60.900000000000595,AVAILABLE,26.635748706978493,70.66967240879595,2996.1045489129783,249.94180201960737
61.0000000000006,AVAILABLE,26.635922275584274,70.66986697704715,2999.9190592705186,250.04519958361905
61.1000000000006,AVAILABLE,26.636042598138197,70.67007357676312,2997.2729044750085,250.0623728447539
61.2000000000006,AVAILABLE,26.63620491941711,70.67024819142502,3001.1632497271485,250.08636567558946
61.3000000000006,AVAILABLE,26.636337913952982,70.67042693748904,2995.9724217736652,249.92944527028175
61.4000000000006,AVAILABLE,26.636468999324023,70.67058772043843,3001.78838758985,249.71546840174724
61.500000000000604,AVAILABLE,26.636640023695232,70.67080967798414,3008.2697962318607,250.03519519240473
61.600000000000605,AVAILABLE,26.636809904259152,70.67096029706703,2999.05360649777,250.15025178854697
61.70000000000061,AVAILABLE,26.636941428851742,70.67112728017376,3003.0050784751716,250.22231247244528
61.80000000000061,AVAILABLE,26.637103002319478,70.67134618809246,2997.834000039302,250.07319408178694
61.90000000000061,AVAILABLE,26.637247477100534,70.6715644856473,2993.2065128513163,250.14681831520448
62.00000000000061,AVAILABLE,26.63741067313205,70.67170928748504,3000.624004690667,250.1132446662521
62.10000000000061,AVAILABLE,26.63757224544708,70.67194877283686,2998.287728646622,250.08853364444758
62.200000000000614,AVAILABLE,26.637711192067236,70.67210527208864,3004.9205826531315,250.04565960648705
62.300000000000615,AVAILABLE,26.637863499312783,70.67229229242373,2996.918822027277,249.96360608468137
62.40000000000062,AVAILABLE,26.637964194592424,70.67249878454524,3001.610138034505,249.90126472921196
62.50000000000062,AVAILABLE,26.63817949211474,70.67268364516575,3002.938730948598,250.08317223612474
62.60000000000062,AVAILABLE,26.63830543950186,70.67286143963031,2998.5925009130615,250.11018206451055
62.70000000000062,AVAILABLE,26.638476868580344,70.67305283466212,2999.506010170457,249.83942277693762
62.80000000000062,AVAILABLE,26.638588906920653,70.67324721323891,2994.2639666856207,250.178340257933
62.900000000000624,AVAILABLE,26.6387732548406,70.6734220327457,3000.8061595931745,249.97914449412596
63.000000000000625,AVAILABLE,26.638878373005664,70.67363177185878,3007.2047258541047,250.05229207802861
63.10000000000063,AVAILABLE,26.639066942870087,70.67379273462471,2999.9722746546413,250.07175887152704
63.20000000000063,AVAILABLE,26.639232826195986,70.67395764547967,2993.284512029587,250.00652900922734
63.30000000000063,AVAILABLE,26.6393556233389,70.67418774254762,2996.4855230715098,249.9246583937462
63.40000000000063,AVAILABLE,26.63952623257626,70.67437854527591,2999.9705543493246,250.06611856838336
63.50000000000063,AVAILABLE,26.63964828195918,70.67451539838335,2996.4768940385034,249.92933020552363
63.600000000000634,AVAILABLE,26.639765427411696,70.67470506079931,2998.650369614129,250.04895309677832
63.700000000000635,AVAILABLE,26.63996453964683,70.67492313999396,2992.220351909499,249.9627475533246
63.80000000000064,AVAILABLE,26.640115623362764,70.67511629517746,3005.2196256189795,249.9552304193066
63.90000000000064,AVAILABLE,26.640224701813374,70.67525580103431,3004.0368620757195,250.07963973612988
64.00000000000064,AVAILABLE,26.640409889065662,70.67546541196148,3000.5034381687165,250.0068863644167
64.10000000000063,AVAILABLE,26.640588262750246,70.6756612024586,3006.226478719876,250.1335018271244
64.20000000000063,AVAILABLE,26.640694682987295,70.67584512360796,3000.9143497766995,249.98801410005433
64.30000000000062,AVAILABLE,26.64085577322296,70.67603101546075,2997.8752229707934,249.98605112945944
64.40000000000062,AVAILABLE,26.640970146580564,70.67622613379395,3003.433123843113,249.9105666142481
64.50000000000061,AVAILABLE,26.64114825816096,70.67644201472334,2997.3064155278794,249.98706349900277
64.6000000000006,AVAILABLE,26.6412892425927,70.67661697062275,3000.5209623557203,250.00826057963158
64.7000000000006,AVAILABLE,26.6414597030202,70.67679693142841,2997.145642565533,250.06123474990247
64.8000000000006,AVAILABLE,26.64161813258758,70.6769878164551,3001.509021515525,250.0294477214747
64.90000000000059,AVAILABLE,26.64175739243401,70.67716305563829,3004.0015857247367,250.040130114349
65.00000000000058,AVAILABLE,26.641888844236618,70.67736686463134,2999.456009935163,250.00234108578718
65.10000000000058,AVAILABLE,26.642049249484714,70.67753282580429,3002.25309165939,250.14994762385368
65.20000000000057,AVAILABLE,26.642180796512687,70.67772050417753,3001.667492664919,250.03712751722293
65.30000000000057,AVAILABLE,26.64233374150692,70.67790606991231,2999.5218812721255,249.9505086886102
65.40000000000056,AVAILABLE,26.6425111254176,70.67811605696427,3000.36928230858,250.0590606448806
65.50000000000055,AVAILABLE,26.642672756045048,70.67828456987132,3000.4591144479264,250.13674742553184
65.60000000000055,AVAILABLE,26.642779232165335,70.67845190662261,2997.787292361059,249.82709817990707
65.70000000000054,AVAILABLE,26.64295358815614,70.6786814367961,3003.0853265497044,249.78305465587127
65.80000000000054,AVAILABLE,26.643090654689633,70.67882742509757,3003.049857585374,249.95718093303296
65.90000000000053,AVAILABLE,26.643246334847575,70.6790246302004,3000.36887820803,249.8648783134304
66.00000000000053,AVAILABLE,26.643419873917484,70.67921924153454,3000.3465606772083,250.05604896540618
66.10000000000052,AVAILABLE,26.64350620143837,70.67941077722129,3005.4423373214267,250.0151699302838
66.20000000000051,AVAILABLE,26.643664959975894,70.67962479241385,3000.1421211241923,249.96221362470558
66.30000000000051,AVAILABLE,26.643857806267267,70.6797787344834,3000.4046541567395,249.97868812792385
66.4000000000005,AVAILABLE,26.64399481196335,70.67996656322424,3002.781123076331,250.1016411126592
66.5000000000005,AVAILABLE,26.644138338991766,70.68020225293945,2996.822752496058,250.07935896334092
66.60000000000049,AVAILABLE,26.644306865734162,70.68033933670827,2995.6290027510736,249.91000851384777
66.70000000000049,AVAILABLE,26.644471648743632,70.6805497509477,3000.501792192956,250.05786337891814
66.80000000000048,AVAILABLE,26.644620823510937,70.68073869576547,3004.0769846201433,250.05227778930725
66.90000000000047,AVAILABLE,26.64472696055933,70.6809149135597,3002.623188909752,249.90173940319508
67.00000000000047,AVAILABLE,26.64490403937888,70.68107212840798,3004.1405927566716,250.25194813122135
67.10000000000046,AVAILABLE,26.645043939509822,70.68131359434703,2997.5835722305465,250.03860048490108
67.20000000000046,AVAILABLE,26.645209332948212,70.6814552332387,3000.1262916560354,250.204693934332
67.30000000000045,AVAILABLE,26.645358377177505,70.68166618264401,3001.3985286232414,249.99177423795433
67.40000000000045,AVAILABLE,26.64551015951607,70.68185595691139,2997.601834933061,249.9593302864665
67.50000000000044,AVAILABLE,26.645633857643602,70.68206637709045,3001.501375894023,249.8927735229709
67.60000000000043,AVAILABLE,26.64580786115207,70.68221135244467,2998.203049469972,250.07295639691958
67.70000000000043,AVAILABLE,26.64595987276059,70.68243940870822,3007.8484187161307,249.8711955120403
67.80000000000042,AVAILABLE,26.6461092770732,70.68260626211155,3002.7939028402134,249.977405061529
67.90000000000042,AVAILABLE,26.64626747292309,70.68276313721087,2999.3045374507847,250.03475814216287
68.00000000000041,AVAILABLE,26.646392059499455,70.6829655746061,2999.367188629429,250.13250427689107
68.1000000000004,AVAILABLE,26.64653589251343,70.68318516056028,3002.74862164291,249.94780357617617
68.2000000000004,AVAILABLE,26.64667066790247,70.68334559769191,3004.2964775042974,249.9669608464915
68.3000000000004,AVAILABLE,26.646834925221405,70.68353146515781,3002.3099897988927,250.09404867014032
68.40000000000039,AVAILABLE,26.646986676694667,70.6836824481031,2997.6486561368256,249.88242367599867
68.50000000000038,AVAILABLE,26.64715087692617,70.68393303553543,2995.736404675444,249.91282262926717
68.60000000000038,AVAILABLE,26.64728853654282,70.68409168320434,3005.6388760463133,250.15144408791048
68.70000000000037,AVAILABLE,26.647448065524696,70.68430356646756,2991.746578163279,249.99395596830573
68.80000000000037,AVAILABLE,26.647596722601914,70.68449338385786,3004.4737394843673,249.85191909050053
68.90000000000036,AVAILABLE,26.64775496194083,70.68469153383319,2999.985557457347,250.04509274632244
69.00000000000036,AVAILABLE,26.647902456551986,70.68484126936677,3001.1528437194243,249.92167345283292
69.10000000000035,AVAILABLE,26.648071089363974,70.68504110425762,3000.8181015645137,250.28733284493336
69.20000000000034,AVAILABLE,26.648189512967807,70.685193517146,2999.514320289192,249.97245240400602
69.30000000000034,AVAILABLE,26.648323683730947,70.68542738939894,3003.525436245901,250.05195558688806
69.40000000000033,AVAILABLE,26.6484883238451,70.6855869153545,3002.6287709278517,250.1300912160335
69.50000000000033,AVAILABLE,26.648653773133606,70.6857622305966,3002.2837151752924,249.8633423813646
69.60000000000032,AVAILABLE,26.648817700376107,70.6859831284873,3000.2944191446895,249.88011674686987
69.70000000000032,AVAILABLE,26.64895650457678,70.68615778776112,3001.2474068571373,249.96368959029832
69.80000000000031,AVAILABLE,26.649071723936654,70.6863535121496,2998.2606763185645,249.9035845699359
69.9000000000003,AVAILABLE,26.64925123530189,70.68656034412038,2998.8147269466376,249.98081078297554
70.0000000000003,DENIED,nan,nan,nan,nan
70.10000000000029,DENIED,nan,nan,nan,nan
70.20000000000029,DENIED,nan,nan,nan,nan
70.30000000000028,DENIED,nan,nan,nan,nan
70.40000000000028,DENIED,nan,nan,nan,nan
70.50000000000027,DENIED,nan,nan,nan,nan
70.60000000000026,DENIED,nan,nan,nan,nan
70.70000000000026,DENIED,nan,nan,nan,nan
70.80000000000025,DENIED,nan,nan,nan,nan
70.90000000000025,DENIED,nan,nan,nan,nan
71.00000000000024,DENIED,nan,nan,nan,nan
71.10000000000024,DENIED,nan,nan,nan,nan
71.20000000000023,DENIED,nan,nan,nan,nan
71.30000000000022,DENIED,nan,nan,nan,nan
71.40000000000022,DENIED,nan,nan,nan,nan
71.50000000000021,DENIED,nan,nan,nan,nan
71.60000000000021,DENIED,nan,nan,nan,nan
71.7000000000002,DENIED,nan,nan,nan,nan
71.8000000000002,DENIED,nan,nan,nan,nan
71.90000000000019,DENIED,nan,nan,nan,nan
72.00000000000018,DENIED,nan,nan,nan,nan
72.10000000000018,DENIED,nan,nan,nan,nan
72.20000000000017,DENIED,nan,nan,nan,nan
72.30000000000017,DENIED,nan,nan,nan,nan
72.40000000000016,DENIED,nan,nan,nan,nan
72.50000000000016,DENIED,nan,nan,nan,nan
72.60000000000015,DENIED,nan,nan,nan,nan
72.70000000000014,DENIED,nan,nan,nan,nan
72.80000000000014,DENIED,nan,nan,nan,nan
72.90000000000013,DENIED,nan,nan,nan,nan
73.00000000000013,DENIED,nan,nan,nan,nan
73.10000000000012,DENIED,nan,nan,nan,nan
73.20000000000012,DENIED,nan,nan,nan,nan
73.30000000000011,DENIED,nan,nan,nan,nan
73.4000000000001,DENIED,nan,nan,nan,nan
73.5000000000001,DENIED,nan,nan,nan,nan
73.6000000000001,DENIED,nan,nan,nan,nan
73.70000000000009,DENIED,nan,nan,nan,nan
73.80000000000008,DENIED,nan,nan,nan,nan
73.90000000000008,DENIED,nan,nan,nan,nan
74.00000000000007,DENIED,nan,nan,nan,nan
74.10000000000007,DENIED,nan,nan,nan,nan
74.20000000000006,DENIED,nan,nan,nan,nan
74.30000000000005,DENIED,nan,nan,nan,nan
74.40000000000005,DENIED,nan,nan,nan,nan
74.50000000000004,DENIED,nan,nan,nan,nan
74.60000000000004,DENIED,nan,nan,nan,nan
74.70000000000003,DENIED,nan,nan,nan,nan
74.80000000000003,DENIED,nan,nan,nan,nan
74.90000000000002,DENIED,nan,nan,nan,nan
75.00000000000001,DENIED,nan,nan,nan,nan
75.10000000000001,DENIED,nan,nan,nan,nan
75.2,DENIED,nan,nan,nan,nan
75.3,DENIED,nan,nan,nan,nan
75.39999999999999,DENIED,nan,nan,nan,nan
75.49999999999999,DENIED,nan,nan,nan,nan
75.59999999999998,DENIED,nan,nan,nan,nan
75.69999999999997,DENIED,nan,nan,nan,nan
75.79999999999997,DENIED,nan,nan,nan,nan
75.89999999999996,DENIED,nan,nan,nan,nan
75.99999999999996,DENIED,nan,nan,nan,nan
76.09999999999995,DENIED,nan,nan,nan,nan
76.19999999999995,DENIED,nan,nan,nan,nan
76.29999999999994,DENIED,nan,nan,nan,nan
76.39999999999993,DENIED,nan,nan,nan,nan
76.49999999999993,DENIED,nan,nan,nan,nan
76.59999999999992,DENIED,nan,nan,nan,nan
76.69999999999992,DENIED,nan,nan,nan,nan
76.79999999999991,DENIED,nan,nan,nan,nan
76.8999999999999,DENIED,nan,nan,nan,nan
76.9999999999999,DENIED,nan,nan,nan,nan
77.0999999999999,DENIED,nan,nan,nan,nan
77.19999999999989,DENIED,nan,nan,nan,nan
77.29999999999988,DENIED,nan,nan,nan,nan
77.39999999999988,DENIED,nan,nan,nan,nan
77.49999999999987,DENIED,nan,nan,nan,nan
77.59999999999987,DENIED,nan,nan,nan,nan
77.69999999999986,DENIED,nan,nan,nan,nan
77.79999999999986,DENIED,nan,nan,nan,nan
77.89999999999985,DENIED,nan,nan,nan,nan
77.99999999999984,DENIED,nan,nan,nan,nan
78.09999999999984,DENIED,nan,nan,nan,nan
78.19999999999983,DENIED,nan,nan,nan,nan
78.29999999999983,DENIED,nan,nan,nan,nan
78.39999999999982,DENIED,nan,nan,nan,nan
78.49999999999982,DENIED,nan,nan,nan,nan
78.59999999999981,DENIED,nan,nan,nan,nan
78.6999999999998,DENIED,nan,nan,nan,nan
78.7999999999998,DENIED,nan,nan,nan,nan
78.89999999999979,DENIED,nan,nan,nan,nan
78.99999999999979,DENIED,nan,nan,nan,nan
79.09999999999978,DENIED,nan,nan,nan,nan
79.19999999999978,DENIED,nan,nan,nan,nan
79.29999999999977,DENIED,nan,nan,nan,nan
79.39999999999976,DENIED,nan,nan,nan,nan
79.49999999999976,DENIED,nan,nan,nan,nan
79.59999999999975,DENIED,nan,nan,nan,nan
79.69999999999975,DENIED,nan,nan,nan,nan
79.79999999999974,DENIED,nan,nan,nan,nan
79.89999999999974,DENIED,nan,nan,nan,nan
79.99999999999973,DENIED,nan,nan,nan,nan
80.09999999999972,AVAILABLE,26.664557370805667,70.70565261741962,2998.442033314412,249.87165993486815
80.19999999999972,AVAILABLE,26.66467571167285,70.70586889963333,2996.249279174937,249.92631025917655
80.29999999999971,AVAILABLE,26.664844165792676,70.70604432193177,3003.0673905383765,250.08206024190562
80.39999999999971,AVAILABLE,26.665000958990184,70.70621438699415,2999.82731787224,250.10074244313205
80.4999999999997,AVAILABLE,26.66511953681948,70.70638796268291,3005.1426407441336,249.80302610779015
80.5999999999997,AVAILABLE,26.66527326880623,70.70656839681338,3006.727550297541,249.95485626087836
80.69999999999969,AVAILABLE,26.665442124201213,70.70673528548419,2999.069044919583,250.0960416174578
80.79999999999968,AVAILABLE,26.66558825407195,70.70694270514777,2997.129561631667,249.95109418053434
80.89999999999968,AVAILABLE,26.665764998195282,70.70715183579392,2998.9303823074256,249.98361219923484
80.99999999999967,AVAILABLE,26.66587338895334,70.7073369534146,3003.350063167912,250.02778638785816
81.09999999999967,AVAILABLE,26.666041343551154,70.70753372495889,3002.846254676793,250.213546851843
81.19999999999966,AVAILABLE,26.666158238640797,70.70770476489218,3008.589048606674,249.82548573951294
81.29999999999966,AVAILABLE,26.666352640473665,70.70788678329427,3003.0665001221923,250.09535696526885
81.39999999999965,AVAILABLE,26.66648983004524,70.70810833016878,3000.517128981691,250.13233188157264
81.49999999999964,AVAILABLE,26.66664411038669,70.7082759065437,2995.9212653032164,250.03325630248412
81.59999999999964,AVAILABLE,26.666780020763635,70.7084722844844,2998.211061030054,250.05139618270448
81.69999999999963,AVAILABLE,26.666932383284237,70.70863945092015,2993.1328754736373,250.04953300262133
81.79999999999963,AVAILABLE,26.667107413017106,70.7088413822415,2995.3003945082773,249.97902360474063
81.89999999999962,AVAILABLE,26.667269681570158,70.70902099659008,3001.002639819363,250.01312470693017
81.99999999999962,AVAILABLE,26.667393267918897,70.7092263398269,3002.2769574088616,250.0912417528687
82.09999999999961,AVAILABLE,26.667527908972623,70.70939703902712,2998.9572146797573,250.0289757133608
82.1999999999996,AVAILABLE,26.667700021015865,70.70959646783236,3002.3830723615974,250.12983750330648
82.2999999999996,AVAILABLE,26.667858767848987,70.70980308419057,2997.993410730098,249.99026107263862
82.3999999999996,AVAILABLE,26.667991194568454,70.70996861529692,2996.3451293642916,249.922301729451
82.49999999999959,AVAILABLE,26.66814400105409,70.71012131018546,3006.588058758836,250.0122298256377
82.59999999999958,AVAILABLE,26.668292474950185,70.71035739853127,3004.119282733743,250.02106366970085
82.69999999999958,AVAILABLE,26.668456629588544,70.71051631964363,3000.630110212396,249.8754922512658
82.79999999999957,AVAILABLE,26.668621159907403,70.71075126520822,2999.3636792209377,249.91444014559008
82.89999999999957,AVAILABLE,26.668746007810473,70.71089360988451,2997.1880645889228,249.9637750510263
82.99999999999956,AVAILABLE,26.6688600681322,70.71109948202422,3003.236461264698,249.88478963202235
83.09999999999955,AVAILABLE,26.669026463846258,70.71130402110458,3002.5485967543987,250.03866233811178
83.19999999999955,AVAILABLE,26.669200865459462,70.71144760258998,2998.49031462764,249.91897080376424
83.29999999999954,AVAILABLE,26.66933221928563,70.71167086499965,3004.2073090596405,250.08364990182164
83.39999999999954,AVAILABLE,26.669495147876045,70.71186370567861,2997.6696681368753,249.95434903235355
83.49999999999953,AVAILABLE,26.669648927741505,70.7120165458465,2996.542884724096,250.03961342408994
83.59999999999953,AVAILABLE,26.66979535108555,70.71223538525521,3001.115107800683,249.9606983185986
83.69999999999952,AVAILABLE,26.66992115521055,70.7124064728432,2998.9284610282753,249.927250497666
83.79999999999951,AVAILABLE,26.67012126957164,70.71258435403466,2995.9856962282697,250.0669580814152
83.89999999999951,AVAILABLE,26.670264074383226,70.71279313023472,3002.1070639687073,249.88254455424243
83.9999999999995,AVAILABLE,26.670388190472416,70.71294778915654,2997.504309938889,249.9660638626099
84.0999999999995,AVAILABLE,26.670545313993625,70.71315399242708,2998.611425021979,250.02747478317076
84.19999999999949,AVAILABLE,26.670706326403874,70.71335663870737,2995.9937686746566,249.9735236606511
84.29999999999949,AVAILABLE,26.670835506309935,70.71353508477675,3002.2018463269865,250.14875384185837
84.39999999999948,AVAILABLE,26.671002305687573,70.71372731977132,2999.138977995694,249.84731841112074
84.49999999999947,AVAILABLE,26.671161467179587,70.71392755924393,3000.701287308974,249.92148969215188
84.59999999999947,AVAILABLE,26.67129387806283,70.7140930929086,2998.0030038905143,249.96436849181
84.69999999999946,AVAILABLE,26.67146316150559,70.71426403033183,3002.446457032865,249.9023790916586
84.79999999999946,AVAILABLE,26.671569466275262,70.71441356155886,2998.160966443185,249.91133127487916
84.89999999999945,AVAILABLE,26.67175119867768,70.714644690319,3004.9042878157597,249.90830785697037
84.99999999999945,AVAILABLE,26.67188538231919,70.71481728391832,2994.767060194555,250.10277650750675
85.09999999999944,AVAILABLE,26.672029385853204,70.7150319429269,3006.3890210561617,249.81749207365775
85.19999999999943,AVAILABLE,26.67219263108731,70.71519952727189,2994.688666266063,249.93913801019266
85.29999999999943,AVAILABLE,26.67237022691678,70.71538701939714,2999.3661815881715,249.995983904877
85.39999999999942,AVAILABLE,26.67246621743642,70.71557166592065,3000.5937813443006,250.17286570724835
85.49999999999942,AVAILABLE,26.672641841119333,70.71579819878185,3000.4869333547663,250.12580015287267
85.59999999999941,AVAILABLE,26.672822636074415,70.71594552396603,2997.3767259734973,249.79952377322286
85.6999999999994,AVAILABLE,26.67293777597559,70.71616664439371,2993.858740714273,250.04437123656217
85.7999999999994,AVAILABLE,26.673093206461644,70.71635725085518,3002.4614619002887,250.24305979509256
85.8999999999994,AVAILABLE,26.67325390311858,70.71652196254081,3000.3850234273455,249.87573455184148
85.99999999999939,AVAILABLE,26.673416632376775,70.71669375513082,3002.1205391351978,250.14760025367121
86.09999999999938,AVAILABLE,26.673538298822898,70.716926900249,3003.543046352883,249.94188251568332
86.19999999999938,AVAILABLE,26.673703202082457,70.71707362198073,3001.933879056762,250.0743255340156
86.29999999999937,AVAILABLE,26.6738431109295,70.7172769216196,3002.1538078461354,250.09444376264577
86.39999999999937,AVAILABLE,26.673972318084996,70.71749587669557,2994.794114187629,249.9684539250082
86.49999999999936,AVAILABLE,26.6741265727493,70.71763153346866,3002.0608858677583,250.04859718807657
86.59999999999935,AVAILABLE,26.674283979635486,70.7178229857114,3000.7295916497956,250.01905532541895
86.69999999999935,AVAILABLE,26.674448338157333,70.71805675872797,3001.6161932585696,249.88527937194985
86.79999999999934,AVAILABLE,26.674604546045803,70.71822002732112,2998.843502741524,249.89875029675557
86.89999999999934,AVAILABLE,26.674755218463847,70.71835818487375,2999.633479904894,250.0417465091981
86.99999999999933,AVAILABLE,26.674899346077588,70.71858408949545,2996.066685518824,250.0586942696559
87.09999999999933,AVAILABLE,26.675038129000516,70.7187701144825,3005.706025974863,249.88451780722596
87.19999999999932,AVAILABLE,26.675216901309025,70.71894841540778,3002.0317111553527,250.00582920239796
87.29999999999932,AVAILABLE,26.675322497629708,70.71916636813754,3007.560136668281,249.9942525358515
87.39999999999931,AVAILABLE,26.675495105065433,70.7193387172027,2996.3023576212427,250.07207451525198
87.4999999999993,AVAILABLE,26.675660376286395,70.7195124625807,3005.018246806674,250.10693173149616
87.5999999999993,AVAILABLE,26.67581545687605,70.71970700605064,2999.562865077169,250.18250726944504
87.69999999999929,AVAILABLE,26.675931660332655,70.71987271371587,3003.9962993269273,250.02869669203713
87.79999999999929,AVAILABLE,26.676082074243816,70.72008208989966,2999.9953255234545,249.7989735882832
87.89999999999928,AVAILABLE,26.676248583500787,70.72026994850664,3000.9152293998777,250.10669918653977
87.99999999999928,AVAILABLE,26.676388281967697,70.72047743949551,3003.2652375449466,249.99678111888784
88.09999999999927,AVAILABLE,26.676529451304187,70.7206978552089,2997.8054285377293,250.02434509297615
88.19999999999926,AVAILABLE,26.676699767120482,70.72080790156602,3003.456057593826,250.12181824086247
88.29999999999926,AVAILABLE,26.67685376669675,70.72105090244294,3000.2651041566637,250.0221846948425
88.39999999999925,AVAILABLE,26.676985902290888,70.72119920369667,2996.706251260867,249.8571980568707
88.49999999999925,AVAILABLE,26.677120848254784,70.72136722438263,2999.1454114782596,250.00846346123336
88.59999999999924,AVAILABLE,26.677295558901513,70.72160994816468,2999.682163078285,250.13338611884868
88.69999999999924,AVAILABLE,26.677402035343164,70.72177055460921,2999.5340905976805,250.01694881748128
88.79999999999923,AVAILABLE,26.677584695855895,70.7219793941556,3000.3561629591277,249.95950063728796
88.89999999999922,AVAILABLE,26.67774633199945,70.72215584871523,3003.3534472180563,250.01371345687826
88.99999999999922,AVAILABLE,26.677870489030454,70.72234842731919,3002.171535179877,249.9867715224964
89.09999999999921,AVAILABLE,26.678046579571696,70.72254528911259,2995.5656509747914,250.15140749955492
89.1999999999992,AVAILABLE,26.67815309516789,70.72270454123895,3001.371883078227,250.0800541019886
89.2999999999992,AVAILABLE,26.678351947162092,70.72291304301143,3001.5001570695076,250.06792128859414
89.3999999999992,AVAILABLE,26.67847334856246,70.72308117770437,2995.614296506388,250.15237814278774
89.49999999999919,AVAILABLE,26.67863422850178,70.7233012861105,3001.8017974011977,250.10933744854057
89.59999999999918,AVAILABLE,26.678783269529173,70.72351424634957,3000.3391346959806,250.09390115992932
89.69999999999918,AVAILABLE,26.67893855006366,70.72367817445554,3001.0365247038085,249.8535457949525
89.79999999999917,AVAILABLE,26.679128272035438,70.72384311160481,2997.945630161624,249.95260308095365
89.89999999999917,AVAILABLE,26.67921732857258,70.72404025062366,2997.560180725822,249.9706031097475
89.99999999999916,AVAILABLE,26.679369015737386,70.72421290446617,2996.800111362406,250.15541439538592
90.09999999999916,AVAILABLE,26.679546292772013,70.72437809929335,3000.557634451175,250.0108175924304
90.19999999999915,AVAILABLE,26.67972358722003,70.7246072638804,2997.2656331348126,249.97729619901733
90.29999999999914,AVAILABLE,26.6798104434043,70.72476395016685,3001.9411803666026,250.01407045268206
90.39999999999914,AVAILABLE,26.67999324206432,70.72498437705119,3001.6310325974428,250.01554829751566
90.49999999999913,AVAILABLE,26.680163054755017,70.72518340105646,2999.5816657574524,249.8152562663585
90.59999999999913,AVAILABLE,26.680267856660482,70.72531929140533,3004.222719922923,250.0415895599841
90.69999999999912,AVAILABLE,26.680421771997494,70.72553690129374,3004.524286648747,249.97337695759123
90.79999999999912,AVAILABLE,26.680586699369382,70.72570229245666,2995.293716295158,249.84806249688899
90.89999999999911,AVAILABLE,26.68076412311542,70.72591347359868,2993.9034898394534,249.94510601896954
90.9999999999991,AVAILABLE,26.680879454510848,70.72611499258004,2999.310613896254,250.08343714892763
91.0999999999991,AVAILABLE,26.68105502173319,70.72628203521379,3003.3748625233825,250.10031785524367
91.1999999999991,AVAILABLE,26.681150266980456,70.72643746117217,3002.0606629649114,249.94379225901923
91.29999999999909,AVAILABLE,26.681312208731647,70.72663758040912,3004.2325195301396,249.91405958383538
91.39999999999908,AVAILABLE,26.681496762877142,70.72685507433215,3001.3654056939117,249.8589261865631
91.49999999999908,AVAILABLE,26.681628106618543,70.72700707108375,3004.7679246373623,249.9143727748498
91.59999999999907,AVAILABLE,26.681789393134256,70.72719113249356,2996.5587046485157,250.01362174467664
91.69999999999906,AVAILABLE,26.68190380896896,70.72740822633246,2999.0837805668084,249.9458312195198
91.79999999999906,AVAILABLE,26.682073301865554,70.72757186278017,2997.352705073882,249.88920748389884
91.89999999999905,AVAILABLE,26.68222872844842,70.7277617839542,3004.9460692879916,250.17090899527398
91.99999999999905,AVAILABLE,26.682377181532875,70.72794228466783,2996.425368557642,249.8367114107719
92.09999999999904,AVAILABLE,26.682530237659485,70.72815286415799,2996.2571539482487,250.1956593878378
92.19999999999904,AVAILABLE,26.682691783862317,70.72832511857736,2997.707069025514,249.85526705097442
92.29999999999903,AVAILABLE,26.68284740104226,70.72854394101465,3002.5320008863364,250.09523606854066
92.39999999999903,AVAILABLE,26.68297135131645,70.7287358432819,2999.0353049831715,249.98059679528896
92.49999999999902,AVAILABLE,26.683145296211638,70.72892551711564,3002.231431260879,249.94005658703918
92.59999999999901,AVAILABLE,26.683272569118788,70.72913048720663,3003.9239348761234,249.91192900999172
92.69999999999901,AVAILABLE,26.68344862776372,70.72930285453458,3000.753475753009,250.08651221958922
92.799999999999,AVAILABLE,26.683578664576753,70.72946310977132,3001.2813659068343,250.33630189985763
92.899999999999,AVAILABLE,26.68370372657878,70.72968212731914,3000.1759018933167,249.9646956186855
92.99999999999899,AVAILABLE,26.68385335027916,70.7298488020034,2994.0843221414293,249.9614342058002
93.09999999999899,AVAILABLE,26.684046324201276,70.73000183119605,2994.7458586051407,249.95289941100336
93.19999999999898,AVAILABLE,26.68419441533893,70.7302170006537,3001.9325112063025,249.93051283089713
93.29999999999897,AVAILABLE,26.6843436349068,70.73039828412759,3000.3542624482534,250.08937201039782
93.39999999999897,AVAILABLE,26.68447448031367,70.73059257379839,2997.685269793426,249.97571077543765
93.49999999999896,AVAILABLE,26.68464516714487,70.73079622085437,3000.3795566743606,250.09138452464535
93.59999999999896,AVAILABLE,26.684787959955397,70.73099464551946,3001.895162000139,249.96371578280417
93.69999999999895,AVAILABLE,26.684910766954278,70.73114989882139,3005.471248347208,249.9816399086296
93.79999999999895,AVAILABLE,26.68505345449602,70.73134604477887,2998.388505077783,249.94890976612257
93.89999999999894,AVAILABLE,26.685235222087826,70.7315374164684,2999.902195665532,250.07423289684388
93.99999999999893,AVAILABLE,26.685417139776042,70.73171091954057,2998.673621357043,250.0428852481753
94.09999999999893,AVAILABLE,26.685505421731584,70.73189550999561,3003.1680207915897,250.1457122650985
94.19999999999892,AVAILABLE,26.68565373526346,70.73210439619942,2999.6646737835504,249.9475040244602
94.29999999999892,AVAILABLE,26.685831854184766,70.73231617951076,3003.938322164209,250.09071902819656
94.39999999999891,AVAILABLE,26.686000505301188,70.732450162081,3001.18286285202,249.97835589323375
94.4999999999989,AVAILABLE,26.686140603947468,70.7326707651136,2996.3577825695575,250.0223904046535
94.5999999999989,AVAILABLE,26.686276965209498,70.73282827544924,2998.781839207515,249.69633473244429
94.6999999999989,AVAILABLE,26.68644315309992,70.73305018133199,3005.1227648736126,250.06379459024555
94.79999999999889,AVAILABLE,26.68661292101563,70.73321119389448,3006.035225838964,249.9166033869804
94.89999999999888,AVAILABLE,26.686722047051653,70.73341709612649,3000.472809668675,249.94974854997108
94.99999999999888,AVAILABLE,26.68688536474633,70.73356274018651,3001.1383089839755,250.1583087888004
95.09999999999887,AVAILABLE,26.687060335243824,70.7338017074864,3000.020500915664,249.85059623232408
95.19999999999887,AVAILABLE,26.687190768260713,70.73396029388478,2999.2263392532504,249.9974458394728
95.29999999999886,AVAILABLE,26.687304109461994,70.73417902074395,2993.9351989542774,249.97035157888834
95.39999999999885,AVAILABLE,26.68750053343816,70.73434572829778,2999.9652860090005,250.023715872055
95.49999999999885,AVAILABLE,26.68765434367527,70.73451879943084,2999.3857625251358,249.93587293902723
95.59999999999884,AVAILABLE,26.6877763553403,70.73472422563283,3001.1886934073464,250.10109078007477
95.69999999999884,AVAILABLE,26.687925030352822,70.7349086381727,3004.8382918601833,249.94403284958128
95.79999999999883,AVAILABLE,26.688073743970453,70.73506910124583,3002.318908278138,249.7809270423679
95.89999999999883,AVAILABLE,26.688217377629456,70.73525892920077,3003.4018415116393,249.87757048827038
95.99999999999882,AVAILABLE,26.688364526629282,70.73543760608145,3000.538290516721,250.12700969243127
96.09999999999881,AVAILABLE,26.68851383801784,70.73566948416996,3006.4446343169384,250.10601094784474
96.19999999999881,AVAILABLE,26.688687259388786,70.73581277044131,3001.4328011190587,250.15250015736885
96.2999999999988,AVAILABLE,26.688859638905594,70.73602464630856,2997.409794284039,250.00933556049978
96.3999999999988,AVAILABLE,26.688982710554438,70.73621510348345,3001.7536854883547,249.9494391902418
96.49999999999879,AVAILABLE,26.689124120180217,70.73642283330292,2995.928696918917,250.0800897302316
96.59999999999879,AVAILABLE,26.68929362756197,70.73660054676846,2998.6914921940806,250.13361926352647
96.69999999999878,AVAILABLE,26.68945798015922,70.73675992557945,2996.5188671707524,249.94571563050332
96.79999999999878,AVAILABLE,26.689589988500213,70.73695295890585,3002.8941364935413,249.96747268901223
96.89999999999877,AVAILABLE,26.68976630481005,70.73716779340135,3000.5848312822063,249.924475424841
96.99999999999876,AVAILABLE,26.689876765744497,70.73730864292979,2999.469810138079,250.01366792007866
97.09999999999876,AVAILABLE,26.69004034493432,70.73752553303004,3001.3407923862287,250.07128351145758
97.19999999999875,AVAILABLE,26.690178180923166,70.73775721165299,2998.638437988646,250.09340347007392
97.29999999999875,AVAILABLE,26.690320252887897,70.73792237157326,2995.5924835518335,249.95707709380758
97.39999999999874,AVAILABLE,26.69049198319298,70.73809279062893,2998.7839478065903,250.07352731225015
97.49999999999874,AVAILABLE,26.690645978812032,70.7382924169633,2998.40304174307,250.02093265421752
97.59999999999873,AVAILABLE,26.69079392041372,70.73844778959328,3003.738040495033,250.0821434494211
97.69999999999872,AVAILABLE,26.69091613592119,70.73866141068105,3001.5628158349487,249.8692579714016
97.79999999999872,AVAILABLE,26.691067170185786,70.7388620559799,2998.828156396353,249.90561352229653
97.89999999999871,AVAILABLE,26.691219436459047,70.73902686517108,2996.7569628669353,249.90680742983233
97.9999999999987,AVAILABLE,26.691370496662834,70.73919693652226,3002.4707090232364,250.0121087672203
98.0999999999987,AVAILABLE,26.691513313253278,70.73935500827103,2999.2571846137553,250.05208976736472
98.1999999999987,AVAILABLE,26.691656459454663,70.73960607366689,2993.5853289270485,249.83810283610214
98.29999999999869,AVAILABLE,26.691824585962195,70.7397975157923,3005.5086516627043,249.87878243759513
98.39999999999868,AVAILABLE,26.692020009256296,70.73996844763492,2996.582955365282,249.9688909101226
98.49999999999868,AVAILABLE,26.69216113722031,70.74012876237441,3000.997025157386,249.8451489742563
98.59999999999867,AVAILABLE,26.69232536070235,70.74033308708971,2999.8795224329156,250.12531610883428
98.69999999999867,AVAILABLE,26.69242693685892,70.74049892293394,3002.215739352154,249.8490908734205
98.79999999999866,AVAILABLE,26.692601533600417,70.7406532754943,2998.027595426153,249.971049099692
98.89999999999866,AVAILABLE,26.692738690295684,70.7409088618391,2996.7965181710765,250.15945391480963
98.99999999999865,AVAILABLE,26.69283720462216,70.74106773379516,3003.1962609382863,250.00934166876098
99.09999999999864,AVAILABLE,26.69302911942521,70.74129291797188,3006.356433480296,249.83891795000923
99.19999999999864,AVAILABLE,26.693162789211254,70.74144494997444,2999.853382847748,249.95131802963166
99.29999999999863,AVAILABLE,26.693338985208026,70.74163074509715,3001.51302378708,250.15855544088245
99.39999999999863,AVAILABLE,26.693522198345846,70.74183479998781,3003.593322408322,249.97185580354073
99.49999999999862,AVAILABLE,26.69362940330337,70.74198058877325,2999.5235698308447,249.86743617253444
99.59999999999862,AVAILABLE,26.693776003060965,70.74223286220153,3006.032656481561,249.9340160514269
99.69999999999861,AVAILABLE,26.693945680721377,70.74238995423316,2998.1266622689454,250.10429278796906
99.7999999999986,AVAILABLE,26.69407098172751,70.74259105182671,3000.659891098398,250.1165535653466
99.8999999999986,AVAILABLE,26.694203117642655,70.74276388639173,2996.5770831768323,250.09516427154486
99.9999999999986,AVAILABLE,26.694382243098428,70.74300629454021,3001.7828482634845,250.10272030034275
100.09999999999859,AVAILABLE,26.69452576080608,70.74317256754065,2996.524008348045,249.91601343306675
100.19999999999858,AVAILABLE,26.69464147930249,70.7433437212735,2996.341609300733,250.21190809237427
100.29999999999858,AVAILABLE,26.69483408367002,70.7435286215658,3000.0981713089036,249.96764812845223
100.39999999999857,AVAILABLE,26.694988601234908,70.74372170751832,3002.6313659026973,249.87118951244273
100.49999999999856,AVAILABLE,26.695134352456048,70.74389115979811,2999.218161855879,250.07363707538434
100.59999999999856,AVAILABLE,26.69528937764106,70.74407873617739,2996.1919329824736,249.79305714911902
100.69999999999855,AVAILABLE,26.695429558065356,70.74428360061823,3004.698272646361,250.08735139789022
100.79999999999855,AVAILABLE,26.695586176965474,70.7444117677647,3000.0871665837985,249.8582488013171
100.89999999999854,AVAILABLE,26.6957358923435,70.7446173844387,2998.4295717858217,250.05862210811193
100.99999999999854,AVAILABLE,26.695865483860544,70.74483567282405,2996.2464496674766,250.12402046718412
101.09999999999853,AVAILABLE,26.696028153541832,70.74504690153321,2997.846626525707,250.019629240809
101.19999999999852,AVAILABLE,26.696204584565717,70.74520887094857,2998.5416459302414,249.77488851057728
101.29999999999852,AVAILABLE,26.696346762293732,70.74539952724994,3006.6194146137686,249.97770560480166
101.39999999999851,AVAILABLE,26.69650479122514,70.7455943916567,2998.0041974493734,250.00176037278067
101.49999999999851,AVAILABLE,26.696655819504567,70.74576464484903,2994.6674927476483,250.0458965470389
101.5999999999985,AVAILABLE,26.696768741469516,70.74598376041456,3002.1892549766044,250.12550974416683
101.6999999999985,AVAILABLE,26.696917342444817,70.74617951303463,3003.2692653441513,249.86499104332597
101.79999999999849,AVAILABLE,26.697095353236364,70.74635156292264,2998.949084824461,250.09551022720004
101.89999999999849,AVAILABLE,26.69720823187392,70.74656413754606,3001.5093196432317,249.91731086204857
101.99999999999848,AVAILABLE,26.697414084979698,70.74671048114541,3001.2359413752324,250.21027043980612
102.09999999999847,AVAILABLE,26.697521081226263,70.74691574341806,2995.5281955152786,250.07442589208387
102.19999999999847,AVAILABLE,26.69765398941164,70.74711321469799,3001.852437067447,250.06914989224154
102.29999999999846,AVAILABLE,26.697812490862226,70.74724648373473,2998.731681416824,250.12180119747248
102.39999999999846,AVAILABLE,26.69795830805557,70.74748969462962,3003.525759063158,249.95784399098824
102.49999999999845,AVAILABLE,26.69813771777069,70.74764156459725,2999.5157430564755,249.92986649672815
102.59999999999845,AVAILABLE,26.698270473864895,70.74781960530223,3000.4364825057983,249.9612270864478
102.69999999999844,AVAILABLE,26.698432432711694,70.7480574180003,2998.2856964968087,249.8550053924398
102.79999999999843,AVAILABLE,26.698599668965684,70.74826858700722,3003.369798682623,249.92579421813895
102.89999999999843,AVAILABLE,26.69872083438771,70.74837683225033,2998.2439975651687,249.92551402494036
102.99999999999842,AVAILABLE,26.69883893998346,70.7485916142569,3001.1255306653397,250.28449262238212
103.09999999999842,AVAILABLE,26.699050727601804,70.7487926913221,2997.376557451113,250.16492314914132
103.19999999999841,AVAILABLE,26.699169919491055,70.74896068024566,3005.4319315178177,249.88050038795294
103.2999999999984,AVAILABLE,26.699300834406362,70.74914879645597,3002.630649263912,250.1837732251304
103.3999999999984,AVAILABLE,26.69948797450851,70.74934396319584,2993.0555461856816,249.92524316075512
103.4999999999984,AVAILABLE,26.699636132636915,70.74952866669884,2997.4799429346854,249.82482146705402
103.59999999999839,AVAILABLE,26.699770098338174,70.7496819099723,3000.6215908769677,250.01597623077242
103.69999999999838,AVAILABLE,26.69996189706831,70.74988217356983,2998.0447192049614,249.8638126010603
103.79999999999838,AVAILABLE,26.700173309180883,70.75017427657576,3001.2472323291886,250.26957615232394
103.89999999999837,AVAILABLE,26.70032378253231,70.75036779494856,2999.3664274434504,250.05444626479627
103.99999999999837,AVAILABLE,26.700464006822074,70.75059676956107,3000.647857860746,250.1619862927374
104.09999999999836,AVAILABLE,26.700607451436664,70.75073554664844,2997.441044222101,250.0772805924589
104.19999999999835,AVAILABLE,26.700755622330167,70.75091834260209,2998.3961670514473,250.1179421532342
104.29999999999835,AVAILABLE,26.700890399237004,70.7511087113358,2998.5661520954654,250.00457925903046
104.39999999999834,AVAILABLE,26.701039004557487,70.75130184594573,3000.625434057975,249.879161123077
104.49999999999834,AVAILABLE,26.701174228460125,70.75149660042061,2998.5022502107818,249.74310550079989
104.59999999999833,AVAILABLE,26.701338113346466,70.75166740551921,2999.240977812385,250.058565538023
104.69999999999833,AVAILABLE,26.70150449936465,70.75183950813957,3001.3844193771783,250.04312745798774
104.79999999999832,AVAILABLE,26.701673556320017,70.75206148642587,3003.126709172795,249.85635532462118
104.89999999999831,AVAILABLE,26.70179776674651,70.75222921400429,2995.42149591835,250.05795653725573
104.99999999999831,AVAILABLE,26.70198126810156,70.75242867248184,2999.511637723296,249.85264888793282
105.0999999999983,AVAILABLE,26.70207597297997,70.75261653524277,3001.8559901768267,250.077916456443
105.1999999999983,AVAILABLE,26.702258428080956,70.75280750190645,3000.037317585362,249.94487584378317
105.29999999999829,AVAILABLE,26.70242145349346,70.75301069368005,2999.2543102792124,249.91010635585278
105.39999999999829,AVAILABLE,26.70253602157617,70.75320675237539,3000.8002161941718,250.03144866432237
105.49999999999828,AVAILABLE,26.702699593650014,70.75338202792571,3000.271905475468,249.92335752228473
105.59999999999827,AVAILABLE,26.702862888249797,70.75358683812226,3004.3670725319957,249.94806503397805
105.69999999999827,AVAILABLE,26.702985023499057,70.75380687351598,3000.6354847251882,249.89446238803546
105.79999999999826,AVAILABLE,26.70316105089049,70.75389843542665,2995.9139659406037,249.84456877906217
105.89999999999826,AVAILABLE,26.703304125189987,70.75411510004085,3002.57335199781,250.16406996586352
105.99999999999825,AVAILABLE,26.703431937323842,70.75429070692049,2995.7013864037126,249.9933424335024
106.09999999999825,AVAILABLE,26.703622481664773,70.75450187686305,3000.0367741232185,250.05928806367356
106.19999999999824,AVAILABLE,26.703733610192423,70.75469653370882,2997.8868322998205,249.89439914154318
106.29999999999824,AVAILABLE,26.70389963806619,70.75484681028374,3004.1971287496303,250.07624259696985
106.39999999999823,AVAILABLE,26.704020024335723,70.75503778644018,2995.713402504571,250.04548665791532
106.49999999999822,AVAILABLE,26.704219865795938,70.75529604111425,2999.5746956415483,250.09429984016728
106.59999999999822,AVAILABLE,26.704331103953955,70.75545148093406,3002.805019022834,250.01968350508093
106.69999999999821,AVAILABLE,26.704477548901785,70.75566236566759,2998.8912053272807,249.96956426834745
106.7999999999982,AVAILABLE,26.704657814539217,70.75577963016478,2997.2042772512314,249.92150163882323
106.8999999999982,AVAILABLE,26.704825630300416,70.75597386160584,2995.487796817214,249.95531561634795
106.9999999999982,AVAILABLE,26.70494738997607,70.75616286574139,2999.287506679492,250.00958446907015
107.09999999999819,AVAILABLE,26.7050820702807,70.7563663341026,3005.325338799343,250.0200589873637
107.19999999999818,AVAILABLE,26.705251040690126,70.75650231886601,3001.4276101980295,250.02576559693347
107.29999999999818,AVAILABLE,26.705417354421932,70.75672806953975,2998.457983105626,250.01580314284243
107.39999999999817,AVAILABLE,26.705554222044515,70.75694494361343,3002.6227117953017,250.04383910157503
107.49999999999817,AVAILABLE,26.705720164499958,70.75711733258377,3000.1252332398712,249.95273266382
107.59999999999816,AVAILABLE,26.705849224632548,70.75731875446692,2994.383272535304,250.0700663303138
107.69999999999816,AVAILABLE,26.705998774504707,70.75751837611072,3004.034889822846,249.98999585913407
107.79999999999815,AVAILABLE,26.706182215224924,70.75767186515081,3003.228560224233,249.9303649224475
107.89999999999814,AVAILABLE,26.70632959917976,70.75787478819244,3003.463385786851,250.0706210534357
107.99999999999814,AVAILABLE,26.706463527407376,70.75805150740022,2996.1935820185877,250.00698577796976
108.09999999999813,AVAILABLE,26.706619726543078,70.75824935199093,2995.714174178734,250.06658221796138
108.19999999999813,AVAILABLE,26.706734966735628,70.75844135050755,3001.018644543805,250.01873044592523
108.29999999999812,AVAILABLE,26.706919171743948,70.75862959563287,2994.446766131926,250.06658300150718
108.39999999999812,AVAILABLE,26.70706540085721,70.75878293471499,2998.1093636602022,250.0314881706575
108.49999999999811,AVAILABLE,26.707187585371894,70.7590085105843,2997.217692835576,249.87996873618908
108.5999999999981,AVAILABLE,26.70740299436631,70.75913766923262,2997.546149098261,250.0079769099786
108.6999999999981,AVAILABLE,26.707482729494362,70.7593839947172,3000.0263656940983,249.96894243944251
108.7999999999981,AVAILABLE,26.707654848901573,70.75951526615381,2998.302134856276,249.8037537173496
108.89999999999809,AVAILABLE,26.707752168039367,70.75975186728132,2998.5348587334533,250.03323835056446
108.99999999999808,AVAILABLE,26.70794958421545,70.75993107493643,3002.730924964686,250.01846236447304
109.09999999999808,AVAILABLE,26.708105588651097,70.76007847964617,2998.3454445731245,250.13736597616483
109.19999999999807,AVAILABLE,26.708257758947752,70.7603088871065,3002.864619118458,249.8832600669615
109.29999999999806,AVAILABLE,26.70836161942268,70.76051104541126,3002.6689614751804,250.0245759860743
109.39999999999806,AVAILABLE,26.70855416219402,70.76065474391984,2995.369213066741,249.9653069822784
109.49999999999805,AVAILABLE,26.708688544401454,70.76084546653958,2998.2153930121585,249.88216178994313
109.59999999999805,AVAILABLE,26.7088344187934,70.76105705403734,3003.0874949529893,250.07819845547183
109.69999999999804,AVAILABLE,26.70898228559297,70.76121285157217,2996.2845396331018,250.17087780343618
109.79999999999804,AVAILABLE,26.709165155245238,70.76142430504471,2997.3922000699067,249.84568608009556
109.89999999999803,AVAILABLE,26.709302963490043,70.76161054344577,3001.481155767714,250.05936533738574
109.99999999999802,AVAILABLE,26.709460460610153,70.76179318260112,2998.631809009931,250.04388458687623
110.09999999999802,AVAILABLE,26.709609402747933,70.76199125630781,2997.7575526555374,249.9563748902087
110.19999999999801,AVAILABLE,26.709754647843763,70.76212772933056,3001.754492010774,250.08894840108744
110.29999999999801,AVAILABLE,26.709897137975364,70.76236146059176,2998.145392978074,249.94553293023614
110.399999999998,AVAILABLE,26.710057773522085,70.7625435711508,2998.2757948345925,249.97984145941132
110.499999999998,AVAILABLE,26.710217375862907,70.7627462924687,3000.8981183298583,249.88424910938113
110.59999999999799,AVAILABLE,26.710373289640227,70.76293234313401,3000.1897568912786,250.0774632169822
110.69999999999798,AVAILABLE,26.71052320733658,70.76313423173825,3002.756750614168,250.0215398930056
110.79999999999798,AVAILABLE,26.710676443506202,70.76331844547435,3005.8078674830936,249.96834936333534
110.89999999999797,AVAILABLE,26.710803070941274,70.76347545645892,3004.6904933087426,249.88725139035057
110.99999999999797,AVAILABLE,26.710955855056632,70.76368292978391,2996.3596006458774,249.89261676222074
111.09999999999796,AVAILABLE,26.71108062896267,70.76386384394277,2998.447873370351,249.88076055636932
111.19999999999796,AVAILABLE,26.71125147205601,70.76405044525916,2997.8596438596132,250.03590502849224
111.29999999999795,AVAILABLE,26.711380015812253,70.76424784371417,3000.1469101749944,250.07625665760193
111.39999999999795,AVAILABLE,26.71153161403908,70.76443215443348,3001.436426039314,249.86328486440496
111.49999999999794,AVAILABLE,26.711705832270976,70.76459782987556,2999.294306123169,250.05652732302676
111.59999999999793,AVAILABLE,26.711860039022064,70.76476835009686,3003.033540315055,249.91456332848955
111.69999999999793,AVAILABLE,26.712021289221315,70.76499885938033,2999.418621691963,249.99103033338534
111.79999999999792,AVAILABLE,26.712140501848488,70.76520199023867,3000.725894298637,249.9004527293553
111.89999999999792,AVAILABLE,26.712313998648487,70.76538975537882,3000.1936034873384,249.97268995695737
111.99999999999791,AVAILABLE,26.712435804865184,70.76557171343859,3001.07507561577,249.99758074854796
112.0999999999979,AVAILABLE,26.712626922859688,70.76576221724022,3000.752274358518,249.75049029384923
112.1999999999979,AVAILABLE,26.712758622810576,70.76592424122494,3001.106072987162,250.20367791430684
112.2999999999979,AVAILABLE,26.71291436790471,70.76613164743333,2998.825083847644,249.91608427645056
112.39999999999789,AVAILABLE,26.713067767226168,70.76633004470527,2999.5378067740126,249.93621511799108
112.49999999999788,AVAILABLE,26.71318788941891,70.76653679251923,2999.2789718325153,249.87393961851188
112.59999999999788,AVAILABLE,26.713362821059032,70.76668221258726,2996.544048415826,250.02304826409545
112.69999999999787,AVAILABLE,26.713522365028656,70.76681442878198,2998.394640712408,250.00127825438025
112.79999999999787,AVAILABLE,26.713679773258317,70.76705834529598,2999.1873064310935,250.08986844839123
112.89999999999786,AVAILABLE,26.713786952421856,70.76724401869926,2995.58695305717,250.07996029490047
112.99999999999785,AVAILABLE,26.71393600984773,70.76741890910606,2998.4145473637864,250.10531675096357
113.09999999999785,AVAILABLE,26.714108096850527,70.76763407441032,2998.8666816733603,250.03198902679085
113.19999999999784,AVAILABLE,26.714248471442435,70.76783299842955,2999.009711305172,249.89672655966802
113.29999999999784,AVAILABLE,26.7143907521784,70.76797539396692,2998.070515854872,250.08371662216175
113.39999999999783,AVAILABLE,26.714578875305932,70.76821801324104,2994.6503113319554,250.00729132124957
113.49999999999783,AVAILABLE,26.714674530285176,70.7683769423035,3003.487821668641,250.05294733929074
113.59999999999782,AVAILABLE,26.7148353897083,70.76853288433227,3000.9711981851524,250.08088877910924
113.69999999999781,AVAILABLE,26.715022847295657,70.76869697226556,3000.5932962647394,249.93188378082104
113.79999999999781,AVAILABLE,26.715145641807567,70.76896215280125,3000.094506765241,250.10206472781053
113.8999999999978,AVAILABLE,26.715299686339417,70.76913009039995,3003.375996857201,250.09375562221774
113.9999999999978,AVAILABLE,26.715478632626414,70.76929890809629,2991.4142224598113,249.97657266830726
114.09999999999779,AVAILABLE,26.715615727951967,70.769512674691,2999.9096324647467,250.0935178839455
114.19999999999779,AVAILABLE,26.715754088552885,70.76968170615396,3000.4072806294676,249.97705265230246
114.29999999999778,AVAILABLE,26.715906051539854,70.76989768695579,3000.6189283853464,250.0080767202232
114.39999999999777,AVAILABLE,26.716049591867257,70.77004470932464,2998.020357624878,249.9308635342651
114.49999999999777,AVAILABLE,26.716206488157646,70.77022984699302,3001.1848184287687,249.89423518599176
114.59999999999776,AVAILABLE,26.71637346441542,70.7704156249916,2999.8458632014062,249.92977610401212
114.69999999999776,AVAILABLE,26.71648211646678,70.77062108910232,3002.190177447733,249.8924093456355
114.79999999999775,AVAILABLE,26.716690964910477,70.77076008112056,3001.5535346489855,249.93665564131297
114.89999999999775,AVAILABLE,26.71680763310565,70.77101175452557,3001.957798546829,249.9304929275118
114.99999999999774,AVAILABLE,26.7169536354806,70.77117541869222,3000.9313890659273,249.9308662009345
115.09999999999773,AVAILABLE,26.71710597639716,70.77138084949117,2999.98906322763,250.0525703429689
115.19999999999773,AVAILABLE,26.71725297881762,70.77154654862544,3006.542678620844,250.07536182142394
115.29999999999772,AVAILABLE,26.717422885825027,70.77175459042763,2993.7183941225885,249.92121977470055
115.39999999999772,AVAILABLE,26.717556144925144,70.77189625325457,3001.3698282161645,249.8956600452875
115.49999999999771,AVAILABLE,26.717707913214454,70.77214792142608,3004.7636674853215,249.96292577820768
115.5999999999977,AVAILABLE,26.717848377634613,70.77228359348302,3000.6402844773843,249.9082193264452
115.6999999999977,AVAILABLE,26.71800719582669,70.77247756144241,3001.7949958693443,249.97917304018864
115.7999999999977,AVAILABLE,26.718150836511757,70.77269619484069,2998.4223779025356,250.06904079617948
115.89999999999769,AVAILABLE,26.718297084761474,70.77288637559572,3000.505892084981,250.115552367475
115.99999999999768,AVAILABLE,26.718442179639265,70.7730838061256,3007.121177840868,249.92722348373994
116.09999999999768,AVAILABLE,26.718618898774253,70.77325776729822,3003.9977384518015,250.15175532927137
116.19999999999767,AVAILABLE,26.718735988258302,70.77341432659834,3001.3815644320075,249.9464962202396
116.29999999999767,AVAILABLE,26.71892186745162,70.77361799246421,2999.8273730467827,250.12006594213014
116.39999999999766,AVAILABLE,26.719047957547122,70.77375361356259,2993.9738137721984,249.9152303401619
116.49999999999766,AVAILABLE,26.719159593224013,70.77398221935671,3006.0403653254807,250.2538350156748
116.59999999999765,AVAILABLE,26.719376633729436,70.77415613520182,2999.652107917091,250.12532190045337
116.69999999999764,AVAILABLE,26.719514900510504,70.7743489169447,3003.150781778247,249.9575867623803
116.79999999999764,AVAILABLE,26.71964031330748,70.77451749579268,3002.043819622687,250.0424183963215
116.89999999999763,AVAILABLE,26.71981552907082,70.77474402043005,2996.8762628410095,250.14292476461785
116.99999999999763,AVAILABLE,26.719987522212,70.77496468985899,2995.6829472513427,249.95880255548434
117.09999999999762,AVAILABLE,26.720098293664766,70.7751266382834,3000.591790709293,250.08396434775727
117.19999999999762,AVAILABLE,26.720271034573106,70.77528624032536,2999.299042617276,249.90732627952121
117.29999999999761,AVAILABLE,26.720410111223416,70.77548774937165,3000.0296309394585,249.85317953235185
117.3999999999976,AVAILABLE,26.7205449114606,70.77567294391031,3002.5703684055534,250.04496522668938
117.4999999999976,AVAILABLE,26.72068939194623,70.77585954060604,2997.578205172707,250.02264637731275
117.59999999999759,AVAILABLE,26.720853753799283,70.77604777259967,2999.5363808534557,249.79376161512693
117.69999999999759,AVAILABLE,26.7209828592342,70.77624181697483,3003.607084117308,250.04618257561592
117.79999999999758,AVAILABLE,26.721137940755554,70.77645263202078,3002.5316793764364,250.12901262291692
117.89999999999758,AVAILABLE,26.72131760004578,70.77658227713438,2998.875399314256,250.15957988927286
117.99999999999757,AVAILABLE,26.721498665044056,70.77676913402124,2996.7815876562113,249.9733422769805
118.09999999999756,AVAILABLE,26.7216231123189,70.77697525858677,3001.8820747156483,249.9169601867663
118.19999999999756,AVAILABLE,26.721791171772416,70.7771871018979,3004.284251167273,250.09754542054733
118.29999999999755,AVAILABLE,26.72188278445348,70.77736181420899,3000.2316738620775,249.9856328544496
118.39999999999755,AVAILABLE,26.722078345361,70.77756141029835,3003.026793200081,249.94478045147466
118.49999999999754,AVAILABLE,26.722219294273316,70.77773322813927,3002.093615832571,250.18633645689488
118.59999999999754,AVAILABLE,26.722344108790168,70.77795059815767,3005.0576188577515,249.9700229882277
118.69999999999753,AVAILABLE,26.72252674062698,70.77813585208591,2999.7507743177766,250.0605290745066
118.79999999999752,AVAILABLE,26.722666583960663,70.77829497445362,2995.908143279297,250.03090372328128
118.89999999999752,AVAILABLE,26.722827362425917,70.77853523508627,2997.660219743106,249.9105891244564
118.99999999999751,AVAILABLE,26.722917257565125,70.77868866263474,2995.7843745803657,250.102547860063
119.09999999999751,AVAILABLE,26.723119659297687,70.77882721947185,2998.5984084916035,249.89063298539222
119.1999999999975,AVAILABLE,26.723261011987617,70.77904432344734,2999.923687311491,249.93046072814138
119.2999999999975,AVAILABLE,26.72343188613614,70.7792634735773,2995.5144627726727,249.95367673804267
119.39999999999749,AVAILABLE,26.723569020552866,70.77942560708743,2999.460094704827,249.9510973378264
119.49999999999748,AVAILABLE,26.723707163049223,70.77961883651572,3002.424887164531,249.92115540307574
119.59999999999748,AVAILABLE,26.723848033731155,70.77979047650268,2997.0682020103686,250.02602058678224
119.69999999999747,AVAILABLE,26.72400624637473,70.78000513353349,3005.487376617065,250.0231246952211
119.79999999999747,AVAILABLE,26.724148412827734,70.78020317575859,3001.5577923898563,249.77558188243614
119.89999999999746,AVAILABLE,26.724309000208393,70.78033392650481,3002.6238803105016,250.08057815783857
119.99999999999746,AVAILABLE,26.724445138235176,70.78052719901673,2994.5254560706544,250.13714338574164
120.09999999999745,AVAILABLE,26.724594983242973,70.78075141825624,3004.085050054429,249.9161205566277
120.19999999999744,AVAILABLE,26.724744017102545,70.7809365670611,3000.426104849735,250.13142751168627
120.29999999999744,AVAILABLE,26.72493008007504,70.78112452758786,2994.8512114203118,249.95407957088688
120.39999999999743,AVAILABLE,26.725061933960518,70.78129234085945,3002.071755897523,249.92291127832956
120.49999999999743,AVAILABLE,26.72520167739039,70.7814754221396,2999.2888130084484,249.90913358435813
120.59999999999742,AVAILABLE,26.725394679365845,70.78169562312418,2997.234697844676,249.99393088932985
120.69999999999742,AVAILABLE,26.72552782639392,70.78188378731596,3002.3886606335927,249.96844900780638
120.79999999999741,AVAILABLE,26.72567327602095,70.78205879168203,3001.02950378727,250.0064856044752
120.8999999999974,AVAILABLE,26.725788055075782,70.78222120829325,2998.4077143720156,250.0278910890402
120.9999999999974,AVAILABLE,26.72596480501039,70.782433413353,3002.3605904303004,250.00163118026893
121.0999999999974,AVAILABLE,26.726078768408698,70.78256716460987,2996.6170840258337,249.94598438423685
121.19999999999739,AVAILABLE,26.72622049745553,70.78279655926293,2995.5452931932987,249.89840485157066
121.29999999999738,AVAILABLE,26.726387981692085,70.78298491912709,3001.934165018466,250.06949349028602
121.39999999999738,AVAILABLE,26.726564139036917,70.78316872917298,2999.471824798872,249.86546701715918
121.49999999999737,AVAILABLE,26.726689723276223,70.78333663811782,3003.4956745010536,249.95413289590923
121.59999999999737,AVAILABLE,26.726870936786913,70.78356080800971,2997.0200630797053,250.09963519172743
121.69999999999736,AVAILABLE,26.72700609863557,70.78373145859904,2998.5474874341317,249.88667759340618
121.79999999999735,AVAILABLE,26.72716801684546,70.7839441451696,2995.3250633654575,249.94541745861272
121.89999999999735,AVAILABLE,26.727331651720007,70.78414007722415,2997.609346966648,249.90937954781387
121.99999999999734,AVAILABLE,26.72743710822857,70.78429739565652,3001.8185036275977,250.00260534748412
122.09999999999734,AVAILABLE,26.727612398083547,70.78447302579157,2993.6744815734232,250.21936370955126
122.19999999999733,AVAILABLE,26.727755743756866,70.78465202630831,3000.844746659534,250.08869982619098
122.29999999999733,AVAILABLE,26.72791938727567,70.78484769606617,2997.7660818147456,249.9526650385241
122.39999999999732,AVAILABLE,26.728075792934128,70.78505705979968,3003.0851051266263,250.0033092072212
122.49999999999731,AVAILABLE,26.728177410491945,70.78523158309135,3000.3561979325023,249.98622512763282
122.59999999999731,AVAILABLE,26.728346827854253,70.78544840946451,3001.866561645403,249.93093047891037
122.6999999999973,AVAILABLE,26.728516356430887,70.7856081374363,3004.345352477931,249.99818931753086
122.7999999999973,AVAILABLE,26.72861564278987,70.78576276608882,3000.4060326276253,249.99714609677233
122.89999999999729,AVAILABLE,26.72880678877811,70.78599279735396,3002.612989575979,250.08910624367118
122.99999999999729,AVAILABLE,26.728957063749807,70.78617778293957,2997.2597658631066,249.9126264818155
123.09999999999728,AVAILABLE,26.729120790235783,70.7863671207073,2994.5099614460764,250.07288730508404
123.19999999999727,AVAILABLE,26.729265712454932,70.78655208900761,3002.4822016738926,250.0466552054081
123.29999999999727,AVAILABLE,26.729379185364483,70.78674172326437,3000.285625008121,249.9653719235406
123.39999999999726,AVAILABLE,26.729535636235315,70.78690103498006,3002.247789887753,249.8888594314895
123.49999999999726,AVAILABLE,26.7297223335552,70.78713572956119,2999.597529270226,250.05542657005716
123.59999999999725,AVAILABLE,26.72985101414705,70.78730153785581,3000.6400396698805,250.0370401513412
123.69999999999725,AVAILABLE,26.730002905250853,70.78745652410103,2998.8666961891236,249.79569703482534
123.79999999999724,AVAILABLE,26.730164087660867,70.78766624079677,2994.478887478075,249.9205624140949
123.89999999999723,AVAILABLE,26.730331554807016,70.78787629939288,3002.295563635327,250.00301252907238
123.99999999999723,AVAILABLE,26.730454520581272,70.7880406041534,3000.857285063235,250.01424889888943
124.09999999999722,AVAILABLE,26.730613628659537,70.78823836001789,3004.402157639065,250.02754993842527
124.19999999999722,AVAILABLE,26.73074824972514,70.78839713242321,2999.3586040721393,249.94882604110467
124.29999999999721,AVAILABLE,26.730917474847487,70.78860738670232,3000.9123143680545,250.23802844744492
124.3999999999972,AVAILABLE,26.731038331148834,70.78875305865805,2996.396281950691,250.11965255140427
124.4999999999972,AVAILABLE,26.731227573769814,70.78897760585306,3008.4114253121334,250.0448955896891
124.5999999999972,AVAILABLE,26.731338918573652,70.78917948685766,2998.6840601180993,250.03842302836446
124.69999999999719,AVAILABLE,26.731498230060996,70.78936274682206,2998.876900913076,249.82309277408729
124.79999999999718,AVAILABLE,26.73164932729392,70.78950633212364,3003.0916305948613,250.31421099168645
124.89999999999718,AVAILABLE,26.73181957499769,70.7897476945469,2996.710801789258,250.01095394462146
124.99999999999717,AVAILABLE,26.731964669191544,70.78993574068467,2997.010881096681,249.9503433775374
125.09999999999717,AVAILABLE,26.7321667665064,70.7901072190841,2997.0704166831592,250.09166479108725
125.19999999999716,AVAILABLE,26.73222450389197,70.7902954796074,2997.8687379650046,249.94128468188646
125.29999999999715,AVAILABLE,26.73242112936115,70.79047785771562,2999.8784953962418,250.02908180723693
125.39999999999715,AVAILABLE,26.732560602967318,70.79071743394407,3002.6267234245875,249.99652659962456
125.49999999999714,AVAILABLE,26.73272404478372,70.79083678260321,2997.499729991521,249.9688036303552
125.59999999999714,AVAILABLE,26.7328671354349,70.7910316358983,2999.649505019417,249.95831278140602
125.69999999999713,AVAILABLE,26.733006235913265,70.79121808667976,3008.4088259348177,250.0460372396088
125.79999999999713,AVAILABLE,26.73312714951524,70.79141786046773,2998.135383621303,250.1016091680139
125.89999999999712,AVAILABLE,26.733303039351767,70.79161686653585,2995.3233573742377,249.88601579465865
125.99999999999712,AVAILABLE,26.733454141672826,70.79179725955031,3000.464383132381,250.10616016304922
126.09999999999711,AVAILABLE,26.733592659483726,70.7920144407453,2998.8779633271624,249.89472177877445
126.1999999999971,AVAILABLE,26.733754414700268,70.79216148515101,3002.2314915624206,249.87744903132418
126.2999999999971,AVAILABLE,26.733915382710205,70.79236348747943,3002.6174912855913,249.92357576071151
126.39999999999709,AVAILABLE,26.734078573479312,70.79255293746131,2995.9800209658374,250.08322956118243
126.49999999999709,AVAILABLE,26.73420544201196,70.79277566163297,3001.3825385395808,249.892469775763
126.59999999999708,AVAILABLE,26.734377173727534,70.792937176078,3003.0034101186916,250.08754822169985
126.69999999999708,AVAILABLE,26.734513365651416,70.79309367352431,2997.172111615472,249.8483146892846
126.79999999999707,AVAILABLE,26.734662307968836,70.79330170972807,2999.366569781315,250.0371850304461
126.89999999999706,AVAILABLE,26.73481169849003,70.79347166834012,3003.9018774951014,250.02810657494163
126.99999999999706,AVAILABLE,26.73497360397014,70.79367259590916,2999.148569550231,249.9561575992333
127.09999999999705,AVAILABLE,26.73510454308856,70.79388574929573,2998.679522354538,250.06706924833838
127.19999999999705,AVAILABLE,26.735249912832625,70.7940349851485,3002.256347154667,250.08958099902412
127.29999999999704,AVAILABLE,26.73539238962743,70.79425405972167,3002.7188970423185,250.1722208387473
127.39999999999704,AVAILABLE,26.735526268373174,70.79445598576464,3004.0171602409005,249.84702064202523
127.49999999999703,AVAILABLE,26.735708844157347,70.79457943899924,3002.4299035645317,250.0539827716069
127.59999999999702,AVAILABLE,26.73585420033079,70.79478223887168,2997.0592268658825,249.94549327940004
127.69999999999702,AVAILABLE,26.736022653277356,70.79499178022212,2999.3342840225687,249.95213209120388
127.79999999999701,AVAILABLE,26.73618850375471,70.79517622606797,2997.1867916185456,249.94714429304773
127.89999999999701,AVAILABLE,26.736284480037476,70.79534244514852,3002.025533481241,250.11636097399293
127.999999999997,AVAILABLE,26.736498800839197,70.7955515025242,2998.938875847822,250.02708624704226
128.099999999997,AVAILABLE,26.73660462384579,70.79575156389267,2998.023673232519,249.9800951432134
128.199999999997,AVAILABLE,26.736763847481686,70.79592316485513,2999.0750747070547,249.93402148105002
128.299999999997,AVAILABLE,26.73692100959375,70.79611058629523,3001.7644543678844,249.9057878082326
128.399999999997,AVAILABLE,26.737062503328826,70.79626729762548,3004.722140163519,250.06970785050405
128.499999999997,AVAILABLE,26.737224050921792,70.79648451347661,3001.6382264205195,249.9328633593738
128.59999999999698,AVAILABLE,26.737354851061458,70.79669930845955,3001.4081324773188,249.94274422566102
128.69999999999698,AVAILABLE,26.73749564273136,70.79686209583429,3002.9520112578293,249.9593045884437
128.79999999999697,AVAILABLE,26.73769073986345,70.79706538389524,2998.820202746208,249.95471679846327
128.89999999999696,AVAILABLE,26.737804318045185,70.79721388566175,3001.809040113471,249.9969237601771
128.99999999999696,AVAILABLE,26.73793310100001,70.79746260669663,3000.0119594484563,250.04245755238753
129.09999999999695,AVAILABLE,26.738125424000227,70.79762465020394,3006.5108191446543,250.07766237187505
129.19999999999695,AVAILABLE,26.738263673884553,70.79779799678396,3000.1353818392945,249.8449985576723
129.29999999999694,AVAILABLE,26.73841329134875,70.79798037024305,3001.6269322588246,249.88822010873886
129.39999999999694,AVAILABLE,26.738580098520618,70.79814157489449,3004.2305188698174,250.0818989316849
129.49999999999693,AVAILABLE,26.738717917853666,70.79834824179338,2996.318413139977,249.83743239763254
129.59999999999692,AVAILABLE,26.738856318412186,70.79854198026922,2999.7514557806253,250.1456952789446
129.69999999999692,AVAILABLE,26.73900928625755,70.79874000293552,2997.8570420243464,249.87510876869092
129.7999999999969,AVAILABLE,26.739166731516587,70.79893855423431,3001.131238770984,250.0696662714051
129.8999999999969,AVAILABLE,26.739291703091055,70.79908756079624,2991.8064290501225,250.02434159520712
129.9999999999969,AVAILABLE,26.739467261495385,70.79927207692063,3001.97925434749,249.99801616588883
130.0999999999969,AVAILABLE,26.739573180786042,70.79946423588754,2999.1557498967672,249.95191429606834
130.1999999999969,AVAILABLE,26.73977858738277,70.79968609719644,3003.1813969879013,249.99096975305395
130.29999999999688,AVAILABLE,26.739941182728252,70.79982788829537,2996.168244470618,249.90385233908782
130.39999999999688,AVAILABLE,26.740043315660298,70.80007901295768,2997.1030178818582,249.97686489491818
130.49999999999687,AVAILABLE,26.74017714591963,70.8002682275897,2998.7313615969865,250.08404719912093
130.59999999999687,AVAILABLE,26.740364655203418,70.80037333942539,2999.880943164734,250.0470228411518
130.69999999999686,AVAILABLE,26.740522781315367,70.80062204924862,3002.4381228324737,250.04978312333893
130.79999999999686,AVAILABLE,26.74065434329109,70.80083656013753,3002.1510367865217,249.7527355248141
130.89999999999685,AVAILABLE,26.740796947735625,70.80098564861099,3000.859715387672,249.95375301456156
130.99999999999685,AVAILABLE,26.74096472071975,70.8011824441054,3005.628566069816,249.90099595224555
131.09999999999684,AVAILABLE,26.74108975837723,70.80137511520957,2998.0083868875745,250.20808540940607
131.19999999999683,AVAILABLE,26.741258980518683,70.80156221046072,2999.414555956584,250.09159916056407
131.29999999999683,AVAILABLE,26.74140260272002,70.80177973894604,2999.3224584647037,249.9730721378954
131.39999999999682,AVAILABLE,26.74154727646292,70.80191433439289,3001.7937451905777,250.02282472161025
131.49999999999682,AVAILABLE,26.74173498338339,70.80213970023625,2994.988551133267,250.13658579565487
131.5999999999968,AVAILABLE,26.741885404674207,70.80229604785652,3001.937081311035,250.08695859558787
131.6999999999968,AVAILABLE,26.74203886429798,70.80248619757324,3001.4438747454374,249.9288624280775
131.7999999999968,AVAILABLE,26.74215223524456,70.80267454836977,3003.5110334232245,250.0075609768539
131.8999999999968,AVAILABLE,26.742286948931135,70.80286206786712,2997.0049970023656,250.0050067282562
131.9999999999968,AVAILABLE,26.742465351123005,70.80305688434031,3003.1208306968833,249.95279548647946
132.09999999999678,AVAILABLE,26.742632750603068,70.80321446787434,3003.3287092660207,249.9944296425226
132.19999999999678,AVAILABLE,26.742748766625457,70.80343013572049,2995.7818170212217,249.90643405673032
132.29999999999677,AVAILABLE,26.742933398389276,70.80360840449393,2997.31360310287,250.0269321312664
132.39999999999677,AVAILABLE,26.743059824593637,70.80382333215299,2999.4555191419786,250.15250714061006
132.49999999999676,AVAILABLE,26.74319676467694,70.80398081376308,3001.9920814753714,250.2130053143452
132.59999999999675,AVAILABLE,26.743386625426616,70.8041285102207,2998.935540040381,250.01504426106482
132.69999999999675,AVAILABLE,26.743518657572423,70.80435684291506,2999.2683568357015,250.0826515044401
132.79999999999674,AVAILABLE,26.743673296328968,70.80456371399127,2997.6370627561396,250.12323901455898
132.89999999999674,AVAILABLE,26.743785845916253,70.80475983532901,3000.3011857662686,249.88192367988452
132.99999999999673,AVAILABLE,26.74398213228463,70.8049276798713,2996.2381005872276,249.89414868147875
133.09999999999673,AVAILABLE,26.744144681560147,70.80513419613547,2994.8540410579244,250.02189761227288
133.19999999999672,AVAILABLE,26.74425362104811,70.8052732513316,2995.9443882554388,249.7913644869582
133.29999999999671,AVAILABLE,26.74440873123424,70.80550506136329,3001.5760343941192,249.98587612924456
133.3999999999967,AVAILABLE,26.744571524589595,70.8056735208372,2998.023113979471,249.9682004204022
133.4999999999967,AVAILABLE,26.744695174841194,70.80587844795495,2996.099260249279,250.1050703114951
133.5999999999967,AVAILABLE,26.74485857230954,70.80606071201481,2995.867286319927,250.01662814105742
133.6999999999967,AVAILABLE,26.74498726228535,70.80625189574872,3000.5881765426084,250.21649607242705
133.7999999999967,AVAILABLE,26.745177884880125,70.80642632049559,3003.364051139114,250.0491255051259
133.89999999999668,AVAILABLE,26.745303566725084,70.80660867615815,2997.889154470102,249.92441308591404
133.99999999999667,AVAILABLE,26.74544080486384,70.8067795331145,3003.7738967318137,250.13380893005169
134.09999999999667,AVAILABLE,26.74561307618693,70.80696775732699,3002.8378659595314,249.8429733780013
134.19999999999666,AVAILABLE,26.745747029192163,70.80715972369309,2998.7825302229367,250.24133538886184
134.29999999999666,AVAILABLE,26.74591029146353,70.80732883619834,3001.381295968071,249.9054182089545
134.39999999999665,AVAILABLE,26.746021640691136,70.80757780934903,2996.104365479491,250.05705172473023
134.49999999999665,AVAILABLE,26.746222589186868,70.80773311796693,3000.682760206861,249.96992848634983
134.59999999999664,AVAILABLE,26.746370016254403,70.80788450865579,2994.552808612765,250.030768055341
134.69999999999663,AVAILABLE,26.746492549720543,70.80813544844686,3005.16151467286,250.04046131829477
134.79999999999663,AVAILABLE,26.746659170449053,70.80833559311698,3001.2877216508236,249.90010432818804
134.89999999999662,AVAILABLE,26.746841990207454,70.80848895722157,2997.7105476507713,250.03020030875365
134.99999999999662,AVAILABLE,26.746958871234852,70.80865489546741,2999.3042345182607,250.08519256788955
135.0999999999966,AVAILABLE,26.74714900252312,70.80884456659726,3001.5131233852157,249.97196347673176
135.1999999999966,AVAILABLE,26.747272330986306,70.8090138072838,3000.243524690486,250.11226240623404
135.2999999999966,AVAILABLE,26.747420574483534,70.80923005672143,2997.331966589181,249.96564389574135
135.3999999999966,AVAILABLE,26.747571449341006,70.80941134475074,3001.206211651013,249.87933626825054
135.4999999999966,AVAILABLE,26.74770534819041,70.80961253883753,2999.215957644505,249.99802451091864
135.59999999999658,AVAILABLE,26.747887981804492,70.80977975564234,3001.6753210336565,249.9469763379861
135.69999999999658,AVAILABLE,26.748017647788227,70.8100051850415,3000.383064512195,249.9869850614107
135.79999999999657,AVAILABLE,26.74817693716723,70.81018483264654,3001.474805267228,249.92154691988324
135.89999999999657,AVAILABLE,26.748332590188905,70.8103916147108,3001.2385652263833,250.06563079721303
135.99999999999656,AVAILABLE,26.74849503833071,70.81056852051704,2998.7176531866553,250.02652861514517
136.09999999999656,AVAILABLE,26.74862333337307,70.81074982750854,2997.399356177026,250.0359824103071
136.19999999999655,AVAILABLE,26.74875810114709,70.81094339085011,2995.9362638080675,249.86582627541034
136.29999999999654,AVAILABLE,26.748858799185836,70.81110442249312,2998.053305142232,249.91061221379346
136.39999999999654,AVAILABLE,26.74906048700162,70.81130471481369,3001.93194157917,249.82956675079836
136.49999999999653,AVAILABLE,26.749257078008124,70.81149497573962,3002.139332385328,249.95838685688497
136.59999999999653,AVAILABLE,26.74937137439092,70.81166406315586,3005.8675645693106,250.0680727476704
136.69999999999652,AVAILABLE,26.74950093110722,70.81188879288068,2997.3011573393787,249.8481801443022
136.79999999999652,AVAILABLE,26.749640876075652,70.81205492786542,3004.969395808147,249.93477305890707
136.8999999999965,AVAILABLE,26.749826715781733,70.81225560798677,2996.4453771169074,250.01203548912136
136.9999999999965,AVAILABLE,26.74996519537814,70.81243670062673,2999.4979865534615,249.92713451522513
137.0999999999965,AVAILABLE,26.75010689678132,70.81262711822433,2999.4431216035873,249.87661251148367
137.1999999999965,AVAILABLE,26.750286261036806,70.81281004972334,2996.542971200962,249.97515180970655
137.2999999999965,AVAILABLE,26.75038699760597,70.81303746335193,3002.688209685085,250.14286926537935
137.39999999999648,AVAILABLE,26.750551199926687,70.81314802693188,3006.6911175486803,249.99684232405633
137.49999999999648,AVAILABLE,26.750682298780397,70.81332088341571,2996.236802361908,250.0433531667022
137.59999999999647,AVAILABLE,26.750847449228047,70.81356504790065,2994.7448999216454,250.06348077929854
137.69999999999646,AVAILABLE,26.750993343698916,70.8137325020756,2998.7613069384133,249.9647143448224
137.79999999999646,AVAILABLE,26.75116617961632,70.81393898962062,2998.3692632120847,250.09733926902715
137.89999999999645,AVAILABLE,26.751332201077076,70.81413304055695,2996.4777826035706,250.01242452031545
137.99999999999645,AVAILABLE,26.751481705787885,70.81427733895522,2997.944306641072,250.01086510536925
138.09999999999644,AVAILABLE,26.75162198195108,70.81449808806124,2996.769855176882,250.03517624191494
138.19999999999644,AVAILABLE,26.751742796262832,70.81469467635844,3000.245889423888,249.9673202937547
138.29999999999643,AVAILABLE,26.751910156090386,70.81483513216615,2995.3554420621176,249.8047606836706
138.39999999999642,AVAILABLE,26.7520957122678,70.81501470043713,3004.4311915634453,249.99868632317316
138.49999999999642,AVAILABLE,26.752230908264217,70.81520641259375,3003.476585859079,250.02619932786774
138.5999999999964,AVAILABLE,26.752379213196782,70.81544181853695,2999.369898794831,250.12774900139823
138.6999999999964,AVAILABLE,26.752508122652934,70.81563156688958,2997.097122662228,249.87322647649358
138.7999999999964,AVAILABLE,26.75265215289577,70.81580143622757,2997.1514425928926,249.81227731634633
138.8999999999964,AVAILABLE,26.7527868750814,70.81600976601253,2998.852658988516,250.09876592661976
138.9999999999964,AVAILABLE,26.75297526656815,70.81617950760115,2997.958921075622,250.03597058529957
139.09999999999638,AVAILABLE,26.753116191527106,70.81640909508528,2997.835000637221,249.83837854561676
139.19999999999638,AVAILABLE,26.753253768910213,70.81652473722527,2997.672870755378,249.93542112292798
139.29999999999637,AVAILABLE,26.753401618307368,70.81675644944123,3000.921637295413,249.9701386647155
139.39999999999637,AVAILABLE,26.753547613917267,70.81690023305036,2997.823535452068,249.85266287628966
139.49999999999636,AVAILABLE,26.753729244489634,70.81711195167117,2999.956665936199,250.0615394945577
139.59999999999636,AVAILABLE,26.75386018140002,70.8172947748926,3002.8723772848634,250.11346243186824
139.69999999999635,AVAILABLE,26.754002553241342,70.81746348442383,3000.0549690928456,250.0341943909826
139.79999999999634,AVAILABLE,26.75414252401065,70.81762742296596,3006.098240515247,249.97768945324847
139.89999999999634,AVAILABLE,26.754311336878864,70.81787776099955,2994.862907961897,250.18519111412326
139.99999999999633,AVAILABLE,26.754447594911195,70.81803378440034,3000.3137135515653,249.91514731170025
140.09999999999633,AVAILABLE,26.7545966657459,70.8182083560987,2998.272911487053,250.07819893813388
140.19999999999632,AVAILABLE,26.754750871157533,70.81844969934289,2999.151226613323,249.958928318704
140.29999999999632,AVAILABLE,26.754923606954122,70.8185948673619,2999.3749744542183,250.03642028767314
140.3999999999963,AVAILABLE,26.75506647896815,70.81886604557026,2997.317183571739,250.0208867731547
140.4999999999963,AVAILABLE,26.75519657123216,70.81901566979894,2995.8752862152696,249.85062717594653
140.5999999999963,AVAILABLE,26.7553829191221,70.81914072929706,2999.730730861948,250.08686442709882
140.6999999999963,AVAILABLE,26.755502614708796,70.81935964599359,3006.1845537129902,249.96478103132878
140.7999999999963,AVAILABLE,26.75565021123776,70.81957458861157,3004.620850312719,250.02254795839377
140.89999999999628,AVAILABLE,26.755827097532165,70.81968650736265,3000.8714658387416,250.0220800556697
140.99999999999628,AVAILABLE,26.75596261714944,70.81990086371239,3000.965917970199,250.10997142334827
141.09999999999627,AVAILABLE,26.756091491916983,70.82008650049066,2999.416650023475,250.00490826275174
141.19999999999627,AVAILABLE,26.756239622412892,70.82030700564898,3002.601694410265,249.93675399046023
141.29999999999626,AVAILABLE,26.756412854357492,70.82051048045706,3004.8333880179234,249.84911496407858
141.39999999999625,AVAILABLE,26.75656123836862,70.82069463114017,3000.17276169658,249.87384552546897
141.49999999999625,AVAILABLE,26.756695737734933,70.82085374337235,3000.5446725481775,250.04888288463908
141.59999999999624,AVAILABLE,26.756869634742262,70.82101235102316,2999.951978888297,249.84625727804303
141.69999999999624,AVAILABLE,26.75701938805099,70.82125289611888,3004.522929690925,249.95894817177853
141.79999999999623,AVAILABLE,26.757175941746343,70.82142443185519,3002.124518438714,250.18978524685815
141.89999999999623,AVAILABLE,26.757329927798875,70.82164059156972,2999.102968068952,250.00257087638133
141.99999999999622,AVAILABLE,26.757481668877098,70.82178892563076,2998.768352123793,249.85405432149818
142.09999999999621,AVAILABLE,26.75759118927943,70.822000736005,3001.097280039569,250.032679139003
142.1999999999962,AVAILABLE,26.757756670097823,70.82215127632742,2998.985264952789,249.91231061528262
142.2999999999962,AVAILABLE,26.757938570690936,70.8223736367793,3003.1920967134633,249.98036143745864
142.3999999999962,AVAILABLE,26.75805065353051,70.82255742007328,3001.19613707703,250.02586831799465
142.4999999999962,AVAILABLE,26.758210374115208,70.82273001937837,3003.081962910243,250.04648447860134
142.5999999999962,AVAILABLE,26.75836794457032,70.82293367602658,2997.6854670734806,250.08406839064196
142.69999999999618,AVAILABLE,26.758525319277776,70.82310575455729,2999.914055480813,249.99670534917723
142.79999999999617,AVAILABLE,26.75865540644667,70.82332238238196,2997.8701720134904,250.16300473725832
142.89999999999617,AVAILABLE,26.75881826473608,70.82351705728723,2998.3531094424284,249.98705270454985
142.99999999999616,AVAILABLE,26.75898178436344,70.82368364118051,2998.958100846434,249.9390512873637
143.09999999999616,AVAILABLE,26.759085439191104,70.82382189242894,2998.7321254457547,250.1261224035268
143.19999999999615,AVAILABLE,26.759250730804343,70.82406211384514,3003.5892776015735,249.8672135834895
143.29999999999615,AVAILABLE,26.759380328940985,70.82423577166547,2998.914576785722,250.02307425424198
143.39999999999614,AVAILABLE,26.759562602740193,70.82440647280607,2998.1006763919004,249.97119350570426
143.49999999999613,AVAILABLE,26.759721746909932,70.82463932247595,3003.56329746513,249.95188921861376
143.59999999999613,AVAILABLE,26.759861320427714,70.8248064536734,3000.2608004557105,250.13102476678475
143.69999999999612,AVAILABLE,26.75997584795378,70.82497732326914,2998.732450415467,250.09475293357633
143.79999999999612,AVAILABLE,26.760173170210688,70.82518526442371,2999.8080553273558,250.0260980577236
143.8999999999961,AVAILABLE,26.760317908031666,70.8253779185712,2999.1932319990533,249.95762173586024
143.9999999999961,AVAILABLE,26.76045150040964,70.82554008442014,2994.7383559133045,249.8666076794605
144.0999999999961,AVAILABLE,26.760605799938816,70.82574438253307,3001.83109328324,250.10552277242806
144.1999999999961,AVAILABLE,26.76071624582502,70.82592347940428,3004.2452044746747,249.96333414927233
144.2999999999961,AVAILABLE,26.760951275449962,70.8261429897321,2996.7054947459023,250.2380377651529
144.39999999999608,AVAILABLE,26.76107629858302,70.82631699048703,3000.846488459142,249.82299658242002
144.49999999999608,AVAILABLE,26.761190643173574,70.82646136285823,3004.040376731645,249.90716447985085
144.59999999999607,AVAILABLE,26.761355162116708,70.82668255617816,3005.820835286719,250.00459645872513
144.69999999999607,AVAILABLE,26.76152369017811,70.82686835517414,2996.9960110640336,250.08257180073045
144.79999999999606,AVAILABLE,26.761667546479867,70.82705551591776,2999.3984253535364,249.77093839464877
144.89999999999606,AVAILABLE,26.761810011191038,70.82722721011677,3000.2456536994664,250.00321647139887
144.99999999999605,AVAILABLE,26.761910300678984,70.82740529546093,2997.5513019346417,249.88981915041788
145.09999999999604,AVAILABLE,26.76211482001035,70.82765312307039,3001.2311592099218,249.99892819432725
145.19999999999604,AVAILABLE,26.762282365446058,70.82781041773603,3001.3655426198425,249.80246496238541
145.29999999999603,AVAILABLE,26.762429360972433,70.82798425378081,2998.9275174307986,250.1655153370599
145.39999999999603,AVAILABLE,26.762565943049687,70.82819397274794,2998.4378603703676,249.93567508427026
145.49999999999602,AVAILABLE,26.762686719851537,70.82838847146598,2999.235996650469,250.10794679149927
145.59999999999602,AVAILABLE,26.762828065285444,70.82854040477683,2999.095163068311,250.02053207624164
145.699999999996,AVAILABLE,26.7630067938117,70.82872243945603,2993.857699100115,249.97283608204228
145.799999999996,AVAILABLE,26.763120686760104,70.82893637449317,3004.6803035681273,249.94106268855737
145.899999999996,AVAILABLE,26.76331264556482,70.82910912442858,3000.3420311139053,250.07121918021386
145.999999999996,AVAILABLE,26.76344741061804,70.8292904068746,3002.6185303840293,249.83932276894848
146.099999999996,AVAILABLE,26.763594639679937,70.82949560651515,2997.237296350467,249.97429286819548
146.19999999999598,AVAILABLE,26.76378035424328,70.82971102146355,3003.711633081879,249.87905182501166
146.29999999999598,AVAILABLE,26.763954702132505,70.82986413750245,3003.0043091768503,249.87219702852875
146.39999999999597,AVAILABLE,26.76405229831357,70.83005276067878,2998.809523136903,250.05811413506146
146.49999999999596,AVAILABLE,26.764209557360243,70.8302630279464,3001.578479906979,249.96137742047088
146.59999999999596,AVAILABLE,26.764346190792928,70.83042960308576,3002.108140102951,249.9919113523812
146.69999999999595,AVAILABLE,26.764527469338528,70.83063767315235,2997.6748143798814,249.95034250818347
146.79999999999595,AVAILABLE,26.76469266072504,70.83082193857221,3000.632709949011,250.2171591878672
146.89999999999594,AVAILABLE,26.764818537860524,70.83100111926333,3002.6032662626963,249.95130790129292
146.99999999999594,AVAILABLE,26.76496435606671,70.8311811631135,3004.8116743405853,249.94200963910924
147.09999999999593,AVAILABLE,26.76512382941521,70.83139622646273,2998.0921063502574,249.9911528454764
147.19999999999592,AVAILABLE,26.765266328289005,70.83156787982816,3002.0482294436183,250.01563608592744
147.29999999999592,AVAILABLE,26.76540335209236,70.83171141733334,2997.713749570332,249.99420462240013
147.3999999999959,AVAILABLE,26.765558801337555,70.83196040567576,3001.6999370981534,249.9418595725133
147.4999999999959,AVAILABLE,26.765714973520442,70.83215342356183,2999.76048451069,249.92491938729623
147.5999999999959,AVAILABLE,26.765823556018123,70.83231386497782,2997.489535050809,249.9427744732486
147.6999999999959,AVAILABLE,26.766038632696848,70.83247847482687,2998.5215898455062,249.92225198479812
147.7999999999959,AVAILABLE,26.766146749600722,70.83273480830273,3001.8753200215824,250.01372048264602
147.89999999999588,AVAILABLE,26.766306774125717,70.83283847186188,3001.130781804824,249.9356216205997
147.99999999999588,AVAILABLE,26.76647511763862,70.83307456014441,2997.091312248824,250.06620003937647
148.09999999999587,AVAILABLE,26.766588172386623,70.83323947015853,3000.241904527333,249.89472075735654
148.19999999999587,AVAILABLE,26.76674585691258,70.8334516729988,2997.6616419394436,250.02316481444103
148.29999999999586,AVAILABLE,26.766887971554702,70.83363336809595,2998.0092022386207,250.025751888575
148.39999999999586,AVAILABLE,26.767036719334705,70.83382026790437,2998.1205189325215,250.08137584931865
148.49999999999585,AVAILABLE,26.767227225628112,70.83402691671171,2999.4461318587055,249.98731798580647
148.59999999999584,AVAILABLE,26.767328853143262,70.83419464215937,3001.597947574522,250.10437420166105
148.69999999999584,AVAILABLE,26.767500016607833,70.8343698574867,2997.951917034853,250.0041571150054
148.79999999999583,AVAILABLE,26.767645927810893,70.83453858749665,2996.1256032803253,250.19465106282718
148.89999999999583,AVAILABLE,26.767805117069447,70.83472241513206,3002.6875075639723,249.88500981047858
148.99999999999582,AVAILABLE,26.767970769055808,70.83494287743332,2998.4272904266436,250.0080289922182
149.09999999999582,AVAILABLE,26.768092418822803,70.83513357488016,2998.7816983183184,249.80752110340813
149.1999999999958,AVAILABLE,26.768259682174094,70.83534370146045,3002.6641504276745,250.0349949704399
149.2999999999958,AVAILABLE,26.768411240863088,70.83547739038612,3003.9843522106094,250.13931513428324
149.3999999999958,AVAILABLE,26.76857131260933,70.83570866689328,3002.039728572195,249.90056099768003
149.4999999999958,AVAILABLE,26.76871898047211,70.8358905545333,2997.5930339814126,249.95106391012416
149.5999999999958,AVAILABLE,26.768872912474905,70.83605887920328,2994.797890846052,249.98039197045836
149.69999999999578,AVAILABLE,26.769022004253642,70.83621568651506,3001.0426368491585,249.96073791867332
149.79999999999578,AVAILABLE,26.769152129800865,70.83646142001892,2995.5506904950425,250.03659284714269
149.89999999999577,AVAILABLE,26.76932538296483,70.83662383470936,2999.927891922462,250.03338685809845
149.99999999999577,AVAILABLE,26.769463275635236,70.83681190248923,2996.830852147903,249.91045677043596
150.09999999999576,AVAILABLE,26.769596343398216,70.83700410493296,3003.234744461121,249.98644849281766
150.19999999999575,AVAILABLE,26.769774647732852,70.83720191354598,2998.098668010437,249.99917472566736
150.29999999999575,AVAILABLE,26.76992091337901,70.8373687648232,2999.4431581520826,249.88501091937536
150.39999999999574,AVAILABLE,26.770046045761525,70.83755177594763,3002.909232346811,250.13779189893305
150.49999999999574,AVAILABLE,26.770203913651038,70.83775907149031,2997.065938660028,250.0643324257914
150.59999999999573,AVAILABLE,26.770317125460842,70.83792383434665,2999.6335176433417,249.92771093738412
150.69999999999573,AVAILABLE,26.770512443195077,70.83813958928738,3000.7116968545515,249.88384644334843
150.79999999999572,AVAILABLE,26.770659410017114,70.83829890870794,2989.6507868937542,249.79027709480977
150.8999999999957,AVAILABLE,26.7707966114811,70.83846706048229,2995.201899138219,249.89925866320698
150.9999999999957,AVAILABLE,26.770907921398507,70.838670398347,2993.7746508463365,250.25275975980824
151.0999999999957,AVAILABLE,26.771123408147407,70.83887489314561,3003.3354332873287,250.0186981543952
151.1999999999957,AVAILABLE,26.77128395556562,70.83905283029635,2995.675108679898,250.1213544660269
151.2999999999957,AVAILABLE,26.771435094446932,70.83922329410218,3001.2035273564256,249.9766440626527
151.39999999999569,AVAILABLE,26.771548673052283,70.8394411973013,2999.2399577654983,249.89013965499598
151.49999999999568,AVAILABLE,26.771702898443692,70.83962406727107,2999.1205283056115,249.8514168484411
151.59999999999567,AVAILABLE,26.771879256145265,70.8398071575335,2999.72505580126,249.95922624042137
151.69999999999567,AVAILABLE,26.771965395528046,70.84001339572289,2997.757317752536,249.88994567295018
151.79999999999566,AVAILABLE,26.772122529044292,70.84019951465304,3000.023025989761,250.13881330391132
151.89999999999566,AVAILABLE,26.772294533080046,70.84038895644758,2997.436003491414,249.97700370315616
151.99999999999565,AVAILABLE,26.772452793232244,70.84056625549489,3003.7397070856427,250.24506263910084
152.09999999999565,AVAILABLE,26.77261041476374,70.84078163935354,3004.2833051538328,249.9983107427031
152.19999999999564,AVAILABLE,26.772740593017335,70.84094991324329,3003.0761121033643,249.89473755062843
152.29999999999563,AVAILABLE,26.77293959805462,70.84114688057319,3000.0614359946208,249.93263589375877
152.39999999999563,AVAILABLE,26.77304732197157,70.84129094204216,3004.047095937608,250.18140655413464
152.49999999999562,AVAILABLE,26.773235228101,70.84147438884587,3003.454791789219,249.77944939233367
152.59999999999562,AVAILABLE,26.773371582359573,70.84167908391727,2998.600942207615,250.11872898483523
152.6999999999956,AVAILABLE,26.77351396317787,70.84189442582361,2993.5320653841136,249.85367246823023
152.7999999999956,AVAILABLE,26.773635947917864,70.84206332467528,3002.7893732920043,249.89150985288563
152.8999999999956,AVAILABLE,26.773828521237956,70.84220998609986,2999.7756038259545,249.98370681225293
152.9999999999956,AVAILABLE,26.773954713226054,70.84240791708464,2998.5122782937397,249.97321587539435
153.0999999999956,AVAILABLE,26.7741026225322,70.84262259950862,3004.0833700436287,250.1492537851398
153.19999999999558,AVAILABLE,26.774280115333855,70.84279634132085,3002.479333977552,249.8917724664358
153.29999999999558,AVAILABLE,26.774403011669808,70.8430082776649,3002.522282789546,250.07703627616843
153.39999999999557,AVAILABLE,26.77457520798901,70.84322366972346,2994.1612330069506,249.92454683385228
153.49999999999557,AVAILABLE,26.77471045527725,70.84341397907374,2997.6883963472455,250.01563661623757
153.59999999999556,AVAILABLE,26.774873362575764,70.8435681048047,3003.1697637715442,249.83893964275978
153.69999999999555,AVAILABLE,26.775010035503925,70.84376111552919,3005.471931617893,249.97755359626254
153.79999999999555,AVAILABLE,26.77516007541018,70.84398104576718,2996.9432314766354,250.02157890585357
153.89999999999554,AVAILABLE,26.77531565991377,70.84410676380372,3002.773487178906,250.0686309777151
153.99999999999554,AVAILABLE,26.775459866529577,70.84431104365156,3003.36286675037,249.94084128067738
154.09999999999553,AVAILABLE,26.775574984425123,70.84451323802166,2997.6106937784893,250.0372322411791
154.19999999999553,AVAILABLE,26.77577465669668,70.84469778816907,3008.955785169014,249.9569763706384
154.29999999999552,AVAILABLE,26.775928684717893,70.84487742223794,3002.8837691320305,250.11586941778754
154.39999999999552,AVAILABLE,26.776053466438118,70.8450699370133,3000.2062673555297,250.1180059308198
154.4999999999955,AVAILABLE,26.77618873807231,70.84526631327762,2997.6584407704795,249.91217430820643
154.5999999999955,AVAILABLE,26.776358865329094,70.84542491667945,2999.9857591210252,249.97592243534092
154.6999999999955,AVAILABLE,26.77650603785555,70.84565772683655,2999.369772024929,250.2228400259253
154.7999999999955,AVAILABLE,26.77665278308276,70.84580476750422,2998.8993615432205,250.11883261407823
154.8999999999955,AVAILABLE,26.776801058101686,70.84597910884652,3001.993581314402,250.1010100021629
154.99999999999548,AVAILABLE,26.776997602689303,70.84618548807468,2998.0769638612774,250.11638674846566
155.09999999999548,AVAILABLE,26.777125047638744,70.8463801097203,2994.4694810727333,249.92836372838366
155.19999999999547,AVAILABLE,26.777250185847507,70.84657594493046,2995.208479694342,249.8554333785862
155.29999999999546,AVAILABLE,26.777408306205594,70.84677120552904,2994.3632348554383,250.01073132234544
155.39999999999546,AVAILABLE,26.777564847432078,70.8469628696276,3001.597734536938,250.16049972854282
155.49999999999545,AVAILABLE,26.777722367898427,70.8471140381646,3002.0531478584658,249.95756230872007
155.59999999999545,AVAILABLE,26.777872904631387,70.84731438402778,2999.553633790419,249.89816673151122
155.69999999999544,AVAILABLE,26.77800402479955,70.84747637045206,3000.0534950658302,249.9006021641764
155.79999999999544,AVAILABLE,26.778146756929143,70.84768212558716,3004.5861335756354,249.9868040409327
155.89999999999543,AVAILABLE,26.778334662637057,70.84788708420174,3000.1701361232062,249.87216089476996
155.99999999999542,AVAILABLE,26.77845771477735,70.84805472964644,2995.7485722467923,250.01056355907184
156.09999999999542,AVAILABLE,26.77862211502621,70.84828435511311,2994.0647475456117,249.96630773431235
156.1999999999954,AVAILABLE,26.778718377892066,70.84841630092718,3003.4309475616283,250.01768871411886
156.2999999999954,AVAILABLE,26.77892293764396,70.84862943866901,3000.640322489291,250.13119744949904
156.3999999999954,AVAILABLE,26.779092237585914,70.84883561599204,3004.4055385318366,250.10664868940447
156.4999999999954,AVAILABLE,26.779205975920057,70.84899289712727,2997.8570837205143,249.97682375407496
156.5999999999954,AVAILABLE,26.77936477774602,70.84918871713617,2999.4803688510437,250.1744155039022
156.69999999999538,AVAILABLE,26.779501682644735,70.84935723407614,2998.897134206103,250.11564431362103
156.79999999999538,AVAILABLE,26.779661652305993,70.8495766812104,2999.4012340893655,250.23759923753605
156.89999999999537,AVAILABLE,26.77981122712547,70.84976808909941,3003.0756864755053,249.93699814135454
156.99999999999537,AVAILABLE,26.779953640566735,70.84991081544392,2997.691659000597,249.7875395222283
157.09999999999536,AVAILABLE,26.780153798990764,70.85019804309685,3000.1641280458502,250.0022438684127
157.19999999999536,AVAILABLE,26.78031715143928,70.8503267370178,2999.8849815419835,250.01407786771904
157.29999999999535,AVAILABLE,26.78051014714471,70.85047546326555,2997.688093004954,250.10910603509708
157.39999999999534,AVAILABLE,26.780709418995265,70.8506207141875,3001.9694336092,250.06726024660475
157.49999999999534,AVAILABLE,26.78086918654877,70.85078537543549,2999.1705544615347,249.9504997975528
157.59999999999533,AVAILABLE,26.781037678971327,70.85093588099805,2999.735485149389,249.9430510302081
157.69999999999533,AVAILABLE,26.78120724530409,70.8511273220063,2997.731557035193,249.98902271273425
157.79999999999532,AVAILABLE,26.78142438568639,70.85126130110868,2999.0901940612025,250.20366041802802
157.89999999999532,AVAILABLE,26.78158403512858,70.85141189004607,3000.9682190703093,249.97956210270098
157.9999999999953,AVAILABLE,26.78174293660107,70.85155761246887,3001.8733322111943,249.92179776297093
158.0999999999953,AVAILABLE,26.781934026893033,70.85173279277649,2998.712193028272,250.196136749576
158.1999999999953,AVAILABLE,26.782129446189845,70.8519035560775,3001.29433307107,249.88920976793165
158.2999999999953,AVAILABLE,26.782262050357566,70.85206012547809,3003.266183374361,249.91094183733392
158.3999999999953,AVAILABLE,26.782430725867464,70.85221630279612,3000.844661653028,249.91195358795457
158.49999999999528,AVAILABLE,26.782655942179883,70.85237447041432,3003.3907940230206,250.141149254547
158.59999999999528,AVAILABLE,26.782826934424154,70.85253816014972,2999.665539427298,250.1058776298924
158.69999999999527,AVAILABLE,26.78295588089599,70.85265950215465,2999.8273398718247,249.89877494357498
158.79999999999526,AVAILABLE,26.783130671970902,70.85281183517064,3003.6384415416387,250.02558092514772
158.89999999999526,AVAILABLE,26.78331351983016,70.8529940720409,3006.9624721648925,250.05356422034927
158.99999999999525,AVAILABLE,26.78353109072812,70.8531725941305,2999.9464210855526,250.02608267386174
159.09999999999525,AVAILABLE,26.783720118071773,70.85329184824285,3001.588396649865,250.08754168498865
159.19999999999524,AVAILABLE,26.78382936855587,70.85347204665854,2999.0634116699393,249.99060701751532
159.29999999999524,AVAILABLE,26.784029917664082,70.85362550723566,2999.0423926701314,249.83797286497378
159.39999999999523,AVAILABLE,26.784212536115056,70.85378079248038,3004.8797864251596,249.99261755477735
159.49999999999523,AVAILABLE,26.78440414657089,70.85392246157063,3007.2513419591296,250.0593171549104
159.59999999999522,AVAILABLE,26.784540923170532,70.85408462362757,3000.3175684646462,250.05196801985127
159.6999999999952,AVAILABLE,26.784759398834566,70.85425774658603,3006.9206175681416,249.95546489185546
159.7999999999952,AVAILABLE,26.78490339008277,70.85443671942448,2998.678703301519,250.06821256987772
159.8999999999952,AVAILABLE,26.785121500145728,70.85454848820243,2997.7073407572684,250.1011803596317
159.9999999999952,AVAILABLE,26.785268996934914,70.85471413140357,3003.875967046862,249.83837159609965
160.0999999999952,AVAILABLE,26.785440112895312,70.85488320522197,2997.90334738107,249.91040852299187
160.19999999999519,AVAILABLE,26.785587504326514,70.85502325276774,3003.7127496419325,250.07256794792318
160.29999999999518,AVAILABLE,26.785777017208794,70.85519694945826,3001.571827690844,249.98960052480604
160.39999999999517,AVAILABLE,26.7859467565516,70.85536283155787,3000.543084802264,249.92593715837708
160.49999999999517,AVAILABLE,26.78613485203498,70.85552792063653,3001.034164819243,250.03078902977782
160.59999999999516,AVAILABLE,26.786319741738332,70.85571063276178,2999.452962333977,250.1265400786252
160.69999999999516,AVAILABLE,26.786479102897765,70.85582439046969,2999.103571145494,250.19011584286514
160.79999999999515,AVAILABLE,26.786653687778543,70.85603049592166,3001.45021972929,249.96056741494505
160.89999999999515,AVAILABLE,26.786861456650033,70.85614894331067,3000.07263823615,250.04467546402586
160.99999999999514,AVAILABLE,26.787030805532204,70.85631216033524,3001.6337876014163,249.92365482673122
161.09999999999513,AVAILABLE,26.787176421334546,70.85644478549773,3001.1029333114307,250.0135188181241
161.19999999999513,AVAILABLE,26.787355607232094,70.85662383325231,2996.73065698292,249.98822957089922
161.29999999999512,AVAILABLE,26.787507747293162,70.85679732812794,3001.117898996668,249.9145767864838
161.39999999999512,AVAILABLE,26.78770602545858,70.85691732654986,3000.1774018748883,250.09812036651937
161.4999999999951,AVAILABLE,26.787915688900465,70.8570732379697,3004.136480223466,249.98169111532266
161.5999999999951,AVAILABLE,26.788069317659556,70.85726031850281,3001.0824443928996,249.89507814071436
161.6999999999951,AVAILABLE,26.78823785145966,70.85741060425363,3004.2290164615056,249.79456858537696
161.7999999999951,AVAILABLE,26.788431196577243,70.85758247903041,3001.2715241085116,250.0005380128642
161.8999999999951,AVAILABLE,26.788582522764127,70.85770102908734,3001.6415866238626,249.83486760122
161.99999999999508,AVAILABLE,26.78875541584186,70.85786124527584,3003.56310611883,250.1020172573961
162.09999999999508,AVAILABLE,26.78896233104651,70.85806171953162,2998.757234265857,250.14532361496
162.19999999999507,AVAILABLE,26.789122693148865,70.8582193719964,3001.4955703008927,249.91976169601355
162.29999999999507,AVAILABLE,26.78927061189475,70.85836389147467,3002.8495975799997,250.1444637159436
162.39999999999506,AVAILABLE,26.789462349404868,70.85849849313976,3000.951421814594,250.0449026334526
162.49999999999505,AVAILABLE,26.789647388747376,70.85866401874534,3004.2386250739382,250.01618477248195
162.59999999999505,AVAILABLE,26.78981594928141,70.85884379709846,3000.6447049256662,249.94906712692176
162.69999999999504,AVAILABLE,26.789981951732152,70.85900454312292,3003.7090769696388,250.0220796260811
162.79999999999504,AVAILABLE,26.79019207092269,70.85913272256404,2998.525816182279,249.84967292910366
162.89999999999503,AVAILABLE,26.790354957936245,70.8593149663983,2998.4534983599374,249.96193501085364
162.99999999999503,AVAILABLE,26.79052000913825,70.85948937881416,2997.4877424803894,249.99257980416644
163.09999999999502,AVAILABLE,26.790696108049843,70.85957748294217,2998.8738484499086,250.02620979214498
163.19999999999501,AVAILABLE,26.79085300792646,70.85979041255074,2998.716683913421,250.2465703252829
163.299999999995,AVAILABLE,26.791056907483274,70.85994998415619,2997.428321429655,250.10989592339118
163.399999999995,AVAILABLE,26.791206822595996,70.86007889802717,2999.472465065779,250.20498983842458
163.499999999995,AVAILABLE,26.79140947496557,70.86025071147968,3001.2695425975717,250.01022046447204
163.599999999995,AVAILABLE,26.79160020123268,70.86042325002668,2994.9576761561343,250.035839948077
163.699999999995,AVAILABLE,26.791761910163746,70.86056440340856,2997.282987440757,249.89536617420939
163.79999999999498,AVAILABLE,26.791919088019725,70.8606941081378,2993.19762388548,250.07055548451362
163.89999999999498,AVAILABLE,26.79208154354692,70.86086927758808,2998.4014803249574,249.9456998499163
163.99999999999497,AVAILABLE,26.792278307446466,70.86103577020893,2997.3631211414504,249.84591813969288
164.09999999999496,AVAILABLE,26.79244651762277,70.8612481114342,3002.199234648565,249.93828344598512
164.19999999999496,AVAILABLE,26.79264444743283,70.86136238956082,3003.480114332828,250.00454843317374
164.29999999999495,AVAILABLE,26.792761430951607,70.86152128494372,2995.836719267116,249.8942786768564
164.39999999999495,AVAILABLE,26.792979943495407,70.86163584627873,2997.273567558546,249.96644341518476
164.49999999999494,AVAILABLE,26.793155662842235,70.86183366448071,3003.0765832706466,250.014264340136
164.59999999999494,AVAILABLE,26.79333710044264,70.86200671788843,3003.8714751222046,249.96954526000593
164.69999999999493,AVAILABLE,26.793490980222014,70.8621332545089,2999.9380318009203,249.92658762595178
164.79999999999492,AVAILABLE,26.793677489083375,70.86228181142073,2998.3762912218663,249.99043830433274
164.89999999999492,AVAILABLE,26.793850520322223,70.86247574477375,2997.1387303711967,249.81663852823672
164.9999999999949,AVAILABLE,26.79404619300658,70.8625871487379,2998.5368396661465,250.07621767597863
165.0999999999949,AVAILABLE,26.79419972504802,70.86276082064637,2995.013083859543,250.02380322613982
165.1999999999949,AVAILABLE,26.794411931657347,70.8629130840113,3001.8007979303893,250.07711742156962
165.2999999999949,AVAILABLE,26.794567627538825,70.86305766351538,2999.3928636970018,249.95373121424174
165.3999999999949,AVAILABLE,26.794748062989502,70.86320006213353,3003.359991838782,249.82720986546423
165.49999999999488,AVAILABLE,26.79490486694101,70.86340004688117,3000.9571060714215,249.748503977522
165.59999999999488,AVAILABLE,26.795088757339677,70.86352745691424,3000.3835753833196,249.9485288583877
165.69999999999487,AVAILABLE,26.795255989406474,70.8637298817095,2996.4772205118597,250.106435704736
165.79999999999487,AVAILABLE,26.795442671327628,70.86384129502053,2996.9993190691603,249.83210684935997
165.89999999999486,AVAILABLE,26.7955833976201,70.86401347896766,2999.5946248495006,249.87655595843748
165.99999999999486,AVAILABLE,26.79576203711741,70.86421458997303,3001.0092914811835,250.01166556753103
166.09999999999485,AVAILABLE,26.795950324201424,70.86433028565142,2997.4731511506297,249.84743123299083
166.19999999999484,AVAILABLE,26.79614710050401,70.86452051259216,3001.1894179495735,249.81804319815276
166.29999999999484,AVAILABLE,26.796311864630958,70.86464853682419,3002.0897435052766,250.0140598049395
166.39999999999483,AVAILABLE,26.796483920138968,70.86479267017837,3001.581395254248,250.0202480397374
166.49999999999483,AVAILABLE,26.796651212122555,70.86496686834212,3001.718822020508,250.05676726618685
166.59999999999482,AVAILABLE,26.796802680001612,70.86514773981217,3000.3315149504797,250.11462058998612
166.69999999999482,AVAILABLE,26.797034786838285,70.86526805140501,3001.649860747757,249.84077785326573
166.7999999999948,AVAILABLE,26.79718095146278,70.8654293284942,3004.0692962267667,249.96623638980927
166.8999999999948,AVAILABLE,26.79737870684806,70.86558967785066,3000.258097392125,249.90632699907394
166.9999999999948,AVAILABLE,26.797535350970424,70.86575905676764,2997.98433150894,250.0895007610056
167.0999999999948,AVAILABLE,26.797692010672428,70.86587862392774,3002.634808226412,249.91991467585154
167.1999999999948,AVAILABLE,26.79785201042183,70.86609598604845,3005.746815345263,250.07646757524805
167.29999999999478,AVAILABLE,26.798050309985452,70.86622849132822,3004.1308051112082,250.11292878887605
167.39999999999478,AVAILABLE,26.798221941822614,70.8663812212729,2998.2836651170123,250.11790686875116
167.49999999999477,AVAILABLE,26.798374358490324,70.866549992785,2997.4829427490067,250.05553941076545
167.59999999999476,AVAILABLE,26.798577228980243,70.86669621545536,3003.0233942828795,249.99342122848904
167.69999999999476,AVAILABLE,26.798751091705075,70.86686121823294,2995.1497621148033,250.03244974342158
167.79999999999475,AVAILABLE,26.79896118849317,70.86704980090985,3005.3600203109836,249.83915041916953
167.89999999999475,AVAILABLE,26.79909988419836,70.867201495318,3004.8740026091687,249.86114417488264
167.99999999999474,AVAILABLE,26.799306103606774,70.86735482648288,3001.075592069773,249.97954050272833
168.09999999999474,AVAILABLE,26.799426314150764,70.86749320740873,2997.2634693723608,250.07085455237006
168.19999999999473,AVAILABLE,26.79962053251759,70.86765874193863,3001.423766165783,249.96021584904875
168.29999999999472,AVAILABLE,26.799804324670525,70.86780910893606,2999.6041299204553,249.90265793394053
168.39999999999472,AVAILABLE,26.799993010780867,70.86798285105057,3003.960808413844,249.98886253190352
168.4999999999947,AVAILABLE,26.800163153274944,70.86813426582788,2994.73914116793,250.12365569336114
168.5999999999947,AVAILABLE,26.8003322747567,70.86830710029477,2997.00419787142,250.04960042768755
168.6999999999947,AVAILABLE,26.800513887049533,70.868442012549,3004.47969757713,249.78728926811817
168.7999999999947,AVAILABLE,26.800693681518347,70.86859703416309,2999.9998403785144,249.9279811001955
168.8999999999947,AVAILABLE,26.8008663616361,70.8687469001319,3008.0002451896457,249.96186194382784
168.99999999999469,AVAILABLE,26.80102501728423,70.86889732897654,2999.5729438810686,250.2018953893659
169.09999999999468,AVAILABLE,26.80119667613844,70.8690877129002,2999.42635261413,250.12795438049756
169.19999999999467,AVAILABLE,26.801395810887364,70.86924555142048,2995.5635016439314,250.12485230612907
169.29999999999467,AVAILABLE,26.80156612931008,70.8693780371481,3000.3973027892857,250.06460245122432
169.39999999999466,AVAILABLE,26.80174248961376,70.86956230878788,2997.0251890522964,249.98882412052157
169.49999999999466,AVAILABLE,26.801912708642323,70.86969423342019,2997.053301598113,249.98558854217953
169.59999999999465,AVAILABLE,26.802093961802566,70.86988858935801,3001.9146760498593,250.10099996133357
169.69999999999465,AVAILABLE,26.80226436103586,70.86999959425414,2998.491768547593,249.90009765248664
169.79999999999464,AVAILABLE,26.80244449255244,70.87016514062188,2998.36407317769,249.94885321868995
169.89999999999463,AVAILABLE,26.802616250777206,70.87034106954356,2999.0696549543727,250.0357705242413
169.99999999999463,AVAILABLE,26.802789339002103,70.87050304327768,2996.2917510434822,250.1451163067439
170.09999999999462,AVAILABLE,26.802994596317916,70.87064641072888,3000.8642221341624,249.99796103708204
170.19999999999462,AVAILABLE,26.803128221615214,70.8708425450853,2998.8922231555425,249.88819238060145
170.2999999999946,AVAILABLE,26.803300225394935,70.8710041744067,2997.908589788959,250.08664197327371
170.3999999999946,AVAILABLE,26.80352696942405,70.87108828552905,2998.728129429716,249.94637152113737
170.4999999999946,AVAILABLE,26.8036944319656,70.87121891030155,3000.8111231027965,249.78844365690915
170.5999999999946,AVAILABLE,26.803848665323024,70.87148333330386,2997.269265217128,250.03244794703664
170.6999999999946,AVAILABLE,26.80402574458622,70.87159344660557,3002.653343671126,249.867140856914
170.79999999999458,AVAILABLE,26.804204480799093,70.8717478800994,3003.137812448826,250.12235468481035
170.89999999999458,AVAILABLE,26.80432850881853,70.87191366144775,2998.0493682748074,250.04445395382845
170.99999999999457,AVAILABLE,26.804553375300788,70.87206314323949,2998.64593095179,249.89815247720932
171.09999999999457,AVAILABLE,26.80471203019141,70.87221369395581,3000.893284209452,249.95178585024206
171.19999999999456,AVAILABLE,26.80491285322939,70.8724043967087,2999.1343015505545,249.94649097283937
171.29999999999455,AVAILABLE,26.80505086053585,70.87256712260363,2999.2201499606676,250.13920507225495
171.39999999999455,AVAILABLE,26.805221398283223,70.87269286362567,3003.0978820501928,249.95712394483522
171.49999999999454,AVAILABLE,26.805412528658696,70.8728569407714,3001.60755653082,249.97362023838235
171.59999999999454,AVAILABLE,26.805607586804587,70.87303241784599,2996.394728439447,249.92753714074246
171.69999999999453,AVAILABLE,26.805769318292686,70.87318249259218,2998.9863502298667,250.108052762101
171.79999999999453,AVAILABLE,26.80595208894852,70.87333248220658,2995.7540101527597,249.93746050417707
171.89999999999452,AVAILABLE,26.806121524095186,70.87347290670911,3001.67312739332,250.01100401116966
171.99999999999451,AVAILABLE,26.806295236134382,70.87364435659775,2995.215996030423,249.94417940258248
172.0999999999945,AVAILABLE,26.806481788961822,70.87385248474486,3000.1194468421427,249.9652447664359
172.1999999999945,AVAILABLE,26.80662837714161,70.87395136397689,3004.640147241921,250.01316576217982
172.2999999999945,AVAILABLE,26.806785850832586,70.87410765482944,2995.963276023906,249.9029160099536
172.3999999999945,AVAILABLE,26.807006694158684,70.87430446166834,3000.943276910025,249.8144246996477
172.4999999999945,AVAILABLE,26.80715843091901,70.87439850530338,3004.110822100394,250.11560786791807
172.59999999999448,AVAILABLE,26.807360488538976,70.87460272546438,2996.3573180085527,249.99026725365331
172.69999999999447,AVAILABLE,26.807538983825662,70.87475395363602,2999.18769205625,249.8550651459779
172.79999999999447,AVAILABLE,26.807700780332024,70.8749386122553,2999.171163047321,249.9923634017112
172.89999999999446,AVAILABLE,26.807885407589023,70.87504396491092,3002.0805455310756,249.94781341734262
172.99999999999446,AVAILABLE,26.808064647180757,70.87523295676144,2997.5954166073734,250.03252820958156
173.09999999999445,AVAILABLE,26.808230032112704,70.87539816230192,2998.8128014984127,249.93606464157722
173.19999999999445,AVAILABLE,26.80840698288065,70.87552989162026,2998.2676028763485,250.13465655082427
173.29999999999444,AVAILABLE,26.808588841823784,70.87571239740264,3004.5989365617943,250.02716212329213
173.39999999999444,AVAILABLE,26.80876705034739,70.8758530303654,2997.8332706479496,249.9921772356524
173.49999999999443,AVAILABLE,26.80891507188072,70.8760035850114,3004.829520383835,249.98551281193357
173.59999999999442,AVAILABLE,26.809119768249708,70.87617034276555,2998.727193900628,250.0870531362724
173.69999999999442,AVAILABLE,26.80926919452059,70.87636573612706,2998.8506929773307,250.24762363172047
173.7999999999944,AVAILABLE,26.80945709329656,70.87648314570107,3000.4918359940075,249.92338729272694
173.8999999999944,AVAILABLE,26.809655610194962,70.87664175677256,3001.4390067125196,249.9190885246048
173.9999999999944,AVAILABLE,26.80981630632116,70.87675429210601,2995.4263434446875,250.0067918607951
174.0999999999944,AVAILABLE,26.809957013617044,70.8769717723959,2997.948567929847,250.0060972594135
174.1999999999944,AVAILABLE,26.810139004475463,70.8771671454091,2997.633175180769,250.08649546743627
174.29999999999438,AVAILABLE,26.810277107865886,70.87728158064817,3000.19016865816,249.94371321195632
174.39999999999438,AVAILABLE,26.810503847353424,70.87743951954965,2994.639465423658,250.00386354151902
174.49999999999437,AVAILABLE,26.810683872801896,70.87760124684404,2997.1021106663766,250.09766932501756
174.59999999999437,AVAILABLE,26.81082709432618,70.8777364889936,2997.9502137219406,250.03548812237682
174.69999999999436,AVAILABLE,26.810997170269022,70.87793517581193,2993.3160983086027,250.045362343559
174.79999999999436,AVAILABLE,26.811221248140484,70.87805842769725,3000.8015702029466,250.057666317844
174.89999999999435,AVAILABLE,26.811387809200127,70.87820282368482,3001.4149298384655,249.99837183516996
174.99999999999434,AVAILABLE,26.811569935366993,70.87839320191223,2997.483053582165,249.90987906303081
175.09999999999434,AVAILABLE,26.81170620095533,70.87856613074662,3002.065302504433,250.0827016065947
175.19999999999433,AVAILABLE,26.811906627103628,70.87871605107887,2999.7783038795706,250.03676709389322
175.29999999999433,AVAILABLE,26.81208677569019,70.87889472184825,3002.832412600385,250.03244202372136
175.39999999999432,AVAILABLE,26.812261362875823,70.87905271977584,2996.818922212083,250.0257504111534
175.49999999999432,AVAILABLE,26.812430163087498,70.87916345475784,3003.1583378180976,249.89281955608735
175.5999999999943,AVAILABLE,26.812593508091812,70.87935702106577,2999.6803838553133,249.92052524890155
175.6999999999943,AVAILABLE,26.81273901404838,70.87949265091306,3001.282977143909,249.99302853514874
175.7999999999943,AVAILABLE,26.812934478272062,70.87963996490002,3002.643200676542,249.9501582393687
175.8999999999943,AVAILABLE,26.813142011594298,70.87979398067938,2999.058774714863,249.86430745681605
175.9999999999943,AVAILABLE,26.813310410524274,70.87995022403011,3000.0619569469313,249.92039091396975
176.09999999999428,AVAILABLE,26.813503813085372,70.88011426988366,3002.1644139673176,250.05775921671543
176.19999999999428,AVAILABLE,26.81367237074079,70.88023512808611,2997.113639748347,249.81074702720463
176.29999999999427,AVAILABLE,26.8138674753334,70.88042066426837,3000.283210622838,250.13372154701594
176.39999999999426,AVAILABLE,26.814037745304994,70.88056114060888,3002.7174058596693,250.22433788714577
176.49999999999426,AVAILABLE,26.814196099599343,70.88076862581583,2996.3938448170666,249.92850034575807
176.59999999999425,AVAILABLE,26.814361551105353,70.88088145167757,3000.420863929553,250.18001136217043
176.69999999999425,AVAILABLE,26.814513121144063,70.88109549879896,3002.4177062135304,249.83299427478943
176.79999999999424,AVAILABLE,26.814689086512015,70.88120431118845,2998.891235168604,249.90206446147891
176.89999999999424,AVAILABLE,26.81488302515004,70.88134562177522,3004.7150804845664,250.04379468831021
176.99999999999423,AVAILABLE,26.815070392100967,70.8815051022004,3000.351588327044,249.89802168182325
177.09999999999422,AVAILABLE,26.815244629153405,70.88171484250933,2999.9557455191443,250.00297809300366
177.19999999999422,AVAILABLE,26.815417775254353,70.88187969683271,2998.856047267062,250.10817728072507
177.2999999999942,AVAILABLE,26.815581360677157,70.88201342882464,2997.862311086929,250.0458143924524
177.3999999999942,AVAILABLE,26.815782545701932,70.8821902847161,2997.6872926507936,249.89422715486288
177.4999999999942,AVAILABLE,26.815929424855174,70.88233248827947,3001.2070890376367,250.02282924785888
177.5999999999942,AVAILABLE,26.816121332451047,70.8825360923043,2999.304870085713,249.9974788029392
177.6999999999942,AVAILABLE,26.816278855397986,70.88263162256833,2999.482132146379,250.2065869947639
177.79999999999418,AVAILABLE,26.81648324322026,70.88282303416149,3000.333834214992,250.10909938372782
177.89999999999418,AVAILABLE,26.816655360996243,70.88294707908071,2996.7062099271548,249.98055338130646
177.99999999999417,AVAILABLE,26.816784394576302,70.8831361795307,3001.229169461195,250.06529690544897
178.09999999999417,AVAILABLE,26.81697479146488,70.88327900527419,3001.285125008823,249.8671326249075
178.19999999999416,AVAILABLE,26.81716082920367,70.88342441337545,3001.7414232293677,250.05479846322507
178.29999999999416,AVAILABLE,26.81734752836945,70.88358999317713,2997.840996143115,249.98290845124725
178.39999999999415,AVAILABLE,26.817571373177717,70.88374268699586,2991.2468985756327,249.96727343913767
178.49999999999415,AVAILABLE,26.81768752116226,70.88391047754769,3002.3552527314287,250.03453232321377
178.59999999999414,AVAILABLE,26.817842827267587,70.88406283056213,3000.3625527875447,249.87666141121576
178.69999999999413,AVAILABLE,26.818042413258844,70.88420244486956,2999.9561915139425,249.95644304863904
178.79999999999413,AVAILABLE,26.818233555322287,70.88435165972862,2999.9519641224765,250.21054217140383
178.89999999999412,AVAILABLE,26.818402340426978,70.88453224637674,3006.883327117804,249.9457724962492
178.99999999999412,AVAILABLE,26.818580138623652,70.88469721604034,3000.6874475505733,250.0056798050885
179.0999999999941,AVAILABLE,26.81874645373112,70.88489198850507,3002.6968913128107,250.08387401899074
179.1999999999941,AVAILABLE,26.81894316272696,70.88498330202195,3000.681274571703,249.8637520584861
179.2999999999941,AVAILABLE,26.819112930240774,70.88517109380449,2998.228623464929,249.98682194448176
179.3999999999941,AVAILABLE,26.81928199654163,70.88531206448313,2999.9711892421474,250.02315367575017
179.4999999999941,AVAILABLE,26.819436273728467,70.88542219743425,3005.8082230417895,249.73552222764891
179.59999999999408,AVAILABLE,26.81960431992973,70.885614676018,3001.473773453298,249.94318103736097
179.69999999999408,AVAILABLE,26.81979544318524,70.88580983016614,3003.741742225521,249.98244674858543
179.79999999999407,AVAILABLE,26.81995636323961,70.88596554070085,3001.1221139357267,250.06832548346432
179.89999999999407,AVAILABLE,26.82011662232327,70.88616256849569,3000.477119988534,250.18442220735315
179.99999999999406,AVAILABLE,26.820337009304648,70.88625280756294,2996.5310374705473,250.25693069437114
180.09999999999405,AVAILABLE,26.82048639711163,70.88644467188972,2996.5384974301132,249.98918318789705
180.19999999999405,AVAILABLE,26.820678254970165,70.8865983829502,2999.517491854856,250.10783891777768
180.29999999999404,AVAILABLE,26.82085883364959,70.88674795040112,2997.5391570376223,249.96340720428708
180.39999999999404,AVAILABLE,26.821021741721346,70.88693961153183,3002.429502765976,250.09925954809944
180.49999999999403,AVAILABLE,26.821200332827022,70.88703792408455,2997.018156306984,250.0919495853837
180.59999999999403,AVAILABLE,26.821378874204665,70.88721671145449,2994.795940000437,249.92230668319326
180.69999999999402,AVAILABLE,26.821547655538012,70.88741154270953,3000.4492018420915,250.13185890781276
180.79999999999401,AVAILABLE,26.821737827202384,70.88754536298606,3001.120650916888,249.9822152664862
180.899999999994,AVAILABLE,26.821891284621806,70.8876480877166,3001.9715395642506,250.00839429380198
180.999999999994,AVAILABLE,26.82207620918091,70.88784691262266,3003.763900106437,249.92092099964833
181.099999999994,AVAILABLE,26.82226055931166,70.88801860567499,3003.042097963698,250.06855969282105
181.199999999994,AVAILABLE,26.822427951733907,70.88816137668563,2999.659872823826,250.0830907836768
181.299999999994,AVAILABLE,26.82259274098888,70.88833368634828,3002.604470704288,249.96198440299096
181.39999999999398,AVAILABLE,26.822776723681674,70.88846182238491,3001.2335123709468,249.99432741181732
181.49999999999397,AVAILABLE,26.822980646354473,70.88860637601667,3004.7620269423014,249.94438762773765
181.59999999999397,AVAILABLE,26.82309417954688,70.88879469577772,3004.2966164281925,249.92928602052112
181.69999999999396,AVAILABLE,26.823297024680787,70.88892813619232,2997.008672710145,249.9696357427563
181.79999999999396,AVAILABLE,26.823480723987984,70.8891341459138,3001.7194473384006,249.97649406505118
181.89999999999395,AVAILABLE,26.82366765933152,70.88926736574204,3001.3639406390703,250.1149681359423
181.99999999999395,AVAILABLE,26.82382660951878,70.88942171333495,3004.732934114824,250.0577952052296
182.09999999999394,AVAILABLE,26.82403695211235,70.88958492195275,2997.5740611720153,250.11338392848015
182.19999999999393,AVAILABLE,26.82418316493535,70.88979037559491,2997.8000275450354,249.8663318729114
182.29999999999393,AVAILABLE,26.824369109271604,70.88988945218728,2995.3334176015283,249.80400198117354
182.39999999999392,AVAILABLE,26.824557406344372,70.89003229855966,2994.8512625743533,250.06473141094156
182.49999999999392,AVAILABLE,26.82471960321919,70.89021968030974,3004.036683858942,250.04473010521747
182.5999999999939,AVAILABLE,26.82490415529297,70.89036934309824,2999.8484006742156,249.94988004257053
182.6999999999939,AVAILABLE,26.825012736677053,70.89051969212461,3003.831493873557,250.05767930141215
182.7999999999939,AVAILABLE,26.82521485731762,70.89067638056791,2995.4470575828473,249.95995457616897
182.8999999999939,AVAILABLE,26.825429710696824,70.8908231967775,2996.2548260721114,250.09936438051093
182.9999999999939,AVAILABLE,26.82558233108263,70.89101270587558,3006.1363390116912,250.0110934589623
183.09999999999388,AVAILABLE,26.8257699115595,70.89116560849341,3002.232082489171,250.00064370744067
183.19999999999388,AVAILABLE,26.825945958478727,70.89130535195898,2999.2495785173505,250.10084959914886
183.29999999999387,AVAILABLE,26.82612321931477,70.89145191952849,2999.551256649182,250.0359686299788
183.39999999999387,AVAILABLE,26.82628972557994,70.8916458254009,3000.57960619253,249.96819697793092
183.49999999999386,AVAILABLE,26.826469741397712,70.89179134617609,3008.1946776588675,249.90700296597757
183.59999999999386,AVAILABLE,26.826634192540162,70.89188368442628,2999.453267154562,250.015671919083
183.69999999999385,AVAILABLE,26.826813637921113,70.89211136432476,3005.1780435954147,249.94690107604833
183.79999999999384,AVAILABLE,26.826969672024234,70.8922693746501,3001.0477186195044,249.90196418709624
183.89999999999384,AVAILABLE,26.827143446831503,70.89239548074752,3005.521840222179,249.9655178628765
183.99999999999383,AVAILABLE,26.827326322573445,70.89258886471636,2997.7490535303123,250.07294991910695
184.09999999999383,AVAILABLE,26.827506498774657,70.89272218203145,2996.202515184081,250.07187497305785
184.19999999999382,AVAILABLE,26.827711405261986,70.89292223890168,3001.4898304527273,249.83442175235834
184.29999999999382,AVAILABLE,26.827854482432187,70.89308757163946,2999.1902855950043,249.99876291236916
184.3999999999938,AVAILABLE,26.82805102817589,70.89321361031274,2996.7925837717885,249.96219176904768
184.4999999999938,AVAILABLE,26.82822862419604,70.89339496181086,3000.8395350821615,250.07917242814997
184.5999999999938,AVAILABLE,26.828397529029864,70.8935122064136,3002.502727176504,249.89849249113422
184.6999999999938,AVAILABLE,26.828569806253892,70.89372005339018,2995.0743679108255,249.89668821383592
184.7999999999938,AVAILABLE,26.82876098105498,70.89382979433952,3001.7533570057226,250.10518287572478
184.89999999999378,AVAILABLE,26.828924323896814,70.89400794106533,2995.842778517619,249.94713341964783
184.99999999999378,AVAILABLE,26.829058890874535,70.89415457533383,2998.926868666245,249.9341552041121
185.09999999999377,AVAILABLE,26.82929410813708,70.8942810081288,2997.194434928031,249.92833931877283
185.19999999999376,AVAILABLE,26.829424641020715,70.8944705118499,3001.8310280825995,249.9525628724494
185.29999999999376,AVAILABLE,26.829609455420385,70.89464312860272,2993.634218139877,250.08329363369634
185.39999999999375,AVAILABLE,26.82980593421876,70.89480111651542,2999.934590944789,250.03289622399816
185.49999999999375,AVAILABLE,26.829957888450448,70.89495677697536,3000.446303372388,249.95685423096293
185.59999999999374,AVAILABLE,26.83013245532385,70.89509392281525,3000.443089035218,250.023854851191
185.69999999999374,AVAILABLE,26.830318181434578,70.89527597462,3002.544221135321,249.87564993848827
185.79999999999373,AVAILABLE,26.83047173515815,70.89542038606349,2997.5731496190815,249.88338754815032
185.89999999999372,AVAILABLE,26.83068679770188,70.89558329311701,2995.075004843839,250.02718089187573
185.99999999999372,AVAILABLE,26.830848815906485,70.89570915763976,2997.5921662001797,249.94690535678183
186.0999999999937,AVAILABLE,26.8309814496919,70.8958799107022,3000.3452193935905,250.01040000941134
186.1999999999937,AVAILABLE,26.831189951166483,70.89603056107323,2999.9016617224743,250.1606425167721
186.2999999999937,AVAILABLE,26.831359308409088,70.89620782723112,3006.969078563729,250.03324460377792
186.3999999999937,AVAILABLE,26.831568720463704,70.89638750312247,3003.185069898918,249.9665299136588
186.4999999999937,AVAILABLE,26.8317446755242,70.89654222012783,2998.5528369589956,250.04357949294294
186.59999999999368,AVAILABLE,26.831897054534146,70.89667212759197,2996.9412886708237,250.00788450009296
186.69999999999368,AVAILABLE,26.832084833747977,70.8968602899349,3003.4461278438425,250.25232225254516
186.79999999999367,AVAILABLE,26.832248226574407,70.89700108472131,2996.8825861092846,250.00844442334574
186.89999999999367,AVAILABLE,26.832421809484096,70.89717082510028,2998.3883127492795,250.06472398210454
186.99999999999366,AVAILABLE,26.832594209087585,70.89730544115365,2999.8226463761034,249.83474385374222
187.09999999999366,AVAILABLE,26.832791386845084,70.89748193555329,3002.5454176354465,250.015756513343
187.19999999999365,AVAILABLE,26.832956946504268,70.8976190144715,2995.7729201927677,249.9241399627161
187.29999999999364,AVAILABLE,26.833096050041544,70.89778760328623,2998.5344140739503,249.97995696927833
187.39999999999364,AVAILABLE,26.83330772155743,70.897921693765,2998.8138946292092,249.84942673220797
187.49999999999363,AVAILABLE,26.833455781153877,70.8980961049102,3000.740215626127,250.00487819069664
187.59999999999363,AVAILABLE,26.833650370250894,70.89827227529243,2995.9640392252854,249.82673611266242
187.69999999999362,AVAILABLE,26.833824124623796,70.89843521959722,3002.3465463264433,249.96310231586853
187.79999999999362,AVAILABLE,26.834014711158893,70.89855230236222,2998.688392469518,249.86884256735834
187.8999999999936,AVAILABLE,26.834163531457385,70.89869813455368,3000.1520871436423,250.0601254505713
187.9999999999936,AVAILABLE,26.83433621946123,70.89888217971982,3004.1835609576888,249.93994948583034
188.0999999999936,AVAILABLE,26.834517587653018,70.89903477560757,3000.6427689928373,250.10457148936888
188.1999999999936,AVAILABLE,26.834666015165027,70.8992099697981,3001.5863784603325,250.01534597093655
188.2999999999936,AVAILABLE,26.834885951004836,70.89936913850131,3000.8564553092388,249.88377152796426
188.39999999999358,AVAILABLE,26.835051542550136,70.89952671661798,2996.9345253341835,249.83936308197545
188.49999999999358,AVAILABLE,26.835224145677447,70.89966051443774,2995.6232763275325,249.85765556011637
188.59999999999357,AVAILABLE,26.83538212289708,70.89981937570968,3002.2587233053323,250.15609497190334
188.69999999999357,AVAILABLE,26.835571213938614,70.90001001129586,2998.788359058178,249.76367613405694
188.79999999999356,AVAILABLE,26.835755679969047,70.90013401643895,2997.061401282553,249.99426309860996
188.89999999999355,AVAILABLE,26.835938437884035,70.90033676137988,2998.725337954388,249.930663398353
188.99999999999355,AVAILABLE,26.83608866179305,70.90047226997501,3000.6765181120736,249.8964624428556
189.09999999999354,AVAILABLE,26.83625664164407,70.90063205556557,3003.0305170181946,249.9394469259428
189.19999999999354,AVAILABLE,26.83648814700079,70.90078943854246,2999.163409900454,250.09064727078388
189.29999999999353,AVAILABLE,26.836634279854465,70.90091723298835,2999.6946958540925,249.93670636239057
189.39999999999353,AVAILABLE,26.836790014480176,70.90109764862595,2998.136036070901,250.0661195759873
189.49999999999352,AVAILABLE,26.836937171569172,70.90124666949632,2999.2884080586264,250.04830913841286
189.5999999999935,AVAILABLE,26.837149313750327,70.90141327630427,3001.5532909848102,250.17992899803875
189.6999999999935,AVAILABLE,26.837351099900452,70.90155999617727,2996.690372106645,250.10132605438773
189.7999999999935,AVAILABLE,26.837489163911783,70.90173870868043,3004.004832612291,249.9864916895755
189.8999999999935,AVAILABLE,26.837651388361465,70.90189829251024,2998.39395880282,249.93415041428364
189.9999999999935,AVAILABLE,26.837866354781468,70.90202720334067,2999.650138391846,249.98021236061126
190.09999999999349,AVAILABLE,26.8380136895063,70.90220900847672,3001.5691098032044,250.1403266238035
190.19999999999348,AVAILABLE,26.83823865396009,70.90235259809079,3003.668286784697,249.92966523291912
190.29999999999347,AVAILABLE,26.83840310222316,70.90251222564443,2990.5964275470337,250.0245816047506
190.39999999999347,AVAILABLE,26.838538084235523,70.9026591085547,3000.2828228739295,250.10616213874331
190.49999999999346,AVAILABLE,26.83873678524426,70.90283797092269,3002.203690934559,249.89673651508656
190.59999999999346,AVAILABLE,26.83890230607651,70.90300462113282,2999.857359762955,249.89608445474522
190.69999999999345,AVAILABLE,26.839086181897517,70.90313884668534,2998.862967981047,249.93181156247752
190.79999999999345,AVAILABLE,26.83927333014224,70.90332830215291,3003.976118923677,249.89102225020804
190.89999999999344,AVAILABLE,26.839426622056592,70.90344966088934,2997.5712077505345,249.9507095552666
190.99999999999343,AVAILABLE,26.83961686122858,70.9036091546248,2999.512017583114,249.95468706856533
191.09999999999343,AVAILABLE,26.839752350313017,70.90379611763021,2993.8485018232036,249.8556405724432
191.19999999999342,AVAILABLE,26.83995368187322,70.90392114645877,2995.429048969398,250.0629491736871
191.29999999999342,AVAILABLE,26.84013325275251,70.90408152710688,3001.639634241751,250.27607462787736
191.3999999999934,AVAILABLE,26.840292608166006,70.90422777472412,3004.0553695405756,250.11414567715485
191.4999999999934,AVAILABLE,26.84048174850643,70.9044089758883,2997.9901112471675,249.99721170874295
191.5999999999934,AVAILABLE,26.84068418938081,70.90460393753563,2997.2388536298495,250.059347379536
191.6999999999934,AVAILABLE,26.840824993015804,70.90473209097986,2995.94837346678,250.02418939821135
191.7999999999934,AVAILABLE,26.841013852621245,70.90490480852604,3001.0774406063815,249.96463720593118
191.89999999999338,AVAILABLE,26.841181660030873,70.90503323227519,2998.01187870878,250.010302405262
191.99999999999338,AVAILABLE,26.84137119772466,70.90521277571686,2999.280096480859,250.06250300930867
192.09999999999337,AVAILABLE,26.84153423556809,70.90535942065326,2996.583952964361,249.9727944695893
192.19999999999337,AVAILABLE,26.841702847674547,70.90554206241882,3003.3017089927703,250.13953515741898
192.29999999999336,AVAILABLE,26.84188408720477,70.90567307303323,3003.504854501391,249.90008978816908
192.39999999999336,AVAILABLE,26.842065634167213,70.9058432371425,2999.2293056434332,250.05171902052388
192.49999999999335,AVAILABLE,26.842230361805132,70.9059608263151,3001.6854462111346,249.95301049593343
192.59999999999334,AVAILABLE,26.84243705602832,70.90612516826415,2999.6365703836227,250.07191581146594
192.69999999999334,AVAILABLE,26.84257897197172,70.90631279339614,2997.0198676411264,249.97800972968054
192.79999999999333,AVAILABLE,26.842777173213005,70.90645372221299,2999.5856934661438,250.0880908598697
192.89999999999333,AVAILABLE,26.842947692380843,70.90662161093775,3003.4039200320453,249.88274288154855
192.99999999999332,AVAILABLE,26.84310986711536,70.9067970317595,2996.793335912604,249.92922717568044
193.09999999999332,AVAILABLE,26.843275641314648,70.90696637309033,3001.4627379427925,250.0610194482317
193.1999999999933,AVAILABLE,26.84345685573789,70.9071027662391,3001.945653961206,250.10136971314802
193.2999999999933,AVAILABLE,26.84361808873037,70.90725836465407,3003.917405410997,249.7472334602483
193.3999999999933,AVAILABLE,26.84378245197622,70.90739675440695,3000.7080034619044,249.74895706270507
193.4999999999933,AVAILABLE,26.843974598549863,70.9075581873728,3001.843196056235,250.23929574316037
193.5999999999933,AVAILABLE,26.84416390154799,70.90771050969283,2994.013364187361,250.06563577024744
193.69999999999328,AVAILABLE,26.84434753079514,70.90788871207783,3000.3179244218572,249.99543612526998
193.79999999999328,AVAILABLE,26.844547144597946,70.90803882576706,3001.9721776955907,249.95331311053994
193.89999999999327,AVAILABLE,26.844680026686998,70.90816225054026,2996.0854761469836,250.04638116259807
193.99999999999326,AVAILABLE,26.84487483139525,70.90831322964623,2999.954801111275,249.98288909660687
194.09999999999326,AVAILABLE,26.845073693204128,70.90852041289496,3000.871452627112,250.08020771885856
194.19999999999325,AVAILABLE,26.845222223463338,70.90868341535716,2997.1993084657142,250.0566606116664
194.29999999999325,AVAILABLE,26.845396219994637,70.90882254386065,3001.0178873900213,250.06088930667852
194.39999999999324,AVAILABLE,26.845562591101753,70.90896664775192,2998.453990539794,249.9687677329829
194.49999999999324,AVAILABLE,26.845775402205135,70.90916877029296,3000.077562193507,250.0211156002788
194.59999999999323,AVAILABLE,26.845924168677364,70.90929755079313,3002.8747667763505,250.15191695967093
194.69999999999322,AVAILABLE,26.84608975075707,70.90946942741125,3000.8279331811445,249.77087834640525
194.79999999999322,AVAILABLE,26.84627154890183,70.90961486932893,3002.0430882426467,250.01813100485833
194.8999999999932,AVAILABLE,26.84643639031345,70.9097994960697,3005.118207153774,250.00131587776178
194.9999999999932,AVAILABLE,26.846625423933332,70.90994428938716,2996.051804979038,249.84098692978426
195.0999999999932,AVAILABLE,26.846824595792597,70.91011538707912,3001.2432476448043,250.04099243571474
195.1999999999932,AVAILABLE,26.84697504868814,70.91022826403577,2999.047520853052,250.10460371636785
195.2999999999932,AVAILABLE,26.84715937574177,70.91037800477132,2996.233094211212,249.87276496182957
195.39999999999318,AVAILABLE,26.847344383270073,70.91051952662333,3001.5791454780783,250.05057105761136
195.49999999999318,AVAILABLE,26.847506491220305,70.91073989217745,3001.725495299532,249.85715749359255
195.59999999999317,AVAILABLE,26.84767318382785,70.9108744285696,2996.934362990994,250.2280798133333
195.69999999999317,AVAILABLE,26.847833503043322,70.9110232969036,2997.6447421756934,249.9341719366357
195.79999999999316,AVAILABLE,26.84804164896663,70.91118434201829,3005.3041557816896,249.97604635339536
195.89999999999316,AVAILABLE,26.848193409585104,70.91138169591025,3001.4057313807903,249.976309428849
195.99999999999315,AVAILABLE,26.848346245235543,70.91151085695492,3000.7584704519804,249.9949476083338
196.09999999999314,AVAILABLE,26.848556595030086,70.91162921901729,2994.6741894384136,249.93080004628925
196.19999999999314,AVAILABLE,26.84872327991954,70.91186681310572,3006.4360783603643,249.98966442538506
196.29999999999313,AVAILABLE,26.848905813861133,70.91199772741291,2996.2027839260645,249.90758212908264
196.39999999999313,AVAILABLE,26.849075853638396,70.91213039862443,2996.853487226852,249.97718076671578
196.49999999999312,AVAILABLE,26.849241681606895,70.91229810888632,3000.783666924598,249.89297045246116
196.59999999999312,AVAILABLE,26.849421771695525,70.91246624567516,2997.713767777308,250.00592241042295
196.6999999999931,AVAILABLE,26.849578552061384,70.91262361928473,3000.529088712938,250.00333422855059
196.7999999999931,AVAILABLE,26.8497783110015,70.91275378648183,2996.044813028523,249.81296245223524
196.8999999999931,AVAILABLE,26.849956391700353,70.91290200109043,3003.1348733406408,249.8831882278816
196.9999999999931,AVAILABLE,26.850124354377584,70.9131087192298,3002.713836210933,249.86134025780356
197.0999999999931,AVAILABLE,26.850309591274723,70.91326741430747,3001.7283647128434,249.99945851231055
197.19999999999308,AVAILABLE,26.850496911504678,70.91339437580102,3003.9525069643964,250.0657254605733
197.29999999999308,AVAILABLE,26.85062959448198,70.91355404157252,3002.91128631224,249.93307761352048
197.39999999999307,AVAILABLE,26.850807859920987,70.91371062727234,2999.893211139632,249.93868157876477
197.49999999999307,AVAILABLE,26.850998725217348,70.91391857134208,2997.69685726476,250.06271982711507
197.59999999999306,AVAILABLE,26.851190658975547,70.91404114358824,2999.7303926616037,250.01508159426848
197.69999999999305,AVAILABLE,26.851358439210287,70.91420316845578,2997.6476134370664,250.0552153636734
197.79999999999305,AVAILABLE,26.851540277565153,70.91438742070554,3000.7244601855273,249.98388918768637
197.89999999999304,AVAILABLE,26.851685306679332,70.91447631615671,3004.6490676048984,250.00570309000162
197.99999999999304,AVAILABLE,26.851910516888633,70.91463304600568,2995.8502340373757,250.0053477656179
198.09999999999303,AVAILABLE,26.85206641730601,70.91483646559638,2999.259242809764,250.03401854918192
198.19999999999303,AVAILABLE,26.852235424507615,70.91497384291716,3000.8330878438273,249.89006957988846
198.29999999999302,AVAILABLE,26.852398356838027,70.91513421621195,2999.8442861945045,250.09376002241655
198.399999999993,AVAILABLE,26.852590651947878,70.91529474852415,2999.965955584369,249.86956226603476
198.499999999993,AVAILABLE,26.852758512647657,70.91545134753781,2998.621511999782,250.0004869084915
198.599999999993,AVAILABLE,26.85291591330728,70.91561970766115,2997.6572112759086,249.91871469956965
198.699999999993,AVAILABLE,26.853103721914177,70.91576071235414,2998.0663346796814,250.11075880580094
198.799999999993,AVAILABLE,26.853274643349586,70.91596028315138,2999.431638764191,250.01352682057447
198.89999999999299,AVAILABLE,26.85344007450293,70.9161065364976,3000.267172878717,250.06841029149462
198.99999999999298,AVAILABLE,26.853647788237836,70.91622581548805,3001.3745234619514,249.85743327906502
199.09999999999297,AVAILABLE,26.85379605072324,70.91640187241487,3003.1690528823488,249.97197680665303
199.19999999999297,AVAILABLE,26.853980859174257,70.91658074666556,3001.8106763714145,250.02009230871408
199.29999999999296,AVAILABLE,26.85415075518581,70.91674133611204,3002.954405060504,249.9501259190892
199.39999999999296,AVAILABLE,26.854320364314976,70.9169067224754,3001.3091770850106,249.71964028517812
199.49999999999295,AVAILABLE,26.854503909700043,70.91704109909891,2999.9124026908667,249.96657710535254
199.59999999999295,AVAILABLE,26.854713046819334,70.91722359694722,2998.5092914862466,249.98130945487452
199.69999999999294,AVAILABLE,26.854869299068703,70.91736555752068,2999.7013880705667,250.0177920630556
199.79999999999293,AVAILABLE,26.85501967431735,70.91754042904715,2998.9345620379067,249.89085094298505
199.89999999999293,AVAILABLE,26.855218354590747,70.91765209516956,3003.973379497082,249.91290458163658
199.99999999999292,AVAILABLE,26.855358896837366,70.91779946247159,3001.9438159093515,250.01467580827097
200.09999999999292,AVAILABLE,26.85552361406054,70.91797302458167,2997.090756242024,250.16444680487334
200.1999999999929,AVAILABLE,26.855715272434896,70.91814294352096,2999.851635292843,249.9986799580836
200.2999999999929,AVAILABLE,26.855918084707426,70.91829852644818,2998.7907352697443,249.9526724897278
200.3999999999929,AVAILABLE,26.85607931996199,70.91848276236867,2998.082409254936,250.13336046201755
200.4999999999929,AVAILABLE,26.8562883799814,70.91863738197604,3001.707562447885,250.0012403769563
200.5999999999929,AVAILABLE,26.856419055780187,70.91880269670294,2996.729764607745,250.11097674336833
200.69999999999288,AVAILABLE,26.85660291016428,70.91886881597792,2999.623929205475,250.2593928456889
200.79999999999288,AVAILABLE,26.856793334493396,70.91909957988787,2999.7954364407306,250.01938837190977
200.89999999999287,AVAILABLE,26.856958552610404,70.91926242118895,2997.3533410746727,249.89466118188474
200.99999999999287,AVAILABLE,26.857128907975664,70.91940682086538,2997.6358513425885,250.01250381475276
201.09999999999286,AVAILABLE,26.8572896524333,70.91959036406422,3001.159969801143,250.08502810682734
201.19999999999285,AVAILABLE,26.857513716906656,70.9197177615014,2996.649745996962,249.98482874200317
201.29999999999285,AVAILABLE,26.857667094318337,70.91987046756938,2999.132345618938,250.0012770211568
201.39999999999284,AVAILABLE,26.857857599709995,70.92003336570559,2999.370990813003,249.93564926482966
201.49999999999284,AVAILABLE,26.85800756355648,70.92019380895799,2997.678344630117,249.94448086147318
201.59999999999283,AVAILABLE,26.858202121212535,70.92035136601537,2999.533896708845,249.87561801011591
201.69999999999283,AVAILABLE,26.858345699833734,70.92048512271433,2997.7542044399806,249.91312215110955
201.79999999999282,AVAILABLE,26.858550165143072,70.92065521625953,3004.5823093400995,249.8312009946889
201.89999999999281,AVAILABLE,26.85869500317629,70.92083420340168,2997.0425267181854,249.93477544551945
201.9999999999928,AVAILABLE,26.858883371822724,70.92098774961605,3000.3098190595183,249.82258556736065
202.0999999999928,AVAILABLE,26.859084570568218,70.92115380207888,2999.8582250771947,250.12381281315325
202.1999999999928,AVAILABLE,26.859262494742524,70.92129565529729,3002.6431869498247,249.97475583962284
202.2999999999928,AVAILABLE,26.859425286644928,70.9214501742293,3000.5704815787626,250.0150776006799
202.3999999999928,AVAILABLE,26.859564704040572,70.92162675143193,2997.5808578345914,249.86398093108667
202.49999999999278,AVAILABLE,26.859769134316533,70.92181318875443,3001.532519072514,250.03041182666237
202.59999999999278,AVAILABLE,26.859966844005704,70.9219231057235,2999.161754613938,249.97398692827048
202.69999999999277,AVAILABLE,26.860105868226594,70.92212047998393,3003.932676097039,249.8621649420158
202.79999999999276,AVAILABLE,26.86030358803638,70.9222579673707,2999.1829251281215,250.20639830252958
202.89999999999276,AVAILABLE,26.860447244399683,70.92240827682015,2999.1160617408873,249.84516734933803
202.99999999999275,AVAILABLE,26.860645132163647,70.92254242802926,2994.074042935894,249.97683606704268
203.09999999999275,AVAILABLE,26.86082204678019,70.92268638718193,2999.8600161779896,249.96690474589846
203.19999999999274,AVAILABLE,26.860976794537997,70.92288307909686,3001.9866688124876,249.9300693469235
203.29999999999274,AVAILABLE,26.861176889463106,70.92303640461728,3000.5797206590146,250.0282304517199
203.39999999999273,AVAILABLE,26.86135201650193,70.92320051291395,3001.8824169664686,249.8609394057356
203.49999999999272,AVAILABLE,26.861513287198424,70.92336407599788,3000.6756334249317,250.07099084005486
203.59999999999272,AVAILABLE,26.861677791324073,70.92350800605085,2998.4680650314112,250.15499859668418
203.6999999999927,AVAILABLE,26.861890729139944,70.92369245929251,3002.914607127682,249.94413180855008
203.7999999999927,AVAILABLE,26.862041096483793,70.92383038438169,3000.095462116792,249.9251026516593
203.8999999999927,AVAILABLE,26.862186973236337,70.92395865443464,3000.087831210461,250.0883540069743
203.9999999999927,AVAILABLE,26.862387879500204,70.92412540020572,2998.131287190091,249.80211733153973
204.0999999999927,AVAILABLE,26.862582691650367,70.92428965995495,3000.4112199849123,249.99107699220247
204.19999999999268,AVAILABLE,26.862759926474567,70.92445649612783,3000.333452214872,249.99838920606285
204.29999999999268,AVAILABLE,26.862946255016134,70.92459393881427,2998.154493467555,249.9103024352636
204.39999999999267,AVAILABLE,26.86307452924935,70.9247561670739,3002.135759204163,249.9321136690654
204.49999999999267,AVAILABLE,26.863246768229345,70.92491025063771,3000.2200457593613,249.9896165233335
204.59999999999266,AVAILABLE,26.863425000058076,70.9251179416474,3001.5839545993467,249.9402160317129
204.69999999999266,AVAILABLE,26.863625265608842,70.92531553955197,3001.0416818597764,249.93788699369452
204.79999999999265,AVAILABLE,26.86378888399681,70.92540498386388,2996.910563509285,249.955599254141
204.89999999999264,AVAILABLE,26.863999316484154,70.92560266886926,2997.7159156674666,250.01624783559805
204.99999999999264,AVAILABLE,26.864133014250957,70.92573765606834,2995.9037289301596,250.0004819212462
205.09999999999263,AVAILABLE,26.864332391230715,70.92583325645886,3002.6332358588934,249.95801107863093
205.19999999999263,AVAILABLE,26.86447077991522,70.92606635251532,3003.1434805903386,249.9587307062757
205.29999999999262,AVAILABLE,26.864686011771617,70.92616985824779,3001.447706713627,249.92258741709944
205.39999999999262,AVAILABLE,26.864815317469443,70.92633570753611,3002.686846658788,249.9894943926596
205.4999999999926,AVAILABLE,26.865047317903798,70.92650781376081,2994.9819158777955,249.88284369419043
205.5999999999926,AVAILABLE,26.865213915954897,70.92665976518796,2998.0335580883093,250.10671309006028
205.6999999999926,AVAILABLE,26.86537898753675,70.92681368731357,2998.21868370703,250.0628559875747
205.7999999999926,AVAILABLE,26.865539522780576,70.92703774643635,2997.5505495410366,249.9496522527825
205.8999999999926,AVAILABLE,26.865718818577015,70.92711018595656,2996.491534044573,249.9410699385727
205.99999999999258,AVAILABLE,26.865877059041928,70.92735202751973,3004.749403785179,249.97661804121603
206.09999999999258,AVAILABLE,26.866102339197877,70.92748140168086,3000.294239193687,250.09338535645406
206.19999999999257,AVAILABLE,26.866224147306898,70.92757988125061,2994.649989786717,249.94942374492106
206.29999999999256,AVAILABLE,26.86640786415201,70.92778052828551,2992.791369912464,250.18159631444593
206.39999999999256,AVAILABLE,26.866599453001886,70.92791858605513,2999.86921697695,249.99497846598203
206.49999999999255,AVAILABLE,26.866754565663136,70.92810264406815,3001.3976748491245,250.02885724476803
206.59999999999255,AVAILABLE,26.866937394410755,70.92826903192217,2995.244218381333,250.03767333475417
206.69999999999254,AVAILABLE,26.867115769288027,70.92839153445263,2999.4868259891036,249.80811924250676
206.79999999999254,AVAILABLE,26.867335807744805,70.92853071303739,3002.487524724243,249.7962473849216
206.89999999999253,AVAILABLE,26.867467498379604,70.92869910640381,2997.7506858253323,250.02794209791875
206.99999999999253,AVAILABLE,26.86761147569916,70.92888605768393,2999.2900893608617,250.0785179561532
207.09999999999252,AVAILABLE,26.867820166434228,70.92904482865441,3004.0838010721573,250.17521023776118
207.1999999999925,AVAILABLE,26.86800348571918,70.92920927177283,3001.247326024411,250.10462973440036
207.2999999999925,AVAILABLE,26.868201036361846,70.92931769923698,3003.469569375487,250.00878456781658
207.3999999999925,AVAILABLE,26.86837126632148,70.92951719602274,2997.9652901999402,249.95354676228405
207.4999999999925,AVAILABLE,26.86854278973716,70.92966115142387,3001.3508562401416,249.85535213788762
207.5999999999925,AVAILABLE,26.86868580970978,70.92984124165918,2998.2209543348267,249.8676671046431
207.69999999999249,AVAILABLE,26.868886900694985,70.92996044606292,3002.3803900784233,250.09533946633414
207.79999999999248,AVAILABLE,26.869062663441426,70.93011639533718,3002.334158710997,250.0689090165762
207.89999999999247,AVAILABLE,26.86924636981899,70.93027172549097,3006.5002115374964,249.95858995002195
207.99999999999247,AVAILABLE,26.86939902624213,70.93046179838174,2994.6749868319553,250.09047076071317
208.09999999999246,AVAILABLE,26.869607714060116,70.93061106186947,3000.0740596170067,250.01755524062443
208.19999999999246,AVAILABLE,26.86977302082209,70.93077232087383,3001.1202534454496,249.75092784002643
208.29999999999245,AVAILABLE,26.86991216776126,70.93094450113523,3004.3542239143635,250.08181847408417
208.39999999999245,AVAILABLE,26.870112195804012,70.93112003739938,2994.736582909686,249.9968962861188
208.49999999999244,AVAILABLE,26.870285095968484,70.93122535242433,2997.1746594439314,249.90678558520534
208.59999999999243,AVAILABLE,26.87044595557321,70.93139599463376,2996.0362745369684,250.0080492426512
208.69999999999243,AVAILABLE,26.87062762352967,70.93158579206819,2998.881030876272,250.05404742996825
208.79999999999242,AVAILABLE,26.870808532706416,70.93171362099208,3004.5950338025145,249.99359909571277
208.89999999999242,AVAILABLE,26.870984350643745,70.931868641453,3001.260699523519,250.09448072108947
208.9999999999924,AVAILABLE,26.87117779815546,70.93205527399147,2996.020942546147,250.00303487776355
209.0999999999924,AVAILABLE,26.87134720972051,70.93217442830526,2993.536356346963,249.97824089038937
209.1999999999924,AVAILABLE,26.871511615479832,70.93234368321377,3000.0941490745554,250.12772117947418
209.2999999999924,AVAILABLE,26.871661706290396,70.93249489020245,3005.1273198318795,250.07749817718636
209.3999999999924,AVAILABLE,26.87183047531089,70.93269823705283,2998.1321161607866,249.96949992653927
209.49999999999238,AVAILABLE,26.872025430789726,70.93280419993762,2999.9159670955833,249.78882011229058
209.59999999999238,AVAILABLE,26.872181583296253,70.93297366347691,2999.999728860626,249.9134449932613
209.69999999999237,AVAILABLE,26.8723946232454,70.93316667403526,3000.444986616649,249.94515182384677
209.79999999999237,AVAILABLE,26.87253250836867,70.93330859030661,3001.170155119839,250.00588125265253
209.89999999999236,AVAILABLE,26.87270805422262,70.93344914639657,3001.4852629640527,250.06078142142894
209.99999999999235,AVAILABLE,26.872919973190218,70.93360089073437,3000.5372036815584,249.98228284468837
210.09999999999235,AVAILABLE,26.87310681055543,70.93379481362976,2999.6756671002067,250.09315004035892
210.19999999999234,AVAILABLE,26.873313690112557,70.93390723915086,2998.108701630026,250.1653354477316
210.29999999999234,AVAILABLE,26.873451571145353,70.93410500980208,2999.5281473833875,249.9827765287692
210.39999999999233,AVAILABLE,26.8736115214748,70.93423107924889,3000.7442950428144,249.84877539554182
210.49999999999233,AVAILABLE,26.873775450202253,70.93444068588705,2993.8313429454365,250.06185397266975
210.59999999999232,AVAILABLE,26.873940744144726,70.93457554321884,2997.674352022847,250.06790067920417
210.69999999999231,AVAILABLE,26.874154681319162,70.93472247607559,2999.6119135648228,250.10010099052468
210.7999999999923,AVAILABLE,26.874278088669527,70.93490785498453,2996.0529429542057,249.91744010012945
210.8999999999923,AVAILABLE,26.874494759394643,70.93501210186614,3002.5259183048797,250.00294343492058
210.9999999999923,AVAILABLE,26.8746299086962,70.93520407114342,3002.062058400866,249.98858856542347
211.0999999999923,AVAILABLE,26.874857118971832,70.93536276145034,3000.254959555143,250.14677521492146
211.1999999999923,AVAILABLE,26.875034211172945,70.9355152499356,2998.412138861319,249.9691854281305
211.29999999999228,AVAILABLE,26.875174308495335,70.93567927549884,2997.236414397734,250.1472086308267
211.39999999999227,AVAILABLE,26.875385588652957,70.93582456694442,2995.491186422856,250.09080396816606
211.49999999999227,AVAILABLE,26.875554096953632,70.93597775024774,3005.900929324705,250.12132051434614
211.59999999999226,AVAILABLE,26.875727756238017,70.93610279897602,2999.8271015705436,250.15293711671993
211.69999999999226,AVAILABLE,26.87588026839451,70.93633636477708,3002.146893511856,250.05200348065125
211.79999999999225,AVAILABLE,26.876046442400884,70.93647146531475,3000.454666259286,249.89433309037153
211.89999999999225,AVAILABLE,26.87624021886837,70.93657491948227,3001.392997475663,250.05501202327756
211.99999999999224,AVAILABLE,26.87643564212149,70.93674911833298,3001.594065053122,249.95392149009953
212.09999999999224,AVAILABLE,26.87655802922152,70.93690481796126,2998.917461665688,250.10526484069004
212.19999999999223,AVAILABLE,26.8767582167758,70.9370654545068,2999.065133862022,250.0410904097061
212.29999999999222,AVAILABLE,26.876930791950272,70.9372610455162,2999.234325368982,250.0232716187154
212.39999999999222,AVAILABLE,26.877111087178783,70.9374131882382,3002.113171949737,250.17488261082394
212.4999999999922,AVAILABLE,26.877298391577828,70.9375380543377,3000.572293972244,250.15238577494867
212.5999999999922,AVAILABLE,26.877475322367903,70.93770754268374,2998.6048405047563,250.10027649614653
212.6999999999922,AVAILABLE,26.87766719737613,70.93787179657919,2998.245536081078,250.00393614094364
212.7999999999922,AVAILABLE,26.87779787579792,70.9379945090819,2999.808145637786,249.93764868460804
212.8999999999922,AVAILABLE,26.87801371856709,70.93818732119124,2997.303103228636,249.96363148901438
212.99999999999218,AVAILABLE,26.878182093610462,70.93835033319928,2998.77650238015,250.01417589111404
213.09999999999218,AVAILABLE,26.8783207492556,70.93850506207924,3004.5905516691587,249.842126070846
213.19999999999217,AVAILABLE,26.87854819196676,70.93867344489263,2997.359287967868,250.05807416453274
213.29999999999217,AVAILABLE,26.878676213261407,70.93882639609616,2999.957256315724,250.02204750138222
213.39999999999216,AVAILABLE,26.878844594697966,70.93899309506817,3001.6663045244254,250.09152242398127
213.49999999999216,AVAILABLE,26.879033987703803,70.93915028650656,2998.6812956351478,249.94977742147628
213.59999999999215,AVAILABLE,26.879228787092302,70.93928116330706,3003.389046086283,249.9492293922478
213.69999999999214,AVAILABLE,26.87939976489281,70.93942897293988,3005.8077879957236,249.9650790426195
213.79999999999214,AVAILABLE,26.879566215778304,70.93957234967417,2997.438625028536,249.96714472633312
213.89999999999213,AVAILABLE,26.879759544043605,70.939759417254,3002.7851101205347,250.05083824165536
213.99999999999213,AVAILABLE,26.879939398110043,70.93993959716839,3000.837972819913,250.0426996642171
214.09999999999212,AVAILABLE,26.88004723230786,70.93975804572544,3000.8154825733404,249.81019712918015
214.19999999999212,AVAILABLE,26.88012672892472,70.93950758104675,2998.2795929735553,249.95755170251437
214.2999999999921,AVAILABLE,26.880164340477037,70.93927957494486,3001.5844485033676,250.1399795637815
214.3999999999921,AVAILABLE,26.88023506205798,70.9390160357632,3003.78353584488,250.06156174526654
214.4999999999921,AVAILABLE,26.88029205841076,70.93879780378055,2997.0317835384844,249.98894584471935
214.5999999999921,AVAILABLE,26.880364487691875,70.93852576595854,3000.727176837696,250.04776697650723
214.6999999999921,AVAILABLE,26.880431517237827,70.93831025365208,2998.254301444919,249.8889472429528
214.79999999999208,AVAILABLE,26.880450593243207,70.93810079461458,2997.2104036171872,250.06463380446837
214.89999999999208,AVAILABLE,26.88054707643029,70.93782449462628,2996.0813571486883,249.97290819969157
214.99999999999207,AVAILABLE,26.880595424527655,70.93755457660663,3001.693075943042,249.87606164423863
215.09999999999206,AVAILABLE,26.880630081562412,70.9373387642592,2997.649632992434,250.01558993157298
215.19999999999206,AVAILABLE,26.880705505001142,70.93706073515253,3004.8823952635526,249.9929932838996
215.29999999999205,AVAILABLE,26.880808167721476,70.93681456895024,2999.0808881988723,250.09384366847092
215.39999999999205,AVAILABLE,26.880808985204702,70.93656126596504,3002.5186224273334,250.03897429102184
215.49999999999204,AVAILABLE,26.880887262419158,70.9363719668194,2999.581540649609,250.14266699390356
215.59999999999204,AVAILABLE,26.880935627013695,70.93609499916985,3000.986350727004,249.8822532238358
215.69999999999203,AVAILABLE,26.881006354129635,70.93587515315537,2995.763942070926,249.9621925043329
215.79999999999202,AVAILABLE,26.88106505962495,70.93562567839417,2994.2563154176146,249.98089746544275
215.89999999999202,AVAILABLE,26.881104713563943,70.935377286079,2998.922191039632,250.013048393073
215.999999999992,AVAILABLE,26.881157595057438,70.935131999515,3003.892524097224,249.8909191671974
216.099999999992,AVAILABLE,26.881210569144514,70.93491033531396,2997.2482732629032,250.12921367816327
216.199999999992,AVAILABLE,26.881308004174908,70.9346744952394,2997.757144861757,249.96623983288436
216.299999999992,AVAILABLE,26.88138268603805,70.93439230153302,2996.0259438508924,249.97408268119298
216.399999999992,AVAILABLE,26.88141013414033,70.93414376232782,3001.3820854807655,249.9593538674404
216.49999999999199,AVAILABLE,26.881490846835945,70.93395483106792,2996.977927282902,249.99597438994482
216.59999999999198,AVAILABLE,26.881552908136303,70.93367087920629,2999.1863951353475,249.9094162890685
216.69999999999197,AVAILABLE,26.88158480749174,70.93344731401513,2998.597294740317,249.89309915610406
216.79999999999197,AVAILABLE,26.88165519332564,70.93318212438614,3002.3007527974282,250.1311886628906
216.89999999999196,AVAILABLE,26.881703411205468,70.9329567060926,3000.2794237995136,250.10958112893942
216.99999999999196,AVAILABLE,26.881762273372846,70.93272694544626,2999.235082415949,249.9714986899576
217.09999999999195,AVAILABLE,26.88183812154916,70.93244498758801,2997.362409109533,250.06671908349705
217.19999999999195,AVAILABLE,26.881897696494793,70.93220565935974,3000.013790569846,250.02154868851625
217.29999999999194,AVAILABLE,26.881983196346933,70.93201685948273,3000.545405118073,249.88865306651172
217.39999999999193,AVAILABLE,26.882002462076922,70.93171423347476,2999.8916106733336,249.987975758307
217.49999999999193,AVAILABLE,26.882060655527923,70.93151134984943,3001.6720704090453,250.06895995350743
217.59999999999192,AVAILABLE,26.88208994001558,70.93123585073215,2995.1027473977565,250.11348535124833
217.69999999999192,AVAILABLE,26.882191654113484,70.93102169229554,2992.8290892999094,249.97566245007835
217.7999999999919,AVAILABLE,26.882248074430535,70.93071699551197,3000.729641679136,250.07305229987313
217.8999999999919,AVAILABLE,26.882287107858303,70.93051687732373,2999.699975594626,249.974607654742
217.9999999999919,AVAILABLE,26.882373875132185,70.93025568012534,2998.762852855156,250.02966123749215
218.0999999999919,AVAILABLE,26.882416814139134,70.93001979394582,3000.9477215264355,249.969408372407
218.1999999999919,AVAILABLE,26.882484940548157,70.92977937952628,3005.212393502126,250.11322898159227
218.29999999999188,AVAILABLE,26.882554518339962,70.92952780107706,3003.490312508987,250.06890734010744
218.39999999999188,AVAILABLE,26.88258068685008,70.92930209027186,3001.119188173783,250.06298531936577
218.49999999999187,AVAILABLE,26.88264916733525,70.92905834376872,3003.736512361882,250.06388389460528
218.59999999999187,AVAILABLE,26.882709320070543,70.92883151263123,2997.9257938305714,249.98384924033388
218.69999999999186,AVAILABLE,26.882794026424992,70.92857442508262,3002.6069346786853,249.94167820972262
218.79999999999185,AVAILABLE,26.882835117552872,70.92829533817954,2995.7797082138554,250.10845107799923
218.89999999999185,AVAILABLE,26.882882777738878,70.92809654062809,2999.22439505882,249.9934566093106
218.99999999999184,AVAILABLE,26.88294098099884,70.92784106413559,2999.912219813587,249.8570991588489
219.09999999999184,AVAILABLE,26.882993339764223,70.92760728808965,2996.4947783170637,249.94501521131681
219.19999999999183,AVAILABLE,26.883039194109667,70.92736815886653,3001.1846888355267,250.03019873392313
219.29999999999183,AVAILABLE,26.88314956307284,70.92710396338622,2999.0887550573148,250.05489912867156
219.39999999999182,AVAILABLE,26.883224837065235,70.92687866617106,2998.7118064571905,249.99262960243382
219.49999999999181,AVAILABLE,26.88325806372996,70.92663631543124,3002.5459701142718,249.92231450848215
219.5999999999918,AVAILABLE,26.883273977147272,70.92636737627969,3006.3851721521887,250.05803068730438
219.6999999999918,AVAILABLE,26.88336667552783,70.92614352302361,3001.222943312018,250.02182072148184
219.7999999999918,AVAILABLE,26.883430911248897,70.92587585216825,2998.9212808258903,250.1164758796357
219.8999999999918,AVAILABLE,26.88347764908124,70.92563808992104,3003.3364654155575,249.99026913753355
219.9999999999918,AVAILABLE,26.883521405173088,70.92541664763174,2999.19650733117,250.0697460205637
220.09999999999178,AVAILABLE,26.88358340466822,70.92519435024904,3001.749715704135,250.12618820757515
220.19999999999177,AVAILABLE,26.88364697810111,70.92491902984456,3003.3285054879834,249.9649659901677
220.29999999999177,AVAILABLE,26.88371138112585,70.9246606233797,2995.78091914085,250.06551737725937
220.39999999999176,AVAILABLE,26.883782899732598,70.92443056875612,2993.640881129113,250.1385280208297
220.49999999999176,AVAILABLE,26.88382213462757,70.9241900606501,2993.627024159081,249.93341240774555
220.59999999999175,AVAILABLE,26.883899211291453,70.92396622188396,3004.204562185327,250.0910873989741
220.69999999999175,AVAILABLE,26.88394127293779,70.92368892572892,2998.3746624521464,250.02747884822554
220.79999999999174,AVAILABLE,26.883992309472895,70.92346938701596,2996.1985677599105,249.97310396880167
220.89999999999173,AVAILABLE,26.88405465285413,70.92320812258677,2999.486243144533,249.9469690278613
220.99999999999173,AVAILABLE,26.884121369593473,70.92295073872323,3003.383026538599,249.89052584603238
221.09999999999172,AVAILABLE,26.884202563771847,70.9227311015627,2994.041845253152,250.19427342004286
221.19999999999172,AVAILABLE,26.88423805563258,70.92247594062175,2998.155819386453,249.98577546328434
221.2999999999917,AVAILABLE,26.884328856257568,70.92220592118443,3003.335519756046,250.0633440942571
221.3999999999917,AVAILABLE,26.884367756316845,70.92198771943222,3002.1176964523916,249.9994299916066
221.4999999999917,AVAILABLE,26.884426221685963,70.92177321593395,3002.109366615291,249.9178210820013
221.5999999999917,AVAILABLE,26.88448587522761,70.92153743940364,3004.814010194632,249.97119858042998
221.6999999999917,AVAILABLE,26.884558701240227,70.921285063353,3003.124957345423,250.024731946351
221.79999999999168,AVAILABLE,26.88458439521711,70.92104984725887,3000.4393823064925,249.93364349054022
221.89999999999168,AVAILABLE,26.88465622624374,70.92079130952966,2999.1476218173816,249.87476988803837
221.99999999999167,AVAILABLE,26.884682028323986,70.92053845235289,2993.4112284633297,250.04056894712477
222.09999999999167,AVAILABLE,26.88477042371908,70.92027651485864,3001.359729888907,249.88200673430848
222.19999999999166,AVAILABLE,26.884879825179006,70.92006416552871,3001.0094934653825,250.02180545694466
222.29999999999166,AVAILABLE,26.884899597250673,70.91979031923415,3002.51601645105,249.88335038559035
222.39999999999165,AVAILABLE,26.88494702571143,70.91955405046109,2999.5353656717607,249.9197133727054
222.49999999999164,AVAILABLE,26.884989593338876,70.9193060429882,2997.736238234253,250.10672432458347
222.59999999999164,AVAILABLE,26.885075075767606,70.9191183219764,2995.591202350193,249.86620565501462
222.69999999999163,AVAILABLE,26.88513126155504,70.91886491099987,2999.826444473029,249.93263309008273
222.79999999999163,AVAILABLE,26.88517315071837,70.91860345569872,2993.2495880930046,249.9545020224044
222.89999999999162,AVAILABLE,26.885290398753956,70.91836170762501,3001.1580087606894,250.1945978514437
222.99999999999162,AVAILABLE,26.885272508118632,70.91807223206746,3001.9976516966653,250.19275473070078
223.0999999999916,AVAILABLE,26.88536751910188,70.91787191978723,3002.577299741004,250.022418315304
223.1999999999916,AVAILABLE,26.88542796751272,70.91760193867812,3004.5640926297324,249.93343213441278
223.2999999999916,AVAILABLE,26.885460062528814,70.91736068221513,3001.927939236433,250.09172469174516
223.3999999999916,AVAILABLE,26.885557887784092,70.91714842036495,2998.545113118768,249.91694436494922
223.4999999999916,AVAILABLE,26.885585915982606,70.91689673934573,2996.23026843559,249.92638535958423
223.59999999999158,AVAILABLE,26.885646602410233,70.91664640319867,2998.666113913095,249.94363112926268
223.69999999999158,AVAILABLE,26.88572991365303,70.9164364836297,3000.9433552565415,250.00745586619874
223.79999999999157,AVAILABLE,26.88577676283713,70.91617068473329,3006.5284984308073,250.03382040353583
223.89999999999156,AVAILABLE,26.88584135538741,70.91594632131145,2995.0303384277145,249.9206233347949
223.99999999999156,AVAILABLE,26.885888790135745,70.91566637739291,3000.266443239507,250.18370664515828
224.09999999999155,AVAILABLE,26.885958587772496,70.91543936194759,3001.580738924769,249.98661153469038
224.19999999999155,AVAILABLE,26.886006278365674,70.91520545386159,2999.8997271529825,250.02481919407325
224.29999999999154,AVAILABLE,26.886060358859545,70.91498509937459,2998.6625295372983,249.88402173986546
224.39999999999154,AVAILABLE,26.886136556623665,70.91472385587919,2999.5535869590167,250.0501335631045
224.49999999999153,AVAILABLE,26.8861729982337,70.91446472316541,3000.46449454332,250.00427520728272
224.59999999999152,AVAILABLE,26.886229662124194,70.91420167177336,2995.605147397258,250.11072617290208
224.69999999999152,AVAILABLE,26.886285930314994,70.91400074642674,2995.8788346296656,250.19655871415273
224.7999999999915,AVAILABLE,26.886367889032293,70.9136718071834,2998.000549754991,249.9449696638763
224.8999999999915,AVAILABLE,26.886417485869472,70.91346556648237,3004.1001886461363,249.93904503875865
224.9999999999915,AVAILABLE,26.886506515295316,70.91323811353077,2999.986238343469,249.7956683894329
225.0999999999915,AVAILABLE,26.88654966530765,70.91297668058957,2995.2192559714504,249.99858920075278
225.1999999999915,AVAILABLE,26.88659333084271,70.91276921842203,3002.5152773907544,249.92474843610108
225.29999999999148,AVAILABLE,26.88663143003106,70.91251988306702,3000.910327875004,250.0335109967287
225.39999999999148,AVAILABLE,26.886744631491567,70.91224129222756,2996.395574996472,249.94484072108796
225.49999999999147,AVAILABLE,26.886779635384496,70.91204344734868,3002.356697220144,250.0662415571526
225.59999999999147,AVAILABLE,26.886829949576796,70.91178241529119,2998.808982762026,249.9681620093387
225.69999999999146,AVAILABLE,26.88691686309873,70.91153100835207,2998.3812463540526,250.0821642901415
225.79999999999146,AVAILABLE,26.886932798219988,70.91127709895932,2999.991119105021,249.9559006058482
225.89999999999145,AVAILABLE,26.887023330504352,70.911067063513,2999.597786791828,249.98584986161268
225.99999999999145,AVAILABLE,26.887098395732984,70.91081822214784,3004.1176850469155,249.94979447497886
226.09999999999144,AVAILABLE,26.88714771543965,70.91059999558529,2999.803214367978,249.96819026662345
226.19999999999143,AVAILABLE,26.887199984251982,70.91032165214223,2997.3274389479366,249.91681566815453
226.29999999999143,AVAILABLE,26.88724819845019,70.91008402038885,2997.993264385535,249.89402919911447
226.39999999999142,AVAILABLE,26.887332583610863,70.90984208012623,2997.1143763724467,250.1446992439153
226.49999999999142,AVAILABLE,26.887370829624242,70.90959216671229,2998.5180600569097,249.89636897034458
226.5999999999914,AVAILABLE,26.88742198575664,70.90935913601942,2996.658869572157,249.80103607550586
226.6999999999914,AVAILABLE,26.887514866285226,70.90911399328361,3001.451900712344,249.95578119057203
226.7999999999914,AVAILABLE,26.88751415427432,70.90885542670097,3002.6804571858697,249.8140167244001
226.8999999999914,AVAILABLE,26.887613508903545,70.90859505798545,3000.7393059246874,250.09407416096363
226.9999999999914,AVAILABLE,26.887669609098744,70.90839375617804,2996.939259114468,250.0461391097122
227.09999999999138,AVAILABLE,26.88772242936817,70.90813318552559,3002.0779798167478,250.02487649926366
227.19999999999138,AVAILABLE,26.88779261339029,70.90790142904312,2999.103879303606,250.05011553712717
227.29999999999137,AVAILABLE,26.887851598072636,70.9076520898921,3001.8150349321763,249.83351735046722
227.39999999999137,AVAILABLE,26.887904884437873,70.90741032055054,3003.0853561868953,250.0192237544384
227.49999999999136,AVAILABLE,26.88797496052539,70.90721227846551,3001.493358876764,249.8121356980477
227.59999999999135,AVAILABLE,26.888006210230564,70.90695237459592,3000.563869090064,249.93017228046375
227.69999999999135,AVAILABLE,26.888072220883917,70.90666169189973,3003.849731354292,249.93747557593815
227.79999999999134,AVAILABLE,26.888139283036708,70.90644067339748,2999.741290311802,250.06917866266306
227.89999999999134,AVAILABLE,26.88818717776713,70.9062137477323,2998.9146803759027,249.9900472286776
227.99999999999133,AVAILABLE,26.888229023893338,70.90599400486805,3000.8225228473675,250.07117430797516
228.09999999999133,AVAILABLE,26.88832800262432,70.90569369162618,2993.188404077611,250.20882883374077
228.19999999999132,AVAILABLE,26.88837375687922,70.90543636654226,3002.0154124227083,250.07216312749378
228.29999999999131,AVAILABLE,26.888396528374436,70.9051804146929,3006.921756040466,249.92760839243473
228.3999999999913,AVAILABLE,26.888496774196803,70.90497634228359,3002.8024487332755,250.09865230524002
228.4999999999913,AVAILABLE,26.88855517218416,70.90474560962356,3000.755223467078,250.0842484713506
228.5999999999913,AVAILABLE,26.888622066527976,70.90451352764545,3006.039287982282,249.7466029803824
228.6999999999913,AVAILABLE,26.88869659521361,70.9042223281849,3000.591743063184,250.01938735158336
228.7999999999913,AVAILABLE,26.88870738134631,70.90401373887997,3000.3425975823616,250.1786397718253
228.89999999999128,AVAILABLE,26.888792305454647,70.90373554368428,2993.301646427636,250.03494352531482
228.99999999999127,AVAILABLE,26.888849785528922,70.90349400633984,2998.2733775359834,250.00634476146803
229.09999999999127,AVAILABLE,26.888900902165215,70.90325178239266,2999.494154523048,250.1876975284178
229.19999999999126,AVAILABLE,26.888977837518688,70.9030539789655,2999.539095243939,249.94408259156418
229.29999999999126,AVAILABLE,26.889005951460796,70.90279536154235,3003.4018601421826,250.03995086872828
229.39999999999125,AVAILABLE,26.88906706704499,70.90253756202044,3005.3990434688203,250.0192489222896
229.49999999999125,AVAILABLE,26.88916505725851,70.90226826697575,2997.4944222213535,249.8625553404311
229.59999999999124,AVAILABLE,26.889202573553263,70.90205306532972,2994.789418244315,249.94875978761652
229.69999999999123,AVAILABLE,26.88928794342804,70.90179855500769,3003.056113835012,250.05283925343298
229.79999999999123,AVAILABLE,26.88929342464661,70.90160128453505,2995.090600008042,250.00599436579145
229.89999999999122,AVAILABLE,26.889388018863837,70.9013024708668,3000.6285521502086,250.15931788228818
229.99999999999122,AVAILABLE,26.889421744390415,70.90109746502901,3000.699311116121,250.03734710451465
230.0999999999912,AVAILABLE,26.88949487532258,70.90082611873822,2998.490055800206,249.94228253751007
230.1999999999912,AVAILABLE,26.889587312596603,70.9005690927594,2994.799943826971,249.9819790194449
230.2999999999912,AVAILABLE,26.889615744341867,70.90034754133302,2996.931199582116,249.99002001071554
230.3999999999912,AVAILABLE,26.88968953254931,70.90013046899512,3000.377760891186,250.1219598160518
230.4999999999912,AVAILABLE,26.88970603338481,70.8998961382743,2994.0471016146485,249.9514268769363
230.59999999999118,AVAILABLE,26.88978755888034,70.89958599019623,2998.817415964154,249.905973386415
230.69999999999118,AVAILABLE,26.889861658214503,70.8993685088564,2997.2890483052215,249.77746354552127
230.79999999999117,AVAILABLE,26.889890950555852,70.89915776222145,3004.329641906286,249.93347164572037
230.89999999999117,AVAILABLE,26.889970164554917,70.89888617451834,2997.1568218510884,249.88845690636782
230.99999999999116,AVAILABLE,26.89000914635401,70.89867620382373,3000.0599145197007,249.79892561447662
231.09999999999116,AVAILABLE,26.890102693021618,70.89842152723736,3003.2522073717114,249.91798709231225
231.19999999999115,AVAILABLE,26.890137502870036,70.89813458384523,3002.5166421867953,250.08956834772252
231.29999999999114,AVAILABLE,26.890228331246334,70.89788217617598,3006.454902774427,250.19042865155558
231.39999999999114,AVAILABLE,26.890243680035443,70.89766297044375,3000.285658997133,249.9829056489656
231.49999999999113,AVAILABLE,26.890287595706425,70.89744530810151,3003.987056515372,250.04258333107796
231.59999999999113,AVAILABLE,26.890377866442332,70.89715007312138,3003.2216132516573,249.81657119391113
231.69999999999112,AVAILABLE,26.890425819617384,70.89694539126128,3000.285666287448,249.98601235331128
231.79999999999112,AVAILABLE,26.890499484328117,70.8966903042511,3000.724307961888,249.87783107948744
231.8999999999911,AVAILABLE,26.89055914485846,70.89647020101057,3004.8331896641616,250.00441825305955
231.9999999999911,AVAILABLE,26.890620808787393,70.89620692593643,2997.043862912367,250.01067720742623
232.0999999999911,AVAILABLE,26.890674515257064,70.89595633123159,3006.3450613421246,249.9675195243288
232.1999999999911,AVAILABLE,26.890738324624436,70.89570794481862,3002.3704762800417,250.02595278740984
232.2999999999911,AVAILABLE,26.89078429624364,70.89548431993225,3005.9275960998616,249.9201680737174
232.39999999999108,AVAILABLE,26.890879277299447,70.89522230235904,3001.6304751818934,249.9970659493696
232.49999999999108,AVAILABLE,26.890902392430895,70.89497157979314,2997.6476609212373,250.14815730005233
232.59999999999107,AVAILABLE,26.89096117238373,70.89473598079078,3000.962496465411,249.90501244070407
232.69999999999106,AVAILABLE,26.891056954744272,70.89452795354543,3001.5468934624546,250.115295807682
232.79999999999106,AVAILABLE,26.89109707520461,70.89426103873505,3004.171022558592,249.97785022856857
232.89999999999105,AVAILABLE,26.891125583999404,70.8939994177724,2997.6391130086445,250.00255783320384
232.99999999999105,AVAILABLE,26.891209860006306,70.89377945069536,3000.510071177839,249.98290653517554
233.09999999999104,AVAILABLE,26.89129190210394,70.89354312004286,3006.843146602432,250.17486574409094
233.19999999999104,AVAILABLE,26.891328960363,70.89332812675528,2995.907670639169,250.07830232557768
233.29999999999103,AVAILABLE,26.89138577585451,70.89310442216163,3001.6981935756526,250.02436295977677
233.39999999999102,AVAILABLE,26.891427377170693,70.89279649367754,3002.155567886972,250.10981669341174
233.49999999999102,AVAILABLE,26.89150297893207,70.8925496351439,3004.4821798796247,249.99725465637604
233.599999999991,AVAILABLE,26.891559852229673,70.89229275688257,2998.9605293171685,250.01537334192832
233.699999999991,AVAILABLE,26.891616655576378,70.89209162345782,3002.6141499356277,249.79288187100093
233.799999999991,AVAILABLE,26.891691036919273,70.89185351687208,3007.2126791866212,250.00812220815797
233.899999999991,AVAILABLE,26.891752051096383,70.89157965395398,2997.3754270714026,250.0978633264345
233.999999999991,AVAILABLE,26.891777383590053,70.89130413300096,3000.167167930611,249.9599396794971
234.09999999999098,AVAILABLE,26.891839439733943,70.89110973396949,2997.4245643230292,249.8941098942435
234.19999999999098,AVAILABLE,26.891922068358276,70.89086032773521,2999.2008969471394,250.17100902231329
234.29999999999097,AVAILABLE,26.891924285035117,70.89060596928279,2998.668642332466,249.66749481016907
234.39999999999097,AVAILABLE,26.892031863050285,70.89037216195611,3002.9970161382544,250.0638229654869
234.49999999999096,AVAILABLE,26.89213156718836,70.89014337281601,3001.708293081614,249.98625903991464
234.59999999999096,AVAILABLE,26.892155169693094,70.8898945161447,2997.119284391731,249.825399484266
234.69999999999095,AVAILABLE,26.892205028362447,70.889645375203,3003.3978984341484,250.06374738012067
234.79999999999094,AVAILABLE,26.892267389040622,70.88936311103137,3003.835754262215,250.00082301214297
234.89999999999094,AVAILABLE,26.892313909569133,70.88913766178871,3002.8408239261844,249.8952795187383
234.99999999999093,AVAILABLE,26.89239330135774,70.88889040579414,2998.455100775023,250.07551321339372
235.09999999999093,AVAILABLE,26.892428235169035,70.8886813517312,2991.1837494211572,249.98479611223536
235.19999999999092,AVAILABLE,26.892521380396744,70.88841418631384,2999.8046662755796,249.9488094248631
235.29999999999092,AVAILABLE,26.89255749919283,70.88818231298761,3005.84928531285,249.8736057916445
235.3999999999909,AVAILABLE,26.892647033100708,70.8879259441876,3000.128445904654,250.0595801971938
235.4999999999909,AVAILABLE,26.892695598516834,70.88766823437993,3002.5033783509284,250.02886382859717
235.5999999999909,AVAILABLE,26.892689704250582,70.88746108639815,3000.1224030437547,250.03319847202195
235.6999999999909,AVAILABLE,26.892818274365112,70.88720858990239,3006.6505836274673,249.92604152212536
235.7999999999909,AVAILABLE,26.89286287339058,70.88698329232355,2998.9641634006334,249.93726391035509
235.89999999999088,AVAILABLE,26.892915382476573,70.88670348890359,2999.2544771633543,250.06730268677228
235.99999999999088,AVAILABLE,26.892971316390202,70.88648700625328,3007.319866906628,249.79902526484165
236.09999999999087,AVAILABLE,26.893037982409947,70.88626589794312,3002.7371661301163,249.89491202614767
236.19999999999087,AVAILABLE,26.89310766480102,70.88599210549182,2998.9265631940875,250.09503509965504
236.29999999999086,AVAILABLE,26.893179607026177,70.88572278546961,3000.778560146157,249.93985113680728
236.39999999999085,AVAILABLE,26.893229578496197,70.88549358268291,2999.757982150894,249.93281052903725
236.49999999999085,AVAILABLE,26.89323519943509,70.88526841989822,3000.694524897044,250.03233515108744
236.59999999999084,AVAILABLE,26.8932929168067,70.88500089043143,2998.6353656110477,250.00188311221405
236.69999999999084,AVAILABLE,26.89338807965353,70.88477526585758,2998.269501189889,249.78455243315804
236.79999999999083,AVAILABLE,26.893436567915394,70.8845551714812,2999.465359356193,249.85612744939374
236.89999999999083,AVAILABLE,26.893486849588026,70.88430696243168,2998.762148084401,249.8830419157288
236.99999999999082,AVAILABLE,26.893541425340484,70.88406012988762,3002.559756015041,249.9807697595951
237.0999999999908,AVAILABLE,26.893615071289627,70.8837907517321,3008.7445133256756,250.0951770817731
237.1999999999908,AVAILABLE,26.893675796683894,70.8835540365608,2996.833937482794,250.03897982149562
237.2999999999908,AVAILABLE,26.893740975239485,70.88331320028485,2998.962356997404,249.98504985959107
237.3999999999908,AVAILABLE,26.893830148105504,70.88307237398195,2998.6399701037567,249.95326915258195
237.4999999999908,AVAILABLE,26.893868264725718,70.88282957737039,2995.0337658690214,249.85455295688442
237.59999999999079,AVAILABLE,26.89390546338091,70.88259932209829,2997.8204184130677,249.84673714026712
237.69999999999078,AVAILABLE,26.893976338496287,70.88237968775735,3002.3428106092542,250.12425876146025
237.79999999999077,AVAILABLE,26.894028970496898,70.88210878872604,3000.4190165306563,250.00567374914618
237.89999999999077,AVAILABLE,26.894064771920963,70.88189352943255,2999.941628414906,249.93581149269644
237.99999999999076,AVAILABLE,26.89414257873713,70.88158930504346,3003.584963651983,249.95543928286708
238.09999999999076,AVAILABLE,26.894195043882377,70.88138167995177,3001.9449915148757,249.96640909866485
238.19999999999075,AVAILABLE,26.894273684553983,70.88112496844359,2998.2276149892905,250.13212106505688
238.29999999999075,AVAILABLE,26.89433657324922,70.88088121473189,3006.4509756439215,250.13971067594647
238.39999999999074,AVAILABLE,26.894397839120273,70.88063105684073,3004.4072757276826,250.03451941475447
238.49999999999073,AVAILABLE,26.8944508914724,70.88042019638391,3001.4663946377946,250.06753020057425
238.59999999999073,AVAILABLE,26.894538887892104,70.8801597765368,3004.442495517323,249.94739852818725
238.69999999999072,AVAILABLE,26.894574309763044,70.87990312539898,2997.813526835672,249.85403522414776
238.79999999999072,AVAILABLE,26.894640351005165,70.87965616124178,2999.2136362053348,250.08591610088715
238.8999999999907,AVAILABLE,26.894695625932407,70.8794002615031,2997.996051655317,250.16194463915016
238.9999999999907,AVAILABLE,26.894728039419835,70.87919954760567,3001.9520975791274,249.89828441630408
239.0999999999907,AVAILABLE,26.89480644896214,70.8789737407927,3002.877776742859,249.96457064731146
239.1999999999907,AVAILABLE,26.89482456067219,70.87873725216846,2994.459782179445,250.035043760158
239.2999999999907,AVAILABLE,26.89490801671983,70.87843281658822,2998.2250121706234,250.01216004031812
239.39999999999068,AVAILABLE,26.894957315603577,70.87821006238114,2998.3124865147115,250.17139272256446
239.49999999999068,AVAILABLE,26.895049912135953,70.87794984560985,3002.592165646628,249.98020980103078
239.59999999999067,AVAILABLE,26.89510633401546,70.87777930132457,2994.166304048376,249.93161959388817
239.69999999999067,AVAILABLE,26.89516366642786,70.87747718844733,2994.5642994076507,249.87090773734255
239.79999999999066,AVAILABLE,26.89522792047985,70.877232114453,3005.6897442041072,250.01897406382494
239.89999999999065,AVAILABLE,26.89531219780283,70.87698942511905,3000.1504597514217,250.00339955739375
239.99999999999065,AVAILABLE,26.89532217100262,70.87678944272268,3001.5044165349127,249.86419697913502
240.09999999999064,AVAILABLE,26.89539560391538,70.87651161927732,3000.205959635914,250.0023677565984
240.19999999999064,AVAILABLE,26.89543041892002,70.87626288066546,3002.2572724654315,250.01850700601895
240.29999999999063,AVAILABLE,26.895514218096164,70.87605608697815,2999.574795127605,249.96496081014638
240.39999999999063,AVAILABLE,26.895558116942677,70.87577123934649,3000.6108111802896,249.95849115479007
240.49999999999062,AVAILABLE,26.895628167830413,70.87553452920204,2996.019754059019,249.95372612342314
240.59999999999062,AVAILABLE,26.895705096712625,70.87531377727115,3000.0604769747474,249.999144282804
240.6999999999906,AVAILABLE,26.895740952361518,70.87505263754153,3003.2026848920377,249.967187655799
240.7999999999906,AVAILABLE,26.89578241142404,70.87482514738416,3003.6247456746714,249.98808192703478
240.8999999999906,AVAILABLE,26.895839336113426,70.87454899240859,3001.535673058957,250.01604587839438
240.9999999999906,AVAILABLE,26.89589972761882,70.87433950518366,2996.128133716094,250.03591851395151
241.0999999999906,AVAILABLE,26.89597309696635,70.87409489471787,3001.756501270206,250.10295508797668
241.19999999999058,AVAILABLE,26.89600952656264,70.87383475107669,3001.541547016093,250.11756122040308
241.29999999999058,AVAILABLE,26.896091120163504,70.87354236472139,3000.8709654284175,249.96925632746883
241.39999999999057,AVAILABLE,26.89615400785001,70.87333133428967,3001.5792458431697,249.87754898682425
241.49999999999056,AVAILABLE,26.896176604443305,70.87309659913602,2994.585364697949,250.00035869827863
241.59999999999056,AVAILABLE,26.896275937367765,70.87286057234533,3004.0266013021937,250.0848412834552
241.69999999999055,AVAILABLE,26.896337136904187,70.87264722238807,3000.26059194614,249.8814456236156
241.79999999999055,AVAILABLE,26.896418841616953,70.87238033412913,2994.8645991926332,249.91132869272806
241.89999999999054,AVAILABLE,26.89646322817824,70.87211719894957,3000.4615440208236,249.89634724387497
241.99999999999054,AVAILABLE,26.89651764005864,70.87185967295764,2997.8688951547574,249.98877598897457
242.09999999999053,AVAILABLE,26.89656016874441,70.8716375062034,3002.1491492000737,249.99147106910473
242.19999999999052,AVAILABLE,26.896583050164786,70.87144133477172,3000.1097337962397,250.04205906622343
242.29999999999052,AVAILABLE,26.896708828090535,70.87119976453155,2999.2356145487406,249.955937682027
242.3999999999905,AVAILABLE,26.896753500451954,70.87087512438539,3000.220447814023,250.0449965217555
242.4999999999905,AVAILABLE,26.896770731612907,70.8706512374971,2999.459528514995,250.0615164198315
242.5999999999905,AVAILABLE,26.896859136702133,70.87043094223012,2997.1816148766497,250.09844183153314
242.6999999999905,AVAILABLE,26.896901143897175,70.87017540148395,2999.3661474682913,249.83772197334562
242.7999999999905,AVAILABLE,26.896977868679798,70.86993200917588,3003.2732454897755,250.04928681932034
242.89999999999048,AVAILABLE,26.89702986340119,70.86968240004994,3002.6215476325656,249.95303478965715
242.99999999999048,AVAILABLE,26.897091464093144,70.8694375035028,2996.0164325008627,249.93392506093375
243.09999999999047,AVAILABLE,26.897139009456918,70.86919911081989,3004.241338052885,250.11595908458963
243.19999999999047,AVAILABLE,26.89718613799011,70.86900838698881,3002.998856957462,250.08300883093818
243.29999999999046,AVAILABLE,26.897256884018027,70.8687131706309,3001.021262772145,249.95374624840443
243.39999999999046,AVAILABLE,26.897325615380485,70.8684769310586,2997.886453426859,249.74111102037446
243.49999999999045,AVAILABLE,26.897382478930126,70.86823382910168,2997.0680254033887,250.18500915127947
243.59999999999044,AVAILABLE,26.89745838265753,70.86795578410964,2997.340331404408,249.96370043184697
243.69999999999044,AVAILABLE,26.897535531466684,70.86777714322157,2999.461595270951,250.0902084415992
243.79999999999043,AVAILABLE,26.897555971431895,70.86753603032925,3003.590141068369,249.99189405671822
243.89999999999043,AVAILABLE,26.897627689363013,70.86723905708251,2992.9013850432275,250.11713794566975
243.99999999999042,AVAILABLE,26.897676325470577,70.8670356109182,3000.75451987622,249.9502733816884
244.09999999999042,AVAILABLE,26.897741215502162,70.8667968493707,3005.5266909172747,249.92543467562382
244.1999999999904,AVAILABLE,26.897783902651454,70.86650725414047,3002.4209430837805,249.8513005205201
244.2999999999904,AVAILABLE,26.897866049680268,70.86633376455694,3002.258177428592,249.9541652099392
244.3999999999904,AVAILABLE,26.897930355960646,70.86605324940271,2998.1738917605608,250.13073692892175
244.4999999999904,AVAILABLE,26.89796940799724,70.86580819709893,2995.5817481808817,249.93665553842882
244.5999999999904,AVAILABLE,26.89803893091928,70.86552619437171,2999.2585958860723,249.98857098905765
244.69999999999038,AVAILABLE,26.898072607109416,70.8653196094152,2998.7783985529663,249.92234253247926
244.79999999999038,AVAILABLE,26.898173642557744,70.8650830915947,3001.0728546492182,250.1113739963095
244.89999999999037,AVAILABLE,26.89817756237674,70.86482423430786,3003.8602000251085,249.97217094902146
244.99999999999037,AVAILABLE,26.898295357399064,70.86462376201489,2997.0951047778453,250.13006125974283
245.09999999999036,AVAILABLE,26.898331795265563,70.86432844247558,3002.882043087085,249.98636913885514
245.19999999999035,AVAILABLE,26.8983762861678,70.86407668105035,3002.7047658078586,249.87662199082183
245.29999999999035,AVAILABLE,26.89847922710238,70.86383756989095,2996.2375358646777,250.02784521717237
245.39999999999034,AVAILABLE,26.898490515280972,70.86361286212765,3001.469643499537,250.0553347469006
245.49999999999034,AVAILABLE,26.89856357009275,70.86332925993742,3002.519686777609,250.05499850322133
245.59999999999033,AVAILABLE,26.898606870764905,70.86315004463953,3002.25823520807,249.86496901916354
245.69999999999033,AVAILABLE,26.89869845530702,70.86288702165528,3003.251967015067,250.12009720148617
245.79999999999032,AVAILABLE,26.89873834752119,70.86262182411102,2997.084649517546,250.06784691588783
245.8999999999903,AVAILABLE,26.898794079127654,70.86240125394397,2998.4162046748934,250.06034340259654
245.9999999999903,AVAILABLE,26.898846391603776,70.86213124718566,2994.428958059302,250.2427935100532
246.0999999999903,AVAILABLE,26.898928099366376,70.86192861178411,2999.415057176839,249.9124144139323
246.1999999999903,AVAILABLE,26.898971949645624,70.86168187705775,2991.5504559863,250.10816463062105
246.2999999999903,AVAILABLE,26.89902772145781,70.86141133637794,2998.3354285079176,250.32111431685672
246.39999999999029,AVAILABLE,26.899118051910943,70.86119073292706,2998.206335316135,250.01743554814652
246.49999999999028,AVAILABLE,26.899129261660974,70.86093745135503,3002.3678308413187,250.00851016805657
246.59999999999027,AVAILABLE,26.899194007260128,70.86070882549889,3003.7629532976207,249.9794150993501
246.69999999999027,AVAILABLE,26.89931627429482,70.86044324413865,2997.9198371493226,249.8373664399805
246.79999999999026,AVAILABLE,26.899316874233076,70.86018642587028,2997.349086344896,249.9765458588209
246.89999999999026,AVAILABLE,26.899416584278594,70.85996571814528,3000.8958312174477,249.987900232367
246.99999999999025,AVAILABLE,26.899451916276796,70.85968193700684,3005.940996493749,250.08052905130742
247.09999999999025,AVAILABLE,26.89954106482586,70.85941667128633,3003.5137916881968,249.98128673910995
247.19999999999024,AVAILABLE,26.899551169904953,70.85924003484337,2995.735828465088,249.93362934491256
247.29999999999023,AVAILABLE,26.899644762379502,70.8589928447873,2998.065734069568,249.88027502049226
247.39999999999023,AVAILABLE,26.89971481985812,70.85871113703683,2998.570079427507,250.0955457619961
247.49999999999022,AVAILABLE,26.89972689417843,70.858520006986,3002.4890668319067,249.9232758514871
247.59999999999022,AVAILABLE,26.89979734566853,70.85824531953551,3000.0358256598024,249.91171237015033
247.6999999999902,AVAILABLE,26.899863892331798,70.85801868917821,3006.0731551727285,250.11934931533867
247.7999999999902,AVAILABLE,26.89989785024569,70.85774857594825,2997.7555550786083,250.0541547333115
247.8999999999902,AVAILABLE,26.899939989243887,70.857549066885,2998.848585346616,250.08860997965965
247.9999999999902,AVAILABLE,26.900046030326592,70.85726560153888,2999.767277886272,249.9475650780149
248.0999999999902,AVAILABLE,26.900114319850637,70.85704099338707,3001.806709213645,249.97140259849783
248.19999999999018,AVAILABLE,26.900162524396077,70.85680418104756,3000.7204597576047,250.03455918882867
248.29999999999018,AVAILABLE,26.90021562472908,70.85657684087491,3002.552573793178,250.07547288655363
248.39999999999017,AVAILABLE,26.90026029937022,70.85628853690508,3003.0412484552376,249.96422929586188
248.49999999999017,AVAILABLE,26.900347760695126,70.85604761558562,3004.11768169611,250.05734609345814
248.59999999999016,AVAILABLE,26.900389367832144,70.85579954810271,2999.163574190778,249.99543097491522
248.69999999999015,AVAILABLE,26.900460970909812,70.85558086246118,3000.027034637556,250.0721091920083
248.79999999999015,AVAILABLE,26.900514078188422,70.85534428304292,2996.364926604347,249.77219456109688
248.89999999999014,AVAILABLE,26.90059326170376,70.85509457858716,2998.701327516319,250.21137154382305
248.99999999999014,AVAILABLE,26.900608111738826,70.85487297017931,2997.414750228486,249.876546580531
249.09999999999013,AVAILABLE,26.90068245457553,70.85460443792851,3003.8064128496626,250.14349529264976
249.19999999999013,AVAILABLE,26.90074244559651,70.85433763900579,2998.4869273848976,249.83773242360678
249.29999999999012,AVAILABLE,26.9007988038368,70.85410209009353,2996.609872052287,249.93977068525146
249.39999999999011,AVAILABLE,26.900892641973332,70.8538688908555,2999.0605757476796,250.0365753021557
249.4999999999901,AVAILABLE,26.900903887364983,70.85368423836144,3006.895351338118,250.0335217997713
249.5999999999901,AVAILABLE,26.90096440740839,70.85336890882142,2998.347740714151,249.9530283880246
249.6999999999901,AVAILABLE,26.901044450695654,70.85315642988513,2995.866333260074,249.93117907009733
249.7999999999901,AVAILABLE,26.901109757381043,70.85289262709769,3000.0154909577705,249.859730125977
249.8999999999901,AVAILABLE,26.9011447769958,70.85264165502616,3006.7819893342153,249.89054244169668
249.99999999999008,AVAILABLE,26.90121468569047,70.8524048039795,3002.6404371615076,250.05324872945567
250.09999999999008,AVAILABLE,26.901271535529297,70.85221685691124,2996.8062782024226,250.04155780114107
250.19999999999007,AVAILABLE,26.90128625071397,70.85195496342666,3004.063306836727,250.02470188834394
250.29999999999006,AVAILABLE,26.901395227385233,70.85167764204475,3003.0517658070435,249.91451383384293
250.39999999999006,AVAILABLE,26.901404500252497,70.8514487071432,3002.0623511055546,249.9251991834165
250.49999999999005,AVAILABLE,26.901522079480344,70.85119584224185,3003.256243755667,250.0243759433829
250.59999999999005,AVAILABLE,26.901565288621867,70.85098419591446,2998.909876198055,250.06637264021847
250.69999999999004,AVAILABLE,26.90161542278207,70.85070982850742,3001.316035049625,249.99505556200108
250.79999999999004,AVAILABLE,26.901671398318186,70.850489716171,2995.693991645583,249.9299562606738
250.89999999999003,AVAILABLE,26.90173946558209,70.85021667054482,3006.2264516973923,250.11037240585574
250.99999999999002,AVAILABLE,26.90177616917721,70.85000852196659,3002.055987430435,249.9494585936184
251.09999999999002,AVAILABLE,26.901850539232857,70.84973771843578,3004.225912771843,250.0190898564856
251.19999999999,AVAILABLE,26.901899022126877,70.84950668749964,2998.9342690562735,249.76974013799028
251.29999999999,AVAILABLE,26.901965226646055,70.84930082250096,2997.7028877665275,249.84297388734825
251.39999999999,AVAILABLE,26.90204729753446,70.84903233934575,2996.802873384975,250.05811825242463
251.49999999999,AVAILABLE,26.90209886088266,70.8487482250373,2993.2556161643956,249.90921851123107
251.59999999999,AVAILABLE,26.902116936838723,70.84853323881859,2993.957897094637,249.9576514689541
251.69999999998998,AVAILABLE,26.90220387596018,70.84831444740112,3000.644626205715,250.05952335700198
251.79999999998998,AVAILABLE,26.902263546741274,70.84802966583312,2999.3258217252073,249.95891631777803
251.89999999998997,AVAILABLE,26.90234963174742,70.84782491064183,3002.2347554220887,249.91239994223022
251.99999999998997,AVAILABLE,26.90237861983612,70.84756165846306,2999.0625216523404,250.09635363961945
252.09999999998996,AVAILABLE,26.902430792689294,70.84731731217873,2998.855587144615,249.86907648935048
252.19999999998996,AVAILABLE,26.902505107476156,70.84707649805927,3000.2832851458097,250.09128794260093
252.29999999998995,AVAILABLE,26.90256045488577,70.84682428512087,3001.9394650921668,250.03096375963884
252.39999999998994,AVAILABLE,26.902623862897464,70.84659077804402,2996.5031737645413,250.0478775246496
252.49999999998994,AVAILABLE,26.90266830269242,70.84636167397986,3001.581148009595,250.07276057623756
252.59999999998993,AVAILABLE,26.90276644071285,70.84608808918883,2998.967942715474,249.87238490147035
252.69999999998993,AVAILABLE,26.902793874631307,70.84583143206616,2999.5822142625025,249.94575927487136
252.79999999998992,AVAILABLE,26.902872684074893,70.84563291272372,3003.7599174944803,250.00407613302943
252.89999999998992,AVAILABLE,26.902908558209393,70.84536891381826,2995.8365235727683,250.01918200731683
252.9999999999899,AVAILABLE,26.902953102795635,70.84510539168554,2998.920303477114,250.20858336256862
253.0999999999899,AVAILABLE,26.903033976592305,70.84484396452164,3002.708930655035,250.2041973050057
253.1999999999899,AVAILABLE,26.903094129708787,70.84461890463942,2995.8370627980466,250.00954309195095
253.2999999999899,AVAILABLE,26.903121797867605,70.84438262407811,2998.9777423289056,249.95873896979185
253.3999999999899,AVAILABLE,26.903216914293033,70.84414394267584,2998.1020514979023,250.05553555384526
253.49999999998988,AVAILABLE,26.903261866923557,70.8438945394411,2996.4396073479825,249.95797930764644
253.59999999998988,AVAILABLE,26.903311798590074,70.84364034424783,3004.5821377740203,250.13129578150384
253.69999999998987,AVAILABLE,26.90337578079254,70.8433953918207,3002.832288939235,250.0556336758085
253.79999999998986,AVAILABLE,26.903482743545474,70.84315122748225,3002.700579850583,250.0691432985922
253.89999999998986,AVAILABLE,26.903493344264167,70.84293311727225,3000.0610573248955,250.12426261644234
253.99999999998985,AVAILABLE,26.90356846462899,70.84273393013872,2997.945300864602,250.0332048534248
254.09999999998985,AVAILABLE,26.903617151534224,70.84243675022357,2994.9782107746732,250.02146428093684
254.19999999998984,AVAILABLE,26.903674492326306,70.84219012916712,2997.501898824912,250.07430962793404
254.29999999998984,AVAILABLE,26.903733283238196,70.84200875379908,2998.876109952642,249.9113116424456
254.39999999998983,AVAILABLE,26.903775544360588,70.84172452143372,2994.151222609511,249.89789730805526
254.49999999998983,AVAILABLE,26.903908482817673,70.84149860803198,2996.8161175884434,249.91976426081666
254.59999999998982,AVAILABLE,26.903901575725005,70.84123143830013,2997.1289939271464,249.88677601101898
254.6999999999898,AVAILABLE,26.903981928547164,70.84101490561451,2998.59727138854,250.06842036452085
254.7999999999898,AVAILABLE,26.904030125113245,70.84080035573419,2999.837714852146,250.05378755784903
254.8999999999898,AVAILABLE,26.904141168895727,70.8404538644548,2999.4127382700844,250.0495444554345
254.9999999999898,AVAILABLE,26.904166221951307,70.84023667031225,3003.244184401542,249.88959702093288
255.0999999999898,AVAILABLE,26.904194585539653,70.84001973668002,2996.558564338616,249.89960047609136
255.19999999998979,AVAILABLE,26.90428476397971,70.83979392559242,3000.0382945209585,249.90196302300564
255.29999999998978,AVAILABLE,26.90432574037741,70.83951338960902,2999.9737023074767,250.0525554136906
255.39999999998977,AVAILABLE,26.90440205132873,70.8392864746204,3003.8072149224404,250.01079526556222
255.49999999998977,AVAILABLE,26.904425628484766,70.83902949686316,3003.2951814902185,249.99221012804915
255.59999999998976,AVAILABLE,26.904526222131913,70.83876346879451,2997.5896826751227,250.13464036728132
255.69999999998976,AVAILABLE,26.90457835727361,70.83853987512147,2996.643828547109,249.92638080926662
255.79999999998975,AVAILABLE,26.904618103551616,70.83832749499297,2999.7066531871683,249.8712025380913
255.89999999998975,AVAILABLE,26.904679405059426,70.83809266271852,3000.1148088463783,250.2251990334706
255.99999999998974,AVAILABLE,26.904753378822793,70.8377985643113,3003.5153686731805,249.87697730000434
256.09999999998973,AVAILABLE,26.904784361079034,70.83756896648286,2998.2987495716225,250.02040995263886
256.19999999998976,AVAILABLE,26.90487283273458,70.83735195429146,3000.827972664161,249.95256844790035
256.2999999999898,AVAILABLE,26.90487374754894,70.83707051260602,3000.1822962896294,250.07071044983076
256.3999999999898,AVAILABLE,26.905003300189765,70.83683012233693,3004.77139921824,249.97321314650307
256.4999999999898,AVAILABLE,26.905010801789263,70.83657765542871,2998.300957760792,249.93838296741248
256.59999999998985,AVAILABLE,26.905083361924422,70.83637695592192,3001.509179647269,250.03652223305082
256.69999999998987,AVAILABLE,26.905144536727335,70.83611513559008,2999.1431382294904,250.00761854353956
256.7999999999899,AVAILABLE,26.905196333001626,70.83583963037869,2998.8839653697346,250.03366595013972
256.8999999999899,AVAILABLE,26.905296102602165,70.83561230921158,2997.2653905549255,250.03393558946675
256.99999999998994,AVAILABLE,26.9053378834103,70.83540279401619,2996.394274009551,250.04930947394755
257.09999999998996,AVAILABLE,26.9054016937198,70.83514703907966,2997.1527396928277,250.0202367765655
257.19999999999,AVAILABLE,26.905456175493644,70.83490319884814,3000.4713035700674,250.04929145591518
257.29999999999,AVAILABLE,26.90550936659086,70.83465188756036,3002.4079505327613,250.0456914134183
257.39999999999003,AVAILABLE,26.90555996921053,70.83444043200946,2999.0227018389346,250.06552724049973
257.49999999999005,AVAILABLE,26.90565726770163,70.83416906039638,2999.5777073997083,249.93050278240193
257.5999999999901,AVAILABLE,26.905712933637318,70.83390051804325,2999.3139595006487,249.9743306245643
257.6999999999901,AVAILABLE,26.905750085284872,70.83368767945751,2996.638257496016,250.07615103404837
257.7999999999901,AVAILABLE,26.905794642688075,70.83345602034709,3003.9051363152766,250.0598308454436
257.89999999999014,AVAILABLE,26.905873269872956,70.8331939808107,2998.715770647943,249.9923532090024
257.99999999999017,AVAILABLE,26.905929655103854,70.83294567168684,3000.8184899292946,249.9857664630854
258.0999999999902,AVAILABLE,26.906003944697165,70.83266105701637,3001.2992234143235,250.00954149105235
258.1999999999902,AVAILABLE,26.90602387790364,70.83246570879528,2999.4437090754927,249.84370481323023
258.29999999999023,AVAILABLE,26.906097199010816,70.83222278998711,3002.0015894204457,249.86478436314658
258.39999999999026,AVAILABLE,26.9061497391926,70.83195966500668,3001.5346993108396,250.0348434617242
258.4999999999903,AVAILABLE,26.906186899262376,70.83177774205757,3000.62114780022,249.9747170489587
258.5999999999903,AVAILABLE,26.90629392816587,70.83145925985272,2996.785441606131,249.94574683879623
258.6999999999903,AVAILABLE,26.906336559459724,70.831253967946,3002.707390193014,249.91909066189692
258.79999999999035,AVAILABLE,26.90636913328663,70.83101681388005,2996.976787306305,250.0508229226452
258.89999999999037,AVAILABLE,26.906475154420534,70.83076034917252,3001.646117076584,249.93692512679158
258.9999999999904,AVAILABLE,26.906496373234106,70.83049009969513,3001.82277173411,250.00329900534373
259.0999999999904,AVAILABLE,26.906569419631527,70.83027960888543,2999.6224149493055,249.9808068467543
259.19999999999044,AVAILABLE,26.9066172692953,70.83003961242706,2998.309813693074,249.96639466191368
259.29999999999046,AVAILABLE,26.906678476473584,70.82979113847705,3001.4350885143513,249.98803525780016
259.3999999999905,AVAILABLE,26.90674727396428,70.82955260853967,3002.7618477314236,249.93277704478857
259.4999999999905,AVAILABLE,26.906803246856082,70.82931624475937,3001.256376820059,249.86055299543648
259.59999999999053,AVAILABLE,26.906850438927105,70.82907415474243,2997.7093842117374,249.79120621970304
259.69999999999055,AVAILABLE,26.90690282732809,70.82885536159753,3003.2979657319647,249.94874627300135
259.7999999999906,AVAILABLE,26.90698467948001,70.82856488856868,3000.623775329592,249.93470211403303
259.8999999999906,AVAILABLE,26.907056738914786,70.82829520859825,2997.7249610353115,249.94198483544412
259.9999999999906,AVAILABLE,26.90710633488051,70.82806999933266,3001.699459000344,250.00432945062727
260.09999999999064,AVAILABLE,26.907147532305093,70.82783019107582,2998.652632817822,249.93525974516353
260.19999999999067,AVAILABLE,26.90721731846949,70.82758096978037,3003.556736276773,250.0920637329921
260.2999999999907,AVAILABLE,26.907296506199714,70.82738421103825,3003.793425536894,250.01490845183707
260.3999999999907,AVAILABLE,26.907321789983712,70.82710882163016,2998.1037291997886,249.98642944557855
260.49999999999073,AVAILABLE,26.907366291821656,70.82687119217789,3001.4048393302232,249.95965986758728
260.59999999999076,AVAILABLE,26.90745098621321,70.82664341422112,2998.783413609522,249.91644301649657
260.6999999999908,AVAILABLE,26.90747613754999,70.82638544137437,3003.0461263929187,249.86723687619477
260.7999999999908,AVAILABLE,26.90757598073787,70.82615828952764,3003.3650684910776,250.03926863379127
260.8999999999908,AVAILABLE,26.907615355301676,70.8258574990768,2995.302061189743,249.96218367222332
260.99999999999085,AVAILABLE,26.907685110484884,70.8256289648184,2997.84032706924,249.90190692807505
261.09999999999087,AVAILABLE,26.907748145920042,70.82543418918148,3005.6078682448465,249.81604463681688
261.1999999999909,AVAILABLE,26.907816717588602,70.82513754761307,3003.7616827377055,250.15333936177453
261.2999999999909,AVAILABLE,26.907887968025467,70.82492992352624,2998.6907786018905,250.11456686921238
261.39999999999094,AVAILABLE,26.907863812774504,70.82465041115282,3003.1625191094863,249.87563077555654
261.49999999999096,AVAILABLE,26.90800152742302,70.82444313130526,2994.0245948090187,250.00963725749497
261.599999999991,AVAILABLE,26.90804170711079,70.8242166993172,2999.4771387855812,250.1072329791409
261.699999999991,AVAILABLE,26.90812295305252,70.82394585977633,3001.3528838220645,250.0507293253352
261.79999999999103,AVAILABLE,26.90815786478899,70.82370421556054,3001.265705497472,250.02807276057536
261.89999999999105,AVAILABLE,26.908205723359075,70.8234586229948,2995.8681833492537,249.80708249510377
261.9999999999911,AVAILABLE,26.908254373951674,70.82319348078119,3000.5075579542104,249.98527293585957
262.0999999999911,AVAILABLE,26.90829131792604,70.82295868801782,2999.5365227131606,249.97042555118625
262.1999999999911,AVAILABLE,26.90838838741144,70.82272955858193,3001.8657327250817,250.08476608295135
262.29999999999114,AVAILABLE,26.908468563157438,70.82248553443843,2999.843791891265,249.94924509470678
262.39999999999117,AVAILABLE,26.908519162319458,70.82224851628607,2998.810284898839,250.12008200752635
262.4999999999912,AVAILABLE,26.90855455096654,70.82199251469284,3005.809388883222,250.01221735927209
262.5999999999912,AVAILABLE,26.908620912507665,70.82175503877534,3000.746798739265,249.99830831105115
262.69999999999123,AVAILABLE,26.908718348410833,70.82149871054028,3000.5815785155837,250.08280555243616
262.79999999999126,AVAILABLE,26.90872543690484,70.82127134427444,3001.6046386039543,249.96932100107472
262.8999999999913,AVAILABLE,26.908807945321662,70.82101805524927,3007.032633056111,249.89451813234763
262.9999999999913,AVAILABLE,26.908833160448623,70.82078043036381,2996.953686181994,249.96729331818688
263.0999999999913,AVAILABLE,26.908915468681545,70.8205334315293,3001.089705039986,250.01641924406667
263.19999999999135,AVAILABLE,26.908971707102307,70.82028399041091,2998.405899981416,250.09532221313341
263.29999999999137,AVAILABLE,26.90901011924384,70.82002453697902,2998.721846082272,250.03675293582089
263.3999999999914,AVAILABLE,26.909084784759177,70.81982972707388,2999.748707125779,250.1202367309518
263.4999999999914,AVAILABLE,26.909163887093946,70.81958296407693,2999.4329580382364,249.99571825012708
263.59999999999144,AVAILABLE,26.909263501320286,70.81934072477517,3001.2066799614477,249.96882200784836
263.69999999999146,AVAILABLE,26.909250898362025,70.81907897370698,2995.0360143630382,250.0202382233356
263.7999999999915,AVAILABLE,26.90932609067673,70.81886828475503,2997.2143416836084,249.89764995118594
263.8999999999915,AVAILABLE,26.909360824598707,70.81860144477912,3003.1864887002544,249.9978849855575
263.99999999999153,AVAILABLE,26.909437915016902,70.81834167043384,2997.4257444241484,249.95524742914074
264.09999999999155,AVAILABLE,26.90947556498054,70.818123668918,2998.428806320257,250.10481604534849
264.1999999999916,AVAILABLE,26.90957615873915,70.81787251331149,2997.206127714066,249.9220576525112
264.2999999999916,AVAILABLE,26.9096001849937,70.81757124771212,2997.758801782728,249.97573397334688
264.3999999999916,AVAILABLE,26.909689318459964,70.81738420169565,3005.2537426087893,249.98641816190695
264.49999999999164,AVAILABLE,26.909742498621984,70.81714591641156,2999.5309397758338,249.88894570575323
264.59999999999167,AVAILABLE,26.909815478570952,70.8168938461618,2996.8680512169676,249.83999528496673
264.6999999999917,AVAILABLE,26.909861951142968,70.8166392453869,3001.3458166300907,249.90176628487498
264.7999999999917,AVAILABLE,26.909911496243627,70.81641211491893,2993.5422470777944,249.96647843675387
264.89999999999173,AVAILABLE,26.909970558124233,70.8161882029341,3001.324574459287,249.98720658660054
264.99999999999176,AVAILABLE,26.910049760741206,70.81590864283379,3002.458284973217,249.93991510970946
265.0999999999918,AVAILABLE,26.91008283437398,70.81569133139952,3003.610754538025,250.033496196454
265.1999999999918,AVAILABLE,26.91014793412417,70.81545267107781,2999.389957973589,250.05446121911098
265.2999999999918,AVAILABLE,26.910205283385814,70.81515978112208,3001.195613633815,250.00774795423575
265.39999999999185,AVAILABLE,26.91026063675159,70.81499109867518,3002.023743409897,250.05883011012415
265.49999999999187,AVAILABLE,26.910326398409133,70.81469619163637,3002.0339254511205,250.01220187856998
265.5999999999919,AVAILABLE,26.910372611894243,70.81442553168557,3002.6063867808357,249.92949548106066
265.6999999999919,AVAILABLE,26.910448420082414,70.81417267750176,2999.8877678998856,249.87549073836425
265.79999999999194,AVAILABLE,26.910494190000747,70.81395448863884,3003.6440638611666,249.96255849228325
265.89999999999196,AVAILABLE,26.9105365702077,70.81373855096699,2995.4923833440625,249.99363395880795
265.999999999992,AVAILABLE,26.91065951867131,70.8134777874841,3002.058284125788,250.0712551026849
266.099999999992,AVAILABLE,26.91066293222076,70.8132180351103,2999.3098816606002,249.99733849337696
266.19999999999203,AVAILABLE,26.910755969291586,70.81298925992317,2998.3085097491057,250.00645632729768
266.29999999999205,AVAILABLE,26.91080779321491,70.81275364973996,3004.630452271323,249.82205441695243
266.3999999999921,AVAILABLE,26.9108638308807,70.81250968051245,3001.3401275338547,250.038616958786
266.4999999999921,AVAILABLE,26.910903564992775,70.81224427024596,2999.4358428231185,249.95173465415235
266.5999999999921,AVAILABLE,26.910999181293715,70.8120344753129,2994.8988935386005,249.9973023196922
266.69999999999214,AVAILABLE,26.911025133340935,70.81178358991224,2999.0773278834076,250.12530759548468
266.79999999999217,AVAILABLE,26.91107872761654,70.81156339279876,2998.7205969060733,250.0823218097288
266.8999999999922,AVAILABLE,26.911179549715033,70.81131438095449,2998.090873995426,250.0254778864667
266.9999999999922,AVAILABLE,26.911202453384497,70.81101155373292,2996.863456765436,250.1080804875641
267.09999999999224,AVAILABLE,26.91129546228747,70.8107988661031,2999.129197541119,250.10325277740247
267.19999999999226,AVAILABLE,26.91132472117768,70.8105572490021,3001.3862402866453,249.99321427192277
267.2999999999923,AVAILABLE,26.911396950890893,70.81031265329831,2996.986909314531,249.9191358887441
267.3999999999923,AVAILABLE,26.91145044639435,70.81006612411603,2998.2884065431726,250.019552140771
267.4999999999923,AVAILABLE,26.91150944256633,70.80981692005861,3003.7298410286485,250.05645845967086
267.59999999999235,AVAILABLE,26.911572089641165,70.80959585343672,2998.667061294892,250.0874200758634
267.6999999999924,AVAILABLE,26.911594489946708,70.80932395296261,2996.8384094215285,249.8794541649854
267.7999999999924,AVAILABLE,26.911661195699992,70.80911225357671,3000.5710921922955,249.92288628706828
267.8999999999924,AVAILABLE,26.91177009135496,70.8088629642817,3000.371700424601,249.948113099185
267.99999999999244,AVAILABLE,26.911789670647135,70.80864577477753,3004.969074773025,249.99523920978976
268.09999999999246,AVAILABLE,26.911848356733767,70.80838794115168,2998.9769766104155,250.0706434309286
268.1999999999925,AVAILABLE,26.91190421621842,70.80813149560198,2995.398129925969,249.9634311699045
268.2999999999925,AVAILABLE,26.91195937718362,70.8078861024794,2999.0507180315717,249.9332525611949
268.39999999999253,AVAILABLE,26.912035624638374,70.80762021443122,2999.1803461971604,250.10706972936674
268.49999999999255,AVAILABLE,26.91210353223267,70.80740215243273,3000.9239364985533,249.7603037941765
268.5999999999926,AVAILABLE,26.912176339294994,70.80714275607514,2997.0372907893384,250.1973499685856
268.6999999999926,AVAILABLE,26.912202158028432,70.80692262028961,3006.7387820809417,249.88170749923427
268.7999999999926,AVAILABLE,26.912255708306393,70.80667058053211,3004.6399481467784,250.04882343077873
268.89999999999264,AVAILABLE,26.912344441047964,70.8064536004623,2999.416086495042,250.02500532780323
268.99999999999267,AVAILABLE,26.912400569352602,70.8061872320536,2999.2492799868514,249.95135935002972
269.0999999999927,AVAILABLE,26.91243380259651,70.80596821446618,3003.616274256521,250.03561894371532
269.1999999999927,AVAILABLE,26.91252855813329,70.80566585845834,3000.077981118949,249.94451846976375
269.29999999999274,AVAILABLE,26.912569923511512,70.8054435116259,3005.1547450565527,249.89002810448835
269.39999999999276,AVAILABLE,26.9126454239592,70.80521559938401,2993.4336860775884,249.99923062348537
269.4999999999928,AVAILABLE,26.91270805060431,70.80496500142037,3002.7402430112306,249.93666832331658
269.5999999999928,AVAILABLE,26.912748977606096,70.80475424681879,3001.7882377191218,249.9794735124314
269.6999999999928,AVAILABLE,26.912822613387807,70.80448964152261,3002.9240091836014,249.9134246704156
269.79999999999285,AVAILABLE,26.912857038218814,70.80419291812059,2995.5048493396357,249.99906006663102
269.8999999999929,AVAILABLE,26.912914405708978,70.80401321452251,3005.441158183859,250.12766094905498
269.9999999999929,AVAILABLE,26.91299951820756,70.80373215228802,2995.6760523997877,249.92451939985057
270.0999999999929,AVAILABLE,26.913050167960368,70.80351625873784,2993.8978787212054,249.9839691095336
270.19999999999294,AVAILABLE,26.91308059571499,70.80325164742666,2998.054631034626,250.04014038497732
270.29999999999296,AVAILABLE,26.91313040016605,70.80301692390007,2995.612283444336,250.07923134835747
270.399999999993,AVAILABLE,26.913184532769375,70.80276131099117,2996.4104076541907,249.97875246712493
270.499999999993,AVAILABLE,26.913264653121935,70.80256697945197,2998.7676706607435,249.98194102922514
270.59999999999303,AVAILABLE,26.913323104185867,70.80227318322761,2995.885431900952,250.17289439117854
270.69999999999305,AVAILABLE,26.91337370390386,70.80206545883237,3005.236767950723,249.97290890390417
270.7999999999931,AVAILABLE,26.913444195885937,70.80179818203776,2997.223440545266,249.96939740481304
270.8999999999931,AVAILABLE,26.913490894455894,70.80156414172316,3007.1395602384964,249.96471409579215
270.9999999999931,AVAILABLE,26.913543492993792,70.80127008646662,3004.979357714436,249.95793205740287
271.09999999999314,AVAILABLE,26.91359666332056,70.8010382455386,2994.9704485322477,250.1007618831774
271.19999999999317,AVAILABLE,26.91366698282468,70.80083120860839,2997.0098246774082,249.89647203343924
271.2999999999932,AVAILABLE,26.913776530381462,70.80060302068878,3001.358985287665,249.88170558599847
271.3999999999932,AVAILABLE,26.913803348858902,70.80035217225056,3001.4900993417123,249.82334360866116
271.49999999999324,AVAILABLE,26.91383155923865,70.80006997591796,2994.956396594176,250.25546686168263
271.59999999999326,AVAILABLE,26.91391525081371,70.79989898083433,3002.1405879932227,250.17708496057713
271.6999999999933,AVAILABLE,26.91397633730031,70.79961759454541,3000.28501987942,250.06306401786242
271.7999999999933,AVAILABLE,26.914029172222982,70.79934702776828,3001.637303164647,250.11469787456508
271.8999999999933,AVAILABLE,26.914107146706595,70.79911011127294,2999.3006097043844,250.04193309895138
271.99999999999335,AVAILABLE,26.914148901352185,70.79887447595651,3005.2014884520318,249.94132588223454
272.0999999999934,AVAILABLE,26.91420063561991,70.7986463202525,2998.1266795619067,250.04445049195724
272.1999999999934,AVAILABLE,26.914272670055944,70.79838587966297,3003.616534511566,249.94667411078453
272.2999999999934,AVAILABLE,26.914339372184628,70.79815197273436,3002.2593483617893,250.0602921201053
272.39999999999344,AVAILABLE,26.914347224025896,70.79791587787474,3005.2314322679076,250.00592341889677
272.49999999999346,AVAILABLE,26.914446442360564,70.79771984758294,3003.405918931076,249.90336862907623
272.5999999999935,AVAILABLE,26.914482880356367,70.79743194593578,3005.729095804241,249.8267885766922
272.6999999999935,AVAILABLE,26.914568448365536,70.79718646027105,3001.5467723077354,249.79220357911495
272.79999999999353,AVAILABLE,26.91462030952288,70.79694560575344,3003.8609390561537,249.81531491308212
272.89999999999355,AVAILABLE,26.914686932011943,70.79668200166859,3001.4764690227166,250.04993064405585
272.9999999999936,AVAILABLE,26.91472676108623,70.79646579713094,2991.212874065829,249.92449404014909
273.0999999999936,AVAILABLE,26.91481629258402,70.79622574449024,2992.356626394415,250.20824659365692
273.1999999999936,AVAILABLE,26.914879894138714,70.79593362548393,2999.678702504154,250.19268584250318
273.29999999999364,AVAILABLE,26.914915168930712,70.79573576174633,3000.2553622096616,249.93693389583186
273.39999999999367,AVAILABLE,26.914955297613513,70.79548284999282,3000.938883266117,249.87715258546447
273.4999999999937,AVAILABLE,26.915023235102336,70.79523090299008,3000.011906214306,250.26471843405193
273.5999999999937,AVAILABLE,26.915088235256206,70.79501450781054,3003.035649303798,250.1135071068947
273.69999999999374,AVAILABLE,26.915132284038428,70.79473604878389,3001.2032231589737,250.0836479853363
273.79999999999376,AVAILABLE,26.915208520697902,70.79448387122243,3004.4008890776677,250.1990454023247
273.8999999999938,AVAILABLE,26.91522512928202,70.79425237964765,3001.8700950970974,250.1259097547093
273.9999999999938,AVAILABLE,26.915313427077795,70.79403270149446,3001.112149197445,249.9649874216056
274.0999999999938,AVAILABLE,26.915362166918733,70.79376326001056,3001.9666964009807,249.8643543558229
274.19999999999385,AVAILABLE,26.915445305249722,70.79354005418135,2998.6444470560846,249.9880845103785
274.2999999999939,AVAILABLE,26.915500253849405,70.79325436381369,2997.940418028731,249.90233053782273
274.3999999999939,AVAILABLE,26.915578439278214,70.79301461318,3001.3101860001766,250.01023175893744
274.4999999999939,AVAILABLE,26.915591227775153,70.79283882476024,3003.8087285619918,249.93772047445432
274.59999999999394,AVAILABLE,26.915713400016518,70.79257564160517,2999.803311286547,250.10003130835705
274.69999999999396,AVAILABLE,26.915729522184478,70.7923161774635,3008.1901465631,250.11693634882747
274.799999999994,AVAILABLE,26.915771556847908,70.79203694398876,3001.5288548934395,250.18276506134038
274.899999999994,AVAILABLE,26.915843537845102,70.79186116740982,3006.014092918026,250.01340442796243
274.99999999999403,AVAILABLE,26.915941035046796,70.79157976177758,3000.4793148563786,250.08505043136003
275.09999999999405,AVAILABLE,26.91597155641504,70.79131451182099,3000.70889978558,250.01059578577548
275.1999999999941,AVAILABLE,26.916029133057087,70.79109959239683,2992.180948897011,249.93079380400357
275.2999999999941,AVAILABLE,26.916097004714494,70.79083712291542,3000.243906411517,250.08102102825364
275.3999999999941,AVAILABLE,26.91612116144832,70.79063160998884,2998.4836537468227,249.95027147698264
275.49999999999415,AVAILABLE,26.91618967299122,70.79033360828178,2997.872698615182,250.02168788246374
275.59999999999417,AVAILABLE,26.916249594608193,70.79010940944646,2998.2844842715963,249.90242406433575
275.6999999999942,AVAILABLE,26.916337929153045,70.78986347303571,2997.2618002769627,250.000315052838
275.7999999999942,AVAILABLE,26.916364165053757,70.78966456913035,3000.1998210581196,250.07177566180735
275.89999999999424,AVAILABLE,26.916433733487082,70.78942129448473,2995.614603200602,249.9793695011041
275.99999999999426,AVAILABLE,26.916473821159716,70.78914206349762,2999.245174053774,249.96796940261873
276.0999999999943,AVAILABLE,26.916548509832346,70.78888996125006,2993.2447011699674,249.95359112170007
276.1999999999943,AVAILABLE,26.916583564533134,70.78864491973607,3000.210574524149,250.25981056477892
276.2999999999943,AVAILABLE,26.91663377452303,70.78840607645103,2998.2850881014183,250.05864630129184
276.39999999999435,AVAILABLE,26.916741665728054,70.78816584996841,2998.9242637605444,249.9890411652606
276.4999999999944,AVAILABLE,26.916768005952445,70.78791246370112,2999.432559941789,250.06174433041548
276.5999999999944,AVAILABLE,26.916813594523582,70.78766398189285,3000.392683813963,249.92430310708713
276.6999999999944,AVAILABLE,26.916895395904294,70.78741040325609,2998.6440276537455,249.82646467112477
276.79999999999444,AVAILABLE,26.91698192800991,70.78719234000005,3004.5537929256398,249.92583054488796
276.89999999999446,AVAILABLE,26.91701534430468,70.78697285476878,3003.0037976157373,249.9086418587709
276.9999999999945,AVAILABLE,26.917119581494475,70.78671036454439,3001.171319416438,249.90095258530394
277.0999999999945,AVAILABLE,26.917123294378413,70.786440323369,3000.130909822479,249.94019931730452
277.19999999999453,AVAILABLE,26.917197825955164,70.78622309351452,3005.256873377204,250.08336680371303
277.29999999999455,AVAILABLE,26.91727986336891,70.78601259033707,3000.6871493105546,249.9499308107585
277.3999999999946,AVAILABLE,26.917318928540386,70.78571892554677,2999.411688070507,249.98279145076208
277.4999999999946,AVAILABLE,26.917369754204604,70.78553927294305,2997.218312993329,250.02065597158807
277.5999999999946,AVAILABLE,26.91742445592393,70.78524306956963,3001.866088555126,249.8888237171016
277.69999999999465,AVAILABLE,26.91750324310737,70.78500483728297,2999.8274376463273,249.9284808461839
277.79999999999467,AVAILABLE,26.917512883740546,70.78479110926007,2999.1872326550233,250.07931714654265
277.8999999999947,AVAILABLE,26.917608202840526,70.78451388948244,2999.0819197626765,250.01922668553007
277.9999999999947,AVAILABLE,26.91765459128273,70.78424572124906,2998.921914068367,249.7346482921269
278.09999999999474,AVAILABLE,26.91772594779065,70.78403165592836,2996.5355853870574,249.83849869714376
278.19999999999476,AVAILABLE,26.917777613820867,70.78384320993246,3000.272605140471,250.03031584062344
278.2999999999948,AVAILABLE,26.917870779900397,70.78354065311872,2998.043036850846,249.91640468525904
278.3999999999948,AVAILABLE,26.917883601885336,70.783288603427,3005.476294190777,250.0728803865691
278.4999999999948,AVAILABLE,26.917966197033017,70.78307259998806,3005.6361153996977,249.93756046013655
278.59999999999485,AVAILABLE,26.91803962772333,70.78283808580389,3000.5301763756715,249.95510059473983
278.6999999999949,AVAILABLE,26.918080714100533,70.78256921114637,2999.3118797140023,249.8011662341819
278.7999999999949,AVAILABLE,26.91811228741383,70.78234645395011,3000.6929513586865,249.90573395724306
278.8999999999949,AVAILABLE,26.918220587088463,70.78205350464007,2995.9280438617934,250.05484992587486
278.99999999999494,AVAILABLE,26.918265399532125,70.78184411782188,3001.8346953286973,249.88113027293306
279.09999999999496,AVAILABLE,26.918326231947496,70.78162457519267,2998.3136157633116,249.9724169289829
279.199999999995,AVAILABLE,26.918348424616326,70.78135620310283,3000.20751890186,249.92417958896718
279.299999999995,AVAILABLE,26.918415133647695,70.78111236703886,3000.4508076283214,250.05509384160374
279.39999999999503,AVAILABLE,26.918511023107826,70.78088838061068,3002.791803059477,249.97668375260338
279.49999999999505,AVAILABLE,26.918569997294405,70.7806285750288,2998.7942341699077,249.8322269356481
279.5999999999951,AVAILABLE,26.91860045303523,70.7803577690192,3000.1222961956646,249.9900120905843
279.6999999999951,AVAILABLE,26.918670130754933,70.78013735083262,3000.3836796904898,249.92154898997634
279.7999999999951,AVAILABLE,26.918753250832204,70.77987994710034,2998.408037341263,249.82613747052227
279.89999999999515,AVAILABLE,26.918793300098763,70.77965068859987,2999.106091871467,250.0605312725207
279.99999999999517,AVAILABLE,26.918880081291455,70.77942731303858,2999.4650564791673,250.1491920698257
280.0999999999952,AVAILABLE,26.91891160042702,70.7792210502994,3002.3151872936137,249.98076486513443
280.1999999999952,AVAILABLE,26.918952745954012,70.7789111531184,3002.7888371157887,250.16638297363303
280.29999999999524,AVAILABLE,26.919040868500844,70.77870193472242,2997.972380362677,250.0923461631469
280.39999999999526,AVAILABLE,26.919076580551454,70.77847276812636,3001.696150624371,250.06025088314829
280.4999999999953,AVAILABLE,26.919121281070357,70.77818851968598,3001.2448596125823,249.91889012313874
280.5999999999953,AVAILABLE,26.91919628761249,70.77794083902427,2999.66439046402,250.06729342353114
280.6999999999953,AVAILABLE,26.9192436680065,70.7777251670993,2995.6562866260806,249.99889934549321
280.79999999999535,AVAILABLE,26.91931581273047,70.77745355636559,3002.480929085699,249.98138945471243
280.8999999999954,AVAILABLE,26.9193488343624,70.77724661692847,2997.1484402892006,250.07191190501672
280.9999999999954,AVAILABLE,26.919430330919234,70.77700375312367,2999.1804894020966,250.06203636389793
281.0999999999954,AVAILABLE,26.91951574907098,70.77670937284147,3003.6156337690577,249.92086132398092
281.19999999999544,AVAILABLE,26.919558019525187,70.77647952028552,3001.3805640373375,249.96138085680406
281.29999999999546,AVAILABLE,26.91963774819746,70.77622337911521,2999.7880871349394,250.1431596934233
281.3999999999955,AVAILABLE,26.919674359328763,70.77599927802996,2999.4300831708983,249.9976837968558
281.4999999999955,AVAILABLE,26.919707104005195,70.77570456592314,2997.417362944392,250.03541859111093
281.59999999999553,AVAILABLE,26.91978567778486,70.77551041714081,2993.573097371703,249.98212718560558
281.69999999999555,AVAILABLE,26.919865833129283,70.77525066242282,2995.6167561883403,250.01761057254618
281.7999999999956,AVAILABLE,26.919924933032306,70.77502984592971,2997.1351602501804,250.1143975364391
281.8999999999956,AVAILABLE,26.919937592352223,70.77477991049483,3001.2661327590235,249.9641577826613
281.9999999999956,AVAILABLE,26.92004783840854,70.77456002125649,2998.0733018313376,250.038107123252
282.09999999999565,AVAILABLE,26.9200898933204,70.77430229543506,2999.2146527294008,249.8058759449931
282.19999999999567,AVAILABLE,26.920153245933847,70.77403991948177,2995.4167157946035,249.92187823521863
282.2999999999957,AVAILABLE,26.920193074137703,70.77381370834254,3002.0202742092447,250.01767520048782
282.3999999999957,AVAILABLE,26.920257801489942,70.77355841865833,2999.9330350557457,250.02550571727724
282.49999999999574,AVAILABLE,26.920324056092028,70.77330526938081,2997.19439464304,250.0848524248287
282.59999999999576,AVAILABLE,26.920357897353068,70.77309060244383,2999.5678893256104,250.02911830245034
282.6999999999958,AVAILABLE,26.92043202092071,70.77287101024922,2999.168531800237,250.06495324712975
282.7999999999958,AVAILABLE,26.92043769654134,70.77261095870134,3001.5153106055623,250.1267952086632
282.8999999999958,AVAILABLE,26.920551570068586,70.77231689325035,2999.168339151893,249.8879841136317
282.99999999999585,AVAILABLE,26.92059100938116,70.7721277154489,2999.296030415502,249.89994041659642
283.0999999999959,AVAILABLE,26.920671452578713,70.77183468357677,3001.095313602352,249.87796802276938
283.1999999999959,AVAILABLE,26.9207165271261,70.77160343420603,3005.7522040682825,250.0963827433282
283.2999999999959,AVAILABLE,26.920738680478546,70.77136828244282,2999.572405753029,250.12401019051296
283.39999999999594,AVAILABLE,26.92085532846803,70.771149958244,2998.355455762653,249.95860405087288
283.49999999999596,AVAILABLE,26.92089057733489,70.77090671031064,2996.635292955374,249.88101750463966
283.599999999996,AVAILABLE,26.92096343195846,70.77068419622901,3001.9077752238813,249.9109187979735
283.699999999996,AVAILABLE,26.921038892670733,70.7704095727247,3006.196054291835,250.1831395704961
283.79999999999603,AVAILABLE,26.921070060981386,70.77013558238585,2991.962734578224,250.06044622822057
283.89999999999606,AVAILABLE,26.921113031197347,70.76991746489449,2998.727377275787,250.1233151005867
283.9999999999961,AVAILABLE,26.92120255167832,70.76969620950898,3003.7508601412937,250.0805654135481
284.0999999999961,AVAILABLE,26.92126054964179,70.76944641022415,2997.5746715672217,249.95668660266824
284.1999999999961,AVAILABLE,26.921314527843702,70.76918113990106,3004.3137585575687,249.91961163364218
284.29999999999615,AVAILABLE,26.921356958733185,70.76896300379985,3000.3014125656046,249.9124163351045
284.39999999999617,AVAILABLE,26.921442136581927,70.76869585136997,2995.510171436217,250.14529342632926
284.4999999999962,AVAILABLE,26.921461803703796,70.76849883272973,3002.6710673319376,250.07124320465374
284.5999999999962,AVAILABLE,26.921536034800383,70.76817350774905,3001.9543445938243,249.8873935794332
284.69999999999624,AVAILABLE,26.92158845015971,70.76795821664638,3003.1253761129738,250.06195661814425
284.79999999999626,AVAILABLE,26.921641157666226,70.76768554575075,3003.298115743331,249.77420633491127
284.8999999999963,AVAILABLE,26.92171225707427,70.76749263008236,2996.037765370345,249.93974446157017
284.9999999999963,AVAILABLE,26.921793602769846,70.7672730621838,2993.216211886353,249.89429663170247
285.0999999999963,AVAILABLE,26.921834837679114,70.76699396938713,2998.506040022097,249.86199400860508
285.19999999999635,AVAILABLE,26.92188301771989,70.76673397870236,2997.585390457981,249.96790598384285
285.2999999999964,AVAILABLE,26.92195392259492,70.76650670179453,2999.774879533671,250.27849712372299
285.3999999999964,AVAILABLE,26.92200461156441,70.76626590301503,3000.0534433269513,249.9945965402243
285.4999999999964,AVAILABLE,26.92206037111428,70.76602262509257,3002.5750140451305,249.82377698930011
285.59999999999644,AVAILABLE,26.922143405484665,70.7657645322496,2994.0977861056786,250.04154501090025
285.69999999999646,AVAILABLE,26.922215249403376,70.76550732175188,2997.791005284151,250.1265462437672
285.7999999999965,AVAILABLE,26.92225539719412,70.76526981654341,3005.6866977303102,250.21723703411396
285.8999999999965,AVAILABLE,26.92231033431751,70.76506053383655,2994.4912670921717,250.11183631759937
285.99999999999653,AVAILABLE,26.92236061745794,70.76480640217106,2999.319198944044,249.78405360481037
286.09999999999656,AVAILABLE,26.92242775450268,70.76459026167896,2999.154339494564,250.04640034625362
286.1999999999966,AVAILABLE,26.92247407684349,70.76431856222553,3000.632100247056,249.7653424332724
286.2999999999966,AVAILABLE,26.922507736150404,70.76411608441872,3001.1944349215405,250.0890471103696
286.3999999999966,AVAILABLE,26.92258446911833,70.76383724828472,3003.320897069027,249.9012257354697
286.49999999999665,AVAILABLE,26.922656751486805,70.76361947253153,3005.2938879735498,250.16186259919502
286.59999999999667,AVAILABLE,26.92272578474652,70.76333867259513,2995.988371179157,249.92465665570256
286.6999999999967,AVAILABLE,26.922767302308387,70.7630925642444,3000.4663356769793,249.81974212186583
286.7999999999967,AVAILABLE,26.92284001481973,70.76284504125002,3002.9484684519725,250.1662686624286
286.89999999999674,AVAILABLE,26.922891095552632,70.76260117084112,2998.30318287947,250.01574022617714
286.99999999999676,AVAILABLE,26.92297589911621,70.76238168062235,3004.3119004718087,249.92564262137086
287.0999999999968,AVAILABLE,26.92304450426006,70.76210732555111,2998.833336283831,249.88721403276867
287.1999999999968,AVAILABLE,26.9230582635409,70.76187050702258,3000.3750179790586,249.92492210987282
287.2999999999968,AVAILABLE,26.92313394610197,70.761646121199,2998.7721495643864,249.998856183148
287.39999999999685,AVAILABLE,26.923173553263737,70.76141236615607,3003.0384239722143,249.94530586747257
287.4999999999969,AVAILABLE,26.923273560163324,70.76115367696102,3003.6739332791994,249.9693167654449
287.5999999999969,AVAILABLE,26.92328985254937,70.7609194545604,3000.6718402055412,249.95427526490948
287.6999999999969,AVAILABLE,26.92335755764861,70.76067684841395,3000.034274096756,250.13395148928922
287.79999999999694,AVAILABLE,26.923450636284255,70.7603851730993,3003.1887640312634,249.865034723166
287.89999999999696,AVAILABLE,26.923467185008924,70.76016913283988,2999.274314397258,249.8886983338792
287.999999999997,AVAILABLE,26.923563497655948,70.75992061265913,2995.460840558615,249.99449396689957
288.099999999997,AVAILABLE,26.923603015383026,70.75973391937937,2998.2345328789747,250.06629570119054
288.19999999999703,AVAILABLE,26.923656636888463,70.7594617292467,2999.5475723558884,250.04181026358071
288.29999999999706,AVAILABLE,26.923736245638523,70.75920741920133,3000.640391347612,250.03656054590323
288.3999999999971,AVAILABLE,26.923800403985574,70.75892322338697,2994.9266938879796,249.93814901640002
288.4999999999971,AVAILABLE,26.9238416699796,70.7587241040747,3000.5669171966138,250.05085450480692
288.5999999999971,AVAILABLE,26.923899785543014,70.75847893806656,2999.3370837576313,249.9320159245563
288.69999999999715,AVAILABLE,26.923927066955883,70.75824071189267,3000.9538326011534,250.00833028582068
288.79999999999717,AVAILABLE,26.923987201647606,70.75799590964387,3000.188515988247,249.8629841039836
288.8999999999972,AVAILABLE,26.92407647554844,70.75777357329034,3003.0423213262125,250.04063881511718
288.9999999999972,AVAILABLE,26.924187072353888,70.7574971572783,3001.8853214199225,250.11109439557842
289.09999999999724,AVAILABLE,26.924198896058975,70.75725104873834,3005.6392009029164,249.99949657560225
289.19999999999726,AVAILABLE,26.924227593764336,70.75699331637702,2999.966854113668,250.1477209221126
289.2999999999973,AVAILABLE,26.92429351310699,70.75677454128495,2999.3111446296934,249.92858962060117
289.3999999999973,AVAILABLE,26.924360772366587,70.75654405814377,3002.6331331049896,249.85205234337747
289.4999999999973,AVAILABLE,26.924416052371182,70.75627906054147,3001.6448426233696,249.9196549229347
289.59999999999735,AVAILABLE,26.924448524702616,70.75605857260567,3004.2152093901454,250.07606842724692
289.6999999999974,AVAILABLE,26.924500588913723,70.75578146570697,3004.1883405993945,250.00603687782626
289.7999999999974,AVAILABLE,26.924595552680156,70.75558978134367,3002.7681621175216,250.01522770888917
289.8999999999974,AVAILABLE,26.924689027127997,70.75532043947702,3001.122486640905,249.9695193363774
289.99999999999744,AVAILABLE,26.924737480367597,70.7550879460558,2997.5649842357006,249.96624942933818
290.09999999999746,AVAILABLE,26.924791589531385,70.75483607228398,2999.0185680527998,250.12556083376774
290.1999999999975,AVAILABLE,26.924853883984554,70.7545937611153,2998.082711811043,249.83378512261513
290.2999999999975,AVAILABLE,26.924915194525706,70.75435786394347,2998.234553711427,249.91378486666085
290.39999999999753,AVAILABLE,26.92495127291316,70.75410213524533,2996.0584672548066,249.99492268870344
290.49999999999756,AVAILABLE,26.925004642260536,70.75387314849671,3000.6692113865165,249.99642071613846
290.5999999999976,AVAILABLE,26.92508752134417,70.7536077280611,3002.460606725612,249.8494491335023
290.6999999999976,AVAILABLE,26.925135379230223,70.75336735082209,3002.8144397415062,249.8748414635056
290.7999999999976,AVAILABLE,26.925167746103593,70.7530912720671,3002.154762400804,250.03098699486833
290.89999999999765,AVAILABLE,26.92524783472879,70.75286449936556,3002.0616948975567,250.06185287071756
290.99999999999767,AVAILABLE,26.92533483933571,70.75262031985427,2994.205795309655,249.94195983967828
291.0999999999977,AVAILABLE,26.925326531391683,70.75240568350489,2998.883353022073,249.92464507602452
291.1999999999977,AVAILABLE,26.925391695251207,70.75214324587297,3003.9378224958446,250.0772494237008
291.29999999999774,AVAILABLE,26.92546404916793,70.75193874224462,2999.8689517894113,249.9628946098134
291.39999999999776,AVAILABLE,26.925511063730983,70.7516887106085,2997.476603366365,249.94338244340673
291.4999999999978,AVAILABLE,26.925591782632527,70.75143238486304,3000.2050888547246,249.88607392455472
291.5999999999978,AVAILABLE,26.925637028228337,70.75118128208688,2996.882686734721,249.96761228552543
291.69999999999783,AVAILABLE,26.925724027136454,70.75097523084679,2996.3010180104893,249.94925197904382
291.79999999999785,AVAILABLE,26.925786514542395,70.7506738049529,3001.9282921398144,249.97774835367952
291.8999999999979,AVAILABLE,26.92582651052609,70.75042972487226,2994.855166089262,249.93454763734474
291.9999999999979,AVAILABLE,26.925905219703523,70.7502357226258,2995.549834231938,249.98673761034314
292.0999999999979,AVAILABLE,26.925959450901434,70.74996125622908,3001.8807230266207,249.96927197478124
292.19999999999794,AVAILABLE,26.92599271730929,70.74974496641731,3000.2731967127825,249.89030898038584
292.29999999999797,AVAILABLE,26.926043166741746,70.74945707489803,2997.352455722133,250.27977162011163
292.399999999998,AVAILABLE,26.926112444843028,70.749252314298,2998.4898460096197,250.01005782861316
292.499999999998,AVAILABLE,26.926154569719927,70.74899126212617,2998.22885113817,249.97955982780127
292.59999999999803,AVAILABLE,26.926239686493123,70.7487656994043,2995.57589182425,249.95430429025745
292.69999999999806,AVAILABLE,26.92629253985477,70.74849816261289,3000.2485557040145,249.9495345541443
292.7999999999981,AVAILABLE,26.926346447595545,70.74823804174449,2997.7004353484563,250.01029635479404
292.8999999999981,AVAILABLE,26.926440013438185,70.74798676489468,3001.505758303453,250.08145857368234
292.9999999999981,AVAILABLE,26.926479823216855,70.74777234603569,2999.086854421676,250.10559184320007
293.09999999999815,AVAILABLE,26.926552642870185,70.74751670558128,2993.607788867644,250.10603066997902
293.19999999999817,AVAILABLE,26.92660976766169,70.74727125411022,2996.7300175703667,250.08872067644933
293.2999999999982,AVAILABLE,26.926634764349142,70.74703782004397,3000.5406183103287,250.028689817132
293.3999999999982,AVAILABLE,26.926751303715104,70.74678073178855,2998.814070596629,250.09505988840962
293.49999999999824,AVAILABLE,26.92678714344874,70.7465388700892,3001.606509633068,250.18221111475304
293.59999999999826,AVAILABLE,26.926795093489996,70.74631721739523,3005.8866187282924,249.9042249877931
293.6999999999983,AVAILABLE,26.926881351195448,70.74608246362504,2996.712288595333,250.132557533266
293.7999999999983,AVAILABLE,26.92697083817645,70.7457879753455,2998.6471074866467,249.92881168447363
293.89999999999833,AVAILABLE,26.927021975576313,70.74558204266889,3001.5498583007948,250.08341999497958
293.99999999999835,AVAILABLE,26.927043202550728,70.74534746460469,3000.3187866083927,249.99615322688743
294.0999999999984,AVAILABLE,26.927104849008124,70.74508299786066,3000.478703368679,249.69192224075556
294.1999999999984,AVAILABLE,26.92717833202166,70.74482590334829,3003.8079145157044,249.95241285345702
294.2999999999984,AVAILABLE,26.927221547489303,70.74456635289424,3002.1939689193314,250.00971794047007
294.39999999999844,AVAILABLE,26.927313317187675,70.74436871866185,2998.9720734545854,249.88197768823656
294.49999999999847,AVAILABLE,26.927379972796412,70.744103079301,2996.5483159396704,249.82510011420263
294.5999999999985,AVAILABLE,26.92742386036186,70.74384128511502,2994.9085412041063,249.96413734276157
294.6999999999985,AVAILABLE,26.927477639306783,70.74359106890616,3005.450023644412,249.94988920633875
294.79999999999853,AVAILABLE,26.927540220130936,70.74339455803863,2998.7700528070122,249.97559661731975
294.89999999999856,AVAILABLE,26.92760969475259,70.74314846224192,2993.737129577338,249.99139937186905
294.9999999999986,AVAILABLE,26.92760678609412,70.74290427148246,2999.887369065171,249.88547930684393
295.0999999999986,AVAILABLE,26.927726156980757,70.74270708675209,3004.987026063881,249.93443263520825
295.1999999999986,AVAILABLE,26.927768669185763,70.74240355699988,3001.419557536721,249.97440479485545
295.29999999999865,AVAILABLE,26.927818171133477,70.7421291609354,3001.6936807460947,250.11202286492784
295.39999999999867,AVAILABLE,26.92790087914894,70.74194557953999,2999.4663315917833,249.92606381892818
295.4999999999987,AVAILABLE,26.9279529592451,70.74169016278985,2999.680309717315,250.15427499099877
295.5999999999987,AVAILABLE,26.927987573629647,70.7414093852746,2997.3799639681897,249.91594525850212
295.69999999999874,AVAILABLE,26.92803448950711,70.74121838410913,2998.4960718465954,249.8802522047546
295.79999999999876,AVAILABLE,26.928086566679834,70.74097080794927,3001.34986712464,249.9410903027525
295.8999999999988,AVAILABLE,26.92818483296266,70.74069481573682,3001.1974376078697,249.93428539900228
295.9999999999988,AVAILABLE,26.928233489270426,70.74043594749969,3005.0217993491888,249.90797107647643
296.09999999999883,AVAILABLE,26.928335122079265,70.74021323674826,2999.5116905478226,249.854941291967
296.19999999999885,AVAILABLE,26.92835021546174,70.73995918367943,3002.0827493022593,249.98491673679897
296.2999999999989,AVAILABLE,26.928422837010743,70.73976671579393,2996.2606430548726,249.96925342031187
296.3999999999989,AVAILABLE,26.92844682746226,70.73950418917104,2997.175320896417,250.05841898001708
296.4999999999989,AVAILABLE,26.928512475739158,70.73926435813038,3000.817717017411,249.95802257953443
296.59999999999894,AVAILABLE,26.928595499630536,70.73898966857587,2999.712806432139,249.9794531262026
296.69999999999897,AVAILABLE,26.92870120719179,70.73874440789741,2998.8848908777422,249.84384007082147
296.799999999999,AVAILABLE,26.92872952587185,70.73848677233326,2998.723086251795,249.90717884558725
296.899999999999,AVAILABLE,26.928783728906136,70.73824020995932,2998.784723723761,250.0631697773113
296.99999999999903,AVAILABLE,26.928841602282542,70.7380464326441,3000.5425704684526,250.1054783096731
297.09999999999906,AVAILABLE,26.92887476817737,70.73779410499547,3002.9914551700417,249.8753113348348
297.1999999999991,AVAILABLE,26.928950508719442,70.73754703196205,2998.2483228609976,249.91293384775676
297.2999999999991,AVAILABLE,26.929026996703033,70.73732169978307,2994.8452795453095,249.8596108542029
297.3999999999991,AVAILABLE,26.929055675608335,70.7370702386701,3003.761542990388,250.07879134083709
297.49999999999915,AVAILABLE,26.92914087433484,70.73683021896098,3002.319718495198,250.03287412753286
297.59999999999917,AVAILABLE,26.929162566197974,70.73656596699107,2997.711901119355,250.03779540967147
297.6999999999992,AVAILABLE,26.92921631119229,70.73634293197664,3002.065916516964,249.78363285579172
297.7999999999992,AVAILABLE,26.92927871786138,70.736092188687,2998.3824607379424,249.8919190630204
297.89999999999924,AVAILABLE,26.929368760791057,70.73587134780476,2997.8711479892327,249.98592051553425
297.99999999999926,AVAILABLE,26.92942223244937,70.73559486549335,3003.0640914982446,249.98390459646944
298.0999999999993,AVAILABLE,26.929509331692657,70.73539693005294,3002.5290496826906,250.00316223456068
298.1999999999993,AVAILABLE,26.92954591035789,70.73509807721092,3005.131081900438,250.04299311362794
298.29999999999933,AVAILABLE,26.929551053404797,70.73485252288927,2995.2728384878387,250.03648913756695
298.39999999999935,AVAILABLE,26.929632711924747,70.73462558010021,3003.0389810616193,249.95772206791204
298.4999999999994,AVAILABLE,26.929706559402945,70.7343532383103,2998.3019692846624,249.81017982600093
298.5999999999994,AVAILABLE,26.929779554125833,70.73409466199114,2995.115425945638,249.95876047570695
298.6999999999994,AVAILABLE,26.929855069856192,70.7338923632084,2998.800787794526,250.02955393552853
298.79999999999944,AVAILABLE,26.929898013629085,70.73363557332117,2999.931660566395,250.14993595209242
298.89999999999947,AVAILABLE,26.929943582133657,70.7334163715615,3003.6880269960807,250.06979542211403
298.9999999999995,AVAILABLE,26.930002954366223,70.73317281783582,2998.327178558471,249.96106251294273
299.0999999999995,AVAILABLE,26.93007353529789,70.73292039837179,2998.746031828745,250.01549147084606
299.19999999999953,AVAILABLE,26.93012780775466,70.73267739295783,2996.470734247219,250.0933485663053
299.29999999999956,AVAILABLE,26.93014910631348,70.73242098007671,3001.4790709474364,249.9625625852735
299.3999999999996,AVAILABLE,26.930200380371318,70.73219216247071,2998.264280483751,250.07934051944784
299.4999999999996,AVAILABLE,26.930280798574607,70.7319476616646,3001.7876669004727,249.97587996952453
299.5999999999996,AVAILABLE,26.93033945937049,70.73170988572018,3000.772713315916,249.98181211342984
299.69999999999965,AVAILABLE,26.930387979305518,70.73147259394139,3000.6667400107826,250.08377272897442
299.79999999999967,AVAILABLE,26.93045204205398,70.73122424424014,2996.3758426101213,250.0499513059115
299.8999999999997,AVAILABLE,26.930487839216763,70.73096975698192,2998.8031696276794,249.93159801745284
299.9999999999997,AVAILABLE,26.9305997549391,70.7307521738282,3000.270485244366,250.00326335087777
300.09999999999974,AVAILABLE,26.930655483851112,70.73049183039626,2999.814473027476,249.95563357590478
300.19999999999976,AVAILABLE,26.930685282075785,70.73021212880926,2996.2929534185223,249.9732123730201
300.2999999999998,AVAILABLE,26.930771401554892,70.72998618231263,3003.592154667666,249.93109535794312
300.3999999999998,AVAILABLE,26.93081225432863,70.72975007530243,2997.5905991693567,249.9564973651508
300.49999999999983,AVAILABLE,26.930867460716097,70.72951787821191,2998.3639451221866,249.91575988177294
300.59999999999985,AVAILABLE,26.9309592081642,70.7292494574609,2999.1960562323793,249.93136316934283
300.6999999999999,AVAILABLE,26.930993080260034,70.7290076444578,2991.186730486647,249.9402831912384
300.7999999999999,AVAILABLE,26.931050099190184,70.72880565081142,3005.4357076885112,250.05271355779436
300.8999999999999,AVAILABLE,26.931112830290402,70.72851869444861,3000.5733204188655,250.03811337794767
300.99999999999994,AVAILABLE,26.93115559159556,70.72829239304741,3000.139296507467,249.89446964225064
301.09999999999997,AVAILABLE,26.93120194559534,70.72807954244317,3003.6115290922708,249.99731925477374
301.2,AVAILABLE,26.931315789677043,70.72781820329558,2998.8366537551005,249.95774841963765
301.3,AVAILABLE,26.93132309667493,70.72752686957739,2994.38490944979,250.04431814168444
301.40000000000003,AVAILABLE,26.931410711931566,70.72730148971264,2995.0137635982214,249.94986397816564
301.50000000000006,AVAILABLE,26.931470423468447,70.72706770926514,2997.5537562795303,249.9999225076571
301.6000000000001,AVAILABLE,26.93154915238606,70.72685483898813,3001.6820780547573,250.0868948069679
301.7000000000001,AVAILABLE,26.931572770322312,70.72658044199281,3003.5130076966925,250.0577676844935
301.8000000000001,AVAILABLE,26.93162934581421,70.72631205851255,3001.956633336466,249.98549327632927
301.90000000000015,AVAILABLE,26.931688452980755,70.72609796453114,3001.391186919257,250.0909218409748
302.00000000000017,AVAILABLE,26.931784419943504,70.7258490846391,3001.6606763949567,249.98264857904815
302.1000000000002,AVAILABLE,26.931768474171875,70.7255839787174,3005.4450816494655,250.11370680415106
302.2000000000002,AVAILABLE,26.93187656534006,70.72537440361229,3003.249918981403,249.7620787055621
302.30000000000024,AVAILABLE,26.93195965823894,70.72512263264647,3001.0063283649442,250.13343225061692
302.40000000000026,AVAILABLE,26.93197469374776,70.72485841320922,3001.136151311247,249.9588147202558
302.5000000000003,AVAILABLE,26.932055075921905,70.72465442432797,3001.183238480333,250.0952787600725
302.6000000000003,AVAILABLE,26.93208232707563,70.72443776272164,2999.6956417013544,250.01595809364213
302.70000000000033,AVAILABLE,26.932167609663903,70.72415804728499,3000.750025488444,249.94453326128226
302.80000000000035,AVAILABLE,26.93224683860719,70.72391882209138,2997.0098853426,249.89874460464495
302.9000000000004,AVAILABLE,26.932293568235217,70.72363618772056,2998.71010099093,249.93312324956364
303.0000000000004,AVAILABLE,26.932346928985304,70.72344922713829,3000.90447356336,250.01552647521044
303.1000000000004,AVAILABLE,26.9323991060092,70.72315529056942,2998.181138109397,249.93269019459223
303.20000000000044,AVAILABLE,26.93245920688044,70.72293177011778,2996.321216741352,249.98579488695336
303.30000000000047,AVAILABLE,26.932530848405978,70.72270675901943,3003.694629619031,250.07161063909095
303.4000000000005,AVAILABLE,26.932593955966986,70.72243246332252,2997.947190926062,250.05980020681255
303.5000000000005,AVAILABLE,26.93268145486667,70.72220820167804,2998.079988731782,250.04098875515132
303.60000000000053,AVAILABLE,26.932712023872984,70.72197413711675,2997.630111834598,250.28527718226198
303.70000000000056,AVAILABLE,26.932741813419298,70.72169304958666,3001.958361757638,249.93546893605358
303.8000000000006,AVAILABLE,26.932813869708966,70.7214631078522,3000.593324175229,250.21535623709272
303.9000000000006,AVAILABLE,26.932837511345948,70.72125504995917,2998.794690993093,249.924375556033
304.0000000000006,AVAILABLE,26.9329310510593,70.72096634801812,2998.4505402581167,249.94893092936542
304.10000000000065,AVAILABLE,26.932976384265725,70.72075559662237,2999.201425104243,249.95770692307192
304.20000000000067,AVAILABLE,26.933048815069707,70.72054300111161,2998.1526170289003,250.02412745744837
304.3000000000007,AVAILABLE,26.933096026294002,70.72024277101332,3003.694993005423,249.97488122808448
304.4000000000007,AVAILABLE,26.933165138441996,70.7200238578801,2997.5467391595616,249.92749000492296
304.50000000000074,AVAILABLE,26.933200910032827,70.71978684821727,2999.8018778279556,249.86309997109765
304.60000000000076,AVAILABLE,26.93325637046474,70.71954793133561,3004.986650197313,249.9869340983484
304.7000000000008,AVAILABLE,26.933327231058247,70.71928608576454,2998.8188500403794,250.0167249219937
304.8000000000008,AVAILABLE,26.933374249472532,70.71905541148044,2999.2627179233627,250.0396449029548
304.90000000000083,AVAILABLE,26.93344978491601,70.71880494437552,2995.938304572067,250.02218819682662
305.00000000000085,AVAILABLE,26.933539741551414,70.71855785601724,3001.1226711232284,249.8716604800802
305.1000000000009,AVAILABLE,26.933563010361777,70.71829795889492,3002.5880490433747,249.93961971568731
305.2000000000009,AVAILABLE,26.933634694465198,70.71805009827814,2998.2589423728277,249.9602596886123
305.3000000000009,AVAILABLE,26.93370436656061,70.71779873941136,3000.925003842202,250.1223387515081
305.40000000000094,AVAILABLE,26.933772318361008,70.71758143965621,3003.719839738293,250.12709959183286
305.50000000000097,AVAILABLE,26.933802846325865,70.71734279019051,2999.552820048755,249.99626243141347
305.600000000001,AVAILABLE,26.933858583722603,70.71706983665158,2999.3341211033976,249.96300927167616
305.700000000001,AVAILABLE,26.933941116276603,70.71688577546064,3000.464825600192,250.0196151847031
305.80000000000103,AVAILABLE,26.934001325567085,70.71664676324234,3008.1426123392725,250.01792099243832
305.90000000000106,AVAILABLE,26.934031228881075,70.71640056972984,3006.4775395678876,250.04984865316655
306.0000000000011,AVAILABLE,26.93409868057177,70.7161080851451,3002.913124387082,250.08446240467785
306.1000000000011,AVAILABLE,26.934168513411468,70.7158770803967,2999.823373915023,249.94323745265208
306.2000000000011,AVAILABLE,26.93422876711098,70.71565704431163,3006.294884899947,249.94820975045062
306.30000000000115,AVAILABLE,26.934290967444703,70.71537325261829,2997.8337915872826,249.93758490165243
306.40000000000117,AVAILABLE,26.9343306234233,70.71511259548652,2998.2203233317587,249.96899288733638
306.5000000000012,AVAILABLE,26.93441699658421,70.71488399778295,3002.5564682028958,249.95413854739044
306.6000000000012,AVAILABLE,26.93442656365763,70.71468780584892,2998.0923103970167,249.95035145931013
306.70000000000124,AVAILABLE,26.934509839794025,70.71441579755815,2999.730475110008,250.09306203723744
306.80000000000126,AVAILABLE,26.93457097571636,70.71419020546064,2993.355815115533,249.7181725338901
306.9000000000013,AVAILABLE,26.934626688949496,70.71395609901487,2993.7591764952317,249.66840011015157
307.0000000000013,AVAILABLE,26.934695399508048,70.71369526781965,3002.5531557224376,250.0412362363645
307.10000000000133,AVAILABLE,26.934714719063578,70.71344880790187,2999.2454981403594,250.0302598051715
307.20000000000135,AVAILABLE,26.934785439791987,70.71317190066097,2995.8781419071006,250.0439712534515
307.3000000000014,AVAILABLE,26.934854270522322,70.71295401566582,2999.206506273891,250.13020869626163
307.4000000000014,AVAILABLE,26.934929513690587,70.71270898206731,3000.7071644609414,249.87229821520646
307.5000000000014,AVAILABLE,26.93497481809684,70.71247937488432,3004.4652256416803,250.0890290155155
307.60000000000144,AVAILABLE,26.93507075265741,70.71226390712675,2998.307516833707,250.06812652121596
307.70000000000147,AVAILABLE,26.93508835216116,70.71199127566318,3000.656028227348,249.8524488618867
307.8000000000015,AVAILABLE,26.935136335857976,70.71170338936908,3004.568105361468,250.07024931030497
307.9000000000015,AVAILABLE,26.935204852923444,70.71145767784785,2998.4194827222605,249.93024487695305
308.00000000000153,AVAILABLE,26.935248282425523,70.71127403059488,2996.721826383527,249.87729867648994
308.10000000000156,AVAILABLE,26.935365987976848,70.71099627060973,2999.4739178837426,250.0721729883185
308.2000000000016,AVAILABLE,26.935403908759305,70.7107600812442,2999.621430706217,250.0366638862256
308.3000000000016,AVAILABLE,26.93545617735065,70.71054012897865,2997.8855368811564,249.93136578212423
308.4000000000016,AVAILABLE,26.935493462960185,70.7102797780958,2995.290656292327,249.94260614808874
308.50000000000165,AVAILABLE,26.935556506442403,70.71003620126397,2997.688461580511,249.95541583591984
308.60000000000167,AVAILABLE,26.935612839742216,70.70980527252281,2999.6263200016147,250.1985496882042
308.7000000000017,AVAILABLE,26.93569714099879,70.70953786935263,3002.9204294984324,249.90857092528
308.8000000000017,AVAILABLE,26.935793939833033,70.70931366159043,3003.3451132564387,250.0656990150656
308.90000000000174,AVAILABLE,26.93577578969326,70.70906754443206,3003.1652002500336,250.05499214718776
309.00000000000176,AVAILABLE,26.935845796963577,70.70881937058755,2996.6076009222,250.08601469828454
309.1000000000018,AVAILABLE,26.935930505722187,70.70855504859371,3003.11645804567,250.08496188025896
309.2000000000018,AVAILABLE,26.935955974920518,70.70831324187755,2997.234538202252,249.90609892951716
309.30000000000183,AVAILABLE,26.93602722052688,70.70807394971722,3007.257239522741,250.10966842279163
309.40000000000185,AVAILABLE,26.936114391765106,70.7078425846049,3000.6685364598607,250.0556132246848
309.5000000000019,AVAILABLE,26.936133405548787,70.70758974393809,3000.8944910053006,249.99966083314678
309.6000000000019,AVAILABLE,26.93620025469034,70.70736667938904,2999.625019524937,249.96869628110414
309.7000000000019,AVAILABLE,26.936265611770693,70.70711359498404,2999.69230605093,250.05944138024407
309.80000000000194,AVAILABLE,26.93634155647539,70.70687014213566,2998.2970116956135,250.02872831974025
309.90000000000197,AVAILABLE,26.93637457534389,70.70662054626403,2999.6452974935796,250.0710905867679
310.000000000002,AVAILABLE,26.936444891250723,70.70635766771387,2994.5040415628587,249.9992755936791
310.100000000002,AVAILABLE,26.93650656490326,70.70614239323639,3006.2651743524216,250.0652667969808
310.20000000000203,AVAILABLE,26.936568087836218,70.70591223509221,3001.2564797492123,249.9644656072388
310.30000000000206,AVAILABLE,26.93659912097716,70.70566338399573,2994.2584937303004,249.9307536960104
310.4000000000021,AVAILABLE,26.936672282259128,70.70541099085312,2994.632018269187,249.8925124292115
310.5000000000021,AVAILABLE,26.93672288009406,70.70516551346925,3000.049375764472,249.89833713069453
310.6000000000021,AVAILABLE,26.936781980495283,70.70491829697217,2997.3275983948643,250.01810990464136
310.70000000000215,AVAILABLE,26.936858262012123,70.70469888297792,2994.1939811856696,250.15804175774753
310.80000000000217,AVAILABLE,26.936931222574557,70.70440688317134,3000.672552945324,250.15780982356162
310.9000000000022,AVAILABLE,26.93698901051603,70.70418507519145,3002.9827609948047,250.01202166397775
311.0000000000022,AVAILABLE,26.937022753090734,70.70394426428687,3000.90506221539,249.8294375026802
311.10000000000224,AVAILABLE,26.937071897229323,70.70370963923354,2997.0452256124186,249.87805163278162
311.20000000000226,AVAILABLE,26.93714878346539,70.70341428263232,2998.744402029309,250.1656475399922
311.3000000000023,AVAILABLE,26.937221563652795,70.70320089865058,2998.586766931727,249.96672908842547
311.4000000000023,AVAILABLE,26.9372778852468,70.70298835441349,2999.1570627103256,249.97022203677665
311.50000000000233,AVAILABLE,26.937316168056704,70.70276059755993,3005.137789223713,249.99748855647167
311.60000000000235,AVAILABLE,26.937392706963006,70.70249961194868,3000.3689847894443,249.93374540935642
311.7000000000024,AVAILABLE,26.937433609812558,70.70220802377472,3001.17531378471,249.75934036138108
311.8000000000024,AVAILABLE,26.93751302784433,70.7019827473884,3002.5538604815824,250.0582320200057
311.9000000000024,AVAILABLE,26.937558590444958,70.70175390051615,2998.437452638434,250.00328455019095
312.00000000000244,AVAILABLE,26.93760804874133,70.70149510313529,3003.5605144880965,249.95351592030866
312.10000000000247,AVAILABLE,26.93765436101502,70.70128170026261,3000.0840891929556,250.06802538766658
312.2000000000025,AVAILABLE,26.93774364744623,70.70101622705673,2999.623887913308,249.8901773143178
312.3000000000025,AVAILABLE,26.9377693633622,70.70077773223588,2997.9498610556566,250.011687553367
312.40000000000254,AVAILABLE,26.937891334830745,70.70052888170528,2999.4614536333506,249.86302117965496
312.50000000000256,AVAILABLE,26.937869668938927,70.70028567807768,3000.32120469115,250.05343042824163
312.6000000000026,AVAILABLE,26.937957604934272,70.70002845568536,2998.582110637763,249.97241956216538
312.7000000000026,AVAILABLE,26.93803142919752,70.69977277932092,3004.1089352935082,249.95800622544095
312.8000000000026,AVAILABLE,26.938112565615636,70.69954725750918,3000.354614769748,249.90509804601248
312.90000000000265,AVAILABLE,26.93816062059232,70.6993081006841,2999.166579305271,249.99006689115024
313.0000000000027,AVAILABLE,26.938211286025407,70.6990467894877,2994.6828239282313,249.9813481341921
313.1000000000027,AVAILABLE,26.93828158057328,70.69882460261364,3001.797319654444,249.99394114715324
313.2000000000027,AVAILABLE,26.938337951754214,70.69859699589297,3004.2276228266524,250.0796762868175
313.30000000000274,AVAILABLE,26.938372218118577,70.69835039890602,2998.2865476268958,249.96181799809196
313.40000000000276,AVAILABLE,26.938422030210557,70.69807653540121,3006.1931811053937,249.8569137992523
313.5000000000028,AVAILABLE,26.93850443818796,70.69787935530495,2999.254792162857,250.04007408574464
313.6000000000028,AVAILABLE,26.93854777506025,70.69760679994616,3004.637345849157,250.03530865615468
313.70000000000283,AVAILABLE,26.938593964825916,70.6973948867649,2999.321762877004,250.1509903470171
313.80000000000285,AVAILABLE,26.938684245904945,70.69713206674567,2989.5922725788782,249.8182333658239
313.9000000000029,AVAILABLE,26.938694285354433,70.69689152168621,2997.3262844243222,250.05708009743992
314.0000000000029,AVAILABLE,26.93878747022855,70.69664967318167,3001.1609668628885,249.95907064682586
314.1000000000029,AVAILABLE,26.938862638542407,70.69642184611652,2993.805186691489,249.96087217339817
314.20000000000294,AVAILABLE,26.938906635010667,70.69617400854999,3005.039531454775,250.08404893434133
314.30000000000297,AVAILABLE,26.93897389931099,70.69590184101996,3001.4955234025983,249.77124361461065
314.400000000003,AVAILABLE,26.939047289790437,70.69563285541054,2997.937007747699,250.009948533048
314.500000000003,AVAILABLE,26.93909139735176,70.69542746133627,2999.7778660176164,249.90795878339785
314.60000000000304,AVAILABLE,26.93912271632009,70.6951921907197,3004.6602296869255,250.06244488304912
314.70000000000306,AVAILABLE,26.939172699383203,70.69494889231714,3004.06498651453,250.0362896659401
314.8000000000031,AVAILABLE,26.93925108310166,70.694680671735,3005.852613188066,249.97527125484766
314.9000000000031,AVAILABLE,26.939303334280012,70.69444013055764,2993.565479285388,249.9829143614132
315.0000000000031,AVAILABLE,26.939378974396032,70.69422352197343,3000.2321765322927,249.87886986773955
315.10000000000315,AVAILABLE,26.93942096179356,70.69395390398564,2998.3658937158207,249.95039617538782
315.2000000000032,AVAILABLE,26.939477686164626,70.69372725561956,3002.344076292969,249.95331289362798
315.3000000000032,AVAILABLE,26.93955083148276,70.69349367803467,2999.372163395548,249.97009412082252
315.4000000000032,AVAILABLE,26.939605853757303,70.69323283795451,2993.545155584402,250.09259426416625
315.50000000000324,AVAILABLE,26.939654899960296,70.69298635793639,3000.623318562435,250.01796343869657
315.60000000000326,AVAILABLE,26.939734999942853,70.69273723042893,3000.2904600790916,249.89045838730013
315.7000000000033,AVAILABLE,26.93978535841666,70.69250420574552,3000.814730190004,250.03776335633853
315.8000000000033,AVAILABLE,26.939823768212094,70.69230094583193,2996.060116732065,249.95994959573605
315.90000000000333,AVAILABLE,26.939889707386065,70.69203577923676,2996.9595567307492,250.01213795004557
316.00000000000335,AVAILABLE,26.939926499724525,70.69175051304329,3000.897055304452,250.10570237895797
316.1000000000034,AVAILABLE,26.940038354742644,70.69150210484135,3002.029085513467,249.90904496865926
316.2000000000034,AVAILABLE,26.94008574988093,70.6912385543671,3002.6002333897873,249.82652336073195
316.3000000000034,AVAILABLE,26.94016521993977,70.69104680952293,3000.261174871315,249.9696968873068
316.40000000000344,AVAILABLE,26.940186489580146,70.69079934286721,2995.495468775711,250.13223808511185
316.50000000000347,AVAILABLE,26.94025648933257,70.69057582934792,3000.6612791427933,250.12331850454527
316.6000000000035,AVAILABLE,26.94031061650159,70.6903020890284,3003.01769448316,249.97976699817158
316.7000000000035,AVAILABLE,26.940372119820427,70.69004120539917,2999.915091515649,250.05064898357085
316.80000000000354,AVAILABLE,26.940413867487862,70.6898144365477,2996.029772147772,249.9994538765419
316.90000000000356,AVAILABLE,26.940486932123722,70.68960409248592,3001.559824770839,249.87902874260132
317.0000000000036,AVAILABLE,26.940551502686844,70.68936544993707,3001.2833209572586,250.04433521677248
317.1000000000036,AVAILABLE,26.940608438668104,70.689090279362,2999.675359752206,249.96095686903996
317.2000000000036,AVAILABLE,26.940666858377515,70.68888064803453,3000.0740801711086,250.00139104320655
317.30000000000365,AVAILABLE,26.940751483765236,70.6886295615556,3003.7913437624293,250.0974232766698
317.4000000000037,AVAILABLE,26.940746982056027,70.68837991967547,2995.8103224843703,249.7260596586046
317.5000000000037,AVAILABLE,26.940840853042488,70.68809911710333,2997.1286099115937,250.0234958338671
317.6000000000037,AVAILABLE,26.940879777655713,70.68786411142192,3005.13333213518,250.07159121316556
317.70000000000374,AVAILABLE,26.940971258453178,70.68759116312118,2998.1856437815172,249.9821122036447
317.80000000000376,AVAILABLE,26.94100228679715,70.6873640442096,3001.3089899671986,250.08320142378744
317.9000000000038,AVAILABLE,26.941108837470416,70.68714753606052,3003.218121649666,249.9235214878706
318.0000000000038,AVAILABLE,26.941115564272575,70.68687083957978,3001.766953493416,249.840808842905
318.10000000000383,AVAILABLE,26.941203392287388,70.68667611692804,3001.120685831649,249.89449180467494
318.20000000000385,AVAILABLE,26.94127610987849,70.68643814276851,3004.165315865193,250.02093078904815
318.3000000000039,AVAILABLE,26.941297437308123,70.68615009334009,3000.4267569692884,249.9408245422751
318.4000000000039,AVAILABLE,26.94137168197952,70.6859430580856,3002.5189953021304,249.9899793719765
318.5000000000039,AVAILABLE,26.941397548028,70.68570936895725,3001.7277446151834,249.980066358624
318.60000000000394,AVAILABLE,26.941496048773637,70.68546831403107,2995.5024878490667,249.90515239245286
318.70000000000397,AVAILABLE,26.9415509630595,70.68520153934877,2999.542487974476,249.978024947647
318.800000000004,AVAILABLE,26.941598801346842,70.68495059157333,3002.349001098001,250.02060874168347
318.900000000004,AVAILABLE,26.941695350812292,70.68471695390912,2999.1125682706534,249.96473055122965
319.00000000000404,AVAILABLE,26.941710485613648,70.68446807925513,3000.9210285901713,249.81498308909022
319.10000000000406,AVAILABLE,26.94177398062645,70.68422520294938,2998.7559242015977,249.78030657775253
319.2000000000041,AVAILABLE,26.941813837631553,70.68396148180963,3001.976070996372,249.7772737931651
319.3000000000041,AVAILABLE,26.941879732465463,70.68374911366371,2997.7814427947105,250.13725530315457
319.4000000000041,AVAILABLE,26.94196959499318,70.68349256729253,2995.9227404471626,250.04002071329055
319.50000000000415,AVAILABLE,26.94201133599308,70.68325159968849,2999.4510773823054,250.14269257423337
319.6000000000042,AVAILABLE,26.94208157984513,70.6829859948315,2992.25121873195,249.8451336688016
319.7000000000042,AVAILABLE,26.94212411657678,70.68276319599266,3002.1874267644594,249.87261377596798
319.8000000000042,AVAILABLE,26.942196490991936,70.68254596912115,3000.750046642047,249.99314134623046
319.90000000000424,AVAILABLE,26.942236835084834,70.68226743896642,3001.979326600081,250.01991161695213
320.00000000000426,AVAILABLE,26.94231893152373,70.68203363802631,3001.643428297683,249.963107886162
320.1000000000043,AVAILABLE,26.94235642834107,70.68178045268817,2998.4415328851564,250.06341018792637
320.2000000000043,AVAILABLE,26.942435800299723,70.68153307205844,2998.661123004805,249.99710850046077
320.30000000000433,AVAILABLE,26.942479346528888,70.68126858201872,2997.650283095216,249.94715554784165
320.40000000000435,AVAILABLE,26.94252246611105,70.68105876172655,2998.5753291620103,250.24470298821512
320.5000000000044,AVAILABLE,26.942607739721993,70.68079201102765,3001.372651615735,250.16554189198695
320.6000000000044,AVAILABLE,26.942667083081606,70.68057114456688,3001.7741206178725,250.13823501228595
320.7000000000044,AVAILABLE,26.942722292671874,70.68033983134929,3004.5241245612933,250.04411582317394
320.80000000000445,AVAILABLE,26.942766923458382,70.6800735138735,3003.669866750844,249.89283565372497
320.90000000000447,AVAILABLE,26.942829857442273,70.67983957960529,2997.4468522681573,250.02847634972548
321.0000000000045,AVAILABLE,26.942856629909066,70.67958915709309,2994.332433174336,249.81299503850255
321.1000000000045,AVAILABLE,26.94294339020069,70.67936029338297,3001.5045628578905,249.9865816170144
321.20000000000454,AVAILABLE,26.943013211126306,70.67910337959155,3002.9889944388415,249.98942620619175
321.30000000000456,AVAILABLE,26.943046717824515,70.67886184883105,2997.8958210236656,249.74327943031528
321.4000000000046,AVAILABLE,26.943113301539686,70.67862024428553,3001.5249157161884,250.0994712935405
321.5000000000046,AVAILABLE,26.943186177084048,70.67838987476142,3002.1531657381256,249.9601697758969
321.6000000000046,AVAILABLE,26.943231631431015,70.67813038196333,2997.6913025829235,250.10048900220377
321.70000000000465,AVAILABLE,26.943297899585712,70.67787284640886,2996.33539538603,250.04065081002986
321.8000000000047,AVAILABLE,26.943345864665567,70.67764686800642,3006.528736902373,250.0796830148371
321.9000000000047,AVAILABLE,26.943418888713197,70.6774018837708,2999.751568013842,249.90843372698637
322.0000000000047,AVAILABLE,26.9434816077205,70.67716304283606,2993.681730983535,250.07792277882297
322.10000000000474,AVAILABLE,26.943529241150237,70.67690355184702,3001.1359523922824,250.0161889135386
322.20000000000476,AVAILABLE,26.943582996824883,70.67662704490664,2998.776900165576,250.02815565518324
322.3000000000048,AVAILABLE,26.94363687692089,70.67646046104184,2997.7854556702946,250.14495322300408
322.4000000000048,AVAILABLE,26.943707103432207,70.67620113139755,3002.4186946581826,249.84835562119528
322.50000000000483,AVAILABLE,26.943779225488623,70.67595990594059,2998.6704368002,249.9794601316029
322.60000000000485,AVAILABLE,26.943806786750216,70.67575039613712,3004.7397126696533,250.0068218546626
322.7000000000049,AVAILABLE,26.943878487434144,70.67547549150352,3005.865351868876,250.1617607257973
322.8000000000049,AVAILABLE,26.943938981255585,70.67523137317056,2999.894274090764,250.036082588484
322.9000000000049,AVAILABLE,26.94401637597623,70.67497281180893,2995.7382195332734,250.00591947406045
323.00000000000495,AVAILABLE,26.944054453483464,70.67471739065198,3000.9874165076862,249.8991822465666
323.10000000000497,AVAILABLE,26.944109463217583,70.67450119907937,2995.8880384776376,249.94006188436325
323.200000000005,AVAILABLE,26.94418216604784,70.67420319154182,2996.576105527546,249.92062347379505
323.300000000005,AVAILABLE,26.944195610632807,70.67399990269504,2997.0804187661174,249.95806749565068
323.40000000000504,AVAILABLE,26.94423614971349,70.67376237836751,3002.989987633593,250.01188664243992
323.50000000000506,AVAILABLE,26.94435387539053,70.673496391209,3000.599582754054,250.02211045149
323.6000000000051,AVAILABLE,26.944397860485978,70.67325819899611,2999.773053714615,250.04288001722824
323.7000000000051,AVAILABLE,26.944480574717435,70.6730199240394,2998.7944742686323,249.96188958847975
323.8000000000051,AVAILABLE,26.944527417241698,70.6727942689609,2995.383304629943,250.0384006874612
323.90000000000515,AVAILABLE,26.94461915192523,70.67254043476773,3004.523200669291,249.92102614798443
324.0000000000052,AVAILABLE,26.944626918199827,70.67229815189538,3000.8487067386786,250.0898124618882
324.1000000000052,AVAILABLE,26.944715984051644,70.6720505234763,3003.4635036613918,250.0129756411296
324.2000000000052,AVAILABLE,26.944742071864177,70.67177786759567,2996.7476638846006,250.1395366142778
324.30000000000524,AVAILABLE,26.94482581867376,70.67156674093779,2999.6121761821278,249.9191315651996
324.40000000000526,AVAILABLE,26.94485723765541,70.67132886415524,3000.5131579931194,250.05188652298543
324.5000000000053,AVAILABLE,26.94494132830891,70.67108584189431,2996.8917042654143,249.98780948132327
324.6000000000053,AVAILABLE,26.945006219927873,70.6708434788232,3005.4378914040103,250.1605771103043
324.70000000000533,AVAILABLE,26.945059092957578,70.67054981588612,3000.0013665910456,249.94281559046087
324.80000000000535,AVAILABLE,26.94511568703334,70.67035124390857,3002.6483949407816,250.05713739085334
324.9000000000054,AVAILABLE,26.94519346133784,70.67011973250588,3004.6546998814742,249.89196013320603
325.0000000000054,AVAILABLE,26.94523485502192,70.66987380964058,3002.8215581676764,249.91544375334095
325.1000000000054,AVAILABLE,26.945277431594704,70.66962984296633,2998.569893795471,249.8760063987138
325.20000000000545,AVAILABLE,26.94532606567738,70.66939447633418,3001.689282872444,249.96802197093186
325.30000000000547,AVAILABLE,26.945402489292984,70.66914089319094,3003.1117470489653,249.9145604756862
325.4000000000055,AVAILABLE,26.94546751657925,70.66888131395895,3002.6644427698952,249.93018581167624
325.5000000000055,AVAILABLE,26.945516225373506,70.66861981540451,3001.35720961353,249.90936538525673
325.60000000000554,AVAILABLE,26.945571042370783,70.66841866394084,2994.2756440842822,250.1434162226288
325.70000000000556,AVAILABLE,26.94563190894168,70.66815307353916,3004.066663864668,249.81611319156826
325.8000000000056,AVAILABLE,26.945700193146667,70.66790904689054,2999.778599602711,249.92127151074826
325.9000000000056,AVAILABLE,26.945746592135386,70.66768426475765,2996.6898057192298,250.005854716666
326.0000000000056,AVAILABLE,26.9458122321615,70.66744745042892,2998.0263453785687,250.0917425044452
326.10000000000565,AVAILABLE,26.9458469325056,70.66718086622683,2997.1068633476707,250.0342666099425
326.2000000000057,AVAILABLE,26.945935629073038,70.66694577004753,3003.2207120608045,250.05878893868964
326.3000000000057,AVAILABLE,26.9459928232331,70.66669817134864,3001.1941074774586,249.96277178185332
326.4000000000057,AVAILABLE,26.94603995308055,70.66645220995582,2995.565367960661,249.98361353805282
326.50000000000574,AVAILABLE,26.946039444117645,70.66620306581986,3001.8075478654123,250.00116206647746
326.60000000000576,AVAILABLE,26.946172406326212,70.6659779666708,2999.489910554448,249.9232542604108
326.7000000000058,AVAILABLE,26.946229985149053,70.66568275788414,3002.6470284660268,249.9048602419445
326.8000000000058,AVAILABLE,26.946234277991124,70.66549122138626,3001.1100812157824,249.94426728979425
326.90000000000583,AVAILABLE,26.94635116783021,70.66523521311538,3001.378364033636,249.97964691346098
327.00000000000585,AVAILABLE,26.946402744865953,70.66498029160354,3000.970721371322,250.0253964918193
327.1000000000059,AVAILABLE,26.94645731681321,70.66474188971468,3004.9286959391725,249.95610040036772
327.2000000000059,AVAILABLE,26.946528105004873,70.66450095356191,3001.821617547504,249.85779777639857
327.3000000000059,AVAILABLE,26.946566907380117,70.66427797590153,2996.2618333218165,250.05204812649174
327.40000000000595,AVAILABLE,26.9466236980839,70.66401097732134,2995.973639457301,249.8588700978843
327.50000000000597,AVAILABLE,26.946707153414028,70.66381981625592,2996.9165821229403,249.99105078211736
327.600000000006,AVAILABLE,26.94675688408584,70.66353083739962,3002.6699318297797,250.08788832276593
327.700000000006,AVAILABLE,26.946814078979212,70.66324308985384,3002.4261658035057,249.9530969303095
327.80000000000604,AVAILABLE,26.946879570160036,70.6630417364335,3005.5824141689004,249.93269832956008
327.90000000000606,AVAILABLE,26.94693301705415,70.66279596511194,2993.422522027024,249.9676395369505
328.0000000000061,AVAILABLE,26.946980618022366,70.66253155191625,3000.0654715760406,250.02423197224968
328.1000000000061,AVAILABLE,26.94705345882677,70.66231288662341,2996.5475256182795,250.03723982301747
328.2000000000061,AVAILABLE,26.94710803042492,70.66205233422782,2996.969784208105,249.87765294221796
328.30000000000615,AVAILABLE,26.947124265574345,70.66181751358275,3002.320728724706,249.94058804621937
328.4000000000062,AVAILABLE,26.94722639484941,70.66155354271665,3001.988498598003,250.14224735727092
328.5000000000062,AVAILABLE,26.94729334230144,70.6613436082116,2999.414880225143,249.96103778872745
328.6000000000062,AVAILABLE,26.947335000046742,70.66109311726535,3001.8192068499498,249.98473456958598
328.70000000000624,AVAILABLE,26.947385391730585,70.66080886556217,3005.6253288323032,249.89997281973214
328.80000000000626,AVAILABLE,26.947453963081482,70.6605859918425,3003.46095169074,249.95214278467597
328.9000000000063,AVAILABLE,26.9475421763216,70.66035628022325,2999.879044928044,249.93951206160273
329.0000000000063,AVAILABLE,26.94758249334806,70.66011476207582,3003.187525937035,249.86563629124012
329.10000000000633,AVAILABLE,26.947633787723923,70.65988398615585,2996.67469790832,249.84729812015982
329.20000000000636,AVAILABLE,26.947691728100445,70.65961645392576,2998.275476852426,249.9031338601034
329.3000000000064,AVAILABLE,26.94776489749832,70.65937487022815,2999.261036669015,250.00988308081705
329.4000000000064,AVAILABLE,26.947828985640378,70.65916308313189,2998.284462011171,250.0673941816616
329.5000000000064,AVAILABLE,26.94783676103677,70.65888273362849,3003.90657014555,250.1222784093997
329.60000000000645,AVAILABLE,26.947916909000234,70.65865091748009,2997.027116043197,250.06280892877913
329.70000000000647,AVAILABLE,26.947979454069923,70.6584023350382,3002.651295560218,250.10399100079226
329.8000000000065,AVAILABLE,26.948023727643406,70.65818102115146,3002.8372951901288,250.08898591810762
329.9000000000065,AVAILABLE,26.94809462847612,70.65791310028054,2998.5363849204696,250.20069475613883
330.00000000000654,AVAILABLE,26.948182676338607,70.65770532067428,3005.8540691032417,250.0571313607415
330.10000000000656,AVAILABLE,26.94821318718186,70.65743572966164,3002.8095165117966,250.1653662196079
330.2000000000066,AVAILABLE,26.94824189327326,70.65717476455995,3000.5469841005633,249.99177989194192
330.3000000000066,AVAILABLE,26.94835792098674,70.65692138995205,3004.0538219600894,250.07623044876965
330.4000000000066,AVAILABLE,26.948375547149013,70.65668448488869,2996.6010872468773,250.02301431339504
330.50000000000665,AVAILABLE,26.948414608329387,70.65644714642428,3000.5687424619296,250.04352647949239
330.6000000000067,AVAILABLE,26.948487722192226,70.656203680097,3001.9303407882685,249.93844629993148
330.7000000000067,AVAILABLE,26.948557014222846,70.65594647459338,3000.073202410813,249.86160617153107
330.8000000000067,AVAILABLE,26.94862975013401,70.65574203565774,2996.2961260561524,249.91683265548602
330.90000000000674,AVAILABLE,26.948699151761268,70.65552112750149,2999.029789594459,249.9189545932534
331.00000000000676,AVAILABLE,26.94872079091353,70.65527797506174,2995.1690300627006,250.08766839005037
331.1000000000068,AVAILABLE,26.948806606734244,70.6550282940464,2995.9443594741474,249.98164838333608
331.2000000000068,AVAILABLE,26.9488642914903,70.65476912902936,3003.0111338056545,250.01713773147517
331.30000000000683,AVAILABLE,26.948925073339314,70.65451253803786,2999.078496005478,250.0065872284883
331.40000000000686,AVAILABLE,26.948996302845043,70.65429044318338,2997.3470767771914,249.9847026133837
331.5000000000069,AVAILABLE,26.94901950866521,70.65404137757464,3000.6721947411147,249.84719198793994
331.6000000000069,AVAILABLE,26.949095988329624,70.65379336360941,3009.3871046952577,249.91587207929825
331.7000000000069,AVAILABLE,26.94914601289919,70.65354375335589,2994.215993715846,249.94998801989826
331.80000000000695,AVAILABLE,26.949209780517464,70.65329488311995,2998.8316290691887,250.03132152216827
331.90000000000697,AVAILABLE,26.94928528715798,70.65308990778607,2995.5236635135325,250.07156207743793
332.000000000007,AVAILABLE,26.949343075854305,70.65280569927492,3001.0498217151035,250.0100712296652
332.100000000007,AVAILABLE,26.949387860089892,70.65256706212196,3003.591345684859,250.1619343595914
332.20000000000704,AVAILABLE,26.949440967869627,70.65233363774392,3000.2396516164645,249.92410255838507
332.30000000000706,AVAILABLE,26.949504104991707,70.65207441775796,2998.3339515076864,249.97327228800162
332.4000000000071,AVAILABLE,26.94955303771494,70.65186623033884,2997.011313255407,250.22572362079757
332.5000000000071,AVAILABLE,26.949631255829985,70.6515777294093,2997.4206328979535,250.07748881436453
332.6000000000071,AVAILABLE,26.949696976740317,70.65136286147082,3003.0738598058524,249.95787424218622
332.70000000000715,AVAILABLE,26.94973459418512,70.6510588907244,2999.904635300152,250.17261731844394
332.8000000000072,AVAILABLE,26.949786349147637,70.65083095072784,2997.2979508011376,249.86323643122552
332.9000000000072,AVAILABLE,26.94983822924336,70.65064396919236,2993.071282382619,250.0238709918821
333.0000000000072,AVAILABLE,26.949897323485786,70.65041050648075,3000.032779025825,250.05739661014462
333.10000000000724,AVAILABLE,26.9499528128334,70.65011785977657,2998.819366394405,250.0760638115143
333.20000000000726,AVAILABLE,26.94996285308043,70.64997470347357,3001.5835489722017,250.13748758142108
