timestamp,ax,ay,az,roll_rate,pitch_rate,yaw_rate
0.0,0.01498608451040871,0.0037027586636571336,-9.803111213566224,0.0008759105400831804,-0.000838837032899822,-0.0015639548119470094
0.1,-0.011240414901176742,0.003404789598915912,-9.799434459944663,0.00012779269935267695,-0.0013599308660532956,0.0014210088074879418
0.2,-0.01605383194314755,-0.004881875099543304,-9.815699330823335,0.00025060406167008394,0.001097143378418844,-0.0014772992335820136
0.30000000000000004,-0.0031894709130940585,0.0031552549471236192,-9.821670159041368,-9.13322563465736e-05,0.00018834937607127905,-0.0013199231842083304
0.4,-0.013073138763751404,-0.0005486959088656915,-9.812266498002431,0.00022123182587261981,0.002211372314500957,0.0009105186799064018
0.5,0.004450584941066519,-0.007101624916733147,-9.80069573397987,-0.0007820825730978075,0.0015694582466919944,0.0012021985914334157
0.6,-0.020047583889700956,-0.011750441323689883,-9.811911815235494,-0.00040137199960655907,-0.0012608244595317237,-0.0012101772104283726
0.7,0.00722141053671628,-0.0053223772337562016,-9.825287014899645,-0.00028059435021491117,0.0009695415395239792,0.0016984536142224498
0.7999999999999999,0.0006178777971487199,-0.003146007045039736,-9.818043503935009,-0.0005204970384169061,0.0005329974564400139,0.0012688619449376351
0.8999999999999999,0.012435034844628661,-0.0024390257524441934,-9.80115068160897,0.0007635474184868615,0.00045368804110841116,-0.002435368865471949
0.9999999999999999,-0.0006307333572257823,-0.0028366467732570126,-9.796726860947123,-0.0002831032720128391,0.0004511457646651831,0.00027711769785585
1.0999999999999999,0.012667965129816905,0.007624327617894569,-9.799712680890579,0.0014955628192148086,0.0009590022174083037,0.0007981215098239742
1.2,-0.0026064965013525847,0.0009741353291498946,-9.78837621786442,3.4233904920278985e-05,0.0005097197146380476,-6.0004135695318605e-05
1.3,-0.0029086139383064525,-0.02994772074955674,-9.792884171204363,-0.0011818665724633557,-0.0008317250756159808,0.0013700143704420793
1.4000000000000001,-0.02353596849287975,0.0002793076516617947,-9.815604831805869,-0.0018432636282065132,0.0006157272259748797,-0.0007559571929757704
1.5000000000000002,-0.0010348519485253473,-0.0042943308540603405,-9.803602903318906,0.002259747554181675,-0.0012554076923488523,0.000872555629672735
1.6000000000000003,-0.0069053533698670245,-0.00355300173541762,-9.82890310923608,-0.0011392545751724723,-0.00043123524884750323,0.0008317813782695267
1.7000000000000004,0.002456263625563724,0.0057557366091519025,-9.802687600934913,-0.0013838617078863393,0.00145251266143152,-0.00030923508809510667
1.8000000000000005,0.006848603947856199,-0.0018126559038016091,-9.807338160221382,0.0006458892692495178,-0.0022511216755179402,0.0020310312591152887
1.9000000000000006,0.001741573769237288,0.01093535723910466,-9.807822905245182,8.813497594859405e-05,-0.001321675475822737,-0.0003758504665295071
2.0000000000000004,-0.02213551423742542,-0.0015095419515360302,-9.794220851094051,-0.0018833380961844133,-0.0006878514954315571,-0.00035673959768000663
2.1000000000000005,0.011641083000463097,0.012387680010135727,-9.809375164033506,9.145868685195243e-05,-0.00016167423380334715,-0.0004742557450856088
2.2000000000000006,-0.004812641190029093,-0.004660582504077343,-9.811535851450412,7.813716670179141e-05,-0.0006354101749412685,0.0006418646451720389
2.3000000000000007,-0.00037489859405212767,0.005348065056893787,-9.823656576728057,-0.0007028369540246685,9.309050191856542e-05,0.0003000894778912758
2.400000000000001,-0.0017723196363648986,0.015401889001742525,-9.81210497496766,0.0014287007984839226,0.0013954000602173764,0.0007105741797818378
2.500000000000001,0.004454672188850551,0.005540143621173463,-9.811450553081185,-0.0011259959799080816,-0.0005217965907765125,-0.0006183102074077039
2.600000000000001,-0.004132544332986897,-0.00734705961796006,-9.820758344270281,0.00012944878334773385,0.0014228163450075815,-0.000859774831167679
2.700000000000001,-0.018431561028080825,-0.005798629471475195,-9.8223564284942,-0.0010229669527443226,-0.001299963689468461,-0.00013250943621604083
2.800000000000001,0.005224798423789303,0.02250807480970521,-9.82186542599442,-0.0014202238044209497,-0.00017596339883184416,-0.00012347197782551945
2.9000000000000012,0.016073573298766308,0.012988534840030463,-9.816741729973273,-0.002059268720174746,0.0005690085821996528,-0.0004345588053841301
3.0000000000000013,0.013676331835008803,-0.0012783866304719425,-9.811508549027582,-0.001196252285703225,-4.517983367006053e-05,0.0011683380896374375
3.1000000000000014,-0.008161517477247957,0.001983253151863791,-9.815899034456246,0.0009065264405950936,-5.748078488288054e-05,0.0005602713650798447
3.2000000000000015,0.003153794915172962,-0.008873559034463909,-9.821553177084224,0.001313336573042558,-0.00034796511059428746,-0.0010167589834045366
3.3000000000000016,-0.006525801432898338,0.01659325417198837,-9.809064255490151,0.0011112218866728633,-0.002286992882195922,0.00231844548846007
3.4000000000000017,0.0008499860359128178,0.01338958000698125,-9.81311194169842,-5.360982430111772e-05,0.0008691634772622089,0.0019092031178499695
3.5000000000000018,0.0016691736126647019,-0.006727155452428946,-9.79975593396964,0.002127085885378913,-0.0013474196782793581,-0.0008239826797141733
3.600000000000002,0.006489134112701265,-0.004285725271348401,-9.8321371384716,2.648158425183182e-06,0.00029905765941434483,0.000721491563314364
3.700000000000002,0.014130806338195592,-0.012994160752206073,-9.81533312192019,-5.175407305055753e-05,0.0004289902552188135,-0.0007283746011275109
3.800000000000002,0.0003556015774113267,-0.007661667856828384,-9.801286978177522,0.0012663698797507987,-0.0007604325086446884,0.0006197005700812714
3.900000000000002,-0.010289853945778953,0.004128336335587592,-9.824213556555792,0.0002638569351282146,0.0011761935460249178,0.0009463870277020041
4.000000000000002,-0.018403725656522603,0.0015470150323044,-9.813438242191557,0.0014423478097488134,0.0004268643607535523,0.0015051589741944084
4.100000000000001,-0.005276874854474113,-0.011364407236749051,-9.834309751778038,0.0003153112535507207,-0.0002615860357222285,0.0003369421690113253
4.200000000000001,-0.0014437325173528818,0.0025859564601232597,-9.795282881026282,-0.001199264047989763,0.0005575378137678048,0.0013078776030722038
4.300000000000001,0.005478780097240276,0.01887464003459516,-9.812996581035057,0.00017860027843527224,-0.00027650860044113634,-0.00029700955940817683
4.4,0.018078340148944824,-0.014154317130744791,-9.81564894903647,-0.0004918151687346582,4.36724390959451e-05,-0.0002644550424314996
4.5,0.0065300196212944375,0.005466847216794694,-9.791718783087301,0.0008916686412408916,-0.0008925655318662483,-0.001567280276271952
4.6,-0.003927304988755979,-0.005951886539072625,-9.812413319179372,0.001347112598796172,0.0003592141228252142,-0.0013386236974086102
4.699999999999999,-0.00775361593749999,0.016171035717713417,-9.821890120858013,0.0007505654004921486,0.000865749454544144,-0.001180256031902497
4.799999999999999,-0.012935395771612913,0.003363195789910353,-9.806943704453884,0.001027125007527626,0.0005726203923603996,-0.000983969207473249
4.899999999999999,0.01825260045714174,0.0019353195151871438,-9.808548243172512,0.00021240793629699023,-0.0015053826850938044,-0.0007947268699007106
4.999999999999998,0.008243601843127137,0.0070251119669457185,-9.81497278374128,0.00012267727645595756,-0.0005239849906819979,-0.0005364463286218612
5.099999999999998,-0.004254906891564966,-0.011027580313114477,-9.817166086393998,-0.0001107626781108498,1.2388292444680357e-05,-0.00013298385263682986
5.1999999999999975,-0.0017953309783959792,0.004286248093311324,-9.80873201768549,7.611590059974982e-05,-0.0003827263859461884,-4.019427659878856e-05
5.299999999999997,0.008023875920018375,0.006993792890008276,-9.812866233897983,-0.0006084217120486076,-0.0007057029811851824,-0.0010499453949493168
5.399999999999997,0.016214670062783113,-0.008338044794707728,-9.80061108449108,-5.0137594747582405e-05,0.0006608732609695527,-0.0005649819364942157
5.4999999999999964,-0.0021643898579733205,0.010304377004514458,-9.7941387651459,0.0002309904045057891,0.0011696809138651177,0.0007423780396094526
5.599999999999996,0.00984219051601436,0.003818210037382697,-9.810408854541913,0.0024096346025672057,-0.000281491258892416,0.0009111529562898142
5.699999999999996,-0.0018105805730222193,0.00483905875175354,-9.81524051689058,-0.0006681101120534131,-0.00011445602204600717,0.0008737145628884724
5.799999999999995,-0.010712263414599368,0.014167599308144062,-9.80892252221357,0.0005028537377716107,-0.0006301678749364355,0.0011514411473379786
5.899999999999995,-0.0009759191990142799,0.004719045836197139,-9.825885489114466,0.0019876893473056395,0.0008605813583912022,-0.0006445144871836648
5.999999999999995,-0.005633956031097987,0.002524821554670571,-9.817604157847658,-0.0014061811501205354,-7.466394652374366e-05,0.001415703720462273
6.099999999999994,0.006969188624754715,0.005200133070193517,-9.814303467012177,0.0017325373459506938,-0.0008806734678966738,-0.0007943216633730359
6.199999999999994,-0.011709065165069118,0.004841872383597211,-9.817668886310619,8.82909452573458e-05,0.0008681526522459283,-0.0015448420466696285
6.299999999999994,-0.007680146576117422,0.006637975707016587,-9.808175195359997,-9.116956463163907e-05,6.045413557374385e-05,-0.0005899358498960791
6.399999999999993,0.0034039950030403747,0.00863197156957472,-9.816254455537214,-0.0006165720567373981,-0.001191675988156004,-0.00011731461199595338
6.499999999999993,0.011535741598067655,-0.0063335300374830665,-9.811807606753865,0.0014044096710380473,-0.0007976871308330894,-0.00027843755734931495
6.5999999999999925,-0.00021619436808876258,-0.001331696640449279,-9.789733688154504,-0.00017425920532980515,0.0014632245589490701,0.000601451658205422
6.699999999999992,0.020853487326833155,0.02231292232047461,-9.825817447229216,0.0004871461426699408,-5.305786149694703e-05,0.0014722058563272238
6.799999999999992,0.01762352252678231,0.003223118928713073,-9.81062354256533,0.0006116195979507084,-0.001100712776431269,0.00044172847454557017
6.8999999999999915,0.005791986709141471,0.0017245544070361614,-9.819216495623634,0.0008498128391180754,-0.00016720709235621951,-0.0004972703691070754
6.999999999999991,0.0041443205893394895,-0.008479548822731149,-9.800382339605243,-5.4955649884379857e-05,-0.0008930544368184644,0.00032100354040284063
7.099999999999991,0.020009253954005032,0.011108790844727266,-9.824123678047858,-0.0009127300812081435,0.0006540938266962273,0.0009653960721733141
7.19999999999999,-0.0017425047597209493,0.0077697088224088886,-9.821070333534216,0.0008611890977406919,-0.0014931525017667891,0.00042454980664112887
7.29999999999999,0.013318749636970342,-0.0009636860278245588,-9.802483915059726,-0.002344849541609764,0.0009099028553815728,-0.00015188343633696467
7.39999999999999,0.008086344232559012,-0.013180483327177455,-9.79162870196129,0.00022498359011878315,0.0017023161771357077,-0.0012627549208831016
7.499999999999989,-0.008377690573252067,0.013740725064477426,-9.804915808141178,-0.0009579405074578772,-0.0006357961745335272,-0.0007303996024038671
7.599999999999989,0.01071579641903705,-0.005805979008953726,-9.80945397009061,0.0010559186541306853,-0.0008296786282209253,-0.0004902186230792101
7.699999999999989,-0.006661956423297145,0.012416463887723148,-9.814871965187654,0.001049061737905449,0.0007566388311884156,0.00045614310519314337
7.799999999999988,0.008663049903743952,0.007517015312087303,-9.8145763486036,0.0008589789203273882,0.002973318769574512,0.0005899119769635917
7.899999999999988,0.0003460147259486374,0.00138503797583772,-9.812421234704251,-0.00014198626061710776,-0.001993205964420791,-0.0009433353329465993
7.999999999999988,0.01059374926912105,0.004054071507749464,-9.806238604524399,-0.0006340568302845634,0.00023395580077453006,0.00027018795653611466
8.099999999999987,-0.005658025151751063,-0.016002057853967876,-9.818293600127983,0.0004109168266151381,0.0007521019746747409,-6.177477992371744e-05
8.199999999999987,0.005609967514603179,-0.01727833681593651,-9.826762601919786,0.0005097818500931944,-0.0010004098414795046,0.0019267435827738503
8.299999999999986,-0.0003643302915183587,-0.01397242847109431,-9.802002421877685,-0.0012671134995900217,0.000620831585625654,-0.0006807677015119597
8.399999999999986,-0.017019661759584394,0.017036885078092152,-9.817943226372998,0.00034174287515177626,0.0003303858586398042,-0.0008557786174355193
8.499999999999986,-0.011281597865534891,0.0063886056360974676,-9.79367386163589,0.0010070423032692464,-0.00023738508168244423,-0.00018382654231781313
8.599999999999985,0.006926835713157727,0.004646831192451398,-9.826260851010506,0.0007678763719442672,0.0005142193128486758,-0.001544030661178665
8.699999999999985,-0.001448563335556249,-0.0118928369284085,-9.802073924643116,0.00048520042290599823,-7.446212444316054e-06,-0.00021356214425630957
8.799999999999985,9.734380325618622e-05,0.001829755591726525,-9.814085742427398,0.0007863797301531993,-0.0006179191159972017,9.72405600647455e-05
8.899999999999984,-0.00478845042363971,-0.0014309226666116273,-9.805386879485992,-0.0018414500394883517,-0.0017817381298865192,0.001094956880895171
8.999999999999984,-0.006559985899576431,-0.010996635946134979,-9.817079462745577,-0.0008216189317674701,0.0013780634538033676,0.0016537095555847355
9.099999999999984,0.0029424552539848237,0.02013283115827488,-9.819375934693944,0.0008482514632763836,-0.0007011849775761303,-0.0006192162340967135
9.199999999999983,0.019373940990824363,-0.0010718785471940362,-9.816795874515956,0.0006020487707453353,0.0018002256633978583,-0.00152824717784477
9.299999999999983,-0.0033513865280877355,0.004092507006442572,-9.820872043726085,-0.00024567793164181483,-0.0012696403678345075,0.0004981716913965891
9.399999999999983,0.012863204271158125,0.0011406635486384473,-9.815296149564078,-0.0011506486165005106,0.0012960370841182726,2.9711866452761163e-05
9.499999999999982,0.013187220611482009,-0.007527027460939543,-9.819671275664744,-9.592222355479603e-05,0.00023444601666926674,0.0010933513403542177
9.599999999999982,0.005520128170702922,-0.0014667218858913334,-9.818889575570905,-0.000833319872061781,0.0006282341957412323,0.00041966740632803766
9.699999999999982,-0.0002408244679848767,0.004312679208629723,-9.794392654212684,0.0010400059722446725,-0.0005428010672038875,0.001405958204481134
9.799999999999981,-0.012009289215031638,0.0008790370101579104,-9.81248059706795,7.359861878324464e-05,0.0004641971837066605,0.0002418936241045924
9.89999999999998,0.006073130737131469,-0.014267892741687228,-9.795132723310429,-0.0003730855653056152,0.00019780374809925488,0.0013221501450478
9.99999999999998,-0.004176961070539827,-0.006923598918892984,-9.82520853734518,0.0009287181154089411,6.67724104746952e-05,0.00025463324315860923
10.09999999999998,0.007155265887480236,-0.005635084978381589,-9.830982469868417,-0.001667151729835431,0.0002623920012737209,0.0007530468428824739
10.19999999999998,-0.004160284940035208,0.006946972283684675,-9.812087461109632,5.552897094860455e-06,0.0012414782267509863,-0.0033151394263461827
10.29999999999998,0.0023117399884673897,0.009781861426373127,-9.821052219315298,0.0011041096101767293,-0.0017167402043296149,0.0010243470758826978
10.399999999999979,0.00740209667194578,-0.0025171966140630814,-9.799890876948696,0.0009207173843043254,0.0009565806022336748,0.00040893344552942796
10.499999999999979,0.006273376721333685,0.01763487760665286,-9.825626524685303,0.0010713069309262273,-0.0013841069355573978,-0.0008911777865905331
10.599999999999978,-0.00883734422404665,-0.015152987642171612,-9.811696435245864,-0.0017999069803705837,-0.0004765444735582302,0.0004126923728005852
10.699999999999978,0.00203378882913535,0.01827717982370645,-9.797365765166948,0.0011317217250294417,0.0001679091778317398,6.741443418518293e-05
10.799999999999978,-0.0016223138615416774,-0.01605076684594306,-9.807838914007606,-0.000935444289874805,-0.0006542951202646438,-0.0014805170101540592
10.899999999999977,0.0006286433422602484,0.005069281876824557,-9.802079790760606,0.00031718917303817906,0.00011475725445891534,-0.0006927444438442304
10.999999999999977,0.007325933980167233,-0.01251592662507582,-9.802328730140307,-0.00023002880515850382,0.0017062789705164366,-0.0002916822831377259
11.099999999999977,0.007649251450193933,0.0023132521887925606,-9.803277830542035,0.0005954907459123691,-0.0022844433420566097,-0.001315881794989038
11.199999999999976,0.0054703915643650024,-0.006768112404494934,-9.820225903231917,-0.0005898513106420001,0.0008080917040156649,0.00011162257008774899
11.299999999999976,-0.011914518536320506,-0.00021343146806482676,-9.811727466818782,-0.0008310002652860036,0.0022210385363885116,-0.00023758191982726367
11.399999999999975,-0.0015816286462140318,0.005102410994818283,-9.808423972860835,0.0009181598151334181,-0.0010600944065389765,0.0001469773785844133
11.499999999999975,-0.012509752012044508,-0.009908658735485019,-9.80474808774103,3.439510686650494e-05,-0.0010916437206950026,0.00045838695190040786
11.599999999999975,-0.00043765839879365,-0.016687315511824834,-9.820629107197746,0.0009572596600023438,-0.0003294090355085607,0.0011640300517910952
11.699999999999974,0.00861652775993194,-0.013760956526335966,-9.794072255739641,0.00020223013492752295,-0.0018747835309026982,-0.0009539365778303778
11.799999999999974,0.00035545022863619244,0.00013094625700445095,-9.818769967881083,0.0026216023739961177,-0.0007172551916907645,0.0010652968155132284
11.899999999999974,0.002611808288027016,0.011621028844286762,-9.8092866643328,-0.0008705546853672463,0.0011721997678581695,0.0006717451686256415
11.999999999999973,0.002256584077072193,0.0011121560433185191,-9.804878195508227,0.0007682690404577023,0.0013222963584055654,0.0022210448258365018
12.099999999999973,-0.006724584110956348,-0.01558153039027967,-9.813592630517723,-0.0007984749029083721,0.00016054285535336622,3.872746371226492e-05
12.199999999999973,0.00597918827455085,0.0074586150481960566,-9.826450806074236,-0.0002748422956808771,0.0017284174310204883,-0.0007966256157986972
12.299999999999972,-0.012714115979806465,-0.009454438970160689,-9.787063303530122,-0.0006220945631426846,-0.0010841485255159945,-0.0010814025661687707
12.399999999999972,0.010531948640439064,-0.017094226050120818,-9.822676736564341,-0.0002792480555280231,0.0008087751968633374,-0.00016717612999335026
12.499999999999972,-0.017574714763577963,0.027620760934809706,-9.82342123501819,-0.00011005705492353334,-8.614514564789592e-05,9.684267034419711e-05
12.599999999999971,-0.01577407488805071,-0.00840075458722386,-9.814750571277413,0.00019089993047117826,0.0002774466927168701,0.00017610749333458095
12.69999999999997,0.008952584154647027,-0.010662684320888738,-9.804354890129726,-0.0017804830655078776,0.001240608797282828,0.00022833922944144293
12.79999999999997,0.00438241448418181,0.0069818598753805805,-9.804959698034333,0.0010982424209158178,-0.00019205888539746728,0.00039309187050590877
12.89999999999997,0.006462366326103244,-0.01818848157271601,-9.829938525667476,-0.0006082102190398543,-0.0005812871448753299,-0.00011605429331625511
12.99999999999997,0.00445117579793046,-0.011728407488359053,-9.813302644273463,0.0003009330352952006,0.00041488018682394283,-0.0006730403593543713
13.09999999999997,0.007103038009755892,-0.001102366007708928,-9.812300732698478,0.0013928266870961534,-0.0007164230213548158,-0.0021796837338748866
13.199999999999969,-0.0014226743040880998,0.004570802993706281,-9.806007886284005,-0.0008437346435004885,0.0006528860062069982,0.0005528860614959748
13.299999999999969,-0.0014792112058373203,0.0021913780116969393,-9.790833585573406,-0.00013676480854634679,-0.0010129581741060354,-0.000394187320531943
13.399999999999968,0.012250269813780286,0.0026662230624983864,-9.819820592470498,0.0015297835520510412,0.0004550294986817518,0.0007020775525982744
13.499999999999968,0.0011191550286596757,-0.030304076419527794,-9.818690349885198,-0.00019297104976273528,-0.0010187274833335163,-0.002410791538942557
13.599999999999968,0.006530468685313677,0.0012222188263440275,-9.801040549049628,0.0009525890291597788,0.00048129175998418535,-0.0007498045209815732
13.699999999999967,0.0007516423266887251,-0.0015912445751714117,-9.804102512148924,0.0003679930422125965,0.0007220858274570975,-0.0011453921080654956
13.799999999999967,0.014401038050297502,0.005839376867995531,-9.80231320323423,-0.0007641117903843515,-0.00206218162994395,0.00022179899068193305
13.899999999999967,0.0028935867656258818,0.00755631309818994,-9.806169648314153,-0.0006631967049830341,2.8812618867980355e-05,-0.0003869915190695656
13.999999999999966,0.003082879773272467,0.010319592362464687,-9.818162577271021,-0.00010002125999096518,0.00036726506804344986,0.00022176094771471274
14.099999999999966,0.004523410274224446,-0.007134427124235433,-9.819703544826702,0.001400408488688414,-0.0004246010580992916,-0.0009814895339892297
14.199999999999966,-4.1227987224290235e-05,0.011075371424668204,-9.802374899794916,-0.001138272582955491,-9.908985072725129e-05,0.0009078322171961095
14.299999999999965,-0.002801804708148816,-0.021380990657577977,-9.813897065741292,0.0009854929559409953,0.00011028495147822133,0.001295263719802412
14.399999999999965,-0.016484567569722743,-0.004078259759751176,-9.795646614391998,-0.0012734881416479058,0.0010727917768013557,-0.0005199913965058063
14.499999999999964,0.01452694811334114,0.010353550436781768,-9.805513683295452,0.00014582429087751052,-0.0007964600242544946,-0.0013106337847311141
14.599999999999964,0.0024800315515293597,-0.007387739086882153,-9.810793337712235,-0.0010866104738332058,0.0016097117870235017,0.0002034478495002384
14.699999999999964,-0.005136695710820121,-0.008132642283557515,-9.814678329547691,0.00026529879741326836,0.00026541725989010195,-0.0006857607887459786
14.799999999999963,0.0037724839974772905,0.017205598192426445,-9.820183094005474,0.0009502728209539193,-0.0011580787080501917,-0.00014284121641344687
14.899999999999963,-0.008649873692145229,-0.007568761325813816,-9.79953281293442,0.0005501046526865447,-0.00018241815345046604,-2.584187412791011e-05
14.999999999999963,0.027327179841122186,0.0004494072708404877,-9.812350934548979,0.00042792904986961523,0.0008837311970844262,0.0006373015820143307
15.099999999999962,0.013427253662602032,-0.012996253486334515,-9.826531474829913,4.81706429681413e-05,-0.0006944612508249715,-0.0014702882287126234
15.199999999999962,0.007355947205078855,-0.006031487862490821,-9.82628744246456,4.303541827212179e-05,-4.0640244237441236e-05,-0.0018577381762698733
15.299999999999962,0.01315460627844398,0.007295741236144779,-9.808214232451173,-0.0013892087549168507,-0.0007022978704058733,-0.00047390214900829133
15.399999999999961,-0.004437596382957443,0.0056658202898627495,-9.806263768408133,1.8009965375268667e-05,0.0031073775503018966,0.0014924076882569892
15.499999999999961,-0.02250939568647741,-0.004615037601361183,-9.824481191979684,0.00032986792281136564,-3.0581274201302666e-05,-0.00029343493448813924
15.59999999999996,-0.0034536164162743284,-0.002661084434418763,-9.803167878769194,0.0003857218925219125,0.0012614514654455083,-0.001123353859138877
15.69999999999996,0.005200015869292724,0.006327774706683239,-9.814646442474286,0.0005424247087583411,-0.0004827730282951754,0.0008746329341785726
15.79999999999996,0.004713097223995007,-0.024607696490093336,-9.80536309175302,0.0014384607270521502,0.0008458148704847122,0.0025646871504610294
15.89999999999996,0.008551168210422856,-0.012096676096448818,-9.81031773787769,-0.0008936431577043515,0.0013757914891262336,0.0004716725473263042
15.99999999999996,0.021634739977714906,0.002761456257672663,-9.792155226884029,-0.0002235637357764512,0.00013877657774234234,0.00043289847105798545
16.09999999999996,-0.005080684987305868,-0.021175991562215443,-9.813563657294914,-0.001091362825079152,-0.0004974125286242652,0.0012973633012145042
16.19999999999996,-0.0034297948629160714,0.004673173051839917,-9.822576469380785,0.00023434915789635104,-0.0006508505962302065,-0.0013784680997829557
16.29999999999996,-0.004763653660628002,0.010324312708992712,-9.810133735979706,-0.0022593036576813723,-0.00022271440826524162,-0.0011503147557803282
16.399999999999963,0.010933759106224428,0.0013568035189557735,-9.822644603722985,5.2445206872896116e-05,-0.001066534084801545,-0.0002877103470695941
16.499999999999964,-0.01082939515215444,0.0058724589078428995,-9.817389560660482,0.0016102875711736706,-0.0011988184249948444,0.0017291178030154435
16.599999999999966,0.015198150953768547,-0.005170207289526717,-9.795355646670297,0.001114052349723455,0.00018311269053808692,-0.00021704802017481891
16.699999999999967,-0.0014469577762513152,-0.01677670791457901,-9.81499200849945,0.0006310175220280143,0.0021768543737060073,0.00017187746989341768
16.79999999999997,-0.010969991556884929,0.012959023981107515,-9.802822204987821,0.0015524162441641356,-0.00026629429956803957,0.0012784393588197878
16.89999999999997,-0.0003328648468985138,0.009911048864055205,-9.813978090782113,-0.0004511923355188176,-0.00035051233874437384,0.00094279356713669
16.99999999999997,-0.00762297316292701,0.0063714505515564115,-9.809833658201455,0.0005102864696705988,-3.4795724359289484e-05,-0.0011593198987652773
17.099999999999973,0.0025203253553455172,-0.006327422360767049,-9.805843692356751,-2.0752829251877314e-05,0.002583944948470792,0.00039902363710486
17.199999999999974,-0.006217827833918577,0.010127720071110789,-9.815595479437354,0.0004176727505133421,0.002167566816319465,-0.0009021700050266036
17.299999999999976,-0.012762590457090994,0.00041033824741440277,-9.822904721715352,0.0010672555708668052,-0.0008755141683491067,-0.0006751485147760398
17.399999999999977,0.01725980393349545,0.010176014782479646,-9.81458929222814,-0.0007381008445605609,-8.639084259013059e-05,-0.001295232272625638
17.49999999999998,0.004815280475082087,0.002703694295172643,-9.796256040538902,0.0005789937519124692,-0.00011453338422394775,0.0018215100294698713
17.59999999999998,0.011331880985725254,-0.004503010235702703,-9.815568189859395,0.0006005889312325627,-0.000958860169099768,0.0009446472587145264
17.69999999999998,-0.003333917146974779,0.006071241092011589,-9.816060786847936,0.00025384688830260564,-0.0008564145351015,-0.000978735800908227
17.799999999999983,0.013149194621896574,0.006754255156979264,-9.810954944672737,-0.0006303091895090128,-0.001077959134622192,-0.0010487604151842647
17.899999999999984,-0.0037195666082427033,0.016319552031180413,-9.80355951740491,0.00020643657147533285,-0.0003496896085913035,0.0007739428420394614
17.999999999999986,0.006145313007917577,-0.007511896628578175,-9.815622359784399,-0.0003248724384179635,6.094958665616251e-05,-0.0012652053028661134
18.099999999999987,-0.013128821994609147,-0.00024279260275070655,-9.822470827216547,0.0003422452249868145,0.000978447094121304,0.0011917298016027567
18.19999999999999,0.007045210951003228,0.0028055103105519047,-9.813869101445466,0.00022529935155437742,-0.0001614708994058362,0.001009651036812953
18.29999999999999,-0.003662524121459878,-0.009089512021649402,-9.805110049710748,-0.0012386700275543174,4.398552123595369e-06,-0.001180520847489807
18.39999999999999,-0.01080687777394839,0.01401288201469854,-9.805057262668827,-0.0004043918715429744,0.0022179854719466,0.0006903248785675772
18.499999999999993,-0.013079666922364204,0.0003728564392615958,-9.820111393007776,0.000301401519242644,-0.001448567397867836,-0.0002129647249397212
18.599999999999994,-0.0084699539464212,-0.012185453784705978,-9.800464988652799,-0.0007809653679937021,0.0003657290328459204,-0.0003562772188461446
18.699999999999996,0.0025189504607932528,0.002097565360316472,-9.81909158342282,-0.0003707652303757615,0.001530168352907368,0.002642299921771062
18.799999999999997,-0.0030122656640983675,-0.014065600512640327,-9.809061444668133,0.00016934024433599333,0.001421802798698048,0.0010251502922699596
18.9,0.0029028399853846944,0.006503242415704086,-9.810984791931492,-0.0010727602507610168,-0.0009303820716606826,0.0013609107483415113
19.0,-0.016189859600719017,0.01748296663185239,-9.800147409183518,0.0009307926464617262,-0.0007489518725875635,0.0004111045006369976
19.1,0.00693987077435449,0.0006765078090309144,-9.824687036131715,0.00047921921669664454,1.7150925245440756e-06,0.0010227874056464284
19.200000000000003,-0.009582756823595606,-0.0016591300251287957,-9.81683548346226,0.0003879010515909865,-0.00011809054922998772,6.0179287554339004e-05
19.300000000000004,-0.0031543787925528643,-0.013007238012010647,-9.81515774197195,-0.001253891503489722,-0.001062241071747487,-0.0018803688757059018
19.400000000000006,-0.006987083692081579,-0.007639763972111491,-9.813152737089569,-0.0006435010122061585,-0.0006988245854193896,-0.0014841975922857949
19.500000000000007,-0.01596494121459737,0.010321678285159333,-9.814516612525603,-0.0016460499033313328,0.0011076448000918507,-0.00020558274661276402
19.60000000000001,0.009303924655487527,0.004209730445304947,-9.828279696050863,0.00030285354389885576,0.0006479066953669059,0.0005208346937194276
19.70000000000001,-0.009145459866042972,-0.005456078674201344,-9.820595385685419,-0.0006999424186353834,-0.0010602323110172642,-0.000310770205645239
19.80000000000001,0.0029954356407190384,-0.02038896454197317,-9.818245028246391,0.00016899190502401044,0.0009518450250048265,-0.00030939671632341836
19.900000000000013,-0.011404604445855707,0.017678889150098326,-9.807053457114039,0.0007931244794825085,-0.001461745304069468,-0.0011592918258524322
20.000000000000014,0.007584025433846944,0.011943603676759163,-9.804147237888525,0.00010876129502738139,-0.0008244019282657979,-0.00046196882406863564
20.100000000000016,0.004195002558670473,-0.00798588781559926,-9.80312933488416,-0.00029865447016537834,-0.0015256446271676083,0.0008652003353815292
20.200000000000017,0.005292882601369764,-0.006349943320905247,-9.813181288937615,-0.0009171759747236645,-0.0003991220342258823,0.0012404287094663956
20.30000000000002,0.0009542137371281644,-0.005273846086406587,-9.811638698085336,0.0010844344091750053,1.958838827087566e-06,0.0006026617578894204
20.40000000000002,-0.0024373208167220383,0.017636483421624622,-9.806582258898853,0.0012070485782232077,-0.0014667862958934257,-0.0004879512299712916
20.50000000000002,0.011387108267923525,-0.0008673344353976927,-9.795732652074303,-0.001884880288694229,0.0002415035285174793,-0.0004158968562456467
20.600000000000023,-0.010876720386923522,-0.006400076346543932,-9.816888105094863,-0.0011273900445785143,-0.0008251613041125939,0.0006383043856707503
20.700000000000024,0.0013602000840196226,-0.012088465165623985,-9.821354216310995,0.000847853892365425,-0.0017290730519549016,-0.0005360081951311847
20.800000000000026,0.005571136448295326,-0.005798286674934902,-9.806012032952435,-0.000436116895182537,0.0005339400378989581,0.000714149872910695
20.900000000000027,-0.01944824023545355,0.0036689144648507006,-9.816125990939952,0.0007598972977962504,0.00032916857947831946,-0.0008597424521718271
21.00000000000003,0.0061742632096956135,0.005456411701316019,-9.802623563333533,0.0020620509739802807,-0.001149785369897366,-0.0005192153363260398
21.10000000000003,0.004192798595298918,0.019651667400874106,-9.796903865084428,0.0012753942774733009,-0.00031862894040850134,0.0018127665377150265
21.20000000000003,-0.011292326512077473,0.0020868774119201096,-9.799525745970005,0.0009655096919580996,0.001083521875190462,-0.0002406293981849797
21.300000000000033,-0.01694230841573554,-0.0032067403793978734,-9.797472248317977,0.0007922149087715072,-0.0018181927033359426,0.0014121138225335473
21.400000000000034,-0.0012115018572429995,0.0036204717368702767,-9.793485929902992,-0.00023067115924128859,0.0007508332176255296,-0.0005019516294203646
21.500000000000036,0.019149299002572912,-0.0006829607344454932,-9.810347881529344,0.0022682364457949997,-0.0006428397159627158,0.00023758283985171177
21.600000000000037,0.010192387427032502,-0.014537621270648267,-9.813461561017125,-0.00037759812386547304,0.0021106979630082083,-0.00022542438620570734
21.70000000000004,0.026744052911651005,-0.01585484483934448,-9.818470297813432,0.0015438244501170578,-0.0003049529071305755,0.0016738975022914052
21.80000000000004,-0.007799688323378421,-0.0072997796905212575,-9.845748219616594,-0.0009878285722733587,-0.0009500586780498465,-0.0006012265086434052
21.90000000000004,0.0055730250561562555,0.009662529283352097,-9.797903233207375,-0.0004546423570931759,-0.0027774518410530694,-0.0005640383713207019
22.000000000000043,-0.0026794577556492113,-0.0183091596995193,-9.82429572399997,0.0005251977585086292,0.0007130420715731928,-0.002159823067291972
22.100000000000044,-0.0025563308227000083,-0.0005637990619962426,-9.816845120304817,0.0010171030553554636,0.0007892584118553678,0.0002963799721124219
22.200000000000045,-0.0012735384143995763,0.0011126165761631355,-9.827346913755798,0.0010652516042025221,-0.0005056525014594153,-0.0028847037131510098
22.300000000000047,-0.004645602282983872,-0.02318235367800717,-9.813445578838314,0.0022044491935006507,0.0007884814204981061,-0.00023022531134424154
22.40000000000005,-0.009781602055533785,0.017909068573307457,-9.802379435288778,-0.0013429544684378724,0.0007912549356574531,-0.0007341170772701576
22.50000000000005,0.007161580633149494,-0.0012584921755730769,-9.810964567453778,-0.00025237257736246643,0.00037618902276658807,2.2452015010023956e-05
22.60000000000005,-0.017146782821404298,-0.003996444506540184,-9.801734322834777,-0.001052986526479699,-0.0014757405102192214,0.0016831268076434207
22.700000000000053,-0.017877223622196865,-0.0006886021221449196,-9.802665575354872,-0.0001500730596119554,-0.0014622413936446364,0.001418392566426541
22.800000000000054,-0.018846384144670505,-0.009875090834476892,-9.79172448775661,0.00020935273545034488,-0.000711603908095841,-0.0012146847803443297
22.900000000000055,0.005626645637708794,0.007088351821590816,-9.801237035948752,-0.0005083426372670941,0.0007947249367392235,-0.0004725449526790643
23.000000000000057,-0.010938152368896585,-0.010180844343493502,-9.801904107848724,0.0017331321848411462,0.0003700852055852931,0.0004760167407855055
23.10000000000006,0.003039627355635465,0.009476386902686604,-9.809858199445621,2.048660944357402e-06,-0.0004697234548203579,-0.001446811016858509
23.20000000000006,-0.0013307894113244506,-0.0018589372607085858,-9.825903968834764,0.00019353292121977532,0.00016074905080188385,0.0007538886080122077
23.30000000000006,0.0010882517954614857,0.002815492889411644,-9.80220956961154,-0.0012624225796005403,8.155940360522044e-05,0.0010852146783916514
23.400000000000063,0.01144041438827055,0.016429444493800988,-9.798242017902865,-0.00010919698051997286,0.00026242394365496636,0.0006920359210294891
23.500000000000064,-0.0206984508118906,-0.0038130911123919896,-9.803101992670669,0.0011508638915168502,-0.0006938910286659995,0.00019231202452624118
23.600000000000065,0.007449471047427757,-0.0022046904827508007,-9.802641809178857,-0.0010251296485562318,-0.0008817393568551741,0.0016202950738822097
23.700000000000067,-0.018336201213166856,0.004384757309905756,-9.808160166510422,0.0009954951969972333,0.0007242483836180354,-0.0007062904579382336
23.800000000000068,-0.005325341302206795,-0.014789627543606099,-9.823070333510294,-0.0005426643677687436,-0.000413491380997126,0.0009144600056592687
23.90000000000007,-0.0010114777384037958,-0.006950795407974178,-9.796140082554851,0.0016265774849196731,2.9847411551816594e-07,0.0006183677924672785
24.00000000000007,-0.005728165154514079,-0.002686704264848819,-9.809913870675693,0.0007330929177764526,-0.0018214802045366189,-0.00018948982736817334
24.100000000000072,-0.0020139395542491264,-0.006273274969599217,-9.81476096508438,0.00012977010114272194,-0.000793171080007286,0.0014588531664453442
24.200000000000074,0.004460535240207313,-0.010540656382668531,-9.820822448937605,-0.0005823731566338452,0.0011907951812288105,0.0020022178354248284
24.300000000000075,-0.001751967633822896,0.015135317756033065,-9.80291010167735,0.0013087994713650523,-0.00026506920882088457,0.0009028268967238079
24.400000000000077,0.012182911921750306,0.025282303798581655,-9.803407865337991,-0.00020173984453584278,-0.0010202062061187547,-4.859211011820081e-05
24.500000000000078,0.02612433411778297,0.0017531876438066946,-9.808843283129805,-0.0003646949021368642,-0.00012692052313519734,-5.860233929100673e-05
24.60000000000008,-0.004620820938761109,0.0056331638027936615,-9.806776319730513,0.000538072666766409,0.0016479372141239722,-0.00011375650973355144
24.70000000000008,0.005378525814603375,-0.0022560478798583344,-9.814631232229974,0.00040016000078939236,-0.0009757204056173586,6.261255837706728e-05
24.800000000000082,0.006941612602108254,0.011399127405475558,-9.802426412877667,0.0004938828473098314,-0.0009590972365799347,-0.00011346225574910155
24.900000000000084,0.0056494403734300095,0.01149006154358721,-9.794371013007567,-0.0010322324538757676,-0.00040905028093750746,-0.001592700307499561
25.000000000000085,0.015300854081489533,0.008250113961393768,-9.823593219286305,-0.0006589787266272039,3.519293879243453e-06,-0.0014712992488868358
25.100000000000087,0.005665798535772058,-0.0038180945233225556,-9.811508823948106,0.0014328364310132453,-0.0011935525808855255,-0.0005769453464154949
25.200000000000088,-0.0011586990667674295,0.003802138444748167,-9.807659155754212,0.0023361677357186077,-0.0011132874850475448,-0.00114666894014038
25.30000000000009,-0.0038899329748062613,-0.007749469890791019,-9.798581876134444,0.0006443738901958556,-0.0007873165011229996,-0.0006266079977632016
25.40000000000009,-0.01511662201013413,0.02855490365180112,-9.82248130442615,-5.473613365248229e-05,0.0006656092966384234,0.00034591133395882843
25.500000000000092,-0.0006565851186378291,0.005871158746376852,-9.817836469862485,-0.0009127258654458683,-0.0001714300640255644,-0.0020368022037159273
25.600000000000094,-0.004204884840975566,0.000888139379491482,-9.81415117065593,0.0006751829918458801,0.0013804868347087028,0.0005221863827184229
25.700000000000095,0.012894575290571246,-0.019225227752823353,-9.83263134478172,-0.0010084871864077167,0.0009970379468810828,0.0005515761290582614
25.800000000000097,-0.002818344830188721,-0.002478861193806508,-9.824891950253253,0.00080344854730624,7.253060782418336e-05,0.0006221314871891247
25.900000000000098,0.011775807860058897,0.008528316899237073,-9.820149066051764,0.0007069907487106238,-0.001995700293512318,0.0017828761061901188
26.0000000000001,-0.002457508803269704,-0.0014426900448047753,-9.812178688545401,0.0032288048891014783,0.0007627486498657095,-0.0017211133920554164
26.1000000000001,-0.015174034988722301,0.004352611002597624,-9.792749376780797,-0.0018504809843233965,-0.00010531301721028842,-0.0019108054473500457
26.200000000000102,0.022632501641986238,0.0005633424094450888,-9.818685666904708,0.00032726405285956695,0.0010662589726930926,-0.00011449327267706646
26.300000000000104,0.0022455517174577396,0.004539332718268805,-9.811809876965352,0.0005525170125620928,0.0015622670300589456,0.0006454188991326246
26.400000000000105,0.0014093030963420626,-0.008080932214028703,-9.821175717116,-0.0018478626731139982,0.0010866892393795564,2.4576940808078472e-05
26.500000000000107,-0.008167222995616315,-0.003518285254590051,-9.822361353567995,2.5226074677394502e-05,0.0010425348523732366,0.0007558594959578029
26.600000000000108,-0.004250028121161058,-0.011413721307553708,-9.813099326050976,0.00018515781935781418,0.00015192233714579213,0.0004032864422261622
26.70000000000011,-0.01049217313789143,-0.004640267430339203,-9.814863532630916,0.00072811332465387,-0.0021730260806918354,-0.001019404732961821
26.80000000000011,0.0007107346172820136,-0.003990670266040707,-9.812713909832842,-0.0004849650450444281,0.0011615892792762289,-0.00023580454122720866
26.900000000000112,0.010938837263833363,0.0115269133139331,-9.815573040397295,0.0005724696856339632,-8.010994869386607e-05,-0.0003289863132841389
27.000000000000114,-0.001541066556689436,-0.0036882401654914037,-9.81215597348088,0.0010710802429637954,-0.0001535048698395521,0.00016140873110859368
27.100000000000115,-0.011895908922867736,-0.010400382966122246,-9.787442506956694,0.001805738400998759,-0.0012262707488765383,-0.0005627941275316715
27.200000000000117,-0.01189266983131286,-0.006843061607978552,-9.806678117414991,-0.00047565184161489296,-0.0015239887401674295,0.0001589432584788247
27.300000000000118,-0.0045371737223871755,-0.00795320379736066,-9.806227713728541,-0.0005657025486287644,0.0006737413197088542,-0.000899477664567835
27.40000000000012,0.01709763227516937,0.005946474882610778,-9.810497983723264,0.0015368531547753034,0.0008190104154276794,-0.00020227417014667272
27.50000000000012,-0.00583506299091105,0.012135267140376214,-9.815756596143181,0.0006990149509624394,0.0003725727623300183,0.0005164310661977909
27.600000000000122,0.009273633914809046,-0.0024154307043271657,-9.799238756058532,0.0003837785383364022,0.0002668388650877161,0.001223531786808095
27.700000000000124,0.00521873837316936,0.018768903610018494,-9.808645532047247,0.00033965028309265575,0.0007545064577242455,-0.0002174906427773649
27.800000000000125,0.006208893127270699,0.01536202140318133,-9.823991376281436,0.00016126420229509077,-0.00023773960726012914,0.00012184414869523682
27.900000000000126,-0.01415018066200301,0.009514250435038271,-9.801564429680235,-0.0005517242763572543,-0.0012657943327608592,-0.00031597863468008926
28.000000000000128,-0.003739242058041422,0.01004932458415242,-9.816521038307279,0.0004504304196767166,0.0005556600243878381,0.0010003214368598944
28.10000000000013,0.01868013352588375,0.0021324787298582677,-9.8220150372562,0.00029761256175213927,0.0005855349142276142,0.000512454860453945
28.20000000000013,0.0014167681115375694,-0.008796806251976414,-9.819023847898855,-0.0005509698231701904,0.0005089954929414899,9.25839952099931e-07
28.300000000000132,-0.0023741511086827092,0.010840883461648526,-9.813821390169071,0.0016796178551543176,0.001550844848218068,0.00032343439034696595
28.400000000000134,-0.003978177567338977,0.0045033982112684225,-9.81023104157504,0.001670723038440523,0.0018400183883849725,-0.0005724310166246948
28.500000000000135,-0.004017838586640559,0.010897345575024099,-9.807197038167372,-0.0016036289903766997,-0.0008811901249618103,0.0017279398562060036
28.600000000000136,0.005373069229614054,0.0028962136254385897,-9.807224087329269,-0.00017822192272414007,-0.0006756640624783847,-0.0004892611583411055
28.700000000000138,0.00011395399982701057,-0.023128147554940106,-9.823503287163621,0.0009006805423269928,0.00011966935316021575,-0.0004736279053828106
28.80000000000014,0.00640298407026146,0.014567828633371088,-9.805745230093164,-0.0011403663689255796,-0.0002582481145462185,-0.000664428355693269
28.90000000000014,0.014198551751503521,0.010724367180470372,-9.801324770722584,0.0007072329684260781,0.0009902112694389494,0.0010980648529467683
29.000000000000142,-0.0013965733848860654,-0.022617794131927733,-9.800590874407137,-0.0005456928761677281,2.5161453009225115e-05,-0.0007091474877856289
29.100000000000144,0.006053995970596434,0.003853247131278742,-9.816065212300904,0.0005665937179938612,0.0005332140359332256,-1.276153685888457e-05
29.200000000000145,0.010206080842661554,0.011184811338020724,-9.806661797455858,0.0005196081334759623,-0.0003182708671129191,-0.001376269553843458
29.300000000000146,-0.0030268836027039143,0.0041554191249417,-9.809491973997945,0.0005117285828896678,9.808737163288363e-05,0.00015462336318489427
29.400000000000148,0.014530805851094767,-0.005082910927954405,-9.820215521388956,-0.0007080211546151507,-0.0003876360457436158,-2.1030537316705123e-05
29.50000000000015,0.006943672672967041,-0.00366726189864243,-9.820019177844518,-0.00016124632838529843,0.001271204894994408,-0.0006626373329748607
29.60000000000015,0.00303132763545459,-0.005810248727985453,-9.813038414849649,0.0016409257061907687,0.0009219579151242772,-0.001518175861809694
29.700000000000152,0.00934957588310122,0.005223989377825601,-9.81811082808167,-0.0013974753709326076,0.00026827873463348463,-0.0007022016558577124
29.800000000000153,-0.0034509611784791,-0.010814117611529365,-9.800821745280738,-9.967649433076215e-05,-0.0016873479727122383,-0.00045281941492445626
29.900000000000155,-0.004706355258237439,-0.001308995688657864,-9.812247864608574,-0.00115041007191168,0.001861202257560836,0.0005659941753465776
30.000000000000156,-0.003242080073310153,-0.003411801089387495,-9.80795085394295,-0.0005640503366928651,0.0002562465790332022,-0.000617168920193998
30.100000000000158,0.0022098231022048094,-0.0014817489932277836,-9.818363064766842,0.0005016707642927802,0.0018581804512683537,0.001174090760567384
30.20000000000016,-0.0013326937129262072,0.013459207099365642,-9.791665898097813,-0.0008079305266454733,-0.0020365030049163857,0.0005417132932479532
30.30000000000016,-0.010471223747611318,0.010202959130258395,-9.822537650296779,0.0014784066078579138,0.0003677563590058808,0.0004116418346921107
30.400000000000162,-0.015395750707847803,-0.02201071858363769,-9.802582969980326,0.0004383428207382365,0.00046601949212610655,0.0008031638173791001
30.500000000000163,-0.002837337376864471,0.015051852624484082,-9.811098821508967,-0.0005105652046442405,0.00041550187833035607,0.00029746416001615554
30.600000000000165,-0.0041167072334891,-0.003276541901407119,-9.810913509868595,-0.0020429640991941585,0.0008549944525158269,0.0016721235129754308
30.700000000000166,-0.009185769157563197,-0.002541416993592588,-9.816131196275458,-0.0004280952983739075,0.00037376397922940133,-0.0008470989402136373
30.800000000000168,0.014831607796516147,0.0010994291510851995,-9.820845598130383,0.0013814550431440443,0.0021543623097984546,-0.001422725712652544
30.90000000000017,0.0035115974356572295,0.005990667609510632,-9.827496133496664,-0.000993178025315523,-0.0010944147984048864,0.00014011195403903213
31.00000000000017,0.016692462206575484,-0.007511218541866395,-9.81651836284151,0.0003511156622668807,-0.0005462638291263113,0.0008444857996319969
31.100000000000172,0.006240465388930178,0.001724777567722129,-9.791810937931812,-0.0011090438864154817,-0.0010530799663718469,0.00036096721832723727
31.200000000000173,-0.012996260489715236,-0.0004659404759131354,-9.811020347300042,-0.00043558805146694013,0.0020394746030314424,0.0007031842751595007
31.300000000000175,0.0006624002525482863,0.011763947482113554,-9.800822893521778,-2.2601365744251307e-05,-0.0017456490110415758,5.423001887378703e-05
31.400000000000176,-0.017947857650166616,0.006633511252727574,-9.787294478058135,-0.001028059026162715,0.0004569470552384539,0.0007377478647924533
31.500000000000178,-0.021631252085409194,-0.027562982904963167,-9.819696046984761,-0.0002796237057220477,-0.000792417853830649,-0.0003652100969240123
31.60000000000018,0.009478396707390611,-0.010709232095478256,-9.802518608400904,0.0019394348062660878,0.0026803380342796555,0.0010181773160520544
31.70000000000018,-0.000131739690798005,0.010234187199308596,-9.822150296057918,-0.0007049333631350793,0.0003649178566403026,0.0019368154538788108
31.800000000000182,0.012817236466346056,-0.0031338630999143257,-9.805752300814861,-0.0008322528130156382,-0.0003347494874600432,-0.000765861136058397
31.900000000000183,0.0016875014940816017,-0.007218459812816692,-9.814540871480318,8.054780739735549e-05,-0.0003477775359914319,-0.00086955449752061
32.000000000000185,-0.01848307192423428,0.0060440656520030535,-9.812271837378571,0.0007112287299556274,-0.0011746170158786183,0.0007909529065644605
32.100000000000186,-0.023014897814074637,0.009006373027162201,-9.825068504318272,0.0007651789569733138,0.0007753408888540208,-0.0010585043799818273
32.20000000000019,0.010295072182225985,0.0076779146991394764,-9.817660974356011,0.001109620888636114,-0.00022987553348683974,0.00047990422277986944
32.30000000000019,-0.010407873435752502,-0.012039841021893694,-9.817539909673838,-4.466561735196247e-05,0.0012246078594573657,-0.0006193815828176418
32.40000000000019,0.014170730242562298,0.00239990877201338,-9.806079691083117,0.0013746648772993552,-0.0007901226308589596,-0.0003628244415407591
32.50000000000019,-0.0019776059997394695,0.0052884023891108765,-9.806533593492738,0.0014322374191704026,-1.1310490661472598e-05,-0.0008543120476776922
32.60000000000019,0.005719198947623936,-0.008996263834603387,-9.813292967142186,-0.0013656281387880922,-0.00016998588041088584,0.0008183378923726638
32.700000000000195,-0.01015381249588317,0.009703592833329342,-9.814490997491605,-0.0018116675385363252,-0.0006325741546296431,-8.49599137567308e-05
32.800000000000196,0.005003522862710001,-0.007384672908130392,-9.816963065362645,-0.001312907941288696,0.0014085422594853772,0.0005469321047938711
32.9000000000002,0.01810484465836229,0.0042037140493701745,-9.785989304051736,-4.714126502979133e-05,0.00030302232589511527,0.0004610730489179952
33.0000000000002,0.011458341937281478,0.0007317081625788903,-9.826961840344564,0.0001678610381804171,-0.0014432712424953904,0.0009546535954948567
33.1000000000002,-0.01684501255735939,-0.006904164442180001,-9.833682367445398,-0.00043318484042174503,-3.1222585742301736e-06,0.0001424582603939804
33.2000000000002,0.010913414750522068,0.0038563624477305587,-9.824543345025345,0.0007422065359171823,0.0005029598905429919,0.0009172318762464261
33.3000000000002,-0.024164078487786782,-0.008455723644748487,-9.809295127660745,-0.0014741554960465055,-0.0012534367142084649,0.002052982033383139
33.400000000000205,-0.014323486562172185,-0.009408736094243818,-9.802315219744946,-0.0005365810170205334,0.0011902853952150882,-0.00015188072586051437
33.500000000000206,-0.014882654202438299,0.001032464479406001,-9.819398582527255,0.0002284679376210383,-0.0003269537959768657,-0.0007825436960102756
33.60000000000021,-0.00370162252163626,-0.00893899161091973,-9.807262537314191,-0.0009299480001010503,-0.0012690207394232976,0.001538351784222285
33.70000000000021,0.005167199260314614,-0.019541356429933408,-9.818579379856194,0.00017668377212371944,0.0001192075282636871,-0.0007920143592891228
33.80000000000021,-0.0046488763339453286,-0.012070764768219555,-9.81805860067277,0.0006616919133121311,-0.0018688614699139585,-0.0008717905799312446
33.90000000000021,0.004410842075898909,0.005616774685259616,-9.817426253813505,-0.0010144841259249577,-0.0009163376803566538,0.0007819292757184524
34.00000000000021,-0.0012363169839252868,0.0008829830926610277,-9.822984836956739,-0.0005819798039264859,0.0011884301091656514,0.00046219620912950875
34.100000000000215,-0.0002698024316050902,0.004519958361905105,-9.814631696401209,0.0014035939633607537,-0.0009090318416637615,0.0006392666414272926
34.200000000000216,0.0022289333368427284,0.007691542053209332,-9.806122500909504,0.000863656755894765,-0.0007233565201112816,0.00035577915365168575
34.30000000000022,-0.01342526075444854,-0.007055472971824621,-9.827758567980707,-0.0009824108130797253,0.0005961291966166614,-0.0028297767621561173
34.40000000000022,-0.00605338636277043,0.00738516546891358,-9.782434012560465,0.00035195192404722007,0.0005015289025930813,-0.0010743198819564035
34.50000000000022,-0.0031546450074334364,0.015025178854697353,-9.81526483232011,-0.002104103713980582,0.0010016928250572421,0.002238664991629238
34.60000000000022,0.0011803871504401254,-0.005349816610259208,-9.817219999868994,0.0007319408178693285,-0.0001891385473281836,0.0010192854957199074
34.70000000000022,-0.02264495716227815,0.014681831520447974,-9.804542773176362,-0.0011141418183663366,0.00020800156355566096,0.0011479880006760987
34.800000000000225,0.01190221543958677,0.014786734703975419,-9.815707571177928,0.0008853364444757619,0.0005753879207321461,-4.174297053743168e-05
34.900000000000226,0.01640194217710441,0.004565960648705404,-9.80295779601183,-7.47741338882086e-05,-0.0010270593242409356,-0.0003483967259654048
35.00000000000023,-0.0203965545326281,0.008764740879733038,-9.804632873218317,-0.0009873527078803192,0.001595243214101617,0.0007670274369669042
35.10000000000023,0.00979576982865943,0.008317223612472556,-9.807430729510612,0.00027491558892868656,-0.00046916636231279313,0.0011173641849318466
35.20000000000023,0.014501355177104963,0.00474977371800639,-9.811646632765143,-0.001605772230623745,-0.0006623308075023406,0.0008389950337406118
35.30000000000023,-0.019120111047930807,0.01783402579330064,-9.797500322366341,0.00019880095224364928,0.00026871986439154386,-0.00019301038149285122
35.40000000000023,-0.012476481297705087,0.013114376248449482,-9.785984247152983,0.0005229207802861749,0.0008996712571165979,1.2889488988625238e-05
35.500000000000234,-9.241781786231516e-05,0.007175887152704375,-9.7921572839684,-0.0011203466116608755,-0.0022384959901376104,8.083592989621548e-05
35.600000000000236,0.002707086980495612,0.010050526156491336,-9.821714923094968,-0.000753416062538006,0.0014183806637053397,0.0011910185493027013
35.70000000000024,-9.815216891833789e-05,0.006611856838335093,-9.811367751744895,-0.0013382006434152125,-0.001174368653832173,-0.0006911509217179829
35.80000000000024,-0.01964870084562426,-0.012245595375503435,-9.814498767952903,0.0004895309677832789,0.0007693198201780134,0.0003183742287207625
35.90000000000024,-0.02593216030166902,-0.0037252446675420186,-9.801697439586958,0.0005901855134770693,0.0017398752063265822,-0.00043214757278075465
36.00000000000024,-0.01446807110726965,-0.017915940908168067,-9.796543793080936,0.0007963973612988971,0.0005123593338181383,-0.0006700429974025657
36.10000000000024,0.0016781272290548467,0.0006886364416692169,-9.78907703704834,-0.000267196870499719,0.002075492906625294,0.0013505677467921884
36.200000000000244,-0.003326819377893027,-0.004393383320708343,-9.806952167411001,-0.00011985899945666647,0.0002852856478285406,-0.0004979095842956955
36.300000000000246,-0.00708259009735602,-0.0013948870540547202,-9.826969945036778,-0.00012858078601111445,0.0011443746143710084,-0.0008787831142638448
36.40000000000025,-0.0013159147836064428,0.012892265542104347,-9.818978614907069,-0.0001293650099723589,-0.0006326718513093685,0.0006865103244967474
36.50000000000025,0.0017365411857337908,0.0008260579631592353,-9.804931046034469,0.000301665435231065,-0.0009514524781557413,0.0006278995402706573
36.60000000000025,0.009768386666885157,0.0047583403286550995,-9.804969928281585,0.0002944772147469172,0.00037980896523901483,-0.00011285740576120798
36.70000000000025,0.013338619082456126,0.004013011434901626,-9.816518027580626,0.0006886818928767488,-0.00018133002161239696,3.8964225957376096e-05
36.80000000000025,-0.0007185200839565412,-0.003771939391191692,-9.8024896944687,0.0014994762385366846,-0.0010981360935385085,-0.000347101176792592
36.900000000000254,0.0055583088830630034,0.003712751722293163,-9.819333956788073,-0.0004532452233253003,-0.00015937290929153615,-0.00047935838523739443
37.000000000000256,0.005916285228434235,0.006711040765312044,-9.8087690589714,0.0005906064488058736,0.0012398386777817058,-0.00025235982361732746
37.10000000000026,0.001530381493087436,0.013674742553183326,-9.82181837337753,-0.0012654703560198127,-0.0007375692129802922,-0.0017134620742303235
37.20000000000026,0.0017469393816669585,0.008310709493906722,-9.799715578167653,-0.0021694534412872403,-0.0005442922814540278,-0.0012130576233554905
37.30000000000026,0.010166191951247204,-0.00428190669670527,-9.81227230465403,-0.0007402934565082645,0.00012295940267657675,-0.0013356593062808315
37.40000000000026,0.010838720895474517,-0.0038103754605966116,-9.80884479774264,0.0005604896540616441,-0.002459206475008121,-0.00015926123904044098
37.50000000000026,0.01814112440475508,0.0015169930283809821,-9.829707609542721,0.0011497199080508648,4.7373708064092807e-05,-0.00036230472751269807
37.600000000000264,0.004150226454167992,-0.0051437867008219005,-9.808651152810869,-0.00021311872076159268,-0.0003072675892707464,-0.00047709364478625157
37.700000000000266,0.009270410254436444,0.010164111265920428,-9.816665667662107,0.0019101023014943819,-0.001059082501313927,0.0008091501620126801
37.80000000000027,0.003656318369442098,-0.005927535957236947,-9.824569990829756,-0.0008999148615221561,0.0011894679658647214,0.000568071623352646
37.90000000000027,0.0016726406431876294,0.005786337891813332,-9.798554369635704,0.000629659958226091,0.0013589948733811366,0.0005383399706836163
38.00000000000027,-0.01295807627406878,0.0007362634856596353,-9.801256036967493,-0.0009826059680493311,0.00021245439241579777,-0.0014122465050868602
38.10000000000027,0.013801975855571533,0.025194813122136717,-9.813486356945806,0.0012621430036882544,-0.0008054759231512311,0.000401568517073011
38.20000000000027,0.0050924541220760036,-0.010142268227429594,-9.809579027813216,0.0020469393433200046,0.0004571432423366698,0.00017306993232493463
38.300000000000274,0.004661762077471869,-0.0008225762045678231,-9.80442542063931,0.000275772060535188,-0.0007993883556463037,-0.00039113183447891687
38.400000000000276,-0.009053808543834335,0.014211221909100194,-9.804995413686589,-0.0010722647702908826,0.00043179155990408333,-0.000673783169415639
38.50000000000028,-0.005989835100092601,0.007295639691957044,-9.804550914743828,0.0013333209476845429,0.0026161395720436273,-0.0012724778931928716
38.60000000000028,0.0051291710358544245,0.0031120743771784944,-9.800686990532624,-0.00022594938470989055,0.0009702763489203547,-0.0011917656266142835
38.70000000000028,-0.0023182084973838945,0.003475814216287015,-9.81443042867104,-0.000459242411511553,-0.00021093712352359225,0.0013406114855631346
38.80000000000028,-0.007850916627877126,0.01141934854894935,-9.800837927856968,-0.0005219642382381936,-0.0016312741590368439,-0.00018390007064796344
38.90000000000028,0.014321591680991445,-0.0033039153508490657,-9.818364787337783,-0.00027578107909000083,0.0007699965996308786,0.0009560572001224679
39.000000000000284,-0.007377449750229873,-0.020875576641279415,-9.817837812877249,-0.0011757632400132025,5.390037140119151e-05,0.0010713512772901957
39.100000000000286,-0.014211984415186363,-0.008717737073282448,-9.816316912007428,-0.000374737811097891,0.001879625348771162,0.0015300132152253382
39.20000000000029,-0.001000202002988593,0.00843086406067565,-9.837511406122402,-6.0440316942685764e-05,-0.00017346570854321686,0.0009787252780029039
39.30000000000029,0.014912464947890749,-0.014808090949946881,-9.807135488259618,0.001497720857237595,-4.8141808842452e-06,0.00046650169316010383
39.40000000000029,0.0014833021445458633,-0.0037624682981409457,-9.80615718760192,-0.0007832654716708574,0.0011867752182846288,0.0002576692255291441
39.50000000000029,0.002727005215045208,0.02873328449333718,-9.81569410598424,-0.0014987240364706257,-0.0001618932369360806,-0.0002598997746203606
39.60000000000029,-0.014490958227029891,0.008128438974373361,-9.798248545846997,0.0005195558688806753,-0.0006328432637526365,-0.0005585848003906627
39.700000000000294,0.008762569759505413,0.013009121603350271,-9.807715383543083,-0.001175712083628578,0.0007612383917641433,-0.0013509979806441328
39.800000000000296,0.010050631806032969,0.00490332232501654,-9.809018602851037,-0.001198832531301353,0.00038332991377117544,-0.00012832013537174443
39.9000000000003,0.00415802285712474,-0.0036310409701692838,-9.825511218852942,0.0002697776779132523,-0.0005797745604784575,-0.0009485740078583543
40.0000000000003,0.0009293304091904266,0.012360000665880451,-9.813950910177875,-0.0001918921702444887,0.000654616826306413,-4.51337657278194e-05
40.1000000000003,-0.00519322228529283,-0.012834006513185515,-9.821046651141302,0.0013729096663826377,-0.0012502402750210462,-0.0007213149596797227
40.2000000000003,-0.0007462967969854129,0.007741181609065927,-9.79977536487208,0.000820602419056279,0.0003063725515589106,-7.55833981856976e-05
40.3000000000003,-0.0005756070925325039,0.010074244313204191,-9.824396788787494,-0.0007818548996155214,0.0017142135813778031,-0.001954154237124973
40.400000000000304,-0.012290361713121829,-0.01131425371672652,-9.78757483234153,-0.000451437391216428,-0.00017661082779364334,-0.002139186498531917
40.500000000000306,-0.00310318360138953,0.009604161745778557,-9.813890744294817,-0.00116212714627537,-0.0009568127894442635,-0.0004734711940007282
40.60000000000031,0.011024650029835784,-0.0008440485246336924,-9.81356539230858,-0.00016387800765152672,-0.001210530140716026,-0.0001855279327821172
40.70000000000031,0.011166877226374527,0.0027786387858145804,-9.812081882286282,0.00026181293163905593,0.0009487515589308673,0.002151057919262639
40.80000000000031,-0.02047804805618342,-0.005551689196902743,-9.781369837977753,-0.0017451426048706595,0.00042661768094906147,-0.0008105164329032255
40.90000000000031,0.010221667073973909,0.009535696526885462,-9.812833805596279,0.0008690640294727303,0.00017237632723028835,0.0013389107107226572
41.00000000000031,-0.0004209281258028851,-0.0012026506514733568,-9.823595782322613,0.0003325630248412227,-0.0008232635530885603,0.00033855360671232384
41.100000000000314,-0.005963129899819052,0.005139618270449247,-9.816886942403787,-0.0006868046010351891,-0.00228904150878748,0.0005109245065760152
41.200000000000315,0.007075458444673252,0.0003259323213735186,-9.825665351639076,-0.00020976395259374975,0.0013935123984788174,-0.00034247107726382626
41.30000000000032,0.0033421327312098954,0.0013124706930162965,-9.810735588013127,0.0005309857174530902,0.0007589858029538589,0.0009280146971493707
41.40000000000032,-0.009253113831161485,-0.0030315557502999654,-9.813475951067476,0.0002897571336080317,0.0003085850504421348,0.0003072653055370638
41.50000000000032,0.0079435745386576,0.012983750330647416,-9.802014123721351,0.0012439652301874612,-0.0006688630899673528,-8.178930371020416e-05
41.60000000000032,-0.001763735813771014,0.0015269673842133052,-9.822182902119028,-0.0007769827054900051,-1.698326582960936e-05,-0.001561452004194591
41.70000000000032,0.021960195862785813,0.0012229825637693125,-9.810987311439325,0.0008410738505201306,0.0013730942445810965,0.0002262395801849772
41.800000000000324,0.006923248329609702,-0.005790367572756775,-9.807899632625347,-0.0012450774873419826,0.0015043049272837233,0.001797797608050978
41.900000000000325,-0.0021210692635411617,-0.008555985440992564,-9.808924245001698,-0.0004624541680120555,-0.0009373118036923806,-0.0003466435667421592
42.00000000000033,-0.01889576963218037,0.004526482569725476,-9.799211795784341,-0.0011521036797765426,-0.0009737277475112659,0.00131702676918577
42.10000000000033,0.008495322514661528,0.0038662338111785984,-9.80612256442869,-0.0008817752781573858,-0.0005032284574532994,-0.0007946828637839758
42.20000000000033,-0.0064681122214967105,0.00898215066970784,-9.795975636467865,0.0008364990182164287,7.609911973854367e-05,0.0011806599240184157
42.30000000000033,-0.007767772877083003,-0.0045650967646447115,-9.807101948258673,-0.0005576991753187873,-0.0011523717586346166,0.00041174666140013236
42.40000000000033,0.0009406098992464071,0.01002217818413558,-9.806282973997725,-0.0003930168140142128,-0.0012493351820215993,0.00020263239735023915
42.500000000000334,-0.0035717965724151347,-0.007274950233399872,-9.794566098685983,-0.00029030278641440206,-0.0013381012572433934,0.0006851967089761134
42.600000000000335,0.011462796637945714,0.007690098234189007,-9.802976453437642,-0.0011745544575757277,-0.00029103134672627267,-0.0008477706672907555
42.70000000000034,-0.008318966870369324,-0.00339361373900908,-9.808911349454863,6.790098744286356e-05,-0.00046285832600707774,0.00029036736312020955
42.80000000000034,0.007252307657059681,0.008222463201910855,-9.823354104417813,-0.000264763393488996,-0.00043018695993016134,0.00038852196554048254
42.90000000000034,0.007339487756621272,0.014875384185837283,-9.80491691150727,0.0006093609001226138,-0.0002870073347686114,-0.001511192537948536
43.00000000000034,0.010216936915776006,0.012439199288302307,-9.807662375636754,-0.0007851030784812795,4.615339731295773e-05,0.00016789531707555648
43.10000000000034,-0.006656653698286056,-0.0035631508189989452,-9.798770464864013,-0.0006706321582402291,0.0008154856776217456,-0.0009605817186952216
43.200000000000344,-0.013056255658809164,-0.025582462000167974,-9.816130111856051,-0.0008866872512085367,0.00046411114220056796,-0.00037180292760625024
43.300000000000345,0.016347626052532087,-0.009169214302963264,-9.814127024328362,-0.0011280305011517125,-0.001744313268481678,0.001043396665555115
43.40000000000035,-0.007429270414123621,0.0022356647855626003,-9.788703263146129,-0.0018250792634226776,-2.1448730720914462e-06,-0.000750592048213153
43.50000000000035,-0.01770444577979026,-0.006086198980734832,-9.794625948164647,-0.0007658844845630772,-0.00021127280394286723,-2.4524915362797216e-05
43.60000000000035,-0.01465182554121534,-0.00907099549330551,-9.808020728852332,0.0017286570724834207,-3.537467300879944e-05,0.0010505997898325268
43.70000000000035,0.0016231111825549625,0.012580015287267612,-9.793177200311883,-0.0009625532928399158,-0.0008744246755008455,-0.0019891215339499467
43.80000000000035,-0.002544119378074313,0.00710256094551022,-9.830470864285756,0.0004437123656217555,5.148386215556032e-05,0.0008810129493416344
43.900000000000354,0.00820487300096226,0.024305979509256163,-9.803494915133964,-0.00026746291190538204,0.00012834114244841062,-0.001227008776785778
44.000000000000355,0.013626814501290094,-0.010481366358249826,-9.802931536216008,0.001476002536712196,-0.00021068795226444675,0.001238281264770886
44.10000000000036,0.011810154509608727,-0.005811748431666942,-9.803774825645128,-0.0008050272863940327,0.0006446263522540834,0.0007589063157925594
44.20000000000036,0.000645475770453787,-0.0001872172506044234,-9.802820640512882,0.0009444376264575467,-0.0010890646777375068,0.0015618559851685208
44.30000000000036,-0.01735295270790262,-0.003154607499179784,-9.818485188365162,-0.0010318545913995214,0.0006869619559194769,0.0005016284424927541
44.40000000000036,-0.004325065697003877,-0.00834870809323423,-9.807568027834016,0.0001905532541895645,0.0003704474944531409,0.0014826219528558317
44.50000000000036,0.005387310861898253,-0.011472062805014227,-9.802802489378907,0.0002621474406096822,-0.0003854990861587407,-0.0009968345176347335
44.600000000000364,0.007609641031628522,-0.021916134969781377,-9.811221733650353,0.0004174650919810731,0.0004379070946680878,-0.00026553813798083645
44.700000000000365,-0.013111048270585688,0.005869426965587985,-9.81182621646382,-0.00035427479315416346,0.0019020086582877912,-0.0011391530793617044
44.80000000000037,0.01422672572966446,-0.00811533171015042,-9.803227629482157,5.8292023979689894e-05,-0.0010449949307462152,0.000718971885066126
44.90000000000037,0.025200455560936467,-0.0005747464148492207,-9.807828100113381,-5.002820692809489e-05,-0.0012325474595857578,0.0007364207841370435
45.00000000000037,0.010710549545943302,-0.007339321419640055,-9.793272510644421,0.0010693173149615696,0.0013577231429048495,-0.000367773782286246
45.10000000000037,-0.0014571164094369668,0.018250726944503245,-9.815194961332809,-0.0014671638794727501,0.0013320997756424186,0.0003026498137518716
45.20000000000037,-0.004925477467962761,-0.0037902163309630607,-9.810015581588486,-0.002010264117168013,0.00043028134953815197,-0.00034540576996333215
45.300000000000374,0.003050764666258531,0.010669918653976554,-9.811391643659775,0.0006332354473834517,0.0010884125149821522,-1.6498118475375422e-05
45.400000000000375,-0.0062672771712594215,0.02270351085206902,-9.817315238207568,0.0002434509297615994,0.000508015761324824,-0.0015661117466472928
45.50000000000038,0.011520191979419026,0.012181824086246809,-9.802653889158751,0.0011785351675038921,8.836805222127474e-05,0.0002375460506534076
45.60000000000038,-0.002557290729445854,-0.00771049309510433,-9.820979162463777,-0.0014280194312931876,-0.001089630284194561,-0.0017242032169177777
45.70000000000038,-0.002848628405802058,0.0008463461233372707,-9.807102154827412,0.0010065692359360065,-0.00010594564057160663,0.0013495693777282383
45.80000000000038,-0.021287027693146797,-0.0033108369478736122,-9.811553031341067,0.00016948817481273197,-0.00030677089233585895,0.0007458204142575281
45.90000000000038,0.0011872098637588269,-0.00404993627120288,-9.806550416362157,0.00018061145498517983,0.0011178157393521538,0.00015285261597975828
46.000000000000384,-0.010893860161697147,0.00433016855699615,-9.80276154940041,-0.00013228477503600294,0.0003669025525308171,0.0009141431613632683
46.100000000000385,-0.014781163417362384,0.015140749955491833,-9.830493365505916,-0.000506703464963622,0.0004572943594089495,0.0008162697909848674
46.20000000000039,0.0067388202947951175,0.005375589578746422,-9.804999476434975,0.0006792128859414829,-0.0009137856728549011,-0.0004101054246319461
46.30000000000039,-0.01461901164537196,0.01523781427877482,-9.813040641254343,0.001195619109588715,0.0006005991337325209,0.0011091149829920931
46.40000000000039,-0.0035328264434301743,0.024615401650544353,-9.808869551013398,0.0009390115992930723,-5.519642601669126e-05,0.0013046041748483712
46.50000000000039,0.003455082346028202,-0.014645420504749016,-9.788400860345392,0.00016633704861627644,-0.0006847899461252199,-0.00045821581877845524
46.60000000000039,-0.012279999613424986,0.006453263975360615,-9.818132730913927,-0.00029396890252521085,-0.001129879377729617,-7.769666177757782e-05
46.700000000000394,-0.010666295458647515,0.01554143953859127,-9.806074128650696,-0.0012032294642534416,0.0001858781503917554,0.00012394349212881042
46.800000000000395,0.019160366525817967,0.008684428812423017,-9.819114556217292,-0.00022703800982682004,-0.0015942938135885556,-0.0006487643987920706
46.9000000000004,0.006470601222008157,0.001407045268207656,-9.807644523027115,0.0009725183700962666,0.0005436775324809642,0.00017126629801861488
47.0000000000004,0.013426039336639882,0.015451027285893877,-9.811394447475159,-0.0018474373364151262,-0.001168826357880883,-0.0010064144654787065
47.1000000000004,0.014075733076408784,0.004158955998410134,-9.819465892702649,0.0004746726024482898,0.0015080955495822938,-0.0002504295342568472
47.2000000000004,-0.0011140854156755746,-0.006254981063950015,-9.825687612349475,-0.0015193750311101257,0.0014193341526465711,0.0005674138544358176
47.3000000000004,-0.020321700535155137,-0.005489398103045044,-9.815059696070836,0.0012481452042990397,-0.00022979536791529532,0.0008501921118626747
47.400000000000404,0.009214665414130366,0.0023003717276610996,-9.798750458255393,0.0010031785524367183,-0.0021218046601582104,-0.0013499964953529004
47.500000000000405,0.006868876549705308,-0.005620774098075379,-9.824527346697872,-0.0007389738810897907,0.0014108398433799233,-0.0008435612237068519
47.600000000000406,0.0047495497152252025,0.007519514115953048,-9.80544864768696,-0.0014107381343689332,-0.0005590326939493899,-0.0009986715888824008
47.70000000000041,0.01589308212454021,-0.008562722515019813,-9.80926391755316,-0.0011863533996311075,-0.0011470984504946971,0.00015208583811298715
47.80000000000041,-0.019025591350773263,0.0028459544724805212,-9.813054064777306,-0.0005416878048020697,-0.0008131234629755874,-0.0008871910002303078
47.90000000000041,-0.008824316420393346,-0.011079251610115777,-9.81506605024857,-0.0007835508869642795,0.0016486897626638627,0.0017249876757277815
48.00000000000041,-0.005882177191911803,-0.011325584384736796,-9.821915438141195,-0.0016328858922810571,-0.00041361129751272977,3.022236857441976e-05
48.10000000000041,-0.012476153505836902,0.019565938783778405,-9.807664334425137,-0.0007448583587376027,-0.0007643103248286769,-0.0014313976233978865
48.200000000000415,0.005507487899620378,0.008118982818079249,-9.801559997045546,0.0009523606854064852,-0.0008946351594285296,0.0010457706925338609
48.300000000000416,-0.0032156500560951763,-0.0019403204711046815,-9.805573047106876,0.001136890243950712,0.0007438104202931096,-0.0005834619690640978
48.40000000000042,-0.008177233221356177,0.020046547964020844,-9.796920217079588,-0.0008807099000827605,0.0006372860268669572,0.0012669779026883079
48.50000000000042,0.002511585843362798,0.00865122195892348,-9.814692659917402,-0.00010507302118856832,0.00042712196894468987,0.003379039414007294
48.60000000000042,-0.018527021941553326,0.014612261211085949,-9.809413660355611,-0.0003530438131449695,-0.0018690204682194698,0.0004404252210889928
48.70000000000042,-0.019718926195235156,-0.0038565794199783895,-9.804724516016396,-0.0012911120030422046,-0.0017513804649530347,-0.00045492661839339804
48.80000000000042,0.00425955281966902,0.0008373565280948435,-9.803558295978991,-0.0006948716910286974,0.000387184392212212,-0.0002105449907258648
48.900000000000425,0.0011808748275113129,0.008937201039781989,-9.816742784968213,0.00010974476971346714,-0.0007715767355247419,-0.00022673956438986123
49.000000000000426,0.0048184609520180235,0.009114820527724258,-9.808734811085465,0.0009138452464536133,8.540330054837561e-05,0.001469670928765647
49.10000000000043,0.0063172066671302275,-0.003628421719582372,-9.824234359652735,-0.00015154156289798296,0.001823749449069348,-0.0001673540886508449
49.20000000000043,-0.018257104089560987,0.0027707772642949742,-9.815371649740724,-0.0005109023387743224,-5.27754591292889e-05,0.0004845444147641138
49.30000000000043,-0.00032601444822705195,0.007423289684386732,-9.792714723343293,-0.00022925513802314184,-0.0004421262143189878,0.00044522442976940667
49.40000000000043,-0.01701920280653483,-0.003753821877359614,-9.799439930694701,0.001457122650984886,-0.0017909968774452785,0.0007031770441177389
49.50000000000043,-0.0011177540548315942,-0.005249597553980973,-9.812210916865396,0.001892882790013594,0.0013127740547362002,0.0009237367777291023
49.600000000000435,0.008218492977494529,-0.007701095165758304,-9.8060571238266,-0.00021644106766248146,0.00027557360838081376,0.0008912740050511211
49.700000000000436,-0.01214072476814181,0.002239040465350285,-9.81478711072447,-0.0006183614819666416,-0.00040605359749491555,-0.0030198457654813313
49.80000000000044,0.004271681999472684,0.01091097835440959,-9.792924117087958,0.000637945902455439,0.0015323254985089639,-0.00021075997619467905
49.90000000000044,0.020117419463213514,-0.008339661301959393,-9.817378304069083,0.0006857781276347801,0.0001576032228916759,-0.00048527711510894397
50.00000000000044,8.335229715134118e-05,-0.013974044263980117,-9.806205636720083,0.0015830878880040951,0.0014031096933827258,0.0011780035220927145
50.10000000000044,6.833638554576352e-05,-0.014940376767591903,-9.80681058189362,-0.0002791713693776451,-0.0002578869155831172,-7.455857756954476e-06
50.20000000000044,-0.0171654270357733,0.012720315396898108,-9.830216003485743,-0.00029648421111649084,0.000872373859512901,0.0002551769929323259
50.300000000000445,-0.00011571330333128435,0.002371587205500653,-9.799105764650847,-0.00048307182995629825,-0.00020474582495468187,-0.0006207345666827004
50.400000000000446,-0.004634214814571297,0.004066045475072588,-9.80603768864218,0.0010109078007477514,-0.0005321707451025123,0.0002762852068441478
50.50000000000045,0.016127639533944062,-0.005596715041872587,-9.815987574150105,-0.0010951660446981396,0.0007729694260460009,-0.6700669954961196
50.60000000000045,-0.009480807473663148,-0.009812700271110086,-9.798660528294537,-0.0012242951172963406,-0.0011017263725799508,-0.0014072747726750195
50.70000000000045,0.0017943017224040173,0.012700969243128062,-9.821349996029072,0.0007830590971383561,0.0021482114389794445,0.00107477808020734
50.80000000000045,0.001737026267755248,-0.014176391951902921,-9.805223996269804,0.0015250015736883716,0.0014244290971279264,-0.0001927321778575435
50.90000000000045,-0.008634019053202671,0.0009335560499790173,-9.810693065195307,-6.233905615221028e-05,0.0005845618294515654,-0.0004909391900933928
51.000000000000455,-0.00542336494117654,0.009416628345315727,-9.823571010270278,0.0008008973023161928,0.0005485684764829241,0.0004676013678787322
51.100000000000456,-0.004361692686398311,0.013361926352645577,-9.796474280083046,-0.0009475977791154887,-0.0011603776097492116,-0.0005281744812931371
51.20000000000046,0.0035630805575280196,-0.006745233408047918,-9.800352878354863,-0.00032527310987778504,0.0018262395193611354,0.0006973570191033768
51.30000000000046,0.0019494376073548553,-0.007552457515900192,-9.813693253547127,-0.0016393625308949885,-0.0001767299539735633,0.0001513487206210778
51.40000000000046,0.003916857241858331,-0.0017997917552002188,-9.805530692045904,0.0007128351145757651,-0.00028015590239110865,0.002029468756698899
51.50000000000046,-0.004538540037846571,0.00934034700739243,-9.817162092480654,0.0009016203534270918,-0.001469172149388865,-0.00041455923454240346
51.60000000000046,0.0049853449609773125,0.000499525015393297,-9.814053507311367,0.0007352731225013909,0.0007261794840173948,0.000665385032943691
51.700000000000465,-0.005323194189766609,0.002093265421753072,-9.803831282634956,-0.0009492443972746834,0.00124601349834444,0.0008361046293330994
51.800000000000466,-0.00924336541477388,0.003474137423034388,-9.804790613883505,-0.001307420285984022,-0.0008614789215671592,0.001013441808877573
51.90000000000047,-0.003906145345490013,-0.009438647770345351,-9.81730033819772,-0.0001319865207487648,-0.0010810123776881636,-0.0009172552580079578
52.00000000000047,-0.00665704662628923,-0.010010853058813156,-9.80176430325588,0.00012108767220302111,-0.0010602011390598554,-0.0024522610899521576
52.10000000000047,-0.002476051287482117,0.005208976736471563,-9.824363375817525,0.0006916525590317215,-0.002138223690983887,-0.00160430088606268
52.20000000000047,-0.004220562924196751,0.00885221069580196,-9.791637827790986,-0.001212175624048704,0.002111578032666635,7.348864105451837e-05
52.30000000000047,-0.011390148782393162,-0.003110908987739465,-9.793768518162707,-0.0012955805872817178,0.00033234171912870797,-0.001533839194650257
52.400000000000475,0.02420228770509601,-0.004614534924899569,-9.810401591890283,0.001253161088342854,-0.0002696268720493625,-0.0015266703092152419
52.500000000000476,0.007385797840512254,-0.01509091265795056,-9.798951428473831,-0.0031922954918885285,-0.0006574681912824328,-0.0002748376301967697
52.60000000000048,0.003954421183763305,0.0019090644645433038,-9.820678272763079,0.0015945391480964547,-0.00246479324425951,-0.0012206821374473721
52.70000000000048,0.010654203127621387,0.0009341668760978215,-9.811263441579653,0.0006359455162005187,0.002118811160098568,-0.0015961488162008328
52.80000000000048,-0.010297987904515606,-0.011304982757196396,-9.810488723840841,-0.00048681970368342494,0.0004337693983008935,-0.0012033191575292783
52.90000000000048,0.005043412623598914,0.01585554408824587,-9.787120744047478,-0.0003974883719944059,0.0011977741361073495,-0.00026676996908638946
53.00000000000048,-0.0008851958031016248,-0.02474459691637513,-9.811588100563851,-0.0013256382746554653,-0.0002722362358858195,0.0007584652345366683
53.100000000000485,0.0201088549385367,-0.006598394857308909,-9.801714228668441,-0.0007711393324234277,-0.0006244459103515745,0.0010576001871263616
53.200000000000486,-0.005406001151660966,-0.0009780000142335869,-9.807800363005342,0.001165535653466112,-0.0015293323615677402,-0.0008152664571125427
53.30000000000049,-0.0114097227438919,0.009516427154486277,-9.809026128037463,0.0018976199739320929,0.000594282754494843,0.0010418756238807431
53.40000000000049,-0.0025780652649488047,0.008391410117166874,-9.82158663883985,-0.0008398656693324675,-0.002160290359744541,3.8018831258863786e-05
53.50000000000049,-0.012194635664222473,0.0211908092374264,-9.80783292611375,-0.00010889215141902642,3.27237696344767e-05,-0.00030884578132336866
53.60000000000049,0.004738077051152827,0.0016589550417310845,-9.801228780324342,-0.0012881048755728176,0.00024298734049518346,-0.0007199051037661107
53.70000000000049,-0.0026061271470705382,0.007363707538433735,-9.804716301738814,-0.00073381521907953,-0.0012693556725087989,-0.0020547552608021244
53.800000000000495,-0.00012493038702746055,0.0012660716957970095,-9.794339091178797,0.0008735139789020504,0.00036162370210928775,-0.0028122490121853783
53.900000000000496,0.00029055527932828556,-0.014175119868290318,-9.806484955441787,-0.0019291429757466835,-0.0005234760713928292,0.00060089464410613
54.0000000000005,-0.0077869482818193,-0.004012664590300881,-9.822511834441745,0.0012402046718411872,-6.77494130979674e-05,0.0007901998999546668
54.1000000000005,-0.007177911580977151,0.0019629240808983644,-9.795908335780924,-0.0004972122204106933,-0.00048611802325288303,-0.0022364410159689757
54.2000000000005,0.009795579147142871,-0.0034346931355453973,-9.787935284620772,-0.00022294395198354822,0.0014322415099506166,3.4177045768132816e-05
54.3000000000005,-0.006652675168755402,0.00017603727806749737,-9.795047170446864,-0.000841380656414121,-0.0017775024174505171,0.00047363966506825495
54.4000000000005,-0.005626589053536873,0.007274657274302971,-9.80270248341132,0.0012550974416683952,-0.0006346928708739839,0.0011492023990571979
54.500000000000504,0.01089755114717151,-0.013500895667403286,-9.800697622631136,0.00036291452366641024,-0.0003503050585130596,0.0009697767835018827
54.600000000000506,-0.011300731201519266,0.016064216110328537,-9.804968934522561,-0.0008268913795142009,0.001984589178048589,-0.0004288417883492139
54.70000000000051,0.004119804584107793,0.02102704398061125,-9.814031070232035,0.00043632344087232055,-0.001490601494907154,0.0007589337492687875
54.80000000000051,-0.013485303907413903,0.009287205371924772,-9.803825209775177,0.0006914989224154143,-0.0008694182588501442,-0.001756754497243411
54.90000000000051,-0.004227728610586866,0.012180119747248528,-9.82096297482777,0.0009953640264135858,0.0011752530210527678,-0.000406884942711436
55.00000000000051,0.005465975087300409,-0.007798818880707651,-9.811614189811749,-0.0007013350327186011,-0.0004072335279206612,-0.0012391121423925135
55.10000000000051,0.0014549416859943288,-0.0038772913552208065,-9.807356247738594,0.0012444893760618014,-0.0005714345010637536,-0.0014352706090898653
55.200000000000514,0.012297391280497323,0.024178587834543772,-9.798767337724591,-0.0007420578186104109,-0.0003691847139095067,-0.0015120713676555124
55.300000000000516,-0.005853341449436986,-0.007448597505964929,-9.831384036000193,-0.00017376972779442645,0.0003751768884466481,0.0028596020108746668
55.40000000000052,0.013067339338677904,0.004976935175691654,-9.818744808496291,0.0016492314914130972,-0.0004019915671596731,-0.00046151639683391477
55.50000000000052,0.018106438392725105,-0.011949961204707133,-9.824581979131258,-0.0004492655190792898,0.000876883087970557,0.0018524083587079625
55.60000000000052,0.00615105567156681,-0.0007177572751021774,-9.83314817938106,-0.0007475683924488375,0.0005186889483035644,-0.0001999244431664729
55.70000000000052,-0.008400190217715464,-0.017517853294598026,-9.813676604653596,-0.0019218180205124798,0.00020719695898926765,0.0001744387365032672
55.80000000000052,0.01964996879859716,-0.012909717898196216,-9.816517602650128,-0.0013618739893970317,0.0012929232282605245,-0.000637206235221486
55.900000000000524,0.004157441097295462,0.02695761523239285,-9.796851821003276,-0.0003469916718623374,-0.0002111908521831962,0.0005591393981555037
56.000000000000526,0.007662635106391133,0.017209304868925804,-9.807840473797514,0.0016198629273739224,0.0003969661129431795,-0.0006815534048182438
56.10000000000053,-0.008529852592995988,0.00772805924589007,-9.807092528889672,-0.0009245833463708488,-0.0005346109828508941,0.001194098606010586
56.20000000000053,-0.0056096747695600635,-0.007764064410568165,-9.814779493015116,4.5792590304624095e-05,-0.0006429788494046562,-0.00047604519091516294
56.30000000000053,0.0020847801932498,-0.012083887692297604,-9.824697862269451,-0.00012451671163406507,-0.00049924992973939,-0.002554267594798091
56.40000000000053,-0.0070130953936549155,-0.009492063795276215,-9.812530073958717,0.0005856553802299133,0.00020639385911077013,-0.0016947223988336942
56.50000000000053,0.00461473125726046,0.004312745798774979,-9.797372246663732,1.041801338700787e-05,0.0010422363909316102,-0.0014217690319635386
56.600000000000534,-0.0017698727601420479,-0.00967369711006096,-9.825261680272167,0.0005795653725573946,0.0016833969105857032,-0.00035270797472652894
56.700000000000536,-0.0016278742556797572,-0.014735111206717763,-9.823986170793612,-0.0003440151279250404,0.00061866339227556,0.0007938426111791066
56.80000000000054,0.004035600325517814,-0.0016633035434044322,-9.809875608048795,-0.0005512415621684578,0.0011242943967883121,0.0006338889959153086
56.90000000000054,-0.0024856324026260694,-0.008989364414722329,-9.818520925014653,0.0010500405481720999,0.00026673873139055726,0.00032916501636070643
57.00000000000054,-0.0010090353951490677,0.004474261548998125,-9.809093648415107,-0.000766424777152817,0.0006348549299141823,0.001328042357399616
57.10000000000054,0.014556908439985873,-0.0051934966021947365,-9.819203023365654,0.002936328398691705,0.00021182824172933908,-0.001040697420464838
57.20000000000054,0.005241907442454425,-0.018289096838569458,-9.823620113531321,-0.0015543122093782064,0.00013452844266181727,-0.00035892284894419203
57.300000000000544,0.008577839992699813,0.01640699658635165,-9.821046122840864,-0.0009598582467692797,-0.0014328711987624976,-5.189663793761189e-05
57.400000000000546,0.01147935349889863,0.0022218141115526485,-9.809877419589272,0.0005928806367355994,-0.0010197874688676212,0.0005977850321742717
57.50000000000055,-0.007043892333930832,-0.010560085845683227,-9.811317989675032,-0.001262730913753195,0.0013990429165434736,0.0007771053249455049
57.60000000000055,-0.017842084426704163,-0.010848705795845808,-9.824288658318096,0.0004548665791532353,0.0009858717111243143,0.0024529485752792686
57.70000000000055,-0.0014176811948398785,0.009429984016728581,-9.82175694220049,0.0008490962434638304,0.0009350063409447177,0.00021151473648412872
57.80000000000055,-0.013776365143878653,0.020167952670459594,-9.813695982242399,-0.00030435731652539,0.0003028944902817096,-0.0014559344487913358
57.90000000000055,-0.009319075829229294,-0.007849836117677344,-9.797095209002272,-0.00113101535523066,-0.0015040677275953397,-0.0004321638202635476
58.000000000000554,-0.002854042959745316,-0.010513586146343797,-9.812374977735027,9.584469070146985e-05,-0.0011421117664593538,-0.00023784432874484013
58.100000000000556,0.01775112933114418,0.0020058987363722404,-9.810902182872589,-0.002809187720653154,0.0004758700660097984,0.0002723363158740853
58.20000000000056,0.008138182320251463,-0.009024659677573333,-9.815140056314581,0.0001580314284242815,7.889802878277554e-05,0.0005775388226265283
58.30000000000056,0.008742372651005853,0.004383910157503551,-9.800377032604093,-0.00018375915749934934,4.174441329045355e-05,-0.0004579926829330875
58.40000000000056,-0.0020716092231644776,0.005131896735910673,-9.82872242488232,0.0007006633031380925,-0.00023614596239048506,0.001135280661609539
58.50000000000056,0.013449632742818936,-0.0010004140865929715,-9.793787526821054,-0.0005658383957775385,0.0010761867414110502,-0.0006816697636821317
58.60000000000056,0.014717347547882181,0.002056755106962516,-9.798455380710497,0.0007062105343569417,0.0005732901322360531,-0.00031106918165376655
58.700000000000564,-0.012688059938041316,0.0006985777969750856,-9.800855420279467,0.00019320045167802084,-0.0014286086070885763,0.0006805035256961142
58.800000000000566,-0.010241352460164473,0.00421446221727537,-9.806604518187317,0.00018730445925221328,0.0008758669001920025,0.00047772206100321
58.90000000000057,-0.018510779560247336,0.00665830015071826,-9.80337855553797,-0.0012309871230556165,-0.0006302121132659616,0.00032956338616912316
59.00000000000057,-0.008898866462303093,0.006667158930304447,-9.819274357214747,-0.0012003126381092343,0.0027469705219580897,-0.0022149705769606283
59.10000000000057,-0.00817950300579629,0.0007976909978581182,-9.821677659922708,0.0006997054706860242,8.788564699424553e-06,-0.00029589358916440133
59.20000000000057,0.0005962019035581821,-0.020916529646616576,-9.815659550479081,-0.0019624628265040335,-0.002876362903313387,0.0003688190319969439
59.30000000000057,-0.00488380422182185,0.0033238350564448434,-9.81240931126313,-5.3798444789406094e-05,0.0009103083215620539,0.000199305998204635
59.400000000000574,0.0008953689793054548,-0.020430478228748907,-9.815515184756253,0.0013736597616482804,0.00020661046560493032,0.00010938294519131481
59.500000000000576,0.009548730394860084,-0.011673993303851367,-9.83365226923954,0.0008278313859308856,0.0008896538250601689,0.00026044255057904584
59.60000000000058,-9.93975054538577e-06,-0.013457622259104376,-9.825435956444197,-0.00034693017721582146,-0.0008739642926522846,-0.0011665941661563209
59.70000000000058,-0.005948689959472209,-0.011783821005687737,-9.821072658999993,2.060964467269599e-05,0.001029164984329839,0.000796667583829853
59.80000000000058,-0.012296563782182348,-0.015514709024340646,-9.822384867889662,0.0017087780343618786,0.0005962256455636619,-0.00034161674511195547
59.90000000000058,-0.008692666433644807,-0.015431391990443879,-9.810859965486506,-0.0004148750183816773,0.0004937185892380117,0.0006083367425261234
60.00000000000058,0.003276777774485656,-0.006524323393805115,-9.814560636633564,0.00043884586876243606,0.0002651955085671826,-0.00010791093198096568
60.100000000000584,-0.007474824481542591,-0.004362510979130356,-9.810030503934547,-0.0026556174285806487,0.0005848306702579718,0.0009041677204958028
60.200000000000585,-0.004246238828799523,-0.0035290792940026123,-9.81618202340642,-0.0005446706976384929,0.000163790154981299,-0.0006021606754949183
60.30000000000059,-0.005747350551359006,-0.0020158540588669947,-9.803052903251903,0.00014397415454525046,0.0002993727766194683,-0.0011428248553033865
60.40000000000059,0.010203374721429476,0.0007589258358721636,-9.809367477029072,0.0007746321698222103,0.0010122371253212317,0.000809940526692831
60.50000000000059,0.009189168713894054,0.002153989300561952,-9.798111432765769,0.0006357920398994343,0.0019359558276978537,-0.0003018219726846235
60.60000000000059,-0.001155521206644846,-0.008762262852287607,-9.794365022304191,-0.0011274860964942313,3.593358261936692e-05,0.00013542048632060805
60.70000000000059,-0.01213466451374196,-0.010738323777927317,-9.823716152415624,-0.00020285621844773056,-0.0005173755432163772,-0.0011777096993104716
60.800000000000594,-0.002149393770926486,-0.0024370583134793976,-9.817134520467956,0.00035905028492224864,-0.0014126308920559389,0.00026693950263728016
60.900000000000595,0.0004897005833148755,0.007625665760192972,-9.82327096850739,9.746682334073999e-05,0.0004788086797713754,-0.0013524662740655494
61.0000000000006,0.00017480396491917368,-0.009838900068132699,-9.81235231292277,0.0005652732302674511,0.00024823234577520684,-0.0018097014937603108
61.1000000000006,0.010111801050183056,-0.008543667151044584,-9.801289636558074,0.00031773891808219715,-0.0001937927693457054,-7.501123850478327e-05
61.2000000000006,-0.008459571951159378,0.010985860535628113,-9.807580352337878,-0.0009954727064471504,0.00045852004950336427,0.00113011357305875
61.3000000000006,0.0006453449577951522,-0.002731004304264075,-9.821140868476014,0.0008435194718432829,0.00035835853858997885,-9.506740097324885e-06
61.4000000000006,0.011712135328515214,0.009964775270787067,-9.807492418804939,-0.002495097061507774,0.0001493193305104338,-0.00025190521146342345
61.500000000000604,0.0036869099572067496,0.020367791430682618,-9.805342084734097,0.0007266965959394272,-0.00039163871745209186,-0.0008244711127464253
61.600000000000605,0.006517117409554338,0.012720386736133182,-9.811540644086625,-0.0006378488200891283,-0.0010145593034809894,0.0022472240124604493
61.70000000000061,-0.002403427224948645,-0.012606038148812821,-9.806301227810279,0.0001438419324849302,-0.0011519838613913132,0.00024516911295087776
61.80000000000061,0.008978497273415638,-0.02601358349095779,-9.815351197625306,1.2782543802499529e-05,0.0013069606754644142,0.0002217488072486066
61.90000000000061,-0.0027089785630216158,0.008986844839123076,-9.820796644705295,0.00011966008002580452,-0.0014710156476100387,0.0008142897708379019
62.00000000000061,-0.011353318087213942,-0.005038857047439814,-9.815284842120711,0.0010531675096356198,9.084083141131794e-05,0.000889655869285696
62.10000000000061,-0.0037777277554664397,0.003198902679085833,-9.81448085591731,0.00144629758596544,-0.0003300962316093743,-0.0010180472292850044
62.200000000000614,-0.00880902309843276,-0.007929259024648952,-9.816431613817095,0.0008371662216173684,0.0012378822140493926,0.001965512778124416
62.300000000000615,-0.017832295560148478,0.0007291321249580085,-9.827900966686263,0.000533582230701058,0.0011626072228804207,0.0005441609191259122
62.40000000000062,-0.011887824774018509,-0.010321928456014798,-9.80676267271616,0.0008088877910924419,0.0008929992627067933,-0.002178298528226397
62.50000000000062,0.001977654215798253,-0.0068116219178955715,-9.81624352048767,0.0016723647272872907,3.150225508034159e-05,0.0010353351581664722
62.60000000000062,-0.0040231352213346,0.007029207470630512,-9.798746677142665,0.0009375562221773752,0.0012057704239556723,-0.00020810024636284534
62.70000000000062,-0.028619258467296054,-0.002342733169275126,-9.805155564153944,0.0010862604951933845,-3.012251175113651e-05,0.0009498670747909794
62.80000000000062,-0.0016644429959100063,0.001711322903517511,-9.808642397901776,-0.00022947347697534507,-6.020964712330286e-05,0.0016049025409475592
62.900000000000624,0.002063094617820784,0.0008076720223198243,-9.814227664974318,-0.00041921053915964065,-0.0006598807917071924,-0.0006766760662000949
63.000000000000625,-0.0004191671881311597,-0.005336389821004827,-9.806050605237438,-0.00105764814008251,0.0008999977736872101,-0.0006015670629806819
63.10000000000063,-0.0005137893286454013,-0.007022389598787371,-9.824043993332092,0.000279854000849669,0.0007300591492443476,-0.0010612175951995398
63.20000000000063,0.01868148487215486,-0.021289078915082565,-9.804821551170049,-0.000633443586870421,9.957404190297244e-06,0.0010792619573589202
63.30000000000063,0.006525995156096155,-0.006950707248819549,-9.812154795021643,-0.00011759174712476343,0.000310463021975741,-0.0006766486828914835
63.40000000000063,-0.0008809945243177947,0.007767581680425123,-9.8100364559079,0.0005257034296889131,-0.00025784636526755855,-0.00028958906723674474
63.50000000000063,0.02180892873614695,0.0075361821423934215,-9.801527102381238,0.0007198324961264443,-0.0020938686258037778,-0.0007731125858229418
63.600000000000634,-0.0008738289993480974,-0.015562728339343496,-9.805433905946119,-0.0010433995471249076,8.17963965194714e-06,0.001651463992746669
63.700000000000635,0.01587889161773803,-0.0037074221792333267,-9.815254174464743,-0.0009372202099429052,0.00021342815912810727,-0.0009031167071532673
63.80000000000064,-0.00037429856662898853,-0.006129239831586884,-9.804016680435518,-0.00020826959811364725,-0.0003942085754409064,0.0009523316725950731
63.90000000000064,-0.005258740324881529,0.006904079617946785,-9.816058365139243,0.0010735965231815036,0.00016863069499360543,0.0011702140662222462
64.00000000000064,-0.008816474021826764,0.01569963635308765,-9.786262740530441,-0.0007277651626006793,0.0006027615972973951,0.0009141711071649116
64.10000000000063,0.013325794839338751,0.015175532927137374,-9.822318020422632,-0.0006361918661227212,0.00046052147733580617,-0.0005203470423850959
64.20000000000063,0.007624832682377578,0.0017010268692218982,-9.810575423177392,0.0012006594213015232,-0.000571078873061131,-0.002391901871556677
64.30000000000062,-0.02008728742600545,-0.008476965983808425,-9.837091602213453,-0.00036041718839083985,0.0020134551084936003,0.002553041277893383
64.40000000000062,0.010196049194378632,-0.01033269813022897,-9.811159640276363,0.0012532190045338007,0.0003638382957771557,-0.0007535069156086158
64.50000000000061,0.010502605927490583,-0.004241323761970359,-9.820073673491207,-0.0017064343637320924,0.0006812732075622474,0.0004388754511644198
64.6000000000006,0.003934738474053964,0.0023616354934146316,-9.820412457196635,0.0014292476461784693,0.001614957628050873,0.0019023239057401422
64.7000000000006,-0.014390175828857588,-0.004119744451567234,-9.815711440347794,0.0006196825843127061,0.00019726356976428953,0.0008543353330705239
64.8000000000006,0.006919879338967935,-0.007649415478647067,-9.81233652460908,-0.0009267372047877447,8.13810348594562e-05,-5.144008401133267e-05
64.90000000000059,9.876979819550165e-05,-0.014682046764814194,-9.817672372841914,-0.00017844241369365034,0.0008567894685177551,0.0004643444922046784
65.00000000000058,-0.010770392403302414,-0.0022106734847973744,-9.81807264942431,0.0002264637731274911,-0.0002802305507131155,-0.0001677239771905246
65.10000000000058,-0.0015453971551468745,-0.020623838487308654,-9.824457803594536,0.0001451775296543802,0.0012023613724361237,0.000476518352625283
65.20000000000057,-0.01165487462194737,0.013065135106151635,-9.801561068745212,0.0012901262291691508,0.0004828177859617799,-0.0015529091939088843
65.30000000000057,-0.003748668952480304,0.01595798892728695,-9.787906215201096,-0.0015974121923377352,-0.001072804114596236,-0.00025188426213929396
65.40000000000056,0.007846104232475098,-0.006693424142366292,-9.803726417614506,-0.0008303981323372474,0.0017873099676410827,0.0005577040607375967
65.50000000000055,0.014280837224243255,0.009754542054734678,-9.824650041066171,-9.06492322732093e-05,7.722462069251662e-05,-0.00012897811294038545
65.60000000000055,0.010684538399769562,0.00512775171537925,-9.799910689333064,-0.0005521954852534535,0.0005622218700676398,-0.0002501385253308416
65.70000000000054,0.0069787194419023355,0.018633645689486805,-9.818420368144698,0.0012221777983895282,0.0016858729525838384,-0.00028507640004719187
65.80000000000054,0.009718302666666736,0.011125005648887068,-9.810830752274079,0.000605290745066046,0.0004041030010046379,-0.0002816417048198353
65.90000000000053,-0.013639522402343746,0.0030903723281274593,-9.799983611042789,0.0023286035930238807,-0.000779926752297883,-0.0008794146601987114
66.00000000000053,-0.0234617739994548,0.006366022491214457,-9.824052084732115,0.0010254786006299809,0.000568137028470468,-0.0017800217734062253
66.10000000000052,-0.00467197169465452,-0.010936701460778043,-9.80915524518115,-0.0003210898262645581,-2.5437562836362234e-05,-0.0006806982459662688
66.20000000000051,0.012439920586519984,0.012542321409632079,-9.824951790757758,-0.00046323261957333697,0.0005255689018390928,9.652235185324766e-06
66.30000000000051,-0.0017996843172424421,-0.004890266217360234,-9.811367308042533,0.0002815859128878426,0.0008082957215102952,-0.0007737511157229384
66.4000000000005,-0.0064716596249967265,-0.005051222461412652,-9.81977265996544,0.0002602058678224259,-0.0001923337967134134,0.0008614158277094948
66.5000000000005,0.018291255390215807,0.002312469522110238,-9.81630618859306,0.0013725388644967092,0.0005192641299521495,-0.0022294859415046262
66.60000000000049,-0.0004358134938113048,-0.014470269585803915,-9.801253732298328,0.0008057815783857996,-0.0008173811366507678,-0.0011436842989677942
66.70000000000049,-0.018248479764485463,0.013714338574163223,-9.818282366209807,0.0006687371978457133,0.0013616833514762646,-0.0008240988153717753
66.80000000000048,-0.008842268757474356,0.005534677638534931,-9.808579650500883,0.0013142751168625923,0.001120837034866297,0.0005926522751253762
66.90000000000047,-0.017162628598961192,-0.0045920429113114085,-9.808913630974407,-0.0003991823234419908,0.0006905852991743245,-0.0007561912136364972
67.00000000000047,-0.004644174481964126,-0.006173087068807624,-9.812370623305172,-0.0009086641564185973,0.0019269125885516324,0.0010246052210524854
67.10000000000046,-0.009217673851081395,-0.0006069110670148952,-9.800132700048067,0.0010444235775352465,0.0007962202111975429,-0.00030081353220333195
67.20000000000046,0.007313238004782183,0.00424687889603846,-9.8065683207091,6.485604475182291e-05,-0.0012311927014125364,-0.0008061590641759963
67.30000000000045,-0.005307618759948245,0.002789108904020067,-9.807443962935308,0.0004087482364599084,0.0007868634767668631,3.100858037182837e-05
67.40000000000045,-0.01752284754395211,-0.022619005756029743,-9.821276386580555,-0.0005401561576314042,-0.0022147234764749732,-0.00016309397558198863
67.50000000000044,-0.014849022689004022,-0.010159514842935027,-9.822436145965723,-0.00013369515015129973,0.0006447216728220378,0.0007096320715488521
67.60000000000043,0.002102532321960732,-0.003158112444646826,-9.81176058400376,-0.0013453298284082568,-0.0011507642500101318,-0.0012737516925099533
67.70000000000043,0.011652248336845177,-0.0045867104090769415,-9.804154427443786,0.0005358096524467176,-0.0009933123067648697,0.0010110494773020958
67.80000000000042,-0.0024334300439470317,-0.0030057984744962,-9.814841708552896,-0.0011332240659381201,0.0004180295446607126,0.0009674487566712645
67.90000000000042,-0.015583122115142485,-0.0054582541387279805,-9.798250346081195,0.0013731345907960868,-0.0007968843444506566,-0.0008915065676408422
68.00000000000041,-0.01306292868148589,-0.0012610882704301518,-9.803938321241342,2.6053474841080063e-05,9.938667705868208e-05,-0.0007003451816791551
68.1000000000004,-0.02108506142192312,0.021936370955125097,-9.812729331849887,-0.001136449343605876,0.0002815822198446584,0.0009016966112997038
68.2000000000004,0.004845387768306944,-0.007292031523272751,-9.81744639395085,-0.00047334961475911403,0.0008391651761859519,0.0003734817443480577
68.3000000000004,0.010283683755421038,0.0003309207221215215,-9.828557003617616,-0.00028527146700676163,0.00011873264416748995,-0.00012304997734614712
68.40000000000039,-0.007768150370080096,0.011736499306148139,-9.803778127848656,-0.0006906952108964034,0.00030827422223949025,-0.00019126820118261711
68.50000000000038,0.014484508259771068,-0.0001810682469131768,-9.835163046078993,-0.0018391052796191065,0.00013534420920838878,-1.3839886016645942e-05
68.60000000000038,-0.002279627279672473,0.0027618636855725846,-9.801290034746737,0.0008910624367118505,-0.00021448788347942595,0.00016681816263387075
68.70000000000037,-0.009134113789643867,-0.008737351818450347,-9.804522880082434,0.00024438413464769794,-0.0018300128513078172,0.0007435725981299043
68.80000000000037,0.002632801213376241,0.0011940844632470566,-9.801725994420359,0.00046655205408086496,-0.0017716065752270546,0.00024106322471786104
68.90000000000036,0.0009520833604034454,-0.0034628076459401335,-9.824143262002428,-0.0011741048433859835,0.0007492632959175759,-0.0010967057345871209
69.00000000000036,0.006264852753708819,0.01172844672372376,-9.811341569099246,0.0005542657005716684,-0.0005619005840068011,0.00010998773896144802
69.10000000000035,0.002133465566267708,0.00370401513411799,-9.814583756015505,-0.0015202763924970887,-0.0003777679369587729,-0.0020283292962315755
69.20000000000034,0.0016231723217912909,-0.004151071555162713,-9.828403708406418,-0.0007943758590512426,0.0011328322267898335,0.0007217316045118899
69.30000000000034,0.007651878784423948,0.00030125290723766586,-9.81373585390819,-0.00044536148479977207,0.0002857616877449289,0.00015718975170141643
69.40000000000033,0.0013169138076721265,0.0006513508749865557,-9.795326141203118,0.00027549938425274774,-0.0007259652241876167,-0.0013476241300977765
69.50000000000033,-0.0021379864262017025,-0.005117395889532701,-9.80657546282364,-0.00023056229497680168,0.00030410478935144735,0.002394985646407778
69.60000000000032,-0.012813221688276356,-0.0230931036289461,-9.822012393497698,0.0011965255140428586,0.0009012982444846361,-0.0004523759829297228
69.70000000000032,0.028038084373777944,0.004489558968910291,-9.822518600956949,0.00024835913280296467,-0.0004386466273002582,0.00039893186714757525
69.80000000000031,-0.0073517908229386135,0.00038093209309998633,-9.81374366362308,-0.0017690722591270356,-0.0006756897207274968,-0.0021297710275872987
69.9000000000003,0.010305435316204588,0.03142109916864404,-9.805502714021129,0.0005335562833825077,-0.0010963994035806841,0.00012424144291354398
70.0000000000003,0.001751163046339353,0.005611428928937345,-9.819963729677731,-0.0004965662246259434,0.00307331147627779,-0.00022019226884213393
70.10000000000029,-0.009765277722802909,0.009166479108726066,-9.83063553265741,-0.00019669883333093503,-0.0007104206783317977,-0.0005724507687512405
70.20000000000029,0.005301064767467648,-0.004509480305014249,-9.810405015345863,0.0002908180723692734,-5.729272541716337e-05,0.002152847515448019
70.30000000000028,0.008755744748625555,-0.0003473400375435319,-9.803106075947262,-0.0012493980677156006,-0.0008334233361596886,-0.0002972608672671157
70.40000000000028,0.0030334543083644617,-0.008835684408988602,-9.811168316601943,-0.0004168721859398712,-0.00030478081102782123,-0.0009207556307932486
70.50000000000027,0.028029419782725152,0.004603723960882144,-9.829251748410677,-0.000325079150601901,-0.0006215387928990143,0.0010307949299766068
70.60000000000026,-0.0048557790382514985,0.00247110406374921,-9.825588808752542,-0.0011398420534134684,-0.00042564032551543424,-9.1285732787628e-05
70.70000000000026,0.0015479437746038916,0.010616016304923589,-9.820661428302087,0.0013696416513887723,-0.0003740122242792126,-0.0010380785384581633
70.80000000000025,-0.004132375841890359,-0.006412772745065849,-9.802561694791931,-0.0012255096867582658,0.0001958654948305318,9.445993341387377e-05
70.90000000000025,0.008724970951971202,-0.007642423928849043,-9.800712988973453,0.00017678351204441733,-0.0013399930113874767,0.0008469997102232071
71.00000000000024,-0.0036014521782149755,0.01927849720748602,-9.805391538201398,-0.0010753022423698278,0.0008481069770291043,0.000650852810834541
71.10000000000024,0.010011367062305203,0.00875482216998391,-9.809217718798976,-0.0009049688244553722,-0.0009426294615092736,-0.0015021485828480455
71.20000000000023,0.00018049921656982876,0.0011588043546087294,-9.812111434062285,0.00037185030446109247,-1.7167500608902327e-05,-0.0007414241376628599
71.30000000000022,0.013006258317005382,0.0028106574941623424,-9.80355788554917,-8.870041683994724e-05,-0.0002838101499229191,-0.00042371905268541606
71.40000000000022,-0.004179835464761033,0.011864435847700382,-9.81440159215154,0.0006706924833837041,-0.0006769561595491241,-0.0007010534871018406
71.50000000000021,0.00752115718222294,0.008958099902412413,-9.820969365731216,0.0008536733035762388,0.0009062990141062387,0.001736913773580906
71.60000000000021,-0.019954706420962063,0.015706313152411118,-9.796609465863666,-0.001529793579747806,-0.00018351379650941103,-0.0015985720200888847
71.7000000000002,0.008099678548439694,0.005398277160692308,-9.814431867281334,-0.0008529299560037559,-0.0009802577113724633,-0.0005303613858079772
71.8000000000002,0.005827204882515352,0.002425053935572492,-9.812219053258104,-0.0004786790879612899,0.0014637880248537796,0.00010514038612942288
71.90000000000019,-0.009377361271514591,-0.005285570695228581,-9.825443283527415,-0.0009676986841173239,0.0006751778270803158,0.0011783159988788343
72.00000000000018,0.02034624951503483,0.001036006669488914,-9.81353708050726,0.0002708624704226361,-0.00042539526408317467,0.0007423959849312189
72.10000000000018,-0.006587755891603764,-0.00199048567866002,-9.809131226949996,-6.298609155861624e-05,-0.00030830843098175303,-0.0006450784917024784
72.20000000000017,0.004844192150309486,-0.0006726522010116508,-9.804118485440387,-0.000942121917674148,9.873019514252629e-06,-0.0015834267032386548
72.30000000000017,0.015740467211729926,0.0069707850504041715,-9.803484616874133,-0.00012141558794039289,0.0005460754735064395,-0.0006566592656010564
72.40000000000016,-0.00418185886730803,0.01234935640112451,-9.805306225075604,-0.000572557743389719,-0.0009317677545629106,2.0737155183116284e-05
72.50000000000016,0.009840037526097753,-0.004069541155628644,-9.794226938382705,0.0007903350368511872,-0.00039326575126392597,-0.0004381244303251545
72.60000000000015,-0.0045095093947283005,-0.011487328924427966,-9.80396986628843,-3.076239822878093e-05,-0.0016328966111885364,0.0019086340068135749
72.70000000000014,3.986482818777684e-05,0.004245755238752122,-9.802781895968673,0.000627951020489755,0.0021702730482181156,0.0007913317526923337
72.80000000000014,0.0006682154681997381,-0.0007618846731451982,-9.809548727202353,-0.001550014423276975,4.456594616391463e-05,-0.0003169318859525968
72.90000000000013,0.00542310752941466,-0.011177989126113362,-9.800208967649269,-0.001639379263516214,0.0014101729566057388,0.0008336977999791972
73.00000000000013,0.003001911757114807,-0.0068729568247148645,-9.822271956200076,-0.0016256760236745388,-0.00034635611304276816,-0.0003631775724345142
73.10000000000012,-0.0008284807312486073,0.014569527894458738,-9.811820744549708,0.00014445626687611078,-0.0007143193252178828,-0.0012342033763000008
73.20000000000012,0.002314338098193421,0.006930500508275192,-9.80622920409672,0.0006966627140512365,-0.0011625294470530491,-0.0012064369136784655
73.30000000000011,-0.027311903166259137,0.0024341595207113867,-9.807408159920058,-0.0013702590346455971,0.0006597514491634082,-5.128947453151967e-06
73.4000000000001,-0.021952018416795775,-0.011394877228529252,-9.812814167010776,-0.0004808570393165798,0.0008878895268920412,0.0005824025928305033
73.5000000000001,0.010604656626338136,-0.0009030246946040197,-9.794118795860378,-0.0017052548670303089,-0.001277251843127278,-0.0009467667558595847
73.6000000000001,-0.010769728680044107,0.01456482490273888,-9.819656607060473,-0.00023135105081808067,-0.0019777791499475776,0.0015555049549281618
73.70000000000009,-0.0042287946767114405,0.008404719912094013,-9.808907971672284,-0.0025554507161750974,-3.9685611755289726e-05,0.0004849387265019277
73.80000000000008,0.005607312347112729,0.0048616611044005,-9.801872923891755,0.0004978312333891385,-0.000466286421511062,0.0018425244882355227
73.90000000000008,0.00717012262173822,-0.02472644751858883,-9.818786664998331,-8.253308578702293e-05,0.00028657179589066165,-0.0004477590731878242
74.00000000000007,0.001098481002659639,0.0037848077221103427,-9.791238113100613,-0.000990040477544477,-0.0012802718158250567,0.000649168353362893
74.10000000000007,-0.0066387103747515275,0.02080854094060667,-9.812110695888403,0.0006132495199056882,-0.00019514801447192347,0.0009307028556788802
74.20000000000006,-0.0056674626343074675,0.021047607510702972,-9.812258471784322,-0.0002692786210459438,-0.0008638803688389623,-0.0005113890631306231
74.30000000000005,0.005979150635258608,0.0022824721610248903,-9.797657740448626,0.001354929227547901,-0.0016704829555777932,0.001380569678336154
74.40000000000005,0.01257027898763067,-0.0019474321589429803,-9.803543062296551,0.0008695859558786618,0.0014489572214332808,-4.9533573311270245e-05
74.50000000000004,0.00481291581812455,-0.007113757192249955,-9.815904354620363,-2.3191092398756837e-05,0.0011703444744081224,9.032196536875946e-05
74.60000000000004,-0.014418774700000097,-0.00023482418024722073,-9.819983343325449,5.0067282562141084e-05,0.00013839649393930967,0.0003536212159540149
74.70000000000003,0.010402768989610957,-0.004720451352052798,-9.798937267137383,-0.001149442373652595,0.001109569755340235,-4.0990898534438205e-05
74.80000000000003,-0.00785839407578374,0.00249346197007437,-9.824060609929262,-0.0009356594326969095,0.0011412138347915604,-0.00019615040562378133
74.90000000000002,-0.008954656323767147,0.002693213126639575,-9.81171440593836,0.0011510791413776686,-0.0001814936193404291,0.001539784563788284
75.00000000000001,-0.008988787517907519,-0.003424299989904811,-9.80335972841543,0.0021300531434520808,0.0013192611496502177,-0.0023076282908192415
75.10000000000001,-0.003548199865397004,0.0015044261064818978,-9.806813252709926,-0.0002941644481656336,-0.00024388105476623337,0.0008412286871584623
75.2,0.005763860319114133,0.006672120798109962,-9.817876457479535,0.0012323901455897708,-0.0015085720563520605,0.0011089497614430698
75.3,0.0010039525542290067,-0.011807632011547626,-9.79932727138906,0.00011571183124768534,-0.0012539664709240734,-0.001043799051820716
75.39999999999999,0.01765324960598477,0.010593739072797018,-9.827153196473587,0.00021897612272870175,-0.0005205299444493374,-0.0013354774647439639
75.49999999999999,-0.013518705815204044,-0.02086355130417995,-9.812365100181186,0.0008506635835899439,0.0005253447980397248,-0.00012652408173649305
75.59999999999998,0.004751688783360692,-0.0009738796945565353,-9.81658962006843,-0.0003179957959777545,-0.0009918436082334103,0.0007818964007953429
75.69999999999997,-0.013002465835737165,0.010507031149509223,-9.812465122388675,0.0005052465294756469,-0.0013775712266908694,0.0001809965329081551
75.79999999999997,-0.014329861315981096,0.00686643450469762,-9.80803941152464,0.0021649607242705225,0.0008277233199118775,4.9719770579185967e-05
75.89999999999996,0.011213503797046527,0.004912550512589592,-9.815261555902469,-0.0002224493634728268,-0.0007036151766326506,-0.0007411535185543209
75.99999999999996,-0.012367974146772596,-0.010514724782447525,-9.797420344227287,0.0013380893005167673,2.5215748611445804e-06,-0.001002560510429975
76.09999999999995,0.00945955319843807,-0.015702662199870137,-9.818909432337193,-0.0007971010457927184,-0.00040582325902117797,0.0024280700154266535
76.19999999999995,-0.0015304051507777738,-0.017129019601820384,-9.80539568010643,-0.000945817910455013,-0.002304604037798877,0.0013554590194662724
76.29999999999994,-0.01298544840169666,0.005705172473023663,-9.804690585218367,-0.0002612282914426466,0.00022758673562040357,-0.0002859985015166669
76.39999999999993,0.00387498076068398,-0.020579595044502394,-9.828157304624117,0.000307680553410213,-0.0011415094042258305,0.001108067778895831
76.49999999999993,0.017205048909533643,0.0040461318294778914,-9.812166060851894,0.0017198737550897737,0.00042924055027454387,-0.0009842395707833859
76.59999999999992,0.016099490135944392,0.00021160969335892418,-9.817631507830763,0.0003020030875365788,-0.00023363187879233284,-0.0010378627140193346
76.69999999999992,-0.002319218272464187,0.008519256788954585,-9.79000089474332,-0.0009467125858338077,0.0005043744617386109,-0.00026564756809314836
76.79999999999991,0.0051522146322626325,-0.018563529917833804,-9.809188251031713,0.0011226240623404306,0.0004173169730688168,-0.00041475880993243453
76.8999999999999,-0.008893444702729911,-0.0034356104258649006,-9.805341122280291,-0.00074036028108658,0.0004020705503375667,-0.001191919132784685
76.9999999999999,-0.004304122600227639,-0.0006185282874627824,-9.812613474518317,-1.9754890813553396e-05,0.0013858784883649907,-0.0010574650200171473
77.0999999999999,0.005584403445521836,-0.00530236620139058,-9.807459952897371,0.0008108671779919965,0.0001276881707316652,-0.00011543067613298421
77.19999999999989,0.007709828921079447,0.004183494059906027,-9.805083982442575,-0.0007845308011675257,0.0010855752046386594,0.00138921668554864
77.29999999999988,0.004128550754611195,0.006563079721304468,-9.79221602316692,0.0008456529109257792,-0.0004274489377815023,0.00028000539014623146
77.39999999999988,0.005702724273696326,0.00535540558315346,-9.818668812743248,0.0003598241030710239,-0.00027756680409276327,0.0008493104318910041
77.49999999999987,-0.013545787306442299,-0.013417372458966306,-9.840217137200396,-0.00048332937683417325,-0.0006488982859226564,-0.0008791580882033682
77.59999999999987,-0.0014475586448826757,0.0015012685916981725,-9.8035601947361,-0.0017043324920164812,0.0024485273679344193,0.0002996808769467853
77.69999999999986,0.007131107951093268,-0.0041613143115040874,-9.805386943733335,-0.0006326274405646632,0.001955854856436878,0.000695447787888466
77.79999999999986,-0.00676512169283384,0.012153751426185523,-9.81899614220207,-0.0015181985569780263,-0.001236106068794032,0.00016571360126158742
77.89999999999985,0.016564652693823997,-0.0065226941092938265,-9.802411850878642,0.0008035959923977405,-0.0011848742943641939,0.00013507574642175052
77.99999999999984,0.0011768597232346256,0.00482611621020134,-9.81167337815513,-0.0007286548477485555,-0.00034410341916589563,0.0006398044270686251
78.09999999999984,-0.001856261321375507,-0.012338748851634041,-9.797095646666918,0.0003954476989486069,-0.001152342933012768,-0.00023376049925513461
78.19999999999983,-0.014514291504750703,0.02376684563903121,-9.801039301049716,0.0014286926537934524,-0.0006607761175714289,-0.0014351802704592838
78.29999999999983,0.02230372516226797,-0.0003157675943665213,-9.827126482732542,-0.0021803652752089803,-0.0012543992126973786,0.00044825362399214015
78.39999999999982,-0.00869194924349241,0.006333581786633635,-9.827517000261183,0.0006348077929854085,-0.001097515456886836,-0.0003509427169088781
78.49999999999982,-0.00412897687195595,-0.003528565517759604,-9.808262612889909,0.0005753537637849918,-0.0005435789293051831,0.0009881152042048571
78.59999999999981,0.01065714008900223,0.008982131406686618,-9.821740724654765,0.00012424520315449682,0.0010383807919784268,-0.0012370591069299098
78.6999999999998,-0.0068523111964266725,0.0010865105369238645,-9.805025995976296,0.00039799558281662363,-0.0010767149410392265,0.00036648549767250585
78.7999999999998,-0.011268128504560103,0.008468929852234063,-9.809180368587041,-0.00032679706245287076,-0.00016028890509343685,-0.0014794299294459818
78.89999999999979,-0.015481859792940993,-0.019523931632939858,-9.791809423378556,-0.0018912384288491705,0.001477063854481829,1.5868786553750918e-06
78.99999999999979,0.009953703447784377,-0.01684768846450256,-9.798411380469737,0.00026199327867748535,0.0009013402031203497,0.0007080756902485793
79.09999999999978,-0.002100337350563507,0.012774900139823152,-9.812722283656752,0.0008021628780566264,-0.0009676257792573758,-0.001253011012566253
79.19999999999978,-0.006041601570552378,-0.0007707859011978531,-9.819495191357026,-0.0018772268365368624,-0.0014541646215861395,0.0009699424080073695
79.29999999999977,-0.0038244700382801832,0.009876592661976043,-9.803169219942799,6.957985355569145e-05,-0.0006803596414592573,0.0003744306541017878
79.39999999999976,0.001783474877816247,0.02158371021831235,-9.817216664542597,-0.0016162145438324978,-0.0005126953097082787,-0.001401429442331216
79.49999999999976,-0.007757097482073792,-0.006457887707201139,-9.816319840124669,0.0007781865870336101,0.0003072124318043585,-0.00028388796428200177
79.59999999999975,-0.008544407208485962,-0.013976995763519516,-9.817254881826441,-0.0014733712371033435,0.0009065583755851803,-0.00018240125273088708
79.69999999999975,-0.0001444468793371748,0.006153949455769617,-9.811540379597552,-0.00043272735439033256,0.0009574590949544323,0.001149350298513532
79.79999999999974,-0.005781522451316405,-0.013698227222430286,-9.809816769690515,0.0003419439098261716,-0.0011358964034772767,-0.002529338773333787
79.89999999999974,0.020327468384156902,-0.0022310546751530907,-9.810882755414687,0.0005758400091132335,-0.001712364012701122,0.0018666377189996927
79.99999999999973,-0.008526430489534264,-0.009918435726431819,-9.808954288161448,-0.0008485268829973434,-0.0009038361796873826,-0.001622948319823376
80.09999999999972,-0.005756961709822641,0.007819893813387404,-9.816692249618525,0.001035091185584476,-0.0002829244622256868,-0.0003959896306273417
80.19999999999972,0.005968012798533539,-0.01072184750027442,-9.812083418485939,0.0003642028767313555,0.00020062318175531632,0.0030980793753785404
80.29999999999971,-0.008942721427537478,0.0020886773154688834,-9.819068620037202,0.0011975072540089265,-0.0013749045949101569,-0.0014790004485798263
80.39999999999971,0.011168547486247567,-0.019092453712357755,-9.810897563793507,0.0008686442709882301,-0.0005692818981077321,-0.0003365087670323793
80.4999999999997,0.02061517904330119,-0.0035218968671203977,-9.817024382984892,0.001009228255192092,0.0015402834375730704,0.00024020799301795867
80.5999999999997,0.007946874454742578,-0.02750689686041433,-9.807095113870862,0.00022080055669691892,-1.0642258783294926e-05,-0.0014046834801584582
80.69999999999969,0.003219726567329984,0.010997142334828099,-9.821858104977588,-0.0015155409521012929,-0.00019444999217492148,6.381166102027847e-05
80.79999999999968,-0.012891910942864456,0.0012128073656352577,-9.801327685299118,-0.0006324600953978048,4.588745690027411e-06,0.0009263875041270191
80.89999999999968,0.01611129339307823,-0.015088503592142042,-9.810846535888237,0.0007415932854743034,5.7587232193302586e-05,-0.001246815082586444
80.99999999999967,-0.009467014501814417,-0.006729136384926778,-9.808184424839409,0.0004888288463909792,0.000384137191322612,-0.0020977893135529463
81.09999999999967,-0.00016007037234345,-0.015374272195696106,-9.80628848627078,0.000520156779085502,0.001507643230308397,-0.0003957879825192255
81.19999999999966,0.007366888792623764,-0.0027696915369644034,-9.802918271870954,0.001897852468581413,0.0009593251917140303,0.0011584251399553978
81.29999999999966,-0.0029901064368256887,0.00025708763813358875,-9.799429799599501,-0.000806601440256254,-0.0004105492920689819,-0.0014447258393871583
81.39999999999965,-0.011952741248203974,0.0039784816005547004,-9.806342399868106,0.0003267913900300597,-0.0003327977248615407,-0.0014281089577045738
81.49999999999964,-0.0033824501573710463,-0.008768938471736952,-9.795563828561717,0.0002858938951840331,0.00106403223782114,-0.0001816540288187213
81.59999999999964,-0.0066601034095255755,0.0009732629627153697,-9.8060128764099,0.00025868317994638587,-0.00012410712343873234,-0.000632373509765415
81.69999999999963,0.010273209700810457,0.004648447860134647,-9.807018663089005,0.00015197613657755738,-0.0007715109755064679,0.000855416163483868
81.79999999999963,0.0070949300106347155,-0.00618385261243287,-9.810286481730623,-3.2946508227547496e-05,-0.0003979582745564732,0.0008400373500811789
81.89999999999962,-0.007099426621698581,0.016300473725831335,-9.806813551707922,0.0011779203848473862,-0.0005489635191904719,-0.00011474003315627964
81.99999999999962,0.010720718149354977,0.0013440709365705333,-9.813472997178556,-0.0006094871263629535,-0.0015065621375891995,-0.0023025052891654696
82.09999999999961,-0.0042262485141513,0.01261224035268146,-9.816544787917117,0.0002989290166023938,0.0011964258671912113,-0.0013131305676863212
82.1999999999996,-0.01789080539357716,-0.003930852566096132,-9.813618077380927,0.0002307425424198974,8.258905949771515e-06,-0.001217332542062019
82.2999999999996,-0.006331078693665924,-0.0028806494295740325,-9.804817830099008,0.0010176471350228462,0.0011877658217099014,-0.00046637353186467016
82.3999999999996,-0.0006111359771179829,1.1946798200243415e-05,-9.809130665147633,0.0013102476678473615,-0.0020344902680646017,-0.0008147511231676489
82.49999999999959,-0.00422516528177586,0.009475293357634109,-9.80399498402141,0.00018222197552064334,-6.398155754811408e-05,0.00027571555215071507
82.59999999999958,0.0030865757737272006,0.004341580027451584,-9.812689226669823,-0.00042378264139768734,-0.00060352798197006,-0.0008144227381734715
82.69999999999958,-0.017538813622318072,-0.013339232053951466,-9.81363139686168,1.4176716162696317e-06,0.000610364427746618,0.0010699634004653308
82.79999999999957,-0.02563631338050327,-0.004204974145355469,-9.795849318417753,-0.0003666585072767825,0.0021702217288885523,0.0011807855347381268
82.89999999999957,-0.010981684180325808,0.023803776515291898,-9.802188727207778,0.0004908159601579022,0.0002821628197141148,-0.0017552977903800822
82.99999999999956,-0.012023210242199671,-0.016569209238936292,-9.796532077561183,-0.0009283552014916281,-0.00039305104008008183,2.7925786161969035e-05
83.09999999999955,0.01940278428906352,0.00045964587251380736,-9.803606197092547,-7.576333238166263e-05,-0.0010013296453221076,0.0008404551117688854
83.19999999999955,0.0029859530408064923,-0.0009706387533395521,-9.812005248821546,-0.0022906160535122195,-0.00011963178905240023,-0.0008723085655705727
83.29999999999954,0.0008188456648878164,0.0003216471398872839,-9.838853179810902,-0.0013594238111855079,-0.000816232688452737,-0.00108707066264404
83.39999999999954,0.0015044273856335087,0.016342198549551663,-9.805896135966929,-1.071805672765342e-05,0.0011282502538835298,0.00014327689495645195
83.49999999999953,0.004551808732807932,-0.019753503761457503,-9.800377363559646,-0.0005550933615900675,-0.000357494189733801,0.0016698919430447414
83.59999999999953,0.0021667828542416157,0.005445509104930233,-9.815207132098774,-0.0006432491572974986,-0.001408614871824368,0.0009024959465191641
83.69999999999952,-0.002546677831770229,0.010794679149926996,-9.82889044137625,-0.0008844603565227233,-0.0003016123105629233,0.00022006008221094351
83.79999999999951,-0.002887166511045562,-0.011607344558672033,-9.830474336332951,-0.0002716391795770862,-0.002297123595164219,0.00016307367540217252
83.89999999999951,0.01560101189375714,-0.0058937311442627685,-9.809603711430064,-0.0005894176380223019,0.00011401037130170114,0.0007269318819809643
83.9999999999995,-0.008070090644309797,-0.009031490871100738,-9.80127156538657,-0.0016067723105151906,-0.0009598864272060888,-1.3545029315502108e-05
84.0999999999995,-0.009209012165109822,-0.002570713180452992,-9.799706469429541,0.001354223182253171,0.0012372110272929249,-0.001194740900586755
84.19999999999949,0.023859372974975118,-0.003593730969618135,-9.799985636077166,-0.0012780297147125604,-0.0005294646997531569,-0.0002936480438531853
84.29999999999949,-0.003968256210322995,0.0058114135061446475,-9.811240177575291,0.0008182159391259184,0.0005261599689929639,-0.00037148416567515344
84.39999999999948,-0.008665786493361945,-0.0022657101267979816,-9.802972866323497,-8.088647618799175e-05,0.00087582128531472,0.0008055297534327545
84.49999999999947,-0.007750618733729372,-0.004965749181653018,-9.792771762125506,0.0006251044217489418,0.00021090331633687802,0.002186334299690361
84.59999999999947,0.0038160892148969483,0.0020670245736375886,-9.801322445791014,-0.00048692098707066897,0.00015032789530101246,-0.00015408415833751253
84.69999999999946,0.01603891446861753,-0.005799036089075299,-9.80320894063554,0.001195969858612637,-0.0006359645499142817,-7.372831905278389e-05
84.79999999999946,0.0026309856265818977,0.004034126908323207,-9.803172568521273,0.00015636085927439453,-0.0004576373838478836,-0.001771682394663848
84.89999999999945,-0.007620834765560519,-0.0005795377599862548,-9.811527993882395,0.0012642435171128332,0.0005666456993844907,-0.0005666602319850398
84.99999999999945,0.0019229116989290934,0.015333536754864895,-9.810798384964366,-0.0007508061270378062,-0.002111446298778688,0.0001982537905678598
85.09999999999944,-0.008368216497302699,-0.005722552675140393,-9.79487703797674,-0.0009592008436039003,-0.0004928033848311846,-0.0007627352807248504
85.19999999999943,-0.008173285103887923,0.024563774286184822,-9.803748933261392,0.00013720482646018751,-0.000257761176167309,-0.0017004281975996295
85.29999999999943,0.003769272682746579,-0.006437837940029218,-9.802351451181178,0.0006942420396397379,-0.0009695625837252452,0.0006767461051388771
85.39999999999942,-0.012898878562341945,-0.004336446543869778,-9.809193651575557,-0.001052792426434484,-0.0008605232938513017,0.0008034515208004308
85.49999999999942,-0.0077945268685218,0.0023164814441028747,-9.82297764604828,0.0004949204256183605,-0.0006635992537931833,0.0002722654525800094
85.59999999999941,-0.013657915994131124,0.004597635318077614,-9.816264936891596,0.0008137584931864909,0.0008904741262223642,0.0014207689404603606
85.6999999999994,-0.0018462271376488463,-0.0012682014193519913,-9.828002390808805,0.00041793285208801466,0.0005326491915074198,0.0010584894526139883
85.7999999999994,-0.006205674762091007,-0.001979646723476273,-9.816826943217157,4.157115005402717e-05,-0.0008464228792888129,-0.0011214284043801924
85.8999999999994,-0.012914655732248311,0.019465106282717477,-9.813332078435975,-0.0013241273305649801,0.0008958358546573992,-0.0011351535766234572
85.99999999999939,0.005397364934344443,0.0030847000311232304,-9.815242365244522,8.028992218190245e-05,-0.0010364688265840614,0.0004766140922464532
86.09999999999938,-0.0040610056056057465,-0.019247889659187375,-9.810738081697247,0.0015807705930107972,0.0008880501425582267,0.00036469892078821135
86.19999999999938,0.0001474486026262527,-0.010989329434802006,-9.796718825964636,0.0013931513428325052,0.0005771485347825749,0.0010857191402798962
86.29999999999937,0.006799095240650255,-0.009943900231997564,-9.805508340639495,0.0007864604799875179,-0.0008023220061957097,-0.0004746107701311065
86.39999999999937,0.00669859252663636,-0.0017208373085029888,-9.827340363846494,-0.00019608029541635626,0.0006211595820519815,-0.0016882534414169373
86.49999999999936,0.0034754561638609288,-0.003926208132669144,-9.814831866489026,0.001185226715224454,-0.0014831031683192157,0.000380679527674524
86.59999999999935,0.008129641559282995,-0.0006708347569538857,-9.81024036025846,0.0003338685809845813,0.00014096377898617268,-2.9841099326329206e-05
86.69999999999935,-0.010563826173657425,-0.00895432295640474,-9.817995770531821,0.0001833440081662999,0.0010782481537070423,-0.00012076307124342766
86.79999999999934,0.007777635872200674,0.00689851434261993,-9.816337773298544,-8.252743326267773e-06,0.0005718447232470332,-0.00032732404773633494
86.89999999999934,-0.0018561394930587285,-0.011498908062464125,-9.818103376962997,-0.0005709720623274916,0.0009697441156037263,0.0013926719514678453
86.99999999999933,-0.00370447895359651,0.0040690706341518935,-9.819780204466573,0.0006433242579139955,-0.002416101587584516,-0.0007141198716247279
87.09999999999933,-0.001221607855526968,-0.007228906261586921,-9.808917256200083,0.0006693372396542196,0.00023723228485048088,-0.0011467816251183216
87.19999999999932,-0.0005854751694537099,-0.007369970438986583,-9.84449737702082,-0.0020972290519022906,-0.0007688953316790714,-0.0016896820212169254
87.29999999999932,-0.01599366953927112,-0.010074133679301527,-9.83920352715072,-0.0009233591130313175,-0.0020751163845545545,0.0025423525372940993
87.39999999999931,0.007266862590086364,-0.0008481595725803933,-9.798881889042237,0.00018698154395207548,0.0013158160068784013,-0.0005512976674660441
87.4999999999993,-0.014416304400338984,0.012135446602691054,-9.796187194866471,-0.0014186930013161008,0.00040117578547519664,-0.00021880342020831717
87.5999999999993,-0.006438460144231288,0.0008608722942924364,-9.812533474115007,-0.0010986034500401196,-0.00040655850129094425,-0.00013533602581722393
87.69999999999929,-0.0029315723146275913,-0.01485831515589156,-9.799373726720706,-0.00037534923328528283,-9.164806624661261e-05,-0.0003929806075083419
87.79999999999929,-0.024897245311955127,0.005496732060070017,-9.817475607491547,-0.0011005432704981424,-0.0020905289823278943,0.0004896292181880193
87.89999999999928,7.67532992046464e-05,0.013881330391133206,-9.818636263747695,0.0005651701988229075,-0.0008546655028620063,-0.00021520492208668937
87.99999999999928,-0.004016943790909086,0.000520294613336835,-9.797534309714525,0.002450626391008252,2.4705939125147953e-05,0.0014461844952643342
88.09999999999927,0.014277683846108977,-0.00016892572968973878,-9.82076372635721,0.00046974635305584037,0.001025370701121369,-0.0010378653718775205
88.19999999999926,0.016534615285960494,0.009339129982537579,-9.809795213351265,-0.0006736410624122204,-0.0006973975008948126,-0.0012162440805328042
88.29999999999926,0.013490319792026764,0.018140655413462645,-9.795853006155415,-0.0014387619706273404,0.001151597263072983,-0.0021907458578848786
88.39999999999925,0.006574331109989806,-0.005906545146650943,-9.814663525974616,0.0011872898483522671,0.0002356191302994719,0.0008012590139097617
88.49999999999925,-0.021559782052955178,-0.014632753176976286,-9.823214265851567,-0.00014426562855980845,0.0009297910973348139,-0.0010701401307968155
88.59999999999924,0.010505020568547045,-0.02180091731720658,-9.810747987246819,-0.00016293187747077297,-0.0002723402449212881,-0.0016534511133390935
88.69999999999924,-0.004959072354201035,-0.002678412460564884,-9.813863826229786,-0.0003239369102143093,0.0013611233478763086,0.0015073003336590533
88.79999999999923,0.011462063663921275,-0.010141344853375443,-9.801735553408161,-0.001082275335641945,-0.00036002991075238604,0.0002083909076818183
88.89999999999922,0.008407609298487084,0.007703627616842037,-9.801222150990501,0.0015730850842444863,-0.001946255664349722,-0.0007397680087745566
88.99999999999922,0.000590306783996703,0.01706093859588123,-9.817705345509182,0.00015636616237564983,0.0007798466640122327,5.5793169829912536e-05
89.09999999999921,0.01056587923848033,-0.016106035724021427,-9.809595283588607,0.00030822701465394944,0.0018239772059643468,-0.00020969918991542186
89.1999999999992,0.00045116672808942834,0.01913089420403314,-9.820189228411216,0.00021578905853583257,0.00035838805535499615,-0.001148917456782264
89.2999999999992,0.009244957263020574,0.006863097771508432,-9.809616197225855,-0.00033657291591078254,0.0011209555834566299,-0.0005768211228621466
89.3999999999992,-0.019006915865840884,0.0038687840421840402,-9.817964354071703,0.00037232241179118613,0.0008665472132127478,0.00024829391430528016
89.49999999999919,0.02985261723004527,-0.004302362936161385,-9.799067588534964,-0.0001641376410404161,0.0009612563773435165,0.001173461496116998
89.59999999999918,-0.0030789991301056994,0.0007823918860982081,-9.809312442148235,0.0011800593081980862,-0.0011251582266818996,0.0005272424795788753
89.69999999999918,-0.007805197431734301,-0.008782569179356294,-9.810023384376384,-0.0009303131551731099,-4.746959658258985e-06,-0.00022600705445611664
89.79999999999917,-0.0015716477278078587,0.013143312480167193,-9.812100759916905,0.0022284002592530146,-0.00033576040051085554,-0.0006883045812806191
89.89999999999917,-0.0036687948559310695,0.011883261407824228,-9.81429193618721,-0.0013638876579747969,0.0006645271048007392,0.0010248699239223187
89.99999999999916,0.02164071580558957,-0.004327169144626918,-9.81641012046241,0.0011638674846564528,0.0009112651656433554,-7.105327193795028e-05
90.09999999999916,-0.018435063090889173,-0.0071636271616353445,-9.81469920162763,0.00032134681075542755,-0.001597173435219434,-0.001430894976065273
90.19999999999915,-0.00015304758906759374,0.006999381189861661,-9.82878921714854,0.00010731322345421972,0.00035143051242187686,0.0009145609739666357
90.29999999999914,0.005325781789792504,0.016049972854280576,-9.802273153575491,-0.0009126541764450556,0.0006843826194886081,-0.0004096043039840872
90.39999999999914,0.008052385797681454,-0.002814462789503248,-9.81148788736527,-0.0010183326848876534,-0.00024291902565300747,-0.0015416091619526514
90.49999999999913,0.00017831688610028435,-0.009939783582360851,-9.816447403518618,-0.0006564344077856376,0.0015287111918785062,-0.000117185576773123
90.59999999999913,0.014678142588659694,0.0020390616245718573,-9.809432879589313,-0.001278391052300413,-2.9366065441330377e-05,-0.0007751259411098242
90.69999999999912,-0.014171425844025892,0.0010563559071842714,-9.802250959419316,0.0012960998572553474,-0.0019784174847960606,-0.00032214720109874893
90.79999999999912,-0.022133377271535717,-0.014716939203899415,-9.798563508127906,0.0001768871411886274,0.0008262401229335777,-0.00019025740770354477
90.89999999999911,0.002134408297637602,0.013119744949903324,-9.790967279243633,0.0007157308599683385,0.0014685128439454564,0.0010812638282998092
90.9999999999991,-0.0011223972153242402,-0.007932057765110714,-9.817143054264951,-0.00023176245925037018,0.00038049807673096224,-0.0003723763629442971
91.0999999999991,-0.00173210382985417,0.017441550390219548,-9.813455310151902,-0.001337827772184074,-0.00036762193129899083,0.0011712215895104592
91.1999999999991,0.0021224136402882383,0.0024220692259339476,-9.811995886368782,0.0023759923753604224,0.00019145496483363792,0.0004437133382970287
91.29999999999909,0.010252288251683932,-0.006300185864546101,-9.812279122322316,-0.001803361689827079,-0.0007694469998009758,-0.002109824766422331
91.39999999999908,-0.011993214758541582,0.02008244947449587,-9.809452906513833,2.243868412718794e-05,-0.0018668877704080546,0.0005852845722952576
91.49999999999908,-0.00038339486005523933,0.001407786771902645,-9.818845006622809,0.00012814619597274063,-0.000770635665015268,0.0011058419643187067
91.59999999999907,0.004472264064144423,-0.004869223832483786,-9.803435221302665,0.0006726024660473885,-0.00041984597577719924,-0.0001227375668538811
91.69999999999906,-0.0027648184615504303,-0.004950020244719216,-9.818012824232428,-0.0004915335828010169,-8.817161687030329e-05,-0.0005547064403753369
91.79999999999906,-0.011229353056789054,0.011884934442554257,-9.817561476549358,-0.00010977287265732759,0.0012033931328691437,2.8023535790663836e-05
91.89999999999905,-0.0030326864626585804,0.020366041802803107,-9.806702144315299,-0.0003367025391780933,0.00032273969010309517,-0.00018959401959753712
91.99999999999905,-0.005854442659905982,-0.00928481429740206,-9.80375555929602,-0.0007820223702906922,0.00029096531528794247,-4.17569936694745e-05
92.09999999999904,-0.0042926899057605635,0.019613674957601253,-9.795916629695395,0.0005958915337607016,0.0004314443570233617,-0.0010931156230837833
92.19999999999904,-0.009705716153849842,0.005430177127761452,-9.799112722085464,-0.0008905816266606805,-0.0013417396315312656,0.0004854252345587207
92.29999999999903,0.002815538843427649,-0.008804641204543237,-9.795658368553557,0.0004971294755360534,0.0011302646743402678,0.0014262810395348129
92.39999999999903,0.011919640124688912,0.007979846934897561,-9.811114868575673,0.001058776298924178,-0.001390493088867209,-0.0009906028383966977
92.49999999999902,-0.000575533760584597,-0.010122505642501138,-9.82421229858589,-0.0012688847241898052,0.0012128138472128804,0.00027059959743309144
92.59999999999901,-0.010035162866156085,-0.0004651918603958959,-9.78679175945036,0.0005356422034927233,0.0013468913446249764,0.0010060275941669937
92.69999999999901,-0.00017859638149108918,0.0026082673861730805,-9.788914255316689,-0.0009159708600276465,0.0005294655499550297,0.0008902091061942413
92.799999999999,-0.015701126856682894,0.002050282824631061,-9.813121961100203,-9.392982484689353e-05,-0.00016710869622505063,1.2234738941946639e-05
92.899999999999,-0.0031920244328951524,-0.01620271350262281,-9.807621153629333,-0.00011950432015514437,0.0016265954750531852,-5.903022764765521e-05
92.99999999999899,0.011433826862655273,-0.009130357328240248,-9.785828860136235,0.000593171549104001,-0.0010031619742337777,-0.0006735373399893896
93.09999999999899,0.001058561548820502,0.005196801985128332,-9.796023269849575,8.097106514167695e-05,0.002306872522713839,-0.00043055481844169656
93.19999999999898,-0.0034728485474090492,0.011409165667763108,-9.81440432232827,0.0006821256987772464,0.0020332202307007928,-0.0011235939246758743
93.29999999999897,-0.007642197475772406,0.01011803596317193,-9.805165997755378,-0.0007408156597886397,0.0012919890156206496,-0.0016014856701465124
93.39999999999897,0.002482330143401726,-0.0017280604032586815,-9.8169888420631,-0.000895914770081417,-0.0013074317643489057,-0.001032269572417075
93.49999999999896,0.012375832139775009,0.007256794792316973,-9.815186068495475,-0.0002494099282191536,0.0005239425636147197,-8.919420615855411e-05
93.59999999999896,-0.008303674150538785,0.001599351951962222,-9.808189717325787,-0.0007406284162292559,-0.00012041546922134454,0.0005446533464844774
93.69999999999895,0.0034472160641426074,0.0030789029777809236,-9.805888875125984,0.0017753847791747467,-0.00018234588867432075,0.0012802035835687861
93.79999999999895,-0.004782685833346994,-0.00405265138917683,-9.812988096181687,0.0019011584286512716,-0.0005202875966881308,0.002017369196336051
93.89999999999894,0.004834065764300615,-0.0039432585054941915,-9.797152759596829,5.4889872655702626e-05,2.4212745383255452e-05,0.00046155977257199293
93.99999999999893,0.00951288799499965,0.0033166578672447285,-9.804554041328613,-0.0007634517326877446,-0.0007031199368939999,-0.000896792955163728
94.09999999999893,0.003676444371434795,0.001351881812412509,-9.814890074463513,0.00015170808383909722,-0.001089781005693203,-0.00010289673578691187
94.19999999999892,-0.01780256486304376,0.009390832569719038,-9.806273670011107,-0.0008542321351620898,-0.0005034489098649901,-0.0009168220144442193
94.29999999999892,0.0005913395829608905,0.009812036651936562,-9.795929271170452,-0.0010179674993365726,0.0013788267411554552,-0.00016827878045341368
94.39999999999891,0.0019871395963282144,0.004443576517776245,-9.806391852023669,-0.0010492185928562612,-0.00018002065233359597,9.326235087371935e-05
94.4999999999989,0.01409672153835127,-0.020543141462303502,-9.801777476047882,0.0007852022016658547,0.00042384136950388793,2.0192807523341183e-05
94.5999999999989,-0.005142385110212751,-0.011575822248202028,-9.804528044587125,-0.001651323987800138,-0.0006503065438890922,-0.0010153371947637536
94.6999999999989,0.011877020396100973,0.010201725739610158,-9.798926932632401,0.001097524305408666,-0.000414255244714418,0.0014680515449683503
94.79999999999889,0.002737840727679865,0.010975215722697655,-9.805014765663692,-0.0008023830398643779,-0.0012523260832791607,0.0004597856345472151
94.89999999999888,0.009498658599998521,0.014446371594360774,-9.813394740925911,-0.0007003819489544882,0.0003171406048647684,0.00046384455370886905
94.99999999999888,0.0020056761853504417,-0.003092707911482516,-9.795871249753539,0.000161847724819439,-0.00017659142017722497,0.0008047935577555138
95.09999999999887,0.002149016418887294,-0.005093287307824287,-9.816961236453054,0.0009435562057896279,0.0012363589898796467,0.0002356174227689188
95.19999999999887,0.012398915967628472,-0.005209774345615727,-9.81491394605907,-0.001503270708963518,0.000546973598093029,0.0007155112767052854
95.29999999999886,-0.005155005466874779,-0.0038064989146355983,-9.8102547594142,0.0015332188544480321,-0.0008374191732035422,-5.937772325066834e-05
95.39999999999885,0.00016999765527711915,-0.019225396011243,-9.813753838500306,0.00026209792144973057,-0.0010091330841085493,0.000838508727584941
95.49999999999885,-0.004277720288596547,0.024657032528291215,-9.80419254003166,0.0009187670944346117,-0.0008572261901149403,0.0011137866777457136
95.59999999999884,-0.008341393499911413,-0.00509408016457455,-9.811758449780738,0.0020498983842459173,0.0006863407506819603,0.00020869590639081118
95.69999999999884,0.0042318086585722645,0.0010220464472055109,-9.794569762805967,0.0009331415649820149,-0.0016807746146218878,0.0003732302765738739
95.79999999999883,0.007846114948435002,0.0011301974276230172,-9.81905670853081,-0.0010463382579061727,-0.0002259906376769946,-0.0012611159876355102
95.89999999999883,-0.022674587048400176,0.007055548451362056,-9.819428278586225,-0.0004060317352415262,-0.0005328398916807868,-0.0005281671952417641
95.99999999999882,0.002499486569449942,0.0003275237694629601,-9.818789596195167,-0.0015408186030712726,-0.0001465653315631543,0.002764318139011508
96.09999999999881,0.007330782161882629,-0.006171655401488404,-9.798888747729714,0.0005939574330477748,0.001160038110942742,6.032231912739627e-05
96.19999999999881,-0.021366450555953997,0.006552004619977133,-9.823877602442947,-0.0010572132314361083,0.00026669992701113416,-0.0014714517427214138
96.2999999999988,-0.009088108138179726,-0.003355658481523665,-9.807118147018421,0.000508760004702895,0.0010255277568822331,0.00015748525165551925
96.3999999999988,0.00627958395712539,0.0127336103184219,-9.797095082925985,-0.0003045473999406855,-0.0005661270924860302,-0.0002583687809584979
96.49999999999879,-0.00020656066359912655,-0.00734123740482046,-9.809440681446517,-0.0007257474769737396,-0.0005412362593778989,-8.077104463407223e-05
96.59999999999879,-0.0007216393314378357,0.01076178826549955,-9.819537565429345,-0.00183361471763267,0.0010599728684196486,-0.0012074620617158322
96.69999999999878,-0.004877201112845178,0.007621767597862147,-9.811534287817553,-0.00042710393303936297,-0.0016623053801524265,0.0002528824497150531
96.79999999999878,0.018990057498627585,-0.006955820324210096,-9.803997340232037,0.0007711742156963472,0.0008060629028594477,-0.001330993859108254
96.89999999999877,-0.00202378767666014,-0.004626878575826668,-9.799098657892939,-0.0021044870588372384,0.0011199972795939935,-0.0017130466453953714
96.99999999999876,0.0005888600859324223,-2.0659015126934837e-05,-9.806809646428595,-0.002514960224779968,0.0005352791892697706,-0.0014905829437003213
97.09999999999876,0.001278584611065225,-0.00514711416123029,-9.809155206483794,0.0007181551562832168,-0.0011742598293801598,0.0010792165059745795
97.19999999999875,0.0071626814166547694,-0.015800342536187666,-9.820002269769466,-0.0016789315064001283,-0.0012098236265867092,-0.0008440960629446083
97.29999999999875,-0.0013512505016648308,-0.012344404156253336,-9.82025656679245,0.0012992798863304311,0.0003364304937278004,0.0001315201707713527
97.39999999999874,-0.0030449532141755167,-0.00786211188602213,-9.818422829497901,-0.001525687670091695,0.0008891856768826357,0.0008460853582165668
97.49999999999874,0.003964726498578318,-0.018195680184723395,-9.806989212863131,-0.0006417952992246723,0.0006965811684255459,0.00015546788182381905
97.59999999999873,0.001188197552327806,-0.013144811264873673,-9.804728682485841,0.00020248039737389244,-0.0003285672374585734,-0.00047861283616060604
97.69999999999872,0.005729406735027179,0.005676726618683918,-9.826567141531548,0.0006590313897062634,0.00011050498349325165,0.0011610814085636998
97.79999999999872,0.015035130471682761,-0.0119725396042682,-9.804500464174144,-0.001592221467342748,-0.00011979354675869485,-0.0010034085830815328
97.89999999999871,0.013564320755889267,-0.003376361019073625,-9.798715486599091,-0.0008854370146656439,8.603246404160827e-05,-0.0009218484643308498
97.9999999999987,0.0008845306874801801,-0.0030400131668838226,-9.816718894970201,0.0008950076100560562,-0.0009506683041203911,-0.002182471077804097
98.0999999999987,0.008782694088040116,-0.008008532414844914,-9.82803872902441,0.0007679453394064589,0.0019156051150875277,0.0007795637453468466
98.1999999999987,-0.00525300105431919,-0.004826594737415898,-9.796230649629306,0.0011292878887603872,-0.0007310432269238427,-0.0007135894638313934
98.29999999999869,-0.005721116276626229,0.011790686875117348,-9.830062929436854,-0.00017734816208010454,-0.0008390190836644583,0.0005702889907858382
98.39999999999868,-0.0047327317974032715,-0.007465117648248432,-9.79992201905707,-6.578771510967215e-05,-0.0005548158837796079,-0.0003677684987389866
98.49999999999868,-0.01616745961732238,0.0032449743421589594,-9.79619560889992,0.0011526440411107296,0.0017866734369945592,-0.001593593543651223
98.59999999999867,-0.00658480433719976,0.008552536295074466,-9.793753324636105,-0.001388558251173643,0.00106097908120541,0.0006540628368546383
98.69999999999867,0.003585306899242543,-0.0020459497271669447,-9.830068050604451,-0.00031971511738644197,-0.0009121768758797854,0.0007234557392829891
98.79999999999866,-0.00955304045821916,0.0007042321677896793,-9.805254112780723,-0.00039784150951252566,-0.0004841163585196503,-0.0002780938508496499
98.89999999999866,-0.0013195669318156397,-0.00973420660594662,-9.807405212644415,0.0005048440723598944,0.0013202694712812937,-9.645589065940674e-05
98.99999999999865,-0.0002905411386718237,0.00193419577224418,-9.8275361961069,0.0012365569336114158,-0.00037440677127118617,0.0009610505537264416
99.09999999999864,-0.009986007095267813,0.004960042768755796,-9.810245111457053,-0.00018520899602681584,0.0014932325257100405,-0.0021121792663408158
99.19999999999864,0.0022421413300920175,-0.0031751235262287006,-9.81000053207162,-0.0007201889980450942,7.696437001209702e-05,-0.0006910438981475714
99.29999999999863,0.026667483965486044,-0.003813805617214892,-9.818508776337612,-0.0010665002948150387,-0.00014235203964374743,0.0020338920155004666
99.39999999999863,-0.010549514482964562,0.005579532258904883,-9.811912157952902,0.001279543804975526,0.0002702927758497685,0.0005804419853803977
99.49999999999862,-0.014788327853561274,0.012485230612905797,-9.810083699780135,-0.0006865234785223058,0.00013243426309521926,0.0006609736074426587
99.59999999999862,0.0004926810182237659,0.006341874885529536,-9.819916036492346,-0.00011175879478418493,-0.00023490745208481874,-0.0006307997271083578
99.69999999999861,-0.009822328006289351,-0.0014411457820479735,-9.809049134973582,0.0011758957084109128,0.000638225349953144,0.0010249607183084198
99.7999999999986,-0.0017903937721006494,-0.011433913056483594,-9.81502743817469,-0.0009990234751336914,8.854337043122454e-05,-0.000738093547986129
99.8999999999986,-0.005453089407700435,-0.005114678131004035,-9.811099215646141,0.00015305082880317218,-0.00031011501520907756,0.00037267954597997136
99.9999999999986,-0.0023434895221779405,0.0036584054534980256,-9.82236082985506,0.0014511630674389994,0.0014317650005336783,-0.0003307738531817151
100.09999999999859,0.002880740447208775,-0.00020389629179640056,-9.818891494570627,0.001564084066343389,-0.00036925894815243414,-0.0011030873063021423
100.19999999999858,-0.010739078425322922,0.017596875042673328,-9.816971367370137,0.0008664197327371252,0.0017881857938207896,-0.001880825439892992
100.29999999999858,-0.004239568567613242,-0.005362847886264367,-9.796493184270986,-0.003240559792049776,0.0002703743675987657,-0.0021005583436968923
100.39999999999857,0.0017685070453134367,0.02061730720368435,-9.81910244927624,0.0003244794703664884,0.00027463269230563727,-0.0002870443808218051
100.49999999999856,0.008844478903754173,-0.013285914308598146,-9.805353497598798,-0.0004640597133671679,0.0010459374829420753,0.0012385700451719994
100.59999999999856,-0.023903805176560038,-0.0006233016574828903,-9.816502105750644,0.00044453953828460204,0.0003672673069724014,-0.00045534417237911895
100.69999999999855,-0.004513563494033716,-0.010184752279066732,-9.81560412317443,-0.0008253439166743326,0.00029776140315063355,-0.0004670979250962476
100.79999999999855,0.008589968817260915,0.008143865657517723,-9.812885661498152,-0.0005350902716063775,-0.001217907793458137,0.001079277239710784
100.89999999999854,-0.0025995001311072186,0.013920507225494134,-9.824841583856228,-0.0005233391533993073,0.0010326273500641965,-0.00041369386331522933
100.99999999999854,-0.006042135553959367,-0.002064217158709771,-9.8046414782306,-0.00026379761617634413,0.0004943607184372737,0.0006918855709854872
101.09999999999853,-0.012017571868509212,-0.007246285925753901,-9.812620170379232,0.00029804986537384267,-0.00033788325671109463,0.0010956207536515698
101.19999999999852,0.001526550241226648,-0.0008495871083559921,-9.824153299490803,-0.0006253949582293066,-0.00017491761090575236,-0.0009280643054414468
101.29999999999852,0.00557709131106679,0.0011004011169667895,-9.812644286651407,-0.0002601104323634552,-0.0015946679898590794,-0.0005430822913812462
101.39999999999851,0.0036078829732912716,0.022450454101605725,-9.809601843859525,-0.00034755233564108377,-0.0012384172851485262,-0.0006620026780550646
101.49999999999851,0.015467157473069888,0.001316576217983513,-9.832317255717392,-0.0007472338180130706,-0.0013455746586979785,-0.0009556804971368394
101.5999999999985,0.0030212977601976575,0.011954155227268153,-9.806855743633252,-0.0018557530035230687,-0.0010104765834727557,-0.0019518750022833528
101.6999999999985,0.013702740334648094,0.011560786791805997,-9.805222141514024,0.00034382189311149254,-0.0012142273304824398,-8.212573664830384e-05
101.79999999999849,0.00654578553894484,0.00022129420248656576,-9.812707693145834,-0.0014493485402209119,-9.807310941117391e-05,0.001376395862043217
101.89999999999849,-0.002762789842263467,-0.0007636598288787027,-9.805799554482038,-0.0012395698492220226,0.0006935151770252437,-0.0005066131355415496
101.99999999999848,0.006382945089345813,0.0031468531079256084,-9.818015277975421,0.0003252820958155847,8.540384673454515e-05,0.0007025439859416761
102.09999999999847,-0.003957328338624928,-0.006393535842279494,-9.80823722638905,-0.0006032071689923498,-0.0005774657078838597,0.0013618807913500616
102.19999999999847,0.005403496511597574,0.006287549509631195,-9.794670211460685,0.00027162123292132794,0.00070124933530256,-0.00020409541242491792
102.29999999999846,-0.007222431173501741,-0.000782276434760097,-9.818180491144805,-0.0005747882757226351,0.0016098401279450564,-0.00012947795110197742
102.39999999999846,0.00817183534085334,-0.0012522479058337435,-9.814242686997908,0.0008705313627239861,-0.0006239077329150872,0.0017622929617203678
102.49999999999845,-0.003831023408897667,0.02476236317204592,-9.809236096206394,-0.00025511704371166375,0.00016394533133580266,-0.0007506312322343542
102.59999999999845,0.013677029316561274,-0.0021033252637438445,-9.80520331095827,-0.0008091147539518367,0.0005539210491772028,-0.002438919229867103
102.69999999999844,-0.015245521851041255,0.0006791860795088734,-9.82372429382868,0.0005147044673114797,-0.0006838106900509998,7.660573933344369e-05
102.79999999999843,-0.010009269776753867,0.023856332848242418,-9.817889416064103,0.0008649546743626973,-0.0030721912950749716,0.00025152383213759594
102.89999999999843,0.000633895527200154,-0.0056286788043666,-9.812099607004098,0.00024707336601292656,-0.0017868448587806576,5.4463688796431896e-05
102.99999999999842,0.0005217622656170351,0.0044651467225520335,-9.81965963111208,0.0009766932501757476,-0.0017341835199631323,-0.0006537998012279783
103.09999999999842,-0.006832620926864912,0.003548812237681274,-9.830258165827267,0.0013656530916488312,-0.0022279672304657025,0.00046975088142095966
103.19999999999841,0.006883074488225225,-0.0034630145356881986,-9.807328099323513,0.000576663178439909,0.00020105548152257673,-0.0009915671854154114
103.2999999999984,0.004716432794885155,-0.00016281648300242154,-9.804198328703057,0.0006146783387352938,-0.0008389821392781934,-0.0008845649244775465
103.3999999999984,-0.015933112752576084,0.01370421476532722,-9.803115658318557,0.0008270160659469318,-0.0001956031652903758,0.0010002407093860758
103.4999999999984,-0.0007389870680985398,0.0036767093893217374,-9.80926534393443,0.002024093427094452,0.000944137533461685,0.00034217411583974724
103.59999999999839,0.0003299655079660618,0.020380510518809094,-9.82060359262639,0.00025750411153408663,-0.00032956572741142345,-0.00027686729720786783
103.69999999999838,0.010527792726991406,-0.01071804439126653,-9.819957550990454,0.0014849564965855075,-0.0001065387148955403,-0.0007729065222203433
103.79999999999838,-0.02654856119503378,0.003876915177800243,-9.805723409520304,-6.971464851259492e-05,-0.0015332702436605078,-0.01150569044563361
103.89999999999837,0.008810668921807771,-0.004984176063129065,-9.80739908593753,-0.00031315304518264575,-0.0003137417617123908,-0.0013422104226760605
103.99999999999837,-0.0012475746782384975,-0.003864969546301561,-9.809793476843563,-0.0007960908603023989,0.0008821055154092654,-5.755714799503081e-05
104.09999999999836,0.007214713224391485,0.005775921671543703,-9.804938892021232,-0.0019034341774829848,-0.0009621200838843046,-0.0018778144123254535
104.19999999999835,0.016077283539413456,-0.0052171892852672375,-9.80905596459054,0.0013372154701592534,0.0013270606538510253,-0.0013636728107152968
104.29999999999835,0.009058019532230843,0.022433788714577796,-9.80616823891919,0.0010935935856606377,-0.00120205172764441,-0.0007002809202607657
104.39999999999834,-0.001656678865028639,-0.011366625881283994,-9.808597120234824,0.00180011362170428,-0.0014871446011480865,0.0016759413257139834
104.49999999999834,0.008059020711767454,-0.01670057252105586,-9.82450767539893,-0.0007684418738595564,-0.00036958827713195385,-0.0009646394561387997
104.59999999999833,-0.004139885159812312,-0.015837844997382052,-9.794283065051445,0.00043794688310206883,0.00025702015493216974,-0.001481851036290903
104.69999999999833,0.0011719610901467761,-0.010197831817674974,-9.808027715733598,0.0010872678248378886,-1.4751493618628724e-05,4.4497167416490974e-05
104.79999999999832,0.0007672408905829899,0.014413783764946314,-9.81381317577646,0.0010817728072506385,-0.0005759178427781734,0.00026419384698305837
104.89999999999831,-0.0071256297102364734,0.004581439245239601,-9.801357561778275,0.0011997106028143458,-0.0007709024497354947,-0.0010430119058846199
104.99999999999831,-0.007182495707767168,0.004285849537243818,-9.805976369874545,0.00022829247858886407,0.0002055499046911419,0.002722176926233901
105.0999999999983,-0.0023170997142900208,-0.0002521197060791879,-9.81784490427947,-0.0003821721532045209,-0.00017262261787367612,0.0020805868028523984
105.1999999999983,0.008339779525883896,0.01291000589015402,-9.808887219283362,0.001090993837278115,0.0006563053084812788,-0.0003675135900183168
105.29999999999829,-0.010979300242817581,-0.001944661869354464,-9.829194239283856,0.0011760848113498358,0.0004097231537316591,0.0006676862183150679
105.39999999999829,-0.010796616610251046,0.004357268775471092,-9.80571624997059,-0.0013286737509249,-0.00048251991817451314,-0.00016166017698639184
105.49999999999828,0.005804744097892788,0.005479846322507864,-9.808485533962706,0.00021349930235069697,-0.0007196679522951178,-0.00015619801304166293
105.59999999999827,0.02852949339199624,-0.0003674318162716027,-9.83917700474789,-0.00032726560862319473,-0.00043994338048264955,0.0004776171570718553
105.69999999999827,0.007850842438094833,0.003453232321375695,-9.825532853443109,0.00019567996085341268,0.00012085092918157825,-0.0012186681024617964
105.79999999999826,-0.0020199910378110647,-0.007043381875719793,-9.810146028286859,-0.00043556951360965363,0.0006793078679660925,-0.0011127683818386992
105.89999999999826,-0.00016011959174529867,0.021054217140383434,-9.806837637305707,7.681815969634875e-06,0.002294442372601351,-0.0005275569409087588
105.99999999999825,0.004548431244260726,0.0036707674627678463,-9.807708508164756,5.679805088502464e-05,-4.5689011531527885e-05,0.0022215624474212696
106.09999999999825,0.008989637709368925,0.008387401899075332,-9.798544875666142,-0.0010925383324155546,0.0002270915239009793,-0.0013477610059251606
106.19999999999824,0.0083716074311804,0.004004260079838466,-9.815904588450236,-0.00013178055518240375,0.0004897892939348196,-0.0004176591456299217
106.29999999999824,-9.603585950879694e-05,0.0023153675750167933,-9.8168073448638,-0.002796999555309959,0.0019360743472631428,-0.002630059001336433
106.39999999999823,-0.010848651691726573,-0.010713061062939304,-9.805087421822341,-0.0005681896263903994,-0.00020451725758623948,0.0008019789917051218
106.49999999999822,0.012472474085071374,-0.0017553251414580452,-9.820052697659058,0.0006865304774608006,0.00037403797857553633,0.000697973870461098
106.59999999999822,-0.01842802148843258,0.026381084015350425,-9.80840960003822,0.001844222073531425,0.0006663940110827516,-0.00070007942976687
106.69999999999821,-0.011563208431509044,0.025693069437112196,-9.817762141202692,0.000980245330083315,-0.0011538341899622593,-9.344877203971344e-05
106.7999999999982,0.0014507057379524806,0.007801005236884132,-9.811608360483815,0.001078389177776872,0.0004385659147872049,0.00038882940876861297
106.8999999999982,-0.008202809874592406,-0.0036592795712921556,-9.812514750111687,0.0020589783153220397,0.0008098342553252923,0.0010073151456427582
106.9999999999982,-0.0006858851254604591,-0.00892996761202283,-9.81993947897672,0.0009194958538370925,0.00011153988051219169,0.00016707474899118715
107.09999999999819,-0.017346866665210698,-0.007769331680675494,-9.812515660355642,0.0019946090966702396,0.00014973394736387502,0.0013333090581923595
107.19999999999818,0.005759236306398613,0.008063077850221064,-9.806264496943708,-0.00017784733513792026,-0.0006400918202292502,-0.0019118635326452102
107.29999999999818,0.0065717985475028575,0.0008394293801977408,-9.81104636519068,0.00011396359619225509,0.0012546333688123479,-0.0007760697073114648
107.39999999999817,0.00398855857496023,0.008067983472646425,-9.79985967345434,0.0006855969282106654,-4.150806360238904e-05,7.772597212513991e-05
107.49999999999817,-0.001133757253913046,0.00830907836767886,-9.81626754517101,0.0007864175699302165,0.0008681569014293692,-0.0003654353575580028
107.59999999999816,-0.001436844639177036,-0.006843603187559175,-9.805888292096844,-5.6725881826667456e-05,0.001449254634683152,-0.0013249543857292673
107.69999999999816,0.0158734231410041,-0.005561237226233659,-9.829888749868838,0.00017890355253325483,0.0014322054760642182,-0.0006924188639999899
107.79999999999815,-0.004558921860015662,-0.010284650248508352,-9.819971090966183,-0.0003036425724368005,1.1443658862175411e-05,0.0013834597400188692
107.89999999999814,0.005731491128002558,-0.0023505934948815934,-9.803410929549278,0.0001503666827129189,0.0004546468796900363,0.0011644026080386179
107.99999999999814,-0.0025127360780599194,-0.00018591039223020555,-9.794223552950589,0.0005779520522962392,0.0016990568338230564,0.00026728315363870207
108.09999999999813,-0.00808646275994956,0.011338392848015475,-9.809200659950907,0.0026220306389487242,-0.0007333241516549448,-0.0013219597035897567
108.19999999999813,0.006722769634522673,-0.002923496744226568,-9.825555274661573,-0.0019599801882644995,0.0013955829960166815,-0.001017953299251977
108.29999999999812,-0.017162458085489253,0.006473141094157281,-9.803338382290775,0.00043907211371797334,0.0013455612863139598,0.00046202293905532696
108.39999999999812,0.011810406801531965,0.00037273641744003434,-9.810505331085949,-0.0005011995742948111,-0.0025325992387472324,-0.00031574014619614884
108.49999999999811,0.01277164624519089,0.00576793014121627,-9.820398343814505,-0.0003833406187206794,-0.0015176474723841875,-0.00038573203161337225
108.5999999999981,0.011616444693299541,-0.009265989080518991,-9.822483913092963,0.0009936438051092128,-0.0001007553315460872,0.0006654032851036917
108.6999999999981,0.02045446337230372,0.0011093458962297578,-9.8041726670274,0.00040968628629632235,0.0007440274963902363,2.115960293531957e-05
108.7999999999981,0.006242738690316883,-0.0048494646950401265,-9.812501404942166,0.001008495991488637,0.0007333908122673084,-0.0010259255883370158
108.89999999999809,-0.0014958111693937357,0.003596862997881824,-9.807560818977553,0.0007549117854509721,0.00019320206417664798,-0.00030330737063182623
108.99999999999808,0.005063968520780337,0.0014716722823696813,-9.782684407803776,-0.0009299703402243381,-9.744446472671762e-05,-0.0030874343655356274
109.09999999999808,-0.0018224428181258196,0.0015671919082989971,-9.808666967041198,0.0003708663163328493,0.0017260145318049429,-0.0005162660669731538
109.19999999999807,-0.009390109053929556,0.003834020554009958,-9.806507604601652,-0.0009803581290376325,-0.001023867750937355,-0.0011740278143274631
109.29999999999806,0.018406134073930495,-0.0034482137123501757,-9.816021568100426,0.0005807241832441288,-0.0007503154898959327,0.0007442226872495397
109.39999999999806,-0.0033069254305689573,-0.006332971041245944,-9.822658282719729,0.0007187497305785741,0.0013172692123516606,0.0014822846199681367
109.49999999999805,0.0049661015090919055,-0.01655782476416657,-9.814761790601525,0.0018436712582028613,-0.0002699048016652107,2.3529441476645424e-06
109.59999999999805,0.007064432317959819,0.0026805765743464385,-9.820691387427372,-0.0003780823095232987,0.0008343336747678102,0.001454479278144273
109.69999999999804,0.0027984502738715787,0.007917242814996027,-9.805215175492648,-0.0005726930584691259,0.0008342423921679303,-0.001000350943498051
109.79999999999804,0.003103482295015689,0.019149525529258634,-9.826418773630582,-0.0010331178616409791,0.0011940629118051824,-0.000455511517753897
109.89999999999803,0.005844523352408919,0.010518287572477292,-9.80471339493317,0.000542181836887217,-0.0013857404941270207,-0.0005139413321085239
109.99999999999802,-0.017383967304207087,-0.00010606880578499177,-9.813577104445852,-0.0006584479588790715,0.001596750650673499,-0.0015520704610682502
110.09999999999802,-0.00935188357322982,-0.0071660681227184095,-9.818948247329635,9.630780193809835e-06,0.0006103426941998389,-0.0004596464775139878
110.19999999999801,-0.003650811691223443,0.00747279673307049,-9.831219272867077,0.0008329363369635628,0.0008139125924639814,0.0007730377624368885
110.29999999999801,-0.00021803018403737328,0.0032896223998160647,-9.814853212624325,0.0006537212310553769,0.00014876779079590733,-0.0004167325651127793
110.399999999998,-0.005259257133346067,-0.0037048062444438768,-9.808523036549275,0.00023854851190990793,5.4602751350241386e-05,0.0008504129802455243
110.499999999998,0.008480737117737724,-0.012435006151173648,-9.821555740868213,0.00017230788686663887,-0.0008089501269729027,-0.0011513990639209994
110.59999999999799,0.01057839771721179,0.004275437170966275,-9.826416650520537,0.00027180891875725746,0.00031881548134819277,-0.0011423412935696368
110.69999999999798,-0.008026112666068109,-0.005309464321818586,-9.830557358143444,-0.000512184911922211,0.0001150731311968717,0.00011872587701647089
110.79999999999798,-0.0020748176389763866,-0.008657827632951635,-9.81032779425842,0.0016064251677209772,-0.0005379858980097107,0.00011726384702813831
110.89999999999797,0.023230261879096062,0.003324460377791396,-9.796390294279995,0.0011905167193327398,0.0010616899663059957,-0.0003199747505504772
110.99999999999797,0.013977205171440464,0.010388242671583139,-9.814823876803349,0.0004357949294293022,0.00012223725654414045,-0.0003303898652957694
111.09999999999796,-0.010195704430587166,0.000788450009296777,-9.80182860887635,0.0011642843505508052,0.0011487092812808867,0.002537948969241589
111.19999999999796,0.001547044138526137,0.003210422097684482,-9.82039137963572,8.444423345747635e-05,5.9459517969000144e-05,0.0009301491663369701
111.29999999999795,-0.005372290835735498,0.006472398210453637,-9.811016384319995,-0.0002347445577338744,-5.911787463224096e-05,-0.0016378346873306695
111.39999999999795,0.011164254391968416,0.006950379339832944,-9.801515274548512,0.00015756513343011895,0.0005746357272854324,-0.00031812409003498417
111.49999999999794,-0.01409026602410827,-0.007586003728388645,-9.824396919603092,0.00020423496286032776,-0.000488528642016527,-0.00018570319918143386
111.59999999999793,0.005851238108860443,-0.009721246707467516,-9.813953684569304,-0.001505732677920229,-0.0009306900840120058,-0.00013118496968743743
111.69999999999793,0.0024673854204234932,0.0004878190696639466,-9.808566622069677,0.0007676486202882263,-0.0013453202582382588,-0.0017179114317640034
111.79999999999792,0.0005771469590135282,0.010242893449690585,-9.802178178911856,-0.0003689768413147598,0.0009089795172097117,-0.000982146202182719
111.89999999999792,-0.004372025101606613,-0.013115743264165763,-9.815644546201884,-0.0015901759383564235,5.069571454741206e-05,0.0006159822821725
111.99999999999791,-0.007094025068810647,-0.0028560450304180003,-9.796054796807704,-0.0006005051416966511,-0.00037120136129371775,-0.0005282994758744827
112.0999999999979,0.002142563309458023,0.01045714893688757,-9.82866468680908,0.0003218961617372398,0.000528792820110898,0.00016818782089021546
112.1999999999979,0.006184272963344166,0.003908702432756563,-9.807145148969205,-0.001162284720357536,7.852961326041368e-05,0.00039555007852492944
112.2999999999979,-0.010218248886054333,-0.016063691802453962,-9.810710936432683,-0.0008103204794555437,-0.001458907890822528,-0.001408715951647659
112.39999999999789,-0.010347851487143655,-0.00756686676566536,-9.802470922315559,0.0015609497190333637,-0.0002666715546041593,0.0008897459381299636
112.49999999999788,-0.004038803139406727,-0.023632386594305103,-9.80755976305739,-0.0008025528073343884,-0.0009795329058155593,-4.264022925739372e-05
112.59999999999788,0.006596550102755323,0.014305157546936691,-9.814248873485374,-0.0006933660164699175,-0.0007355466729245937,0.00033895506123145935
112.69999999999787,0.002255060373578675,-0.010353755714437808,-9.821424428505935,0.0004236429333057747,0.0010101723393982325,-0.0005908016176063415
112.79999999999787,0.019865003924779186,0.004037085049279888,-9.812788633665154,0.0009064727078386719,0.0003636198901131633,-0.00107104334899257
112.89999999999786,-0.0010176804863590292,-0.006329363760942385,-9.81724816206683,3.8168350529661366e-05,-0.0006213213096997403,0.0006759252221506064
112.99999999999785,-0.02290668222824001,-0.003971433054345738,-9.812371973137912,0.00048309138412855785,-0.00023944023469412047,5.5658060685547734e-05
113.09999999999785,0.00517763661603436,0.017992899803876108,-9.797646191588859,-0.0005087094389957719,-0.0011032092977849507,0.0010279903461296934
113.19999999999784,-0.008365625533893932,0.005305405199872906,-9.796650557959032,-0.00013508310424495352,-0.0015637261741945103,0.0006344709663577442
113.29999999999784,-0.005353470657265765,-0.0065849585716378535,-9.803552619511603,-0.0008144495033315664,-0.0001166205360512668,-0.00018314625111837864
113.39999999999783,-0.009111681055413393,0.0037831775638125977,-9.80476963398932,0.0014032662380351233,0.0018538062297494423,-0.00031217056922993284
113.49999999999783,0.01222762261565712,-0.007033476708088347,-9.797495408339792,-0.00023562531857091902,-0.003134524150988732,0.00026054653306746014
113.59999999999782,-0.009929696358654224,-0.007773297576921189,-9.809057257086902,0.0010616213874330973,0.0003102106773922421,0.00028391284212737666
113.69999999999781,0.007345636448529778,-0.010326348491343814,-9.81233407856144,0.0007091586324080184,-4.7546745681672946e-05,-0.001024424624100838
113.79999999999781,0.002446220621748169,-0.004612351734157028,-9.813790106729844,-0.0006818843752248721,0.0009048048618064649,0.0011260264822895915
113.8999999999978,0.013253729745589467,-0.010897774979196487,-9.813194459090926,-0.0006981620429856254,-0.0008095974164885352,-0.0004781732756536329
113.9999999999978,0.0051279745795146815,-0.006137029570857202,-9.811626608056287,-0.0004531293143465727,-0.001702339270197304,0.000849693696292269
114.09999999999779,-0.020504993922654452,-0.014435942755680614,-9.812526740184303,-0.000792288488247218,-0.0015236503435339687,0.0006442232548642287
114.19999999999779,-0.00014198487854146926,-0.006638551695505345,-9.804534552527498,0.002760746278773687,-0.0009009060040884946,-0.0012226128874658106
114.29999999999778,0.013517898468585126,0.011414567715485092,-9.811297747083081,-7.493817392140054e-05,-0.0006699629176107949,-1.315104786999956e-05
114.39999999999777,0.013816740866629961,0.01770834150629617,-9.819203821233836,0.0005934737953601317,-0.0005375960826169521,0.0003133840901397356
114.49999999999777,-0.013505421777400002,0.0024189398211358778,-9.807820611568449,0.0010396528571858653,0.0003591468687938791,-0.0003388957282482433
114.59999999999776,-0.0019828166975444862,-0.00419147939915585,-9.816627070970736,0.0001030240526199627,0.0005950152141453487,0.0006755312480429469
114.69999999999776,-0.0023996783971375114,0.006250300930865891,-9.810866597918048,0.00010687557294985874,-0.0011386823452130249,-0.0002573227437564488
114.79999999999775,-0.0045806153674128455,0.013406417940915613,-9.798994303357432,0.0013953515741896225,-0.00012661109330726087,2.495646763473594e-05
114.89999999999775,0.011682848337969483,-0.009991021183092329,-9.807780391911676,0.0006242611908725451,-0.0002568981188556531,0.0005319231148154374
114.99999999999774,-0.0036562111009597713,-0.013727468201048903,-9.804381845962885,-0.0004698950406657048,0.0013826668890827639,-0.0010331690655572406
115.09999999999773,-0.0012114320545908571,0.007191581146594478,-9.814745943822537,0.00043322198528400073,-0.0009933774529577947,-0.00020516944229902575
115.19999999999773,0.00800993809335672,-0.004047423801335405,-9.811381021779521,0.000880908598697154,0.0005358075759715983,0.00011090155203106007
115.29999999999772,0.011346400106817032,-0.011725711845145903,-9.811938200330014,0.000971114977239425,-0.0010688880291319291,-0.0006929946307577191
115.39999999999772,-0.007230916491704688,0.015441129992515953,-9.805124206857357,0.000610194482316906,-0.0003929506159956674,0.0004955370469380645
115.49999999999771,0.0064855132040199815,0.010136971314801553,-9.821749662351662,0.0003712482276205151,0.0013058018036656725,-0.002512931430993309
115.5999999999977,-0.017827421674112144,-0.0059294943859437566,-9.80763998846032,-0.0025104293729493817,-0.0008440882900140877,-0.00039806122699711865
115.6999999999977,0.006143986854115712,0.023929574316036685,-9.81063698040818,-0.0006851187715632053,-0.001995545270879725,0.0006710920226916257
115.7999999999977,0.0040090101427333585,0.003277873077074089,-9.808940251927142,-4.563874730030233e-05,0.0017552102228215842,-3.9535140209498614e-05
115.89999999999769,0.00657392565196899,-0.004668688946006133,-9.816047579704211,-0.0017617676398734706,-0.0013048412843387359,0.0004785463019854496
115.99999999999768,0.00481896606780748,-0.021008907691710883,-9.810150662962416,-0.0001711090339314289,0.0017943791917368716,0.0003658843831698737
116.09999999999768,0.0029048420903731993,0.008020771885857312,-9.806945824911516,0.0006090735215543219,-0.000933563844761851,0.0005813411492567712
116.19999999999767,0.0023391831735604953,-0.0031864251159829634,-9.806607042033262,0.0006088930667852148,-0.00026200219678364667,-0.0009845602944341433
116.29999999999767,-0.005153364867353494,-0.00312322670170913,-9.791730627312138,0.001201309429968271,2.585406450241295e-05,0.00022589139346002366
116.39999999999766,0.0035116235249132615,-0.0024037041452153922,-9.800417444078834,0.0015191695967091419,-0.00018864606339523464,0.0004728670075413879
116.49999999999766,0.0027597772704816867,-0.022912165359474646,-9.808258585098425,-0.0001561680330781697,0.0006810294142155922,0.00019604579818275023
116.59999999999765,-0.004068729337936936,0.011754663139651261,-9.79293930948742,1.3158777617905652e-05,0.0003586607432382541,0.0005436448587021001
116.69999999999764,-0.013160650069873816,-0.015901307021574444,-9.79311501385969,0.0011886258705554643,0.00041441588160138907,0.0004246604669521717
116.79999999999764,0.0030664875365466727,-0.010429681795461013,-9.813174930489827,0.0010460371636785645,0.0008102443227785453,-0.0014291637535275006
116.89999999999763,-0.012556352629292573,-0.012723503817041576,-9.796482750974354,-0.0022530095413664467,0.0005263818260260633,0.0005204470482083679
116.99999999999763,0.006186247577499312,0.008532773131538825,-9.80424834900156,-0.0014284250640743863,0.0001407164303471994,-0.00028804616701334074
117.09999999999762,-0.01021879003001982,0.022807981333328762,-9.81691925108502,-0.0007471344122361015,-0.0007850859414355624,-0.000643543798860526
117.19999999999762,0.011374777025561356,-0.005868066672856787,-9.792319480727702,-0.00023953646604628375,-0.00017151576107952513,0.001391334369469492
117.29999999999761,0.004685771269301255,-0.002369057115102065,-9.824206631531029,-4.649414294064592e-05,0.000252823483993411,-3.57867173067364e-05
117.3999999999976,0.005314365084590638,-0.02005883504282681,-9.827752701871956,-0.000691999537107562,5.31573462030945e-05,0.0019705048654189376
117.4999999999976,0.02145359453454709,-0.001033557461494361,-9.805429537807104,0.0006196755473749765,-0.0012657386913118966,-0.0009094411438610219
117.59999999999759,0.0016551969998844951,-0.006291890358146741,-9.820488375910495,-0.0002281923328422303,-0.00036042630099385105,-0.0001233062929749077
117.69999999999759,0.0026122230819934484,-0.01070295475388296,-9.810925329007512,0.0003742562871466649,-0.0007620774075639481,7.396203649305178e-05
117.79999999999758,-0.011220488749705326,0.0035203569777445794,-9.808236370956875,3.334228550593764e-05,0.000240632389322319,-0.0010065280559811015
117.89999999999758,-0.013183956571588946,-0.01870375477647576,-9.806032874595743,-0.0014983639584334675,0.0010449577802135147,-0.0011533794202610173
117.99999999999757,-0.00010366595856754441,0.009297628799406089,-9.800953879296891,-0.001386597421964515,0.0005440471445858776,0.0009878058796917153
118.09999999999756,0.00576121570947809,-5.414876894488452e-05,-9.797855710135648,-0.0005595169278083782,0.0013175023214654449,0.0006719932763603371
118.19999999999756,-0.01156288857030829,-0.0046805510377827386,-9.800295712292533,-0.0006692238647950482,-0.0009898770846645173,-0.0005148324584707106
118.29999999999755,-0.00035596286789319295,-0.006131842123522003,-9.81122147454,0.001959291995219262,-0.000767714245079928,0.0006419373142211161
118.39999999999755,0.008050625610326516,0.0020865314563668557,-9.810898691127987,0.00015081594268491838,0.0003878972589949301,0.0004319050186023602
118.49999999999754,-0.007841288543112104,0.005521536367340675,-9.802467832774912,0.0017294371930410498,0.0002414867285090412,-0.0001463687083054374
118.59999999999754,-0.00930256351163618,-0.016936107086817212,-9.794503107983672,5.7030900016279346e-05,0.0018491601296674323,-0.0017333726159040786
118.69999999999753,-0.013832553208748224,0.0005347765617910462,-9.802291966079085,0.0005159049632694763,-0.00024691906341202705,0.00035492528148701867
118.79999999999752,0.004219800658590792,-0.004996646402557223,-9.807223040520576,-0.0010993042011152652,-0.00026496079007385943,-0.000358573263498281
118.89999999999752,-0.0005190460183178788,0.00937600224165432,-9.803175595405772,-0.000239090042039538,-1.1348138543671681e-05,-0.0012896371739843015
118.99999999999751,0.002698322462993536,-0.0030021212023693036,-9.814594960000727,4.869084914893094e-06,-0.0007249719994385116,0.0002374166280528819
119.09999999999751,-0.0078092957469711,-0.008128530043033953,-9.810272600971377,-0.0006128784955125799,-0.0006445551067729111,0.0011223286000362825
119.1999999999975,-0.0026947835633485523,0.014598187417301635,-9.811894537452698,0.0001352682057448213,-0.0008172759114795437,0.0008995937457084214
119.2999999999975,0.0008905762623896439,0.00684102914946275,-9.80011615172672,-0.0010296228349932644,0.0004581744873170806,-0.0014109262869326498
119.39999999999749,-0.005150011766171986,-0.0012465322234689756,-9.799436490392171,-0.00028023193346955516,1.5771070572684265e-05,0.0009349320682322464
119.49999999999748,0.006035587904715533,0.0020092308714081296,-9.812834732570758,0.0010570283541497865,0.000984801686834761,-0.0004839995074330079
119.59999999999748,-0.005986756523381198,0.01432043916537578,-9.8056360763833,-0.0028035971482189095,-0.00013817623771306207,0.0002819114751449937
119.69999999999747,-0.00029199103044405035,-0.0033422894647460017,-9.792532310892826,0.0014918479651041974,-0.0004969028379178444,-0.00017216376619984852
119.79999999999747,0.006881520068368852,0.007035271506593986,-9.810995373098113,0.00017792063055597766,-0.0006975689491745632,0.0015641920603797156
119.89999999999746,-0.0035514598736442362,-0.01091490570149565,-9.803946224193027,-0.0007432522383838748,0.0013244598323606236,-0.0008562121152871415
119.99999999999746,-0.013276286508739306,-0.012631568054714269,-9.803520613635495,0.00014675808270966887,-0.0019150458780108723,-0.00046758709169052116
120.09999999999745,-0.009697479193253866,0.016444680487333118,-9.82002908820388,0.00011756279422633593,-4.9454902385613266e-05,1.5420341052753104e-06
120.19999999999744,0.00530064019989138,5.548035139817719e-05,-9.814030882434185,-0.000473275102721933,-0.00025113014854450674,0.0013310660933285763
120.29999999999744,-0.006391969150212925,0.013336046201755858,-9.793703880941017,0.0011564232253629609,0.0005691874826282553,2.714661088977124e-05
120.39999999999743,-0.00852501947813741,0.015275822482931141,-9.82090078464085,0.0011097674336831697,-0.00037468593065168065,-0.003012240861086219
120.49999999999743,-0.001253569315082328,0.025939284568890057,-9.805311769606162,0.0005941045362940947,-6.818785308982822e-05,0.00020862694744587878
120.59999999999742,-0.0009063594279716229,0.008423683334285956,-9.81882219641776,-0.0010533881811527095,-0.0003641458729667511,0.00018960801980859077
120.69999999999742,-0.007880495524705402,0.0012503814752758112,-9.821725891067862,0.0014510571239029237,0.000386656600380898,0.0008650246880041284
120.79999999999741,0.015433695497132499,-0.0006075947892299386,-9.821167513343461,-0.00015171257996827547,0.00032489616938094734,-0.0003011254157306384
120.8999999999974,-0.002892181270207301,0.00012770211567924306,-9.798270240291574,-6.490553381873163e-05,-0.00020966972899891289,-0.0006287633390848914
120.9999999999974,-0.002354768148845106,0.0006413358147362873,-9.817738851232944,-0.0005551913852682292,0.0008381716578713206,6.45757792706451e-05
121.0999999999974,-0.0015536776371827472,-0.01243819898840901,-9.819256631314587,-0.0011463191176847038,-0.0007485985200063892,-0.000854034082450955
121.19999999999739,0.006994649601927111,-0.005381603443851202,-9.794725635533002,-0.0016879900531108236,-0.000994251317385744,0.0005263335345417704
121.29999999999738,-0.009858244272714747,-0.006522455448054666,-9.812650438432955,0.00029802841865954696,0.0001032730198394487,-0.0017593995243719547
121.39999999999738,0.011782967651906614,0.007054473497419737,-9.810472583076018,0.0012381281315324742,0.0013261845627390207,-7.403637732226182e-05
121.49999999999737,0.0088106231660817,-0.002524416037714703,-9.803681800716173,-0.00025411250192082323,0.00019016052625416696,0.00016552120704525525
121.59999999999737,-0.013635599292281735,0.006758403426947876,-9.81806380721803,-0.0013601906891333474,0.00025968695482735484,0.002110116797145495
121.69999999999736,0.005108396908379133,0.003041182666238143,-9.794911241976122,-0.00028474795235947244,-0.00027941512868747217,-0.0002453851180614997
121.79999999999735,-0.005083586897779885,0.016778047620445366,-9.796891079676538,-0.0013783505798420363,0.0007414131214583419,0.0006813965967878644
121.89999999999735,-0.0027235829062620415,0.020639830252956796,-9.820179766719717,0.0002921527385742146,-0.0002946460863709201,-0.0015335805053508045
121.99999999999734,0.00241163122269249,-0.00884701720170798,-9.829753190213687,-0.00023163932957327694,0.0003329473587233328,-0.0015598205930554409
122.09999999999734,-0.0004666127400350709,-0.0033095254101542437,-9.818090659336683,0.00035396926373637745,0.0006622229374958346,-0.0006845601260254577
122.19999999999733,0.00572953935452059,0.001291380276317216,-9.808067597803284,0.0002823045171989979,0.0005652710837766999,0.0004544423278867902
122.29999999999733,0.006274723221561761,-0.013906059426439648,-9.81213645951007,0.0007231558866129502,0.00022521114164387226,0.0007246552107049684
122.39999999999732,-0.008125804873977243,0.00031726850892411357,-9.815106449895296,0.001549985966841842,0.0012843140064536644,0.001367169079053606
122.49999999999731,0.009715357092272791,-0.005586819144990559,-9.811014541391291,0.000362774227175206,3.182070559732326e-05,-0.0007342262657133905
122.59999999999731,-0.01737158762566609,-0.011063065358219708,-9.809707229298464,0.0008835400697429683,-0.0003099109508727042,-0.0006501876107120486
122.6999999999973,-0.006229042699696719,-0.019788266846025682,-9.802218516721586,-0.0003470299429350448,0.00013707332830413576,-7.448245100906982e-05
122.7999999999973,0.008878634802772666,0.000987790379381694,-9.808888492617093,-1.6107939371528212e-05,0.0015037447790793882,-0.0009001863855876122
122.89999999999729,-0.00615168844148442,-0.008969756473641455,-9.821116668865033,-0.0006979742782175265,0.0007119197347210517,-0.0006641152704059538
122.99999999999729,-0.012799909065399033,-0.00885452737853108,-9.809266514135464,-0.00010383476666507231,-0.0011147431256733735,0.0016035909248749952
123.09999999999728,0.005279848664489404,-0.005978396828708824,-9.807230885348497,0.0035619487470950895,0.0003472272865920867,-0.0006063816092487965
123.19999999999727,-0.003712051828740986,0.0016483578234128115,-9.820298121635718,-0.0004440074585901278,0.001586360783825588,0.002156962652815571
123.29999999999727,-0.007613614441778488,0.0016247835598037707,-9.817271179504084,0.0010064150120583668,-0.0013654236899468479,1.9568080665408164e-05
123.39999999999726,0.006151181540380734,-0.020850828686367,-9.801222547137021,-0.00041988921369064445,-0.0014372444085801255,0.0016652320449212171
123.49999999999726,0.010478268634462001,-0.00412692937242864,-9.802125061761078,-0.0010485314379033769,0.0004825689045423425,-0.0007593765423058544
123.59999999999725,-0.01770408080845401,-0.006520240690104564,-9.801043844470708,-0.00010505607340402469,0.0013876888997581879,6.9881666060565e-05
123.69999999999725,-0.016726947074015112,-0.011715630580956926,-9.800945009206185,-0.0002384790639571829,-0.0006554806372303063,0.001081880608093752
123.79999999999724,0.0033835583320836046,-0.004342633718161617,-9.815937720976567,0.0006285598757468923,-0.0004812701339177754,0.0028671615593905326
123.89999999999723,-0.008164834863211635,-0.0050347747217505765,-9.812566738878342,-0.001389241285474687,-0.0011694886518088985,-0.0005745504835029048
123.99999999999723,-0.012040075386033616,0.02780317572777805,-9.794168654049404,-0.000233819587839852,0.0015800978711342454,0.0013803183022661426
124.09999999999722,0.000980797312290058,0.009338535645407589,-9.82395040992245,-0.0015831884595833615,-0.0017833367377609677,-0.0004910119954687295
124.19999999999722,-0.00924329744814889,0.005408791547036948,-9.834028766958454,0.001815963144459143,-1.5452850934724492e-05,-0.0004280233050638947
124.29999999999721,-0.0004359434101657123,-0.0005021534017975419,-9.821368307529537,0.0008575574882778187,0.00046589161637477383,0.00030332343032347155
124.3999999999972,-0.007155214231286744,0.012805024242802426,-9.825852605395557,0.0003767333475416661,-0.0005421046511356006,-0.0004608164911961502
124.4999999999972,-0.0017105800363213944,-0.01918807574932391,-9.790496831762493,-0.001403660433697256,0.000829174908080955,-0.0020227747382980743
124.5999999999972,-0.004746916038345074,-0.008812100649624817,-9.817497713915559,0.0002794209791875092,-0.002215813287244985,0.0005773971111172185
124.69999999999719,-0.0023663687971282026,0.007851795615320224,-9.813549763909077,0.000607275127054727,0.0013612670240524547,0.0017668542229825179
124.79999999999718,0.0009369546575916858,0.009335108878672374,-9.805842246585296,0.0010462973440035757,0.0013344945689054664,-0.001506784052683326
124.89999999999718,0.011565231251623318,0.0008784567816570221,-9.799453656682928,0.0005451150574229981,-0.000678236600019865,-0.00044978009807563295
124.99999999999717,0.008467777376786015,-0.0014596522108907034,-9.805497145866195,-0.001446478621123684,-0.0009475706157659985,0.0009718225300318356
125.09999999999717,-0.005930152217244458,-0.01323328953569203,-9.805096765255524,-0.0009629724198935693,0.0007934633594743882,0.0009681473801396689
125.19999999999716,0.0051845768050487444,-0.010586121559335644,-9.802219470963344,0.0006890901657620654,0.000988744281829763,-0.0011702630413054655
125.29999999999715,0.021667371791655357,-0.004141004997805183,-9.812691996901568,0.00041356398182133895,-0.0017750043893482838,0.0009194607647561502
125.39999999999715,0.015915736666581023,-0.0001410555129387907,-9.809753134609977,0.0001755524062443109,0.0010377673399276763,0.00016854140050262268
125.49999999999714,0.0037341781514986867,-0.02490721599735611,-9.819720848278964,0.0008639042344993687,0.0014514079714545546,0.0008329383397586702
125.59999999999714,0.004067151286204585,0.017406212715330042,-9.82754472363438,-3.103713881199212e-05,0.00027558728145841966,-0.0008544551307501134
125.69999999999713,-0.009417801853562023,-0.009321441479467028,-9.815257082170332,-0.00023553280819452107,-0.0013212418210104945,9.524647147547638e-05
125.79999999999713,-0.0016880095149585563,0.013491805657094737,-9.813729897079094,0.0005404742996825522,0.00014588254458894415,-0.00012813479705504546
125.89999999999712,0.015316779341715108,-0.000640090428721999,-9.808228024325278,-0.0002849133470166066,0.00042023317450637544,0.0009595617043604983
125.99999999999712,0.011897846158325828,0.011425818142505291,-9.823263524846178,3.0348777635474814e-05,0.0008645407913558573,-0.0007654940827551422
126.09999999999711,-0.021545478843455805,-0.002175910961062583,-9.807393162579928,-0.00021560504695235797,3.138302485185765e-05,0.0012919667385530751
126.1999999999971,-0.011399334300443511,-0.005470647907073712,-9.792908933893735,0.0007749817718635644,-0.0015009115088843075,0.00172494157711612
126.2999999999971,-0.006226279464044035,-0.003050007346072668,-9.814043413840372,-0.000867682153365853,-2.801096813885001e-05,-0.0020970434800200288
126.39999999999709,-0.014675347617364005,-0.002927813465061169,-9.810000903797913,-0.0008655500673871568,0.0006356368569807177,0.0014659484570411687
126.49999999999709,0.001483288722164389,-0.005484817615322441,-9.824442991881865,0.0006583309773001069,0.00039005170661301965,7.356837971241205e-05
126.59999999999708,-0.014280290151107879,-0.002020851776377663,-9.80504912345316,0.0006078142142894847,0.0006127786167651596,-0.0004922778623772708
126.69999999999708,0.0017906789385278075,-0.001771715531163137,-9.797424457818849,0.0012821284931293624,-0.00010811096659773033,0.0009462567171980832
126.79999999999707,0.03017888184276646,-0.009750184368293106,-9.816304327899914,0.0016533544773159837,0.0009377742546260656,0.001019884318616838
126.89999999999706,-0.001572842055375253,-0.0017223471230793344,-9.809139526493988,-0.0005746529755762526,0.00024809834760484864,-0.0014974892684250678
126.99999999999706,-0.005442319408305679,0.01993081874093195,-9.83056219018188,0.0006185397266975851,-0.0010985133782673176,0.0008643210894658345
127.09999999999705,-0.007752159923843779,0.0067900679204185976,-9.79945302532065,0.000305560731733547,-0.00012936214505914305,0.0010157671468387904
127.19999999999705,-0.01830971694559386,0.016703323815161514,-9.823156856819315,-0.0008255989987054876,0.0004744085884393379,-0.0009782637115935454
127.29999999999704,0.008419727682932,0.00029434349205748235,-9.827576835493721,0.0006989014749300743,0.0006873528002887074,-9.93566348619007e-05
127.39999999999704,0.011343481525196852,0.007385431294756779,-9.80915013481619,0.0014677521492147405,0.001236817858358387,0.00048500727464642526
127.49999999999703,-0.005292870462271044,-0.0030814571869505216,-9.817198373443665,0.0007747286158671703,-0.000921195200755445,0.0014868444911861794
127.59999999999702,0.012855541132208832,0.0014906568461053539,-9.825029378590479,0.0009080396816604708,0.0009102740751018571,-7.004504734427386e-05
127.69999999999702,0.019669764415682765,0.012132051434612923,-9.801782921354926,-0.001715525354870743,-5.7632809818805235e-05,0.0015441298249161705
127.79999999999701,-0.004438973980922293,0.02041393474989561,-9.802843688293814,0.0005200348065126519,-0.0009490739959295456,0.0009244347179361032
127.89999999999701,0.0015155541976209258,-0.010566690962845845,-9.809178874924788,-0.0017932385581138036,0.0004643324918877127,0.0005648793697992985
127.999999999997,0.012049692308769476,-0.009838505306174068,-9.804686449822928,-0.0004607850990047019,-0.0017373561769106782,-0.0010781749255459742
128.099999999997,-0.00360846111437424,0.010526484069003922,-9.813492981313537,-0.000956936158085731,-0.0003116220459927818,0.00042566371563389845
128.199999999997,-0.004981349546317578,0.009144413362661604,-9.81255224877006,0.00023271618715399017,-0.0002172633538645363,0.000643448964344769
128.299999999997,0.007043906499123628,0.017488261082393406,-9.805462510777254,-0.0010113012914509778,0.00019076465741473057,0.0015386178535923068
128.399999999997,0.005473763976216521,-0.004359352037555347,-9.814650531650813,0.0010027649614654205,0.0014728093648061717,-0.00010571173467226247
128.499999999997,-0.005848213063072348,0.0003936140943643705,-9.82007949319027,-0.001867448683259006,-6.3951454071413e-05,-0.0006087525604000622
128.59999999999698,0.012515499691183126,-0.0013420136914959555,-9.818989655904549,-0.00036368510985637854,0.000869006091631804,0.00013428933996997665
128.69999999999698,-0.004078325399499911,0.0014175891114045944,-9.821677089741318,-3.799983709737693e-05,0.0015301838897195108,-0.0015639782057295794
128.79999999999697,0.017374746520899518,0.0048232229468318085,-9.818802373440441,0.0005807416453274605,-0.0008911270699211468,0.0002512484514909894
128.89999999999696,-0.00014247894758703168,0.0022047501382206724,-9.822732724731962,0.0006731589060865921,0.0005554348414751245,0.0009299858237023484
128.99999999999696,-0.004859029479854002,0.006377862507278911,-9.814395681216174,-0.0005022257852370731,0.0006023970411468851,-0.0006892823690081972
129.09999999999695,0.011296820287610716,-0.0050770607752201125,-9.806352010300795,-0.0012052410550341924,0.0019359293319078695,-0.0003344474902462566
129.19999999999695,-0.0012475515529662162,-0.019265410582796298,-9.818537916571549,-0.0003285527366687927,0.0008816986356358864,-0.0004640137394540152
129.29999999999694,0.009283700401782878,0.005083824165535786,-9.798618063450652,0.0006270065134829678,0.0002793242733043784,0.0004417592304551195
129.39999999999694,-0.006547697889427973,0.0006342952302083639,-9.807281724755532,-0.0018980287081985794,0.00048631504880851395,-0.00028087467676758156
129.49999999999693,-0.0057346900881486765,-0.004244829748562868,-9.817038996179807,0.0004602905230884949,0.0005281495011225797,0.001414558732973734
129.59999999999692,-0.0005118690359196918,-0.005478496635698186,-9.7973882138504,0.0006156174526655092,-0.0001623972010884772,0.000708113268691843
129.69999999999692,-0.009894054871718879,-0.0011054155280645676,-9.804145875193528,-0.0007366883214454084,0.00024239227923196748,0.0004924333722336493
129.7999999999969,0.010326960917231974,0.006395564760222802,-9.815818995183603,-0.0011105275704718298,-0.0011890911776088686,0.002331097086158245
129.8999999999969,-0.009298654609375834,0.006463380446836562,-9.801023715249181,0.000674734669346764,-0.001306214283770582,-0.0002561538800301928
129.9999999999969,0.003051722225590428,-0.006500104804544701,-9.804356413523193,-0.001239383557613789,-0.0010493053863059607,0.000726150393744956
130.0999999999969,-0.007834556691887085,0.0015589931572986368,-9.811347017612084,-0.001016014994982245,0.0016274650878508627,-5.530251587842783e-05
130.1999999999969,0.02296063466375545,-0.011615389926055786,-9.81306370600376,0.0009384366847093723,-0.000941854014620495,-0.0016465971574112725
130.29999999999688,0.008395408091110675,0.003897429102183461,-9.808683396663886,0.001016352958811752,-0.00013948645013037988,0.0014414351086036853
130.39999999999688,-0.0045973855396617335,-0.006582972557705012,-9.80671216424332,-0.001177467761642043,0.00019358368888923168,0.000517681436274767
130.49999999999687,-0.014120193096912948,-0.003780749566708557,-9.808221942830354,0.0001931986700974893,-0.0019145615274618311,-0.00017625964747387408
130.59999999999687,-0.00898358690870368,-0.0006276689279995722,-9.813592696534561,0.00013048393073008315,-0.0012382542256126315,-0.00014976636412355562
130.69999999999686,0.01297508032407929,-0.010908083280258165,-9.825729728121633,0.0009064635428320364,-0.0009172422456989817,0.0013069030126538627
130.79999999999686,0.005670278957531669,0.012737001982582681,-9.817476183794145,-0.00033760167115647803,0.0014406105040566288,-0.000645540228786991
130.89999999999685,-0.013246853830357879,-0.002591731880700929,-9.813148148275145,-0.0009235005898524244,0.00046069516025522555,-0.0003916945540938943
130.99999999999685,0.008944902957119428,0.017725900491977444,-9.820073575723661,-4.025610055189282e-05,0.001065681948953562,-0.00023389385581672545
131.09999999999684,-0.0027120162155079043,-0.009058371093150431,-9.814419170621786,0.0007280316290601139,-0.0004675684198942565,-0.0010542411253187482
131.19999999999683,0.001926645079142081,-0.003617307984904392,-9.802330824008573,0.0013118866289059776,-0.00040659905536154277,0.0005377554014379941
131.29999999999683,0.00093141266504461,0.010958112893943748,-9.814133783834782,0.0011921400032157959,-0.0002549725280170345,-0.00027024523878924
131.39999999999682,0.0052530673612275515,-0.007300491701447633,-9.81879196963489,0.000667190834970448,0.0005582470266736703,-0.0005210901894975219
131.49999999999682,4.596856615330897e-05,0.002154868851626042,-9.789658091959124,0.0021668442617102774,0.0001818017060244628,-0.0010987009198719392
131.5999999999968,-0.0017643346704949445,-0.007813822597288926,-9.810361297755554,-0.00012024241693022243,-0.00022031759600003457,0.0012369191962095774
131.6999999999968,0.005573568030150367,0.0068959953507440564,-9.828732514337888,-0.00037932447295549346,-0.001632417534081236,0.0011496224856021823
131.7999999999968,0.005052700259735649,0.010644900468752798,-9.83390303566697,-0.00024337549921660923,0.00036276283412268974,-0.0019717142449175375
131.8999999999968,0.0024321389304527404,0.007305229987311281,-9.817474754238736,0.0001543868879449152,-0.000100008135124701,-0.0002391539158233139
131.9999999999968,0.007991753838552397,-0.007370121166950675,-9.814123823816148,0.00029661237492156447,-9.363195461466296e-05,-0.0003570577911940488
132.09999999999678,0.003159071754785517,-0.0030591627592986433,-9.805844853022874,-0.0002314360312043621,0.0017374645007086037,0.0011470599202835334
132.19999999999678,0.010054685072408195,-0.006452716284244563,-9.798365624970044,0.0006890734010744386,-0.0008207151103446906,0.00023987792301324667
132.29999999999677,0.003730627245943413,0.006298531936577927,-9.812917910049446,0.00020011486605149348,0.0012455041206273414,0.0006536096247284468
132.39999999999677,-0.0022636626611495384,0.010148989393955081,-9.816914020564763,-0.00016150759666131717,0.0012057361070402005,0.00034238559839942404
132.49999999999676,0.008689782262284916,-0.005832179027736164,-9.807897618387083,-0.0014518141816246637,-0.001406763928714866,0.0010992820388052512
132.59999999999675,-0.0041960281739203764,0.007547337863114502,-9.812585349803935,-6.543390689396685e-05,-0.0004625931075214975,0.00016224084478326823
132.69999999999675,-0.0002926006213767076,-0.014290084115109467,-9.818308647733582,0.0006175348968689371,-0.0011684072276453865,-0.000535076043598751
132.79999999999674,-0.015611492609945456,0.008218547208484132,-9.806051037214912,0.0003019873392313795,0.0012994730666799962,-0.000203451869772136
132.89999999999674,-0.0030374831422838922,0.005489912867157208,-9.787932674869676,0.0006728090534157495,-0.0004293978476031697,-5.893154096518356e-05
132.99999999999673,0.007736608939786879,0.007172347509972701,-9.80151343295243,-0.0007768549151785398,-0.0016230428831307373,-0.0005435302954231444
133.09999999999673,0.02128390717396171,0.005803068730439053,-9.807458724135577,0.0004044516377316901,0.0004076477706726828,0.00023298024649074623
133.19999999999672,0.0054708962190189135,-0.008080952078051583,-9.813595730580367,0.001164758796356768,-0.0001338576363339054,-0.0005210506946171417
133.29999999999671,0.011121551385191594,-0.0009730862466450885,-9.819807453773214,0.000546658617549077,-0.0002678308896100113,0.0007122338420102041
133.3999999999967,-0.008121820985741048,0.015867019201653162,-9.804167614319551,0.0012618820757515318,-0.0005559902507009209,9.222300175860174e-06
133.4999999999967,0.011095018293277463,-0.0035034009832290666,-9.81253600127173,-0.0007581050670952449,-0.0014063602863833389,0.0006699480175688588
133.5999999999967,0.004448664842136774,-0.001031298605041158,-9.831197062902957,0.0013852802082971883,-0.0006535551081011773,4.767334720260367e-05
133.6999999999967,-0.02124325280306335,-0.00665875922544608,-9.806456806494655,0.000996481423334095,0.0014015207284423501,0.0009256488512265599
133.7999999999967,-0.005867188737824742,-0.006937897996800058,-9.815417791826178,0.0002747884822553534,-0.001028191595376522,0.0004980664690992153
133.89999999999668,-0.012671440800298273,-0.0026896031198328607,-9.818403020676028,-0.0004110664668666035,-0.00017125228515567305,-0.000515534238143681
133.99999999999667,-0.0040896823336404745,-0.011127622471369843,-9.798723244871338,-0.0010947415396762867,0.0008282030514507225,7.424347047530966e-05
134.09999999999667,-0.019860515822825945,0.019427342004286436,-9.814783934696894,-0.0005318468151900473,-0.0006147268711822691,-0.00012746925539686884
134.19999999999666,0.012935190219634908,-0.018607884244150878,-9.798881600813182,0.0006334409425710324,0.00017666922032433637,-0.0006024858340894616
134.29999999999666,0.007058988174637871,-5.700083934025537e-05,-9.808511522409738,0.0008098724105640709,0.0007031222050970687,-0.000807012429892319
134.39999999999665,0.0018718317538636293,0.011809340781258821,-9.793953299351228,-0.00028801419570028157,0.00095872152012528,0.0007427144135254445
134.49999999999665,0.010416524484742428,0.002473194635102166,-9.81893086049036,0.0011268462904948748,0.00014646076883088256,-0.0006487877025965115
134.59999999999664,-0.0017688223437488106,0.0036798371497900025,-9.812841260608728,-0.0012523011196163677,-0.002022626380789256,-9.408146212448107e-05
134.69999999999663,-0.021962571788900983,0.004056894712476493,-9.813844034276368,-0.0010364735191373702,0.0004532432963023244,-0.001165154612178493
134.79999999999663,0.024230402893126474,0.004976861711180208,-9.806635021782059,0.00021805456944657032,0.0002417354508805456,-0.0010063254597905322
134.89999999999662,0.008386721503499756,-0.01166496144096654,-9.814001915756343,-0.0006743788544065932,-0.00015487810941314324,-0.0007880875704965757
134.99999999999662,-0.013126493890168478,-0.009103980681391139,-9.81754587255249,0.0010672432458348003,0.00016355383279966474,0.001861236273213781
135.0999999999966,-0.01469599216602409,-0.013379434498537098,-9.809908708043556,0.0013422107171813444,-5.785184232366275e-05,-0.0006588897307069145
135.1999999999966,-0.009410223434211848,0.004386252113154755,-9.83250137302332,-0.00045497977595608665,0.0023033241427825096,0.00052817721927363
135.2999999999966,0.0038600292022975173,0.019459785144368337,-9.8297412459785,-0.0017811963912003168,0.000665883898888393,0.0019423273508667512
135.3999999999966,0.0003255394718173416,0.0035063577368111484,-9.801409000863321,0.00022418315303999794,0.00011550290799217027,-0.0009613704985231341
135.4999999999966,0.01521364209910759,-0.006656786558721609,-9.823796748866975,-0.0008769221450059447,0.0006426464121442818,0.0009320276434257528
135.59999999999658,0.007837156280342048,0.006617219306972543,-9.814849622937441,-0.0008305563505077719,-0.0009377748407326321,0.0002582416469227079
135.69999999999658,-0.012565771881367396,-0.007361464041576857,-9.818414850803551,-0.00010802324032780394,-0.000444628695635014,-0.000548907290553778
135.79999999999657,0.005141250885894987,0.015469354000251465,-9.806855482478195,7.455866198749419e-05,-0.00015971973296397161,0.00044263016831333664
135.89999999999657,0.021761661436024805,0.0033820403535826282,-9.808459455959587,0.0013657843317316607,-0.0016565538574285588,-0.0007789845358210671
135.99999999999656,-0.004871515185996701,-0.004554866868535534,-9.809111855868311,0.0018370664515828861,0.00011638412510495012,0.0003656003518745399
136.09999999999656,0.005269129749228977,-0.001338846530960664,-9.815105350797422,0.0008149587484457409,-3.342428233918366e-05,0.00026297476776940547
136.19999999999655,-0.007817692149876262,0.019519607679224456,-9.814458234875673,-0.0011597826013453089,0.00017806710910333941,0.0010738821118755186
136.29999999999654,-0.0014880434699440157,0.0050133563104496634,-9.820749009058828,0.00027103725259076147,0.000154831514439996,5.7535615621424224e-05
136.39999999999654,-0.012022735933461998,-0.007115478737284044,-9.824649508675806,0.0011072617290207032,-0.0013516477282168836,0.0014048167580526486
136.49999999999653,-0.013737217901114039,0.019655871415272128,-9.810710639607457,-0.0028634262239582106,-0.0006664834150030123,-0.0005355190915918196
136.59999999999653,-0.005917192428222424,-0.010256937029823823,-9.79633270451288,-0.0006095496124134981,0.0010824665575930139,-0.00022621385146060882
136.69999999999652,-4.5872188437407406e-05,-0.02043316105670995,-9.807969725998072,-0.0011431724267652586,-0.0015935813428498127,6.770153080629893e-07
136.79999999999652,-0.006476945644500897,0.006339564562222181,-9.801615742030819,-0.0007525156389890449,-0.0018082161892254045,0.0003471578162094856
136.8999999999965,0.0030344262500125365,0.0033510996728682457,-9.79788522147452,-0.0014215370099431187,-0.001201475001175933,-0.000536807037054376
136.9999999999965,-0.0012128151879696688,0.008330605950387735,-9.80214434259952,0.0006624155715259424,-0.0006018464289670434,-3.436124274074694e-05
137.0999999999965,-0.003970057459913587,-0.003183799066129855,-9.800452694534032,-0.0004535200773246996,-0.0005395845486491378,0.000836429412974474
137.1999999999965,-0.014393270609089535,-0.009821095149461018,-9.810029602983263,-0.00044099394151805133,0.00031871662868471575,0.0006821422273341217
137.2999999999965,-0.0013407106939055274,-0.0014150138387331896,-9.797841128052447,0.00039038381837042775,0.0013725616823052269,-0.00048726797142229254
137.39999999999648,0.006800852069427006,0.016332390061549504,-9.81065595210674,-0.0003180973337654825,0.00030845363947220325,-9.349379394680258e-05
137.49999999999648,-0.008908536840211319,-0.008318433184547737,-9.812888345511228,0.00017126500484689847,-0.0006689118714883247,-0.001044919952300417
137.59999999999647,0.01127176227806088,0.0023693634522695857,-9.819618745425178,0.0014469924391529853,-2.489473249680834e-05,-7.840247972471354e-05
137.69999999999646,-0.004939799810300857,-0.010363102965542005,-9.814583652686908,0.0004148032235495289,-0.0011137101426143448,-0.0019748503969373777
137.79999999999646,0.014305672860920307,0.0032153193037236833,-9.805160330958854,-0.0004421880942798704,-0.0018898377077555773,-0.00042333639920052893
137.89999999999645,0.008934857286231774,-0.01859832755999164,-9.80640510312476,-0.0012872329236519315,0.0002464353082291476,0.0009555312586328219
137.99999999999645,0.0020129848462750104,0.00795924148364943,-9.82020246961844,0.00046139109712174566,-0.0001394301871488477,-4.839235265309152e-05
138.09999999999644,0.006926599389159804,0.002487649926365093,-9.805136691842657,0.0005081411486617109,-0.0002987068987980314,0.0005159458337476677
138.19999999999644,0.004887597668734237,0.002066239397885145,-9.803949883559412,-0.001664826495327711,0.0001740435877318725,0.0002956968084499268
138.29999999999643,0.010284520622984936,0.0019223754438403642,-9.80206133449313,0.002525941317709523,0.0004977862922546168,-0.0018638517299919563
138.39999999999642,-0.007473637275031871,0.017000000207695425,-9.808120436366453,-0.0006982771953624417,-0.0003537764296074187,-0.0006390798255182452
138.49999999999642,0.012832437847639882,-0.006252442406183583,-9.80901639472693,0.0004505880879911474,-8.623656273266306e-05,0.0007065787559187709
138.5999999999964,-0.00516338044671075,0.012618120107844629,-9.813617732080326,-9.952771322384444e-05,-0.0014676787262373463,0.0024444132369414837
138.6999999999964,0.0027417428245578054,0.007117430797516294,-9.802389954257636,-0.0004022811188532147,-0.0022705319741296833,0.002103081316262897
138.7999999999964,0.0002723673680185838,-0.01100125173406705,-9.803281958590974,0.0007216312749378194,-0.0019857283036190288,-0.0017149916428145287
138.8999999999964,0.023072520134886223,-0.007239160756526692,-9.806864490942154,0.00021599382972532563,0.00093414957775852,0.0010013168972204745
138.9999999999964,0.002836028199015888,0.008383022720337637,-9.807482588443074,0.0008424847135060017,0.0007265851356501648,0.0014084334866341832
139.09999999999638,0.020130959940940087,-0.025339701961762204,-9.794054818821476,-0.0009857473385909816,0.00019724768772797562,0.00020866824195105532
139.19999999999638,-0.01085436194583589,0.007358479455451378,-9.808858008058795,0.0017863977182529616,0.0003611524180558383,-0.0009831527626104524
139.29999999999637,-0.022327845241213482,0.0034943525314824453,-9.807197707036597,-0.000911947426016734,-0.0005755408213388232,7.824323389001832e-05
139.39999999999637,-0.0015485958170136501,-0.008600189673352864,-9.81168615158984,0.0018769752841779018,0.0008471445400960585,0.0014118549251361764
139.49999999999636,-0.0015363491868701595,-0.005591740843581887,-9.818682278930988,0.0006352018138801168,0.0011339533807276062,0.0004143052165623362
139.59999999999636,-0.007467057255663068,-0.0008603937013200526,-9.792003188437267,0.0001924892228960026,0.0014272815118660878,-0.0013631335151158056
139.69999999999635,-0.008351925928822343,-0.013744465956890344,-9.807646863671685,1.5507465376966095e-05,-0.0017368605852283359,-0.0004976046708051418
139.79999999999634,0.017068992204226485,-0.005424114412968211,-9.799812953883293,0.0005283925343298057,-0.0012680945945238444,0.001755989680846171
139.89999999999634,-0.016364666639858746,0.0005994365791442065,-9.802830357016548,-0.001016014270536107,0.00020951738340284422,0.0016079772177324538
139.99999999999633,-0.006859049281119765,0.008836122744206303,-9.807668962946265,0.00037347104514664104,0.00010455392324547618,-0.0004952289482192232
140.09999999999633,-0.005033147332646365,-0.0057717462489932205,-9.790303730350951,-0.0011927643335278195,-0.001733352057676371,-0.00016541045217485393
140.19999999999632,0.0027217547857557216,-0.0011445923971993423,-9.820229334726282,-9.979989284453897e-05,0.0010992878797311894,0.0012010080342504095
140.29999999999632,0.001259202970619799,0.0121959816051802,-9.822621916382005,0.0016301468495051239,-0.001984299461783854,-0.0004709309027437647
140.3999999999963,-4.375376008311339e-05,-0.016896229249948574,-9.813941946786153,-0.000940266135849836,0.0008401239477058365,-0.0003944217178517141
140.4999999999963,-0.009036505649261187,-0.02225364544787418,-9.818093107454404,0.0012055125636848908,0.0014432139687619839,-0.0006504822211789853
140.5999999999963,0.0031991723324321666,-0.0020000523824803594,-9.819477260496372,-0.0011154309363216825,-0.0007901558353197411,0.0014680741981577036
140.6999999999963,0.00019971506566835752,-0.020107438552339776,-9.798631251186826,0.0008872795334845466,0.0010840691239037482,-0.0008053267445199305
140.7999999999963,-0.0020536255457197063,-0.012804818833691008,-9.801611192710684,0.0008956834772250685,0.0015704144748914458,-0.0017190116300109296
140.89999999999628,0.02151634258142278,0.019042865155558943,-9.81854979114714,-0.0005389323669863699,9.521966571091483e-05,-0.0001561401451879386
140.99999999999628,-0.01690316855373418,0.007325776065816648,-9.796709811615427,0.00042583331077966825,5.449152155263068e-05,-0.0018319332751494555
141.09999999999627,0.010738710838857992,-0.018342880608885625,-9.815560723344959,6.916996431477227e-05,9.522209581594928e-05,-0.00012507205275809455
141.19999999999627,0.0026449108961587625,-0.0051710599613754675,-9.80758564012704,-0.001221689205125736,0.00030560503742585134,0.0006480865588179839
141.29999999999626,0.01611063221387225,0.0004418253059543757,-9.805417486451265,-0.00035943722991460287,-0.0009853790292111018,0.0001215775591469903
141.39999999999625,0.0016800869449789346,-0.007226692510526183,-9.788849795526252,-0.00032480475671207244,0.0004401165245830547,-0.0009614592921274263
141.49999999999625,0.007901587600139579,0.002595278740984925,-9.812806015035784,-6.492498477569666e-07,0.001975865366620555,-0.0007835126846824607
141.59999999999624,0.01726568913984991,-0.009308910951618786,-9.804565082727022,-2.9340506303747344e-05,-0.0002662948133552022,-0.00128561173759826
141.69999999999624,-0.007841130262543015,0.014815730005232246,-9.812740313771636,-0.0009191784868229137,0.00032083215513697695,-0.0009350678985585994
141.79999999999623,0.0177780927692651,0.00830774567786294,-9.804843688458485,0.0011529580768201,0.0007315317709115951,-0.0003277126685437337
141.89999999999623,0.013903408528639758,-0.0022149771431425208,-9.819610278342452,-0.00125300889294688,-0.0007869623304517715,4.0387163031964e-05
141.99999999999622,0.004504387917451581,-0.0009572957338410533,-9.808299762740537,-0.00017093464824444418,0.0017375892334440194,0.0002640615391237819
142.09999999999621,0.022810488674773605,0.017486574409093836,-9.804790375744844,0.001653459856624619,-0.0013641097869437507,0.0007978332512222758
142.1999999999962,0.004040463813629962,0.026252386914790243,-9.804339354747825,0.00024362959776770966,-0.0005596674558942771,-0.000569136418867255
142.2999999999962,0.007185226289907713,0.010981669341173618,-9.806308933074913,-0.0007615318919786987,0.0014940599598749521,-1.2642252814382978e-05
142.3999999999962,0.002554777527263873,-0.014364949186467354,-9.813464902276106,0.00015373341928332337,0.00013797855201317454,0.0006706041405137907
142.4999999999962,0.00871383311875828,-0.020711812899906305,-9.800011061745035,0.0009127012987483462,0.002404226395540456,9.60344764093987e-05
142.5999999999962,0.011158158573986198,-0.006053605203556457,-9.818748576428659,0.0009786332643448208,-0.0007532814045939734,-0.0021909017508508037
142.69999999999618,0.0005572264353700811,-0.0040060320502910834,-9.8157831708913,0.00022092117098776665,-0.0008584785589902392,-0.0010440874199160077
142.79999999999617,0.007417346944384458,-0.000830457227942949,-9.81266367684287,0.0017100902231327827,-0.002413919313029888,-0.0006180183940498406
142.89999999999617,-0.004437858891781105,-0.03325051898309299,-9.807051380225536,-0.00016242893691857262,0.0009990053794181261,0.000653044563194637
142.99999999999616,0.025654064759351506,0.0055709434018070105,-9.804305689727952,-0.00013740960085368626,0.0006001572693498584,0.0002952746550329192
143.09999999999616,-0.009602385360896627,-0.017460051573400092,-9.809036506077065,-1.0274682835084039e-05,0.0011326328113828367,0.0006522900066591215
143.19999999999615,0.0028842653321255636,-0.019452608858364983,-9.797214152459285,8.230121429785751e-06,-0.0004011358490120571,-0.0010450756553411378
143.29999999999615,0.009469413087280967,-0.010472048126169432,-9.802610606870767,-0.0012570170755752106,-0.0005149664083256629,0.0007699496710444498
143.39999999999614,-0.005954933347423425,0.004422446004907682,-9.839387501929476,-0.00015203887764632867,0.0013101446625139656,-0.0007283557496915354
143.49999999999613,-0.0006511124147352043,-0.005119057513689644,-9.809582853170955,-0.0001766538236299521,0.0019497617709499677,-0.0012491231841097003
143.59999999999613,0.017463930335514116,-0.008260940357064263,-9.809571846984488,0.000595801971938178,0.0011707883408136274,-0.0015272698977458969
143.69999999999612,0.008344594503094873,0.0028863828597164277,-9.834360190652259,0.000251849989548715,4.080101458492159e-05,0.0003468050145558378
143.79999999999612,0.014414841709066943,-0.0020532806004986874,-9.787831387908442,-0.000739584778746534,0.0006451797977355373,0.0007024983102134555
143.8999999999961,-0.003452788664555308,-0.006273608964490243,-9.80710827398373,-0.0011250064793461925,-0.00024850761221528376,0.0006878485942999543
143.9999999999961,0.0012381451973339454,0.002056014444356122,-9.785600443644574,-0.0020097473515835874,0.0005558286728053025,0.0013214228995651787
144.0999999999961,0.009123887100388086,-0.01050879738523268,-9.79844242737844,-0.00020765561352664217,-0.00035781226863750416,0.00096517419294399
144.1999999999961,0.018814914253927808,-0.014998840448974537,-9.80740479951281,-0.0006014886319271903,0.0013843565659997174,-0.0007858374922442834
144.2999999999961,-0.0008067261636866108,-0.006718947096275503,-9.825813056471825,9.912039916182996e-05,0.00023150829901471607,0.0003381762099661221
144.39999999999608,-0.016472572064986694,-0.011041845182261176,-9.814548781296509,1.883112214048151e-05,0.0003710295937227173,-0.0002124761764212915
144.49999999999608,-0.00576832936703652,-0.021544756684195133,-9.8120856779639,0.0009241137518791941,-0.00017821354793568268,-0.0014238992566399597
144.59999999999607,-0.006883207340515081,0.0067991953083121285,-9.814126173051998,-0.0011695808427120427,-0.0009290419793020393,0.0005188953187665238
144.69999999999607,0.008532520050135757,-0.0019230240404910905,-9.811082928677695,-0.0007909401048944764,0.0029148377752251644,0.0009665986553010033
144.79999999999606,-6.67863145518984e-05,-0.004645365031328031,-9.82055354172402,0.0003897982149560585,0.00034282177375511964,-0.0003278644684217208
144.89999999999606,-0.003458810008652779,-0.0014950140408920346,-9.78972131293357,-0.00022034220110291348,-0.0004533432987477341,-0.00045247900282729145
144.99999999999605,0.008711482079644508,-0.0019578523533873063,-9.826554113769928,-0.0014544704311556782,-0.00033664301419369827,0.00046616828275616184
145.09999999999604,-0.007265271956440361,-0.015326285973286538,-9.806699792528756,0.0016256971970663092,0.0007809368697513354,0.0012574187669031627
145.19999999999604,-0.00018704049229829834,0.002552847445847813,-9.808603278231146,5.6737491461794725e-05,-0.0013041955262389228,0.00166167761652538
145.29999999999603,-0.00019457195031373484,-0.006418850730356936,-9.812516436685552,-0.0013778117517731247,0.0011949878839943185,-0.00043077429117180735
145.39999999999603,-0.006095860042271611,0.00392735455136955,-9.803516694950416,-0.0003359090133515237,0.0004894246675402053,-0.0002585211087392739
145.49999999999602,-0.005907950035698636,0.013212106505687628,-9.80288296454862,-0.00029620760808596124,0.0021503252146404766,0.0014119414230933274
145.59999999999602,0.008436792392385983,-0.006369506712941512,-9.795309080907725,0.00034519414754478233,0.0005185136802490581,0.0009878752415986606
145.699999999996,0.004887982125982601,0.0067530200574255714,-9.788616418663505,0.00012291935449654245,0.0014808318391076665,-0.0005111782194180427
145.799999999996,0.008319264134298971,-0.005401093407218933,-9.817288243881094,-0.0014596477585222584,0.0012297921040328992,-0.0007074273775312744
145.899999999996,-0.0026212126488834113,0.008591610088715689,-9.799715720804578,-0.0013479678908902661,-0.0006679827815609577,0.0016342847852531394
145.999999999996,-0.004453807938792471,0.007657544133268573,-9.803493008069577,-0.0010171558369592329,0.000640974118147864,0.001648720716206583
146.099999999996,0.009592589142864174,-0.003542935268853745,-9.826288251015097,0.0019717779529085325,-0.0018467392735182818,0.00036527794609765357
146.19999999999598,-0.0026153528001341864,-0.010631787842173763,-9.815916626097922,0.00012160040318116418,-0.0007954099890643853,-2.864279074628718e-05
146.29999999999598,-0.005625044950962206,0.01713927225644693,-9.799193143637373,-0.0008834059526604053,0.000864055215542678,-0.00018305962865526528
146.39999999999597,0.00943323294355426,0.027279928131328207,-9.829445653172082,-0.0006838040611181797,0.0008566644250932399,-0.0001767662029584853
146.49999999999596,-0.01811900197449853,-0.012909226265745796,-9.798447127724476,-0.00027981149559909896,0.0018965814013690253,0.0002045850829295041
146.59999999999596,0.025684285052276063,-0.0024962728353642542,-9.809498467495262,3.3995573937388455e-05,-0.00015417450201898227,0.001915366251279587
146.69999999999595,0.005014721783042181,-0.013580302086498859,-9.803445866730275,0.00018668998096927364,6.8653211971411e-05,3.852416777199328e-05
146.79999999999595,-0.006844483977346639,-0.0008337115868197632,-9.802475758448562,0.00018507006018962508,0.0007021720756450273,0.0017435503205058453
146.89999999999594,-0.0014173495746509768,-0.003503918985361134,-9.811320365858004,-0.0003337639868045983,0.00020360372676325264,-0.0004002396188718363
146.99999999999594,0.004894005797905812,-6.701033517481783e-05,-9.823267486469938,-0.00046273876576870276,0.0014936901307128297,0.0011273794963533848
147.09999999999593,0.00020158991582481546,-8.557171959938225e-05,-9.807881332719772,0.00022694847815455993,0.0010675616306792767,-0.00031327230104745445
147.19999999999592,-0.007580474594309097,0.010117221013445905,-9.797917514417763,-0.0001191807296522022,-0.0008671216427111711,-0.0006043263286759007
147.29999999999592,0.005118910196523214,0.0016045878394388919,-9.817832096339695,0.001059271780323246,-0.0012906220946352959,0.0003740386727307191
147.3999999999959,0.00023072281370793314,0.009942427650759396,-9.804144995765979,0.0010295508797668208,-0.0012266891442686881,0.00017302686061332275
147.4999999999959,0.005138490053642614,0.011756122040307987,-9.809625988618992,-0.002278386630447881,0.00029032180947252944,-0.0002925807048423269
147.5999999999959,0.0026034344079090862,-0.006764919113738228,-9.804735847189434,-0.0012245101317573863,-0.0017592932912921402,-0.0002364104359526683
147.6999999999959,-0.01804878434017018,3.5869827863835534e-05,-9.805077626170128,0.00010985291106148846,0.001342200434064638,0.0008632714328704959
147.7999999999959,0.006212868928322353,0.015966425858502144,-9.809131360179535,-0.0011855437638440265,0.0018916777319463512,0.0004407133698491869
147.89999999999588,-0.017118002691221795,-0.008867130727194274,-9.79915036526366,-0.000558622726006934,0.00015384800694115573,-0.0010216662796948151
147.99999999999588,0.008362816911348601,-0.012646508790821001,-9.817103682817477,-0.00011224011025422609,-7.379549019796954e-05,-0.00020060719573357545
148.09999999999587,0.007163830666912145,-0.00085289308952665,-9.830774162495786,0.002124102815984766,3.657793207984087e-05,0.00043545473355579466
148.19999999999587,0.01646205694765034,0.022101382784683134,-9.812547951504198,-0.00044062317972995603,0.000855515142915586,-0.0018124456814089856
148.29999999999586,0.0007348260467438164,0.004499652175550667,-9.824625294125008,-0.00086346717025569,-0.0001801571616683702,0.0006300311763457282
148.39999999999586,0.0018099009449413141,0.0027867232500514943,-9.819394617077835,0.0009844183153312515,-0.0007579739741443405,-0.0003138518211015292
148.49999999999585,-0.0021128417723618406,-0.016227802665438138,-9.807645339032575,-0.00033306603463702467,0.0010910818299252152,0.0005077381987968997
148.59999999999584,-0.001475458254667027,-0.006459942730217998,-9.801261507891448,-0.00046965210342855205,4.133788617770549e-06,-0.0007101115966904585
148.69999999999584,-0.013278558330456857,-0.0066074939066252825,-9.816264829485455,-0.0004811160033548417,0.0014137793509617054,0.001174464011668705
148.79999999999583,-0.012802772608247855,0.021289822451260015,-9.800003810141792,0.0008300883093818224,-0.0006194986013318297,-0.00043290291910859445
148.89999999999583,0.003404209240482864,-0.004625375159557427,-9.81070833005808,-9.699585418296068e-05,-0.0007045155243802778,-0.00257401331834366
148.99999999999582,-0.0018270665640224507,-0.0008684091334791163,-9.819773248655371,0.0018500915127948098,0.0007652192030117674,-0.001796317627217773
149.09999999999582,-0.008865561985307116,-0.0036299568153031992,-9.792175304716123,0.001398739043759562,-0.00017946824301637892,0.0009169643497493558
149.1999999999958,-0.003566711843523963,0.015076651966352595,-9.798032863105437,-8.105943281772641e-05,0.00035834290118873127,-0.0011413384184095715
149.2999999999958,-0.023662049855907835,0.011713794566974339,-9.812113540961429,0.0008224511644735985,0.0002515066254067299,-0.0004823826278600416
149.3999999999958,0.0012366553352545528,0.010481323290841676,-9.791577696942419,-0.000745653243761746,-0.0007771040490148366,-0.0012345923182677202
149.4999999999958,0.008069810279268052,-0.014869947947989267,-9.804815135211417,0.00221622480395573,0.0007527258095306542,-0.0004434605416126219
149.5999999999958,0.008210841653567455,0.0036936183324727968,-9.816087027464798,0.0013073692892174775,-0.00028194614083102565,0.00029771976981617413
149.69999999999578,-0.014727506063727858,-0.006334446157116907,-9.806889437463532,-0.0016378450331492147,-0.00024713470464257143,-9.939875552454568e-05
149.79999999999578,-0.010911472332888607,0.0018510319152197775,-9.814072004823446,-0.0007765746752073572,0.0012558888078282062,0.0005371401568210472
149.89999999999577,0.0035761821640612357,0.011137399630951249,-9.828025078626645,-0.0002494892150879141,0.0012867333417028622,-0.00026339494864208586
149.99999999999577,0.014774125008345768,0.018769149007110658,-9.81968298407385,0.0013006125974282957,0.00022901678825218715,-0.0006898180716899507
150.09999999999576,0.009606810290283496,-0.001363086114486985,-9.81571123737912,-0.0011241866232977954,0.0009015886026195296,-0.001218880108509055
150.19999999999575,0.01882087753511707,-0.009157088151463232,-9.82254154711774,0.00027845217172375685,-0.0007660699362761727,2.2640987660562337e-05
150.29999999999575,0.004898811665123329,0.005533474690060421,-9.809762736052955,-0.001992208551635065,0.0008398955925363962,0.000564889692676896
150.39999999999574,-0.0084256946818406,0.011894212987303681,-9.802472549306433,-0.0013503098083647476,0.00097863808865751,0.0002259190467743661
150.49999999999574,0.010839890050223183,0.012009720148618053,-9.810773261102343,-0.0008753245978582905,-0.000971783494151267,0.0006933787574063444
150.59999999999573,-0.0025164651610629996,0.002535653685567218,-9.815279317750356,0.0006034340259653095,-0.0006162524989901622,-0.001056552247286471
150.69999999999573,-0.018570139802326167,0.02427935100531925,-9.803446936183013,0.0009476942272408714,-0.0001949809410535746,-0.0008609410261815796
150.79999999999572,-0.0018025904277419959,0.007778654546747046,-9.838165146712333,0.0010816463062103992,-0.00035224872588803874,-0.0005587099160163073
150.8999999999957,-0.005548571640274711,0.032111431685671,-9.796006812351594,0.0005536702024596215,-0.0005978882279549741,0.0001892758764258796
150.9999999999957,-0.012529488607188334,0.0005890850999624055,-9.80210723052894,8.510168056563653e-05,-0.0009253879055103589,0.0008029386523512111
151.0999999999957,0.01254317765873571,-0.0020584900649893764,-9.783961606296351,-0.00031725483374136853,-0.0006933876168924933,-0.0016114092976775
151.1999999999957,-0.006389007224123946,-0.009875311537468573,-9.818836378850348,-0.00023454141179078835,0.0016348509738034745,0.00014958025010059864
151.2999999999957,0.0029861040581588907,-0.0012099767633001557,-9.806746562246312,-0.0018739745133009552,0.001980332164583019,0.0008202231177203913
151.39999999999569,0.020112890169565547,-0.029635230214489067,-9.798287361039344,-0.00018713260890049866,-0.0007023020609627959,0.0003612264731204586
151.49999999999568,-0.014213905116373299,-0.006637065508744744,-9.797689614884591,0.00015400011786130042,-0.0006447553101439985,-0.0011823104583351114
151.59999999999567,0.018544444299046753,-0.017516527158832406,-9.81476640190831,0.0009554576199609251,-0.00074946902378538,0.0008537083183299114
151.69999999999567,0.008296889439689158,-0.007672414851290879,-9.811040859870984,-0.000718390162276488,1.1941886600824236e-05,-0.0008679297543832725
151.79999999999566,0.0032397760755497164,0.0010990302665494138,-9.789756149424239,0.0011934931533866646,-0.0010618253682198454,-0.0012052222366333702
151.89999999999566,-0.007481483071305583,0.005415473331148813,-9.829922459716862,0.0009543773684870077,-0.00038380488446137145,0.0009010540845901221
151.99999999999565,0.006341466686188671,-0.01038436910993914,-9.810775740379095,-0.000524349219851057,0.0011593107738732322,-9.475949400745017e-05
152.09999999999565,0.006022364045481993,-0.0028597401502179227,-9.80433431809801,0.00021322884599110888,0.00024015325253484208,0.00036055451373968097
152.19999999999564,0.0024634836254417447,0.01006361153397131,-9.801491420689407,0.000754728865536164,-0.0005428222538442046,-0.001211607952853761
152.29999999999563,0.010137494850792335,-0.0035770704138128975,-9.799504628312544,-0.001107549125596619,0.0013725605653699868,0.0005884325750820429
152.39999999999563,0.0008967571415229997,-0.013432268990839548,-9.812788086030741,-4.569025084778463e-05,0.0007994115366044081,-0.00010548147481174674
152.49999999999562,9.011545852054784e-05,0.007210919200829644,-9.805203055955129,0.000214124925693771,-0.0012116911318842624,-0.0022630729761575342
152.59999999999562,0.016114038294745777,-0.001027701457474464,-9.814328908278936,0.0021137154382303495,-0.0008376650366786727,0.0009899428166959406
152.6999999999956,-0.008617499238379801,-0.012345341946899844,-9.809753413423781,-0.00027647185600161673,0.0012688042832209128,0.0014499449761105445
152.7999999999956,0.0008818350985896855,-0.014418485921173714,-9.815043575383674,-0.0016226757639322222,-5.0468989883029636e-05,-0.0010410539317752452
152.8999999999956,-0.011300426492376447,-0.006022931474853545,-9.791029672434158,-0.0005536115847763269,-0.00031314141744004885,0.0003807566865596225
152.9999999999956,-0.007525544553215011,0.023585575828383824,-9.787015495539608,0.00033521799771317294,-0.0006594913289954362,-0.0012006731282027156
153.0999999999956,-0.005507530952830613,-0.004697161197540385,-9.804797412278631,0.000315287649860899,-0.001377888913308686,-0.0006731928765545031
153.19999999999558,0.008797928346519586,-0.007012911266631613,-9.8099483634741,-0.0014026987402301807,-0.0004464282325747595,-0.001065955456633854
153.29999999999558,0.0226066311140503,-0.010945755830333182,-9.808306998894514,-0.0007597291885813939,0.0008801457205025919,0.0005475177654223838
153.39999999999557,0.000581957593947843,0.01988974104404617,-9.820645739325258,0.0004155780114106241,-0.002398100219754129,0.0010822568126270368
153.49999999999557,0.01354435612242251,0.002470188834394044,-9.806077786331054,-0.0006203151290949568,0.0010172552690144595,-0.0008398156015348787
153.59999999999556,-0.023669475546072374,0.0009391609106827407,-9.803125496314818,-0.0007480081658350238,0.0009022387766393766,-0.0003645946915092961
153.69999999999555,0.010854145852223279,0.0024375943382885447,-9.80967990674671,0.0011927552014096103,-0.0003633746006483828,0.0006787898290172279
153.79999999999555,-0.004527503633009951,-0.0034809918909751735,-9.80561321650125,-4.9444379989206e-05,-0.0006123558458141493,0.000819176769632084
153.89999999999554,-0.014353361181389508,-0.007004373932618637,-9.810989125367376,-0.0006711147003057025,0.002075483899130844,0.0011188069889208892
153.99999999999554,-0.013311478091776638,0.010749535066176453,-9.803146708565217,-0.0005054140638159678,-0.0004668446653889754,-0.00027385483611976964
154.09999999999553,0.014086375906143839,0.001908985648559437,-9.820433977148525,0.0003213403206291672,-0.00035524364790891374,-0.002287493653388739
154.19999999999553,-0.006335418844741227,0.021807921362134,-9.817657040778242,-0.0015702611265175634,0.0006594592801107024,0.0009472220979915035
154.29999999999552,-0.010657088716749943,0.005811825242463634,-9.807455660192483,-0.0010924444897255012,-0.002248127945201422,-0.0008926847998111858
154.39999999999552,-0.020144763413324888,0.003142974514435075,-9.830140343017877,-0.00042348531045880946,-0.00045043965399650535,0.0015473178834565283
154.4999999999955,0.002148754019050606,0.0059523357001972374,-9.814041355671284,-0.0005254553922885596,-0.0002247260915976113,-0.0003956778143063697
154.5999999999955,0.011124075096121263,0.013891534667884859,-9.802550815259705,-0.0008760005776976774,-0.0005490406143875621,0.0004153681961301015
154.6999999999955,-0.0031249278255318924,0.009635363961943892,-9.819200015237792,0.00034966624197584214,-0.00038147095179499445,-0.001294042456629365
154.7999999999955,-0.0005851917999201878,0.00474475881217272,-9.809055716180636,0.0009128794260093449,-0.00025273782920484883,4.871414208836535e-05
154.8999999999955,0.006464883640555862,0.003096375963882944,-9.809982801422999,0.0005210319144172274,-0.0011656087451528618,0.000494007540291193
154.99999999999548,-0.007995701747409514,0.012271225224037648,-9.804729506634684,0.0007276057623754879,0.0013880062476948616,-0.0002593764146573368
155.09999999999548,-0.0034401909484209742,-0.012761509852965775,-9.813597844211383,-0.0009361454908656344,-0.00013926191249925005,-0.000527127546633736
155.19999999999547,0.0075200986371054546,0.012880917163354709,-9.797466941685066,4.076133029435323e-05,-0.0005259519302192523,0.0002774916855307061
155.29999999999546,-0.01387825475743848,0.0019182007316816505,-9.823212931554771,-0.0007400436760471309,-0.0003598988409619546,0.0021011710517687457
155.39999999999546,-0.0009452730281827292,-0.016382722126954904,-9.800970231149885,0.0020419730500568687,-2.1051284316280736e-05,-0.0007159862680202737
155.49999999999545,-0.013876457339844769,0.0009543091950957301,-9.827556647839707,-0.00038138158479062323,-0.00034075255703153504,-0.00039720101545030214
155.59999999999545,0.0026391546140389142,-0.0015056163318751742,-9.816326495006994,0.0005553555384525132,-0.0005085978919808308,-0.00043646610080165033
155.69999999999544,-0.011867975506725413,-0.0042020692353548035,-9.820039548762985,-0.0009911157455700932,0.0015273792580068012,0.0013284590271724064
155.79999999999544,-0.007172358042066095,-0.01071526414035614,-9.800559036869219,0.0005563367580851067,0.001961803933193448,-0.0010972493859446731
155.89999999999543,0.009001932835275688,0.006914329859219013,-9.817226439296025,0.00013914562180850337,2.0352441631868412e-05,0.0012582491791908533
155.99999999999542,0.0018409493741364383,0.02330373037197302,-9.816848997117994,0.00033204853424782435,-0.0003804293301235048,-0.00032664497799823953
156.09999999999542,-0.016739297417755657,0.002146428093683118,-9.81463255029302,-0.0005055166488267012,-0.000832700391695982,0.0007588883334702663
156.1999999999954,-0.0046534383365756035,0.02569846779724563,-9.813746300157861,-0.000886883575543986,-0.001387457495105882,0.0005557361967530756
156.2999999999954,-0.01949592463496314,-0.010210269194472973,-9.782624474807179,0.0014045382683446472,-0.001061294137185612,-0.0007863147519467756
156.3999999999954,-0.009212175391775502,0.0022146793174217293,-9.819570020242844,-0.0011322398898100966,0.0002769224886552398,0.0015680363513881506
156.4999999999954,-0.004675762038200284,0.006842036452084417,-9.813147314700448,0.0029805947049668714,-5.409504928476278e-05,0.0005543283093246748
156.5999999999954,0.025917138633543734,-0.02139613464896909,-9.81195753909972,0.0004954445543450682,0.0007119385642524763,-0.0008252854580963364
156.69999999999538,0.010813948005140413,-0.011040297906711087,-9.819835492538115,0.00046843622527713595,-0.0011471452204612573,-0.0009867496082162795
156.79999999999538,0.007616008018091766,0.013383056190537713,-9.809872351596805,-0.0009803697699437026,-0.00023181159283756155,-0.0004901090907767336
156.89999999999537,-8.765897507695571e-05,0.005255541369061693,-9.802584795054651,0.00030698801352521844,0.0012690716408134289,0.00012738054336510689
156.99999999999537,-0.012202872360401656,-0.0037007919337053853,-9.799016061699271,-7.789871950854232e-05,0.001104666156404523,-0.0014732772509853532
157.09999999999536,-0.008034391082924893,0.013464036728133226,-9.802675576365639,-0.0005163561134447177,-0.0011187238176302607,-1.6449559475220539
157.19999999999536,-0.0032932235483962443,0.010202378762538458,-9.81097782270944,-0.0012879746190869385,-0.00019129975412726812,0.0014548349405695874
157.29999999999535,0.0003826961545940858,0.02251990334706067,-9.803479161807143,-0.001077078366110798,0.0011717895577269238,-0.001217813699600013
157.39999999999534,-0.008974166658807084,-0.00395055118798147,-9.815670834761258,0.00020409952638870846,0.0007529660426337653,0.0009240855046786871
157.49999999999534,0.0027599088805359646,-0.004743155209964475,-9.834700418007019,-0.000979566072280695,6.076542987650318e-05,0.0007195180878172031
157.59999999999533,0.014669550055045132,-0.008331918052810295,-9.7940953359392,-0.000267868534969371,-0.0013893859199585884,-0.0012738182133893038
157.69999999999533,-0.0056634741306941,-0.006161703258751159,-9.816245455216118,0.0008302268705078312,0.000503059882423022,0.0003776362096929029
157.79999999999532,-0.004933894873934306,-0.0008704740403457428,-9.8128562059017,7.618543539556578e-05,-0.0008842191269951406,-0.0016711452894390578
157.89999999999532,-0.0037201154342186016,0.003366595013971912,-9.796048301988522,-0.0008884354977187079,-0.0009115364816915103,0.00035177006343055324
157.9999999999953,0.00446925773601593,0.007905014024242419,-9.822019086634832,0.0004930947394753431,0.0007248670209211789,0.0001867501188728615
158.0999999999953,-0.009490867690574386,0.0020236776565491096,-9.805163947966308,0.0001495704868517629,0.00015710119002252727,0.0005053290186522885
158.1999999999953,0.0017052755425697034,-0.0024600831996003302,-9.801973498224129,0.0004569141341828854,-0.0002866015256224665,0.001349080149562425
158.2999999999953,-0.0032576605368851565,0.006552724049972406,-9.791446151718365,-5.458210614609055e-05,-0.00014076420009729435,-0.0006825574252034082
158.3999999999953,0.016801263773972626,-0.01305385535697901,-9.812286801664506,-0.0002566937543570787,0.0004743858789715658,0.00022109223401500756
158.49999999999528,-0.011205808346612505,0.007615103404836913,-9.813191270298118,0.0007885963444237156,0.0013017121050922656,0.0006107234962504757
158.59999999999528,0.007837073395288626,-0.001394013109568461,-9.814280764506856,-7.646790997593133e-05,0.0006485777805104059,-0.0003734632704664631
158.69999999999527,0.00272829976431553,-0.001423353691459252,-9.79489971736127,-0.0024343621517382143,0.0004330744714411973,0.00010783024472077662
158.79999999999526,-0.0065397451374535065,-0.0005210898831690121,-9.811854303081692,-0.0015629518676977844,0.00015361649236389052,-1.8585464854715036e-05
158.89999999999526,0.006671964734818796,-0.013521563685340321,-9.8119543557841,-0.001012808558031915,0.0005115664369465138,0.0003608502437499929
158.99999999999525,-0.014005214527274018,0.020358375173458874,-9.8079295073326,-0.00025282951041292676,0.0012833151886834733,-0.001681168099313622
159.09999999999525,-0.010715194646230107,-0.005425316120377197,-9.806171958915355,0.0001951741007526994,0.0009024633976712788,-0.0007966774618068893
159.19999999999524,-0.010774823508311531,0.005024758153856038,-9.820077375645651,0.0005082292264519918,0.0015503315283670101,-0.00013627042576537816
159.29999999999524,0.005487056921946381,-0.0063074873208412196,-9.815419285108153,-0.0014840369426362902,0.000607590578036703,4.540626627862019e-05
159.39999999999523,0.0025055799834180696,0.0014672204777097006,-9.81125861683565,-0.00019193153245701373,-0.00035938245569138686,0.0003254090175997281
159.49999999999523,-0.005633954356420551,-0.0033605338086319047,-9.812258204205248,5.8499512700411236e-05,0.0004783628381171344,-0.00010723091575963131
159.59999999999522,0.0033024163548394624,0.002975851878193553,-9.800793840895256,-0.0006722295521142762,0.0001725097486681943,0.0006566158932929002
159.6999999999952,0.004187922733529545,-0.013944700456351185,-9.814739393907969,0.0007066069952690751,-0.000763538596087495,-0.0020755210022609335
159.7999999999952,-0.008311375724163204,0.019253537631282555,-9.799006780893452,-0.0005125372699864098,0.0004516398551675996,-0.0004012580753366485
159.8999999999952,0.0020792510986390985,-0.006529788596697572,-9.79810622121412,-0.0017206386824858179,-0.0007583463215627863,-0.000567734549782759
159.9999999999952,0.00676822446969813,-0.008203146600313162,-9.80433513666552,4.3294506272774276e-05,-0.0003031725519099308,-0.0006321725488626621
160.0999999999952,-0.004491223940593022,-0.006474025483646415,-9.806918950604212,-0.0009360619173370242,0.0011855787589242289,0.0009330547208852479
160.19999999999519,0.014426968180605017,0.013764185731514271,-9.797355248210353,0.000149084518370831,-0.00042298171789684387,-0.00020144567722010787
160.29999999999518,-0.006320902667371401,-0.0013570554421462337,-9.822189601381154,7.00545450693523e-05,0.00046827977674111066,-0.000390983637686005
160.39999999999517,0.0022220220837980927,0.008429554680238174,-9.81405528796826,-0.0008355698350343654,-0.0016507786406739003,0.00012958827301046133
160.49999999999517,0.010153754643062696,-0.013276312380523044,-9.80366387824121,0.0009211721279005125,0.0011216894970258748,0.00040510432061027904
160.59999999999516,-0.004476573904017315,-0.019298002315977777,-9.82565979603419,-0.0003781632777669226,0.00016208155252712,-0.00118196973150877
160.69999999999516,-0.007198909769200051,-0.009809307192494865,-9.806021774473054,0.0012166133548990802,0.0018692894149488016,-0.0018271353517490669
160.79999999999515,0.009417335375987297,-0.014283912255588713,-9.797461057540982,0.0015333936177453114,0.0016347680002524426,0.00035733129237542434
160.89999999999515,-0.004364071327031425,0.011456686921238022,-9.839824548879527,-0.00144987338081236,0.0010541730364953662,-0.0012312736668217057
160.99999999999514,0.014100240630719008,0.0034053999723501404,-9.829918017303273,9.637257494979699e-05,0.0003737303326977846,0.0011927870435882765
161.09999999999513,-0.001742870714729772,0.010723297914090083,-9.7937679246788,-0.0001839113615219181,0.0004509612740215008,0.0005197121286479557
161.19999999999513,0.002937461009441162,-0.0009910015705439958,-9.805780981675094,0.00028072760575362053,-0.0003150713368698797,-0.00019782920367423032
161.29999999999512,-0.013772722169154096,-0.019291750489623373,-9.81879781566914,-0.0012917072060135188,0.0001691859847368551,-0.00013485146777589337
161.39999999999512,-0.020960589332005956,-0.00866794254314363,-9.811544924289464,-0.0002957444881375246,3.427287934883512e-05,-0.0001483575805170915
161.4999999999951,0.006219109083605949,0.008476608295133558,-9.797756776082734,-0.0001940277106373663,-5.20693695782863e-05,-0.0004951295804717574
161.5999999999951,0.007681624746413196,0.0012046744689994256,-9.81396571700387,0.0012008200752636126,-0.000534591468857548,-0.0004948236556502939
161.6999999999951,0.019364629610739613,0.0012217359272099265,-9.811133708944878,-0.00021544367347640778,0.00024893291308838604,-4.497117359010557e-06
161.7999999999951,0.020374719062994373,-0.008593408195211273,-9.808061404948056,0.0008280555243614197,-0.0008403988513435796,-5.3317751638103176e-05
161.8999999999951,0.0053487953465140275,-0.0030678998925293493,-9.805203734698068,-0.0005587621817728042,0.0023442110187036837,-0.0010423986042074806
161.99999999999508,-0.013892693663370577,-0.0027430662543383765,-9.820154379393355,-0.00032706681813121164,-8.03397493826365e-05,-0.00044268074661358783
162.09999999999508,0.003632350133285682,0.0016419244066656683,-9.812224326413912,-0.0007571016478562559,-0.0005313666728613556,0.0009656425045240383
162.19999999999507,-0.0135671299969692,-0.015560353796593847,-9.814260513059093,0.0003675293582087646,-0.00047310733556108555,0.0008659462901023473
162.29999999999507,-0.0008376429140687471,0.012023673095179016,-9.80342525065897,0.0006844869794881194,-0.00018901398725449105,-3.0396824811950827e-05
162.39999999999506,0.029297723246041157,0.007399873328983353,-9.805977733461841,-0.00031177992151654166,-0.001043915543269591,-0.00016051379372449576
162.49999999999505,-0.01654661878987258,0.0020238223335611793,-9.811308952815804,0.0014485408418608702,-0.0009285527721305975,-0.0010110795117654976
162.59999999999505,-0.01469765922356399,0.0028306523548127295,-9.799378370999152,-2.1150144425006743e-05,-0.00045105074702866184,-0.000519284892746465
162.69999999999504,-0.00858085191950582,-0.004475257085927341,-9.826275680356112,0.0007268583753745148,-0.0005237312265809937,0.001060581732187044
162.79999999999504,0.006993895409548493,0.003398888921683311,-9.81931290761978,-0.000779423474888043,-0.0012353769213782084,-0.0025217665030785124
162.89999999999503,-0.007470660724240351,-0.0024266026653130966,-9.805462527426869,0.00026083362181423853,0.0017512475362631069,-0.0001233967990042119
162.99999999999503,0.0014173375897778143,0.005126976267153574,-9.811563534080555,-0.0011105429424675885,0.0009317996394602004,9.280451445347022e-05
163.09999999999502,-0.010439829276774075,-0.01600047150332741,-9.807535118439885,-0.00047751688200541796,0.0004486055433635958,-0.0009699152658755173
163.19999999999501,-0.0026778314519559734,0.003280328755772874,-9.831525843074019,-0.00033521563246139736,-0.00025232723718987543,0.0013057595995158691
163.299999999995,0.0044152481976235,-0.0012793413399460021,-9.80115814705018,-0.0005033312945883578,0.0008194283244056423,-0.0005884267136793685
163.399999999995,-0.005468181955088253,0.007896032054663308,-9.797964151539917,0.0003349619645399774,-0.00019522475296532017,0.0010353622126966849
163.499999999995,-0.0020334734213699147,0.005446121911096404,-9.812750002647071,-0.0014352884948955155,0.0003985378779383588,8.990203636088289e-05
163.599999999995,-0.004658441019442675,0.02271281656794583,-9.803254188633677,0.0005883011012415794,-7.733918144710819e-05,-0.00027461068750317814
163.699999999995,0.006779751503735621,0.0012201878569982252,-9.817768622999955,-0.001641880155396919,0.0008687955936119142,-0.0006926223891449689
163.79999999999498,0.0017087899235185184,-0.021129618636623448,-9.810374107000383,-0.001245092616357588,-0.0005532865757679732,-0.0008510694640311301
163.89999999999498,0.01214687953722137,-0.003744150771675101,-9.824661002405577,0.0004977212443693917,-0.001502538885312436,-5.1237305690208644e-05
163.99999999999497,0.021055384988925573,-0.003658836000153568,-9.803139052914041,0.0007125510268487363,-0.000976112844568026,-0.0011668675728659427
164.09999999999496,-0.002300394464666564,-0.0002661506623032589,-9.800692957493286,-0.0004552023042779673,-0.0005638300836314535,7.698668562546407e-05
164.19999999999496,0.00543620795220678,-0.0007034128228846151,-9.79456515909559,-0.0017794558304757536,0.0003910974846107314,-8.792626351973495e-05
164.29999999999495,0.004467091779515087,0.003861695878601569,-9.816688583864236,-0.001194521389364031,-0.00018805239229382817,-0.000470229738611316
164.39999999999495,0.013816116143267254,0.00471655828238685,-9.827003688204666,-2.697680307781581e-05,-0.00044540750721757186,0.00011084101345103531
164.49999999999494,-0.0030755737219740125,0.012530759548467699,-9.817338369569105,0.001248330121214724,-0.0004264676979755909,0.000835642125181166
164.59999999999494,0.016064574549634496,0.0096810596263152,-9.81636375334858,0.00025477886466692323,-0.0003901646529979652,-0.001970674078797453
164.69999999999493,-0.01045514411521342,0.010808048756410305,-9.794847062237627,-0.00046043381555376217,-0.00029026748629363115,0.0010449521111248513
164.79999999999492,-0.0012755026436884244,-0.003735995143438877,-9.805379199044516,-6.78572807723804e-05,0.0006213849431439134,-0.00042216356971749207
164.89999999999492,-0.010043635618229348,-0.008086411125588845,-9.806724027234479,-0.0005915271759882935,-0.0005705311522757165,0.00020794605396401195
164.9999999999949,0.0034000006035674567,-0.008812139992388479,-9.797567196571173,0.0005645845967085964,0.0005556353374321619,0.00023806441026189256
165.0999999999949,-0.004443129017026608,0.008742007586339407,-9.8246884132323,-0.0011904984834983606,-0.0010538635261572063,-0.001193033394435228
165.1999999999949,-0.010272535217683185,0.003812969174546288,-9.808096359359016,-0.0007711371293172505,0.0017626474484340967,9.98550985161598e-05
165.2999999999949,0.0012390014153366212,-0.005188690081499927,-9.814187770933454,0.0013867612511789607,0.0016563582576750657,-3.5182635901013686e-05
165.3999999999949,-0.004234942144994296,0.006688450027832273,-9.813410077965282,0.0007064343092860863,-0.0005855167605321747,3.226079862417921e-05
165.49999999999488,-0.01533956691343684,-0.003656883009548602,-9.817863956576968,-8.060486351519444e-05,-0.0003164273228094616,-0.0006550488097668313
165.59999999999488,0.001864226950963341,-0.011982398619274456,-9.812732179342799,0.0010706972936674799,0.0006950676565214434,7.027358106199467e-05
165.69999999999487,0.0030797883285105165,-0.023969620582350575,-9.79523559749937,-0.0007375645980376149,-0.0009875697368871802,0.0019859255760183085
165.79999999999487,-0.0035753430034727867,0.004156203585023709,-9.787537393063529,-0.0011829250076572477,-0.000647947840355037,-2.2170313675214658e-06
165.89999999999486,0.015466493822594086,0.004882343077872558,-9.799800822137804,0.0012951900499077486,-0.00019463783498605792,0.0002624794811543441
165.99999999999486,0.00873043695168271,0.0015379206659412554,-9.81250240004383,-0.0004864064997028564,-0.0005481462337549723,0.001374949233909836
166.09999999999485,0.012054247521736502,0.0035618943715325824,-9.795449820989589,-0.0015649836658756266,2.599370631630134e-05,-0.0005423887857434994
166.19999999999484,0.004865090533118365,-0.005214649064048821,-9.792817516478157,-0.0010997189551164512,0.001417981414646852,0.00025827016391877087
166.29999999999484,-0.021887713074704877,-7.693765146229222e-05,-9.793670788328358,-0.00011277127787288641,0.0009134143370769393,-0.0006208899363483445
166.39999999999483,0.006400820151979209,0.015061267166027154,-9.804039207602928,-0.00020526487568586256,0.0014678367969609498,0.0004647543414463936
166.49999999999483,0.009746697278670662,-0.008657532958441164,-9.808868666945717,-0.0021955377119519453,-0.0014983835534548194,3.027812515675108e-06
166.59999999999482,0.0003544146614534959,0.009645129564072142,-9.791862806053803,0.0012766094905498784,0.0015020600384771548,-0.0008936060371239913
166.69999999999482,-0.014413158667374247,-0.007548060014944029,-9.79949494575155,0.00045786889770437633,-0.002034040426264888,-0.00014788144271336853
166.7999999999948,-0.005265823644190018,-0.005961627993921779,-9.816484563217914,0.0004014038497732908,-0.0010251399862852813,-0.00015437253474878435
166.8999999999948,-0.014625721852213738,0.007923134835745409,-9.822827694091048,-0.0007741997645462213,-0.0011965307819363899,-0.000200047550841621
166.9999999999948,-0.0009389746572899933,0.016599073933398236,-9.81410776446419,-0.0001805897077484536,-0.00011111488336914017,-0.00083013818875283
167.0999999999948,-0.013715226996826368,0.01728943911785373,-9.81565314971741,0.0009268552713360529,0.0017455893169076903,-0.00025848286593515077
167.1999999999948,0.0008771160312686872,-0.002593899357047132,-9.819255198182448,-0.0003060259518695792,-0.0005835798962675003,0.00021638378624993918
167.29999999999478,0.02379853412832143,-0.003528590420785113,-9.819264559354746,-0.0023113178431719383,0.0016597859048119252,-0.00040825101303570635
167.39999999999478,-0.012374829614906607,-0.01738787851789257,-9.826765171559174,0.0010076188317740126,-0.0005939635315190276,7.724076377319114e-05
167.49999999999477,-0.009967251075305293,-0.010352796656075618,-9.787669874454306,0.0008186694781781019,0.00045299509588822616,-0.0011705154077919758
167.59999999999476,0.0045531132947308805,0.004478656179731579,-9.805033002194293,-0.0017665639133883466,-0.0012448933681121677,-0.001466335013198299
167.69999999999476,-0.01681201135274612,0.02554668616826475,-9.80856991489541,0.002113687506552967,0.0007135293310741704,0.0017832786571662183
167.79999999999475,0.002727344110217588,0.0022728781389416155,-9.809049933735267,0.0006306401786242139,-5.679849134894187e-05,-0.0011096818778627638
167.89999999999475,0.005457677215490997,0.01146978745650818,-9.799870401861815,-0.0008013902316784921,-0.0002331300985385712,0.0004317603614830883
167.99999999999474,0.0006674518017450315,-0.004170706416364868,-9.792661705159894,-0.0005867411776546098,-0.00032398043962537394,0.0003509128399530183
168.09999999999474,-0.0062444014603112346,0.004445049195724935,-9.805847754455195,-0.0005082878855676378,0.0012055115038553529,-0.000520829199702896
168.19999999999473,0.008576565675021582,-0.0003814942340738243,-9.802468838794036,0.0006029212010528334,-0.001975495170949084,0.00033584150179771235
168.29999999999472,0.017438107559691957,0.0005923418896781044,-9.807231646405057,0.002673433561634816,0.0011353063103587242,-0.0009538836937196703
168.39999999999472,-0.00965164524739182,0.0046379140916745915,-9.790903013985865,-0.0017321142330780127,0.0005274353814394541,0.0003717440568930558
168.4999999999947,0.005155907692451999,-0.020779642088503546,-9.808560648383933,0.00048469761645048194,0.001286979685384513,-0.0018344205308567646
168.5999999999947,0.0058207391191709736,-0.005189899298012069,-9.805078436590945,0.000499306440558399,-0.00047108555733842855,0.0008422522714438368
168.6999999999947,-0.02929041978056914,-0.0075505959850920516,-9.797577848872397,0.0009950407206409304,-0.002547791201861699,0.002094896598205911
168.7999999999947,0.015122783968971059,-0.014238295895477605,-9.811070991652821,0.001926858425031933,0.00020569731662868819,0.0008477193634920661
168.8999999999947,0.0008512073655386928,-0.006306610416814906,-9.818306929540737,0.00036233602612939535,0.0003129610887057563,-0.0012160431596899353
168.99999999999469,-0.0031922183430766124,-0.000627220211192624,-9.809960312618982,0.0026471843405193123,2.8780469643683574e-05,0.0012891301505966058
169.09999999999468,0.010118831012659904,0.011350710689468814,-9.817893473246924,-0.00046414664995989615,0.00040107438632453683,0.0008489111645669337
169.19999999999467,0.0018412537640654278,-0.009006086667569507,-9.795330369741109,0.0019904540232470094,-0.0021612773485458247,-0.0002979653478985031
169.29999999999467,0.006233650323658321,0.01259097547093099,-9.8151643530493,0.0008661355377847011,0.0003707163991483139,-0.00033769414586500436
169.39999999999466,-0.010733657794095337,-0.004271091010803875,-9.803444345330064,-0.0013564564417709892,0.0002843469505498377,0.0005867981599803463
169.49999999999466,-0.004518509813051714,-0.0011915489621495488,-9.809269575154902,-0.0015252940665864364,-0.000686527323756259,-0.0009642626576246166
169.59999999999465,0.01155123176162646,-0.013449226683214187,-9.805632713332745,0.00010231758937429612,-0.0014027661115478662,0.0020223753424530497
169.69999999999465,0.012695761873305187,-0.0062279525545689655,-9.788723329357213,0.0010273686066283939,-6.556290448438498e-05,0.001012745376732101
169.79999999999464,-0.0024462359687527934,0.0022938422211736375,-9.782699511456334,0.0011693634882747488,-0.0011746015111056113,-0.0015373163269804281
169.89999999999463,0.005096182978132051,0.018276506134039024,-9.814377432389707,0.001805748207322723,0.0020046976393420183,0.00014647690161071739
169.99999999999463,0.0171937022475158,-0.0008116377367445248,-9.808402283812072,0.0008505043136003028,0.000148632048134738,-0.0011538152955536025
170.09999999999462,0.0023629992852659287,0.0010595785775469773,-9.809161863390349,0.0002466059834955138,-0.0026063503676630206,-0.000679629008147227
170.19999999999462,0.005920390782103732,-0.0070045617019665815,-9.809186978628277,0.0008102102825365376,-0.0013328849015415542,0.0011917022499756107
170.2999999999946,-0.005054487510591155,-0.004972852301736301,-9.817889969583062,-0.001531243325021381,-0.0007091004616060099,0.000229312107114218
170.3999999999946,-0.007232010422260794,-0.0057888165778367815,-9.815718385761347,-0.0009757593566424031,0.0009240816896796093,-0.0006929167993559137
170.4999999999946,-0.009127332410124957,3.150528380041912e-05,-9.818850228612822,0.0015024288342094063,6.660701937321379e-05,0.0007301902326513578
170.5999999999946,-0.0028221539636533043,0.015080884504143178,-9.824617989331328,-0.00020630498895903284,-0.0013202838214109616,-0.0002583259078094181
170.6999999999946,-0.002516086487419576,-0.0032030597381278543,-9.814324373359073,-0.0007031893941563961,-0.0022517662766775117,-0.00045165483565752214
170.79999999999458,-0.017505944725538722,-0.007851808345191594,-9.809298084919504,0.002598105647789101,-0.002225184966508968,-0.0005471066504972693
170.89999999999458,-0.005716372995271978,0.005864630129184363,-9.804892157757907,-0.00040253657325299515,-0.00035857874648523866,-9.715406600712888e-05
170.99999999999457,-0.01292350916001109,-0.008986409793590678,-9.811891466860704,0.0006174433041547271,-0.0020240998252670232,-0.001138889330850336
171.09999999999457,0.0013089460465418935,-0.007569689291287075,-9.817402205021073,-0.001656949420537547,-0.0004519907820848961,-0.0017229186732329834
171.19999999999456,0.0080699422052243,-0.003999339363417651,-9.79482069024787,-0.0007416945511204194,-0.0006021938371989649,0.0007989550221713002
171.29999999999455,0.010012658719124214,-0.009135814122910793,-9.790694676260237,-0.00016134943517918536,0.00039043980547931044,-0.0009780391949690587
171.39999999999455,-0.011319010273729542,-0.014839585863110896,-9.80956363392507,-0.0005980068269549572,-0.00025254273460381704,-0.00017309874474840832
171.49999999999454,0.017522911257347548,0.008336680371302686,-9.799553863027302,0.0014467461338348354,0.00022904977018492652,-0.0004882566044523713
171.59999999999454,-0.0005004162381958,-0.010482601811899504,-9.811961039764977,-0.00017208549237927723,-0.0004900846662174805,0.0021275872965844803
171.69999999999453,-0.009272290022235865,0.002065597158805996,-9.817143632291753,-0.0005058164011424403,0.0006220295183753438,-0.001099327202865337
171.79999999999453,0.004019783929918904,-0.002496783061013571,-9.810575207845577,-0.0007151915381608929,-0.0023303537197009627,0.0012350479533306345
171.89999999999452,-0.002709224483255373,0.007931714654264392,-9.812937991173976,-0.00045616349724694516,-0.0003060267457744395,0.00020470282013405837
171.99999999999451,-0.009807016741066736,-0.01685699573255299,-9.81359361977211,-0.00265351707873093,-0.00027785844006301714,-0.00021767676202665316
172.0999999999945,-0.01154804870980798,-0.016150130285622497,-9.81670963941736,0.0024969624336877573,9.086838015710104e-05,0.00031559471118688113
172.1999999999945,0.012458465542606495,-0.0043922712825541655,-9.81652321049718,-0.0008359531474097256,-0.0013092720010262951,-0.0008563174489042171
172.2999999999945,0.01825431396925722,0.00728803865690859,-9.809807930646345,0.0004906916730190904,0.0018787051332325073,-0.0006119587525480659
172.3999999999945,0.008376154281490902,0.009314689231140575,-9.80823274541443,-0.0004489940526016155,-0.00014423729295214954,-0.0003205980042377298
172.4999999999945,-0.002293734286658447,-0.019883376581811045,-9.82655563897318,0.0006912606853708364,0.0002309837862289027,-0.0009302234399541189
172.59999999999448,0.011037220242913233,-0.01768028186609984,-9.823573187127355,0.0005484992587485592,0.000329331924195088,-6.770653971915616e-05
172.69999999999447,0.006115651095657477,-0.011886972706693602,-9.80553363296249,0.001103724836738348,-0.0005621280788960448,-0.0002633933787082968
172.79999999999447,-0.015867235549168017,-0.0013577069681508331,-9.809308270327133,-0.0007582041103282832,-0.0011422798200638,-0.00014510796280602241
172.89999999999446,0.0015026920944042291,0.005509384160373248,-9.800736301658457,0.0008058162797059541,0.0009306010198255834,-0.000220724798001496
172.99999999999446,0.009403386172704939,-8.489690100313169e-05,-9.814019219433643,-0.0016777306435191725,-0.0006330060353517576,-0.0013562875574572484
173.09999999999445,0.0004076539855488949,-0.0009987909415701847,-9.810232320886826,-0.00022823767396688185,0.00012789323016319334,-0.0007720720793188349
173.19999999999445,0.013347667353631992,-0.009233021868421181,-9.81530654219579,-0.0017386252947774066,0.00029546749023281544,-0.00020909014158986114
173.29999999999444,-0.0029796937617768814,0.006053127252070775,-9.791427094907705,0.0007722227175970655,-0.00017831450694418252,0.001504359065665243
173.39999999999444,0.0034325068397771997,0.02615279934547885,-9.802282709021288,-0.00019235134865559214,-0.0006349609386456336,-0.0006724990396087811
173.49999999999443,0.00929612371929632,0.016638297363302305,-9.799984083812861,0.0010114570831512065,-0.0006758732124410393,0.0009359003471632801
173.59999999999442,-0.002790007878239778,0.01717852121456824,-9.80434616458543,0.000602508831482786,-0.001059271793146148,-0.00029696089898594295
173.69999999999442,0.00414953204194107,-0.00811098768612628,-9.811526862895795,-0.0005218143815257553,-0.00011186984532664039,0.0006853733002306902
173.7999999999944,-0.007837489339067825,0.008543448956624324,-9.824479044579732,-1.1006545067993891e-05,-3.6405716627320204e-05,-0.0005332302167658271
173.8999999999944,0.0082697636189957,-0.0018610545287584702,-9.82466630545624,0.0012638976007046474,-0.000950519903599872,0.0007315584650732309
173.9999999999944,-0.001987177976779436,0.012905882831928043,-9.812731701993012,0.0006203636389794302,0.0012874941799990158,-0.001226973982008984
174.0999999999944,0.012052112563525813,-0.007913867601908856,-9.806278714308302,-0.0005669630855715611,0.00046018801244577807,-0.00037375166608660684
174.1999999999944,0.015417106332622067,-0.011991738561908305,-9.810706376216869,0.001431596934233116,0.00031139362387007754,-0.00022882038560123464
174.29999999999438,-0.001899722763672029,-0.00023162031442003822,-9.821341070062056,-0.002787673861133148,-0.0008608790185360163,0.0003666260305037981
174.39999999999438,-0.0002873649307276879,-0.003432399597987916,-9.83142300876099,-0.0001787281439441212,0.0011646871722193748,-0.0011422946900345636
174.49999999999437,-0.014610812705532075,0.0017610572546189114,-9.798138117730343,-3.376312887526052e-05,-0.0009549465832731286,0.0011564158383564184
174.59999999999437,-0.013771703162902835,-0.0035791431944342212,-9.805779557469922,-0.0003584221733871404,0.0014911721463621466,0.0008215401630693468
174.69999999999436,-0.006422327228874264,0.0038107123251977498,-9.804359812331583,9.834722633274138e-05,-0.00026178242353310064,-0.001928799721138785
174.79999999999436,0.00822318715674931,-0.008431712602350892,-9.825277614017988,-0.0007812176478137805,-0.00022872671499955067,2.2572838483549797e-05
174.89999999999435,0.006734247364149545,0.0017675200487819152,-9.808938622880701,-0.0005796792529385123,-2.2321648084843212e-05,0.000267498357979924
174.99999999999434,0.00526032123849399,-0.010632519328820911,-9.819352017856533,0.000848524248287144,-0.0008581767681915341,0.0003754503965957946
175.09999999999434,-0.0014403689146321947,0.0029118302450351014,-9.810002492157476,0.0015448481050332709,-0.0002771560665876528,0.0006619740150195529
175.19999999999433,-0.02952111135057576,0.007187638861077472,-9.804948964648126,0.001267952086631954,0.00011834568687581612,-0.001782921287778729
175.29999999999433,-0.00277220282702301,-0.011201588636831185,-9.819541826207765,0.0008959304255887992,-0.0002346565281660001,-0.0009881539320126544
175.39999999999432,0.0025558856930300872,-0.015668739647876587,-9.806348954658828,-0.0012203197723060979,-0.0005032360492981133,-0.0009510582719747184
175.49999999999432,0.019174013560941557,0.009638274332820836,-9.835378311185998,-0.0005537839469112494,-0.0001425314156569107,0.0012525441684269416
175.5999999999943,0.006871685690412056,0.006910677948061145,-9.81548181412449,-0.0004139594912711047,-0.0006184836484236318,0.0007114516716327405
175.6999999999943,-0.011215690148753087,-0.01189824953603341,-9.808309761873643,0.001735947689283579,0.0006359250746270686,-0.0008783693954058357
175.7999999999943,0.011016094311805853,0.001868003348094097,-9.789346485693883,0.0018313957049610474,-0.0004310967641602977,-0.0013184671736885848
175.8999999999943,-0.026790884739252216,0.006044622822056517,-9.823068856496757,-7.573967797957266e-05,-0.00042420757473764833,0.0012455939944242562
175.9999999999943,0.004083364759527831,0.010237140715077291,-9.797497132862354,0.0008056541354810328,0.0003690385382526702,0.0007190427750469497
176.09999999999428,-0.008084428109260595,-0.004331339733176558,-9.808939760670842,-0.00037829987723327074,0.001437919519189574,-0.0007914403103027827
176.19999999999428,-0.00799690821101831,0.008759940527426964,-9.808995291447985,-0.0008758366489550344,0.0006739134382671156,-0.00028984094748999047
176.29999999999427,-0.014966095212609424,0.014529342632925471,-9.824987860988262,0.002000050657205755,0.0008903557773125919,0.0007248757672069579
176.39999999999426,-0.006344315416980403,-0.02065188069296316,-9.803485518020587,-0.0011260642056680253,-0.0009843176587929464,-0.0006572102158473687
176.49999999999426,0.010417920376579062,0.006195661814424725,-9.823179196017971,-0.0021217490974196605,0.0010993719144437324,-0.0022454925633735483
176.59999999999425,-0.006278050441243219,0.0038425437750486697,-9.823207448765517,-0.0006025553842984036,0.0006326411399025842,0.0015800185935734398
176.69999999999425,-0.022612627045490195,-0.010570336829753064,-9.813394557800551,-0.00020318695144608536,-0.0004979866593010218,-0.0013676154573228315
176.79999999999424,-0.009249634181694466,-0.01025937603289304,-9.818048698473397,-0.0003209401615715403,-0.00024558351927408284,-0.00021271753969959495
176.89999999999424,-0.0007504015544304163,0.027849712372299155,-9.816913976602196,-9.543535484872503e-05,1.7814442317137418e-05,-4.158976970541053e-05
176.99999999999423,-0.00854960034395551,-0.0008873035789502921,-9.801416619849567,-0.0017622301069987487,0.0004996173638670931,-0.0008047984805707093
177.09999999999422,-0.019674046314404645,0.004154501090024173,-9.797686425150765,-0.0015019545382743758,-0.0007363315719496387,0.001277907637614757
177.19999999999422,0.0019891438630444285,-0.012087247671437474,-9.791044340898965,0.0021723703411397786,-1.0331194111382385e-05,0.0004975788362272355
177.2999999999942,-0.01836244302609371,0.011183631759936337,-9.814785942024196,-4.674437486351678e-05,-0.00022693368531865644,-0.0021470183776773053
177.3999999999942,-8.74563357128217e-05,0.013068012782790572,-9.812818868351455,0.00046400346253617716,-0.0006974202219232822,-8.445201545999063e-05
177.4999999999942,0.002107000823519373,-0.02346575667276174,-9.83090896013117,0.0019347170717528785,0.00039814497384681294,0.000902917053422279
177.5999999999942,-0.01086868568360644,0.0017686860216204298,-9.798930343103244,-0.0009877426453031475,-0.00033053822530870893,0.001461753866986628
177.6999999999942,0.017646293245165822,0.016186259919502535,-9.807550300116725,-0.0004059720336186256,-0.0013372096069476315,-0.0007409871162329242
177.79999999999418,-0.007110222757349223,-0.005395829001122016,-9.808445547743403,-0.0018025787813416762,6.931961233594053e-05,-0.0007309396347349475
177.89999999999418,0.009828228173242025,0.016626866242858324,-9.813543400228605,-0.0007659083550267485,-0.0005656057068433606,0.00016984896827799552
177.99999999999417,0.010990363619372008,0.004215064352618259,-9.795626998427306,-0.0007435737862913273,0.0016508319694387024,-0.0011014167356075198
178.09999999999417,-0.003888879053896219,-0.011278596723134261,-9.818500698929595,-0.0007863820625893787,0.00012500599301959431,-0.000738331814638031
178.19999999999416,0.0009570128731985774,0.0015811306469994298,-9.814092834785379,-1.1438168519878071e-05,-0.0009664609922740173,0.0006500984362681423
178.29999999999416,0.01012807990738143,-0.005469413252743414,-9.79666750599433,-0.00012021151760302964,0.0012246444263998022,-0.0002943848764368975
178.39999999999415,-0.010265667645827412,0.0033615771928040294,-9.807760532648196,-0.0004572473509050252,-0.0005247280477097522,0.0003889250856944653
178.49999999999415,0.00011424698918636706,0.013395148928922447,-9.796105750288799,-0.002018353323255355,0.0010629213437544371,-0.0013372049155883268
178.59999999999414,-0.009560535886607067,-0.006596187001504995,-9.81241895200914,-0.001113016661207868,0.001138151035946817,-0.0009003091314798682
178.69999999999413,-0.015130531471282769,-0.0005506033100420111,-9.809288263174624,0.0019024053066536073,-0.0005884890403417163,0.000675405250973846
178.79999999999413,-0.0021076410108933305,0.004746210919654122,-9.811508092147038,0.00041810263580707556,0.0009537714178674732,-5.3365156248307886e-05
178.89999999999412,0.0021346378253736184,0.0036560545903223706,-9.797416392280775,-0.0020893760550628132,-0.001691102037340096,-0.0006060612106259279
178.99999999999412,0.002887850233648266,0.0010916514570629933,-9.80811027601129,0.0005085450480692492,0.0002570795742423867,3.500866591218595e-05
179.0999999999941,-0.002209720807896132,-0.006798407544368837,-9.824908314271749,0.00028036979514989497,0.00031794420038447764,9.575187314682794e-05
179.1999999999941,-0.014101056603251574,0.002118418916076546,-9.80937161337251,-0.001370158960164047,0.00029253175315539456,0.0012706878272815375
179.2999999999941,0.01014107108737411,0.004063881511718778,-9.778179746947565,-0.00037915576370042706,0.0006284404733075074,0.0011233933631136055
179.3999999999941,0.0057383135877006235,-0.005124725615314946,-9.791202663656946,-5.0342439776015134e-06,-0.0010951324644447767,-0.0012101799722712776
179.4999999999941,-0.00011048628777357156,0.014772092211259209,-9.816923166881287,5.498963275116657e-07,-0.00022961845676880096,-0.0007016539934078037
179.59999999999408,-0.002148978663749621,0.006427083932116373,-9.801222889650035,-0.0014794765662253632,-0.0004042211097097609,-0.00041551041030632056
179.69999999999408,0.005482808744565204,-0.008034507706529874,-9.828629961726513,0.0007102517090864252,0.0014050697967150853,0.0007731344684500423
179.79999999999407,-0.022312639444021842,-0.0096133479748135,-9.796038864668686,6.0368778262687214e-05,-0.00021171919785817396,0.0016187763084330325
179.89999999999407,0.009227207058405221,0.0015227708889174174,-9.792750466552766,0.00032011803332454954,0.00037416221363500616,-0.00029235604469490686
179.99999999999406,0.011557687058498821,0.008625864796170436,-9.818116719214332,-0.00033750570661818897,0.0009014160763592892,0.00045573766208043307
180.09999999999405,-0.0032714398240007636,0.012556083376772553,-9.798973200768398,0.0004985590897619819,-0.0006390960629856721,-0.0016496977816935845
180.19999999999405,0.012492024966932564,0.008721480733791812,-9.81588482096191,-0.0008621513333915168,-8.673335055372497e-06,0.0002740316081944626
180.29999999999404,-0.013138442483977593,-0.0005077311296546285,-9.813041110676005,0.0009781340785898157,0.00022307046217216376,-2.3341445598756823e-05
180.39999999999404,0.010429863900569183,-0.0011337415796854348,-9.801797977581295,-0.0015055086649770884,0.0004408272603519795,5.03866452122582e-05
180.49999999999403,0.009381465805021263,-0.012515853649442205,-9.820235383649635,-0.0015824801767869154,0.000718254133601302,0.0003223217441179049
180.59999999999403,0.0016831198707070718,-0.007560016727168041,-9.803127683674813,0.0006185287071755817,0.0017451291522960525,-0.0007808954411950103
180.69999999999402,-0.019314015634483123,-0.005804016032171879,-9.82983126997558,0.0006354371777416164,-0.0003722156593089782,-0.00074109703845793
180.79999999999401,-0.01621919290945771,-0.003079666002447462,-9.796873925013852,0.0007724942370081624,-0.0008604897294177502,0.0016361427470349876
180.899999999994,-0.00043682736862853756,-0.003710539018661757,-9.82509425322007,0.0012959748709965794,-0.0008411322112116055,-0.0005537229581687871
180.999999999994,-0.0028235416262101915,0.006559196148952784,-9.809316370484252,-0.001139260754452782,-0.0010297039290273655,0.0002875263718462051
181.099999999994,-0.010391044217596327,-0.003238771447457856,-9.804530410607907,0.0021299744738695137,-0.001232993996503587,-0.0004950271920413074
181.199999999994,0.007593348680047878,-0.007481877757639418,-9.803572359533952,-0.0002225164632047301,-0.0002801384932145128,-0.0007680326275459783
181.299999999994,-0.017149446369126693,-0.006545236265526551,-9.801648122188586,0.001672394595601902,-0.0014833885893540202,-0.00012017046699331225
181.39999999999398,0.005880929876843855,0.0013216789279507785,-9.803730923244599,-0.00030728025218750504,-0.000825878748114562,0.001491481056104761
181.49999999999397,0.000910655709275337,-0.01096910196141597,-9.822834200618026,-0.0007274074139917689,-0.0008825147592889267,0.0028101700456264252
181.59999999999397,-0.006929343959337067,0.011916245416252063,-9.8150338466346,0.00010057828613166679,-0.0016137739262565298,0.00032959912220471214
181.69999999999396,-0.00590382953943345,-0.002044017219873986,-9.811416612354934,0.0012038753792930003,-0.0014747027252500606,-0.0004445028369124513
181.79999999999396,-0.004653067584230079,7.616969137141e-05,-9.809171480986619,-0.000504654458557149,-0.0007302422656893411,-0.0008081515986069724
181.89999999999395,-0.007665215505145661,0.0010296354794035263,-9.797877845496666,-0.0012099238726620872,0.0005019194344843984,0.0008270404166109815
181.99999999999395,0.0016263391969707642,0.0022987888234266584,-9.813043818594414,0.0010559184320006868,0.0009504052864194747,-0.00036350631865937676
182.09999999999394,-0.02130737044118622,0.01060306699790166,-9.801353760819728,-0.0004761520883987296,-0.0010899941432110382,0.0008996618647132778
182.19999999999393,-0.010093844478849893,0.0002004220441649863,-9.808197938965572,0.0002868981713200845,0.002211895946646712,-0.0006451519454375123
182.29999999999393,-0.00395309801123757,0.00950598884096269,-9.800585419197835,-0.0005796152553137343,0.0005355032110226977,0.001834566671578157
182.39999999999392,-0.018812967892161882,0.005012743328191683,-9.790377937572359,-0.0009577501220689761,-0.00034542379468270536,0.000944481979051928
182.49999999999392,-0.010959038015555776,0.013255753326601921,-9.796297860479106,-0.0016015706890800182,-0.00045096417111775277,-0.0006994272047394207
182.5999999999939,0.009513372874803678,0.0025947037855115537,-9.804833805664018,0.0008341999497957134,-0.001132330382033894,0.0007114351325896608
182.6999999999939,0.0010626220279760425,-0.0003846773112562268,-9.819662263533848,-0.00034474173083604844,0.0001595677895596538,-0.0030683212141321354
182.7999999999939,-0.0014127633400721424,-0.010225981010276924,-9.79730695161432,-0.0004758714654296967,-0.0010009946436596838,-0.0018098618644238134
182.8999999999939,0.007313229731104473,0.0009717940470081185,-9.80158161194755,0.00045059475319536975,-0.0003426421818048748,-0.0011677663073544247
182.9999999999939,0.01286845301481127,-0.006512649565516919,-9.821505613534432,-0.0017489988579737767,0.0004646057843199206,-0.0015498355972996393
183.09999999999388,-0.016971529319645004,-0.0035862657238412395,-9.80807056274679,-0.0018987453799949466,0.0018166745481373225,-0.0004886506915169184
183.19999999999388,0.004112175407756772,0.004299608036459309,-9.814099823976626,-0.0002440338268026207,0.001013223402081256,0.0003104667323271801
183.29999999999387,-0.020876234742207456,-0.0008600628130953551,-9.834136008313557,0.000260608476755219,-3.754364494301065e-05,-0.0011327492507181669
183.39999999999387,0.009656776930722717,0.0255590700146223,-9.793376579787065,-0.0006556736479174414,6.702527530002802e-05,-0.0004137236613410928
183.49999999999386,0.004731858455736759,-0.0025595205144554383,-9.814425547860134,-0.0019624889423776365,0.0005645602486983198,0.001132686767972706
183.59999999999386,0.008961381615263863,0.010079129406698577,-9.811778894694056,-0.000739361810718283,0.0005301043984954265,0.0004259414635756827
183.69999999999385,-0.0010656342756169442,0.015427499099877553,-9.818080475953519,-0.001439464950410893,-0.0008733453439368267,-0.0008280888530754781
183.79999999999384,-0.014614752149646337,0.011627628311638539,-9.815013093844682,-0.0011974779524538113,-0.0018276018620338062,0.0009699203255655679
183.89999999999384,0.004499557082132829,-0.0058909697247479,-9.806228193624055,-0.0006579752675980158,0.00039914586928993024,-0.0006446870043378629
183.99999999999383,-0.0017930479577268701,-0.014236199682080562,-9.793260668836037,-0.0009202892352356992,0.002212905099517836,-0.0003824765472061062
184.09999999999383,-0.0016276981739244596,-0.014505870803298467,-9.812116461977364,-0.0009216020318761789,0.0006942497674198438,-0.00013837317768099932
184.19999999999382,0.005658435332625416,0.016079068794946524,-9.822464523150424,-0.000307465796881216,-0.0013634503424325864,0.0006732254238124545
184.29999999999382,-0.009415597011943617,0.005841898001706804,-9.81974046377739,0.0008399042755088701,0.00027257233913694634,-0.00040731429951132686
184.3999999999938,0.0038250756859522744,-0.0071079434124210455,-9.810957311892869,-0.00020546873797387775,0.00300165786013532,-0.0007886149846512927
184.4999999999938,-0.0037170304075265625,-0.015615992917852718,-9.796866336955114,-0.0015054447928038578,-0.00042563791606832073,-0.0009157511844978133
184.5999999999938,0.010658211852543842,-0.016602962958968858,-9.814050920920796,0.0006316977731128812,0.0010225905889908106,0.0008167722306508826
184.6999999999938,0.0018085682281756372,0.010547830967309836,-9.813958351515083,0.00036338393138970354,0.0009971517233472694,-0.0012344258364600474
184.7999999999938,0.0055546725472513415,0.0018322807990584903,-9.815838923796674,-0.0008706615224323893,0.0015483955367695222,0.0010944293796461449
184.89999999999378,-0.01718240151563556,-0.014038914579708303,-9.811197061976094,0.000684080429155737,0.0012538476634627045,0.0008003746835503842
184.99999999999378,0.013581085975277515,0.008539811362858151,-9.802267605016008,0.00032874127532870863,-0.0006988453411916159,-0.00016616101391991512
185.09999999999377,-0.0076269962688166335,0.0037795409671462278,-9.81971698716163,0.0008341622030268955,0.0006886388389880871,-0.002151209702670122
185.19999999999376,-0.007624199918237967,0.004719472179393453,-9.815391797540192,-0.001080809369796046,0.0009851162792338414,0.001606100475203787
185.29999999999376,-0.0070961733692237175,-0.0014079484465741297,-9.803028811318464,-4.5837901536437925e-05,0.0010213638327481746,-0.0001484918297557374
185.39999999999375,0.022808561193658893,0.02212548547845721,-9.801569834391033,3.1622345606876827e-05,0.001052641278883024,-0.0005245645301314812
185.49999999999375,0.017103606334793416,0.004299311362795203,-9.829252567952903,-0.0006416778077969647,-0.0015757205040537639,0.0003773540508656652
185.59999999999374,-0.006442803566123252,0.0017727044745895195,-9.799870063127937,-0.0004227793208794378,0.00020195678117780207,-0.0012442043386021043
185.69999999999374,-0.005660102384459428,-0.018982017399907795,-9.7999924715802,-0.0020074881645176165,-0.0016281913514539343,-0.0003999320941741355
185.79999999999373,0.01939891461989667,0.00034439720310349233,-9.813997374018246,0.00029553935528519817,0.0010660982134819358,-0.0006152421011445845
185.89999999999372,-0.00022779811201671126,0.014993595209240748,-9.806615791861605,0.0005754465469638903,0.0012293423320269474,0.0007104178453008906
185.99999999999372,0.0037908219864924383,0.005701616113392354,-9.815576071471764,-0.00038937487057256705,0.0010436430594369462,0.0001373976436362714
186.0999999999937,-0.004179893904183736,0.0015491470846051886,-9.801995025078444,0.00014688376075111626,-0.001176421917593769,0.0009459497670275014
186.1999999999937,-0.012779519504576689,-0.004964883028379043,-9.805069763508547,-0.00037437414726495784,-0.0016879418325727443,0.00024200947613256426
186.2999999999937,-0.005785731720830693,0.007934051944784385,-9.814757452939409,0.0001773252041562823,0.0005958889668241735,-0.00022873571547503229
186.3999999999937,-0.0047454276622935065,0.004588331476512067,-9.807424288946947,-0.00018187886570158603,-0.0010377572682998832,0.000776844476475582
186.4999999999937,0.002222466702608692,0.008377272897442513,-9.817358354892294,0.0005211994585212757,-0.0012080524632929722,0.0005119781364664267
186.59999999999368,-0.020071529228923215,-0.00026538197738535275,-9.813989434574403,-0.000684019825471702,0.0009583119541534909,0.001269531957817144
186.69999999999368,0.0009016174812195835,0.00032633508777822883,-9.80203557745144,0.0004187476860863848,-6.184232417465516e-05,-0.00043119867236158344
186.79999999999367,-0.008087062154030255,-0.013801859456672474,-9.82235682193826,-0.0002678762697991529,0.0007210096228837908,-0.0004991007756333528
186.89999999999367,0.011973848892219252,-0.006890464205688978,-9.812687960730479,-0.00014713986263361354,-0.0008031336102144281,-0.0004225602850571206
186.99999999999366,-0.004596563417106253,0.004113244146256744,-9.815453516259378,-0.0008424011822704615,0.00138338211186684,-0.0008152903920468324
187.09999999999366,-0.002679812558735207,-0.006863683065718177,-9.809948982542437,-0.000746445838566891,-0.0029377565044510444,-0.0005847015249928736
187.19999999999365,-0.0008480253487443942,0.013108651284040783,-9.79188097437163,0.0005271355779436252,0.00014325585820700487,-0.0008355169289265291
187.29999999999364,0.0019110680628851788,0.003811337794766152,-9.81740181253583,3.1084825633621133e-06,4.6432169155659313e-05,-0.0010428365121800452
187.39999999999364,-0.014236256944033514,0.015216909508812042,-9.797961569692431,-2.6807452262550848e-05,0.0016494511127281859,0.0006465711771266251
187.49999999999363,-0.0038778208163308563,-0.004225158036233285,-9.822073028765587,-0.001741910309607557,-0.0018716968500699775,0.00045564899076560276
187.59999999999363,0.004059241051871287,-0.008450391094424817,-9.826620788005929,-0.0005013602183435836,0.0004660533341952546,-0.0003525557248776206
187.69999999999362,-0.008154145734899742,-7.749234291168699e-06,-9.794152867359095,0.0011526417826004693,0.0005606926849191266,0.0008814161539651756
187.79999999999362,-0.0036408073928631767,-0.0038285688818707904,-9.798289974344359,0.0005776768449351272,-0.00047843390554698755,-0.0016074611580297149
187.8999999999936,0.006522111121553861,-0.0014506723670743408,-9.814518507709812,-0.00016295267398008984,0.00046372897308571265,0.0009216870105942502
187.9999999999936,0.01626371910220729,-0.004321629373217139,-9.804464412016813,-0.00017351420951853573,-0.0025244449136612853,-0.001494083224685135
188.0999999999936,0.018150272164885267,0.011370680415107809,-9.807713423770394,0.00017470228531052948,0.0010833063271343153,-0.0023667438229770343
188.1999999999936,0.015903797809722727,-0.0023793495403065666,-9.806645572116853,0.0013343225061692146,-0.0008359491010548629,-0.0012558250729191682
188.2999999999936,0.0037871710374899076,-0.004118527974422286,-9.806250592999621,0.0006902020630857033,0.0003944128267775556,0.0009652572474935133
188.39999999999358,-0.013714188040330075,0.02019846284796967,-9.811014527662152,0.00015958093642123609,0.0001122746306052468,0.00023303213190818803
188.49999999999358,0.00250008496148041,-0.005546673871773283,-9.797409545231714,0.0004305512478472713,-0.0009967048858000912,-0.0010000837768003878
188.59999999999357,0.005969277279697328,-0.015135519880839282,-9.814299663363567,-0.0006687675043636267,0.0003039215251653268,0.001302472029704859
188.69999999999357,0.0030149118778673954,0.0015526475210423415,-9.810549475849273,-0.0012149261901680144,-0.000606287296867679,-0.0006606273439641665
188.79999999999356,0.00027247940670056424,-0.0022556738930235793,-9.82226261086216,-0.00014205113046645516,0.0007518195775071219,0.0007023033482333234
188.89999999999355,0.012315432063435737,0.007161063909093729,-9.79998585958449,-0.0008404120370807512,-0.0006842696913127194,0.000610473316480565
188.99999999999355,0.02608653709784256,0.0011220245523525449,-9.816400037560726,0.0004098875515131115,0.001047198806472627,0.000590849189297057
189.09999999999354,-0.007899627218005986,0.028527718226197298,-9.81557617546528,-0.001288858038423386,0.0006527872525460397,-0.0006328388443086927
189.19999999999354,0.0019015632952091078,-0.0061807031291346735,-9.808022252749238,0.0021535623709273122,-0.001756806068663376,0.0011511431248977958
189.29999999999353,-0.004017696689689777,-0.007562444396699837,-9.808132182416525,-0.0011063740029759938,-0.0005164865806276954,-0.0004982183640800817
189.39999999999353,-0.005527812953981378,0.005167314015604076,-9.812661916319191,-0.0004229307692806827,0.00021593122580901823,0.002060809941538352
189.49999999999352,-0.006157943236998392,0.002412745744836708,-9.814190547632268,-0.0007687275060228103,0.0012316643351409882,-0.00023871482193562254
189.5999999999935,0.0016498795621301755,0.004494040933420865,-9.818177536134796,-0.0007250999507702932,-0.0011066814404787513,0.0007820189640110382
189.6999999999935,-0.0006604072401483483,-0.013690002890235382,-9.82282446646759,0.000995058149552798,0.0016622167324377023,-0.0001181855584107681
189.7999999999935,-0.006010155623811578,0.0008279732268297145,-9.81393716653207,0.00016724921993691518,-0.0012466168773949645,0.0007298291602695605
189.8999999999935,-0.0024576069221246637,0.00396449029547951,-9.813049370507205,0.0003697514712842657,-0.0013538984759777493,0.00023435599156383525
189.9999999999935,0.014394496151800489,0.0018982302639104101,-9.806257762922574,-0.0012833951991979165,-0.0005279847635727619,-0.0006132236327463629
190.09999999999349,0.008626830144582131,-0.006038028431268652,-9.808006006336004,-0.0008439220609124575,-0.000580352542390701,-0.0003849285190977866
190.19999999999348,0.008148184283687946,-0.012357257644247804,-9.806916653859327,0.0012233875150810735,0.0013345091675350947,7.506036618100097e-05
190.29999999999347,0.01239946579431002,0.012709959183285349,-9.812287874814235,0.00030148016989352104,-0.00014905998374831322,-2.4900515697334278e-05
190.39999999999347,-0.0038890385369195787,-0.011618686625148388,-9.81221959632201,-0.00036990728323852014,0.000942421525810945,0.0017983353970095627
190.49999999999346,0.0015494186673064422,0.0019615184703104405,-9.79968742643439,0.002006790373813827,0.002714204113090789,0.00019168567845186322
190.59999999999346,-0.005667141650958003,0.018713795250006948,-9.788408201440376,0.0004984865316655671,-7.471974017926867e-05,-0.0005486191745691989
190.69999999999345,0.009710414623607165,0.00844624046778476,-9.804501672623125,5.72239038519961e-05,-5.887536165912556e-05,-0.0005551491304548627
190.79999999999345,0.006412335726175711,0.012198463858335753,-9.78901705033351,-0.0005179024954937946,0.0008410073675078462,-0.0007687479464748577
190.89999999999344,-0.007220694709058291,-0.006241509834757837,-9.812140143434165,-0.0016342895702070703,-0.0005932255560804518,-0.00029759418982019687
190.99999999999343,0.013312656138879605,-0.008964777267404009,-9.801478439323681,-0.0004586145260954658,-0.0013984579577262398,0.0014618719563955218
191.09999999999343,-0.006358965343277535,-0.004964854068988065,-9.810255117834155,3.3097299109905794e-05,-8.984162999748396e-05,0.0009430979106670632
191.19999999999342,0.0011513337767167277,0.009200897667394735,-9.832147282948224,-0.0028182746610987456,-4.602504021550175e-05,0.0013970708450172415
191.29999999999342,-0.02080274501589372,-0.033159988984844034,-9.804837290238176,0.0005229675666942981,0.0008510519074792766,0.000424840511386902
191.3999999999934,-0.01670512933540288,0.003744895754741898,-9.812515006198803,0.0003025980517150033,-0.0009962842583841596,-0.0012723587107005573
191.4999999999934,-0.013739526976332017,0.004397125345151402,-9.814272295735773,-1.5340711469766187e-05,-0.0002644979087029215,0.0013145657241427587
191.5999999999934,0.004987647091747749,-0.0009300353112216152,-9.807642785130197,-0.0012770178479355224,-0.00024160919816150085,0.0006073159992702504
191.6999999999934,0.014884085472267852,0.008902901551549663,-9.791638854129697,0.0019843164006190716,-0.0005641610554311007,0.0006937445970695636
191.7999999999934,-0.004462675865507141,0.00537228681204953,-9.807813239242174,-0.0014755113811330757,-0.0010374422702328666,-0.0016543403142033931
191.89999999999338,0.015227017871560406,0.0070249310304970536,-9.814857063503966,-0.0017780587726286751,-0.0005268390925798339,-0.0006850712201566084
191.99999999999338,-0.013303209045096503,0.011904644446063147,-9.820927245388244,-0.0012270132351005919,0.0019592927475154485,-0.0004985762900105672
192.09999999999337,-0.001753607054191301,0.007217298831848691,-9.8019189053059,-0.00014975076427975595,-0.00012618976459442883,0.00037911951049856375
192.19999999999337,0.004555485391708319,0.010172824032121814,-9.817048210396147,-0.000686342178757783,-0.0007309418525958915,0.00019215436746454308
192.29999999999336,-0.01569781235890937,-0.0057393851911262455,-9.814837257452284,0.0001744366004010653,-0.0007705128064963749,-0.0004333603509656397
192.39999999999336,-0.006099750841423488,0.007968331954516593,-9.811245599994619,0.001985496882041861,0.0008204953566413776,-0.0003782019557196997
192.49999999999335,0.009734764994774435,-0.009142907471998309,-9.780533957227993,0.0005652444307155057,0.0011150377521462385,0.0006694720932234021
192.59999999999334,-0.013253233885991795,0.004340023883006424,-9.799449332499888,0.0005499214718775742,-0.0006903863016945045,0.0002131990999013305
192.69999999999334,-0.01130799692599975,0.008601469828454462,-9.802371410684316,-0.0008338538039655296,0.0010388193485565693,0.0008621014036867944
192.79999999999333,-0.010811464524119298,-0.007511660382019466,-9.819218205992494,-0.0009390107048284316,-0.0003772136571231235,-0.0005312065636065332
192.89999999999333,0.024190798409137293,0.010966842279163645,-9.79786836883894,5.715202545847765e-05,0.00022284548662024537,0.000568615514998445
192.99999999999332,-0.00990080721544979,-0.0040764483998692366,-9.807018363315665,-3.3916685323037073e-06,-0.0005307852308778914,0.0006175913480023757
193.09999999999332,-0.0012499349168757033,-0.0031303718895843175,-9.811545145572403,0.0001282415633424237,-0.00010256464969003944,0.000606897746895587
193.1999999999933,0.008110865972333936,0.0012932048918208427,-9.81567662768129,0.00028728319740243077,-0.0006125409809658391,-0.00016192944299832975
193.2999999999933,-0.0011823416880674697,0.007109058676790216,-9.809601920949824,-0.001137240460298124,-0.0018319861457137326,5.240564190650354e-06
193.3999999999933,0.002111522276850641,0.0026212695757911364,-9.789116085491928,0.0006526679698080586,0.00037413080954720897,0.0009354425183546179
193.4999999999933,0.004188265830707087,-0.003553439276121068,-9.821599291208445,0.0006562305777127191,-0.0019138354232332501,-0.0006799777200657609
193.5999999999933,-0.0034911341015815595,0.002137554555564852,-9.827893272436045,-0.001074875707885026,-0.0007941558494750713,0.00012694793032452909
193.69999999999328,0.0001645858815735938,-0.010166286930545741,-9.81765922136419,-7.111526551383684e-05,-0.0008908005350452169,0.000193585068517532
193.79999999999328,0.00218635784323511,0.0112291469870798,-9.829353396047768,0.0015804175774751562,0.0010183726958336507,-0.0012723539251686747
193.89999999999327,0.0022418431510795793,0.015780982356161877,-9.80026375162044,-0.00020957822512313065,0.0009942536649348852,0.00013270337393737143
193.99999999999326,-0.004094648206408804,-0.0007725194951852694,-9.806983125948701,-0.0017056249731978784,-0.0009352801191842426,0.00037452283620045763
194.09999999999326,-0.009849247958605107,-0.012194836721839065,-9.809169469582447,-0.002212231459529628,-0.0004185326568969643,0.0016689628550195595
194.19999999999325,0.008728668492849754,-0.007189129024323217,-9.814710776894243,-0.0003327091157454263,0.0007466186630039166,0.0008285735137265696
194.29999999999325,-0.002809790965581572,-0.00297779632233577,-9.813836449309372,0.0015962294826107732,0.0017125964079042703,-1.262624870075747e-05
194.39999999999324,0.00615449116273073,0.007275405115304579,-9.808770050701852,-0.0006625459064357879,-0.00036893643923928486,-0.0016471757119815096
194.49999999999324,0.003917712615700385,-0.02406596386189081,-9.802095436358954,-0.0007563995340706369,0.000851286827194111,0.0005948091259692254
194.59999999999323,0.0006547918681460064,-0.0003029401050732969,-9.81520849120522,3.28455019095549e-05,-0.00044264024844821334,-0.0007778587671755961
194.69999999999322,0.011868381626988094,-0.004648407969132621,-9.821258439884454,0.0007021267266852878,2.802973098526321e-05,0.0006927435564473256
194.79999999999322,0.00582917196623386,-0.003891619279778838,-9.811253706955641,-0.001098226856821996,-0.0012466331781920215,-0.0001292569722217253
194.8999999999932,-0.006833796481144432,0.0011687553367025262,-9.787185761781808,-0.00040817846315343784,-0.00017951545554982144,-0.0013572977620147808
194.9999999999932,-0.02185351337016524,-0.003943933256932242,-9.808929317696167,0.000534304282416257,-0.0005516621370378162,-0.0010637264542096758
195.0999999999932,-0.004726297874123202,-0.002758043783461716,-9.807034086258444,-0.0016813129306049305,0.0013696450978361017,-0.0004074465302152003
195.1999999999932,0.015518627453513841,-0.007901053480089234,-9.808817950767507,-0.000949019539875092,0.0009658444069000148,-0.0005629730762335013
195.2999999999932,-0.002778068982428693,-0.00099331088497767,-9.804748526073515,-0.0014601259542555423,-0.0017723920239229413,-0.00017402665595072587
195.39999999999318,0.011770302283537523,-0.004034004733201823,-9.804008934485188,-6.058852846777519e-05,0.0010539617823451992,0.000396892852228021
195.49999999999318,0.014092076088840612,0.007967628681749495,-9.81299437432316,0.0002299052620298981,-0.0005711507910347086,-0.000369327219680975
195.59999999999317,-0.00787538125358864,-0.012775566980467936,-9.789356062982021,-0.0014308620074769795,0.0005386714871295998,0.0010325593007564668
195.69999999999317,-0.0024840261238104396,0.004007408574464606,-9.813097932878776,-0.00042245870908420033,0.0015457819497190694,0.00036558017062734684
195.79999999999316,-0.009994426939293304,0.01144123818951541,-9.812260790409988,0.0015099034701710483,0.0007650537256513501,0.00019719146588030427
195.89999999999316,-0.03469242473707329,-0.01817666341761198,-9.829366756303386,0.00033057744017129625,-0.0008912385252259674,0.0005832954051581957
195.99999999999315,-0.00010507326718720669,0.004117923962595124,-9.806130110457039,-0.0004092935317413764,0.0009128825581390459,0.0012012636361048326
196.09999999999314,-0.020649377695036365,-0.00391278266018417,-9.808987291572258,0.0009728290678027015,0.0016798438182584012,0.0008529846132776162
196.19999999999314,0.005847699860995599,-0.004503582817002313,-9.805014921991338,-0.0022875638538935104,0.0014092755860860748,-0.00170314807233844
196.29999999999313,-0.00687664084100207,0.0009948533048009772,-9.803960827098882,0.00017451329985330983,-7.404466079454053e-05,-0.0009079160467778684
196.39999999999313,-0.009132307644374072,0.0058219987401824025,-9.794465901043582,0.0006244488304911236,-0.0013915119753958084,0.0006040547104133004
196.49999999999312,0.013549955048433536,0.0036289665940112507,-9.812889893816166,-0.0006357141451542848,0.001950871062688615,-0.00023479047015704933
196.59999999999312,-0.006409806413013275,-0.0048951613457428106,-9.83144840238204,-0.00017085638586793165,0.00030887969884935964,0.0008567301815665352
196.6999999999931,0.0007739217743088808,-0.012113013226044203,-9.816143469428487,-0.000452339466351491,-0.0005447020947264268,-0.00048354038674210906
196.7999999999931,-0.00717290306837839,0.003832583719962019,-9.80218641235677,-0.0004668710637201613,9.377957315219805e-05,0.000887537992570431
196.8999999999931,-0.002092788681506361,-0.0029905879177469486,-9.811038558217733,1.406722487777189e-05,-0.002151614805199273,0.0009384413941245015
196.9999999999931,-0.006340960277672313,-0.0013434542837996147,-9.80792227145855,0.00017963438696573476,0.0005641404687020385,-0.00040161451534865053
197.0999999999931,0.0009682002636391772,-0.010954161269986318,-9.808930120791626,0.00010515222477832493,0.00027157673000133866,0.000390133223691125
197.19999999999308,-0.010152047321879076,0.021013559152171787,-9.82313294422645,-0.000400504042639522,-0.0006050888426085114,0.0010382667889447153
197.29999999999308,-0.010134810897502755,0.001213795004557317,-9.828172624834552,-0.0010471484624324304,0.00029901843481723594,0.0010695243757948122
197.39999999999307,0.011485759599760928,-0.012911608558308562,-9.803236381621776,-0.000909550313407416,0.0005266008270418151,-0.0022740162579458225
197.49999999999307,0.008667444632624696,-0.017347663926804514,-9.79310060892245,0.00028112072263773615,8.705829043824838e-05,-0.0002905295990534846
197.59999999999306,-0.0038613456753522775,0.0008386504724912606,-9.825015104080965,0.0013223808511184352,0.0002501331306156633,0.001087672721388265
197.69999999999305,0.002204263809311416,0.01233185045452739,-9.809970438265882,-0.0004257518895841053,0.001005898161053405,-0.00018982753059784954
197.79999999999305,0.001663590526491414,-0.012887153072677184,-9.810283028281171,0.0005064898357085457,-0.0007698142870007151,-0.00044639828432695584
197.89999999999304,-0.013234092840760648,-5.4612345810016444e-05,-9.809628618253617,0.001185916713883596,0.0005199415902796009,-0.0011972091096329603
197.99999999999304,0.0037133388691590976,0.014265854343147977,-9.805722263475804,0.0004433521677247129,0.0002806121126724143,-0.0001327353225144218
198.09999999999303,-0.0010821341593131892,-0.0039043130960037037,-9.807275020124326,0.0015349792506940754,2.4693390369524556e-05,2.6414895725719354e-05
198.19999999999303,0.017230152580786345,0.011582230425459684,-9.797362187458571,0.0009742327666979923,-0.0017872583448887607,0.0008656650575541297
198.29999999999302,-0.013965591718765715,-0.02739403413953807,-9.808220843648005,-0.0009980675827086785,-0.0009571300294688083,0.00024746381484202037
198.399999999993,-0.009152021765296777,-0.005768636242253259,-9.792888892882734,0.0007159121316555148,0.0009169805700793832,-0.0020258329648242864
198.499999999993,-0.006047854061608708,-0.0017887796355293918,-9.816155969009012,-0.0012257728676273376,0.00043632998906626216,0.0008445207494929081
198.599999999993,0.020554218209739194,0.0011330447082308686,-9.799272927834448,-0.0007647851212939728,-0.0008297327777429597,-0.0015216064753787758
198.699999999993,0.005889844978054519,-0.015919115709499502,-9.802007705345273,0.0008859696205977915,0.00037356194388303744,-0.0010425743843722462
198.799999999993,0.01587168871432973,0.011599529015149572,-9.79611561378269,0.000209307890481416,-0.00048524476330065935,-0.0010382423501431356
198.89999999999299,0.0014225232309614732,-0.005917545772491056,-9.80612261373869,0.0007584241784506575,0.0008396651007101684,-8.76976322722134e-05
198.99999999999298,-0.014320087874886003,0.012450647769681447,-9.804240851282723,-0.00019933641376007307,0.0007911143915158489,0.0013787416022876496
199.09999999999297,-0.014991707169778063,-0.009484760754712699,-9.804117614307629,0.0002112192879455235,-0.00015250400850802743,-0.00020724077468564463
199.19999999999297,-8.463980530845711e-05,-0.0015846232939609023,-9.802169996339998,0.00020608741683483825,0.0021061209941769955,0.0003432919450726349
199.29999999999296,-0.002958105764489377,-0.0035269448770341217,-9.813108108831958,6.399192133165165e-05,0.0003070095300570354,-0.0018376582358037735
199.39999999999296,-0.000359900388299999,0.0009484755596163053,-9.814146919328008,-0.0021969342224746487,-0.0010768373500368252,-0.0008960736994920491
199.49999999999295,0.006586903321239932,-0.022272620683488144,-9.816683957561958,0.0006360812623147164,-0.00073951906842979,0.0013850650529503537
199.59999999999295,0.010741110295329133,-0.00011320687541590344,-9.823590865176126,0.00040020713290550596,0.00013819693213593698,0.00012680564800237714
199.69999999999294,-0.0018297420589825266,0.014269257423337664,-9.802112250585015,-0.0009825553436520593,-0.0025829270893499836,-0.0015361501180940677
199.79999999999293,-0.0010280201386276646,0.0004459845841605829,-9.802708577451803,-0.001273862240320367,0.0006664098518910464,0.0013607524310547958
199.89999999999293,0.0025001554734898307,-0.0006858653769550286,-9.813471626606994,-0.000389909627102037,0.0006597755333603218,0.00021163056536982315
199.99999999999292,0.009632237639997923,0.0009136844173389152,-9.804521905674392,-0.00036892113838013523,-0.00020878138724686072,-0.00037665733772022095
200.09999999999292,-0.005194890382812265,0.006341018792636608,-9.800499928124614,-0.0005816774338698929,-0.0004462923317316638,-1.639937022063153e-05
200.1999999999929,0.0011475902046598108,-0.016231175771907923,-9.817832389682614,-0.000528444521583418,-0.0007442129563491934,6.061626231859977e-05
200.2999999999929,-0.00474890279329925,0.02447029882151198,-9.802568683279853,-0.0011054852260917924,0.00045755053857823955,0.0016679358020325148
200.3999999999929,0.007872218752622517,0.00017659098989990758,-9.804086264607092,0.0013823501228595095,0.0006012498417055911,0.0006349782390372288
200.4999999999929,0.015080415204310615,0.004411582317394565,-9.811735150435124,-0.0005095893500610709,0.00122328891694798,-0.0010591252936299712
200.5999999999929,0.0007049940416015783,-0.00034815827354905195,-9.818510492439476,0.00028476349725472866,-0.0016982128221407788,-0.0003656347617760958
200.69999999999288,-0.018891889418880103,-0.018700496149745865,-9.811279793501425,0.00034823832732186716,0.0005015209526302275,-0.0001216643427069779
200.79999999999288,0.004994323796212618,-0.0031716188520317396,-9.800036685203862,-0.00010573793808247771,-0.0008943824179048737,-0.0002067455976566241
200.89999999999287,-0.007013929921114376,-0.02567205696847029,-9.814471070803101,-0.0001250182599094782,0.0005083052387294162,0.0010072337775746583
200.99999999999287,0.003503948425800933,0.005267061620855541,-9.802822780872916,-0.0003983022410309368,-0.00037834370846724587,-0.00025408718357063277
201.09999999999286,-0.007695658056920938,0.01004890022037799,-9.809485623468493,-0.0009627948747990842,-0.0012215348713233115,0.0004190303278911865
201.19999999999285,-0.005375067557446786,-0.0009315294836816971,-9.788237543658756,0.0007968301483708853,0.00026835435827483726,-0.0001540145886640025
201.29999999999285,-0.0008281066205259964,-0.009156627301363568,-9.80499339695093,6.491088407137425e-05,-0.002106089672155045,0.0007917514397799139
201.39999999999284,-0.0010667361737804017,-0.007282490290644756,-9.806213492025725,0.00016188913538612884,-0.0003732200085904859,-0.002353173358318725
201.49999999999284,-0.004076999448079897,0.0028155655183228446,-9.816328177260115,0.001451058692311117,-0.0007381814432350956,0.0014620573430531374
201.59999999999283,0.0001744941429376463,0.006659426776402656,-9.801937684472724,-0.001516443788047079,0.0007732459777725662,0.0007916631133350208
201.69999999999283,-0.004431877332665517,-0.0020539868397085916,-9.81951187914223,0.0024660171281001932,0.001579904223217757,8.074515744121814e-05
201.79999999999282,-0.0021879817397693294,0.00908137416267159,-9.790448827103747,0.0016176072579732175,-0.00011015901327846713,0.0008903577377887884
201.89999999999281,-0.00035241969745342767,0.0036082588483998946,-9.800607924150082,0.0001309003127288771,-0.0014205934889088957,7.172289448334816e-05
201.9999999999928,-0.001997985264628144,-0.004602054742436295,-9.806708611641046,-0.0010081775343341285,-0.0003963334989837961,0.0009077261878285467
202.0999999999928,-0.013706538407874733,-0.0059938115636743675,-9.806080473490281,-0.0018089350408479058,-0.0011412981574846848,-0.0007812355205862264
202.1999999999928,-0.021180517389730643,0.001866995154628536,-9.819731937446276,-0.00041932504349322407,-0.0031199531033490103,0.0004961801276190772
202.2999999999928,0.009966625445310209,0.0011886642439927464,-9.808256251187338,-0.0006316552003383785,0.00019986091801800157,0.0002336358870754117
202.3999999999928,-0.006356745086181068,-0.0036781893293651004,-9.810756487617951,0.00042880017228231213,0.000709963210363926,-9.554372461404633e-05
202.49999999999278,-0.004018419104559833,-0.0038110411520252303,-9.809409948933835,0.000777850807241727,-0.0015388984566857182,0.00039653992510837023
202.59999999999278,0.01906767989347726,0.002656024176226754,-9.794922664435697,-0.0007897385201555603,-0.0009191273663732615,0.0003390523412466262
202.69999999999277,0.002829022462262411,0.008981246188818216,-9.802198648497383,0.00012221276239556976,0.0011545012204638855,0.0001422911918729113
202.79999999999276,-0.010259365934434382,-0.013238867467610198,-9.820841120384664,0.0013953661427781186,0.00037731484636038034,0.00029550426186616453
202.89999999999276,-0.0012927460595747676,-0.008086843480042002,-9.821319772073046,0.0005625549107346901,0.00017105266437319897,0.0005314017943263331
202.99999999999275,0.0029045940518200135,0.005868467957337649,-9.820360985781953,-0.00012190518676727538,0.0006443011678219975,0.0006563961759673689
203.09999999999275,0.018126304680033917,0.016057711030430785,-9.806707883330489,-0.0018444948167207723,4.555303485485954e-07,-0.0005593056892746192
203.19999999999274,0.00221259005913157,0.003853527678961196,-9.801172016864061,0.0005713739085334947,0.0012922212945785827,0.000993375348711308
203.29999999999274,0.015515666271581345,-0.01080398667939602,-9.806617383292938,0.0008612696462765219,0.0009405193892254149,-0.0008330221624607899
203.39999999999273,-0.005498349461419908,0.008387773764635974,-9.814767020681764,-0.0012399360128620563,-0.0011007471381376162,0.0012555516255900417
203.49999999999272,0.005630942908146237,-0.0031978029068154535,-9.81104870501853,0.0007433981380302643,0.001037249016321692,-0.0008418529762975242
203.59999999999272,0.002567098715198002,-0.0005371161540388286,-9.80111852410035,-0.0006981418832375855,-0.00028997358986860715,-0.0009334965143452465
203.6999999999927,0.004524032045099608,-0.009063461474327024,-9.81496651038998,0.0011559113894940448,-0.0019081186385725283,0.0014467065205377894
203.7999999999927,-0.0036658578592169777,0.0006058197481440591,-9.79644445378444,-0.001838868084317304,0.00017636841738246387,4.7747913157021815e-05
203.8999999999927,-0.0007380013242961916,-0.007872848925174083,-9.814987850776557,0.0009646971739415496,-0.0011033980935901578,7.109355973559509e-05
203.9999999999927,-0.0010295898958366013,0.012971983489753591,-9.816578848738105,0.0009174250444520507,-0.0014292121584803233,0.0001651593214646533
204.0999999999927,-0.009643788841097607,0.0034266609942519596,-9.807500120897041,0.000570388133322842,0.0010735706869349126,0.0006004379585892436
204.19999999999268,0.0017578743388676926,0.0036783630195766632,-9.806019641741806,-0.00037228218146682235,-0.000458569230845033,0.0002590854994227276
204.29999999999268,-0.014782106797795869,-0.0016386461947168376,-9.847444786251135,-3.2670658560256516e-05,0.0006025159551374368,2.4171486073408167e-05
204.39999999999267,0.003986408423392858,0.008811793341180211,-9.81170029815184,-0.0007674573958920153,0.00034594452077328235,-0.0016710452172579123
204.49999999999267,0.008823428220089715,-0.00951397580554895,-9.836726260270881,0.0008955590677101486,0.000370027071927426,-0.0005447739431985058
204.59999999999266,0.005759757456414875,0.002758249966457365,-9.805405453221214,-0.00020353086539030984,0.00018929035390995448,-0.0002774197003428097
204.69999999999266,0.003235737904405577,0.002539649181928171,-9.81030674789662,-3.6105547001171416e-05,0.0016428986463908914,-0.0004264404138235049
204.79999999999265,0.006519797070510083,0.0009203276178995345,-9.80392794150832,-0.0014220222360141882,-0.0004456728581171765,0.001123786238125336
204.89999999999264,-0.012460555593945545,0.00520481264917416,-9.81542071573027,-5.374564899726978e-05,-0.0013421201808996577,-0.001398740915702522
204.99999999999264,0.00845706301709785,0.025441164161494677,-9.8202780595902,-8.94921788265281e-05,0.0003563931859660017,0.000301133586011549
205.09999999999263,0.008899772765932817,0.008788832276592967,-9.807174378620136,-0.0019058593427205449,0.0008087219345019615,-0.000456469967278526
205.19999999999263,0.006705259489469143,0.0018632507039097674,-9.791391952770333,-0.0006730167043991324,0.00038812826570856155,8.720747699217793e-05
205.29999999999262,-0.021924926576585787,-0.0032360463049510447,-9.812196301443883,-0.0009619713749489128,2.1823858680156894e-05,0.0002548831837516029
205.39999999999262,0.005774842405940486,0.002712881429754068,-9.821508247939068,0.0003723982301747839,0.0003577581236332255,-0.0005611772786490019
205.4999999999926,-0.010100719306315929,-0.01223470577820443,-9.829957512066278,-0.00014203424535646475,0.0007735762415687085,-0.0005815532305347876
205.5999999999926,0.004316300247897503,-0.011566513704130865,-9.80337167133999,0.0014224735727091059,0.0009008145197881354,0.0005224164097963873
205.6999999999926,-0.0019503992495230643,-0.0038962211272559485,-9.81037602522251,0.00016408563330796243,0.0006064022833165658,-0.00014008502653583334
205.7999999999926,-0.0048986499973374545,-0.018567584536426644,-9.791248903892322,-0.0010002718026786072,6.977634279235366e-05,-0.0008196515505649644
205.8999999999926,0.011536505635798869,-0.004785721532402749,-9.792772912026237,-0.0001469477140619665,-4.0318357318581254e-05,-0.0005923070050514405
205.99999999999258,0.007097615647871784,-0.0004746005649067645,-9.799374913543218,-0.001343637087598642,0.00030783717171284423,0.0005976058374090381
206.09999999999258,-0.011084340305600475,-0.015270187984017093,-9.807241472448984,-0.0006061827751375678,-0.0005748410491913486,-0.0009560857691818374
206.19999999999257,0.010915392539936316,-0.005099095136943067,-9.812463211103283,9.883080817054106e-05,0.0014017866498710933,0.0010773543537704728
206.29999999999256,-0.005718459962763044,0.006739418166160788,-9.824223097739647,-0.0007623449941075963,0.0013021900485167912,0.0012353631226015222
206.39999999999256,-0.0021812550086006193,-0.0018140354753235271,-9.819909613189342,0.0006280892877914453,6.3053275287972565e-06,-0.0004197514788616812
206.49999999999255,0.008837651867392705,0.010399100079225756,-9.81786231689698,0.0006697172551301275,0.000945765063376221,0.0009024417767648231
206.59999999999255,-0.0009667181400719524,-0.005406875373112089,-9.81487871693177,0.002006947561388363,0.001547315394172639,0.0012454911350860476
206.69999999999254,0.01951356367747244,0.005713136074148527,-9.81011184220317,-6.033799834459356e-05,0.000936505503932246,0.0016662485393478968
206.79999999999254,-0.016701126423019404,-0.009255836174556163,-9.80817671966479,-8.220108058073659e-05,0.001531304115151386,-0.001401616004926261
206.89999999999253,0.013512739866964694,0.007623044876965127,-9.817442857581868,-0.0010856561532777281,-0.0011329709177074997,0.00024273341784142744
206.99999999999253,-0.018267787987658313,-0.007785993758266326,-9.80810419179357,0.0004352647949237181,-0.001013875790858961,-0.0007629786577845794
207.09999999999252,0.006434469294228579,-0.006155370006852333,-9.814136722036059,-0.00145421409953429,2.4400803604335128e-05,-0.0013713438499987063
207.1999999999925,0.0037824155552602795,0.004852254800105128,-9.822346246479492,-0.0008316734451396898,0.000984592874431891,0.001620134880817029
207.2999999999925,-0.003234034685136663,-0.008104540674661091,-9.820674913388709,0.0016261900208636674,-0.001610323312433138,0.000889282714450364
207.3999999999925,0.004525216650864755,0.013209327309908115,-9.823518801752842,-0.0001835161666391116,0.0004067834899825759,0.0005577317238201984
207.4999999999925,0.010037112685514231,0.0017137731475166415,-9.804665465802058,-0.00010294527577622501,-0.0003071679981740421,7.847573424161564e-05
207.5999999999925,0.012416638671819209,0.009605493615562392,-9.818843077409362,-0.00015297386616320162,-0.000723100040335489,0.000698483738515185
207.69999999999249,0.0022406491370488687,-0.01528080120600504,-9.807226177508038,0.0004633976222777777,0.003129034898419244,-0.000828670857583082
207.79999999999248,-0.0019460196563304472,0.0016172918942167706,-9.829280020947182,-0.0005001198010174896,9.837604029931397e-05,-9.059867757159951e-05
207.89999999999247,-0.003894569769371672,0.0031321522168275724,-9.799552277827122,0.0018097444464864978,-0.0014921121621559127,0.0007282343229004375
207.99999999999247,0.010050118870051505,-0.0020850443571202157,-9.806500594282989,0.00010071229665182785,0.0002414476245244683,4.693395755244324e-05
208.09999999999246,0.011971152282863029,0.01619343595914017,-9.810588037162209,0.000535787900419824,7.988387215477541e-05,-0.000746355331284468
208.19999999999246,0.0019920271625274676,-0.0024259602397555275,-9.81555349497438,-0.0002672771199837157,-0.00033338296012970075,0.0015236697437258006
208.29999999999245,-0.009962289148643048,0.02257236207975559,-9.802359188037705,-0.0007201022221322932,-0.0008597890340154359,0.0007875131197709715
208.39999999999245,0.011659761143964243,0.007021080746097011,-9.79975380064716,-0.0004212575781378216,3.6576606854733637e-06,-0.0022839287178868487
208.49999999999244,-0.00031788233282563637,0.017261731844393363,-9.8137174054275,-0.0015228980308705216,-0.0009006830662875163,-0.0013550044114453833
208.59999999999243,-0.007401470440517985,0.012829488070416641,-9.83309572539127,0.00023870991882087467,-0.000706985967469569,0.001795254604090029
208.69999999999243,0.00010926341941788881,0.005739661014463461,-9.818744419812912,-0.0006541361503876659,-0.0003935445351984331,0.0007732761283700948
208.79999999999242,-0.020675975433498302,-0.012550986869460637,-9.804721503425995,0.0013748758142107188,0.0003217188813156101,-1.1386035207979736e-05
208.89999999999242,-0.0008413624589470514,-0.015034911516767082,-9.805759212464384,0.000941238591410138,-0.0010696826563617555,0.000943411168828579
208.9999999999924,0.0038125823605890865,-0.0061112088846566465,-9.812973196567196,0.00019008958668269928,0.0006748176678839843,-0.0001014069440094474
209.0999999999924,-0.01223625483572973,-0.009618096923036706,-9.817125047001184,-0.0018479911071346475,-7.045266399043502e-05,0.00027778363445061323
209.1999999999924,-0.015827736641233606,0.0017994566475949825,-9.796392435739687,-0.0016810251473444147,0.0005410782834290482,0.001661022978629416
209.2999999999924,-0.0012432272141519958,-0.029090124143811708,-9.821673351742382,-0.0016014476939992315,0.0010053982258479398,0.0026786775048393235
209.3999999999924,0.0023997333343187656,-0.008764939750339538,-9.80182876883102,-0.0003495356513778662,-0.001448145785544393,-0.0007985354669485256
209.49999999999238,0.005707489960767315,-0.0015744415102872525,-9.792065908515111,-0.001479130825180883,-0.0003413120989636579,-0.0014066939968275904
209.59999999999238,0.007320643525742104,-0.008524268300820943,-9.801714882465989,-0.0010482196967936757,0.0010060428275557951,0.0002689182195761618
209.69999999999237,0.011887418012632473,-0.016628500785933246,-9.805507411158953,-0.0007101946823485644,0.0006982412828443952,0.000880598214132866
209.79999999999237,-0.0012620080985096603,0.0002872372923608027,-9.827589309828722,-0.0005014457082512457,-0.0005441204109111182,0.0005424838899772916
209.89999999999236,0.005230891881036101,0.004537312412675287,-9.776863457349448,-0.0015105663992289078,0.00015778595957604568,-0.0005200086421838733
209.99999999999235,0.01554571735270953,-0.001988005057886569,-9.799013195310927,0.0017393838443247995,0.0005978597919246656,-0.00037047388802455506
210.09999999999235,0.00273401140829554,-0.0074607071371213885,-9.801345647183068,0.001761709851102457,0.0004892453263655385,-0.0020673166110459287
210.19999999999234,0.01568312471235203,0.0026788633350910613,-9.806306883286188,-0.0006620688486516933,0.0006516408301613163,0.0009982361069527084
210.29999999999234,0.0058844109129091585,0.004497817935510363,-9.814858023608533,-0.0010626343979834097,-0.0014504411608836124,-0.0007122830322801788
210.39999999999233,0.0107094021671543,0.003320860433131799,-9.817289051590986,0.00269017772891771,0.000501434708428991,-0.00024796545499171293
210.49999999999233,-0.00361185369768986,-0.010113388799249634,-9.805813811457732,-0.0002356283540356326,0.0001329252418256353,0.0016637386018311163
210.59999999999232,-0.01685618072474146,0.000863595765798962,-9.814231839463558,-0.0016402889355924392,-0.00044196530530685185,0.0006087312407238637
210.69999999999231,0.0002651609118401119,-0.01800070748424656,-9.818710075760617,-0.0010789808809520407,-0.0008798065281857583,-0.000781288703547576
210.7999999999923,0.008612460393396531,0.006717077802371586,-9.799890206817933,0.0002697395146708067,-0.0013787555645802191,0.0013680173410266137
210.8999999999923,-0.003205500752892485,-0.010109007619513844,-9.827659499640406,-0.00020077853837087816,-0.0025106688424694303,0.0013986831731516599
210.9999999999923,-0.005636436256204675,0.0077275160766679864,-9.81456902048718,-0.0002552957837096902,-0.0006591843701907802,-0.001214090262495167
211.0999999999923,-0.004159773381945652,-0.009098756788450455,-9.806050334878766,0.0009156340445305415,-0.0015403764058983934,-0.00023736812510308033
211.1999999999923,0.004738076436773562,0.008516375674844874,-9.799835721390615,0.002143769530610515,-0.0014048686614436699,0.0008523997418220901
211.29999999999228,-0.0007042583402626445,-0.0004509441709640115,-9.809450737299414,-0.0005576036217089077,-0.001149409856401961,-0.0010951319671620974
211.39999999999227,0.005999386531650472,0.003194413139134425,-9.80295996847451,0.0011948095042080798,-0.0007102333731174151,3.176381752366604e-05
211.49999999999227,-0.004945934751136779,0.03201639828878246,-9.809120814027622,-0.001705509421816312,-6.0796846746658004e-05,0.001371832028717916
211.59999999999226,-0.005981835284480096,-0.01295555812437752,-9.820237323809854,0.0007207860648184362,0.0018562556524519772,0.0013488343703540883
211.69999999999226,0.00790546692822564,-0.007498448824330893,-9.809496914220565,0.00018273742693672334,0.00037095692671045146,-0.0005802786683645801
211.79999999999225,0.004138609686053844,0.00200414331457225,-9.805239766702826,-0.00040485095084839124,-0.0013757672678226351,-0.0012750742639405835
211.89999999999225,-0.00827650925627619,-0.005200353404334628,-9.816645197480074,0.0005827751105979849,-0.00011099197569323363,-0.003025666939115039
211.99999999999224,-0.006836641861594533,-0.007508756154994872,-9.807207721781108,-0.00037108924546356377,0.00020277786147778905,-0.001077815634381636
212.09999999999224,-0.002468228843912819,0.00023091873935259004,-9.80843558096037,-0.003042789192948413,0.0003834138311300318,-0.0007495054628005612
212.19999999999223,-0.003981205426121511,0.0033893180967101313,-9.800809709191377,-0.001313419736924509,-0.0016230528469239804,0.0006692463698560246
212.29999999999222,0.0010053106297962656,0.005242085056457425,-9.816963332402713,0.00021825390899288217,0.00021051247488222075,-0.00016060515899371923
212.39999999999222,0.007409461848942183,0.0075370925348348175,-9.813338905818062,-0.0001900452691058347,0.0007014688659088814,9.281248109389387e-05
212.4999999999922,0.014649053293487722,0.003149639549721224,-9.820066710030542,-4.869592223794961e-05,-0.0011174839019789462,0.0006436673399149731
212.5999999999922,0.00015825186361301878,-0.003117486413155017,-9.802358978137464,0.000488883229492166,-0.00014412785907914465,0.00023321021203118777
212.6999999999922,-0.005658264195625883,-0.002890915308390582,-9.823539416412212,-0.0007356401179460968,-0.00025800630485780444,-0.00016282176108576305
212.7999999999922,0.013386458717868347,0.016264915956780875,-9.801129960561015,-0.0002595302075663376,0.0005168472272706597,-0.00037472656767525314
212.8999999999922,-0.0020630066736611603,0.013956813632094795,-9.818337209365609,-0.0001291916061017026,0.0003300544367974127,-0.0003151769919270941
212.99999999999218,0.011745527116928547,0.00952663339383458,-9.825108251624657,0.0008627307037075669,0.00010967791875856325,-0.0003912313098487754
213.09999999999218,0.006031402618457338,-0.0028712366850731507,-9.813268281524236,6.681735952391873e-05,0.0007749648348517732,-0.0003058276955935269
213.19999999999217,-0.00016027294259110295,-0.004892686118700204,-9.80791689296323,-0.0006583778521915682,0.0010596948758211189,0.0008707352529404789
213.29999999999217,0.006539119552559428,-0.011179126922382644,-9.796687602692998,-0.0012288869521466753,0.0007096410807203993,-0.0003850630299797557
213.39999999999216,0.01400382905548665,-0.013650213110443723,-9.802995192841125,-0.001481480787914977,0.000372168214760578,-0.00040112004703586683
213.49999999999216,-0.015540565319359838,-0.003964042636485981,-9.816392585277919,0.000384956164435763,-0.0003887731800190065,0.00011998193826408214
213.59999999999215,0.0013243697744499871,0.017035841882973114,-9.796643909310875,0.0006644102861287854,0.001985008646727232,0.0012337182095609864
213.69999999999214,-0.014027908927958382,-0.01153666018716637,-9.807310802231937,-0.00039434871809236903,0.0015530512620339978,0.0005074513313636812
213.79999999999214,0.006213960663809169,-0.0037430525315514983,-9.810898253498566,0.0010794073077917945,1.830754942135543e-05,-0.000504451183748315
213.89999999999213,-0.005519970269536299,0.01812201537719098,-9.817154627484795,0.0012056740206044065,0.0010343211955552581,-0.0005131349030082947
213.99999999999213,0.001374226888311263,0.004212486479735592,-9.809864933169443,-8.639477756094232e-05,0.00027058120531576904,0.00036056613619217905
214.09999999999212,0.00664018371256935,-0.004068315126957815,-9.820982305209066,-4.6042701141873995e-05,-3.610663217986074e-05,-19.823302156160043
214.19999999999212,-0.010321458054449999,-0.0020647973786913736,-9.797404005951389,0.000667019622454479,-0.0008260731139657884,-0.0004845206862211911
214.2999999999921,0.004763760543745938,-0.0008928299567179655,-9.819579720467624,-0.0007276531563036938,0.00019973221556660777,-0.002598098958997981
214.3999999999921,-0.01480393111722622,0.006733630970080158,-9.817104102348587,-0.0009938378734238448,0.0015864242484638588,0.0010692846594148766
214.4999999999921,-0.00838203137110415,-0.01684262445488924,-9.810105762055198,0.0011895404210703249,-0.0009739815191481458,-0.001110189501810966
214.5999999999921,0.015727828614879192,-0.013716393743959844,-9.818953028956406,0.0005528871933984885,0.000898752030203812,0.00028200394343939
214.6999999999921,0.016463606480496166,0.02145376937677437,-9.811383090915662,0.0021502501477304405,0.0011246723670998663,-0.001240600167823817
214.79999999999208,0.015654784382709747,-0.003022006749008097,-9.82159246926537,-0.00024411454547261516,-0.0004845153653974916,0.0007391854993205238
214.89999999999208,-0.004734869286739656,0.0035984530139566624,-9.783505682362216,-0.0007808506747381651,-0.0012606989153858734,0.001578024665373411
214.99999999999207,-0.012311941814837173,-0.018556133697113255,-9.805276920285099,0.00014898454991653503,0.001582972780657882,-0.0005126446652714917
215.09999999999206,-0.0026189602806573078,-0.009070477672249775,-9.810679838366699,0.001067206072489746,0.00021083285211735543,0.0002757610787295403
215.19999999999206,0.0039153286468451105,0.011797462339168221,-9.80323811056947,-0.0004875946072052773,0.0028038650921863137,-4.593730758238521e-05
215.29999999999205,0.007819505134949395,-0.008719030297021535,-9.823773560798324,-0.00014923205010708825,0.0014544827535082079,-0.0004963440160344997
215.39999999999205,0.012110617871802606,-0.0029716739678901927,-9.798362847263306,0.00017570406235183393,0.0010303208067871923,0.0016081854583637157
215.49999999999204,0.0015465731297285134,0.001964684493878051,-9.79832145248253,-0.0014904312142202743,-0.0014934034618338996,-0.0003760546004541423
215.59999999999204,-0.015137331669130163,-0.0017938082479857268,-9.828791072485604,0.0019365058479838728,-0.0010056081329009583,-0.0001905631896216208
215.69999999999203,0.00029914968747135753,0.004572666474059151,-9.830554692207825,-0.0002720656917842941,0.0016058516468231755,-0.0004992405810631495
215.79999999999202,0.010324051162233169,-0.009363458322243468,-9.825947092871283,-0.0010967922977429257,0.0005182363536727295,0.00032801532197855105
215.89999999999202,0.0023592156439763024,-0.012866901919860063,-9.819921081398116,-0.0005815545519193273,0.0006198369409593145,-0.0007668738872618966
215.999999999992,-0.007109656572135317,-0.00927006045111577,-9.807341267871989,-0.002752312271288414,-5.498069206755112e-05,-0.0010220505669971305
216.099999999992,0.0032412207593268344,-0.0233568671425128,-9.820638264310382,-0.0016426786007328299,-0.0008269652820570504,-0.0004633407590177818
216.199999999992,0.003493332295067397,-0.006215109368679009,-9.808762598359273,-0.0012385313059489827,-0.0020547127887268262,0.00025405021542240487
216.299999999992,0.0024753546694765444,0.010275693623249387,-9.801865285543975,0.0012438320671106123,0.0016590142958433094,0.00022546098674782454
216.399999999992,-0.017890500379622566,-0.019520076938798415,-9.805368753459096,0.0009493309857200897,0.0015777291017773638,0.000766948326138772
216.49999999999199,-0.0005884736757367393,-0.01017309139943906,-9.822333776579729,-0.0003170178517908611,-0.0012571131607202147,-0.0006233793736741141
216.59999999999198,-0.0028108195614623055,0.006860485872368347,-9.798952806895555,-0.001358261589236934,-0.00041777222907899705,-0.0017039219086636196
216.69999999999197,-0.00398361823090972,-0.012013925540702209,-9.812528159843236,-0.0006959784462077646,0.000232135674859852,0.0004919085104499056
216.79999999999197,0.007374791408526958,0.0064495700408228615,-9.80904445399824,0.0015787449073330739,0.0010735465285911885,-0.00017185342868422874
216.89999999999196,-0.004640776057580359,0.0012093076912917447,-9.805407717326863,0.001229751172621484,1.9242877113984758e-05,0.0004615877808347558
216.99999999999196,0.0018638012605967163,0.010127937446394243,-9.801197283758716,0.0003066891299638703,8.808761852762008e-05,-7.366974951963452e-05
217.09999999999195,0.026323404549211716,0.0149842879343459,-9.815123814556081,0.0005814637063362996,-0.0009623503172879613,0.001057802543028548
217.19999999999195,0.006066169778094126,-0.006803193114952624,-9.793375398157877,-0.0006535756804563265,-0.0018440610498898316,0.0008218030666727946
217.29999999999194,0.006265743809709123,0.0002706265242165644,-9.795881624621982,0.0006909389787417427,0.0016297787382837366,-0.0012968168277539664
217.39999999999193,-0.007585485113561993,-0.008167713242465277,-9.812416652381907,-0.0007989178858368399,-0.00031219884570287895,-0.0004940603474882855
217.49999999999193,-0.00020298333661808283,-0.01154779534448021,-9.793029845592162,0.00017989034762434504,-0.0007481795766180711,-0.0010896323445265272
217.59999999999192,-0.01245112820194214,-0.005782092443596104,-9.800236230854374,0.00024412330234169813,-0.0006418288510651555,0.001557761201995317
217.69999999999192,0.009292783221865214,-0.0057487166342523625,-9.79219460314902,0.00028792674391517114,0.0012971690643169954,0.0003443230058005087
217.7999999999919,-0.015244720682360447,0.0040579911156363386,-9.795610958381856,-0.0001672857621816232,-0.0004955216849727346,-0.00032783517568114526
217.8999999999919,-0.00772876622885036,-0.009563457811007403,-9.801485715247127,0.0009533395909366506,0.001207604259567128,-0.0007907729239520422
217.9999999999919,0.0010250796473066925,-0.008053169886242495,-9.791304336375019,4.290003281577685e-05,0.0003738415750156511,3.5500194425444476e-05
218.0999999999919,0.01559150311305887,0.015939758909398104,-9.813856780111369,-9.474263376279073e-06,-0.0004115154506918194,-0.0011513287623102955
218.1999999999919,0.01174182042739896,-0.00021316635412610755,-9.800059082308923,-0.0005773764749574464,-0.0003410813977751679,-0.0015710552814434155
218.29999999999188,-0.003419933624484299,0.009891011696065212,-9.820491046171393,-0.00027625815181115044,0.0016640291363044278,0.00106571972101374
218.39999999999188,-0.0023726553960934436,-0.006387459540761842,-9.823206975748171,0.000983907405579831,-0.0014779326180869884,-0.0003962744210500022
218.49999999999187,0.001909923282038205,-0.0008098069811153879,-9.803046004421539,0.0006672062917254091,0.0009242164194827753,3.254630629682338e-05
218.59999999999187,0.013040536633105533,-0.017218546153780906,-9.80788845550442,-0.0001049364280151764,0.0009435235210380814,-1.0129322287386503e-05
218.69999999999186,0.007021240106879993,0.005776899084025767,-9.78710708944814,-0.0004478310550038825,0.00012728721036931693,0.001579663239744092
218.79999999999185,-0.013493148297114099,0.008776888274791993,-9.80812157308624,0.0006893402017830296,0.0010319059835478441,9.974681405962223e-05
218.89999999999185,0.011485547720133882,-0.00832291512781967,-9.813454211828036,0.0013570363241898833,-0.0012906320421474673,0.0010827492137631184
218.99999999999184,0.003287778662827493,-0.003258203873244825,-9.81575640442979,0.000998356113340472,-7.36643861198775e-05,0.00010427930035570017
219.09999999999184,0.000844272532171435,-0.009044570861539817,-9.80153736310298,0.0008176874250562007,-0.00036380312957314876,0.0011319077235156852
219.19999999999183,-0.0022226577746471384,-0.0005018559673070313,-9.813608450541373,-0.0007335468428571241,-0.0010031754582619798,0.0015651949624481036
219.29999999999183,0.00606845318368427,0.0021513665681739858,-9.794025775428459,0.0008295007719771524,-0.0007640878054874169,-0.00027135639491217983
219.39999999999182,0.013205614604098677,0.002095799548765412,-9.824990326985443,-0.000630912469072392,0.0009555134595899213,-3.182214058133552e-05
219.49999999999181,0.0055646719311269535,-0.009192694846898605,-9.824214813695361,-0.0002803680317218693,-8.946802015239044e-05,0.00039157855387936605
219.5999999999918,-0.012917226603592949,0.003970345152334084,-9.81186886756978,0.0007886594324187497,-0.00021521455850689238,0.0007827256754042117
219.6999999999918,-0.0014477057019498733,0.019573038327245863,-9.804649026882588,-0.0012153082627826075,-0.0008701101864938623,0.00015984640363863602
219.7999999999918,-0.004924069168949614,-0.0051517602148347654,-9.81532895814985,-0.0004107632642501227,-0.0007941675767550848,-6.487417923007894e-05
219.8999999999918,0.015805907671301255,-0.01610376579204669,-9.813971168563011,1.273250043813276e-05,-0.0008098974638310105,6.111976941931943e-07
219.9999999999918,-0.007766757071176485,-0.0024949463533443907,-9.810766668760966,-0.002287408341690202,-0.00012180378137402147,0.0019710161006209035
220.09999999999178,0.0021828512505067815,0.0013442388026892725,-9.816338645017671,-0.0005647719195590274,8.450593541187782e-05,0.0001490165910189694
220.19999999999177,-0.0067544456593908245,0.010464891571644886,-9.814309371315156,0.0005027969492382877,0.00014171355045745215,0.0005626674989767556
220.29999999999177,-0.00992689630718843,-0.00021265714082863483,-9.820831981915559,0.00011241961258452082,0.0001587352446788586,0.0004542206005081842
220.39999999999176,0.002083380552863903,-0.00681477592900021,-9.80314114071672,-1.6372605888076029e-06,-0.0015547261488710593,-4.5108640352696964e-05
220.49999999999176,0.017504448997367594,0.003587210598024859,-9.808604006939309,0.00024187500272756534,0.00027700852657855135,0.00014136025248409628
220.59999999999175,-7.762200613886963e-05,0.008246319039136269,-9.807688538275144,-0.0017681609446337245,-7.695389949752338e-07,-0.0006507119831455122
220.69999999999175,0.0011910706089897202,-0.001118700550577483,-9.80968063044263,-0.00036850985688328134,-0.00011139136730863718,-0.0008616465702311239
220.79999999999174,0.010183394850795169,-0.009710426325584345,-9.801144479392281,0.0012710727044893716,0.0006658988442017157,-0.0016585361872129448
220.89999999999173,0.006905854083868508,0.012896970016228691,-9.783474199114824,-0.00019752049124738892,0.000701932600780873,0.000529787374234469
220.99999999999173,-0.003737324749971559,-8.093768966694878e-05,-9.824947207807494,0.00010571638759151719,-0.00038992372029767304,1.4677103136807182e-05
221.09999999999172,-0.009438141283785027,-0.0037676705699126213,-9.807247739863683,-0.001203247287180361,0.0001609157375630526,-1.6020891160484032e-05
221.19999999999172,0.0014626088649900154,-0.013473897107178301,-9.808551966284282,-0.0009330810177687908,-0.000563412608663789,-0.0011346366483934015
221.2999999999917,-0.005738559810699684,0.0027121077700641445,-9.808171891148197,0.000935860293205027,0.0007973692325764076,0.00040279089041034434
221.3999999999917,0.004882215125238424,-0.017241888393210187,-9.81902746152186,0.0006000320321334731,-0.0006316962659173033,-0.0011663392514013136
221.4999999999917,0.017168355066297835,-0.004404021644487318,-9.801541948791883,0.0005514610506533903,-0.00013679380803846745,0.0003828997396432999
221.5999999999917,-3.576086342707201e-05,0.0053205769881432274,-9.812306583475017,-0.0007801338601985181,0.0004301199772421715,0.0023508061857696327
221.6999999999917,-0.016468640984075564,0.030964428603508565,-9.833702066742244,-0.0004847155671781508,-0.001855332956105951,-0.0016449460845213758
221.79999999999168,-0.0021724052072457363,0.010584517716278623,-9.825947537910096,0.00023415704316889652,0.0012312094613071056,0.0018292411048698688
221.89999999999168,-0.006796787040146707,-0.005788974451091735,-9.800675737156881,-0.0009059875529129552,0.0013169941898291898,0.0010043836722129552
221.99999999999167,-0.013348739172338697,0.013431953755576067,-9.80493213914015,0.00022650562424277677,-0.000314296314476696,0.0009291003705126678
222.09999999999167,0.01148150095186857,0.005516557816833706,-9.801599692502904,0.00021962759721121333,0.000608426376243905,0.0021136759072263793
222.19999999999166,-0.005414261402447491,0.0036558484561567974,-9.811327242263781,-0.0006778301580281238,-0.00028713565889046605,-0.0003593271815483702
222.29999999999166,0.00018355809753731357,0.01131591995541875,-9.816086802961951,0.00040923065400062125,-0.0010728436005410162,-0.000180393812471395
222.39999999999165,-0.007308641751557725,0.0009428080867503879,-9.801539053618761,-0.0009006841329212199,-0.00011670156218674588,-0.0008109611044554022
222.49999999999164,0.007878198059034782,0.007138728226987918,-9.811416991957493,-0.0015212932821087777,0.0011292170202584575,-0.00031772985981237624
222.59999999999164,-0.00045745641725116696,-0.01582778939526915,-9.81740509568283,0.0010121850356745296,-0.0008686688189125151,-0.0015298615946497352
222.69999999999163,0.0007944775838006177,0.0056337862727399825,-9.818906900358039,-0.0013817422247090802,-0.0007983131811241434,0.001922593303568909
222.79999999999163,0.005086867416280349,-0.026389531192342525,-9.803543825747427,-9.004933612317407e-05,0.0013191239688228286,-0.001697694329936195
222.89999999999162,0.012852542730612775,-0.010446515792672462,-9.784888021647104,0.0006363836968685892,0.001167771612994995,0.00017077048870421874
222.99999999999162,-0.00015735799165609007,0.011940847134541932,-9.793232253874706,1.1889989269226107e-05,0.00011845446863721718,0.001299777232812708
223.0999999999916,-0.0026174322715572674,0.0036707827547741386,-9.81837610536856,0.00015228070541067012,-0.0005171206725759237,0.000596524395834783
223.1999999999916,-0.0023705426020537703,0.011833343100592345,-9.806750158273614,-0.0016608631743808744,-0.00041216557439982906,0.00014190649627839798
223.2999999999916,0.004502127466240109,-0.000821810039753814,-9.816955801006925,0.0003968732172225693,0.0013385746711757403,-0.0019228538601449086
223.3999999999916,0.021036850787441434,0.005926957007132563,-9.806406912634282,-4.0266377711103995e-05,8.776208874397006e-05,-0.0005165716424274419
223.4999999999916,-0.0034848501403717015,0.006444371386984303,-9.810613838984311,0.001181980990345232,-0.0010233413740774536,0.0007507449669113819
223.59999999999158,-0.003865908687246886,0.01580929782797515,-9.7971398265987,0.00041603859826789505,0.0012222291417252767,-0.0010153875325421044
223.69999999999158,0.0081637506964666,-0.014041484826468728,-9.823287586580278,0.00012426345100201498,0.0013232971195823939,0.00045181548035158587
223.79999999999157,0.0007567113133946446,0.019782020656569484,-9.80848546970341,-0.00048745590421123125,9.411911687521197e-05,-0.00023629993081108897
223.89999999999156,-0.012244332925472017,-0.003618518829415699,-9.808531735668709,-0.0006175833019005144,-0.00019629105194170806,-0.0006379871160485914
223.99999999999156,0.0025888777256118083,-0.010430115471271253,-9.796139204701172,-0.0005268875864643274,-0.0006226423713023135,0.00044461207018430156
224.09999999999155,-0.004025099203969973,-0.0031550720181278504,-9.809137278827729,1.130983615491696e-05,0.0006205520965993182,-0.0008464231222761918
224.19999999999155,0.013025866271757947,0.010533091091581466,-9.80584203604427,0.0004635112006150969,-0.000840058511847638,0.0007901022640081861
224.29999999999154,-0.006682632622289329,0.0006136786958933548,-9.8053202373097,-0.0012041491830116614,-0.0016674709975355382,-0.0014044368050543643
224.39999999999154,0.006650485282556465,0.007550074132751106,-9.819291473195095,0.0011229273992479293,-0.0005523981897188571,-0.0004937243960752272
224.49999999999153,0.01322759282760776,0.013557654225104734,-9.812740602371903,-0.0013843264409412973,0.0004603102750378628,-0.0007589709473596554
224.59999999999152,-0.012642088587198983,-0.002118292295272524,-9.8065937615791,-3.969386066241176e-05,-0.0008635514908373114,0.0013586582345706786
224.69999999999152,-0.006707646020946489,0.017417846980099662,-9.822068580290514,-0.0017541720055450872,0.00027662691799952685,-0.00029909442319182833
224.7999999999915,0.0012458559293269836,-0.005298695832984927,-9.82370424033224,-0.0010472836924641164,0.0006102896512203524,0.0008383216979376246
224.8999999999915,0.014296977205400171,-0.0014314292756719184,-9.821390007204416,-0.000552613385465898,0.0013916631168898537,0.0005753136161870266
224.9999999999915,-0.0027353145734427434,-0.0032636827898023086,-9.80320726054679,0.0012432560155673747,-0.00035325785921006594,-0.0015504678700330862
225.0999999999915,-0.0003426117470732989,0.0011498147714974782,-9.816872867501992,-0.0015316255892647186,0.0012838119098377058,0.0012457214226805201
225.1999999999915,0.005623299514419715,0.011034893681225143,-9.804619626094677,0.001270862161011266,0.0007816793129002939,-0.0015365748168229018
225.29999999999148,-0.001643437099194778,0.00407590991010714,-9.809875613068806,-0.00023361860073729278,-0.0010086937655039878,-0.0002211423965224947
225.39999999999148,0.0015332068738234078,-0.011296370357844272,-9.8181739965048,0.0016615070662522522,0.0008202167551873891,-0.0012467196132155542
225.49999999999147,-0.0027465241588865113,0.001321318494351398,-9.81928136820096,0.0015417264414532331,-0.00034884047965526885,-0.00046170571276300506
225.59999999999147,-0.00287123790457989,0.011539696556994126,-9.814767591221177,-0.0008482832069588135,0.0005851447981454689,-0.0014282616331850516
225.69999999999146,0.007201210022959198,0.014811531192808184,-9.817006396943324,0.0010972663046480348,0.00039531190243842187,0.0007436714229450248
225.79999999999146,0.006797470407172252,-0.0014534188258253742,-9.791085539181474,0.0013624645922300249,0.0002857875834294462,0.00025656427647738746
225.89999999999145,-0.014644578235046677,0.02566870934494698,-9.806587003755801,-0.0011385184294006316,0.0013929452168036768,-0.0003747990913098675
225.99999999999145,0.012993711879311068,0.0021342821099051145,-9.824791292954298,0.00047108808816912357,0.0013784655381775663,0.0009310544359684671
226.09999999999144,-0.0010311959019432002,-0.009715119948472349,-9.811713682493485,0.0015280250056691233,-0.0004674532587190823,-0.000541559227047313
226.19999999999143,-0.013590450602603638,0.015982745067515763,-9.802167261652333,-0.0005337744884370222,-0.0005064877650903895,0.0017410234683494646
226.29999999999143,0.001727079503594334,-0.01408028781486715,-9.81155594856672,0.00036576046268703123,7.997905757323055e-05,-0.0005401908397395245
226.39999999999142,-0.01048685760970926,-0.00079304317994848,-9.80227559105558,0.0003456052541742847,-0.0003294715091492622,0.00024688984142124526
226.49999999999142,0.003681122808243991,-0.004284507824337254,-9.801909870116594,0.00022804597437664763,0.00018791816679513296,4.624912375816602e-05
226.5999999999914,0.011072810900000792,-0.02293510696953731,-9.8068699816266,-0.0006019719242250999,-0.0009347961077405236,0.00023750630891028967
226.6999999999914,-0.019056145045282274,0.0049476141548230115,-9.820562155626464,-0.0007672467177762849,-0.00044740512579184526,-0.0013840131197359168
226.7999999999914,-0.001852107130871225,0.005125071035267607,-9.821382005240594,0.0028501470013633785,-0.0016212707254283317,-0.00047444906916747497
226.8999999999914,-0.015619800253556162,-0.011310108137074233,-9.811297487207646,-0.0005983067491262824,-0.0008480943967318022,-0.0010781778298689767
226.9999999999914,-0.0015003206593991098,0.0070456969478533225,-9.809176418820464,0.0004931783240154826,0.00021570262082693347,0.001486430648649177
227.09999999999138,0.0073932489197838375,-0.005579473773012345,-9.80342851629899,-0.0002691723903721059,0.0006993586000403812,-0.000132560305860098
227.19999999999138,0.006993087734159384,0.004053018504097601,-9.815191657157484,-0.0011683448391976124,0.0010188653658693139,-0.0007442160059852786
227.29999999999137,0.0026271319109860054,0.007630238880518876,-9.812319865759953,0.0001939282257471113,0.0012711076217195086,-0.0006633273864394159
227.39999999999137,0.00014662784257795804,0.005119343801699154,-9.794321441020957,-0.00016357180049715768,0.00015405906858892052,-0.001406722788305495
227.49999999999136,-0.0036039765435706295,-0.000403104913116352,-9.802038552505609,-0.0014140451695091817,-0.000930795742603246,-0.0002654940251040694
227.59999999999135,0.00362045400634681,0.00338407460874008,-9.807934562904185,9.830507302787643e-05,0.00020986737852375808,-0.00042707367294482685
227.69999999999135,-0.0026882689019790073,-0.003069831570036229,-9.79066566713062,0.0014105045483212804,-0.0012494039162436492,-0.0024918836736172027
227.79999999999134,0.008287925575161866,0.010217358895484347,-9.820701549215206,0.0004717438482667136,-0.0007247280250391384,0.0006281925990860117
227.89999999999134,0.0075696430714227245,0.00301753464825986,-9.807810197412222,0.0001552923845188715,-0.0006881583238405402,-0.00020616404911895497
227.99999999999133,0.011817896828845292,0.008076561847988932,-9.807444595309882,-0.0004182984641859491,0.0021035808585186666,-0.0011452999465117399
228.09999999999133,-0.009181147306968238,-0.0004364667747825381,-9.81578771785529,0.0017499856834610563,0.0009851636101414908,0.0016610591235452802
228.19999999999132,0.0001484133008342472,-0.0017970360836050633,-9.807269951379409,0.00041280922937301937,-5.4892289711395386e-05,0.00042389089846324375
228.29999999999131,-0.028166647287310425,0.0069511245812526705,-9.81655196287917,-0.0005647657752686753,-1.8381395456646225e-05,-0.0004467459255273131
228.3999999999913,0.007142732533580201,-0.00494203148224304,-9.803563927793933,-0.0006270888696405864,0.0003754593884907555,9.995395310907074e-05
228.4999999999913,0.0018079273261977708,0.0072002529470739235,-9.810229336663921,0.0009514535060499773,0.0002028914318694318,0.0002865148068998437
228.5999999999913,0.008311366751034546,0.006069680076089184,-9.799200198802968,-0.0004550525544537152,0.0006162037894115261,-0.0006352686224239944
228.6999999999913,0.00400789399416116,0.0003594171081620557,-9.815179689507982,-0.0011553043110563619,-0.00026440405451018444,-5.835561100588615e-05
228.7999999999913,-4.8858196679732985e-05,-0.005055537875040159,-9.79536087434907,0.0007582989459953366,0.0014225609342219956,0.0012565948471656772
228.89999999999128,0.0038063116533970653,-0.010404234851083305,-9.809823215852894,-0.0012166065741203655,-0.0006762086598390953,0.001435579210084428
228.99999999999127,-0.002482009602403817,0.0035185391821825063,-9.809282590006875,0.00010938067007007756,-0.0001517110094596597,0.001486961610078356
229.09999999999127,-0.0005266935770389861,0.005212281281130452,-9.793056697801749,0.0005279922536300143,0.0007791930050443838,0.0005661037572064943
229.19999999999126,0.00508934255492638,0.0034931273128363484,-9.821097784093697,-0.001624088404779362,0.0002611116947929556,0.0006776385120870254
229.29999999999126,-0.006695508592256766,-0.00417207830584705,-9.797497794286974,0.0008163435921109415,-0.0023449613060322807,0.0006777257128162895
229.39999999999125,-0.0011147553207091,0.012859524853881393,-9.811259559862078,-0.001808463266876933,3.7720555486479546e-05,0.0005306007126990942
229.49999999999125,0.012029577470755759,-0.010377569715556792,-9.810635988082216,-0.0006272948447111974,0.00023293366765442518,-0.000982969967628165
229.59999999999124,-0.0036060908344384495,0.009496774285448484,-9.82811494332728,0.001317009957263357,9.308986842601372e-05,0.001097237753036992
229.69999999999123,-0.006287886799016214,-0.012210557688794282,-9.806320175433042,-0.0004697824515957683,-0.000280602276879632,0.0004091724243524616
229.79999999999123,-0.004017547359232977,-0.01627199431238013,-9.793168619358886,-0.0011085707922108654,0.0008042909419970145,-8.506425881395869e-05
229.89999999999122,0.007457936495825951,-0.0010556209030824432,-9.807550195137207,-0.0006763984903305213,0.0006773631373125145,0.0006895919223496478
229.99999999999122,0.005168988965406189,0.007438956486131232,-9.806662252839795,0.0005240318788944754,-0.00039352738184746843,0.00047565460811152223
230.0999999999912,0.014623835032170721,-0.013717245942169602,-9.824877136943845,0.000810764906650146,0.0013963017815740932,0.0001907055341754832
230.1999999999912,-0.009395504519553528,-0.020060248447051073,-9.80648563612806,9.104494310151193e-05,-0.0006317295877064536,-0.00017967754439174793
230.2999999999912,-0.009803060668192613,-0.005831393212576026,-9.803767407625024,-0.000641648745325196,-0.00013388498504719412,-0.00040472171522088206
230.3999999999912,-0.003002038574424333,-0.017909281593222744,-9.805039836685163,0.0004420626847936119,0.002169346315668883,0.0013667248463670328
230.4999999999912,-0.008709206766466826,0.00835430352209256,-9.80553038288231,0.001123649640403177,0.0011132922295492317,0.002084992410712809
230.59999999999118,0.004651939285182192,-0.0065413865160107885,-9.823327740603048,-0.00033577189522589565,0.0005796891872331488,-0.0002900787781101669
230.69999999999118,-0.0085758553549096,0.0005575266184388752,-9.787059092167906,-2.744270830747377e-05,-0.0008285327547994363,-0.0005328957011085763
230.79999999999117,0.003854190853315481,0.026533383841802847,-9.794171450644132,-0.001392743909467891,-0.0002903213717049147,0.0006776267430271026
230.89999999999117,0.0038374511971900724,0.002231297171444744,-9.801132728105195,0.001125651026676971,0.00040321298729789894,0.0016209268018921666
230.99999999999116,0.0026928728834339105,0.002385093382255418,-9.808788101096084,-0.0010537337111436646,0.0011965251788007756,0.0006918583337793034
231.09999999999116,-0.008331323930024356,0.0044273987778220445,-9.810800886707026,-0.0004857264910883142,-3.884218804031107e-05,-2.2223771170990534e-05
231.19999999999115,-0.005318685884102111,-0.005224720260883632,-9.801718469242733,0.001288414175196511,0.0015763412162875892,0.00016525126954333372
231.29999999999114,0.016627497014920577,-0.0007029284349317157,-9.816650896368369,0.0025930289057644568,4.1394185914536576e-07,0.001050352751737054
231.39999999999114,0.018504168353920467,0.004913322628049714,-9.822516673457827,-5.4543558633774055e-05,-0.0012746508169985092,-4.3158246626855856e-05
231.49999999999113,-0.009473587969296543,-0.008257743467394473,-9.797127487288995,0.0007900385398752676,0.0019030221482509988,-0.001367638228960259
231.59999999999113,0.0019052654981749479,0.0036901818073058635,-9.808248188657602,-0.0006988727983569917,0.0013980876025443602,-0.0011672858688594543
231.69999999999112,0.018774731639946,-0.01888178559733516,-9.800442924262,-7.003617817534086e-05,-0.0002454886128185754,-0.000707600105659002
231.79999999999112,-0.009016745060008496,-0.0016478402214486533,-9.801399674462418,0.0001621335106097761,-0.00027766866348775027,-0.0004633989514971231
231.8999999999911,0.005537595615689538,0.010576139955589876,-9.817603815344174,-0.0017041812716433646,-0.0005032687876663533,0.00119244337968408
231.9999999999911,-0.00476087768787442,0.00031692773642530127,-9.828020103890578,3.7835534946126646e-06,0.0007724154802843439,0.0008127988839142843
232.0999999999911,-0.003419296228438599,0.006369319974075934,-9.811707799590367,0.000800464108996946,-0.0020907949041463854,-0.0007133973538064554
232.1999999999911,-0.006555812837297634,0.02035099960925503,-9.823134640823845,-0.0001573833146447542,-0.002294812564270024,-0.000489734751913832
232.2999999999911,-0.00039259904759558756,-0.009900328030710849,-9.810164483399758,-0.0009924463240586986,0.00024156926882672953,-9.65493598764701e-05
232.39999999999108,-0.004065381086003986,-0.006474153930331196,-9.824734142765273,-0.0004411542439042853,-8.908491431640433e-05,-0.00033918099488710403
232.49999999999108,0.0026912305305360237,0.0013184704756529762,-9.794798702490457,-0.0014219675663329219,-0.0009563308538712195,0.00034647803688332495
232.59999999999107,-0.00475609504748032,-0.01130155085460247,-9.813760983472864,-0.0012506257597575364,0.0009328158921550825,-0.00022748842419075736
232.69999999999106,0.013480069066681304,-0.011229571070175597,-9.805611519819237,-0.0013119817400896404,0.001336647323953848,-0.0006169524501142764
232.79999999999106,-0.00944799428301397,-0.004886880313797453,-9.821940905519668,0.0006162492080491065,-0.0004980658336155418,0.001022399553024185
232.89999999999105,-0.009368370462854497,-0.001666806709503452,-9.811797412813467,2.6444190100084083e-06,0.0003523588467235452,0.0005985609472624275
232.99999999999105,-0.00043105840074966604,-0.001470169436560607,-9.7954264319714,-0.0007835671330498335,-0.0012276608032045983,0.00040314566441264615
233.09999999999104,0.010613378289535827,0.004958401056877617,-9.807050394222223,-0.00337823341691436,0.0006881053053458324,0.00022098427034560663
233.19999999999104,0.00876583549949474,0.0075472253150731285,-9.804037110333757,0.0009354490637467524,-0.0008015303000610575,0.0002804398354714245
233.29999999999103,0.0012164861302768613,0.0011164205475093594,-9.7975231602524,-0.0004979395029113846,-0.0006791235612493815,0.00044252712039912466
233.39999999999102,0.016141093585394846,0.014355868240696387,-9.805861394428478,-0.0016856640255299056,0.0009131931817353558,-5.219344492559913e-05
233.49999999999102,0.003097122161011335,-0.015749824400790556,-9.816487647295524,-0.0017551979590265067,-0.0003315948741682562,-0.0009070004555328852
233.599999999991,-0.012345498216030591,0.009025774702294457,-9.79880109821246,-0.00163986268303532,-0.0006136160390480154,-0.0008799984214292628
233.699999999991,-0.020199385297659425,-0.00845085747137359,-9.788879930366493,-0.0010900784900128527,-0.0017208714743407755,0.0007273540867568609
233.799999999991,0.00716477322572924,0.0109545780646605,-9.81834305382605,0.0007900476803285776,0.000801343700925765,0.0006071770891727028
233.899999999991,-0.001946862197197583,0.0029355039795687216,-9.819900225250553,0.0006739657971764972,-0.0004120471332766201,0.0015319586975323686
233.999999999991,-0.012172115390432678,0.007082989121552764,-9.821452845093177,0.00043968736744337344,0.0006929400714323868,-0.0007848310801726144
234.09999999999098,0.01893012075178986,0.004293800332779311,-9.810260950981162,-0.0002700330728225204,-0.00038285429830004235,5.3546681400942586e-05
234.19999999999098,0.0030176609973877958,-0.017427542925815352,-9.814783124133335,0.0004925810993556832,0.0020125509515984573,-0.0002204508850149015
234.29999999999097,-0.0014759716645947054,-0.0031140038660961654,-9.802635740054372,0.00018322914577744304,-0.0008493918533097004,0.0016272334301373561
234.39999999999097,-0.005237893043967196,-0.010042082118085953,-9.806239606276058,0.001016662890007412,-9.415962340955509e-05,0.0022227645399831328
234.49999999999096,0.004498903022645991,0.00411331523989578,-9.819432451118102,0.0012803043781798393,0.000198721930578453,0.001591907866252616
234.59999999999096,0.010673716769274831,0.01053241195107207,-9.80065796371565,-0.0002500544002023891,-0.0025174610359947123,-0.000984934073479223
234.69999999999095,0.00366126483283029,0.007852771626406357,-9.815870608262562,-0.0004925521570932447,0.001472187916740949,-0.001045328293924724
234.79999999999094,-0.0015148165863447542,-0.001965107239167597,-9.8184861581375,-0.0005378438835616554,0.0006322688408857343,0.0003717502084314724
234.89999999999094,-0.0016498591370362288,-0.007186330098719781,-9.815687223872454,0.0004978053971547018,0.0005439384067397567,-0.0008571772463063786
234.99999999999093,-0.004162470119973989,0.01920737809363885,-9.814193148978582,0.0006391110571969872,-0.0006182422046555187,-0.0013430066932708412
235.09999999999093,0.005702772481592895,0.0002053609185614778,-9.806634505980098,0.00010185790786621552,0.0012422962041409424,0.0003050218600773418
235.19999999999092,0.006088804353186189,0.012312998499392287,-9.80256971610733,0.0010368183639439027,0.00035583170934443484,0.0011326646509209868
235.29999999999092,0.008082617065187415,0.010047387559300527,-9.818429890199317,0.0008147857766651109,-0.0005617905369866267,0.001094269969216231
235.3999999999909,0.0022019326109975934,-0.017739610690393006,-9.818371926205236,-0.00020917457741098335,-0.0008659771748916534,-0.0008745210404316205
235.4999999999909,0.023224779636113406,0.0023709585806233322,-9.795355404272364,-4.91048682739775e-05,-1.506474391936824e-05,0.0002931104032919258
235.5999999999909,0.014726957736924087,0.004461061147608057,-9.814628866475232,-0.0012654477270869864,0.0002558349848068078,0.0007015536554424162
235.6999999999909,-0.005121743944674175,-0.013153026456406522,-9.825493924123398,0.00027365423099364334,0.0004903728385616241,0.00032147738044685655
235.7999999999909,-0.0012184185288414428,-0.002944398629796393,-9.793361946174691,0.0013776743854613245,-0.0006881985237590172,-0.00218674611333149
235.89999999999088,0.006191109294497155,0.006670011780710879,-9.807123634080925,0.001202737101048046,-0.00011022389755452082,-0.0007600457322456955
235.99999999999088,0.008053206063124879,-0.003227462178354441,-9.805236220195118,-0.00015155124592586026,-0.0015548462844678383,-0.0015863085917553897
236.09999999999087,-0.014467616475744224,-0.006507648148818649,-9.794266437404053,0.00023809443426957053,-0.0010567767841024218,-0.0008649453567718375
236.19999999999087,-0.010786368749976934,0.02240944971272444,-9.81855137391385,0.00041604982099548903,0.0005451189197140157,0.0007558597257984099
236.29999999999086,0.015358976887445983,0.00724683287587926,-9.8053454940192,0.0014119860189596091,0.0009809482411841425,0.0007173649563641069
236.39999999999085,-0.0037929530137581565,-0.0044523191748608,-9.80900014873398,0.0003291313178035942,-0.0018949956104385476,-6.792427567851197e-05
236.49999999999085,-0.010453125629177303,-0.00935993880356956,-9.80429428871449,-0.0018266995717651341,0.0009270608289495602,0.0010749980014651455
236.59999999999084,-0.0025979491764370616,-0.010311672106309651,-9.811182870359545,0.00254419131404552,-0.001719626956741405,9.44776029731096e-05
236.69999999999084,0.012680256999001355,-0.014516175957068486,-9.79798250548139,-3.546363449314362e-05,0.0011783399837918525,-0.0007857322274658936
236.79999999999083,0.0006741350625358522,0.02189963511546023,-9.805460728516683,0.0007959891519724962,-0.0003765344641373623,-0.00035163323593210595
236.89999999999083,-0.007158087623122466,-0.006662852717573411,-9.813186075102617,-0.0005183130963054181,0.00019525587156023777,-0.0009168004703900038
236.99999999999082,0.009551876074159795,-0.004800154988228516,-9.8044860199332,0.000772096158672181,9.760487233626202e-05,0.0012498215225574612
237.0999999999908,0.014399638795707825,0.005937210093245651,-9.810814393351063,0.00032895179535070247,-0.0005932500916915511,-0.0018743567505771093
237.1999999999908,-0.0028116969753342,0.006520790320680737,-9.809893890516067,-0.0004212163094203089,0.001149236957591864,0.0005257996794501194
237.2999999999908,-0.012669880220568197,-0.007412491551873971,-9.796779817534519,-0.0009085512999673097,-0.002849078344235964,-0.000834986631252032
237.3999999999908,-0.013533826833770732,-0.01398888983806458,-9.818162764939673,0.0002548978806865788,0.002158888320204417,0.0014356565375192203
237.4999999999908,0.008027262253001984,0.017628546960674143,-9.8053993064962,0.0005882267560459699,-0.0006098681858190073,-0.000492783051085203
237.59999999999079,0.004063105382061311,0.0035826145967437608,-9.807372593837705,-0.00013155518419589042,-0.0007269042665332695,-0.001429440582708935
237.69999999999078,0.003795607977963129,0.0102805522238424,-9.815918398111176,-0.0013651919959476273,0.0011842899423381867,0.0008025730523048237
237.79999999999077,-0.014305597206879045,0.01486126316503872,-9.802144845887641,0.0008501292986304181,0.00023557118888085232,0.00030027348012898295
237.89999999999077,-0.01695987523591398,0.004075644418370792,-9.820931803307829,0.0003354306919384835,0.0006702056531806436,-0.004038946889382863
237.99999999999076,-0.0061480628031156375,0.01323591921011114,-9.802963876084274,0.0002778571872502218,-0.00019419108196239775,-0.00017962738027671324
238.09999999999076,-0.00991187895074757,-0.0026597276289740063,-9.798675904007474,-0.001838285022601195,-0.0014700964006875985,0.00022760377520298394
238.19999999999075,0.006023009988600154,0.015359734390665042,-9.806401056930213,-0.0009456011241552396,0.0003084501072728032,0.0006037608912203252
238.29999999999075,-0.00037116677718383164,0.01544580329817547,-9.802076959322813,-0.001763069170863555,-0.0013598289436188918,0.0018588216994519543
238.39999999999074,-0.0005643534788144822,0.006592234109115557,-9.817835000014687,-0.0013305705504032845,0.0012805730859726913,0.00039654651867119124
238.49999999999073,0.012205266416470848,-0.005175195300498459,-9.829758393184928,-0.0003438769346320027,0.0001930581168532761,7.449779711217312e-05
238.59999999999073,-0.009907570706059306,0.01923690432386066,-9.80090516942119,8.116358662365685e-06,-5.464223550395791e-05,-0.0003002410704796554
238.69999999999072,-0.004377775639065516,-0.002039468739440083,-9.80650171434803,0.0006998943416796944,0.0012240864458093997,-0.0010640382391477097
238.79999999999072,-0.01620429676852135,-0.011864954755684807,-9.811789926415601,-0.0005186059517811703,0.0004942186270810259,0.0019780769579867082
238.8999999999907,0.0180354747814739,-0.003188557986397822,-9.831411175367768,-0.0008073318354570994,0.00019713188980993672,-0.0004095192785916403
238.9999999999907,0.0054452935456210105,-0.004338784354908637,-9.82070231261123,0.0024689653629814943,-0.0011008160336902298,0.0013100603414773482
239.0999999999907,-0.011657497162678004,0.007932762332048308,-9.79364406711854,0.0002648216632573672,0.0005657177977572299,0.0008532212808894876
239.1999999999907,0.003804224237850616,-0.01084466410656763,-9.810531992189084,0.0008281788172276801,0.0009376404270212373,0.00040858984215687657
239.2999999999907,0.004843996078744415,0.012664271276539296,-9.807225488750761,-0.0012947293711279401,0.002616589613843184,-0.0003405873851825558
239.39999999999068,0.011797406949274367,0.008674190119295662,-9.78662205706873,0.0009313278696193007,-0.001177702956176441,-0.0007677555534284627
239.49999999999068,0.0031291809828984853,0.00019513514681068146,-9.810944606555694,0.000607546288976718,0.000494376191977068,0.00022620997770602866
239.59999999999067,0.009554291793093403,-0.01773242936419598,-9.804439724332587,0.0009730072979196442,0.0005758129036202411,-0.001123407831046475
239.69999999999067,-0.007443735189909867,-0.01174989990048033,-9.811594178701448,-0.0003785266390104581,-0.0013875344019553717,-0.0009273421446018184
239.79999999999066,-0.017704081805641935,-0.018311089593526408,-9.807904795397663,-0.0015744061629589421,0.00036564491420544435,-0.0005028462320943546
239.89999999999065,0.00909954824119136,-0.007339168090171003,-9.81056459870237,-0.0003189838004257436,-0.0006898240672556998,-0.0005255523462615958
239.99999999999065,-0.011087539591462654,-0.005737683788009571,-9.79537963515074,-0.00033059567942323327,0.0010743795775111393,0.0004368060062205616
240.09999999999064,-0.004514601527671081,0.0005963998494585572,-9.8038249073561,0.00016919745832434278,0.001929947158971482,-7.16859419055272e-05
240.19999999999064,-0.000792011536139893,-0.006684975284079559,-9.812825352888296,0.0004576264351591508,0.0004243052014017785,0.00023014543714555187
240.29999999999063,0.006445094106795021,-0.0005207957750727806,-9.812594437087748,-8.967102226100227e-06,0.00189436765142179,-0.0014947626433812952
240.39999999999063,-0.0024439573827153734,-0.00810244873765532,-9.822739426474001,0.001028667737907804,0.0016430535970371452,0.0013306484282873598
240.49999999999062,-0.00372390490393257,0.006726924102041863,-9.82669240593194,0.0003134953882602638,-0.0010338542019353622,-0.0006954721266781408
240.59999999999062,-0.009558250345534688,0.010703447064019501,-9.824186269692678,-0.0013995355205798253,0.00021239254228160742,0.0015557975126756403
240.6999999999906,0.006081651467947661,0.012657509989926935,-9.809623448457938,0.00030643770363053926,0.0008822499618890639,-0.0004818707343128042
240.7999999999906,-0.0036019254999694523,0.0018111854846955867,-9.81663909924409,0.0010462479461930355,0.0004587719611301878,-0.0005190652817657315
240.8999999999906,-0.004105976396735285,0.018115109342025232,-9.79486370967244,0.0001805815010992609,0.0005396424748001564,-0.0011705481939994393
240.9999999999906,0.0070114772106367115,-0.005418915300934711,-9.82264515451213,0.0004944243401570603,-0.00038091078304708777,8.913059765043352e-05
241.0999999999906,0.013876813703272825,0.013255988781152472,-9.796400765444305,0.0005787750800774582,-0.00017428585772821196,0.0007765461651203351
241.19999999999058,-0.0032451320560172386,-0.012408830338917994,-9.815396216093307,0.0013879922399206925,-0.00014432983994178792,-9.531509994047734e-05
241.29999999999058,0.0029244308812314363,0.004631837862657639,-9.807529238978649,0.0008090189957786738,0.0015043048056937762,-0.0001792999744030344
241.39999999999057,-0.003841692980223807,-0.011094494054687659,-9.799583243069769,0.0004133869499406687,0.0011268831306097955,-0.0001269783943065803
241.49999999999056,-0.0006283043388134709,-0.005730452734054659,-9.8135419781118,0.001847959082418235,0.00047804542736926375,-6.077538972566562e-05
241.59999999999056,0.020674438723625923,0.004136143543983643,-9.811786403537026,0.00042110484041955084,-0.000868707375805383,-0.0009403144197398225
241.69999999999055,-0.0024508689980058777,-0.0007026068482455554,-9.815180565002802,-0.0008841310909908347,-0.0009531637347978943,0.0012031194284741974
241.79999999999055,0.0125511969660376,0.003067698764966279,-9.818817954320584,5.261904056363394e-05,-0.0012870473538164973,-0.0005826954054151468
241.89999999999054,0.010298706445730622,0.007275377053258009,-9.811471015209593,-0.0003518829887225004,0.0012615234246070293,-0.002387854145974147
241.99999999999054,-0.01581761559207836,0.0010846040512156065,-9.824326279984797,0.00027498960341734686,-0.003366119326560728,0.0006878875548597777
242.09999999999053,0.0103673728038417,0.0069117404155984285,-9.794093415023942,-0.0006708597249522752,-0.0006555988125758624,-0.0006891885023510959
242.19999999999052,0.016070300905076274,0.011058768216896164,-9.820895282770797,7.727751142543321e-05,-0.0014129488302430904,-0.00028936632681196843
242.29999999999052,-0.003879118594666115,-0.004984580501379974,-9.798544768050219,-0.00028318368711746324,0.001475892338869966,-0.0013332945467360463
242.3999999999905,0.006271920408330407,0.004569007195970977,-9.819381682331883,-0.0007467670255245177,-0.0020438709576270707,0.0011648891662156856
242.4999999999905,-0.010003410591967455,-0.004857488747238257,-9.8074809894235,0.0007064935913000922,-0.0012740078649311575,6.088033413507056e-05
242.5999999999905,-0.012435994614927207,0.007220685641727148,-9.828500779238128,9.695282279221208e-05,-0.0005617994112431207,0.0007981837321742794
242.6999999999905,0.0032964337850997826,-0.012489367411764573,-9.794228269012601,-0.0007675124978601586,-0.0007906552690264723,-0.00037790527687653694
242.7999999999905,-0.014664228793077725,-0.007601287277082302,-9.831266745368131,-0.0009701057863531063,-2.2322779793419277e-05,-0.0006613869093904284
242.89999999999048,-0.0018424564926938043,0.006453406608151864,-9.799063917872557,0.0015203034370443625,-0.0015702997257001476,0.0017951898971484595
242.99999999999048,-0.000710764468345849,0.01260270517334908,-9.807790548689283,-0.0010320582190212694,0.00011085117848918159,-0.00016589559822369928
243.09999999999047,0.012538958290100478,-0.016798728889883967,-9.808392996392868,0.0010020048098569243,-0.001710809358733269,0.0003768249446160047
243.19999999999047,0.004787511422723707,0.019080809396382233,-9.809816746038116,-9.557129434630049e-05,0.0006747819155916904,0.0005026134115730375
243.29999999999046,-0.013390490582767159,-0.009448012744477317,-9.827859604525713,-0.0005713678456848525,-0.00022357346135387112,-7.597811536419436e-05
243.39999999999046,-0.0036065956285213437,0.011318748905993681,-9.80206978268464,0.0011307905972605219,0.00024297002348659395,1.9307457364415915e-05
243.49999999999045,0.0023660163160396964,-0.006404572738682718,-9.812775685394955,0.0018198479027252462,-0.0004970811990200026,0.00044125182445892033
243.59999999999044,0.0005433819469500817,0.00999954407500601,-9.797102724238927,-0.0003425210761819771,0.001039018849851339,0.0017760055726741832
243.69999999999044,0.0009440894070157877,-0.0026508403167383177,-9.815440940666885,-0.0009585508957213625,-0.0017820125010932731,-1.835896532599369e-05
243.79999999999043,0.0009514513560762868,-0.020838546978353457,-9.792568334000054,0.00041454806365132026,-0.0016774886131419482,-8.83026292048721e-05
243.89999999999043,0.0003101158047397662,-0.0037847251900624853,-9.815437028663862,-0.00010517198002819194,-0.00159613423935008,0.0003615373643679016
243.99999999999042,0.01956366218937848,0.003956992709413042,-9.810959355652535,0.00012989644390198142,-0.0003805673490111088,0.0010236843538836858
244.09999999999042,-0.004930379212622292,0.011623602029889242,-9.807005650856333,0.001018404938700229,-0.0007380622937580546,0.00148058704464562
244.1999999999904,-0.02273203178591448,-0.0007432002304077947,-9.800316947188945,-0.0005683381012419068,-0.0015483599127080814,-0.0002225542910766215
244.2999999999904,0.016594469796128716,-0.007117017346006945,-9.796710538275851,-0.0006068581700273074,0.0006757435053381677,0.0013413981908705183
244.3999999999904,0.007963093348344602,0.001709502292255594,-9.807992333738492,-0.0004067345898370843,0.0010096676937356715,-0.0003625459851276561
244.4999999999904,0.0026982954624694445,0.00494281348860996,-9.817652186683686,0.000886101310286771,-0.0009316626803563527,-0.00028910343778209565
244.5999999999904,0.013992061080641344,-0.0122369325035453,-9.830835298678732,-0.0012295207239683638,0.0015758095740028197,0.0007390704015271832
244.69999999999038,0.002833660429187875,-0.003749918130476061,-9.81404197146151,0.0011581546875263694,0.0004559763783697734,-0.0004647459926453673
244.79999999999038,-0.004059234709354477,-0.016372138832147685,-9.805319747434377,-0.0004779281320839185,-5.4450272563298695e-05,-0.0005287527814928428
244.89999999999037,0.00649273425107207,-0.017561447604739596,-9.805200851143082,-0.00010025384708455684,0.0018812523686532335,0.0007808781590349806
244.99999999999037,0.010589553028491268,0.0038176905694198267,-9.822950790848207,-0.0009011139422973638,-0.0006720734802341809,-3.084948807516021e-05
245.09999999999036,-0.003723226277675755,-0.008440375056041656,-9.81156253562796,0.0007314228999905971,0.0012163582951275796,0.0006761319762870125
245.19999999999035,0.00525745740876567,-0.0016290519372306545,-9.825991079574425,0.0006017404135791936,-0.0013659315827160433,0.00047902488462562686
245.29999999999035,-0.01812744104324208,0.004817751719848113,-9.81049674463723,-0.00011926082414933368,-0.0002682894536956528,-0.0004745344001336363
245.39999999999034,0.00031305392944441335,-0.010084179319049784,-9.79142749907684,0.0009986391729779433,0.0014339266173775656,-0.001846437991160025
245.49999999999034,0.0029397738616300756,0.0006694137321739189,-9.82262025800159,0.0014204247742696772,8.545189617622701e-05,0.0009877871244027424
245.59999999999033,-0.0023391661764128784,0.0014519172596255175,-9.809020306354348,0.0017851527670685581,-0.00037219975070590855,0.0007041548370435242
245.69999999999033,-0.016861302980244228,0.009011281158379044,-9.820798899507823,0.0017637256343891966,0.00015102544182907043,0.000489729964179109
245.79999999999032,0.003968680232248355,-0.009171140598478742,-9.80573466699742,0.0010710107562766841,0.0004541115202990645,0.0010949235603740673
245.8999999999903,0.008922993538652028,-0.010924144826712332,-9.797767517094172,-0.0009380540556777654,0.0005421485477032298,-0.0013501143440651446
245.9999999999903,0.01986739634945148,0.016224868200475872,-9.802739012148992,0.0015108775060685739,-0.0004182024095875225,-0.00015959172324006747
246.0999999999903,-0.0017547447916435703,0.0027106919921420242,-9.82575041597448,-0.0004995073027075042,0.0004147999269522982,-0.0009244139869198817
246.1999999999903,-0.009118489311840032,0.009466685750890555,-9.806552442918449,0.00022824919716340485,-0.0017088481649574071,-0.000767699268650939
246.2999999999903,-0.0031187068148984965,-0.008493263400432367,-9.80427752255512,-0.001203043829815003,-0.000274190319914579,-0.0008089947937717764
246.39999999999029,0.018029151547104785,-0.0037106457303248274,-9.81655571773663,0.0005668946948996013,0.0003183102271379525,0.0003643017323725518
246.49999999999028,0.011458757913047367,0.011617443170403792,-9.809611375980543,7.257426179838149e-05,-0.00010798266633073424,-0.00033366314585188276
246.59999999999027,0.003346745673848346,0.0031174597538050253,-9.802892069876119,-0.00020818862817529544,0.0006161511913604272,-0.0008664874259410193
246.69999999999027,0.0017359016846339814,-0.02045659423293879,-9.807448401199336,0.001422531050544973,0.00016407704399075044,0.0012010363096937805
246.79999999999026,0.002552996395819109,-0.001292260338495704,-9.809819405775519,-7.836314849322062e-06,0.00020531289791789146,0.0001952906352085202
246.89999999999026,-0.0019534604851953567,-0.003656460170185186,-9.814407475637553,0.0007450880604605634,0.00041245852003453257,-0.0008595122990521185
246.99999999999025,0.010357246724075113,-0.003848914524107417,-9.799289324492502,0.00014889854846189898,0.0010154548078646357,-0.001007617299339226
247.09999999999025,-0.010856055971172361,-0.0020066947147308386,-9.793637466936177,0.0006544043182610872,-0.0006199744383297614,2.8876391237950432e-05
247.19999999999024,-0.01808014713169363,0.016063924126244175,-9.835726241227986,7.323438891282674e-05,-0.0011513105209880797,-0.0010595325517304892
247.29999999999023,0.012310472438071715,0.010144505961652816,-9.812426788710553,-0.00021717884614857555,0.0017261179834044105,0.0007532258592984944
247.39999999999023,0.0180748231051325,0.007153020107696246,-9.817598818055593,-0.0004956951966454754,0.0010900134478329007,-0.0006088599127260485
247.49999999999022,0.001430702565409682,-0.016016741919259107,-9.818553702333016,-0.00024518735130138274,0.0006010906721994433,0.0010972623899334676
247.59999999999022,0.01396361839876845,0.015225356172696552,-9.82800246974862,0.0008203655011109507,-0.0007200524144997791,0.0014240902102923868
247.6999999999902,-0.0014137390236882213,-0.008300329936900172,-9.817268128510284,-0.00012325701952329034,-0.0013942177162948246,-0.000441784682303977
247.7999999999902,-0.018038416963555463,-0.002683297311223088,-9.80386897332071,0.0005264849486106357,0.0003134263903911519,-0.001231359391072348
247.8999999999902,0.003881303509823887,-0.01418658256112829,-9.807736644216483,0.0014561708782528074,0.0006115250130196369,0.0013333732444768254
247.9999999999902,0.004901802264641283,-0.0004969467076048356,-9.802332684392223,-0.0008280352353224789,-0.0012654594664634367,0.0005142027137798781
248.0999999999902,0.0003876848412184022,-0.011510596035889034,-9.829673586014769,-0.00034891005875798325,0.002956448629264306,0.00042272729185833955
248.19999999999018,-0.007013482449531339,-0.0050242003459900495,-9.815989361543949,0.0007774978707955298,0.001247280784224577,-0.0011529573365142904
248.29999999999018,0.0020861436377700568,0.017184007571257015,-9.795883276416076,0.0011367505652679524,-0.0011501784079431983,0.00036331341506256747
248.39999999999017,-0.0005417672813959814,0.0050549978413144386,-9.805565251775052,-0.0016994498102312192,0.00048611630228630697,-0.00025068833534014156
248.49999999999017,-0.004443204495430255,-0.011995231102593033,-9.81657267384854,0.0009645273803585193,-0.0004454126989334408,-0.000351750564979486
248.59999999999016,-0.00042920169268514317,0.004884683360810954,-9.823524784963773,-0.0003379400327394676,0.0002527742484464527,0.0015940184080918442
248.69999999999015,-0.008358781726572647,-0.005204261383932384,-9.825963779714389,0.00024851088762990005,-0.000522672601830232,-0.0006072123407325008
248.79999999999015,0.002631799495893322,0.004635199614038747,-9.820638802401065,-0.0006152143122789624,0.00022232393564870036,-0.0010390799132584405
248.89999999999014,-0.014260556089658535,-0.0075691502085149,-9.817159036002826,-0.000635282881791121,-0.00016844986986378873,0.0006872803945612221
248.99999999999014,0.005149396288692948,-0.002265315552968344,-9.808323814082675,-0.0004691172746911662,0.00014869725900248625,0.0025059398466896164
249.09999999999013,-0.0033669289884196334,0.009446091032030353,-9.810324980063994,-0.00023757034232684432,-0.000644500673046251,-0.00046920243827361596
249.19999999999013,0.007671221959380117,0.0032565002521705434,-9.807013802020224,-0.0012233686028517337,0.0005158708375741974,2.4338407013732457e-05
249.29999999999012,-0.005062154999637668,0.003004551033548198,-9.827923579520379,0.0003923601248417247,0.0014547901293224276,-0.0008692270212140305
249.39999999999011,0.01707421138010972,0.003555720571946822,-9.801189208685518,-0.00030041042903798865,-0.00039686020914382326,-0.0014571191886483155
249.4999999999901,0.009143922572581271,-0.008592316337284946,-9.808600482394246,0.0006558216327178106,-0.00030450471917077587,-0.0012654884856447535
249.5999999999901,-0.012124698421472858,-0.021827323869217305,-9.825525310071647,0.0003254431109948934,-0.0015075956485144767,-0.0020537418144109826
249.6999999999901,-0.004128596745241247,0.0035881875840080256,-9.807757477154865,-0.00027299434357741764,0.0002579457305363066,-0.00013403191562035778
249.7999999999901,-0.018737757522868905,0.0062458172905444,-9.816347355457431,0.0006488193874344967,-0.0006872095278838156,-0.00120098253038107
249.8999999999901,-0.014834769712741653,0.0038326176425595685,-9.799635639144077,0.0011724941990324728,-0.0006118316076510128,-9.044303849537806e-07
249.99999999999008,0.003322231760694981,0.017041190162722472,-9.801279359644713,0.00028502907937965276,0.00037789415387106805,0.0007701778227188147
250.09999999999008,-0.018479310673607058,-0.006810584992442679,-9.799486658603854,0.0003961989331071522,-0.00036296754701202466,-0.0005357243984794625
250.19999999999007,0.0002459189893760928,0.02585788982038411,-9.829681701402732,0.00022155000169036241,-0.001585388026694517,0.001388572752520216
250.29999999999006,0.0030302042471527153,0.010475154121951276,-9.81896947535533,-0.0007757681974146024,0.0014743299568747436,-0.0014259585006362859
250.39999999999006,-0.013190283086420831,-0.01399456000425163,-9.79896549207317,0.0005987657194034282,-0.0005937337677916556,0.00105547343372489
250.49999999999005,0.012500055640576551,-0.0015877270272043114,-9.808291524774745,0.0002520179580416697,-0.0012562759326116054,0.0009550282491888629
250.59999999999005,0.0059842277077928685,-0.008616806932663236,-9.789807977795897,-0.0005215527367246861,0.002241624556752269,-0.001129637568516181
250.69999999999004,0.0048772058732979755,-1.5269417056098927e-05,-9.812023828653844,-0.00022932908259102388,0.0005661085431743136,0.0005145747532697319
250.79999999999004,0.0055267988883408595,-0.011635632885899836,-9.817821167574152,-0.0014165540867608658,0.0008698459324050871,0.0007497891966716318
250.89999999999003,-0.003338818942404003,0.0003967203778549191,-9.804872394974558,-0.0019966513899137965,0.0002787925697893729,0.002648687042877062
250.99999999999002,0.0012273524137102357,-0.019341737849881874,-9.816764584969523,-3.565833875260515e-05,0.0025143834202696583,0.0007665260920400919
251.09999999999002,-0.0017369116573205882,0.005110439385649495,-9.805809934702012,0.001311609190572962,-0.0011191919931597826,0.0005395334491894213
251.19999999999,0.007704396280338952,-0.008037107721252464,-9.821005891749612,-0.0002696806194059158,-0.0014708359347490086,-0.0010283897017029345
251.29999999999,0.001408538035629424,-0.009669475214122968,-9.808497012899034,-0.0013548313847401054,0.0002672891818198166,0.0009113603680583982
251.39999999999,-0.005237647302559944,0.004381444652260225,-9.829790497280225,0.001138423218436326,-0.0013826536568288749,-0.00085836010392859
251.49999999999,0.01744570454143344,0.003828919450678085,-9.803697808606511,-0.00023147294662936955,-0.0009590962394070106,-0.0003324655902892419
251.59999999999,0.0005977433871079098,-0.0033173440195938663,-9.808758378035826,0.0013414200403194937,0.0013865412590550058,-0.0007996870331940971
251.69999999998998,0.0011529588743357413,-0.0036253988843753283,-9.812240574866163,-0.0004626587911577202,-0.001403293251576483,0.0003858295677457793
251.79999999998998,0.012841592515810447,-0.014272295762638085,-9.814693273610581,-0.0009350061390549502,0.00042294814837684594,0.0003084171702752346
251.89999999998997,0.007469374043967526,0.010175429028919521,-9.794404108975266,-0.0002564799650940681,-3.793958506366581e-05,0.0005083367774310302
251.99999999998997,-0.01573762144140885,0.003463524657405626,-9.80634428275483,-0.0015090341175994244,-0.0016686313377596732,-0.000305104097009456
252.09999999998996,0.006640907252497964,0.002147591568723509,-9.803153999781866,0.001576290839725832,0.0008028920739439526,-0.0017988875741591398
252.19999999998996,-0.015137648968686421,0.018877484186057527,-9.813287140187466,0.0012024214883269932,-0.00017292996950084232,0.0006968598940053494
252.29999999998995,-0.007539507418163206,-0.012602339937832234,-9.824842128534204,-6.001596918080112e-05,0.0013304311891210751,0.0008832921378709621
252.39999999998994,0.0051535243423587165,-0.010844356969006139,-9.803809170515667,0.00016125207112159754,-8.764250058800953e-05,-0.0005143918991072626
252.49999999998994,0.018989952389149804,-0.011216263906572252,-9.819400002831282,-0.0018244584401697825,0.0005131250138778507,1.4130315348112049e-05
252.59999999998993,0.028492531343576624,-0.0010054745752950307,-9.809123005474794,0.0007624204195134328,-0.0014629488736544246,0.0002587480609256307
252.69999999998993,0.006686858667890634,-0.0072816722040774315,-9.795725326037964,0.0006751729365241995,0.0006515456380119356,0.0003321005914592789
252.79999999998992,0.0019502659590503583,0.014757287145527922,-9.801802746353767,0.0003295924688024831,-0.0002195423272006274,0.000253083983701197
252.89999999998992,0.006406493499979441,0.007105875524263909,-9.81478569975065,5.4395436328726266e-05,-0.0008790507518552282,0.0009278120727130477
252.9999999999899,0.007795882105917245,-0.016944487030484547,-9.798329208715941,0.0013578408636176975,-0.0008089307868324663,0.0008103900619496796
253.0999999999899,0.007201375679645931,0.005603610684926631,-9.798278694224537,-0.0007461600206082997,0.0011015218738614808,-0.0008259886503517889
253.1999999999899,-0.00823312483331501,0.0038465535847581394,-9.815486873227233,0.0017527972585298464,0.0006365512515502575,0.00029857036033397133
253.2999999999899,0.0025803407345256425,0.0032985266580014857,-9.806232673102018,-0.0002169640000277214,0.0007429163904981899,0.0005795745445840483
253.3999999999899,0.0008430559582151618,-0.003377327811075637,-9.815298261689842,0.00045081080114509726,-0.00047160418264129643,-0.0007894954880222958
253.49999999998988,0.02644278876618165,0.002539012626109144,-9.80880449466873,-0.0023573748066075427,0.0008010099543955581,-0.000512190252817283
253.59999999998988,0.00018981839030244,-0.01208645947371912,-9.809271412792704,-0.0007854412292638518,-0.00013803077424137254,6.598837569498594e-05
253.69999999998987,0.009427073340294466,0.0054577870096748846,-9.806900465495126,0.0009790652620696493,0.0008557918021135361,-0.00019102541158327015
253.79999999998986,0.017508508137850695,0.005406362610747006,-9.81007475010523,0.0009229540268801792,-0.00029930762208194055,0.0003490673717263508
253.89999999998986,-0.0010546042757676277,0.0023822168107864657,-9.807685126500639,0.00032466731418187827,0.0006602281818184794,-0.0029020300030220304
253.99999999998985,0.0017604789252732547,-0.005241148750176248,-9.802741965047524,0.0016450710193265294,0.0004033502501117979,0.0020273660050594104
254.09999999998985,0.015008140498876405,-0.00548157544095615,-9.82215067836627,0.0005365798974531707,0.0007419707637321503,-0.0007739559146213416
254.19999999998984,-0.00330598614219086,0.0010202852472807958,-9.822197063738422,0.0011658491160392978,0.00035348070071984574,0.0017062389951915263
254.29999999998984,0.004868294807063366,0.005594117537182346,-9.794011489102363,0.001781230898625235,-0.0005462354925235087,0.0004944827083427958
254.39999999998983,-0.002642652000954739,-0.011357927573381603,-9.805353619778154,0.00044997344450211366,0.0011276389458427143,0.0009540395166740343
254.49999999998983,0.004135234119323171,0.004139465114090916,-9.801651789521564,0.00023723905289791075,0.0007835297872430349,-0.00037182019634502756
254.59999999998982,0.00015791717840903607,-0.00940533140938518,-9.814032637996782,0.00017701925435010494,-0.0018182525799584038,0.0005057073370094559
254.6999999999898,-0.00731892502628947,0.008442593290658534,-9.809874802732038,0.00041148896113866676,0.0012023461878506723,0.0011048186339751933
254.7999999999898,-0.0006416137641433077,-0.009928015459086219,-9.819533368208864,-0.00022654030133690626,-0.0009039861927002395,0.00039530531102291227
254.8999999999898,0.0027066722135045424,0.010050920833331905,-9.818492063769254,0.0015287677047719438,-0.00019034012267108767,-0.0006141227517037425
254.9999999999898,-0.009153156789601592,0.010360764636337198,-9.80234525201255,-0.0012239839923278355,0.0007519146228310028,0.0003032292265883728
255.0999999999898,0.004910937292097795,-0.004879448319534777,-9.804864042430895,-0.0011048785802026991,0.0019024183078262592,0.0014171979760327232
255.19999999998979,-0.013363212511417122,0.01647843169931153,-9.819015417435615,-0.00011074284804704458,-0.0010309687081664048,-0.0032992526591141863
255.29999999998978,-0.011727607347677072,0.004247722643804899,-9.800887226423777,0.0003700138149279951,0.0008631233526005369,-0.00028913433534616666
255.39999999998977,0.005522745631906728,-0.003313878759324042,-9.809075093476599,0.0010611066344347417,-0.0006092565875315064,-0.0012687398175730308
255.49999999998977,0.002133360608569765,-0.004906428241338821,-9.822682986789005,-0.00042300265630313934,-0.0013262630256023651,0.0002269345123026508
255.59999999998976,-0.011213432322892515,-0.01349475401870302,-9.815496588204851,0.00018766712569613658,-5.14807691191255e-05,-0.0009075075522712716
255.69999999998976,0.015097523577305996,-0.0139957601322112,-9.795843381127696,0.00016999955883082677,-9.987076152275366e-06,-0.0009260321639295756
255.79999999998975,-0.01454078275142216,0.007255111099596189,-9.818002965361806,-0.0015779066587007415,-0.0006280884084909218,-3.990079128177138e-05
255.89999999998975,-0.00318326328969104,0.0037041032164152167,-9.793369480917379,0.0010420909466891332,0.0003099291538181948,0.0007093523346413879
255.99999999998974,0.021135407344030674,-0.005064442092503705,-9.805718845658864,0.0011836123639641122,0.0013265429522342927,-0.00039299495087409677
256.09999999998973,-0.003039386086522474,-0.007944580102102571,-9.812477063449272,-0.0005709200020080394,-0.00262633201076161,0.0005651458901688972
256.19999999998976,0.010315969679269999,-0.013856785239841726,-9.810488671047883,-0.0020963229177948534,0.000561176099403555,3.061800473807065e-05
256.2999999999898,-0.002689012577801579,0.011681954889027096,-9.8139877370722,0.0017024841196180247,6.122287158028572e-05,0.000173290575410952
256.3999999999898,-0.007477325984167305,-0.0034123639024271524,-9.801205868135833,-0.0006270350162916346,-0.0009222072328169559,-0.0007719906250551367
256.4999999999898,-0.004222681930117671,0.02193289657961854,-9.803762717802472,0.00012364067028960838,0.0015808316640561085,-0.0003951857341026202
256.59999999998985,0.006027729311572618,0.010627292061944727,-9.815381922007248,-0.0015146592639236533,-0.0006140012388252949,0.000654294458987429
256.69999999998987,-0.009113379310997812,0.008594494428975988,-9.824818807905654,0.0004401010511113626,-8.378628814769245e-05,0.0005446835855126733
256.7999999999899,-0.008711297225186132,-0.02702860196399277,-9.807957861544276,-0.0001675540846487173,0.0005597852682094591,-0.0019036343417620763
256.8999999999899,-0.005563172277779232,0.00748010676752802,-9.820053129813182,0.00021499635026751455,-0.0019692400512106296,0.0007517134835314161
256.99999999998994,-0.002963951960691407,-0.004439404720489663,-9.801230989902145,-0.00034745945538274507,0.0015903953502917018,0.0012970246340922222
257.09999999998996,0.013424654689859688,0.004878259635322944,-9.81349454762375,-0.0010087284752196921,0.0010458311357121727,-0.0009132762386951856
257.19999999999,0.005515703174426301,-0.008977021309106433,-9.800564481412854,0.0016859391178577461,0.0003991809619926879,0.0011167415254493
257.29999999999,0.0008654027335295046,-0.021387020733248704,-9.80437630740256,-0.0002893393656386943,-0.0014185312314734509,0.000715004292769402
257.39999999999003,-0.013221432079458051,-0.0033092411053686657,-9.81422091465432,-0.0011282580889914132,0.0011806916533307402,0.0015466554927222873
257.49999999999005,-0.016130713220174068,-0.01734111010143275,-9.813278519832854,-0.0003010435029640474,0.0005749244042656914,0.001408970098889236
257.5999999999901,-0.015690740236849476,0.020121184815753736,-9.79608108482295,0.00047365166409804886,0.0011839732925270942,-0.0010964453681510328
257.6999999999901,-0.018221373180754265,-0.0032832932434240193,-9.802149576079985,-0.0007580928743860286,0.0012509200504685456,0.0022124554428149916
257.7999999999901,-0.011073099240382371,-0.001174938882867647,-9.806585888159695,0.0002878123015034315,-0.0001518652673884405,-0.0012418176786017177
257.89999999999014,0.019141198812881267,-0.003300267598590812,-9.809985582358072,2.1253404830724534e-05,0.00017050979307957988,-0.0007956489569057923
257.99999999999017,0.0008459784994230617,0.00252266320765156,-9.793891717259255,2.7618975607717628e-05,9.840820986212281e-05,0.0010541112631276674
258.0999999999902,0.002517119089668517,-0.004011832814144349,-9.819613762191164,0.0003675021687748121,0.00044052887147848864,-6.226244308743096e-05
258.1999999999902,-0.007924219566920585,-0.009473613457590787,-9.78874275943085,0.000596838314265987,-0.0005004804751489372,-0.0012637243381303255
258.29999999999023,-0.0194260326810705,0.006400972724763621,-9.8068437513317,-0.00043234614592991904,0.00180679496817673,0.0002610672237608783
258.39999999999026,-0.0034875804680644597,0.007561931976423523,-9.826539239058256,0.0012611034098583577,-0.0019066396927712491,-0.0018205939107257365
258.4999999999903,0.01208824217724841,0.0076140173868740006,-9.803807045982518,0.0019608175038894897,-0.0015105967819017225,-0.00016463331965717458
258.5999999999903,0.002254392670684694,-0.005242698640906491,-9.8020586167565,-3.5258581060811005e-05,0.0011495965121573368,0.0008337267431478054
258.6999999999903,-0.007412309076581878,-0.012440854783636877,-9.824056505900177,-0.0009198907024525032,0.0003067194828897226,-0.0022252829062457853
258.79999999999035,0.011809807873663272,-0.008215832860648429,-9.811244738121397,0.00023495129497041727,-7.28877542894392e-05,-0.00032053338581147144
258.89999999999037,0.014255865791047515,0.0015852060364710352,-9.812705584736461,0.0010108930703144562,-0.0009040857176314852,-0.0010526453358862574
258.9999999999904,0.006475077553843078,0.009816953013739091,-9.808747348802004,0.0006353793491672675,0.0006054743010346725,-0.00030608401613536483
259.0999999999904,0.0009554119571965364,-0.006028354993529557,-9.812689828324801,-0.0010310939878578355,0.001592231219078347,-0.001890219655190879
259.19999999999044,-0.013649422561900021,-0.002863484974320718,-9.81861730797706,-0.0005689497305728162,-0.0015604656505012779,-0.0013577151263542357
259.29999999999046,0.017377217619732373,-0.013492858771009083,-9.806489858189014,0.00015584039056701682,0.0007758467664638255,-0.001311323346297211
259.3999999999905,-0.00023641126174104836,0.0038867757890754325,-9.814296468095833,-0.0009650351375935364,-0.000562576650687122,0.0005889933920799593
259.4999999999905,0.0028491541015183914,0.005205331976297784,-9.817013488052277,7.756848559020464e-05,0.0005897122798739356,-0.0010976851707775396
259.59999999999053,-0.0010595587669596743,0.010820252096700853,-9.811500956456712,0.000889492446223561,0.0017723923876369475,-0.0007912567400251822
259.69999999999055,0.01203833306339686,0.013135488830625923,-9.79359109096897,-0.0004288359328186911,0.0031622297270389437,-0.0028771152093862535
259.7999999999906,-0.017044034672284065,0.003945860126708774,-9.795178231945185,0.0005266083824301136,0.0011414537362290018,0.0005057437114692964
259.8999999999906,-0.015240639021387826,-0.00727384503701281,-9.79556447970631,0.0016308300944904673,0.0004051496169797534,-0.0017163242466177405
259.9999999999906,-0.016435645217758057,-0.011813757473882197,-9.805299556488722,-0.001681434792487881,0.00028276119720284463,0.001733022802527051
260.09999999999064,0.004813960045649911,-0.016115771465618513,-9.815247108543245,-0.0003469073184992698,0.002048189591809155,0.00040718420032508795
260.19999999999067,-0.0023744058193869147,-0.011210673550885102,-9.820285217942512,0.0002800473956377485,8.514362856001795e-06,-0.0003693681583657266
260.2999999999907,-0.0013886734586364465,-0.008226143217812594,-9.819331892638953,0.00015529401093565719,0.00017297173255220198,-0.0010105070332808968
260.3999999999907,0.014611104210978405,0.004468060584239582,-9.800230178320462,0.0014330020795708625,0.0005563677511546576,-0.0006233424707935676
260.49999999999073,0.0055954850167349145,-0.012042177989959347,-9.806749215367816,0.00218409459184279,0.00021443279405647983,0.001085219346788586
260.59999999999076,-0.018781964297100648,-0.013003560338845735,-9.818368126627949,-0.00015298858678364937,-0.0004549275427377085,0.00029894179076642467
260.6999999999908,-0.01690360272459554,-0.013030404969288503,-9.800445777692195,-0.0008320942439192801,0.0006615634056963156,0.0008843317820517217
260.7999999999908,-0.0096635082695712,0.004823995340049499,-9.797183311989055,0.00039464305463353226,-0.0011797639685719311,-0.0006343706868168581
260.8999999999908,0.004528314842219705,0.003796912167959352,-9.803988919731223,-0.0005174478572794359,-0.000997948870044873,0.0008618673996302376
260.99999999999085,-0.008419347765634647,0.005554489315175068,-9.817475214963258,-0.0009356495716190091,-0.0005284457077052621,-0.0008821969110441927
261.09999999999087,0.0021432428360966074,-0.003463337485157132,-9.827305098936673,0.0007911902970381867,-0.0015255691575843217,0.00031017858346108336
261.1999999999909,-0.008047058253931828,0.0028450602556985443,-9.803347494281644,-0.0008928784096191171,-0.0019603180934337837,0.0005584839481369185
261.2999999999909,-0.0035943326397825472,-0.0047895861919852204,-9.826083968562639,-0.0003690131763250645,0.001356739097193247,0.0003242565422270758
261.39999999999094,0.0092624833999668,-0.011153618412165197,-9.803532393813198,-9.647686341884174e-05,0.00013061862946314498,0.0004282653512200237
261.49999999999096,0.0007827745853411153,-0.01827478985731036,-9.804892885145371,-0.0022012294429541927,-0.0008761811062607977,0.0004260226176146495
261.599999999991,-0.013083164125813973,-0.0009489292376022337,-9.820174890399636,-0.0023313239686046164,-0.0008108216067484138,0.000282812964104573
261.699999999991,0.004632918318782333,0.0022279438809074356,-9.81228707939706,-0.0001410352543360853,-0.0028447431810485,0.0008165008743400058
261.79999999999103,0.009083179322064856,0.003092227113648907,-9.784936460784069,-0.0014270700797677875,0.00042180458656109615,0.000451774180697728
261.89999999999105,-0.0056437948768604165,-0.002491564524885395,-9.801969848216096,0.00018003688053742098,0.0005446881777523202,-0.0002204052483327348
261.9999999999911,0.012176547448081467,-0.009012038047652174,-9.80514404820244,0.000261446410608441,-0.0008626936638968299,-0.0005290803765931391
262.0999999999911,0.006168098215707636,-0.002351313906926392,-9.79680781033798,-0.0007208821669142144,0.0001220527590460364,-4.205718115401405e-05
262.1999999999911,-0.0007570304850595131,0.018065922696124018,-9.805565821477837,-0.0018490557902664567,-0.0012152606084145038,0.00015249903178117912
262.29999999999114,0.0163139611523791,-0.006791578528134208,-9.817827739428186,0.0009989083350255405,0.0010064575027031969,-0.0009383209975755786
262.39999999999117,0.01183109384399132,-0.006994868731368,-9.822874164992392,-0.001137104226472183,5.410545593849501e-05,-0.002325263705905572
262.4999999999912,-0.0015845316694255158,-0.016248695097344987,-9.819969900855874,-0.0006846586801853424,-0.0008591869136760908,-0.00029418563981828356
262.5999999999912,0.015195674643899147,0.000961517189408832,-9.808618749656864,0.0030806708977298277,-0.0003945875862638581,-0.0009735365954429237
262.69999999999123,0.026070073327490655,0.01834411770858039,-9.827649989367103,5.3945757567651933e-05,0.0012058460011486194,-0.0016557661907744727
262.79999999999126,-0.012895187433325085,0.011340045191509685,-9.81700653465637,-0.00030929919989742974,0.00026524216196137417,-0.00036046167449551236
262.8999999999913,0.008690948004749179,-0.0008407398206896571,-9.80474157696786,0.0006215446601286526,-0.00041270370844124555,-0.0015210434165446758
262.9999999999913,0.0007017606502070045,0.007697860734991573,-9.817385156786724,-0.0002902666228167767,-0.0005210046192257002,0.0005641305220979588
263.0999999999913,-0.0006252148794404185,-0.0018666071907178527,-9.818687953638934,0.0008661487646005548,0.0002943692081837446,0.0007689892624584698
263.19999999999135,0.006912404073990696,0.0037336992347697336,-9.802360571975568,0.00026968353301695756,0.0017790866418920862,-0.0013805839426735995
263.29999999999137,0.003260124321790739,0.0010499356724163293,-9.81896013179171,-0.0014460244779960945,-0.0004895309263467764,0.00016446358093192596
263.3999999999914,0.011193006499770165,0.00670582160745774,-9.815656944935434,-0.0007090421559781267,0.000587743899969411,0.002702582044824822
263.4999999999914,-0.0069134395432209825,0.010128305502882547,-9.82141505171554,-0.0018525804704627867,0.00016304093970007585,0.0019153030699175135
263.59999999999144,0.007488067592221401,0.0010978308911340315,-9.815212401262498,-0.0004396031821641056,-0.0003869044933500234,0.0017492920902960924
263.69999999999146,0.0011655095104871718,-0.009755775964421974,-9.79503813592897,-9.399073882058697e-05,-0.0006920780508134976,-0.0006168284931914171
263.7999999999915,0.012005951044986307,0.005289696526857587,-9.818042790360739,-0.0009183401647920173,0.0006803036378485963,-0.0009339945407906006
263.8999999999915,0.021810111037355574,-0.02687070389782074,-9.797534481324826,0.0008631949541473494,-0.0006679664638375264,-0.0004575131435899314
263.99999999999153,0.01865598101302835,-0.004645697053022223,-9.811650740699891,-0.0011868254485238527,-0.001081918587706762,0.001743771040483688
264.09999999999155,0.002836603260756613,-0.00815882816278125,-9.815126364886229,0.00014740449249924518,0.00022801351193187547,-4.306870524020193e-05
264.1999999999916,0.005647408828340578,-0.009307830310079047,-9.81944087200847,-0.00033552881445180643,0.00120727844209372,-0.00019316708201010327
264.2999999999916,-0.006793377853545245,0.006404006528354112,-9.821868194247015,-0.00018666843231889522,0.0009245766438121258,0.00102205268751016
264.3999999999916,0.011918514430782788,-0.008121743197220591,-9.816891535634186,0.001463085917017419,-0.0006165475108152196,-0.0004380468411733643
264.49999999999164,0.0013741408755407526,-0.011752023393381309,-9.806743368600175,-8.404446143037126e-05,-0.0009559229064248748,0.0009329341263971621
264.59999999999167,-0.0006775770993094872,-0.0018480007511883598,-9.811717683394354,-0.0008835337614190401,0.0008966940970618609,-0.00019112919583900138
264.6999999999917,-0.0007529380796139461,0.009240730565410476,-9.816841257639588,0.0016818289074721036,0.0007878724868929068,1.0705949640439588e-06
264.7999999999917,0.023713764572925858,0.006482406241442456,-9.822910359459334,-0.0013857245175298621,-0.0006829974803670571,-0.000831270601468908
264.89999999999173,0.0011635345482068373,0.014818116650583609,-9.801897560887582,5.650941525961357e-05,5.044649575827085e-05,-0.0005469511397537219
264.99999999999176,-0.0032689268082131302,0.02433916587837911,-9.828951105724615,-0.0005041404301542315,-0.00017983260660412614,-0.0018769431513024632
265.0999999999918,-0.0035506593373261443,0.0004935804836647072,-9.815679593045493,0.00017271341733343697,0.0004899936985744949,-0.0007574875079001966
265.1999999999918,-0.015238191977635361,0.0058884033079614016,-9.805732322944944,-0.0010157723624889248,0.0008103453163268732,0.0013731136931516676
265.2999999999918,0.004365854637606718,-0.01576078484491222,-9.80505688306516,-0.0007801246474674984,-9.61126910861784e-05,-0.000687653326534386
265.39999999999185,0.009961288753101817,-0.015353595262663451,-9.81741858934625,-9.302548132759788e-05,-6.210061395952018e-05,-0.0007449906824518919
265.49999999999187,0.0063332199356077555,-0.018952109492185416,-9.817119675798557,0.0006208816819704875,-0.00027337681889063963,0.0005095426685013956
265.5999999999919,0.006881527442398393,-0.017043192792667545,-9.807505056915614,0.0007785480065784971,0.0015878366500590344,7.982589675960913e-05
265.6999999999919,0.012395172986420032,-0.018900786440356747,-9.816784730830875,-0.00041649067496940723,-0.0011885754911342059,-0.00038559303779755306
265.79999999999194,0.007202936911679143,0.01643528560691167,-9.806745969310583,0.001339122036291841,-0.000206467492881307,0.00022212985575125908
265.89999999999196,-0.006572131614743299,0.01822834356439114,-9.812371611460884,-0.0001209208846907103,0.002023820298329793,0.0004560583978565876
265.999999999992,-0.008074910231973119,0.0016300375198572425,-9.812454920137386,-0.0005233738818690407,-0.0022635342501656987,-0.0020225181159865087
266.099999999992,-0.008396697043126643,0.008829387850489888,-9.797108586820142,0.00070857967827803,0.0026279575273117843,-0.0005303864894677011
266.19999999999203,0.004709340186912092,-0.011772244962529918,-9.813490261822682,0.0005961364318797078,0.0002394158590325008,0.0001981570885317499
266.29999999999205,-0.004795005352759442,-0.022431136053262128,-9.797915248504726,-0.001622173554038142,-0.0013518553331364667,-0.0010945156416030746
266.3999999999921,0.012110053137964578,0.01109920442915049,-9.801834588845608,0.0016642506552677287,0.0004888416720872465,-0.0008598434316193482
266.4999999999921,0.01615269967974105,-0.017026566398091966,-9.803886681429251,-0.0013089396242847644,0.00018419180748245186,-0.0009776102212214878
266.5999999999921,0.01221147739041757,0.006253434612715098,-9.799715112534301,1.9070394576138414e-05,0.0007830349034354229,-0.0008274919236299845
266.69999999999214,-0.0013125762004969484,-0.005380364366321427,-9.80054053649257,-0.0008360238090108856,-0.0002860617900327333,0.0018601773645964376
266.79999999999217,0.0033187419963045433,0.018565700459356158,-9.819908663852477,-0.0018956941427776743,-3.421023441732105e-05,0.001650004396361486
266.8999999999922,0.015851054379546047,-0.0010670237547384229,-9.790570835998327,-0.00029918085816956397,0.0017402887047901158,-0.0011254825611317697
266.9999999999922,0.004351175622332525,-0.005295188089601311,-9.821532553510073,-0.0005689301737713219,-0.0008453585360663731,0.0011571275301434736
267.09999999999224,-0.011703520406014892,-0.028191669072527965,-9.788419001584995,-0.0021078767118874087,-0.001293993696450582,-0.0006027388539576836
267.19999999999226,0.023693229652551384,0.0012565204979498492,-9.820169560830465,0.0003341660440361716,0.0002955817738706838,-0.0013432929457671996
267.2999999999923,-0.0017914840089025188,-0.007281065574660623,-9.80996083362361,0.0004107519322764626,-0.001232094826567437,0.0009574774257333977
267.3999999999923,0.006536298443847576,0.0028535882140216014,-9.799684961310959,0.0007802860439621822,-0.0001535460557503026,-0.0009188565894543397
267.4999999999923,0.0036183160871809564,-0.003163717076098377,-9.803699626117456,0.00010932456798555156,-0.0007731147890988143,-0.0012525585939719608
267.59999999999235,0.009579623311398071,0.013179325671712625,-9.810548735091825,0.0005449288795857662,-0.0003956611596566394,0.0012720685345653149
267.6999999999924,0.0016118250560797263,0.00042186920192300496,-9.82047620469072,-0.0016609623731376891,0.0006404219652087534,-0.001180787447689718
267.7999999999924,-0.007571106216801637,0.003365771789790359,-9.8212322420162,-0.0021450999182560243,-3.024277552340978e-05,0.0005634702562160223
267.8999999999924,0.017095305675576683,-0.03595230243242248,-9.807135214951213,0.0010984495056363685,0.0016313618801432478,-0.00019895268206255576
267.99999999999244,0.0021253687975341558,0.005722070408238562,-9.7928784348255,0.0008212559288869657,-0.0005056105764754958,-0.000791105874538088
268.09999999999246,0.005435374319718114,0.00254789954441647,-9.8064634758567,-0.0008945035067111989,0.00020095702671566034,0.0012972715140392684
268.1999999999925,0.007308233970027998,0.01599276002906033,-9.799930834666561,0.0002733820615237781,0.00017929628743478928,0.0005371285305452679
268.2999999999925,-0.0053552571618185486,0.004135593930014578,-9.82128382288978,-0.001179396018847483,0.000815652532315172,0.00011765765480398022
268.39999999999253,-0.00142874415432475,0.009814865761232746,-9.805525097108017,0.0018756693353487583,0.0003037856354236571,-0.002073734996374206
268.49999999999255,-0.02024047500796872,0.0005320450568827688,-9.796141900283189,2.5846809415258467e-05,0.00019041179443798748,-0.0011009225077164193
268.5999999999926,-0.0037095473205619083,-0.018089357562253838,-9.808795645212298,-0.0018090320230061282,0.0007158045685053022,-0.001117977341613583
268.6999999999926,-0.00757882239854341,-0.013447634027634839,-9.815116573135569,-0.001091965318086276,0.0006099807706646433,6.02787790040988e-05
268.7999999999926,-0.0023972212102906414,-0.011435893068043523,-9.827237915545293,-0.00043813749385991814,0.000674866191239628,-0.0004631796714064747
268.89999999999264,0.007880007500205004,-0.0018111730712142046,-9.812900669803573,0.0007841604350243187,0.0029692345587189334,-0.0006843692402692437
268.99999999999267,-0.009316361888594787,0.004326462850674612,-9.810203654913366,-0.00041522559509894736,0.0012043648249468726,0.00039221669006937895
269.0999999999927,0.0086713662032903,0.0046758666571987215,-9.800635050104582,0.0005646611502475211,-0.0019422620992671042,-0.0006598533489183739
269.1999999999927,0.009033385837384148,-0.007755607797234839,-9.80673404992177,0.0016111770653560085,0.0018096461707215476,0.001198692500904254
269.29999999999274,-0.02744268347327749,-0.0009960476478975567,-9.825278323746131,-9.39187617721893e-05,-0.0008951888995191373,0.001688275585501247
269.39999999999276,-0.003082538607717298,-0.0078772097691039,-9.82569844896829,0.0005893391828286568,-0.0005585515458382326,0.0017067588033341998
269.4999999999928,0.007762315995964408,-0.014151429262720654,-9.812215032677905,-0.000972419942858184,0.0018699823108830203,0.0012774997785823996
269.5999999999928,0.004078923904795788,-0.005171554489328099,-9.798258249021355,-0.00256506132976265,0.00033798898527157933,-0.0019109083965617528
269.6999999999928,0.007388422590670569,-0.012003486012333118,-9.802092968657242,-0.0003086277244695275,-0.0014808328768038737,-9.10907262705714e-05
269.79999999999285,-0.026758825837129567,-0.00803211871388851,-9.809663955019372,0.0006230557152859903,-0.0008048014691138483,-0.0007846802473664872
269.8999999999929,0.009735364866442348,0.009058943153669032,-9.812445284816413,0.0005999870229050104,0.0006372308096407949,-0.0010553843435623963
269.9999999999929,-0.0038749280237461554,-0.011627337697426998,-9.7925862745274,-0.0005757960662309164,-0.001614909812946009,-0.0008123168516134123
270.0999999999929,0.017819658684592354,0.013004020014720204,-9.801596019759376,-6.96174066500317e-05,0.0019463767381135652,-0.0012591273130092122
270.19999999999294,-0.014913692207282976,-0.013419758343770814,-9.81540955258632,0.0005833347246163309,-0.0003482048608576723,-0.0015402728706420585
270.29999999999296,-0.016588086309800014,-0.0033314817885996303,-9.795808092587858,0.000275476528129412,-0.0015921278236838503,-0.0009450921831173127
270.399999999993,0.011880074282889183,-0.007041159574693071,-9.805534080562536,0.0017963370386536517,-0.001985120441108805,0.0011720903551742101
270.499999999993,0.002186438581586157,0.011123393952209985,-9.79775997745696,-0.0002710878630780557,-0.001231451664121529,-0.0015677859435166235
270.59999999999303,0.0038434211162604514,-0.0032830863754159446,-9.812234294527196,0.0002588874928552468,-0.0008898168210006673,0.00037407746000100333
270.69999999999305,0.0018120846490727797,0.00433273616233974,-9.809920042068093,-5.2169945948386436e-05,0.0017552788931875687,0.0014656526537902025
270.7999999999931,-0.010997293583619514,-0.008514837832604037,-9.807535908032769,0.0011893469926872126,-0.0002163626663341007,0.0005074296053382838
270.8999999999931,0.004261625158310987,-0.0016133411425184666,-9.819341061789197,-0.001568911631497546,-0.0006189758052980832,0.0013027031560789012
270.9999999999931,-0.006871265944139157,0.022071911297294654,-9.819270367658405,0.00022997715989890518,-0.0007381815262939457,0.0003393450891380485
271.09999999999314,-0.016277834857030812,0.012568012416260238,-9.812238786743325,-0.0008933542931497128,-0.0014983149684910527,-0.0014772002535584476
271.19999999999317,0.00038285215477155103,-0.002427748449193652,-9.802739074096497,-7.309602491328402e-05,0.0003246894437692259,-0.0014972021562720966
271.2999999999932,0.0008196908785554043,0.0025673020381731127,-9.802289308800605,-0.0006395335119037329,-0.0006970298894929875,0.0023405167950235266
271.3999999999932,0.008857231248820326,0.010508586870572975,-9.808072574435133,-0.0005112325853038521,0.0009263164038356126,-0.0001625916664673618
271.49999999999324,0.005872168851449036,0.001447161266433878,-9.804069897180572,-0.000712550482031033,0.00039867561208773485,-0.0005014360733919385
271.59999999999326,0.013424514268010921,-0.006038223858503052,-9.79847396959916,-0.000910689253841502,-0.001208395804127977,-0.00047429764116418223
271.6999999999933,-0.00676067369706478,-0.008999808655280174,-9.821369648167217,-0.00042770116228197855,-0.00034190128738610854,-0.0011170835401148281
271.7999999999933,0.0006994210778224609,-9.3069093245751e-05,-9.822975467793606,-0.0005786445859762675,-0.0011433225034093186,-0.0024419850852445296
271.8999999999933,0.00575133817505834,0.00851253237087125,-9.827614284495919,0.00014205584110020571,0.0005237499233443672,0.0009536796396261753
271.99999999999335,-0.0244441132761251,0.008720985861216682,-9.799164758417136,0.0016098068877987105,-0.0008729204592010153,0.0007375056600448053
272.0999999999934,-0.008533053840781424,-0.0008935892166839273,-9.798386565164341,0.0006854630544112359,1.1818972456447798e-06,-0.00093233849603742
272.1999999999934,-0.004859000667332843,-0.006635231526695305,-9.802067787346347,-0.0011250564180130596,0.0003652315352286165,0.0017479766071588096
272.2999999999934,0.00432736145211566,-0.0019403620605536842,-9.797435292252173,-0.00036987163366567437,-0.00020857352200961637,-0.00035772212943174103
272.39999999999344,0.010027685420326846,0.0105611690217091,-9.800392271389454,-0.0002976652734423028,-0.00034090124400931087,0.0007098851445495443
272.49999999999346,-0.0016384892262933284,0.0012277067404804461,-9.821657081935564,0.0010835530713840308,0.00032636750951185495,0.00015861696151583664
272.5999999999935,-0.0012290819036928048,0.008862733708549848,-9.79956531780715,-0.0004447403374958844,0.001956623082464205,-0.0012614583035694797
272.6999999999935,0.004135441528763322,-0.004001489810948804,-9.807096671010255,0.0009333547808672381,-0.0004416816812507931,-0.0009067607255400811
272.79999999999353,-0.010544580846826279,-0.024100832570002808,-9.834649791171863,-0.0002870764948888237,-0.00037980248621934316,0.0007322412356918498
272.89999999999355,-0.007854918391166879,-0.001276992533999581,-9.797800550514992,0.0014366961696684556,1.1263875725707228e-05,-0.0002479405011337377
272.9999999999936,-0.023562228777720712,0.0021949989025715887,-9.81531178078309,-0.0002734830399160684,-0.0011657362992131466,-0.0015330491625545105
273.0999999999936,0.003292512455994005,-0.004036706619613971,-9.801822582717088,0.0006248072495909433,-0.0009826318422377926,8.081308201384659e-05
273.1999999999936,-0.007253268126179177,0.0025166155220582897,-9.804812996621726,-0.0019647956171512802,-0.0006340540327609152,-0.0011599195846923186
273.29999999999364,-0.017293917903892873,0.0039052135041205017,-9.835702098467781,0.0008167612824608503,0.00016874009953600554,-0.00036439261483845457
273.39999999999367,0.0019368337147379134,0.010745621868028417,-9.80840033851458,-0.0009516102038984135,0.0007725377286923021,-0.0003180017364685354
273.4999999999937,0.004763881039014779,-0.009793424319152073,-9.826834873488275,0.0011581265580921693,-0.0008682875677770997,-0.0008869650536026857
273.5999999999937,0.006875804599799096,0.014076607854218628,-9.816430202028194,-5.2530890191709965e-05,-0.00018949670601720785,3.692788796610102e-05
273.69999999999374,0.010781473226757583,0.008935844769495556,-9.805094935485812,0.00015442253550200906,-0.0012265981553319764,-0.0004062621853869276
273.79999999999376,-0.0030757182376346427,0.005685793980732986,-9.813182012962477,-0.0015269672504236737,0.0012628908899456918,4.304948805179749e-05
273.8999999999938,0.011327602607016823,0.0036721478669422603,-9.806772149035355,0.0004934235181329073,0.001545495058095915,0.0004860897496168748
273.9999999999938,-0.0051742390025999105,-0.013180382883389836,-9.80677904318509,0.001030469480455873,0.0017092895672538994,0.001571405010397649
274.0999999999938,-0.008113606123779392,0.011114394874260173,-9.819216520710922,-0.0003854199178515455,0.0012116512725743286,0.0008008852473527375
274.19999999999385,-0.013230287151574998,0.005934371170980882,-9.818264956484446,6.744178452457e-05,0.0013793993755175256,-0.0007562935074046112
274.2999999999939,0.008845295852940365,0.006110177164603524,-9.812794947441532,0.0003856474010620604,-0.0017506200053617202,5.1391423798282976e-05
274.3999999999939,-0.0077855038231284856,-0.020570082491118906,-9.813403834063264,0.000448971660055778,0.0016965114361243395,0.001161417186221096
274.4999999999939,-0.018035363040998915,-0.008482698438722005,-9.81387223031082,0.00021656452831363043,0.0006981781334030633,-0.002425821564463796
274.59999999999394,0.012864169983327367,0.02159623287350636,-9.81167923339236,0.0010604759300578742,0.00027947379186698445,0.0015255061112585309
274.69999999999396,0.010680833896644515,0.003235914913409122,-9.795675786742434,-0.00028607806250732494,0.0001305748487215145,-0.0009536636253481003
274.799999999994,0.012499306861059963,0.013635699178425997,-9.817097357363876,0.001429332206325199,-0.0005173380386297769,-0.0005028111784088079
274.899999999994,0.01277280729340588,0.0011263860075623761,-9.80763915580437,-0.00042869110018987563,-0.00046131981749889585,-0.0010457223688232465
274.99999999999403,0.001138785402843888,-0.0011281069680144015,-9.82014453488077,0.00018066560746881404,4.270463858459605e-05,-0.0007563459822902336
275.09999999999405,-0.005058214520060543,-0.004315068303500638,-9.819654033433295,0.001327529377891692,-0.00034733941778146703,-4.436258086572254e-05
275.1999999999941,0.004063263158139444,0.021230126227824445,-9.810623312879859,-0.0009777871264721291,3.9236472784973736e-05,-0.00019450623879775045
275.2999999999941,0.004115235287132696,0.021234428447268475,-9.784686234779329,0.00031892225063044274,0.00014891197210751802,0.00014749309555414089
275.3999999999941,-0.0026024839998758337,-0.0008782630688287886,-9.812404432910487,-0.00020309972617063888,0.00046368305892504003,-0.0009106703202832963
275.49999999999415,-0.013432313447218418,-0.002140853642840943,-9.799240969133551,5.3506695733094995e-05,-0.0002757802971665853,-1.9581716732957172e-05
275.59999999999417,-0.008569101900132959,0.010706003359447522,-9.813451181378047,-0.0014550597305951476,0.00023317311869505247,0.0007884581666489713
275.6999999999942,-0.008935510578690705,0.00985225289450158,-9.807072268693107,0.0005737735147580257,0.00025280872669324533,-0.00032361058397736093
275.7999999999942,-0.0007767598975726702,0.014530253706284451,-9.802734944058612,0.001707183350455853,-0.0011288070572756624,-0.0009619621613999064
275.89999999999424,-0.003597577265048024,0.008608639656484854,-9.804160058771538,-0.002456475295015167,-0.0008009298762919,0.00020571797800856737
275.99999999999426,-0.00768239874085561,-0.003168525724075807,-9.7915123973076,-0.0006669838720900434,0.0012901251396796706,0.000772262374806682
276.0999999999943,-0.010240782908053633,0.0013873199841412615,-9.809872987653543,0.0009541241722296999,0.0006903294371541159,6.277849603433968e-05
276.1999999999943,-0.008427895416759328,0.006978884928993601,-9.794592596071704,0.0003342465734937898,0.0006901834315581846,-0.0005246219770613562
276.2999999999943,-0.0013585744655758398,0.011820609787982328,-9.816213685840403,-0.0010677309750489429,-0.004264405337875451,-0.00330389018601311
276.39999999999435,0.010499636920152879,0.0017805098445105173,-9.81582127410433,0.0013731759403723949,0.0015266783683646472,-0.00046693225167927766
276.4999999999944,0.005369288921398702,0.003302447839387858,-9.822383510590718,-0.00039198475720621646,-0.00019746408617465574,-0.00036655724638282137
276.5999999999944,-0.0011192646574584564,0.005053911189214897,-9.808147943489272,-0.0013867080772447095,-0.002475675694850366,-0.0004087597605273283
276.6999999999944,0.017564964301158625,-0.009534672165705234,-9.831194533024437,-0.0008152617251359389,-0.002125222437890695,0.0006564723985960063
276.79999999999444,-0.009355975153087922,-0.011745207594886604,-9.797231566272767,-0.0005431976014717764,-0.0014527696726590116,0.00024790628367354873
276.89999999999446,0.0016340238135982852,0.00203411436964423,-9.803974735097228,-0.0018758807899434662,0.0008381616937422469,-0.0001545102890858165
276.9999999999945,-0.011803798908263542,-0.008049346019826398,-9.803838057338444,-0.0013779664074473027,0.0003364611312042881,-0.0008069654935187129
277.0999999999945,0.0009464374789668174,-0.007505250098701982,-9.830882300546532,0.00011410912218730512,0.00242841414898127,0.0003227927021522288
277.19999999999453,-0.006468487285545407,0.005286515052887843,-9.811150605205397,0.0008216514417511837,-0.0005974300015965669,-0.000473660154352597
277.29999999999455,-0.002696732895897481,-0.01329124033944091,-9.802046784745226,-0.0011520708812033224,0.0003507322701575799,-0.0007596670472331172
277.3999999999946,0.008438074619403236,-0.002303363164405724,-9.81254593146034,-0.0011138398835600421,-0.0007042343140641061,0.001304447016491663
277.4999999999946,-0.01074363503487582,-0.010303441958328748,-9.799181250700641,-0.001912513847444964,0.0012528056857700795,0.0017020538496378078
277.5999999999946,0.0028027650239915575,-0.017845316288305085,-9.817298058963708,-0.0009325886537379438,0.0006687994956156081,0.0007493302050401912
277.69999999999465,0.0036047124070143145,0.004230270179074879,-9.815156075307408,-0.0015477774524471717,-0.0008840967500637376,0.00026086236680817286
277.79999999999467,0.014002966702246624,6.497188347643961e-05,-9.808523314546077,-0.0008386602702246559,0.0010655982007988052,-0.0017943505345469316
277.8999999999947,0.006855309524806284,0.019633888745499123,-9.803767382617133,-0.0016777319819335445,0.0018958957282659825,0.00307956808411339
277.9999999999947,-0.004771636348581287,-0.002340718368562254,-9.813889424266733,0.0013678716222186547,0.00013375879060575221,-0.0036449241094438345
278.09999999999474,-0.00983418517746739,-0.008282963101399098,-9.796930414494499,-0.002371445164128686,0.0006390876529668732,-0.0006489013021003785
278.19999999999476,-0.001883890159013765,-0.01971388216315017,-9.814679645127347,0.000907919020474772,-0.0009611565057265337,-0.0009594382336702758
278.2999999999948,0.006822817611249927,0.0007538245770611681,-9.819219648522175,0.0008699818548442644,0.00020118043938219664,-0.0007601580055927742
278.3999999999948,0.002294523963608028,-0.0013236439773467285,-9.809608937466736,0.001367297683621818,-0.00016900291965994224,-0.0005004266335420994
278.4999999999948,0.005429238836046226,-0.0008893527827187034,-9.789868304073359,-0.0003693061218232589,0.0019382866523000657,0.0003377820142797609
278.59999999999485,-0.0012292287247430405,-0.006296807054962219,-9.801759346148316,0.0005896103812124664,6.570911666994362e-05,0.0003060119811535218
278.6999999999949,-0.01397107294245091,0.01032245797021584,-9.805688365537259,-0.0006288206373907054,-0.0003528158483196991,-0.00045189251249158516
278.7999999999949,-0.002790866648205137,0.0053434815401139,-9.817227337841585,-0.0004675146088814379,0.0016928974122600486,-0.0010906603926003043
278.8999999999949,-0.002814919351250244,0.001323544809819275,-9.802658495885918,-0.0008805516129582918,-0.0018860687008586123,0.00034551350026187336
278.99999999999494,0.002319890193509863,-0.006335615666828808,-9.810452078548844,-0.0013948427260260616,-0.0009850889741718802,-0.0011097166183046095
279.09999999999496,0.01164481845041218,-0.007181525760316111,-9.794197428935998,0.00032463190063697567,0.0009760505761513196,0.00015994383401541626
279.199999999995,-0.008601137859370774,-0.0002527035242873863,-9.805353150636748,-0.0009873134911845688,0.0003879927499432749,0.0016334897510963768
279.299999999995,0.010432939793887257,0.009429354564021178,-9.808021084848798,-0.0008074191287852038,0.0007754699578923478,0.00030815793433464257
279.39999999999503,-0.0011099422901578299,-0.013862551960631622,-9.805201461210322,-0.0005200525034924942,0.0008554549358074262,0.0012930967301816212
279.49999999999505,0.00756872111417984,0.0018005640295164008,-9.79274484782446,4.0602477933318615e-05,-0.0019888322894949105,0.00043628978920879513
279.5999999999951,0.0002629455931589836,-0.009603391994169305,-9.805421316635202,0.0007177020394674529,0.0011336182023876018,0.0014053441537753635
279.6999999999951,-0.01630267302504262,-0.0003352344210830345,-9.804322913441837,0.001614559272636595,0.0001271316912683577,-0.0014077928332043965
279.7999999999951,-0.009070177891620323,0.0025858161234065687,-9.796924246648427,-0.0005104187886580487,-0.0012356404470627352,-0.00013830788219488453
279.89999999999515,0.011674512894954638,0.017147322461592392,-9.79897449727896,0.000787912780240275,-0.0009386690083900613,-0.000492013246068106
279.99999999999517,-0.0050441759139636675,-8.213355325811343e-05,-9.81288061951221,-0.0001106649623129589,-0.0003040565347500631,0.0007628321587007074
280.0999999999952,-0.018319119797069072,-0.015032317040682705,-9.818081236525456,0.001622050475600324,0.0006772090327748125,0.0006908285128988829
280.1999999999952,0.00392185752155357,0.012803307333886259,-9.802328477745966,-0.00021005714077857875,-0.0002575148134193601,-0.00019003467133811943
280.29999999999524,-0.002673456977029165,-8.131772051673686e-05,-9.822960714291195,-0.0011761425331076178,0.0002939036559253217,-0.0013000416210355071
280.39999999999526,0.005398016938730131,0.0013892390913498255,-9.824049529789097,0.001678780392078563,-0.0003576129547728333,0.0006437338773943239
280.4999999999953,0.004539313249570891,-0.0010185090965068166,-9.813657270127184,0.00029226745644810585,0.001321667105695257,-0.00043023474035711273
280.5999999999953,0.015914705888025297,0.0023851839308210204,-9.815646110269963,0.00014983453717105804,-2.9174039527080098e-05,0.00036993924555322235
280.6999999999953,-0.02046979204289166,0.011517808781496917,-9.80476284253394,-0.0005492956569781753,0.0010590550329391182,-0.0020890722671755243
280.79999999999535,0.0022864012905946915,0.007127320551935454,-9.800544435229437,0.0008818327290109228,-0.0010505148407656195,0.001123418203938979
280.8999999999954,-0.024590133212828928,-0.01732247682667058,-9.81258981042205,0.0002521229469313979,0.0006355476760524224,-0.0012650555030179105
280.9999999999954,0.0045130320982159165,-0.004120913918569181,-9.816703486443402,-0.0004701397007437866,-0.001667817327898396,-0.0020508334052955685
281.0999999999954,0.016883021153814026,-0.003213052752191787,-9.801038450082359,3.269316925811956e-05,-0.0007178102636405352,0.0013074504725976521
281.19999999999544,-0.012843083981048867,0.007954488601911874,-9.806426929763504,-8.451137644187816e-05,0.0009745662650861803,-0.0024615656624402318
281.29999999999546,0.008910992713546527,0.018335757249879476,-9.804273577384379,-0.0021820869246544747,0.001786178154610342,0.00044509560907027236
281.3999999999955,-0.011657292877894639,-0.02503576311116476,-9.821864322665622,5.256034800248064e-05,4.3422610728864994e-05,0.00017812714259547155
281.4999999999955,0.001452372093952506,-0.013916046562850056,-9.815414737186366,0.0008884522964832098,0.0005864673805281167,-0.00032943417513812875
281.59999999999553,0.00204498493734889,0.004683322884746987,-9.796015034707256,0.0006550744481059629,0.0015643185364520545,-0.0013735785338506651
281.69999999999555,0.01644198021323974,-0.00894898501406686,-9.802870296737892,-0.00015309548577924917,-0.0023439626724379116,-0.00028695405047091794
281.7999999999956,-0.007263847870281431,0.0008440207797266787,-9.814662003426463,0.001385503684244302,0.0006341556030546317,0.001401651719360976
281.8999999999956,0.0012015480506843965,-0.006715712732755714,-9.810287874031836,-0.0008310355975904202,-0.00045805182123539193,0.00019614608452983936
281.9999999999956,-0.00044793308080059096,0.0023274905772474024,-9.80560077076941,-0.0010815903480736666,-0.001288464965169954,0.0007219390700669881
282.09999999999565,0.003293100908418541,-0.006246412538881572,-9.800924976448322,0.0003487619682091359,-0.00034555787594093174,-0.0007612332532004481
282.19999999999567,0.007368531329543565,0.00983253873033055,-9.803608153232258,-0.001380172646904137,0.0016921311713844777,0.00034130566268166077
282.2999999999957,-0.0024872604369817284,0.023435069728998854,-9.796749925251994,0.0010484777894746863,0.0018826949066834528,0.0011906092290355009
282.3999999999957,-0.016896492889853128,-0.011768296293447953,-9.797439358760784,-0.0014122456854391125,0.0005692975733165085,0.0008244164745205278
282.49999999999574,0.011153524476482964,0.010200990377449566,-9.80761073709097,0.0014129676945907623,0.0007546974014167519,-0.0002483133109523139
282.59999999999576,0.0003922876160328033,-0.006402196611357603,-9.824540433168522,0.001193782873671205,-0.001055171128150632,0.0003005105720921264
282.6999999999958,0.002898974690364833,-0.01149726588504847,-9.797776676081641,0.0012820597380786998,0.0018555222282621402,0.0022295906354304652
282.7999999999958,-0.01141260639864038,-0.014099561924228041,-9.831135634903996,-0.00017293048970949695,-0.0005924398669157578,-0.00048804479258271694
282.8999999999958,-0.01161586752189648,0.022893340556630566,-9.810175971798959,-0.0009657575061277011,0.0001039603769816402,8.136670398193947e-06
282.99999999999585,-0.01017403659265003,-0.005407814074400247,-9.808792440430489,-0.0005488691431646256,0.000764952616153216,0.0016125971460726346
283.0999999999959,0.007442315509887537,-0.00415177796187916,-9.83042618429605,-0.0007805178743438468,0.0019295122513129166,0.0010806176937354804
283.1999999999959,0.010535245959755314,0.009782105046293413,-9.806911931398698,0.0010527103671161579,-0.00033373146927656176,-1.0042497087353408e-05
283.2999999999959,-0.00542526552850054,-0.007213435648669906,-9.830074854266952,0.0006618650111546696,-0.0004738372194932137,0.0010988576921585615
283.39999999999594,0.007258101119279985,0.003918754944639441,-9.79445593166899,9.857415070490298e-05,-0.00036735814516179207,0.001475552510709031
283.49999999999596,0.0035219774893128653,0.003448737619384718,-9.807676309498914,4.186388567493788e-05,-4.393366000478956e-05,2.124743138057353e-05
283.599999999996,0.003199924618470157,0.005613829940061796,-9.804716981590968,-0.0009731127937873753,0.0008790653969525948,0.0008977747422239261
283.699999999996,-0.011808632361610043,0.024977695018409088,-9.800023734300709,-0.0008265469175478546,0.0015707810064013,0.0014344442502937443
283.79999999999603,-0.0014506242768116794,-0.0045728329580630575,-9.81094760383241,-0.00033812770352373056,-0.000511217118739634,-0.00018785542660915583
283.89999999999606,-0.0053862981980219975,-0.0005408789355219192,-9.805351916207051,-0.0004961761503471849,-0.0010577395017641578,0.0006320421008784697
283.9999999999961,-0.0029767142962647693,-0.015241419920480954,-9.827701456529017,0.00011892752634440992,-0.00010276019672408125,7.454050938342043e-05
284.0999999999961,0.00257374427248267,0.010562330031896262,-9.807776395484469,-0.0020192058304573314,0.001110430471360413,0.0015270294193037307
284.1999999999961,0.008712112194485455,-0.0010245207121080766,-9.803156875192427,6.59505269517274e-05,-0.0002988250298603728,0.0009378778208089934
284.29999999999615,-0.005382427483516991,0.018519223352942645,-9.807431778455964,0.0004540983345774248,-0.0014166515444229686,0.001262386878727688
284.39999999999617,0.0028226537304192863,-0.008176136857534475,-9.822657483623791,0.0007815746330542449,0.0020172618116005908,-0.0001294896092392916
284.4999999999962,0.009638144559261435,-0.002335225970671349,-9.791521392416415,-0.0003305866660157686,-6.721226540184695e-05,0.000772554563764819
284.5999999999962,0.017375220971655503,0.0040583538891357665,-9.80415556014796,-0.0006877653405734219,-0.000563632215107167,0.0015085588899128892
284.69999999999624,0.011295867134291563,0.0042898594827609415,-9.815927441710393,0.0012328726610736944,7.064909608703653e-05,-0.0005505511005590953
284.79999999999626,-0.012838060638754645,-0.0013264202327212171,-9.826259365953188,0.0007227499886629515,-0.001764074836423127,-0.00010890916168492907
284.8999999999963,-0.0007856970041457852,-0.006328330738176621,-9.806841365021233,0.0006132229271220232,-9.274247672100054e-05,0.0012386052680057578
284.9999999999963,0.004435930681247763,0.010439224436122522,-9.815634660116821,0.00121203048862829,-0.0023613678620170173,-0.002100595934826789
285.0999999999963,0.0011192738910389235,-0.0027687602876892113,-9.798446317298602,-0.0011308194469498612,-0.0003847296650624527,-0.00011574942488908205
285.19999999999635,0.018395444566719564,-0.015721437015960803,-9.808934121748582,-0.00045276607716921265,-0.0012275208936127697,-0.00022657952368859105
285.2999999999964,0.015980026346096153,-0.001060476922893282,-9.819806794853847,0.0003559771118718614,-0.001352646797372356,0.0019450883956003842
285.3999999999964,-0.009878760963434503,-0.0010120162782110865,-9.803317007205438,7.355187562824958e-05,0.0007686220928069224,1.627090847468098e-06
285.4999999999964,-0.007109884315313576,0.02300717309149525,-9.788749453993203,-0.0020844480705761526,-0.0012276736376272811,0.0012564725551481829
285.59999999999644,0.011556518273470576,-0.0014313447936262185,-9.826152214890964,0.00044064924956350397,-0.0001704840175601769,-0.0014811737219814294
285.69999999999646,-0.009869859196297964,-0.004702423719605182,-9.811207076032572,-0.001101508968701773,0.0005649258255602344,-0.0001798511370296362
285.7999999999965,0.005134425172423618,0.014563770128770828,-9.822860887611025,-0.0032117041921008367,0.001228477488359732,-0.00046047826118312906
285.8999999999965,0.0015860849586223616,-0.007007513289397317,-9.796252023483207,-0.0003183368518917783,0.0009749376227789403,8.679828241951429e-06
285.99999999999653,0.0006333143619268564,0.0034502103786222195,-9.807923585973597,0.0011444571539836748,0.0005618337808116766,-0.0010300512685456253
286.09999999999656,-0.004688682346176982,0.007781206554414747,-9.802696688248078,-0.00010941448570390087,0.00038435754236908816,0.001866353925141322
286.1999999999966,0.004132688878527519,-0.002786376480284432,-9.809818773630905,0.0012861678902963505,-0.0005308221532929287,-0.0001924313327597726
286.2999999999966,0.0008177468223233567,0.010616027944269196,-9.832129963674587,0.00022889882712709167,0.0007991421466934297,0.0005654586187781003
286.3999999999966,-0.0016244715648535163,0.0018287957009507597,-9.804162835470171,0.0008091651222544825,-0.0016491609756039247,-8.116647217767667e-05
286.49999999999665,-0.008923593547551237,0.009205515160668382,-9.801126967291319,0.0017645810354599606,-0.001651783926592207,0.0017004221540192338
286.59999999999667,-0.004231502452945969,0.001162194596169623,-9.81775762232639,-0.0008154847522977579,-0.0007550961695121097,0.0010248144125282754
286.6999999999967,0.003211556552895001,0.001159649138129464,-9.797091912521006,-0.0010256917901297854,0.0013954829483504355,-0.00027465749432512015
286.7999999999967,0.0070395945750921585,-0.022263479885079228,-9.809917108407216,-0.0002082687598051329,0.00035926400945885333,-0.00015980405790403486
286.89999999999674,0.012327201943571899,-0.0033369470807683333,-9.812188184591815,0.001341583278004964,-0.00030771591813165454,0.00047689621636583436
286.99999999999676,0.009096292345745539,-0.017565290629048533,-9.820234158263498,-5.065508550930451e-05,0.001214736664348272,-0.0005954954360304696
287.0999999999968,0.014372589305753357,-0.0008126427497807954,-9.79569454986451,9.241160879167118e-05,0.0006350188289930095,0.0007073112139889103
287.1999999999968,-0.006951764660828634,0.0008980823888916853,-9.825069062773998,-0.0010524789578090846,0.0008610516837414873,0.0009253910230220689
287.2999999999968,-0.0021452757928306556,-0.0055526906550273335,-9.800835751762946,-0.0013275575915338198,-0.0015877831496444548,0.0003324458431238514
287.39999999999685,-0.008872287655725432,0.0017813125687840459,-9.809472553709702,-0.00031394631581119355,0.0012833216080335977,0.0003241137549364867
287.4999999999969,-0.00967004698460934,0.010400622949852712,-9.814277505350121,0.0004383188943064198,0.00037734320091794416,0.00041088921829849327
287.5999999999969,-0.010536731851841716,-0.004951732445710588,-9.812926367364948,-0.0009320334891785311,-0.00016738370658391763,0.0014200350248649504
287.6999999999969,-0.0023992119294343286,-0.011377998149122435,-9.80862542615867,-7.27445656108459e-05,-0.000584522221010394,-0.0004942179722175847
287.79999999999694,0.0005627228534576713,-0.00461355448396036,-9.81724182080283,-0.0002473043487020854,-3.4799595687500584e-05,-0.0004638407404719844
287.89999999999696,0.01763683018687632,0.001482263640971557,-9.809530226660153,-0.00032469385969752804,0.00048296299304522036,0.0005275886710322934
287.999999999997,-0.014750287251816244,-0.005117217688417111,-9.80248308747405,-0.000557177292107501,0.0008741563952911037,-0.00010492824712494545
288.099999999997,0.008770046481527299,-0.005368043437852703,-9.818952710420367,0.0006367832632202232,0.00028624761786254867,0.00043118728656699293
288.19999999999703,0.014357381763222002,0.005456054569215092,-9.820449626733625,-0.0014297711770951066,-0.0005756990689985421,0.0016492526671025415
288.29999999999706,-0.0010286300609973014,-0.011082440198355166,-9.818596608286434,-0.0006920655328212801,-2.3597099742749716e-05,0.0008469144817506636
288.3999999999971,0.001663826548136931,-0.006680607129537885,-9.802665281618822,-0.0009812331143788104,0.0007855366739252193,-0.0008665226616080628
288.4999999999971,0.0002216129387401275,-0.003590904008389612,-9.82027874347185,5.228389485749489e-05,-0.000163108658117608,0.0004915447150536607
288.5999999999971,0.015487534493811796,0.0025332204989829917,-9.81865048123566,-0.00037739551418675024,-0.0010136893840047786,0.001257196666401031
288.69999999999715,0.011330085323731103,0.022174288449968414,-9.813478394149021,0.0004344657163098302,-0.00013318874850588367,0.0001155927189094169
288.79999999999717,-0.019501555799870635,-0.0024122305328997994,-9.818885182499567,-0.000362766271828909,0.0006161700907508604,-0.0007124000188338275
288.8999999999972,0.0063970598183954695,0.008011152329308354,-9.80615900164053,0.0001658616211444736,-0.0005444004379030936,-0.0016128403372904802
288.9999999999972,-0.0015657030636685987,0.01842566281814437,-9.80335959393702,-0.00031129543928597246,0.001470095421067819,0.0006405402710634322
289.09999999999724,0.0037325590667670132,0.020286295650374972,-9.798408529648386,-0.0002415087277377362,0.0006418004877299501,0.0002653977598348476
289.19999999999726,0.010021122068999811,0.0013481002452146547,-9.812761031231132,4.64439616545327e-05,0.001223640680624542,-0.0022095183093631373
289.2999999999973,0.004610403244060438,-0.00248365143599022,-9.829559381894017,-0.0005877659895185607,0.0013427769662626016,-0.00014086994094572253
289.3999999999973,0.0014382630112001224,-0.0059019853354193375,-9.807911271564475,-0.0011460233330812502,-0.0004655076466675844,0.0007472258297661695
289.4999999999973,-0.010903002460406954,-0.008647169900738659,-9.820784306973215,-0.0004076052780973806,0.000187773469866303,-0.00021306630396966434
289.59999999999735,0.006148251822134505,-0.00674495088369275,-9.82044411110873,-0.0005325577331217374,-0.0010072954489680878,-0.0013992882469578889
289.6999999999974,0.007023906039029675,0.005889803156664676,-9.797290759999395,-0.0009057377577890768,-0.0011063050020545342,-0.0018356119549086697
289.7999999999974,0.01639764762521747,-0.006111493167526736,-9.820278470634028,-0.0007779412500406246,0.0009093959560155844,0.0012784895953361643
289.8999999999974,-0.008082588872952282,-0.01266556607321353,-9.816450660365582,-0.0003135931738207411,-4.110262106688488e-05,7.965715016923737e-05
289.99999999999744,-0.010818110380571058,0.0009529368885381685,-9.812961971153488,0.0011616691691714563,-0.0005460056392690818,-0.0001525209670121596
290.09999999999746,0.017975781795593997,0.004073571935901669,-9.798558267152782,0.0014977458698619119,0.002497518574643146,0.0028022380910876186
290.1999999999975,0.008924955309659388,-0.009103170639980509,-9.808362487936714,-0.0003802030541112098,-0.0003207805951576247,-0.0002699901419343239
290.2999999999975,-0.013313798612324974,-0.0011871781356601748,-9.79951080344135,-0.0008433544581804052,0.0002524525987229347,-0.0006457300035711858
290.39999999999753,-0.00926194845399916,0.02538679577332812,-9.821487459253975,0.0005185384421026467,1.7168994387132256e-05,-0.0016619398904513304
290.49999999999756,-0.016057095950600772,-0.020813700705881386,-9.836779964238607,-0.001414091206653304,0.0006737776362620797,-0.0003328718568554643
290.5999999999976,0.001264755799303342,-0.007135222224258206,-9.822208708028892,0.0001697974848776776,0.00011151174329539409,-0.001696849693750586
290.6999999999976,0.0030911139320872016,-0.012722399866502688,-9.78759934761218,0.0007164830619454818,-0.0023014891593835783,0.0016409898427401238
290.7999999999976,0.015272036447634299,0.0032130649182508433,-9.825786391640582,0.0005423183885658791,0.0008267613548336651,0.0006073487303280486
290.89999999999765,0.014353852925570088,-4.6569444947712166e-05,-9.813126602332485,0.0002845847531107863,-0.0013308513061216793,0.00152112860603914
290.99999999999767,-0.009929240801298797,-0.011709511599820494,-9.812875855490523,-6.974209636067202e-05,-0.0007094440901581504,0.0005638042475788345
291.0999999999977,0.015804865391067294,0.013173004475698516,-9.821144185899659,-0.0008758213207799331,-0.0006773695384690796,0.0012084021076413244
291.1999999999977,0.025865744245178783,0.007608332801301559,-9.81257118760387,-9.863863549568308e-05,-0.00013414926918591482,-0.0021957969946512375
291.29999999999774,0.003067584104057602,0.009913107222130835,-9.82421736674626,0.0018164134021581024,-3.8203815859230595e-06,-0.0005971635070814189
291.39999999999776,0.004463000667182289,0.008344237774516186,-9.793837602733019,-0.00016576110410390174,2.7253463199044992e-05,-0.0004307162256559507
291.4999999999978,0.0025122621131843936,0.010006038548177665,-9.804386284213646,0.0007314813683236649,0.0013030505031947426,0.00037617532407035147
291.5999999999978,0.014582375612655527,0.01575312155656786,-9.806238544762175,0.00021905857506113383,0.0006205058749591854,-0.0008236534937567513
291.69999999999783,-0.005285591949820088,-0.012334414042346406,-9.807455689398275,-0.0011897712535870514,0.001773823899279166,4.630485432778332e-05
291.79999999999785,0.01519569317463812,-0.009580034571005841,-9.796929887902703,0.0004249855259848078,4.6836021890832954e-05,-1.546085888090476e-05
291.8999999999979,0.003315260726732236,-0.006282006720197947,-9.801940664305997,-0.00040991017512355675,-0.0005222173765015536,8.194785509937279e-05
291.9999999999979,-0.0033314023438515035,-0.0150779797582001,-9.79935768891234,-0.0010007086555879508,-0.0018712052077075178,0.001129863437297159
292.0999999999979,0.005043467208104196,-0.0009814598244795017,-9.820214133684246,-0.0008781407084512456,-2.916452138424736e-05,-0.0004987435564074774
292.19999999999794,0.006513405846711192,0.01687448582076074,-9.80714387244381,-0.00039361438246345536,0.00010982236759030052,0.000238340933720886
292.29999999999797,0.005496176256595043,-0.0007798365070789104,-9.808172748087985,-0.00010869799790516375,0.0002758775639639869,-0.0010052220445406126
292.399999999998,-0.010105423340778836,0.006911330917715003,-9.802578968995363,0.000318445171507906,-0.0005906938426747402,0.000521075853584946
292.499999999998,-0.008531161489926295,-0.003249038173878024,-9.827520467376031,0.0005963977400368867,-0.00048425228381378954,-0.0007766226296924742
292.59999999999803,-0.01989337017867267,-0.01047773167673231,-9.814517737177832,-0.0008787429337232545,-0.00027296430286923793,0.001136541386442856
292.69999999999806,0.002574693632667764,0.0028120306201606434,-9.811693619773193,-0.0003193177080217298,-0.0009759727197288814,-0.0009025929400067541
292.7999999999981,0.011247003657765531,-0.011028454213341683,-9.813949992262852,-0.0018139783771732325,0.0001737424996640971,-0.0014060900762501544
292.8999999999981,0.012536421465350209,-0.017018286822679276,-9.803830256124348,-0.0006457498260062425,-0.00013835182802588195,-0.0003446976117305294
292.9999999999981,-0.006139843479417516,0.017922653219366702,-9.805736689360312,0.0001890013248251002,0.0010263723211648363,-0.0007451198933202707
293.09999999999815,0.004755882081010688,0.0033390726485634354,-9.790096217599654,-1.560395923270832e-05,-0.0007412997867040653,0.0005491551480538605
293.19999999999817,-0.007850145855748294,0.017601627572847684,-9.819644063964397,-0.001129298768719107,-0.0005224349094664578,-0.0009440681478599968
293.2999999999982,-0.007027953155008111,-0.006479600209975861,-9.813788943331469,-0.0009627939345775445,-0.001033079373235969,-0.000354260307530032
293.3999999999982,-0.01811668146999603,-0.006543823360076307,-9.83679742753148,-0.0009244523434748625,0.00027134279291367877,0.0019229103155750684
293.49999999999824,0.0011486441097514955,0.015041912492309547,-9.8063733641426,0.00029099825565073414,0.002143540000399562,-0.0002518876438091313
293.59999999999826,-0.0021246433661255373,-0.003961953674481534,-9.80798439071671,-0.0009384318003578044,-0.0002277691388211462,0.0012088436009520945
293.6999999999983,0.0074545138149914305,-0.0004154045717185207,-9.804518753509269,-0.00011068037058729705,0.00012098654912640141,-0.00040482708885911475
293.7999999999983,0.0026201622286726946,0.003077575795579386,-9.826213667247384,0.00048507199838779307,0.00025118489993152036,-0.001614328171759336
293.89999999999833,0.01371272498080411,0.009003592913087635,-9.802267083261498,0.0010774268659740458,-0.00038485650769300427,-0.0002785066187005634
293.99999999999835,0.006541272680260516,-0.0034197101059386913,-9.813642574578726,-0.00018861565648395058,-0.0018690200620112985,-0.0008866487311302644
294.0999999999984,-0.010971673545690697,-0.006441147534078699,-9.809535944181317,0.00017745597148690492,-0.003343531858688302,-0.0011343965323291306
294.1999999999984,-0.023323713151155365,-0.0028314657874668196,-9.820873925719672,0.0005173769932379656,0.0008057455375757241,0.0009361131377806605
294.2999999999984,0.0017769465184717629,-0.008088417457403208,-9.827531765910201,0.00222125567710667,0.0003321445128891321,0.0005759342550865816
294.39999999999844,0.01741844948986734,0.006255673322793924,-9.830334564696486,0.00053337002955453,-0.0009252342348025282,-0.00015565829378482753
294.49999999999847,0.010002875574151924,-0.004859648136312787,-9.794144707650096,-0.0009811357170911549,0.0014908099761899761,-0.0005841884133426637
294.5999999999985,0.0013671202642917444,-0.007432969374952109,-9.822634075359602,-7.0454036813302425e-06,-0.0015956252664979375,-0.0003125471114041492
294.6999999999985,0.008060376621224304,0.0075944599037407615,-9.802865772420418,-0.000900841347473837,9.787280575604908e-05,1.0874795050293905e-05
294.79999999999853,0.01664544570204352,-0.019135166298302936,-9.801466030884074,0.0021262088609390424,-0.00035610647695070996,8.508834208506218e-05
294.89999999999856,0.0045859597820736555,-0.02185606218239488,-9.804349950934432,-0.0019429788629824816,0.0003341571346433527,0.0007837516132298532
294.9999999999986,0.011283698630446804,-0.0024854330481754883,-9.81239883012323,0.000599202564662669,-0.0012365532386284569,0.0006720582223668768
295.0999999999986,0.0014887357928555541,-0.005951599147904463,-9.818073530186131,0.0021600725969782887,-0.0007618785458219168,0.0013525002275258967
295.1999999999986,0.015832434013720045,-0.00589962304490458,-9.821339516213255,-0.0003510665741197353,0.0008595904081646562,-4.2517529737418685e-05
295.29999999999865,0.012717676905334563,0.007541879991592177,-9.801415836686255,0.0005870949249548439,0.0008585526255036245,-0.0005419340332335683
295.39999999999867,0.023225905958360254,0.0013270124568056899,-9.830197893769663,0.00040589999372356246,-0.0007286010648878533,-0.00018183597288659345
295.4999999999987,-0.013260774829188448,0.0029922146381730257,-9.830587576415494,-4.956543779269305e-05,0.0016566165612892226,0.0007634052112572062
295.5999999999987,-0.003920232300644863,0.008594475925785676,-9.823140232177268,0.00138134883270884,-0.002300737604857098,-0.000369326804668764
295.69999999999874,0.0024514290165026267,0.0021554564656287036,-9.791913057696048,-0.00039739007146143314,0.002314993942648983,-0.0006688099291506204
295.79999999999876,-0.008970809168489621,-0.012329470703744558,-9.807765631791804,-3.3091685007635046e-05,-0.0004590450893232317,-0.0005575758967011323
295.8999999999988,0.007098938771451173,-0.010837241732795407,-9.81559966217208,0.00035239856063978484,0.0005149989181860029,-0.00036007190837908555
295.9999999999988,-0.008365424791802701,-0.00425052584593593,-9.813759444577231,-0.0007541637001371434,-0.002294386831255186,-0.0007541185244615435
296.09999999999883,0.0144659865585621,0.007322319592126273,-9.79954525785141,0.0005161463855717255,0.0021589528770944353,-5.3609888324748444e-05
296.19999999999885,-0.0027741310283666528,-0.017680806151732602,-9.818918025175376,0.0011309804592221945,-0.0006357330027730657,0.0009132636985449748
296.2999999999989,-0.007579576273959069,-0.019853908460420792,-9.823791824219642,-6.945753766122377e-05,0.0007303664599157859,-0.00018322952880137474
296.3999999999989,0.008522793715096342,0.006831238210777312,-9.817722555785474,0.001337084474464826,-0.0014676042454077503,-8.21450903285115e-05
296.4999999999989,-0.004818146506793054,-0.011816598596864458,-9.810543593700173,0.001020499802702296,-0.0003406800130438665,-0.0014718589594721432
296.59999999999894,-0.007264057303624545,0.0024047410369638154,-9.805869362981227,-0.00043489483080328626,-0.0012711912381954266,-0.00033946504587105674
296.69999999999897,0.004637389318881652,0.011300626051509251,-9.803864735927448,-0.001286368006540178,0.0010179299313371,-0.000424800657299633
296.799999999999,-0.0031808931835656798,-0.009781822591788147,-9.817991392673672,0.002079664373725284,0.0013081339433792063,0.001833859141291094
296.899999999999,0.007074303225151793,-0.011477562642870335,-9.800836101156527,0.001028994732020546,-7.602756127724092e-05,-0.0009523530852455381
296.99999999999903,-0.007085695818977324,-0.007897576450678206,-9.833649094113962,-0.0009828656488776342,-0.0007180644351180926,0.0004306150894268626
297.09999999999906,0.016968244149435093,0.012300987260480822,-9.81236005750294,0.0006217081521800628,-0.0005703638400865121,-0.0017093465266495918
297.1999999999991,0.01043272774552745,0.024669348670512327,-9.795503264632961,-0.0012820320395722016,0.0006567374321632256,-0.0003038513069414881
297.2999999999991,-0.00769264305350688,-0.0027503769889394175,-9.795138778370958,-4.683550607585401e-05,-0.0009293891501098192,0.0013203422933477094
297.3999999999991,0.007187292284549652,0.01642991925471641,-9.816483663440472,-0.001658874548725559,0.0005551842301424513,0.0006106486045086297
297.49999999999915,-0.009321502271051506,0.008765562418796863,-9.8121960025678,0.0005484308909438598,0.0004929398737827672,0.0015970266406945097
297.59999999999917,0.003332732364160863,0.004216988010684657,-9.809837547557954,0.001984163290398533,-0.00033491632116716447,8.443068146178007e-05
297.6999999999992,0.0023919613393882507,0.010205229716539602,-9.802772241267883,0.00012971473519489318,-0.0016243233858819885,0.0018297465380881998
297.7999999999992,0.017135725068274585,0.007264455120587555,-9.81675032549827,-0.002226868125304921,0.001066449417995966,0.0007289770670891959
297.89999999999924,-0.00524980249615804,0.00046951374790228266,-9.815575069800381,0.001630089234279402,-0.000237394645612412,0.0008246839106454896
297.99999999999926,-0.010595920654373295,-0.01342152039617217,-9.809452064352332,0.0006386440717733391,0.0002014556050603185,-0.0016772041171318644
298.0999999999993,0.0005895734985043501,-0.006047827615538371,-9.79884683020299,0.0007992831438091083,-0.0007301182955965234,-0.0008061569346803517
298.1999999999993,0.0025973306211425798,-0.000885997949869771,-9.806384319606497,0.0022011188988890016,-0.0005215016019235583,-0.001215926234585051
298.29999999999933,-0.014438248082891297,0.001468360878327968,-9.811571599183592,-0.0014654138950378004,-0.0009514670085993894,0.001208828212655955
298.39999999999935,-0.008053833217878701,0.0067378416313623336,-9.791035936161748,0.0001555012487455429,0.0030556594668777366,-0.0011231334142665344
298.4999999999994,-0.0028270207295228006,-0.009136124670571793,-9.807506971860253,0.0005818565885299264,-0.0004238174564659052,0.00028848577017017715
298.5999999999994,-0.0021541813650527257,-0.0004629194430467499,-9.7956252310987,0.000948596375187686,-0.0013664197931039829,-6.224826000606814e-05
298.6999999999994,0.026047820222658915,-0.0023096741857491225,-9.79876182507396,0.0014745172485900533,-4.528079863448484e-05,-0.0004204814083070179
298.79999999999944,0.0010938851231053427,-0.00702182211373689,-9.82238027223886,0.0015573774333869498,0.0009313775943106361,0.00010317580088518457
298.89999999999947,0.010877979741295256,-0.01551537418795569,-9.800714801191594,-6.479324399381453e-05,-0.003394699452604211,0.0010453827805438013
298.9999999999995,0.006152312721966816,0.002212507604280412,-9.818100779119035,-0.0009840748826219104,-0.00014720756425821806,0.0007048979315513004
299.0999999999995,-0.006210458654919605,-0.0066744646115263415,-9.795567678171686,0.0009077901431343753,1.6760380234908035e-05,0.0015824933327807363
299.19999999999953,0.017093560580431492,0.0172790453409278,-9.807415057914685,0.00044713383464357225,0.00015384864006987497,-0.0012373684474323936
299.29999999999956,-0.010461280404922389,-0.00841399376730025,-9.79586020421892,0.0010140165950542608,0.00018318316896585708,-3.891332599027434e-05
299.3999999999996,-0.011125272841109686,0.025398824384530814,-9.801211882505243,-0.0015232103382527011,-0.00013403539653266842,0.00029597574967490427
299.4999999999996,-0.009899930246632571,0.010280771459055009,-9.828745960060015,0.002303248482947288,-0.0005041792788139754,-0.0007860961744416441
299.5999999999996,0.0035313384769362654,0.00615533571298673,-9.798494724742117,-0.00021687525782765078,0.001228175846150248,0.00033262165455653025
299.69999999999965,0.004293022008085066,0.017286186246340932,-9.81022454435968,-0.00032819977782484614,-0.001166132080634485,0.00010665449415369172
299.79999999999967,-0.0071537997577548265,-0.00046795093242848085,-9.815511624183895,-0.0005946120798998603,-0.00014651676475692434,0.0018406975005393405
299.8999999999997,0.006331718600080673,0.0008997123671769504,-9.804105944689503,-0.00013788853756100308,-0.0002405342634221752,0.0006459324181575572
299.9999999999997,-0.004356429549432099,0.007924832931825564,-9.837543278302705,-0.0005277450925053221,0.0005021773810465649,0.0005719621381960114
300.09999999999974,-0.007896260975014368,-0.011646011013766151,-9.805587817701387,0.0002298256624985002,0.0007184756994845914,-0.00021460350829849217
300.19999999999976,0.02131501855799905,-0.0019190101832393714,-9.827241640401583,0.00041367982495514203,-0.00108842743912877,0.0002615702478976655
300.2999999999998,-0.00594118684789187,-0.007556146522066107,-9.808062906708345,-0.00011163838332427302,0.0006226024719299313,-0.0009020547288756597
300.3999999999998,-0.00906357507252113,-0.008565838381374515,-9.80936970816516,0.0002325858253539399,7.461075633293986e-05,0.0014693000462566474
300.49999999999983,0.014589018760133307,-0.00035721647176184426,-9.806846500075391,0.0018447414311121258,0.0011340184545488683,0.0009854941476658025
300.59999999999985,0.005832358560025115,-0.000547597813918878,-9.804332472493865,0.0018696099574193352,-0.0014469011497819533,-0.00047046230493692515
300.6999999999999,0.00024329090564780998,-0.0008113216936234019,-9.799200868366148,-0.000416634770234932,0.00026309831337568203,0.000538100516587146
300.7999999999999,0.011538368859858086,0.005190672734975687,-9.817534098388647,0.0012334694062716245,-0.00034855070131610506,-0.0013228059523145471
300.8999999999999,0.011272620565812365,-0.0002691300238977401,-9.820590219725087,0.0001298378021377494,-0.0014261674294974468,0.0013724473230158482
300.99999999999994,0.009665582460742487,-0.005678927021980006,-9.811794425275417,0.0005486911651073017,-0.0016330512203151086,-0.0003575145308853954
301.09999999999997,-0.006347051678254178,0.010771541282403653,-9.809645513193704,0.0012134035719369987,0.0010096460401173458,0.0007213490527084332
301.2,0.002350394392093774,-0.01077482925194251,-9.811951860925586,-0.00019120661356992178,-0.0006800480063822803,-0.0005100060808268779
301.3,0.00666634225709344,0.002652799037103686,-9.815609972643047,0.00038624405062391993,0.00037371796882555854,-3.957923580739367e-05
301.40000000000003,0.0059861561262559565,-0.013298875891396333,-9.811594570240628,0.001568448480925816,-0.000831645600785401,0.0016639654917025837
301.50000000000006,0.004798135032174482,-0.013024679232955444,-9.793517557728398,0.00020706982428074527,0.0028070189008034437,-0.0005359669546184546
301.6000000000001,0.0067579318034431835,0.019470087491709833,-9.798037450679722,-0.0005127887976940263,6.955317719378324e-05,0.0003372446197769356
301.7000000000001,0.003231594844431291,0.004854994872408676,-9.810687327924636,-0.0005962348283901904,0.00218633128840583,0.0002550842155370522
301.8000000000001,0.0023997147268539133,-0.02955784235375188,-9.803551881504724,-0.0005212014216715631,-0.0008582633470715668,-0.0007636513477270648
301.90000000000015,-0.005745121092397434,-0.006507971315446383,-9.81484086531257,0.0004162468685740659,-0.0005072522664161211,0.0016863815610062994
302.00000000000017,-0.004186071452844762,0.003212439259949892,-9.814876918398447,0.0007269200905191145,-0.0015963604148021657,0.0003661017126687079
302.1000000000002,-0.0054791547562159475,0.0021381745371542326,-9.819117190147942,-0.00020160851580666036,0.00035074292717576,-0.000882859031229282
302.2000000000002,0.010963059742967842,0.0038011354239213557,-9.82090884408023,0.0006250311580247215,-0.00034728175354193427,0.0013924164791862285
302.30000000000024,0.024181295449343027,-0.008661497897495941,-9.83191199976012,-0.00039699411421694803,-0.0018611081294106022,0.0002165909636404444
302.40000000000026,0.006987078708796285,-0.01489866038809154,-9.810956464390108,0.00019954101002420056,-0.00021857810764883896,-0.0003554623455322878
302.5000000000003,0.018554593378739347,0.007733541539283393,-9.822984619919769,0.0015908088430091267,-0.0010175419822635848,-0.0005677973281950126
302.6000000000003,-0.0035528049550024392,-0.007475676429134406,-9.808642821205469,0.00039541346727085726,-0.00010445429109964805,-0.0006290921894955887
302.70000000000033,0.011722125624251125,0.011267228155723945,-9.804219327443972,-0.0006268631352147093,-0.000499655454553938,0.00034827952696773497
302.80000000000035,-0.0029271221673832053,-0.025441594014499084,-9.80507748645329,-0.0006383916007757207,0.0008852050919962859,0.002090123528508277
302.9000000000004,-0.007003663401072412,0.0036899720277620536,-9.805704997030302,-0.0014023392349415697,-0.001460367423787666,0.00018249464170232336
303.0000000000004,0.004397763107125924,-0.0032460895367855576,-9.816689408022892,0.0014614152000555717,-0.00038169050622418465,0.0016331703108269256
303.1000000000004,0.008714891100229423,0.012586493605695921,-9.801869741916683,0.0006829034387896854,0.0010783841841487658,-0.0006399941019667757
303.20000000000044,0.018379203090588284,-0.007280003875949917,-9.804871271666327,0.0008418891597445909,0.0005262650341825109,0.00013276602957429574
303.30000000000047,0.0018114136442312961,0.003350703791938757,-9.829679895542386,0.0007678751987817249,-0.0004876787807792073,-0.0021806712627069516
303.4000000000005,0.015548240522376694,0.013057032533503272,-9.815004825024355,0.0013531018704290478,0.0009684941839140089,0.0014164781489089768
303.5000000000005,-0.01431550107355566,-0.0018899445227314564,-9.794028195068996,-3.1376047828183274e-05,4.5618366826914164e-05,-0.0014828078445031955
303.60000000000053,0.012856239978183122,-0.0017724184606641496,-9.806715092531062,0.00030671135287674127,-5.318000611517729e-05,-0.0024379033564477376
303.70000000000056,-0.014561168588242369,-0.001480190245430138,-9.806815332902614,0.0012380179767933943,0.0012827434465357691,0.0002469100000042138
303.8000000000006,-0.0029465943950553446,0.0022941592947043473,-9.78865174024846,0.0003484249947319994,-0.00111662019215188,0.0005178302313076858
303.9000000000006,0.00033793515142151,-0.0038963355596591813,-9.817692031050436,0.00030584760671952866,-0.0001530366935078781,0.0020036030218923214
304.0000000000006,0.005859783069992147,0.0035984948702669477,-9.815218495850335,-3.2779789589487956e-05,0.0004928611649957896,-0.0010252714905138287
304.10000000000065,-0.006875228341352325,0.013468565201667993,-9.813307326071817,0.0012595057786191257,-0.00043042255236376933,0.0007727080997178245
304.20000000000067,0.004551138853562292,0.006480902803916143,-9.811186487712169,-0.0014851098872317185,0.0018903012068388631,-0.001370677495717572
304.3000000000007,-0.0011536652776750428,0.024252571291190468,-9.824419558246177,0.0012780953553204722,-0.00026782626433002074,0.00019706226003872305
304.4000000000007,0.008206501644245075,-0.0005518751162263161,-9.809937001383057,-0.00043931930323186776,-0.0018053117706857901,-0.0006855830819311906
304.50000000000074,0.0034025484780198386,-0.020268932896620462,-9.80135471034536,0.00017444753056824493,0.000248695695976163,0.0005105481709515673
304.60000000000076,-0.004169922204215987,-0.0026952728771813678,-9.784324948605164,0.0005564408342766667,-6.081478171567581e-05,0.0017234016432706703
304.7000000000008,-0.00024203901052373872,-0.014237953938263643,-9.810763634589788,-0.0028127386742067785,-0.0007306099690660859,-0.0014942856814156747
304.8000000000008,-0.01761644389683718,0.0009437403358762781,-9.828718027478047,0.0009706890916950554,0.00019446851627090628,0.0014019694746424875
304.90000000000083,-0.0018164804185815226,0.007239713480176483,-9.820453476356578,0.00025524354242257235,-0.0010493723368945648,-2.4382623900176945e-05
305.00000000000085,0.014256862869673835,0.00041691442835631065,-9.809415151133285,0.00032799990107047696,0.001194614154753288,-0.0008603964800867084
305.1000000000009,-0.01463035202840461,-0.018813548827560412,-9.813965253310457,-0.0001851016133205023,0.0015390555704239796,0.0011039053744301987
305.2000000000009,-0.0010852963908373448,-0.017400830238243185,-9.803896597049574,5.828078387339875e-05,0.0010504051560331455,-0.0020344961902233633
305.3000000000009,-0.006925589575909706,0.006826088998184339,-9.796508316616421,0.001139200668425943,0.00048502545597885015,0.0003896514709056019
305.40000000000094,-0.014187465738261816,-0.005295061558323614,-9.806490006912666,-0.001018267189775764,0.0010394781733148795,-0.0005519676122942793
305.50000000000097,0.005259163139657887,-0.009465418924816114,-9.803894021447025,0.0005788258581606123,4.506767814733898e-05,-0.0021161949384968944
305.600000000001,-0.002167692145350517,-0.0030080324629098744,-9.806241888596407,0.000521511484258127,-0.0010867291705152452,0.0006326551488486258
305.700000000001,-0.019487932177170878,-0.0031582223129063233,-9.821188273500926,-0.0008923263450233449,-0.0013040206668860853,-0.00140278302340898
305.80000000000103,-0.003184473542665471,-0.002927021893511829,-9.808140844327475,0.0009271548101102197,-0.00017727181417635554,-0.0012071322112914263
305.90000000000106,0.013188501415672982,-0.009174590302527109,-9.811004275329532,-0.00012530431637457483,-0.0020088340537144827,0.0004243402029417034
306.0000000000011,-0.002443518478695839,-0.017774800701977077,-9.813644439075732,-0.0013535943719019284,-0.0006802719903728047,-0.0014843940100532696
306.1000000000011,0.01764937514160687,-0.008503019137545248,-9.785611872289333,0.0004285864212667631,-0.0005156712499978413,0.0012372267493984217
306.2000000000011,-0.009391135762837653,0.013090915002830685,-9.792690281163948,-0.00022411780198395635,-7.844371407031429e-05,-0.0004919349470931068
306.30000000000115,0.014726893236267819,0.009317367344503402,-9.790067716703557,0.00022459248634202448,-0.0005444806995592105,-0.0017838045077551077
306.40000000000117,0.0008687818565379447,0.00805155187377048,-9.805796293401606,0.0008935224211834734,-0.0004920419613220272,8.19065795829025e-05
306.5000000000012,0.008589619029779085,0.002549470043081733,-9.810569477056434,-0.0003258365575009624,0.00047053431857280214,0.0015743564553189824
306.6000000000012,0.0019216998879140969,0.011116233161969696,-9.805719257228878,-0.0012660266156726964,-0.0013344525704937764,0.00020529841961271014
306.70000000000124,0.003611267515594295,0.010031696415794423,-9.785330578772532,0.00035708807040692365,0.0008962104872995553,0.0002582338812552173
306.80000000000126,0.005883183231957383,0.014705970664452395,-9.81313459042232,0.0005222690343253683,-0.0003145637098233213,0.0002499687669317268
306.9000000000013,-0.003162904978364778,-0.007736743398412938,-9.807728793213881,-0.0016207095332518135,-0.001227715741260441,-0.0014397901622486245
307.0000000000013,0.006990201013221148,-0.004729254529877699,-9.825831054309173,-0.0004758396663200675,-0.001852006115854353,-0.0006807145701808629
307.10000000000133,-0.002178797796586485,0.0015928658568391707,-9.808870222906434,9.466076688487362e-05,-9.432656332711758e-05,0.0001932716628865467
307.20000000000135,0.0068034616777790605,0.010236261900790702,-9.814156594096566,0.0006638720661599209,0.00019241647987503597,0.0005363889217179812
307.3000000000014,0.01746633815816038,0.0044348239759405455,-9.819302172660546,-0.0021396664620179913,-0.0006715274708378765,-0.001798299535640162
307.4000000000014,-0.0042503449045459205,-0.014214707160809395,-9.80011785331397,0.0013928593289862685,-0.00041603946111473905,0.001983068466489457
307.5000000000014,0.005936038629660086,-0.013367121046895341,-9.832469404449549,-0.0013374699265814186,0.0002913314490960226,0.001032424870177397
307.60000000000144,0.00010400113163325086,-0.014240628055941416,-9.81161017128763,-0.0012168345979200147,0.0014269902875323742,-0.00024330612833910737
307.70000000000147,0.005798123370499355,-0.0007484565066604168,-9.786609678769084,2.166657313171453e-05,0.0001542325544573027,-0.0009001732901936914
307.8000000000015,0.009648462140485715,-0.010790262406298372,-9.809716759545028,-0.00020604414932158484,8.798339285472426e-05,0.0010324921087100424
307.9000000000015,0.005338661265032765,0.0019117898455652137,-9.813270476384469,-0.0001539851170794653,-0.0009017698677066891,-0.00032382994910527206
308.00000000000153,0.010166167117698646,-0.0055010779223180805,-9.811861227074598,-0.0003683881906030851,0.000794512136410832,0.0010035839302708004
308.10000000000156,-0.0033788723079284633,-0.009284635826098283,-9.811672764424701,0.0005086418062137298,-7.907369075559073e-05,0.0016385607484661455
308.2000000000016,-4.666826918021478e-05,-0.013984104314208077,-9.803751855151932,-0.00020314778275951634,-0.0004682186664159653,-0.0004669327276392326
308.3000000000016,0.004962329765455142,0.0017650063712386626,-9.819485574723045,-0.0011626190039486257,0.0006461354763628696,-0.00038687787728213896
308.4000000000016,-0.013580306913880364,-0.005783845017690358,-9.805747238692943,-0.0009792701491574125,0.000154761833883778,0.0011207398049601898
308.50000000000165,-0.005361089249407819,0.004905812869948641,-9.823990894534594,-0.0006483602373437105,0.0004620515735139257,0.0003169255022678181
308.60000000000167,-0.014390685992430553,-0.0019131036898125764,-9.82748636922329,-0.0020477948822612687,-0.001202699296285554,0.0005920939056148343
308.7000000000017,-0.014782818732980894,-0.016916904319545813,-9.807631232397345,0.0011121228108356594,-0.0008967628809281987,-0.002230970490147506
308.8000000000017,-0.012006861617556487,0.007437750469860921,-9.795127005957617,-9.341147176486385e-05,0.0019956117394536194,-0.0005101302223565477
308.90000000000174,0.0057286088357542805,0.0030656480682794175,-9.816845689362575,-6.567124981696913e-05,0.0014989445307987354,-0.002320032111421826
309.00000000000176,0.00029340895569069346,0.007388616025645612,-9.81110602737499,-0.0006334059536971933,-0.000956998408290815,0.0004586873147633895
309.1000000000018,-0.006361092787700216,-0.01686024465008039,-9.789037248124114,-0.0010272678776965143,0.0006078030499484741,-0.0014257923989975487
309.2000000000018,0.005384903053697118,0.005270951913062503,-9.807344217580335,0.0004277036479205171,0.00107034802283477,-0.00016966057077885652
309.30000000000183,0.0032520484083852982,-0.013732202116510875,-9.80779299315688,0.0017570255708027663,0.0003238352469800857,0.0020748481624706075
309.40000000000185,0.013724893600390524,-0.006697512583512034,-9.805708472255867,-0.0007763431938611876,0.0003738865400910585,-0.0007313756888773453
309.5000000000019,-0.009074893027646977,0.010318664563611937,-9.816486926483158,0.0010294335174432635,-9.275503622804948e-05,-0.00025206379182570143
309.6000000000019,0.01360787602797045,-0.021454674252711876,-9.782084869454394,-9.949706761588038e-05,0.00021373816085037408,-0.0001008271903770866
309.7000000000019,0.0016964681541195526,-0.015519279422258631,-9.812772441301378,0.000617902756405429,-0.00040983279743968016,-0.0008965079269517837
309.80000000000194,0.009080798660777906,0.010465338328316833,-9.796320995326754,0.0009293382434610212,-0.001291419945045096,-0.0016731582947443326
309.90000000000197,0.007834865754253396,-0.016524363257373834,-9.812886820561799,0.0003418592756144987,-0.00023584627612455313,0.00033581972835939255
310.000000000002,-0.005684652476591222,-0.006790133147667123,-9.814765642115974,0.0009133596585098972,0.0006691202794369454,-0.001403760057925422
310.100000000002,-0.0092503416634611,-0.0054390590872302105,-9.811472487222986,0.0004187246747457513,-0.0014037974370759252,0.00015546428006619359
310.20000000000203,-0.019176715987501366,-0.0029802758676394747,-9.82130314824996,-0.0007323253005699024,-0.0014032513201336226,0.000247466282769509
310.30000000000206,-0.018562031024605918,0.016340996497397495,-9.817725545799645,0.001044538374091898,0.0014585007851326073,0.0008859938845183732
310.4000000000021,-0.01920490699151653,0.007408385453749203,-9.811547177535287,-0.00047011322130722887,0.00013320788453659066,-0.0015665390471095706
310.5000000000021,-0.012119592597788362,-0.007349289971525621,-9.814894207410987,-0.00101568727549414,0.0022041373859989113,-5.420589144999515e-05
310.6000000000021,-0.0003723597837914313,-0.006569532804729239,-9.804213098467535,0.0021002798190810456,-0.00020863053959796883,-0.0003003026230249134
310.70000000000215,0.010077926866345404,-0.018173748836539966,-9.800504730196694,0.0008412164085088127,-0.0010859570429921689,-0.00017107194490356199
310.80000000000217,-0.006074660398197568,-0.0023765034783367264,-9.811301806395562,0.0008225510459081104,-0.0003494248955104061,0.0008996023334288557
310.9000000000022,-0.0044852422130601515,-0.0079006487671703,-9.808581970962473,6.786700322433954e-05,0.0002451728844454342,-0.0007700715014053835
311.0000000000022,0.0005009190990021378,-0.0009508541803959872,-9.819486083741722,-0.0020510034042784536,0.0014322723512971269,3.806536554739007e-05
311.10000000000224,0.011941858895312527,0.018160981336030387,-9.81776393595385,-0.0018398915847234827,0.0015050316541971743,0.0008931657911120013
311.20000000000226,0.0014917619590994545,0.01598226211093766,-9.819318237255851,0.0009849045959715748,0.0001883691173320809,0.0007140072135712242
311.3000000000023,-0.006927717917744825,-0.013738251221131075,-9.793035870961901,0.0006661991922879545,0.0002001208285156471,0.0014221986796049155
311.4000000000023,0.0051788708429527965,0.017590205091418024,-9.8191683147818,-0.0004487086723708769,-0.00037350415082657604,5.850363361334539e-05
311.50000000000233,0.005153243474449216,-0.008717764613625051,-9.803806501328639,0.0005720848276388689,0.0010672733696590795,0.0009816503802563693
311.60000000000235,-0.001157384877285783,-0.006654575375291434,-9.804000020984098,0.0010173194461599807,0.0007254494702583981,-0.0015480960939446918
311.7000000000024,0.003980163530016681,-0.010499253823185655,-9.806161999618283,0.0002783795888224395,0.0013465721767292693,-0.0008405878595343032
311.8000000000024,-0.003678880513286717,0.012778791075808494,-9.802661175581868,-0.0018851786220351304,0.0005895562312355252,0.001724027922860619
311.9000000000024,-0.007339035737669665,-0.0020176136081402674,-9.809255858622889,0.0015108753271830997,8.288819410787619e-05,0.00025129103079020063
312.00000000000244,-0.0002591687248794687,-0.004026720046665971,-9.802419837281574,-0.0012760567544167995,8.016977174601622e-05,0.00042049646024847564
312.10000000000247,-0.008551303081051221,0.0045681535182496985,-9.808679094574813,-0.0010499424353216293,-0.000764134834092896,-4.538653398912428e-05
312.2000000000025,-0.0028363157839862967,0.00579013415399292,-9.824550209870289,-0.0006782779441498744,-0.00039760842288361076,4.7493249431145566e-05
312.3000000000025,0.005363151170945676,-0.01388988191003915,-9.814908317315712,0.0005117770944334148,0.0020053432247618907,-0.000855781991679989
312.40000000000254,-0.020806616213740976,0.006331048731596554,-9.798479510446764,0.0019233856112188083,-0.0005454192584462473,-0.0009171113959843274
312.50000000000256,0.010776970929431364,0.000287492773479377,-9.814634258618371,-0.001647095984217334,-0.00014871972000183743,0.0022344268194045332
312.6000000000026,0.0012115199946112246,-0.0012895437730840414,-9.800597533495633,-0.0019118965261273786,-0.0009157679502286891,0.000330847351652867
312.7000000000026,-0.018469167120342408,0.011631500470281528,-9.806409816515522,0.0018186551359453452,0.00011022174619728411,-0.0002450123018527516
312.8000000000026,-0.011624169649591645,0.0016364836098007236,-9.795447553508437,-0.0013124398391892297,0.0008519098846095594,0.0004651341890552317
312.90000000000265,-0.018283362440279165,0.013170338478267181,-9.784193818081425,2.7884612957353348e-05,-0.0007722124560225808,0.000513580409882512
313.0000000000027,-0.0034803490611989524,0.006984668523691255,-9.816613709195328,0.0007594184566123189,-0.0005866167130731068,0.0021193208462095183
313.1000000000027,-0.0055854574330140416,-0.039382879155943094,-9.809107820664321,-0.0009701445742521191,-0.0011246207873003777,0.002504379533731692
313.2000000000027,0.015095989491433768,-0.018406949101714296,-9.80452692449927,-0.0009187667324288048,-0.002504321561433053,0.00019805152136346705
313.30000000000274,-0.00130511656831716,-0.013419555796386375,-9.824293359799116,0.001840480147579041,-0.0005405368396616306,0.0011436702416792763
313.40000000000276,0.00572911339999546,0.002342839269425892,-9.811763124382413,0.0014391392308460071,-0.0009335531113819752,0.00037386368710841085
313.5000000000028,0.005278803858197142,0.00027945812518893025,-9.788229520421876,0.0006217724175816924,0.0004858397384817619,-0.0004017840881736346
313.6000000000028,-0.013775422996500164,0.007710927939792837,-9.814024618127364,0.0004753577002291595,-0.0016767126498765676,-0.0009823798210664217
313.70000000000283,-0.02860852166183224,-0.0017314642552419537,-9.833877559315555,-0.0003548536869908947,0.0011443005539360047,0.0010698041403901571
313.80000000000285,-0.00313105697162959,0.02201497227678174,-9.81636215524335,-0.00012525273889102788,-0.0006507417019026247,-0.00011381399458181331
313.9000000000029,0.011400227175117903,0.01485397751897918,-9.797773960298727,0.0013009382852101894,0.0011414622192276287,-0.00032429873856786154
314.0000000000029,0.0034701146840864262,-0.004548221425482197,-9.807271728239185,0.000648577679048897,-0.0005175508891631951,0.0006792208864192903
314.1000000000029,-0.00687558351609672,0.003711508752737727,-9.798473424917079,-0.001038074223454312,0.0004772089706114757,-0.0011794630813654174
314.20000000000294,0.01084786171548763,0.022946599492022487,-9.807159309815122,-0.0007728143475817012,-0.002651184390465578,0.0010721445741105641
314.30000000000297,0.015450236457601909,-0.0033798512848273875,-9.79745086391216,0.001406178928606048,5.3168026314636115e-05,-0.000837600117752498
314.400000000003,0.006443889121591054,-0.0018456324230259932,-9.814626464130917,-0.00034437587924666377,-0.0004531209340392076,-0.00022272396696993132
314.500000000003,-0.016555645140422272,-0.0236813787757988,-9.79166475735102,-0.0013903029324637867,-9.022179976875628e-05,0.0014464452991151842
314.60000000000304,-0.0021048059144979313,0.0043696177555694864,-9.81248301971127,-8.429908116336769e-06,0.000901333894174797,-0.00044036127408705644
314.70000000000306,-0.010877686274456634,0.02920037269253566,-9.814586658042511,-0.0009395907099658081,0.000902396314247219,-0.00010458149958243661
314.8000000000031,0.015575221860550981,0.005543836817289822,-9.812952545138813,-0.00022275795422939564,-0.0004627206615170384,0.0003352170467214539
314.9000000000031,-0.010648819406993916,0.009668093182575253,-9.80956300564502,0.00016993561178859146,0.0009996210513092778,0.0013105122287030264
315.0000000000031,0.012400628518810278,-0.016058336026032696,-9.8098102640307,9.818382441943297e-05,0.001435829547823826,-0.00037178961360366254
315.10000000000315,-0.015149921568136729,0.015276252710496839,-9.818534351124702,0.00028595994452299553,-0.0008319620109001182,-0.0015063727601751986
315.2000000000032,0.0017460010319363343,0.0018291722488756547,-9.804906955447848,0.0008140378097755925,-0.0019839310822863635,-0.0010341009746039512
315.3000000000032,0.00340122401273928,0.005317362008806841,-9.827103732973846,-0.0006326423252919768,0.0014290121452323753,0.0003030126956906234
315.4000000000032,0.013018028412172002,0.004923377674838452,-9.828551806932914,0.00024830615916555184,-0.00028131103107927106,-0.0005363540774194395
315.50000000000324,0.00941421986029375,0.009730212227999017,-9.81220627953838,-0.0015075611014522356,0.00015870541522263048,0.0005013804946658875
315.60000000000326,0.004892489930114584,0.006823626027458021,-9.815909775838305,0.00022308590457556073,0.0013887418760708645,-0.0013619025896168821
315.7000000000033,-0.011816494354190712,0.005092895385379874,-9.823032319895077,0.0005552656727858198,0.00040479850072834415,0.00038607190143130296
315.8000000000033,-0.013870738232700821,0.005655138874749928,-9.812396776647136,0.0003883476271894186,-0.0014635832524147105,0.0006508847916175118
315.90000000000333,0.01056881746523727,-0.014314905214588898,-9.808811795914513,-0.0006188555819676483,-0.0022312718547182328,0.0001972529777734659
316.00000000000335,0.004831059823110749,-0.010971332540640802,-9.801524276635572,-0.00036119816678118784,-0.0004144349017470041,-0.0007957730251555775
316.1000000000034,-0.0012822165645748516,0.0018401479279133456,-9.826831204745018,8.971710728053016e-05,2.689004741320656e-05,0.0011243104057058239
316.2000000000034,-0.009244016316082793,0.0006442742439684083,-9.83212545580259,0.0002086768018345381,0.00010055412758841826,-0.0007352097292163461
316.3000000000034,-0.007057635051751906,0.023594502019299073,-9.797085612087676,-0.0011755764852135909,2.029399734876729e-05,0.0019633977912200604
316.40000000000344,0.020125020662599576,-0.001464729053120271,-9.795076307040404,0.0002767052058055674,0.0005288553694810582,-0.0009942839425028415
316.50000000000347,0.02147524186659727,-0.016827990034965178,-9.81014536772318,0.0005862299146844798,0.00013241254246434777,-0.001749809054437789
316.6000000000035,-0.012202145485652975,-0.002299965678416205,-9.81738127887351,-6.617683819741685e-05,-0.002560704853172289,0.0009585723698436951
316.7000000000035,-0.026469284057279118,-0.007094698643779561,-9.826007211941826,-0.00029257180649223404,0.0008604671605218641,0.00025067761004298535
316.80000000000354,0.0025890784521571323,-0.007228935855704324,-9.784327948596406,0.0006008738317165096,-0.0002120175628643957,-0.00024084400054573366
316.90000000000356,-0.0016373135913152676,0.00426528898382525,-9.7925214445875,-0.00015384280039054332,-0.0011936899487737943,0.0008662090444671103
317.0000000000036,0.0005851502861165636,-0.003284694535658172,-9.810758578820861,0.0004049699213382042,-0.001697781695299068,-0.0007914012061533728
317.1000000000036,-0.0002259810664234348,0.010788556841162533,-9.815698247012186,0.00044640851742003626,-0.00173308387534733,0.0009735277613154097
317.2000000000036,-0.004730364934760461,-0.005950179639401988,-9.823355964454668,0.0011523505392852123,0.0009907251090081118,-0.00021682480385183108
317.30000000000365,0.007136071738183921,-0.002349009067442113,-9.802556959736636,-8.267632536883376e-05,0.0003963184568185657,-3.251743954581039e-05
317.4000000000037,-0.017312138779214135,0.003954930680552775,-9.812751992546087,-0.001446408064672132,0.00139979146635543,-0.0007073390723608831
317.5000000000037,0.006777536412134546,-0.005672738074363435,-9.816136678389453,-0.00031812227980520304,-0.00017652252116008417,-0.00021620080190585048
317.6000000000037,0.007607272895291843,0.009240971665644358,-9.81372678421309,0.0005134845783709658,7.44459471278114e-05,-0.0007588006486029604
317.70000000000374,0.0013823139707894634,0.003011152056629289,-9.807628654593625,-0.00026111621205934446,-0.00021057412046332453,0.0009570702013721106
317.80000000000376,0.0016429204336414998,0.007064322803701014,-9.803831785277982,0.0009560019409131797,-4.1108486071029645e-05,0.0013163071772149414
317.9000000000038,0.011501421955338842,0.007456156146081213,-9.811127941246912,-0.0003108488301103551,-0.0009168382411030765,0.0004983457295858582
318.0000000000038,0.011471881666933074,-0.002629211394431618,-9.817172972322346,0.0011928967422085528,-0.000511297472282059,-0.0008696981901452523
318.10000000000383,-0.006775905631128715,-0.004916315936193445,-9.810659678318727,0.000860506795292463,-0.001537982799070186,0.0012330726097217737
318.20000000000385,-0.007649477809896719,-0.001529356521988239,-9.799628470048514,0.000243148421052667,0.002125707670681166,-0.0017322201727892732
318.3000000000039,0.0029075456006843353,0.017295724020154935,-9.826287881839997,0.001027284555446497,-0.000655741169675526,0.0013255545470806944
318.4000000000039,-0.017149597435830423,0.006417109699122288,-9.817875234451865,-0.0019083147051998093,0.0008098278451200427,2.816835896258847e-05
318.5000000000039,-0.00508508653381615,-0.002947896921917899,-9.80252257788449,0.0005094440995818529,0.0007833833732767549,-0.0010852166383759827
318.60000000000394,0.0038567559815220294,-0.000733834552173509,-9.809860533098663,-0.0015224444909017715,0.00046578562992691654,0.002065497715483847
318.70000000000397,-0.0006676857670758049,0.0030544785012751215,-9.825138229895202,-0.0002866143570759798,-0.0008597735812174533,-0.0012471879357405056
318.800000000004,0.0030037742924130077,-0.014361117871673195,-9.805389661156225,-0.0010498212444268603,-0.001058184351742305,-0.00010513179374956382
318.900000000004,-0.004307811529302198,-0.00497278756486174,-9.803804635642546,-0.0006913728581961217,-0.0005928286666985948,-0.0013388187971056116
319.00000000000404,0.008098874969034985,0.009064760661595613,-9.81019597203859,0.00018121216092406003,0.0003807828854759804,-0.0008165832997384935
319.10000000000406,0.0002135561307797857,-0.0002504224381507867,-9.820073478474322,0.001174302888852271,-0.0006997193747089747,-0.00026980465223773437
319.2000000000041,-0.00919398908702223,0.024877711824786358,-9.817763633577174,0.0004627246428035995,-0.0002819694770005599,0.001020988205526689
319.3000000000041,-0.01463437165536924,0.0008928634109817271,-9.827675769166422,0.000385319379908978,0.0013328789247331343,-0.00025856548959126265
319.4000000000041,-0.025970041011158823,-0.008291915366658596,-9.817828054905197,8.026187511104133e-05,0.0016463804175789309,0.0011646292278256706
319.50000000000415,0.006920867137354367,0.01649519875635642,-9.816683420279407,-0.0003179318416988341,-1.9808834768700234e-05,0.00039870711697760056
319.6000000000042,-0.007151390335643105,0.0071361753160017905,-9.815498208665133,-0.00033054905316454955,0.00046104374476872164,0.0002381929039934788
319.7000000000042,0.007651518211749749,-0.02027606185689856,-9.825761653238658,0.0008204387229646855,-0.000745337803201747,0.0018827777389000039
319.8000000000042,0.0005964306698697521,0.005476077045033422,-9.810403757384911,0.00104621718052718,-0.0011921125139128246,-0.0006239772694760529
319.90000000000424,-0.0054749557199068885,-0.0047329239668427725,-9.814820263911567,-0.0014811396595133032,0.0012441525806077937,0.0016982125394356428
320.00000000000426,0.005929179552661386,-0.0037244143835947893,-9.815619321535175,-7.37978372102916e-05,0.0005006586164048295,0.0012137156246784316
320.1000000000043,-0.0035573414192897126,-0.0034805206898987384,-9.82413302107322,0.0003759404619681884,-0.0005384384785531342,-0.0012778671243690355
320.2000000000043,0.0036977740920903753,-0.01881132697218562,-9.80311420556067,-0.0007586359020561146,0.001568538554452179,0.001419470330863191
320.30000000000433,0.0025711600630571553,0.0063600006516987,-9.794979391453612,-0.0006296124395221215,0.0005939279536133164,0.0006516096046381329
320.40000000000435,0.005855775134254044,0.0020543580851071818,-9.80750975864766,-0.00011119351618289098,-0.0004225513727166143,-1.9955411709468744e-05
320.5000000000044,-0.0033500187559044005,0.00855468151613923,-9.79946718848862,0.0002605453343659497,-0.001108415771417068,0.0016398997319157966
320.6000000000044,0.002181956278848088,-0.018831810837972456,-9.810652118127026,-0.0010376705765431267,-6.906635943647339e-05,-0.00018123224328270507
320.7000000000044,0.005303450539869145,-0.00048134016445983493,-9.806864336771758,-0.00035512407613654055,-0.0007178038928990229,-0.0010560751024705063
320.80000000000445,-0.00044370808392984513,-0.0016529032311670294,-9.795376483201236,0.0011197370561238087,-7.8694130290817e-05,-0.0004587793575456233
320.90000000000447,-0.004050019770729836,-0.006975897728368223,-9.811031980290327,-0.0013215088629321252,-2.6631285914686437e-05,0.0027532646193373918
321.0000000000045,-0.007949016779801601,0.0006925349493495669,-9.80787450893488,-0.001658917266904822,-0.00014100863319693133,-0.0003128472410654049
321.1000000000045,-0.0027475119772351537,0.01589823665950363,-9.811773154016066,-0.001297951712144647,4.350470804261075e-05,2.5009621814648224e-05
321.20000000000454,0.006339735899833201,0.007255950646037484,-9.818581935502378,-0.00030136793065166893,0.0011536496361062288,0.000244876323492428
321.30000000000456,-0.0028084332551967122,0.017771319355878782,-9.813630136348255,0.0006092599604241192,0.00040682285296959805,-0.00020965405227210503
321.4000000000046,-0.01443209455130947,-0.0004587290927466222,-9.809523538894299,-0.0010297723816673615,-0.001366300701744987,0.0010527466608229886
321.5000000000046,0.004195192749052069,0.0081407122581902,-9.817314527584674,0.0007164256158546758,-0.00013243567057884733,0.000756471790113503
321.6000000000046,0.003652510125659496,-0.006403856975561504,-9.801200503171618,-7.949720658584775e-05,-0.0012217219590172838,0.0004052068037633767
321.70000000000465,0.0032528247266046736,-0.00252591584852565,-9.801004049469787,-0.0006921314598529246,-0.0003986837151146595,0.001355703685298313
321.8000000000047,-0.00474470378309194,-0.018877655252087212,-9.821494717473582,0.000640903760039787,0.0016529758939072372,-0.00017433750097388233
321.9000000000047,-0.00791367271493111,0.003986079286703963,-9.797612145825008,0.0004768302851556843,4.8521331482454975e-05,-0.0014982131728271263
322.0000000000047,-0.004667298453543656,-0.02131686930520858,-9.812117824591619,-0.0004300273507971354,-3.2498479384933435e-05,-5.254800840591007e-06
322.10000000000474,-0.007628435641792916,-0.0023307707940990177,-9.81731915696862,-0.0005393001836926593,-0.0008134004837874202,6.948722603911548e-05
322.20000000000476,-0.0030352929731566627,0.01754795664319841,-9.797115321802877,0.0010073521394464223,0.00013776990226249862,-0.00043233129812680226
322.3000000000048,0.0003726601910751674,0.00630257376682371,-9.824459950677921,0.00017134629854892702,-0.0008763581811377036,0.0013926915149111518
322.4000000000048,-0.005326386206831743,-0.0031609179576919996,-9.817368133533211,0.0007418566273107039,-0.0003080533143338741,-0.0002903873691060802
322.50000000000483,0.0018483250002661131,-0.00043199469968971177,-9.80266958693341,-0.0002531097462580296,-0.001255720415429467,-0.0010921048693380991
322.60000000000485,-2.340578226804073e-05,0.012738844219598767,-9.811932206391702,-0.0020389012305072883,-0.0006425424869966681,-0.0006882983605155286
322.7000000000049,-0.023165423286970084,-0.0007931642772458211,-9.80792368562532,-0.0008684458004066308,0.0002053898939184672,-0.0004697864524812576
322.8000000000049,-0.005391883553419345,0.012055152197819646,-9.8104869857172,-0.0007492336898540187,-0.0002560294752009227,-0.00045491219159357073
322.9000000000049,-0.010538191077918754,-0.009498342121793216,-9.809421334440316,0.0008152315750359503,-0.0007442204511260226,0.0018146124149059758
323.00000000000495,-0.008781199016668587,-0.007308334812843296,-9.790614757570388,0.0008462079615553976,6.751230587592082e-05,-0.0008400734959077708
323.10000000000497,0.015210485085834825,-0.009359666689011231,-9.802137270036777,0.0002869729432735605,-0.0016872430471653497,-0.0010780457634276827
323.200000000005,0.004610007829813226,0.010839597548120323,-9.808678027785113,-0.0016497583060961706,-0.0008534250357896672,-0.0008872428119392197
323.300000000005,-0.009229938704321738,-0.000997595809354884,-9.813615444255886,0.0001557404811306467,0.0008612775283668272,0.0007161639159166074
323.40000000000504,0.03006572468779175,0.01848690793770339,-9.812817392186597,-0.0005970866392588238,0.0008387225075731475,0.00015251025926626524
323.50000000000506,0.005125933378966916,0.021464758488344778,-9.81152825835918,-0.0003578564644721813,0.0001793796264327958,-4.6686840840218084e-05
323.6000000000051,0.0099259233745499,-0.0053791918595902,-9.810483279235052,-0.0021205452908213563,0.0007117815102674989,-0.00012820997372127384
323.7000000000051,-0.001975916544575405,0.0009829390419168512,-9.822032638252042,0.0008435101812080935,-0.0013917618737806486,0.0006116089682289878
323.8000000000051,0.010337598973171895,0.0018453707938646227,-9.814409433106166,-0.0014571586305139092,0.0005144720574717333,-0.0005557151379904658
323.90000000000515,-0.0033971988537709013,0.004159045154200172,-9.789731590642091,-0.000938486329998171,-0.00039724696559678306,-7.190555460008177e-05
324.0000000000052,0.00020962271354924244,-0.01096623059407526,-9.802502747977691,0.0004381543434568327,0.0005727398768957229,-0.00012833933627180374
324.1000000000052,0.01375832234069105,0.016656625430839643,-9.80869852111652,2.6516252706524958e-05,0.0010499175236829887,0.0007409627353751404
324.2000000000052,-0.0017008875791413957,0.0006633981089570958,-9.81732304341469,0.0005335335584462792,-0.0005951695295359055,-0.0003822742486482885
324.30000000000524,0.0031070000700345875,-0.014659808301372342,-9.802778473378783,-0.0005728722046767712,0.0003307729334144822,0.00023901533114636096
324.40000000000526,-0.014883945584164431,0.012865450587445038,-9.810116223351077,-0.0004672551882065629,-0.0009527520230049976,-0.0018087376989281648
324.5000000000053,0.001276649978872547,0.021215017053198816,-9.80323125872323,0.0005448712199087483,-0.0008601551963617943,0.0005397268425828707
324.6000000000053,-0.01113709765480774,0.011352482890499907,-9.79677975994177,0.0019194180818519239,0.0005413135093818973,-0.0011170004845342646
324.70000000000533,-0.012387678033866515,-0.00738255522486131,-9.827749498900129,0.00033189385290694287,0.0002004215030013602,-0.0008378958314709107
324.80000000000535,0.005298225456236393,0.015699674249374435,-9.810852195651034,-0.000776830066569562,-8.701831672004658e-05,0.0006518529002520773
324.9000000000054,-0.007118313885142326,-0.007830008640640306,-9.825624378373151,0.00043188478387060726,0.00040588153920012,0.0008576953662698646
325.0000000000054,0.009015705894199495,-0.009674613978389385,-9.817424498604433,0.0006789962636733536,-0.0007039091229020435,0.0006637623097640968
325.1000000000054,-0.01286219012381512,-0.012231188136033305,-9.82266694283014,-0.0006003395653105532,-0.00021135027328936674,-0.0011965000580523842
325.20000000000545,0.017648367575330896,-0.011033221670239074,-9.818089405691499,-0.000668573170711917,0.0005314696330537131,-2.1116604356666924e-05
325.30000000000547,-0.008839712894274666,0.014073076159802331,-9.796772088376363,-0.0005108336558589249,-0.002215143658551888,0.00010904933578984126
325.4000000000055,0.01735647423990083,-0.014898560288784935,-9.809799686653653,0.001316596405905677,-0.00019012096066898344,-0.0013004599659632555
325.5000000000055,0.0010244548461021093,-0.015687516775523845,-9.808617756101036,0.0004032533753499836,-0.0014230176058598408,0.0008243984384861926
325.60000000000554,-7.578263118015476e-05,-0.012237016871755076,-9.820606775140048,0.003020047001284633,0.00028014068792299647,0.00039693652047642435
325.70000000000556,-0.012857433952232987,0.004314205047887702,-9.811594030943391,-0.0019662065139292753,-0.0002458623774504059,-0.0018397122705281306
325.8000000000056,-0.024009298706382815,-0.005003930930241059,-9.823107166283737,-5.174192008540779e-05,-0.0008873233797888854,-0.00043903701257862806
325.9000000000056,0.013434444814695934,0.0071437638545742985,-9.78571452008549,0.001462002744475503,6.307032819588563e-05,0.00024207412275321642
326.0000000000056,-0.0012375948485132736,0.0014650298837899584,-9.813217748419103,1.2136832514545827e-05,0.0005669185082621846,-0.00037665622777490496
326.10000000000565,-0.010850939952766276,0.02143071314996218,-9.81222012807097,6.876930772165526e-05,0.00022890633396620833,0.0013644082546399614
326.2000000000057,-0.009353183317585001,-0.005528931692878019,-9.812879504749192,0.0013386919898667263,-0.0008420574199447061,-0.0008978233081371861
326.3000000000057,-0.012891931161100632,0.00038766246169208223,-9.80682603014468,-0.0009521690877957647,-0.0014787342370378178,-0.00042731400271711975
326.4000000000057,-0.007306698246250972,0.008845696920473562,-9.814215820431066,-0.00010985661343527801,-0.0002540762966655432,-0.0012635814760508458
326.50000000000574,-0.0024028108864974623,-0.009183800184356751,-9.812349996322133,-0.0005994459901577463,0.0008128498548063898,-0.000987089033997236
326.60000000000576,-0.012485470114031148,-0.001952714625416692,-9.811751015850758,7.236917898028109e-05,-0.0003582978451374539,0.0007369124011660183
326.7000000000058,-0.021405798590789376,0.019183708816076693,-9.817482325465724,-0.00043211331645328537,-0.001174799606196727,-3.2274745475053794e-05
326.8000000000058,-0.014417607822009886,0.012476013475039911,-9.807911414056198,-0.00014531661042333445,0.0003802720928708295,-9.517410451720385e-05
326.90000000000583,-0.008473890614496197,0.003615023973484432,-9.79216353120762,-0.0001669771902370454,-0.0007823102759728292,-0.0009602502004695928
327.00000000000585,0.0017900007040992877,0.0032815879617135004,-9.81377810823108,-0.00038807972510878323,-0.001430072989161346,-2.4110487184132854e-05
327.1000000000059,0.002951736022516169,-0.0035394414633537663,-9.80150547160368,0.000411931272128742,-0.00046020692032036647,-0.0008242503781257664
327.2000000000059,0.016277812284968572,-0.003096412179060552,-9.811705837455447,0.0003469808855763958,-0.0004545817008399788,0.0005371281615689546
327.3000000000059,-0.00045663489979479426,-0.0038765231011976837,-9.816443804438968,0.0005647681256264132,0.002016488063384807,-0.0007707658238636292
327.40000000000595,-0.006030108683901552,-0.0020753840746717102,-9.817252766100571,-0.00023143497713509515,-0.000481413630976664,2.2353344621284032e-05
327.50000000000597,0.005713241552073933,-0.003762144460515963,-9.813627618912646,-0.0012402364305225048,0.0002916028238302775,-0.0011087513418219848
327.600000000006,-0.008125409228683423,0.011886445547283731,-9.801183499356188,0.002405916785611799,0.0014590807059088801,-0.0009128862663957562
327.700000000006,0.006191905970120009,-0.016185481870204643,-9.806835075873657,0.002455544221966043,0.001105401364899117,0.000514074923434866
327.80000000000604,-0.025766432348806885,0.010914782774470671,-9.811145486913269,-0.0018755259645093542,0.003126505314953536,0.001768577640380442
327.90000000000606,0.02055066336946547,-0.005606705323628991,-9.814068366451524,-0.0005226598023815664,-0.000557269647668452,-0.0011340635654257256
328.0000000000061,-0.018666385982967968,0.008036897276101239,-9.79853833526755,-0.00052882650332443,-0.001122100445362615,-0.00021134563432166696
328.1000000000061,-0.004051971309859848,0.013134198520606922,-9.817906087705735,0.0005021459183160051,-0.0009706457774947665,0.000527678115595715
328.2000000000061,0.016301245912983715,-0.012400056698972477,-9.819046311897068,0.0011429073588136414,-0.0019366403922294387,0.0008061909552094975
328.30000000000615,0.004393416592257579,0.013233688965090359,-9.81296385723316,0.0014176039526717045,-0.00012780200074510924,-0.0009932057292247407
328.4000000000062,-0.010524901040562359,-0.017434545326454137,-9.810110342599936,0.0002384712793376285,-0.0013874005346742391,-8.800153843476281e-05
328.5000000000062,0.0063642440550541425,-0.003828852609154081,-9.817875653572322,-0.0008334506288543336,-0.00040925601329478404,0.0007470337840910113
328.6000000000062,-0.011836672850055852,0.013188706452797806,-9.816228498370757,-0.000684106193198446,0.00028804647388928656,-0.0008699392610793009
328.70000000000624,0.005736643268396599,0.005792519482925961,-9.817533715802698,0.0009363611466145956,-0.0015358979091968867,0.0004234049146498102
328.80000000000626,0.0004236339768572145,0.008255098619933588,-9.812483793847424,0.00020394152144705903,-0.0012831865996697446,-0.0011666164669157
328.9000000000063,0.0030507502768791182,0.0015999648779227889,-9.81939779895351,0.00022848978245265024,-0.0004658408687344356,-0.0006899269604819043
329.0000000000063,-0.0005265621023775553,-0.005887510462447093,-9.805426301115865,0.000190042118767534,-0.0008217695289087087,0.0007251201488065723
329.10000000000633,-0.0031086203820782712,-0.014175500436310448,-9.818987530315583,0.0005502204660456401,-0.0022417552458108567,-4.020333216401204e-06
329.20000000000636,0.01879027709641935,-0.004706654658418418,-9.835148552781492,0.001064640615870332,-0.002724095327987595,-0.00012987876205252727
329.3000000000064,0.009399564531489988,-0.009520506055029767,-9.812754593162929,0.0014889229085652462,-0.001227329907507368,-0.00046459714704420675
329.4000000000064,-0.004386514296492644,0.00812017172252935,-9.797518814642018,-0.0011570277699790178,0.00026799061625356734,0.0005768554321220903
329.5000000000064,-0.0024792562117670414,-0.01904441439545795,-9.806136890207954,-0.00044326950251014584,-0.0004154447690689385,0.0006395426096532851
329.60000000000645,0.013266945184921391,0.019369393374495884,-9.800268013224981,-0.0006395588814342728,-0.00044262855788499187,-0.001416859834237334
329.70000000000647,-0.01429018932531645,0.014308950772156657,-9.814815924608336,0.00026092512268483805,0.0003986295879219944,0.0007758400457481204
329.8000000000065,-0.01118995747001378,-0.012019453962919738,-9.815665458619607,-0.0008292089335779827,0.00016701532041247318,0.0011098541569532527
329.9000000000065,-0.008766003884940284,0.0015697789168162613,-9.805352304321408,0.0010199402285338158,0.0009194983566263031,-0.0005534841606638043
330.00000000000654,-0.008373447104428219,0.0009516401648372515,-9.802519468155179,0.0018633637941978271,0.00042078893730641327,9.033481457977415e-05
330.10000000000656,0.011271476659830864,0.013340246430648088,-9.808640237238496,0.000712524258425408,-0.00025305361603278234,0.0005268522881087949
330.2000000000066,-0.007171313100703082,-0.003334444412518469,-9.784787432666178,0.000912713063817183,0.000683516453633173,-0.00045909824405803486
330.3000000000066,-0.004017557419144568,0.009745994550165723,-9.819724504290589,0.0004471805132830355,-0.0010125757881716579,-0.0019533512422254696
330.4000000000066,0.023603934761259434,-0.005122794473963334,-9.8147112005704,0.0009087443788630003,-0.0002814567072153511,0.0003403309694895071
330.50000000000665,-0.0008184800123668996,-0.012878899397799529,-9.805001159242034,-0.0008267014410499084,0.0011190064028228266,-0.00010636731235575108
330.6000000000067,-0.01078295211040453,0.02091078209567391,-9.804822977225733,-0.00023798086486203937,0.0018880044257700496,0.00028127936376860676
330.7000000000067,-0.004613942201938139,-0.005602737279290722,-9.812364945525976,0.0005464155224011254,-0.0007461893945635141,0.0009702878949822857
330.8000000000067,-0.027544606103709943,0.002427471743704539,-9.831350506297778,0.000412738024290367,0.0027602814755200633,5.97005381193061e-05
330.90000000000674,0.015830032321807738,0.014832576109941311,-9.813979365209187,0.0026737636500251283,-0.0003600398730887083,0.0005776978077266871
331.00000000000676,-0.02491298354260099,0.0005325709931393947,-9.812937694206914,4.915239814160017e-05,0.0011981306692320445,0.001514438302169446
331.1000000000068,0.0028887526586531364,-0.012603653944817439,-9.809245278799263,0.002329444545142103,1.953189666937748e-05,0.0011111685618608376
331.2000000000068,-0.007208676034585574,-0.01876886670728098,-9.80400953478946,7.643706013729029e-05,-0.0008392499480442277,0.0009731432858286398
331.30000000000683,-0.0015864167903641225,0.0010555079298136519,-9.81464468346553,-6.47404166010017e-05,0.00020908399344624122,-0.0009743256194494959
331.40000000000686,-0.0033665370776838743,-0.0030006656627409828,-9.808635177295717,-0.0004604502792472539,-0.0007432653680127525,0.0005672479800637325
331.5000000000069,-0.012980173610321078,0.0004897436359543031,-9.805012436097206,-0.0004006128362184951,0.0009186085892271865,0.0021133469755995173
331.6000000000069,0.016976724793716792,0.0027111174100259124,-9.812073160814457,-0.0014339332808587352,6.886989727580199e-05,-0.0002602493673777064
331.7000000000069,0.013087702243112382,0.019834421256189,-9.816217628560013,0.0011895275001762885,0.0008826656470842047,0.0019033153828905275
331.80000000000695,0.006423888284888275,-0.002611994469731089,-9.81533634963185,-0.002926234535133155,0.0009261572086020328,-2.031562931843694e-05
331.90000000000697,0.005573997780166497,-0.013496495485235469,-9.81671556791293,0.0002468830568033482,0.0003007905159891987,-0.0013997978369760463
332.000000000007,-0.004107506083765639,-0.0025500966096985854,-9.813775749856944,0.0002553360464179365,-0.0003789493110430678,0.0007757848006374158
332.100000000007,-0.012226925779539823,0.006415955334062033,-9.803522980321246,0.0004447300097313842,-3.092587651528345e-05,-0.0013683465680207592
332.20000000000704,0.006158936667974425,0.0044390603484541595,-9.799752593523685,0.0015359547412150318,-0.0006949260223867024,0.001330496140923263
332.30000000000706,-0.010832685874691994,0.000942721610425421,-9.823785988528886,-0.0009392451989630973,0.0007385956402082411,0.0013489523182549227
332.4000000000071,-0.01261110099460233,0.00550736139860576,-9.821093523659844,-0.0007927102143739508,-0.0003006670271592413,0.001528983061455628
332.5000000000071,-0.004915616580964085,-0.02035331328917541,-9.79940527348635,0.0004112710152391769,0.0011960571803701964,0.0012266485799542893
332.6000000000071,-0.0014782523227255095,0.00018444861989972515,-9.80821106370111,-0.0007869151559732038,0.0009084118788227826,-0.0011159874763170677
332.70000000000715,0.006607604981892906,-0.0012639784344467163,-9.824720495031848,0.0013644369172903536,-0.0006090020769099718,-0.0007700851328402177
332.8000000000072,-0.007908560658912161,-0.013729299543799435,-9.810972302932692,0.00013199269076284145,-0.00017320362377045014,0.0005408279649083664
332.9000000000072,-0.0033999074886504627,-0.0012330431177951045,-9.827836458903283,-0.0009758825697910744,0.0013360605950634482,-0.001561811904549831
333.0000000000072,0.015182421916486798,0.01188308794969103,-9.81077833397882,-0.0008534879797798532,0.0004556964722868834,0.00038239874683726916
333.10000000000724,0.003578416912506979,0.0036870743464538693,-9.789825911412308,0.0013947080267841402,-0.0017136217747588248,0.0007445278658068045
333.20000000000726,0.002441429333703175,-0.006306772153580179,-9.791365342102603,0.000184583609823949,-0.0009962036968453728,0.0003816124243099651
