timestamp,status,latitude,longitude,altitude_above_ground_m
0.0,VALID,15.050101575027883,73.75013052040573,3997.902163333401
0.1,VALID,15.050203149981133,73.75026104093595,4001.358558489804
0.2,VALID,15.05030472485975,73.75039156159067,4000.8071323218705
0.30000000000000004,VALID,15.050406299663733,73.7505220823699,3999.049378842924
0.4,VALID,15.050507874393082,73.75065260327362,4000.075551715749
0.5,VALID,15.050609449047796,73.75078312430185,4000.4801288646477
0.6,VALID,15.050711023627874,73.75091364545457,4000.197695956552
0.7,VALID,15.050812598133318,73.7510441667318,4000.1779699550625
0.7999999999999999,VALID,15.050914172564124,73.75117468813355,4001.3287243382833
0.8999999999999999,VALID,15.05101574692029,73.75130520965979,4002.000536282642
0.9999999999999999,VALID,15.05111732120182,73.75143573131054,4003.0691033204353
1.0999999999999999,VALID,15.051218895408711,73.7515662530858,3999.797089091217
1.2,VALID,15.051320469540961,73.75169677498556,3998.528093874013
1.3,VALID,15.05142204359857,73.75182729700984,4001.4098528962054
1.4000000000000001,VALID,15.05152361758154,73.75195781915862,3999.3594707441976
1.5000000000000002,VALID,15.051625191489865,73.75208834143191,3998.342487838977
1.6000000000000003,VALID,15.051726765323549,73.75221886382973,4003.436185020355
1.7000000000000004,VALID,15.051828339082588,73.75234938635205,4001.7116640308477
1.8000000000000005,VALID,15.051929912766985,73.7524799089989,3999.277808082372
1.9000000000000006,VALID,15.052031486376736,73.75261043177025,3999.3451750957533
2.0000000000000004,VALID,15.05213305991184,73.75274095466612,4000.8067471865406
2.1000000000000005,VALID,15.052234633372299,73.75287147768651,4000.380039377092
2.2000000000000006,VALID,15.052336206758111,73.75300200083142,4000.923242032819
2.3000000000000007,VALID,15.052437780069276,73.75313252410083,3999.756282131687
2.400000000000001,VALID,15.052539353305793,73.75326304749478,3996.26994186617
2.500000000000001,VALID,15.05264092646766,73.75339357101325,3996.255054830072
2.600000000000001,VALID,15.052742499554878,73.75352409465623,4001.9273967998693
2.700000000000001,VALID,15.052844072567444,73.75365461842374,4000.4308665622307
2.800000000000001,VALID,15.052945645505359,73.75378514231578,3995.584357137871
2.9000000000000012,VALID,15.053047218368622,73.75391566633233,4000.6346401694013
3.0000000000000013,VALID,15.053148791157232,73.75404619047342,4000.5819104654065
3.1000000000000014,VALID,15.05325036387119,73.75417671473903,4001.4326092261967
3.2000000000000015,VALID,15.053351936510492,73.75430723912918,4000.0081247996222
3.3000000000000016,VALID,15.053453509075139,73.75443776364385,4000.635284341809
3.4000000000000017,VALID,15.053555081565131,73.75456828828305,3998.3009993659302
3.5000000000000018,VALID,15.053656653980466,73.75469881304679,3996.7309507051227
3.600000000000002,VALID,15.053758226321145,73.75482933793505,3999.488345323347
3.700000000000002,VALID,15.053859798587165,73.75495986294786,4000.2162217123105
3.800000000000002,VALID,15.053961370778527,73.7550903880852,3999.2584593548586
3.900000000000002,VALID,15.05406294289523,73.75522091334706,3996.816240064371
4.000000000000002,VALID,15.054164514937273,73.75535143873347,3998.9820708813218
4.100000000000001,VALID,15.054266086904656,73.75548196424441,3998.5331763946942
4.200000000000001,VALID,15.054367658797377,73.7556124898799,4001.3671941267353
4.300000000000001,VALID,15.054469230615435,73.75574301563992,3997.530814550078
4.4,VALID,15.054570802358832,73.75587354152448,3997.893786551093
4.5,VALID,15.054672374027565,73.75600406753358,3998.6638461000944
4.6,VALID,15.054773945621633,73.75613459366723,4000.231526017407
4.699999999999999,VALID,15.054875517141037,73.75626511992542,4002.1932988113567
4.799999999999999,VALID,15.054977088585774,73.75639564630815,4000.8294446361833
4.899999999999999,VALID,15.055078659955845,73.75652617281543,3997.0807647652127
4.999999999999998,VALID,15.05518023125125,73.75665669944725,3997.9020174070415
5.099999999999998,VALID,15.055281802471985,73.75678722620363,4003.0495437877144
5.1999999999999975,VALID,15.055383373618053,73.75691775308455,4000.318223608489
5.299999999999997,VALID,15.05548494468945,73.75704828009002,3999.4944705238713
5.399999999999997,VALID,15.055586515686178,73.75717880722004,4000.78203487817
5.4999999999999964,VALID,15.055688086608235,73.75730933447463,4001.186781123554
5.599999999999996,VALID,15.055789657455621,73.75743986185375,4003.3328428420764
5.699999999999996,VALID,15.055891228228335,73.75757038935744,4000.3063529681526
5.799999999999995,VALID,15.055992798926376,73.75770091698568,3998.4878650598143
5.899999999999995,VALID,15.056094369549742,73.75783144473847,3998.004616720177
5.999999999999995,VALID,15.056195940098434,73.75796197261582,4001.8774758940735
6.099999999999994,VALID,15.05629751057245,73.75809250061772,3999.9370476128556
6.199999999999994,VALID,15.056399080971792,73.75822302874418,4000.306081466718
6.299999999999994,VALID,15.056500651296457,73.7583535569952,4000.9231749079177
6.399999999999993,VALID,15.056602221546443,73.7584840853708,3997.9524889197987
6.499999999999993,VALID,15.056703791721752,73.75861461387095,4003.2205218863537
6.5999999999999925,VALID,15.056805361822382,73.75874514249566,3999.4522433882444
6.699999999999992,VALID,15.056906931848333,73.75887567124494,3999.5655151731266
6.799999999999992,VALID,15.057008501799602,73.75900620011878,3999.4271919770954
6.8999999999999915,VALID,15.057110071676192,73.75913672911719,4000.255457944669
6.999999999999991,VALID,15.0572116414781,73.75926725824016,3999.268410135907
7.099999999999991,VALID,15.057313211205324,73.7593977874877,3999.2857816887276
7.19999999999999,VALID,15.057414780857865,73.75952831685981,4001.2304330676498
7.29999999999999,VALID,15.057516350435723,73.7596588463565,4002.5911082997677
7.39999999999999,VALID,15.057617919938895,73.75978937597776,4001.423896007193
7.499999999999989,VALID,15.057719489367383,73.75991990572359,3997.611369528109
7.599999999999989,VALID,15.057821058721183,73.760050435594,3999.2192500166843
7.699999999999989,VALID,15.057922628000297,73.76018096558897,4002.771760174989
7.799999999999988,VALID,15.058024197204723,73.76031149570852,3999.9678807855285
7.899999999999988,VALID,15.058125766334461,73.76044202595264,4000.230358032399
7.999999999999988,VALID,15.05822733538951,73.76057255632135,3999.5429430974673
8.099999999999987,VALID,15.05832890436987,73.76070308681463,4003.0191331128926
8.199999999999987,VALID,15.058430473275537,73.76083361743248,3999.083473823592
8.299999999999986,VALID,15.058532042106513,73.76096414817492,3999.066322606772
8.399999999999986,VALID,15.058633610862797,73.76109467904195,4002.032150535355
8.499999999999986,VALID,15.058735179544389,73.76122521003354,3996.825440976032
8.599999999999985,VALID,15.058836748151286,73.76135574114973,3999.0653421043344
8.699999999999985,VALID,15.05893831668349,73.7614862723905,4005.0065758340434
8.799999999999985,VALID,15.059039885140997,73.76161680375586,3999.9422312423476
8.899999999999984,VALID,15.059141453523809,73.7617473352458,4000.7302565275672
8.999999999999984,VALID,15.059243021831925,73.76187786686033,3996.0097802016376
9.099999999999984,VALID,15.059344590065344,73.76200839859945,3999.692658743902
9.199999999999983,VALID,15.059446158224064,73.76213893046315,3997.9628069526357
9.299999999999983,VALID,15.059547726308086,73.76226946245146,3998.525839120168
9.399999999999983,VALID,15.059649294317408,73.76239999456435,3998.369637086132
9.499999999999982,VALID,15.05975086225203,73.76253052680183,4000.1267550721655
9.599999999999982,VALID,15.059852430111953,73.7626610591639,3999.3736311112116
9.699999999999982,VALID,15.059953997897171,73.76279159165057,4001.9327507503262
9.799999999999981,VALID,15.060055565607687,73.76292212426183,3995.4229396874025
9.89999999999998,VALID,15.0601571332435,73.7630526569977,3998.6043365188343
9.99999999999998,VALID,15.06025870080461,73.76318318985817,4001.367976519727
10.09999999999998,VALID,15.060360268291015,73.76331372284322,4000.673079720539
10.19999999999998,VALID,15.060461835702714,73.76344425595288,4002.7443955275457
10.29999999999998,VALID,15.060563403039707,73.76357478918713,3998.982378435003
10.399999999999979,VALID,15.060664970301993,73.76370532254599,4001.9277157254937
10.499999999999979,VALID,15.06076653748957,73.76383585602946,4000.9724774965925
10.599999999999978,VALID,15.06086810460244,73.76396638963753,3997.430804844298
10.699999999999978,VALID,15.0609696716406,73.7640969233702,3996.4168131237157
10.799999999999978,VALID,15.061071238604049,73.76422745722749,4003.723426691507
10.899999999999977,VALID,15.061172805492788,73.76435799120938,4002.1776954945417
10.999999999999977,VALID,15.061274372306816,73.76448852531588,4000.2095827446524
11.099999999999977,VALID,15.061375939046131,73.76461905954699,3998.397343411237
11.199999999999976,VALID,15.061477505710734,73.7647495939027,3996.345306784995
11.299999999999976,VALID,15.061579072300622,73.76488012838304,3999.221237520445
11.399999999999975,VALID,15.061680638815796,73.76501066298798,4000.1341274426404
11.499999999999975,VALID,15.061782205256254,73.76514119771753,4003.1063894651666
11.599999999999975,VALID,15.061883771621996,73.76527173257169,3999.276008579089
11.699999999999974,VALID,15.061985337913022,73.76540226755047,3999.713054934361
11.799999999999974,VALID,15.06208690412933,73.76553280265387,3999.719365284473
11.899999999999974,VALID,15.06218847027092,73.76566333788188,4002.0433985899817
11.999999999999973,VALID,15.06229003633779,73.76579387323451,4003.069558962021
12.099999999999973,VALID,15.06239160232994,73.76592440871177,4003.689669377814
12.199999999999973,VALID,15.06249316824737,73.76605494431364,3999.999252485268
12.299999999999972,VALID,15.062594734090078,73.76618548004014,4001.452276458312
12.399999999999972,VALID,15.062696299858064,73.76631601589125,3997.993270988208
12.499999999999972,VALID,15.062797865551328,73.76644655186699,3998.5957216511365
12.599999999999971,VALID,15.062899431169868,73.76657708796736,3999.253423793227
12.69999999999997,VALID,15.063000996713683,73.76670762419236,4001.6099909811537
12.79999999999997,VALID,15.063102562182772,73.76683816054198,3995.619548557584
12.89999999999997,VALID,15.063204127577135,73.76696869701622,4000.0954074192296
12.99999999999997,VALID,15.063305692896773,73.7670992336151,4003.878098250092
13.09999999999997,VALID,15.063407258141682,73.7672297703386,4002.099472619426
13.199999999999969,VALID,15.063508823311864,73.76736030718673,4002.805705169456
13.299999999999969,VALID,15.063610388407316,73.76749084415951,3998.8481711683608
13.399999999999968,VALID,15.063711953428038,73.76762138125692,4000.63779524898
13.499999999999968,VALID,15.06381351837403,73.76775191847895,3998.1440523949996
13.599999999999968,VALID,15.06391508324529,73.76788245582563,4003.203736099648
13.699999999999967,VALID,15.064016648041818,73.76801299329694,3999.2337271075776
13.799999999999967,VALID,15.064118212763614,73.76814353089289,3999.1546553308062
13.899999999999967,VALID,15.064219777410676,73.76827406861347,3997.9867022974695
13.999999999999966,VALID,15.064321341983003,73.76840460645869,4000.5618822258402
14.099999999999966,VALID,15.064422906480596,73.76853514442855,4003.015385243478
14.199999999999966,VALID,15.064524470903452,73.76866568252306,3999.981958421834
14.299999999999965,VALID,15.064626035251571,73.76879622074222,3999.7985286766516
14.399999999999965,VALID,15.064727599524954,73.76892675908601,3999.070122424015
14.499999999999964,VALID,15.064829163723598,73.76905729755445,4002.296294500936
14.599999999999964,VALID,15.064930727847502,73.76918783614754,4000.2498043226833
14.699999999999964,VALID,15.065032291896667,73.76931837486526,4001.02263834599
14.799999999999963,VALID,15.06513385587109,73.76944891370765,4000.134989439143
14.899999999999963,VALID,15.065235419770774,73.76957945267468,4000.3285462095696
14.999999999999963,VALID,15.065336983595715,73.76970999176635,4001.44751499578
15.099999999999962,VALID,15.065438547345913,73.76984053098268,4001.370087424059
15.199999999999962,VALID,15.065540111021367,73.76997107032366,3997.147983805303
15.299999999999962,VALID,15.065641674622077,73.7701016097893,3999.9743161641914
15.399999999999961,VALID,15.065743238148041,73.77023214937958,3999.625796127402
15.499999999999961,VALID,15.065844801599258,73.77036268909453,4000.978590545045
15.59999999999996,VALID,15.06594636497573,73.77049322893413,4002.4792698589713
15.69999999999996,VALID,15.066047928277454,73.77062376889839,3998.6405981759854
15.79999999999996,VALID,15.06614949150443,73.7707543089873,3998.678740082045
15.89999999999996,VALID,15.066251054656655,73.77088484920088,3997.2433205637676
15.99999999999996,VALID,15.06635261773413,73.77101538953912,3998.8292095628344
16.09999999999996,VALID,15.066454180736855,73.77114593000202,4002.415540241307
16.19999999999996,VALID,15.066555743664829,73.77127647058958,3998.7813310534398
16.29999999999996,VALID,15.06665730651805,73.7714070113018,4002.6418985959112
16.399999999999963,VALID,15.066758869296518,73.7715375521387,4000.1499836651324
16.499999999999964,VALID,15.066860432000231,73.77166809310025,3999.669791419546
16.599999999999966,VALID,15.06696199462919,73.77179863418647,4000.282646814659
16.699999999999967,VALID,15.067063557183394,73.77192917539736,3999.0424353847725
16.79999999999997,VALID,15.06716511966284,73.77205971673293,4000.7871749264486
16.89999999999997,VALID,15.067266682067531,73.77219025819316,4000.0799076590324
16.99999999999997,VALID,15.067368244397464,73.77232079977806,3996.3497335537627
17.099999999999973,VALID,15.067469806652637,73.77245134148764,3998.490909190286
17.199999999999974,VALID,15.067571368833052,73.77258188332189,4001.045212060108
17.299999999999976,VALID,15.067672930938706,73.77271242528082,3999.4705114319067
17.399999999999977,VALID,15.0677744929696,73.77284296736441,3995.6958226284137
17.49999999999998,VALID,15.06787605492573,73.77297350957268,4002.058766604838
17.59999999999998,VALID,15.067977616807099,73.77310405190563,4002.8455819677824
17.69999999999998,VALID,15.068079178613704,73.77323459436326,3997.569950435149
17.799999999999983,VALID,15.068180740345545,73.77336513694557,4000.017361506137
17.899999999999984,VALID,15.06828230200262,73.77349567965257,4001.602682717343
17.999999999999986,VALID,15.06838386358493,73.77362622248424,4000.926781612033
18.099999999999987,VALID,15.068485425092474,73.7737567654406,4001.2595254235925
18.19999999999999,VALID,15.06858698652525,73.77388730852164,3997.051700597861
18.29999999999999,VALID,15.068688547883259,73.77401785172736,4002.0147196508674
18.39999999999999,VALID,15.068790109166498,73.77414839505778,3999.3413930544966
18.499999999999993,VALID,15.068891670374967,73.77427893851288,3998.962676063343
18.599999999999994,VALID,15.068993231508665,73.77440948209266,4000.947866875169
18.699999999999996,VALID,15.069094792567592,73.77454002579714,4001.9729540969643
18.799999999999997,VALID,15.069196353551746,73.77467056962631,4001.7467575053747
18.9,VALID,15.069297914461128,73.77480111358017,3998.5634922842414
19.0,VALID,15.069399475295736,73.77493165765873,4000.741236745909
19.1,VALID,15.069501036055568,73.77506220186197,3997.0356141684906
19.200000000000003,VALID,15.069602596740625,73.77519274618992,4001.6868930169867
19.300000000000004,VALID,15.069704157350905,73.77532329064255,3998.374877352851
19.400000000000006,VALID,15.069805717886409,73.77545383521988,3998.407232915923
19.500000000000007,VALID,15.069907278347134,73.77558437992191,4001.5353306735824
19.60000000000001,VALID,15.07000883873308,73.77571492474864,4000.5191536578477
19.70000000000001,VALID,15.070110399044248,73.77584546970007,3998.469279916438
19.80000000000001,VALID,15.070211959280636,73.7759760147762,4001.328340042754
19.900000000000013,VALID,15.07031351944224,73.77610655997704,4003.5691961480443
20.000000000000014,VALID,15.070415079529065,73.77623710530257,3997.1572433567803
20.100000000000016,VALID,15.070516639541106,73.77636765075282,4000.353094881815
20.200000000000017,VALID,15.070618199478364,73.77649819632776,4000.2668084097745
20.30000000000002,VALID,15.070719759340838,73.77662874202743,4000.5168446159455
20.40000000000002,VALID,15.070821319128525,73.77675928785179,4000.331028765927
20.50000000000002,VALID,15.070922878841426,73.77688983380087,4002.092560855149
20.600000000000023,VALID,15.07102443847954,73.77702037987464,4001.5628186934446
20.700000000000024,VALID,15.071125998042866,73.77715092607313,4000.32879396951
20.800000000000026,VALID,15.071227557531405,73.77728147239634,4002.008193265527
20.900000000000027,VALID,15.071329116945153,73.77741201884426,3999.2488590832304
21.00000000000003,VALID,15.07143067628411,73.7775425654169,4003.6008326177584
21.10000000000003,VALID,15.071532235548279,73.77767311211424,4000.102877234826
21.20000000000003,VALID,15.071633794737656,73.7778036589363,3999.606678607682
21.300000000000033,VALID,15.071735353852239,73.7779342058831,4001.167482822267
21.400000000000034,VALID,15.071836912892028,73.7780647529546,3998.0864090528335
21.500000000000036,VALID,15.071938471857024,73.77819530015083,3997.7466880114944
21.600000000000037,VALID,15.072040030747225,73.77832584747178,3998.5837365117336
21.70000000000004,VALID,15.072141589562628,73.77845639491744,4002.812459649966
21.80000000000004,VALID,15.072243148303235,73.77858694248783,4001.292440353044
21.90000000000004,VALID,15.072344706969044,73.77871749018296,3998.715598973131
22.000000000000043,VALID,15.072446265560055,73.77884803800279,3999.790712197395
22.100000000000044,VALID,15.072547824076267,73.77897858594736,4000.0038348357016
22.200000000000045,VALID,15.072649382517678,73.77910913401665,3998.6038136556213
22.300000000000047,VALID,15.072750940884289,73.77923968221067,3999.096372457619
22.40000000000005,VALID,15.072852499176097,73.77937023052942,3998.060638326132
22.50000000000005,VALID,15.072954057393103,73.7795007789729,3997.244432065335
22.60000000000005,VALID,15.073055615535305,73.77963132754113,3998.4018582541134
22.700000000000053,VALID,15.073157173602702,73.77976187623408,4002.499818312962
22.800000000000054,VALID,15.073258731595294,73.77989242505176,4001.1389304370664
22.900000000000055,VALID,15.07336028951308,73.78002297399418,3999.5709486457667
23.000000000000057,VALID,15.073461847356059,73.78015352306133,4000.6704933520828
23.10000000000006,VALID,15.073563405124231,73.78028407225322,3997.822915353155
23.20000000000006,VALID,15.073664962817594,73.78041462156986,4000.730386581013
23.30000000000006,VALID,15.073766520436147,73.78054517101124,3999.7297919951707
23.400000000000063,VALID,15.07386807797989,73.78067572057736,3999.1174645572137
23.500000000000064,VALID,15.073969635448822,73.78080627026822,4000.797586364799
23.600000000000065,VALID,15.074071192842942,73.78093682008381,3999.7624640334475
23.700000000000067,VALID,15.074172750162248,73.78106737002416,4004.1967603674666
23.800000000000068,VALID,15.074274307406741,73.78119792008926,3998.1527230448846
23.90000000000007,VALID,15.07437586457642,73.78132847027909,3999.6378618129206
24.00000000000007,VALID,15.074477421671283,73.78145902059367,4000.639091021544
24.100000000000072,VALID,15.07457897869133,73.78158957103301,3999.847804642466
24.200000000000074,VALID,15.07468053563656,73.78172012159709,4003.3953183652957
24.300000000000075,VALID,15.074782092506972,73.78185067228593,4000.3943984865864
24.400000000000077,VALID,15.074883649302565,73.78198122309952,3996.464422173242
24.500000000000078,VALID,15.074985206023339,73.78211177403786,3998.6559747837437
24.60000000000008,VALID,15.075086762669292,73.78224232510095,3995.1991209094576
24.70000000000008,VALID,15.075188319240423,73.7823728762888,4000.113446476121
24.800000000000082,VALID,15.075289875736733,73.78250342760141,3999.290162037097
24.900000000000084,VALID,15.075391432158218,73.78263397903878,4001.2553743913404
25.000000000000085,VALID,15.07549298850488,73.7827645306009,4001.8388837049843
25.100000000000087,VALID,15.075594544776717,73.78289508228778,3998.352280050111
25.200000000000088,VALID,15.075696100973728,73.78302563409943,4000.2817908097777
25.30000000000009,VALID,15.075797657095912,73.78315618603584,4000.0538560614905
25.40000000000009,VALID,15.075899213143268,73.78328673809702,4003.2183880403745
25.500000000000092,VALID,15.076000769115796,73.78341729028296,4000.3198960700274
25.600000000000094,VALID,15.076102325013494,73.78354784259366,3999.36932502144
25.700000000000095,VALID,15.076203880836362,73.78367839502913,3999.250479802433
25.800000000000097,VALID,15.076305436584398,73.78380894758936,4000.997701614327
25.900000000000098,VALID,15.076406992257605,73.78393950027437,3996.6871343829393
26.0000000000001,VALID,15.076508547855976,73.78407005308415,3998.213747885539
26.1000000000001,VALID,15.076610103379515,73.7842006060187,3998.073791699658
26.200000000000102,VALID,15.07671165882822,73.78433115907802,3997.1883155794794
26.300000000000104,VALID,15.076813214202089,73.78446171226211,4001.2361312586995
26.400000000000105,VALID,15.076914769501121,73.78459226557099,3996.496953003487
26.500000000000107,VALID,15.077016324725315,73.78472281900464,4002.9440050259923
26.600000000000108,VALID,15.077117879874672,73.78485337256306,3997.4832469047356
26.70000000000011,VALID,15.077219434949189,73.78498392624627,3998.38568957731
26.80000000000011,VALID,15.077320989948866,73.78511448005426,4005.1088107852984
26.900000000000112,VALID,15.077422544873704,73.78524503398702,3997.4244995968306
27.000000000000114,VALID,15.077524099723698,73.78537558804457,3999.0428767433145
27.100000000000115,VALID,15.077625654498851,73.78550614222691,3999.7992943700224
27.200000000000117,VALID,15.07772720919916,73.78563669653403,3995.574833306484
27.300000000000118,VALID,15.077828763824625,73.78576725096593,3999.2960511519154
27.40000000000012,VALID,15.077930318375245,73.78589780552262,4000.403113940914
27.50000000000012,VALID,15.078031872851017,73.7860283602041,4001.48216691948
27.600000000000122,VALID,15.078133427251943,73.78615891501036,3999.77129248896
27.700000000000124,VALID,15.07823498157802,73.78628946994141,4001.436297044786
27.800000000000125,VALID,15.07833653582925,73.78642002499726,4000.9445187790084
27.900000000000126,VALID,15.078438090005628,73.78655058017789,3997.709672469084
28.000000000000128,VALID,15.078539644107156,73.78668113548332,4002.0565682448632
28.10000000000013,VALID,15.078641198133832,73.78681169091355,4001.2238555229474
28.20000000000013,VALID,15.078742752085656,73.78694224646857,3999.845756020318
28.300000000000132,VALID,15.078844305962626,73.78707280214839,3999.562406510651
28.400000000000134,VALID,15.078945859764742,73.787203357953,4000.1110894947788
28.500000000000135,VALID,15.079047413492003,73.78733391388242,4000.3162538913916
28.600000000000136,VALID,15.079148967144407,73.78746446993664,3999.3289691535606
28.700000000000138,VALID,15.079250520721954,73.78759502611565,3998.0927226146514
28.80000000000014,VALID,15.079352074224644,73.78772558241947,4001.50085578394
28.90000000000014,VALID,15.079453627652475,73.7878561388481,4000.1298755507546
29.000000000000142,VALID,15.079555181005444,73.78798669540153,4000.9169103681356
29.100000000000144,VALID,15.079656734283553,73.78811725207977,4002.426566588066
29.200000000000145,VALID,15.0797582874868,73.78824780888282,3998.126896998452
29.300000000000146,VALID,15.079859840615185,73.78837836581067,4000.9282867117936
29.400000000000148,VALID,15.079961393668707,73.78850892286334,3999.7294432713907
29.50000000000015,VALID,15.080062946647363,73.78863948004081,4000.4961056673005
29.60000000000015,VALID,15.080164499551154,73.7887700373431,3998.691067263449
29.700000000000152,VALID,15.080266052380079,73.7889005947702,4002.515282886068
29.800000000000153,VALID,15.080367605134136,73.78903115232211,3997.4106247220348
29.900000000000155,VALID,15.080469157813324,73.78916170999884,3999.3776811603834
30.000000000000156,INVALID,15.080570710417643,73.78929226780039,nan
30.100000000000158,INVALID,15.080672262947092,73.78942282572676,nan
30.20000000000016,INVALID,15.08077381540167,73.78955338377794,nan
30.30000000000016,INVALID,15.080875367781376,73.78968394195395,nan
30.400000000000162,INVALID,15.080976920086208,73.78981450025478,nan
30.500000000000163,INVALID,15.081078472316166,73.78994505868043,nan
30.600000000000165,INVALID,15.08118002447125,73.79007561723091,nan
30.700000000000166,INVALID,15.081281576551458,73.79020617590622,nan
30.800000000000168,INVALID,15.081383128556789,73.79033673470636,nan
30.90000000000017,INVALID,15.081484680487241,73.79046729363132,nan
31.00000000000017,INVALID,15.081586232342815,73.79059785268112,nan
31.100000000000172,INVALID,15.08168778412351,73.79072841185574,nan
31.200000000000173,INVALID,15.081789335829324,73.79085897115519,nan
31.300000000000175,INVALID,15.081890887460256,73.79098953057947,nan
31.400000000000176,INVALID,15.081992439016306,73.79112009012859,nan
31.500000000000178,INVALID,15.082093990497471,73.79125064980254,nan
31.60000000000018,INVALID,15.082195541903753,73.79138120960133,nan
31.70000000000018,INVALID,15.082297093235148,73.79151176952496,nan
31.800000000000182,INVALID,15.082398644491658,73.79164232957342,nan
31.900000000000183,INVALID,15.08250019567328,73.79177288974672,nan
32.000000000000185,INVALID,15.082601746780012,73.79190345004487,nan
32.100000000000186,INVALID,15.082703297811856,73.79203401046786,nan
32.20000000000019,INVALID,15.082804848768808,73.79216457101569,nan
32.30000000000019,INVALID,15.082906399650868,73.79229513168836,nan
32.40000000000019,INVALID,15.083007950458038,73.79242569248589,nan
32.50000000000019,INVALID,15.083109501190313,73.79255625340826,nan
32.60000000000019,INVALID,15.083211051847693,73.7926868144555,nan
32.700000000000195,INVALID,15.083312602430178,73.79281737562756,nan
32.800000000000196,INVALID,15.083414152937767,73.79294793692449,nan
32.9000000000002,INVALID,15.083515703370459,73.79307849834626,nan
33.0000000000002,INVALID,15.083617253728253,73.79320905989289,nan
33.1000000000002,INVALID,15.083718804011147,73.79333962156437,nan
33.2000000000002,INVALID,15.08382035421914,73.79347018336071,nan
33.3000000000002,INVALID,15.083921904352232,73.7936007452819,nan
33.400000000000205,INVALID,15.08402345441042,73.79373130732796,nan
33.500000000000206,INVALID,15.084125004393707,73.79386186949888,nan
33.60000000000021,INVALID,15.084226554302088,73.79399243179466,nan
33.70000000000021,INVALID,15.084328104135563,73.7941229942153,nan
33.80000000000021,INVALID,15.084429653894132,73.79425355676081,nan
33.90000000000021,INVALID,15.084531203577793,73.79438411943117,nan
34.00000000000021,INVALID,15.084632753186545,73.7945146822264,nan
34.100000000000215,INVALID,15.084734302720388,73.79464524514651,nan
34.200000000000216,INVALID,15.08483585217932,73.79477580819149,nan
34.30000000000022,INVALID,15.08493740156334,73.79490637136134,nan
34.40000000000022,INVALID,15.085038950872448,73.79503693465605,nan
34.50000000000022,INVALID,15.085140500106643,73.79516749807564,nan
34.60000000000022,INVALID,15.085242049265922,73.7952980616201,nan
34.70000000000022,INVALID,15.085343598350285,73.79542862528943,nan
34.800000000000225,INVALID,15.085445147359732,73.79555918908365,nan
34.900000000000226,INVALID,15.08554669629426,73.79568975300273,nan
35.00000000000023,INVALID,15.08564824515387,73.7958203170467,nan
35.10000000000023,INVALID,15.08574979393856,73.79595088121555,nan
35.20000000000023,INVALID,15.085851342648327,73.79608144550927,nan
35.30000000000023,INVALID,15.085952891283174,73.79621200992788,nan
35.40000000000023,INVALID,15.086054439843098,73.79634257447138,nan
35.500000000000234,INVALID,15.086155988328096,73.79647313913976,nan
35.600000000000236,INVALID,15.08625753673817,73.79660370393303,nan
35.70000000000024,INVALID,15.086359085073317,73.79673426885118,nan
35.80000000000024,INVALID,15.086460633333537,73.79686483389423,nan
35.90000000000024,INVALID,15.086562181518829,73.79699539906217,nan
36.00000000000024,INVALID,15.08666372962919,73.797125964355,nan
36.10000000000024,INVALID,15.086765277664622,73.79725652977272,nan
36.200000000000244,INVALID,15.08686682562512,73.79738709531534,nan
36.300000000000246,INVALID,15.086968373510686,73.79751766098286,nan
36.40000000000025,INVALID,15.087069921321318,73.79764822677528,nan
36.50000000000025,INVALID,15.087171469057013,73.79777879269258,nan
36.60000000000025,INVALID,15.087273016717774,73.7979093587348,nan
36.70000000000025,INVALID,15.087374564303596,73.79803992490191,nan
36.80000000000025,INVALID,15.087476111814482,73.79817049119393,nan
36.900000000000254,INVALID,15.087577659250426,73.79830105761084,nan
37.000000000000256,INVALID,15.087679206611432,73.79843162415267,nan
37.10000000000026,INVALID,15.087780753897494,73.7985621908194,nan
37.20000000000026,INVALID,15.087882301108614,73.79869275761104,nan
37.30000000000026,INVALID,15.08798384824479,73.79882332452759,nan
37.40000000000026,INVALID,15.08808539530602,73.79895389156904,nan
37.50000000000026,INVALID,15.088186942292305,73.79908445873541,nan
37.600000000000264,INVALID,15.088288489203642,73.79921502602669,nan
37.700000000000266,INVALID,15.08839003604003,73.79934559344288,nan
37.80000000000027,INVALID,15.088491582801469,73.79947616098399,nan
37.90000000000027,INVALID,15.088593129487958,73.79960672865002,nan
38.00000000000027,INVALID,15.088694676099495,73.79973729644097,nan
38.10000000000027,INVALID,15.088796222636079,73.79986786435684,nan
38.20000000000027,INVALID,15.088897769097708,73.79999843239763,nan
38.300000000000274,INVALID,15.088999315484381,73.80012900056335,nan
38.400000000000276,INVALID,15.089100861796098,73.80025956885399,nan
38.50000000000028,INVALID,15.089202408032858,73.80039013726955,nan
38.60000000000028,INVALID,15.089303954194659,73.80052070581003,nan
38.70000000000028,INVALID,15.089405500281499,73.80065127447544,nan
38.80000000000028,INVALID,15.08950704629338,73.8007818432658,nan
38.90000000000028,INVALID,15.089608592230297,73.80091241218108,nan
39.000000000000284,INVALID,15.08971013809225,73.80104298122129,nan
39.100000000000286,INVALID,15.08981168387924,73.80117355038644,nan
39.20000000000029,INVALID,15.089913229591264,73.80130411967652,nan
39.30000000000029,INVALID,15.09001477522832,73.80143468909154,nan
39.40000000000029,INVALID,15.09011632079041,73.8015652586315,nan
39.50000000000029,INVALID,15.090217866277527,73.80169582829639,nan
39.60000000000029,INVALID,15.090319411689675,73.80182639808622,nan
39.700000000000294,INVALID,15.09042095702685,73.801956968001,nan
39.800000000000296,INVALID,15.090522502289053,73.80208753804071,nan
39.9000000000003,INVALID,15.09062404747628,73.80221810820538,nan
40.0000000000003,VALID,15.090725592588534,73.802348678495,4000.316674641293
40.1000000000003,VALID,15.09082713762581,73.80247924890955,4000.493186910391
40.2000000000003,VALID,15.090928682588109,73.80260981944906,4000.249281025226
40.3000000000003,VALID,15.091030227475427,73.80274039011353,3996.847292931601
40.400000000000304,VALID,15.091131772287765,73.80287096090294,3997.205161487542
40.500000000000306,VALID,15.091233317025122,73.8030015318173,3995.7043000418016
40.60000000000031,VALID,15.091334861687494,73.80313210285662,3998.872923179491
40.70000000000031,VALID,15.091436406274884,73.8032626740209,4003.042848207725
40.80000000000031,VALID,15.091537950787288,73.80339324531013,3999.354370494545
40.90000000000031,VALID,15.091639495224705,73.80352381672434,4002.625616808845
41.00000000000031,VALID,15.091741039587134,73.8036543882635,4001.8372333231214
41.100000000000314,VALID,15.091842583874573,73.80378495992761,3998.7807875157464
41.200000000000315,VALID,15.091944128087023,73.8039155317167,3995.5569962373147
41.30000000000032,VALID,15.092045672224481,73.80404610363075,3996.089158479169
41.40000000000032,VALID,15.092147216286946,73.80417667566977,3998.524489825659
41.50000000000032,VALID,15.092248760274416,73.80430724783375,4000.093604990409
41.60000000000032,VALID,15.09235030418689,73.8044378201227,4002.873439575185
41.70000000000032,VALID,15.092451848024368,73.80456839253662,3999.152949405314
41.800000000000324,VALID,15.092553391786847,73.80469896507553,3999.265184785386
41.900000000000325,VALID,15.092654935474327,73.80482953773941,4001.425101138144
42.00000000000033,VALID,15.092756479086805,73.80496011052826,4000.8412079071586
42.10000000000033,VALID,15.09285802262428,73.80509068344209,4000.1181747627056
42.20000000000033,VALID,15.092959566086753,73.80522125648089,4002.53682894458
42.30000000000033,VALID,15.09306110947422,73.80535182964468,3999.665933404023
42.40000000000033,VALID,15.093162652786681,73.80548240293345,4000.2626221825467
42.500000000000334,VALID,15.093264196024135,73.8056129763472,3998.5402469040173
42.600000000000335,VALID,15.09336573918658,73.80574354988595,4001.690426997686
42.70000000000034,VALID,15.093467282274014,73.80587412354967,3997.3648317791462
42.80000000000034,VALID,15.093568825286438,73.80600469733838,4001.6293257666384
42.90000000000034,VALID,15.093670368223847,73.80613527125209,3998.3700274828084
43.00000000000034,VALID,15.093771911086243,73.80626584529078,4002.255091720225
43.10000000000034,VALID,15.093873453873623,73.80639641945447,3998.719421241578
43.200000000000344,VALID,15.093974996585986,73.80652699374315,4002.699592634178
43.300000000000345,VALID,15.09407653922333,73.80665756815682,4003.444231383793
43.40000000000035,VALID,15.094178081785653,73.8067881426955,3998.5643607479788
43.50000000000035,VALID,15.094279624272955,73.80691871735917,4004.3004091688836
43.60000000000035,VALID,15.094381166685235,73.80704929214784,3998.075327643478
43.70000000000035,VALID,15.09448270902249,73.8071798670615,3999.3812114334696
43.80000000000035,VALID,15.09458425128472,73.80731044210019,3998.0840710712646
43.900000000000354,VALID,15.094685793471923,73.80744101726387,3999.761756896276
44.000000000000355,VALID,15.094787335584098,73.80757159255256,4000.5403203601645
44.10000000000036,VALID,15.094888877621242,73.80770216796627,4000.288223534394
44.20000000000036,VALID,15.094990419583356,73.80783274350497,4003.725874867595
44.30000000000036,VALID,15.095091961470436,73.80796331916869,4002.1872994700416
44.40000000000036,VALID,15.095193503282482,73.80809389495742,3999.7518903522437
44.50000000000036,VALID,15.095295045019492,73.80822447087118,4000.348460814305
44.600000000000364,VALID,15.095396586681465,73.80835504690995,3997.695730898585
44.700000000000365,VALID,15.0954981282684,73.80848562307374,4001.6582916358216
44.80000000000037,VALID,15.095599669780293,73.80861619936255,3997.0535421655927
44.90000000000037,VALID,15.095701211217145,73.80874677577637,3996.692083283698
45.00000000000037,VALID,15.095802752578955,73.80887735231522,3997.06995805396
45.10000000000037,VALID,15.095904293865718,73.8090079289791,4004.005423017276
45.20000000000037,VALID,15.096005835077436,73.809138505768,4001.1711787258323
45.300000000000374,VALID,15.096107376214107,73.80926908268194,4000.0863670721383
45.400000000000375,VALID,15.096208917275728,73.8093996597209,3997.121570034384
45.50000000000038,VALID,15.096310458262298,73.8095302368849,4000.1724786173963
45.60000000000038,VALID,15.096411999173815,73.80966081417392,3996.9545978390984
45.70000000000038,VALID,15.09651354001028,73.80979139158799,4001.7348732218916
45.80000000000038,VALID,15.096615080771688,73.80992196912709,3999.9812716622714
45.90000000000038,VALID,15.09671662145804,73.81005254679123,3999.9944175164023
46.000000000000384,VALID,15.096818162069331,73.8101831245804,3997.7910648183065
46.100000000000385,VALID,15.096919702605563,73.81031370249462,4001.822780338462
46.20000000000039,VALID,15.097021243066733,73.81044428053389,3999.9354942461296
46.30000000000039,VALID,15.09712278345284,73.8105748586982,4001.2810452229305
46.40000000000039,VALID,15.09722432376388,73.81070543698756,3998.622625318183
46.50000000000039,VALID,15.097325863999854,73.81083601540197,3998.258369742501
46.60000000000039,VALID,15.09742740416076,73.81096659394143,4004.910094122382
46.700000000000394,VALID,15.097528944246596,73.81109717260594,3999.630627969376
46.800000000000395,VALID,15.09763048425736,73.8112277513955,3999.817937307138
46.9000000000004,VALID,15.097732024193052,73.81135833031013,4000.4818276467336
47.0000000000004,VALID,15.097833564053667,73.8114889093498,4000.931892696871
47.1000000000004,VALID,15.097935103839205,73.81161948851455,4001.9146906462106
47.2000000000004,VALID,15.098036643549666,73.81175006780435,3998.1107917449162
47.3000000000004,VALID,15.098138183185046,73.81188064721923,4000.9794359535144
47.400000000000404,VALID,15.098239722745344,73.81201122675915,4001.447411501211
47.500000000000405,VALID,15.098341262230559,73.81214180642415,4000.8671470418117
47.600000000000406,VALID,15.098442801640688,73.81227238621422,3997.168620373558
47.70000000000041,VALID,15.09854434097573,73.81240296612935,4001.7926856660915
47.80000000000041,VALID,15.098645880235683,73.81253354616956,4002.117885180866
47.90000000000041,VALID,15.098747419420546,73.81266412633485,4001.8847165057746
48.00000000000041,VALID,15.098848958530315,73.81279470662521,3997.490907882101
48.10000000000041,VALID,15.09895049756499,73.81292528704066,4002.373349261818
48.200000000000415,VALID,15.09905203652457,73.81305586758118,3999.4479403284804
48.300000000000416,VALID,15.099153575409051,73.81318644824678,3998.8186733812663
48.40000000000042,VALID,15.099255114218433,73.81331702903748,3999.4725698759257
48.50000000000042,VALID,15.099356652952714,73.81344760995326,3998.1531314033805
48.60000000000042,VALID,15.099458191611891,73.81357819099412,4000.203263275541
48.70000000000042,VALID,15.099559730195963,73.81370877216007,3999.64575366656
48.80000000000042,VALID,15.099661268704928,73.81383935345112,3999.0667691534113
48.900000000000425,VALID,15.099762807138783,73.81396993486726,4002.2268001233924
49.000000000000426,VALID,15.099864345497528,73.8141005164085,3999.460124252941
49.10000000000043,VALID,15.09996588378116,73.81423109807484,4001.9122938129863
49.20000000000043,VALID,15.100067421989676,73.81436167986628,3998.6921966910727
49.30000000000043,VALID,15.100168960123076,73.81449226178282,3999.315001980385
49.40000000000043,VALID,15.100270498181358,73.81462284382445,4001.039057405831
49.50000000000043,VALID,15.100372036164519,73.8147534259912,3998.7338000251243
49.600000000000435,VALID,15.100473574072556,73.81488400828306,3998.1491039151147
49.700000000000436,VALID,15.100575111905469,73.81501459070003,3995.2736862408765
49.80000000000044,VALID,15.100676649663255,73.81514517324212,4003.3181007262187
49.90000000000044,VALID,15.100778187345913,73.81527575590931,4002.3943092887703
50.00000000000044,VALID,15.10087972495344,73.81540633870162,4000.9897629545085
50.10000000000044,VALID,15.100981262485835,73.81553692161906,4001.9624961789755
50.20000000000044,VALID,15.101082799943093,73.8156675046616,4003.3783239616178
50.300000000000445,VALID,15.101184337325215,73.81579808782928,4003.0994657797405
50.400000000000446,VALID,15.101285874632197,73.81592867112208,3999.1102135983406
50.50000000000045,VALID,15.101387411864039,73.81605925454001,4002.233422467371
50.60000000000045,VALID,15.101488949020737,73.81618983808306,4001.107792188213
50.70000000000045,VALID,15.101590486102289,73.81632042175126,3999.797988419985
50.80000000000045,VALID,15.101692023108694,73.81645100554458,4002.7159504413266
50.90000000000045,VALID,15.101793560039948,73.81658158946304,4001.453369962557
51.000000000000455,VALID,15.10189509689605,73.81671217350664,4000.997288236397
51.100000000000456,VALID,15.101996633676997,73.81684275767539,4000.2935118538526
51.20000000000046,VALID,15.102098170382789,73.81697334196927,3999.991354069234
51.30000000000046,VALID,15.10219970701342,73.8171039263883,4000.293675428509
51.40000000000046,VALID,15.102301243568892,73.81723451093248,3999.6228464993605
51.50000000000046,VALID,15.1024027800492,73.8173650956018,4000.5695011708085
51.60000000000046,VALID,15.102504316454342,73.81749568039628,4002.1715983125982
51.700000000000465,VALID,15.102605852784315,73.81762626531591,3999.0021385896966
51.800000000000466,VALID,15.102707389039118,73.8177568503607,4003.2613203230935
51.90000000000047,VALID,15.102808925218747,73.81788743553065,4000.645492324875
52.00000000000047,VALID,15.102910461323201,73.81801802082576,4000.3060930905885
52.10000000000047,VALID,15.103011997352478,73.81814860624604,4004.115748011978
52.20000000000047,VALID,15.103113533306574,73.81827919179149,4000.9923653057135
52.30000000000047,VALID,15.103215069185488,73.81840977746211,4000.225875713092
52.400000000000475,VALID,15.103316604989216,73.8185403632579,3997.42620210115
52.500000000000476,VALID,15.103418140717755,73.81867094917885,4002.6968866812686
52.60000000000048,VALID,15.103519676371105,73.81880153522499,4004.7230767759966
52.70000000000048,VALID,15.103621211949262,73.81893212139632,3997.881541424733
52.80000000000048,VALID,15.103722747452224,73.81906270769282,4000.523536369618
52.90000000000048,VALID,15.103824282879987,73.81919329411451,4001.857686993298
53.00000000000048,VALID,15.10392581823255,73.81932388066139,4002.2109311202644
53.100000000000485,VALID,15.10402735350991,73.81945446733344,3997.0858467345433
53.200000000000486,VALID,15.104128888712063,73.8195850541307,4000.7662757619996
53.30000000000049,VALID,15.104230423839008,73.81971564105315,3999.698138157501
53.40000000000049,VALID,15.104331958890741,73.8198462281008,4001.970247446473
53.50000000000049,VALID,15.10443349386726,73.81997681527365,4000.4812123776883
53.60000000000049,VALID,15.104535028768561,73.82010740257171,4001.6895569640965
53.70000000000049,VALID,15.104636563594642,73.82023798999496,3997.455987825855
53.800000000000495,VALID,15.104738098345502,73.82036857754343,3997.389465279064
53.900000000000496,VALID,15.104839633021134,73.82049916521711,4001.5378504502432
54.0000000000005,VALID,15.104941167621538,73.82062975301601,3996.4390357712136
54.1000000000005,VALID,15.105042702146712,73.82076034094013,4001.3036668145523
54.2000000000005,VALID,15.105144236596649,73.82089092898946,3999.2181305681634
54.3000000000005,VALID,15.105245770971349,73.82102151716401,4003.246878927311
54.4000000000005,VALID,15.105347305270808,73.8211521054638,4001.539155854097
54.500000000000504,VALID,15.105448839495024,73.8212826938888,4002.1798124284305
54.600000000000506,VALID,15.105550373643993,73.82141328243905,3999.30062199467
54.70000000000051,VALID,15.105651907717712,73.82154387111453,4001.6747562293463
54.80000000000051,VALID,15.105753441716178,73.82167445991524,3999.9466920242025
54.90000000000051,VALID,15.105854975639387,73.8218050488412,4000.5034448936476
55.00000000000051,VALID,15.105956509487337,73.82193563789241,4002.472781765088
55.10000000000051,VALID,15.106058043260022,73.82206622706886,4001.6682999019736
55.200000000000514,VALID,15.106159576957442,73.82219681637056,3998.520830705546
55.300000000000516,VALID,15.106261110579592,73.82232740579752,3997.470066421507
55.40000000000052,VALID,15.106362644126468,73.82245799534974,3997.568450354465
55.50000000000052,VALID,15.106464177598069,73.82258858502722,4001.1014115883772
55.60000000000052,VALID,15.106565710994388,73.82271917482996,4001.5932011713066
55.70000000000052,VALID,15.106667244315425,73.82284976475796,3994.44249720457
55.80000000000052,VALID,15.106768777561173,73.82298035481124,3997.4278467391114
55.900000000000524,VALID,15.106870310731631,73.82311094498979,4002.0978510676323
56.000000000000526,VALID,15.106971843826793,73.82324153529363,4001.454359521918
56.10000000000053,VALID,15.107073376846657,73.82337212572274,3996.425540892565
56.20000000000053,VALID,15.107174909791219,73.82350271627715,3999.3034232014284
56.30000000000053,VALID,15.107276442660474,73.82363330695684,3998.73654634464
56.40000000000053,VALID,15.107377975454419,73.82376389776182,4000.974013625085
56.50000000000053,VALID,15.10747950817305,73.8238944886921,3997.6281917664596
56.600000000000534,VALID,15.107581040816363,73.82402507974768,3999.819375073442
56.700000000000536,VALID,15.107682573384354,73.82415567092856,3996.698683419291
56.80000000000054,VALID,15.10778410587702,73.82428626223475,4000.204446841576
56.90000000000054,VALID,15.107885638294354,73.82441685366625,4000.743029356764
57.00000000000054,VALID,15.107987170636354,73.82454744522306,4000.5676149234732
57.10000000000054,VALID,15.108088702903016,73.8246780369052,3997.089693463382
57.20000000000054,VALID,15.108190235094334,73.82480862871266,4000.6135942381015
57.300000000000544,VALID,15.108291767210304,73.82493922064545,4000.0650859303923
57.400000000000546,VALID,15.108393299250922,73.82506981270356,3997.4288044187797
57.50000000000055,VALID,15.108494831216184,73.82520040488701,4001.3587253569804
57.60000000000055,VALID,15.108596363106084,73.8253309971958,4002.2055769825893
57.70000000000055,VALID,15.108697894920619,73.82546158962994,4002.152992387825
57.80000000000055,VALID,15.10879942665978,73.82559218218942,3998.3883679101673
57.90000000000055,VALID,15.108900958323568,73.82572277487427,4002.3999013944745
58.000000000000554,VALID,15.109002489911974,73.82585336768446,3999.793869926719
58.100000000000556,VALID,15.109104021424995,73.82598396062002,4001.4452958388497
58.20000000000056,VALID,15.109205552862626,73.82611455368095,4001.824209288661
58.30000000000056,VALID,15.10930708422486,73.82624514686725,4002.438678352996
58.40000000000056,VALID,15.109408615511692,73.82637574017893,3999.45570664195
58.50000000000056,VALID,15.109510146723117,73.82650633361598,3999.470553722332
58.60000000000056,VALID,15.109611677859132,73.82663692717843,4002.8755353412494
58.700000000000564,VALID,15.109713208919729,73.82676752086626,4002.4884740510506
58.800000000000566,VALID,15.109814739904902,73.82689811467948,3999.69273404756
58.90000000000057,VALID,15.109916270814647,73.82702870861812,4004.582111941374
59.00000000000057,VALID,15.110017801648958,73.82715930268215,4003.6096328129984
59.10000000000057,VALID,15.110119332407827,73.8272898968716,3999.471722304555
59.20000000000057,VALID,15.11022086309125,73.82742049118647,4000.603336259931
59.30000000000057,VALID,15.110322393699219,73.82755108562677,4000.713761796835
59.400000000000574,VALID,15.11042392423173,73.82768168019248,4000.982373799244
59.500000000000576,VALID,15.110525454688775,73.82781227488364,3998.1713010963153
59.60000000000058,VALID,15.110626985070347,73.82794286970024,4000.9180946743
59.70000000000058,VALID,15.11072851537644,73.82807346464229,4000.189433187369
59.80000000000058,VALID,15.110830045607049,73.82820405970978,3999.675025335283
59.90000000000058,VALID,15.110931575762164,73.82833465490273,4001.474973217704
60.00000000000058,VALID,15.11103310584178,73.82846525022116,4003.0952303309923
60.100000000000584,VALID,15.11113463584589,73.82859584566505,4000.724797366197
60.200000000000585,VALID,15.111236165774484,73.82872644123442,4001.5406142211195
60.30000000000059,VALID,15.111337695627556,73.82885703692928,4000.587246927651
60.40000000000059,VALID,15.1114392254051,73.82898763274963,3998.936843227289
60.50000000000059,VALID,15.111540755107105,73.82911822869548,3996.8457812374563
60.60000000000059,VALID,15.111642284733566,73.82924882476682,4000.368151888238
60.70000000000059,VALID,15.111743814284473,73.82937942096369,3998.5761769583996
60.800000000000594,VALID,15.11184534375982,73.82951001728607,4001.3392420737896
60.900000000000595,VALID,15.111946873159594,73.82964061373399,4002.4398046725396
61.0000000000006,VALID,15.11204840248379,73.82977121030743,4001.1216212383624
61.1000000000006,VALID,15.112149931732397,73.82990180700642,3996.9212263676586
61.2000000000006,VALID,15.112251460905407,73.83003240383097,3999.8805601740505
61.3000000000006,VALID,15.11235299000281,73.83016300078107,3997.93431443973
61.4000000000006,VALID,15.112454519024595,73.83029359785674,3999.101509309534
61.500000000000604,VALID,15.112556047970754,73.83042419505799,3995.7150319278385
61.600000000000605,VALID,15.112657576841277,73.83055479238482,3999.1644931356177
61.70000000000061,VALID,15.112759105636153,73.83068538983724,3999.253838497322
61.80000000000061,VALID,15.11286063435537,73.83081598741528,4000.2452986209573
61.90000000000061,VALID,15.112962162998919,73.83094658511892,3999.5242761084673
62.00000000000061,VALID,15.113063691566786,73.83107718294819,4001.6792331538645
62.10000000000061,VALID,15.113165220058963,73.8312077809031,4000.1147210523195
62.200000000000614,VALID,15.113266748475436,73.83133837898365,3996.2972326455506
62.300000000000615,VALID,15.113368276816193,73.83146897718986,4003.7855528995897
62.40000000000062,VALID,15.11346980508122,73.83159957552174,3999.8123963654207
62.50000000000062,VALID,15.113571333270505,73.83173017397928,3997.8709728036965
62.60000000000062,VALID,15.113672861384035,73.83186077256252,3998.1449915618946
62.70000000000062,VALID,15.113774389421796,73.83199137127146,3999.073030376714
62.80000000000062,VALID,15.113875917383773,73.83212197010612,4002.239839889931
62.900000000000624,VALID,15.113977445269953,73.8322525690665,3998.363541853154
63.000000000000625,VALID,15.11407897308032,73.83238316815262,3996.9457228159094
63.10000000000063,VALID,15.114180500814857,73.83251376736449,4003.5494141720733
63.20000000000063,VALID,15.11428202847355,73.83264436670213,4000.82119119768
63.30000000000063,VALID,15.11438355605638,73.83277496616554,3998.1185136807094
63.40000000000063,VALID,15.11448508356333,73.83290556575476,4000.6665256290976
63.50000000000063,VALID,15.114586610994383,73.83303616546978,3999.8344791727222
63.600000000000634,VALID,15.11468813834952,73.83316676531064,4001.557665246202
63.700000000000635,VALID,15.114789665628722,73.83329736527733,3998.4570950405564
63.80000000000064,VALID,15.114891192831967,73.83342796536989,3995.8972907619823
63.90000000000064,VALID,15.114992719959238,73.83355856558833,4000.328827315043
64.00000000000064,VALID,15.11509424701051,73.83368916593267,3998.111650542386
64.10000000000063,VALID,15.115195773985763,73.83381976640291,4001.0030731496518
64.20000000000063,VALID,15.11529730088497,73.83395036699909,4000.235839228145
64.30000000000062,VALID,15.11539882770811,73.83408096772123,4003.0233102726247
64.40000000000062,VALID,15.115500354455158,73.83421156856936,3999.388009335528
64.50000000000061,VALID,15.115601881126084,73.83434216954348,3997.0776062434315
64.6000000000006,VALID,15.115703407720861,73.83447277064361,4002.198913586269
64.7000000000006,VALID,15.115804934239462,73.8346033718698,4003.4192546428376
64.8000000000006,VALID,15.115906460681854,73.83473397322207,3999.0185827435203
64.90000000000059,VALID,15.116007987048008,73.83486457470045,4000.053167847058
65.00000000000058,VALID,15.116109513337888,73.83499517630494,4000.2746098748203
65.10000000000058,VALID,15.116211039551459,73.8351257780356,4000.997366414505
65.20000000000057,VALID,15.116312565688684,73.83525637989246,4001.496777899776
65.30000000000057,VALID,15.116414091749526,73.83538698187553,4001.8831628358134
65.40000000000056,VALID,15.116515617733942,73.83551758398487,4000.03711609102
65.50000000000055,VALID,15.116617143641887,73.83564818622051,3996.905555203574
65.60000000000055,VALID,15.116718669473316,73.83577878858249,4005.846479313625
65.70000000000054,VALID,15.11682019522818,73.83590939107084,3998.919714914556
65.80000000000054,VALID,15.116921720906427,73.83603999368562,3997.1711990834374
65.90000000000053,VALID,15.117023246508003,73.83617059642685,3997.253544917617
66.00000000000053,VALID,15.117124772032845,73.83630119929461,4002.037414643373
66.10000000000052,VALID,15.117226297480892,73.83643180228894,3998.746651437738
66.20000000000051,VALID,15.117327822852076,73.8365624054099,4001.3964499692224
66.30000000000051,VALID,15.117429348146322,73.83669300865753,3997.8349116099707
66.4000000000005,VALID,15.117530873363553,73.83682361203194,4000.130721213833
66.5000000000005,VALID,15.11763239850368,73.83695421553317,3996.375068454679
66.60000000000049,VALID,15.117733923566615,73.8370848191613,4001.99090641301
66.70000000000049,VALID,15.117835448552254,73.83721542291643,3998.6909674142553
66.80000000000048,VALID,15.11793697346049,73.83734602679864,4000.6232517111607
66.90000000000047,VALID,15.118038498291197,73.83747663080803,4000.343534471051
67.00000000000047,VALID,15.118140023044244,73.83760723494471,3999.272317838173
67.10000000000046,VALID,15.118241547719483,73.83773783920881,3997.3636866853017
67.20000000000046,VALID,15.11834307231675,73.83786844360047,4000.7004802059732
67.30000000000045,VALID,15.118444596835856,73.83799904811984,3998.975569046476
67.40000000000045,VALID,15.118546121276594,73.83812965276711,4002.558480285365
67.50000000000044,VALID,15.118647645638726,73.83826025754246,3994.323466582541
67.60000000000043,VALID,15.118749169921976,73.83839086244612,3999.1332260978506
67.70000000000043,VALID,15.118850694126026,73.83852146747837,4000.1067700830727
67.80000000000042,VALID,15.1189522182505,73.83865207263952,3999.6934010937084
67.90000000000042,VALID,15.119053742294952,73.83878267792994,3999.2480003268715
68.00000000000041,VALID,15.119155266258836,73.83891328335008,4001.013540678614
68.1000000000004,VALID,15.119256790141481,73.8390438889005,3996.4903921078308
68.2000000000004,VALID,15.119358313942028,73.83917449458194,3996.845043226824
68.3000000000004,VALID,15.119459837659347,73.83930510039531,4002.969834843681
68.40000000000039,VALID,15.119561361291884,73.83943570634192,3997.3324411919634
68.50000000000038,VALID,15.119662884837366,73.83956631242367,4002.6026165316916
68.60000000000038,VALID,15.119764408292152,73.8396969186436,3999.1213658696242
68.70000000000037,VALID,15.119865931649466,73.83982752500735,4003.079704430268
68.80000000000037,VALID,15.119967454892262,73.83995813152914,4001.399119088945
68.90000000000036,VALID,15.120103329573194,73.84012907764675,4001.1629899193563
69.00000000000036,VALID,15.120206659073098,73.84025815541935,3996.6745765220035
69.10000000000035,VALID,15.12030998849971,73.8403872333178,4002.54517862241
69.20000000000034,VALID,15.120413317853028,73.84051631134211,4000.427169334174
69.30000000000034,VALID,15.120516647133055,73.84064538949228,3999.165756822617
69.40000000000033,VALID,15.120619976339787,73.8407744677683,3996.258223634035
69.50000000000033,VALID,15.120723305473225,73.84090354617018,4000.951368054866
69.60000000000032,VALID,15.120826634533367,73.84103262469792,4002.2046503556285
69.70000000000032,VALID,15.120929963520215,73.84116170335152,3999.723385832236
69.80000000000031,VALID,15.121033292433765,73.84129078213097,4001.8576985413056
69.9000000000003,VALID,15.121136621274017,73.84141986103629,4002.974135311254
70.0000000000003,INVALID,15.121239950040971,73.84154894006747,nan
70.10000000000029,INVALID,15.121343278734628,73.8416780192245,nan
70.20000000000029,INVALID,15.121446607354985,73.8418070985074,nan
70.30000000000028,INVALID,15.121549935902042,73.84193617791617,nan
70.40000000000028,INVALID,15.121653264375798,73.8420652574508,nan
70.50000000000027,INVALID,15.121756592776253,73.8421943371113,nan
70.60000000000026,INVALID,15.121859921103406,73.84232341689767,nan
70.70000000000026,INVALID,15.121963249357256,73.84245249680991,nan
70.80000000000025,INVALID,15.122066577537803,73.84258157684802,nan
70.90000000000025,INVALID,15.122169905645045,73.842710657012,nan
71.00000000000024,INVALID,15.122273233678982,73.84283973730186,nan
71.10000000000024,INVALID,15.122376561639614,73.84296881771759,nan
71.20000000000023,INVALID,15.12247988952694,73.84309789825919,nan
71.30000000000022,INVALID,15.122583217340958,73.84322697892667,nan
71.40000000000022,INVALID,15.122686545081669,73.84335605972002,nan
71.50000000000021,INVALID,15.12278987274907,73.84348514063925,nan
71.60000000000021,INVALID,15.122893200343164,73.84361422168435,nan
71.7000000000002,INVALID,15.122996527863947,73.84374330285533,nan
71.8000000000002,INVALID,15.12309985531142,73.84387238415219,nan
71.90000000000019,INVALID,15.123203182685582,73.84400146557493,nan
72.00000000000018,INVALID,15.123306509986433,73.84413054712357,nan
72.10000000000018,INVALID,15.123409837213972,73.84425962879808,nan
72.20000000000017,INVALID,15.123513164368196,73.84438871059848,nan
72.30000000000017,INVALID,15.123616491449107,73.84451779252477,nan
72.40000000000016,INVALID,15.123719818456705,73.84464687457694,nan
72.50000000000016,INVALID,15.123823145390986,73.844775956755,nan
72.60000000000015,INVALID,15.123926472251952,73.84490503905894,nan
72.70000000000014,INVALID,15.1240297990396,73.84503412148878,nan
72.80000000000014,INVALID,15.124133125753932,73.84516320404451,nan
72.90000000000013,INVALID,15.124236452394946,73.84529228672612,nan
73.00000000000013,INVALID,15.124339778962641,73.84542136953363,nan
73.10000000000012,INVALID,15.124443105457017,73.84555045246702,nan
73.20000000000012,INVALID,15.124546431878072,73.84567953552632,nan
73.30000000000011,INVALID,15.124649758225805,73.8458086187115,nan
73.4000000000001,INVALID,15.124753084500218,73.8459377020226,nan
73.5000000000001,INVALID,15.124856410701309,73.84606678545958,nan
73.6000000000001,INVALID,15.124959736829076,73.84619586902247,nan
73.70000000000009,INVALID,15.125063062883521,73.84632495271126,nan
73.80000000000008,INVALID,15.125166388864642,73.84645403652594,nan
73.90000000000008,INVALID,15.125269714772438,73.84658312046653,nan
74.00000000000007,INVALID,15.125373040606908,73.84671220453302,nan
74.10000000000007,INVALID,15.125476366368051,73.84684128872541,nan
74.20000000000006,INVALID,15.125579692055869,73.84697037304372,nan
74.30000000000005,INVALID,15.125683017670358,73.84709945748791,nan
74.40000000000005,INVALID,15.12578634321152,73.84722854205802,nan
74.50000000000004,INVALID,15.125889668679351,73.84735762675403,nan
74.60000000000004,INVALID,15.125992994073853,73.84748671157595,nan
74.70000000000003,INVALID,15.126096319395025,73.84761579652378,nan
74.80000000000003,INVALID,15.126199644642865,73.84774488159754,nan
74.90000000000002,INVALID,15.126302969817374,73.8478739667972,nan
75.00000000000001,INVALID,15.12640629491855,73.84800305212276,nan
75.10000000000001,INVALID,15.126509619946392,73.84813213757425,nan
75.2,INVALID,15.1266129449009,73.84826122315165,nan
75.3,INVALID,15.126716269782074,73.84839030885497,nan
75.39999999999999,INVALID,15.126819594589913,73.8485193946842,nan
75.49999999999999,INVALID,15.126922919324414,73.84864848063935,nan
75.59999999999998,INVALID,15.12702624398558,73.84877756672043,nan
75.69999999999997,INVALID,15.127129568573407,73.84890665292741,nan
75.79999999999997,INVALID,15.127232893087896,73.84903573926032,nan
75.89999999999996,INVALID,15.127336217529047,73.84916482571914,nan
75.99999999999996,INVALID,15.127439541896859,73.84929391230389,nan
76.09999999999995,INVALID,15.12754286619133,73.84942299901458,nan
76.19999999999995,INVALID,15.127646190412461,73.84955208585119,nan
76.29999999999994,INVALID,15.12774951456025,73.84968117281372,nan
76.39999999999993,INVALID,15.127852838634697,73.84981025990217,nan
76.49999999999993,INVALID,15.1279561626358,73.84993934711656,nan
76.59999999999992,INVALID,15.128059486563558,73.85006843445687,nan
76.69999999999992,INVALID,15.128162810417972,73.85019752192312,nan
76.79999999999991,INVALID,15.128266134199043,73.85032660951529,nan
76.8999999999999,INVALID,15.128369457906766,73.8504556972334,nan
76.9999999999999,INVALID,15.128472781541143,73.85058478507744,nan
77.0999999999999,INVALID,15.128576105102173,73.85071387304743,nan
77.19999999999989,INVALID,15.128679428589855,73.85084296114334,nan
77.29999999999988,INVALID,15.128782752004188,73.8509720493652,nan
77.39999999999988,INVALID,15.128886075345171,73.85110113771299,nan
77.49999999999987,INVALID,15.128989398612806,73.85123022618671,nan
77.59999999999987,INVALID,15.129092721807089,73.85135931478638,nan
77.69999999999986,INVALID,15.12919604492802,73.85148840351198,nan
77.79999999999986,INVALID,15.1292993679756,73.85161749236353,nan
77.89999999999985,INVALID,15.129402690949826,73.85174658134102,nan
77.99999999999984,INVALID,15.1295060138507,73.85187567044444,nan
78.09999999999984,INVALID,15.129609336678218,73.85200475967382,nan
78.19999999999983,INVALID,15.129712659432382,73.85213384902914,nan
78.29999999999983,INVALID,15.12981598211319,73.8522629385104,nan
78.39999999999982,INVALID,15.12991930472064,73.85239202811762,nan
78.49999999999982,INVALID,15.130022627254736,73.85252111785078,nan
78.59999999999981,INVALID,15.130125949715472,73.8526502077099,nan
78.6999999999998,INVALID,15.13022927210285,73.85277929769497,nan
78.7999999999998,INVALID,15.130332594416869,73.85290838780598,nan
78.89999999999979,INVALID,15.130435916657527,73.85303747804295,nan
78.99999999999979,INVALID,15.130539238824824,73.85316656840587,nan
79.09999999999978,INVALID,15.13064256091876,73.85329565889475,nan
79.19999999999978,INVALID,15.130745882939333,73.85342474950959,nan
79.29999999999977,INVALID,15.130849204886545,73.85355384025037,nan
79.39999999999976,INVALID,15.130952526760392,73.85368293111712,nan
79.49999999999976,INVALID,15.131055848560875,73.85381202210984,nan
79.59999999999975,INVALID,15.131159170287994,73.8539411132285,nan
79.69999999999975,INVALID,15.131262491941746,73.85407020447313,nan
79.79999999999974,INVALID,15.131365813522132,73.85419929584373,nan
79.89999999999974,INVALID,15.131469135029151,73.85432838734029,nan
79.99999999999973,INVALID,15.131572456462802,73.85445747896281,nan
80.09999999999972,VALID,15.131675777823084,73.8545865707113,4000.9542574965835
80.19999999999972,VALID,15.131779099109997,73.85471566258576,4002.5178298967294
80.29999999999971,VALID,15.13188242032354,73.85484475458618,3999.7101445638946
80.39999999999971,VALID,15.131985741463714,73.85497384671257,4000.6885576782747
80.4999999999997,VALID,15.132089062530515,73.85510293896492,4002.048469298821
80.5999999999997,VALID,15.132192383523943,73.85523203134325,4000.2883587908514
80.69999999999969,VALID,15.132295704444,73.85536112384754,4002.73179495508
80.79999999999968,VALID,15.132399025290681,73.85549021647782,4000.818604904637
80.89999999999968,VALID,15.132502346063989,73.85561930923406,3999.9122301466296
80.99999999999967,VALID,15.132605666763922,73.85574840211628,3996.7630308882967
81.09999999999967,VALID,15.13270898739048,73.85587749512447,3997.1930025362967
81.19999999999966,VALID,15.132812307943661,73.85600658825865,3999.99747703441
81.29999999999966,VALID,15.132915628423465,73.8561356815188,4001.1645195207802
81.39999999999965,VALID,15.133018948829891,73.85626477490491,3998.7073288443157
81.49999999999964,VALID,15.13312226916294,73.85639386841703,3999.028478955708
81.59999999999964,VALID,15.133225589422608,73.85652296205512,3999.277170289548
81.69999999999963,VALID,15.133328909608895,73.8566520558192,3997.1618135883673
81.79999999999963,VALID,15.133432229721803,73.85678114970925,3993.778702533444
81.89999999999962,VALID,15.13353554976133,73.85691024372528,3998.501886253474
81.99999999999962,VALID,15.133638869727474,73.8570393378673,4002.6568688044
82.09999999999961,VALID,15.133742189620234,73.85716843213531,4004.4380078314784
82.1999999999996,VALID,15.133845509439611,73.85729752652931,4006.5868974605382
82.2999999999996,VALID,15.133948829185604,73.85742662104929,4001.4055820891117
82.3999999999996,VALID,15.134052148858212,73.85755571569526,4000.5742335180125
82.49999999999959,VALID,15.134155468457433,73.85768481046722,3997.101292005041
82.59999999999958,VALID,15.134258787983269,73.85781390536518,4001.767265498358
82.69999999999958,VALID,15.134362107435717,73.85794300038913,3999.188116348562
82.79999999999957,VALID,15.134465426814776,73.85807209553907,3999.793696516888
82.89999999999957,VALID,15.134568746120447,73.85820119081501,3999.510089228491
82.99999999999956,VALID,15.13467206535273,73.85833028621694,3999.3913978928836
83.09999999999955,VALID,15.134775384511622,73.85845938174486,3997.434950560651
83.19999999999955,VALID,15.134878703597122,73.85858847739878,4004.3534996271906
83.29999999999954,VALID,15.13498202260923,73.85871757317871,3999.792536217195
83.39999999999954,VALID,15.135085341547947,73.85884666908463,3999.9765827978827
83.49999999999953,VALID,15.135188660413272,73.85897576511655,4000.1156544000496
83.59999999999953,VALID,15.135291979205203,73.85910486127447,4001.5939682821568
83.69999999999952,VALID,15.135395297923738,73.8592339575584,4001.534297487329
83.79999999999951,VALID,15.135498616568878,73.85936305396834,4002.9912803598436
83.89999999999951,VALID,15.135601935140622,73.85949215050427,3999.6368457057856
83.9999999999995,VALID,15.13570525363897,73.8596212471662,4002.9535988463103
84.0999999999995,VALID,15.135808572063919,73.85975034395415,3996.1522182974277
84.19999999999949,VALID,15.135911890415471,73.8598794408681,3998.7275524117726
84.29999999999949,VALID,15.136015208693625,73.86000853790806,3999.930578756364
84.39999999999948,VALID,15.136118526898379,73.86013763507404,4000.1107305724763
84.49999999999947,VALID,15.136221845029732,73.86026673236603,3998.3695091578065
84.59999999999947,VALID,15.136325163087685,73.86039582978403,3997.9993550724935
84.69999999999946,VALID,15.136428481072235,73.86052492732804,4002.2241683546904
84.79999999999946,VALID,15.136531798983382,73.86065402499807,4000.4919859485776
84.89999999999945,VALID,15.136635116821127,73.86078312279412,4003.883526496382
84.99999999999945,VALID,15.136738434585467,73.86091222071617,4005.392127835844
85.09999999999944,VALID,15.136841752276403,73.86104131876425,3996.620350050407
85.19999999999943,VALID,15.136945069893933,73.86117041693835,3998.6670239057275
85.29999999999943,VALID,15.137048387438057,73.86129951523847,3998.155626594911
85.39999999999942,VALID,15.137151704908774,73.8614286136646,3997.984381829044
85.49999999999942,VALID,15.137255022306084,73.86155771221675,4000.284924638155
85.59999999999941,VALID,15.137358339629985,73.86168681089492,3999.631824603933
85.6999999999994,VALID,15.137461656880477,73.86181590969913,3998.32655279022
85.7999999999994,VALID,15.13756497405756,73.86194500862936,4002.4062364282004
85.8999999999994,VALID,15.13766829116123,73.86207410768561,3997.944698843785
85.99999999999939,VALID,15.137771608191489,73.86220320686789,4003.7953232319705
86.09999999999938,VALID,15.137874925148337,73.8623323061762,3999.069221395513
86.19999999999938,VALID,15.137978242031771,73.86246140561053,4003.050118755513
86.29999999999937,VALID,15.138081558841792,73.8625905051709,3997.6314835552953
86.39999999999937,VALID,15.1381848755784,73.8627196048573,3999.4730827372673
86.49999999999936,VALID,15.138288192241593,73.86284870466973,4003.2695099691214
86.59999999999935,VALID,15.138391508831369,73.86297780460819,3996.0978683162857
86.69999999999935,VALID,15.138494825347728,73.86310690467269,4001.791211141364
86.79999999999934,VALID,15.13859814179067,73.86323600486323,3999.7803260665546
86.89999999999934,VALID,15.138701458160194,73.8633651051798,3998.9272872924844
86.99999999999933,VALID,15.138804774456299,73.8634942056224,3999.7576973017904
87.09999999999933,VALID,15.138908090678985,73.86362330619104,4000.5289580869726
87.19999999999932,VALID,15.139011406828251,73.86375240688574,3997.2942457043337
87.29999999999932,VALID,15.139114722904095,73.86388150770647,3997.5941569820725
87.39999999999931,VALID,15.139218038906519,73.86401060865323,4000.2261955455065
87.4999999999993,VALID,15.139321354835518,73.86413970972605,3999.10288144444
87.5999999999993,VALID,15.139424670691096,73.8642688109249,4000.9970514458305
87.69999999999929,VALID,15.139527986473249,73.8643979122498,3997.0431210241204
87.79999999999929,VALID,15.139631302181977,73.86452701370075,4000.8463866142033
87.89999999999928,VALID,15.139734617817279,73.86465611527774,4001.326016460028
87.99999999999928,VALID,15.139837933379155,73.86478521698078,4000.7226883730677
88.09999999999927,VALID,15.139941248867604,73.86491431880987,3999.136253293485
88.19999999999926,VALID,15.140044564282626,73.865043420765,4003.3084189271126
88.29999999999926,VALID,15.14014787962422,73.8651725228462,3995.8934874953975
88.39999999999925,VALID,15.140251194892384,73.86530162505343,4000.246944592395
88.49999999999925,VALID,15.140354510087118,73.86543072738674,3999.0064532619176
88.59999999999924,VALID,15.14045782520842,73.86555982984609,4000.7446280411505
88.69999999999924,VALID,15.140561140256292,73.8656889324315,3999.9126178302836
88.79999999999923,VALID,15.14066445523073,73.86581803514296,4000.477607265951
88.89999999999922,VALID,15.140767770131736,73.86594713798048,3997.7859364593332
88.99999999999922,VALID,15.14087108495931,73.86607624094407,4000.083386626158
89.09999999999921,VALID,15.140974399713448,73.86620534403372,3997.6447188888037
89.1999999999992,VALID,15.14107771439415,73.86633444724941,4001.6855806938956
89.2999999999992,VALID,15.141181029001418,73.86646355059118,3998.5046857519724
89.3999999999992,VALID,15.141284343535247,73.866592654059,3999.032016422586
89.49999999999919,VALID,15.14138765799564,73.8667217576529,3999.564755010057
89.59999999999918,VALID,15.141490972382595,73.86685086137285,3998.9094141005608
89.69999999999918,VALID,15.14159428669611,73.86697996521887,3998.944401892823
89.79999999999917,VALID,15.141697600936185,73.86710906919097,3998.267147900704
89.89999999999917,VALID,15.14180091510282,73.86723817328914,4000.482837978327
89.99999999999916,VALID,15.141904229196014,73.86736727751337,3996.1831179626997
90.09999999999916,VALID,15.142007543215765,73.86749638186367,3999.0793585277006
90.19999999999915,VALID,15.142110857162074,73.86762548634005,4000.086341526538
90.29999999999914,VALID,15.142214171034938,73.8677545909425,3999.856834309299
90.39999999999914,VALID,15.14231748483436,73.86788369567101,3999.8055380989813
90.49999999999913,VALID,15.142420798560336,73.8680128005256,4001.2239384807567
90.59999999999913,VALID,15.142524112212865,73.86814190550628,4000.567560339017
90.69999999999912,VALID,15.142627425791948,73.86827101061303,4000.528373937714
90.79999999999912,VALID,15.142730739297583,73.86840011584586,3998.1416061021496
90.89999999999911,VALID,15.142834052729771,73.86852922120477,3999.37796633155
90.9999999999991,VALID,15.14293736608851,73.86865832668975,3997.7219643114936
91.0999999999991,VALID,15.143040679373799,73.86878743230082,3999.762297555884
91.1999999999991,VALID,15.143143992585637,73.86891653803796,3999.8411227227302
91.29999999999909,VALID,15.143247305724024,73.8690456439012,4001.971600757416
91.39999999999908,VALID,15.14335061878896,73.86917474989052,3999.152463839959
91.49999999999908,VALID,15.143453931780442,73.86930385600593,4002.2521255940997
91.59999999999907,VALID,15.14355724469847,73.86943296224742,4001.2310619207533
91.69999999999906,VALID,15.143660557543045,73.869562068615,4001.5580965808776
91.79999999999906,VALID,15.143763870314164,73.86969117510867,3998.376469253534
91.89999999999905,VALID,15.143867183011826,73.86982028172842,3999.464142773486
91.99999999999905,VALID,15.143970495636033,73.86994938847427,3999.3074395900485
92.09999999999904,VALID,15.144073808186782,73.8700784953462,4000.8605580066996
92.19999999999904,VALID,15.144177120664073,73.87020760234424,4001.542982151977
92.29999999999903,VALID,15.144280433067905,73.87033670946836,4002.6891285939437
92.39999999999903,VALID,15.144383745398278,73.87046581671859,4000.6649270849334
92.49999999999902,VALID,15.144487057655189,73.87059492409492,4002.2329941763282
92.59999999999901,VALID,15.144590369838639,73.87072403159733,4000.0721294100545
92.69999999999901,VALID,15.144693681948628,73.87085313922586,3999.5074663930213
92.799999999999,VALID,15.144796993985153,73.87098224698047,3998.9784411414216
92.899999999999,VALID,15.144900305948216,73.8711113548612,4002.683883900842
92.99999999999899,VALID,15.145003617837814,73.87124046286802,3999.963525130211
93.09999999999899,VALID,15.145106929653947,73.87136957100094,4000.0268887646926
93.19999999999898,VALID,15.145210241396613,73.87149867925997,3996.8124019084125
93.29999999999897,VALID,15.145313553065813,73.87162778764511,3998.1859979182846
93.39999999999897,VALID,15.145416864661545,73.87175689615636,3999.213502850257
93.49999999999896,VALID,15.145520176183808,73.87188600479371,3997.554210146156
93.59999999999896,VALID,15.145623487632603,73.87201511355717,3998.0648723072895
93.69999999999895,VALID,15.145726799007928,73.87214422244674,3999.8303522423757
93.79999999999895,VALID,15.145830110309783,73.87227333146241,4000.194033780397
93.89999999999894,VALID,15.145933421538166,73.8724024406042,4001.4702070823214
93.99999999999893,VALID,15.146036732693076,73.87253154987211,3999.361581759888
94.09999999999893,VALID,15.146140043774514,73.87266065926612,4006.521669379158
94.19999999999892,VALID,15.146243354782477,73.87278976878625,3996.840853944713
94.29999999999892,VALID,15.146346665716967,73.8729188784325,4004.16038054909
94.39999999999891,VALID,15.146449976577982,73.87304798820486,4001.3562917622994
94.4999999999989,VALID,15.146553287365519,73.87317709810334,3997.731115976501
94.5999999999989,VALID,15.14665659807958,73.87330620812794,4003.2842890740267
94.6999999999989,VALID,15.146759908720163,73.87343531827867,4000.249070878536
94.79999999999889,VALID,15.146863219287269,73.87356442855551,3998.4226483317434
94.89999999999888,VALID,15.146966529780894,73.87369353895848,4000.248714984593
94.99999999999888,VALID,15.14706984020104,73.87382264948756,3999.1279335960985
95.09999999999887,VALID,15.147173150547705,73.87395176014279,4002.1865825012756
95.19999999999887,VALID,15.147276460820887,73.87408087092413,3998.4598084481313
95.29999999999886,VALID,15.147379771020587,73.8742099818316,4002.2151872842737
95.39999999999885,VALID,15.147483081146804,73.8743390928652,3999.7131917270362
95.49999999999885,VALID,15.147586391199537,73.87446820402492,3999.5306003707096
95.59999999999884,VALID,15.147689701178786,73.87459731531078,3998.4065808546707
95.69999999999884,VALID,15.147793011084548,73.87472642672277,3999.9193147618917
95.79999999999883,VALID,15.147896320916825,73.8748555382609,4000.554564914628
95.89999999999883,VALID,15.147999630675614,73.87498464992515,3999.1306364647753
95.99999999999882,VALID,15.148102940360914,73.87511376171554,3994.8767449124666
96.09999999999881,VALID,15.148206249972725,73.87524287363208,3999.3823642519815
96.19999999999881,VALID,15.148309559511047,73.87537198567475,4000.354477297913
96.2999999999988,VALID,15.148412868975878,73.87550109784355,4001.1841189046227
96.3999999999988,VALID,15.148516178367219,73.8756302101385,4000.6443384970285
96.49999999999879,VALID,15.148619487685067,73.87575932255957,3999.9106307374536
96.59999999999879,VALID,15.148722796929423,73.8758884351068,3998.312014658319
96.69999999999878,VALID,15.148826106100286,73.87601754778017,3996.1391094895853
96.79999999999878,VALID,15.148929415197653,73.87614666057968,4000.8965357813518
96.89999999999877,VALID,15.149032724221525,73.87627577350534,3999.7478350051447
96.99999999999876,VALID,15.149136033171901,73.87640488655714,3999.4811796264853
97.09999999999876,VALID,15.14923934204878,73.87653399973509,4002.7807766696515
97.19999999999875,VALID,15.14934265085216,73.87666311303919,3998.725564561794
97.29999999999875,VALID,15.149445959582042,73.87679222646943,4000.318806375073
97.39999999999874,VALID,15.149549268238426,73.87692134002583,4000.507442525907
97.49999999999874,VALID,15.149652576821309,73.87705045370838,4001.2174316984147
97.59999999999873,VALID,15.149755885330691,73.87717956751709,3998.9782708099997
97.69999999999872,VALID,15.149859193766572,73.87730868145195,3998.3642054629727
97.79999999999872,VALID,15.149962502128949,73.87743779551296,3999.8846090606876
97.89999999999871,VALID,15.150065810417823,73.87756690970014,3999.8707380910687
97.9999999999987,VALID,15.150169118633192,73.87769602401346,3997.8820994026214
98.0999999999987,VALID,15.150272426775057,73.87782513845295,3997.9865062623476
98.1999999999987,VALID,15.150375734843417,73.8779542530186,3996.112005876489
98.29999999999869,VALID,15.150479042838269,73.8780833677104,4001.4917780356386
98.39999999999868,VALID,15.150582350759613,73.87821248252837,4001.2265700011435
98.49999999999868,VALID,15.150685658607449,73.8783415974725,3999.527466033745
98.59999999999867,VALID,15.150788966381775,73.87847071254279,3996.2440517251825
98.69999999999867,VALID,15.150892274082592,73.87859982773925,4001.286466376423
98.79999999999866,VALID,15.150995581709898,73.87872894306187,3998.4644066066135
98.89999999999866,VALID,15.151098889263693,73.87885805851067,3998.829375433094
98.99999999999865,VALID,15.151202196743975,73.87898717408564,3997.6756249947657
99.09999999999864,VALID,15.151305504150745,73.87911628978677,4000.741630057182
99.19999999999864,VALID,15.151408811484,73.87924540561407,3999.0439667094515
99.29999999999863,VALID,15.15151211874374,73.87937452156756,4001.0937896314845
99.39999999999863,VALID,15.151615425929965,73.8795036376472,4000.5601123633896
99.49999999999862,VALID,15.151718733042673,73.87963275385303,3998.678354290823
99.59999999999862,VALID,15.151822040081862,73.87976187018504,4002.9642396088443
99.69999999999861,VALID,15.151925347047534,73.87989098664322,3998.773914146352
99.7999999999986,VALID,15.152028653939686,73.88002010322758,3998.9224351014
99.8999999999986,VALID,15.152131960758318,73.88014921993812,4001.932574295591
99.9999999999986,VALID,15.15223526750343,73.88027833677484,4000.57650460562
100.09999999999859,VALID,15.15233857417502,73.88040745373773,4000.831485538592
100.19999999999858,VALID,15.152441880773088,73.8805365708268,3999.8500409270005
100.29999999999858,VALID,15.152545187297632,73.88066568804207,4001.6960237512444
100.39999999999857,VALID,15.152648493748652,73.88079480538352,3998.9259579086465
100.49999999999856,VALID,15.152751800126147,73.88092392285115,3998.549738792851
100.59999999999856,VALID,15.152855106430115,73.88105304044497,3998.7974690087963
100.69999999999855,VALID,15.152958412660558,73.88118215816498,4003.4076614233654
100.79999999999855,VALID,15.153061718817472,73.88131127601117,3998.8097075443006
100.89999999999854,VALID,15.153165024900858,73.88144039398357,3998.859411549606
100.99999999999854,VALID,15.153268330910715,73.88156951208215,3997.9244806535335
101.09999999999853,VALID,15.15337163684704,73.88169863030693,3998.737989920304
101.19999999999852,VALID,15.153474942709837,73.8818277486579,3999.265740541198
101.29999999999852,VALID,15.153578248499102,73.88195686713506,3997.006301763184
101.39999999999851,VALID,15.153681554214833,73.88208598573841,3996.8806601618526
101.49999999999851,VALID,15.153784859857032,73.88221510446796,4002.01513655712
101.5999999999985,VALID,15.153888165425695,73.88234422332371,4000.9817162592694
101.6999999999985,VALID,15.153991470920824,73.88247334230566,3997.548368590196
101.79999999999849,VALID,15.154094776342417,73.88260246141381,4000.084311506663
101.89999999999849,VALID,15.154198081690472,73.88273158064817,4002.626880590332
101.99999999999848,VALID,15.15430138696499,73.88286070000872,3999.8178310493804
102.09999999999847,VALID,15.154404692165969,73.88298981949548,3999.180696327238
102.19999999999847,VALID,15.154507997293408,73.88311893910844,4000.221309697994
102.29999999999846,VALID,15.154611302347307,73.88324805884761,3998.8541478668976
102.39999999999846,VALID,15.154714607327666,73.88337717871299,4003.9468826852744
102.49999999999845,VALID,15.154817912234481,73.88350629870457,3997.6281420009095
102.59999999999845,VALID,15.154921217067754,73.88363541882238,3997.654082114571
102.69999999999844,VALID,15.155024521827483,73.88376453906639,4003.7321879424667
102.79999999999843,VALID,15.155127826513668,73.88389365943661,3997.9711088672625
102.89999999999843,VALID,15.155231131126307,73.88402277993305,4004.2478978984404
102.99999999999842,VALID,15.155334435665399,73.8841519005557,3996.5031395608903
103.09999999999842,VALID,15.155437740130944,73.88428102130456,4002.6843313639974
103.19999999999841,VALID,15.155541044522941,73.88441014217965,3998.518959896639
103.2999999999984,VALID,15.155644348841388,73.88453926318095,3999.4243839281157
103.3999999999984,VALID,15.155747653086285,73.88466838430848,3999.943301644493
103.4999999999984,VALID,15.155850957257632,73.88479750556223,4002.103787954252
103.59999999999839,VALID,15.155954261355427,73.8849266269422,3999.1404032964524
103.69999999999838,VALID,15.15605756537967,73.8850557484484,3999.3558140941796
103.79999999999838,VALID,15.15616086933036,73.8851848700808,4001.7798508490723
103.89999999999837,VALID,15.156264173207495,73.88531399183944,4000.089612110038
103.99999999999837,VALID,15.156367477011074,73.8854431137243,3996.5707948494123
104.09999999999836,VALID,15.156470780741097,73.8855722357354,3999.691516236149
104.19999999999835,VALID,15.156574084397564,73.88570135787272,4001.139973554859
104.29999999999835,VALID,15.156677387980473,73.88583048013626,3999.1427456623733
104.39999999999834,VALID,15.156780691489823,73.88595960252604,4000.575848683033
104.49999999999834,VALID,15.156883994925613,73.88608872504206,3996.9177781816534
104.59999999999833,VALID,15.156987298287842,73.8862178476843,3997.557326920241
104.69999999999833,VALID,15.15709060157651,73.88634697045279,3999.0746700470027
104.79999999999832,VALID,15.157193904791615,73.88647609334751,4000.6380525559493
104.89999999999831,VALID,15.157297207933158,73.88660521636847,4001.1622298127845
104.99999999999831,VALID,15.157400511001137,73.88673433951566,3999.5552566743268
105.0999999999983,VALID,15.15750381399555,73.8868634627891,4000.9572521155833
105.1999999999983,VALID,15.157607116916397,73.88699258618877,4002.2278770833477
105.29999999999829,VALID,15.157710419763678,73.88712170971469,3999.1901087212673
105.39999999999829,VALID,15.15781372253739,73.88725083336685,3998.3127012323193
105.49999999999828,VALID,15.157917025237534,73.88737995714526,4001.2469318224958
105.59999999999827,VALID,15.158020327864108,73.88750908104991,4001.1489932562044
105.69999999999827,VALID,15.158123630417112,73.8876382050808,4003.8794155647633
105.79999999999826,VALID,15.158226932896545,73.88776732923795,3996.2011622454434
105.89999999999826,VALID,15.158330235302405,73.88789645352134,4000.1068305068993
105.99999999999825,VALID,15.158433537634691,73.88802557793097,4003.083494678697
106.09999999999825,VALID,15.158536839893404,73.88815470246688,4000.90388102503
106.19999999999824,VALID,15.158640142078543,73.88828382712903,3996.3613428098483
106.29999999999824,VALID,15.158743444190105,73.88841295191743,4000.5006928866
106.39999999999823,VALID,15.15884674622809,73.8885420768321,4000.0381835076464
106.49999999999822,VALID,15.158950048192496,73.88867120187301,4002.225159955355
106.59999999999822,VALID,15.159053350083324,73.88880032704019,4001.306304956512
106.69999999999821,VALID,15.159156651900572,73.88892945233361,4001.3270199439103
106.7999999999982,VALID,15.15925995364424,73.8890585777533,4004.2613930210873
106.8999999999982,VALID,15.159363255314325,73.88918770329926,4000.040010306972
106.9999999999982,VALID,15.159466556910829,73.88931682897147,4002.1860558968738
107.09999999999819,VALID,15.159569858433748,73.88944595476995,4002.846418207022
107.19999999999818,VALID,15.159673159883084,73.8895750806947,4003.232111372543
107.29999999999818,VALID,15.159776461258835,73.8897042067457,4000.2624196963993
107.39999999999817,VALID,15.159879762561,73.88983333292299,4001.5731580975107
107.49999999999817,VALID,15.159983063789577,73.88996245922654,3999.5758798504885
107.59999999999816,VALID,15.160086364944567,73.89009158565635,4001.2784685545444
107.69999999999816,VALID,15.160189666025968,73.89022071221244,4003.1017723726986
107.79999999999815,VALID,15.160292967033778,73.8903498388948,4001.8128822013205
107.89999999999814,VALID,15.160396267967997,73.89047896570344,4001.436937815001
107.99999999999814,VALID,15.160499568828625,73.89060809263835,4000.8967303842674
108.09999999999813,VALID,15.16060286961566,73.89073721969953,4002.4992014823156
108.19999999999813,VALID,15.160706170329101,73.890866346887,4000.3835150340487
108.29999999999812,VALID,15.160809470968948,73.89099547420074,3995.531038685826
108.39999999999812,VALID,15.160912771535198,73.89112460164075,3999.877561862105
108.49999999999811,VALID,15.161016072027852,73.89125372920705,4004.8630418112484
108.5999999999981,VALID,15.161119372446908,73.89138285689964,4000.8679423348926
108.6999999999981,VALID,15.161222672792366,73.8915119847185,4001.3205258076528
108.7999999999981,VALID,15.161325973064224,73.89164111266366,4001.344885345955
108.89999999999809,VALID,15.161429273262483,73.8917702407351,4003.4823478477274
108.99999999999808,VALID,15.16153257338714,73.89189936893283,3998.0279687682832
109.09999999999808,VALID,15.161635873438193,73.89202849725685,4001.039890227883
109.19999999999807,VALID,15.161739173415643,73.89215762570716,3999.3077078634296
109.29999999999806,VALID,15.16184247331949,73.89228675428376,4001.0930855011115
109.39999999999806,VALID,15.161945773149732,73.89241588298665,4001.5071740229278
109.49999999999805,VALID,15.162049072906367,73.89254501181584,3998.6590863300944
109.59999999999805,VALID,15.162152372589395,73.89267414077132,4002.3359291162847
109.69999999999804,VALID,15.162255672198814,73.89280326985309,4002.537585844388
109.79999999999804,VALID,15.162358971734625,73.89293239906117,4000.7040989240922
109.89999999999803,VALID,15.162462271196825,73.89306152839553,4001.7629264448606
109.99999999999802,VALID,15.162565570585413,73.89319065785621,4000.0377446229254
110.09999999999802,VALID,15.162668869900388,73.89331978744318,3998.5158353251445
110.19999999999801,VALID,15.162772169141752,73.89344891715645,3999.52036479899
110.29999999999801,VALID,15.162875468309501,73.89357804699603,3999.342950318471
110.399999999998,VALID,15.162978767403635,73.89370717696191,3996.727091454957
110.499999999998,VALID,15.163082066424153,73.8938363070541,3998.426196748249
110.59999999999799,VALID,15.163185365371053,73.8939654372726,3998.48723699389
110.69999999999798,VALID,15.163288664244334,73.8940945676174,3997.962133811616
110.79999999999798,VALID,15.163391963043997,73.89422369808851,4001.265364067304
110.89999999999797,VALID,15.16349526177004,73.89435282868594,4004.7804977562173
110.99999999999797,VALID,15.16359856042246,73.89448195940967,3992.0996126974096
111.09999999999796,VALID,15.163701859001259,73.89461109025973,4000.7854180202917
111.19999999999796,VALID,15.163805157506435,73.89474022123609,4003.864723669431
111.29999999999795,VALID,15.163908455937985,73.89486935233877,4000.050343206939
111.39999999999795,VALID,15.164011754295911,73.89499848356778,3997.51496204184
111.49999999999794,VALID,15.164115052580211,73.8951276149231,3996.7770796608766
111.59999999999793,VALID,15.164218350790883,73.89525674640474,4001.138361612759
111.69999999999793,VALID,15.164321648927926,73.8953858780127,4002.392544287904
111.79999999999792,VALID,15.16442494699134,73.89551500974699,3999.662916224055
111.89999999999792,VALID,15.164528244981124,73.8956441416076,4002.6701581373422
111.99999999999791,VALID,15.164631542897277,73.89577327359454,4000.455738220368
112.0999999999979,VALID,15.164734840739797,73.8959024057078,4000.319020574735
112.1999999999979,VALID,15.164838138508683,73.8960315379474,4000.922228020253
112.2999999999979,VALID,15.164941436203936,73.89616067031332,3998.606897352788
112.39999999999789,VALID,15.165044733825551,73.89628980280557,3999.2244565011324
112.49999999999788,VALID,15.165148031373532,73.89641893542415,4000.3378106626783
112.59999999999788,VALID,15.165251328847873,73.89654806816907,3997.998908546634
112.69999999999787,VALID,15.165354626248575,73.89667720104032,4000.4662043049766
112.79999999999787,VALID,15.165457923575639,73.8968063340379,3999.4568336790408
112.89999999999786,VALID,15.165561220829062,73.89693546716184,4002.9359665197185
112.99999999999785,VALID,15.165664518008843,73.89706460041211,3999.1955847561458
113.09999999999785,VALID,15.165767815114979,73.89719373378871,4001.546929924437
113.19999999999784,VALID,15.165871112147473,73.89732286729166,4000.4153521498083
113.29999999999784,VALID,15.16597440910632,73.89745200092096,4003.3172364558422
113.39999999999783,VALID,15.166077705991523,73.8975811346766,3998.4716164320084
113.49999999999783,VALID,15.166181002803077,73.89771026855858,4003.30126409779
113.59999999999782,VALID,15.166284299540983,73.89783940256692,4001.3102697840095
113.69999999999781,VALID,15.16638759620524,73.8979685367016,3998.080330410035
113.79999999999781,VALID,15.166490892795846,73.89809767096263,4000.938450624801
113.8999999999978,VALID,15.1665941893128,73.89822680535,4000.3779983674253
113.9999999999978,VALID,15.166697485756101,73.89835593986373,3998.877933003657
114.09999999999779,VALID,15.16680078212575,73.89848507450382,3998.828283274365
114.19999999999779,VALID,15.166904078421743,73.89861420927026,3998.777874575
114.29999999999778,VALID,15.16700737464408,73.89874334416307,4002.8409158809627
114.39999999999777,VALID,15.16711067079276,73.89887247918222,3996.414644933565
114.49999999999777,VALID,15.16721396686778,73.89900161432773,4001.159073742802
114.59999999999776,VALID,15.167317262869142,73.8991307495996,3999.4530903138098
114.69999999999776,VALID,15.167420558796843,73.89925988499785,4001.9197253960283
114.79999999999775,VALID,15.167523854650883,73.89938902052245,4000.9449121757993
114.89999999999775,VALID,15.16762715043126,73.89951815617341,4000.9864401089244
114.99999999999774,VALID,15.167730446137973,73.89964729195074,4001.0365080610213
115.09999999999773,VALID,15.167833741771021,73.89977642785445,3996.784616870321
115.19999999999773,VALID,15.167937037330404,73.89990556388452,3999.0568791653222
115.29999999999772,VALID,15.168040332816119,73.90003470004096,3993.3114700264305
115.39999999999772,VALID,15.168143628228165,73.90016383632377,3996.7019217573297
115.49999999999771,VALID,15.168246923566542,73.90029297273296,3999.949992543172
115.5999999999977,VALID,15.168350218831248,73.90042210926852,3994.717355104227
115.6999999999977,VALID,15.168453514022284,73.90055124593046,3998.625098489276
115.7999999999977,VALID,15.168556809139645,73.90068038271878,3998.6853705312533
115.89999999999769,VALID,15.168660104183333,73.90080951963347,4002.5766000425106
115.99999999999768,VALID,15.168763399153345,73.90093865667454,3999.3189309832387
116.09999999999768,VALID,15.168866694049681,73.90106779384199,3999.2141688070046
116.19999999999767,VALID,15.16896998887234,73.90119693113583,3999.198129611092
116.29999999999767,VALID,15.16907328362132,73.90132606855605,4000.155258359539
116.39999999999766,VALID,15.16917657829662,73.90145520610265,4000.1022173184188
116.49999999999766,VALID,15.169279872898239,73.90158434377565,4001.098548682126
116.59999999999765,VALID,15.169383167426176,73.90171348157503,4001.1812549416327
116.69999999999764,VALID,15.169486461880428,73.9018426195008,3997.869867301725
116.79999999999764,VALID,15.169589756260997,73.90197175755296,4002.3230230147865
116.89999999999763,VALID,15.16969305056788,73.90210089573152,3998.5150738155094
116.99999999999763,VALID,15.169796344801075,73.90223003403648,4001.229932787909
117.09999999999762,VALID,15.169899638960581,73.90235917246783,3997.528524188752
117.19999999999762,VALID,15.1700029330464,73.90248831102558,4000.958052684339
117.29999999999761,VALID,15.170106227058527,73.90261744970972,4003.249801279081
117.3999999999976,VALID,15.170209520996963,73.90274658852027,3995.243252074824
117.4999999999976,VALID,15.170312814861704,73.90287572745721,4000.2912843582562
117.59999999999759,VALID,15.170416108652752,73.90300486652056,4001.98416337806
117.69999999999759,VALID,15.170519402370104,73.90313400571031,3997.4889663939525
117.79999999999758,VALID,15.17062269601376,73.90326314502647,4001.345370150973
117.89999999999758,VALID,15.170725989583717,73.90339228446904,3999.2174403947133
117.99999999999757,VALID,15.170829283079975,73.90352142403802,4001.0385386806242
118.09999999999756,VALID,15.170932576502533,73.90365056373341,4001.545444162128
118.19999999999756,VALID,15.171035869851389,73.90377970355522,3999.103822920356
118.29999999999755,VALID,15.171139163126542,73.90390884350343,3999.8422637336757
118.39999999999755,VALID,15.17124245632799,73.90403798357806,3997.126523439633
118.49999999999754,VALID,15.171345749455734,73.90416712377912,4001.5246572450105
118.59999999999754,VALID,15.17144904250977,73.90429626410659,4000.344246714212
118.69999999999753,VALID,15.1715523354901,73.90442540456048,3996.8176314127722
118.79999999999752,VALID,15.171655628396719,73.9045545451408,3999.1944508861043
118.89999999999752,VALID,15.171758921229628,73.90468368584753,4001.3359600017575
118.99999999999751,VALID,15.171862213988826,73.90481282668068,3999.7901844084745
119.09999999999751,VALID,15.17196550667431,73.90494196764027,4003.4385137865165
119.1999999999975,VALID,15.172068799286079,73.90507110872628,4001.3926941833975
119.2999999999975,VALID,15.172172091824132,73.90520024993872,4000.7877102527887
119.39999999999749,VALID,15.172275384288469,73.90532939127759,3999.5248091244716
119.49999999999748,VALID,15.172378676679086,73.90545853274288,3998.8275065926587
119.59999999999748,VALID,15.172481968995985,73.90558767433461,4000.8769688808675
119.69999999999747,VALID,15.172585261239162,73.90571681605279,3999.597633738941
119.79999999999747,VALID,15.172688553408616,73.9058459578974,4001.7783669835217
119.89999999999746,VALID,15.172791845504348,73.90597509986844,3998.168106762678
119.99999999999746,VALID,15.172895137526353,73.90610424196592,4000.973043803329
120.09999999999745,VALID,15.172998429474633,73.90623338418985,4000.009915426566
120.19999999999744,VALID,15.173101721349186,73.90636252654022,4001.583444114745
120.29999999999744,VALID,15.173205013150008,73.90649166901703,3998.047613667574
120.39999999999743,VALID,15.1733083048771,73.90662081162029,3998.885749692877
120.49999999999743,VALID,15.17341159653046,73.90674995434999,3998.8134221967402
120.59999999999742,VALID,15.173514888110088,73.90687909720614,4000.023158384074
120.69999999999742,VALID,15.17361817961598,73.90700824018874,3996.252991692881
120.79999999999741,VALID,15.173721471048136,73.90713738329781,4000.5354162002736
120.8999999999974,VALID,15.173824762406555,73.90726652653332,4000.2063073550376
120.9999999999974,VALID,15.173928053691236,73.9073956698953,4001.1431543458043
121.0999999999974,VALID,15.174031344902177,73.90752481338372,3998.8821098251688
121.19999999999739,VALID,15.174134636039376,73.9076539569986,4000.495361492443
121.29999999999738,VALID,15.174237927102832,73.90778310073995,4000.1709321015323
121.39999999999738,VALID,15.174341218092543,73.90791224460776,4001.5587123792866
121.49999999999737,VALID,15.174444509008508,73.90804138860203,4002.7911975405455
121.59999999999737,VALID,15.174547799850725,73.90817053272276,3999.0633436248218
121.69999999999736,VALID,15.174651090619193,73.90829967696997,3997.550636907955
121.79999999999735,VALID,15.174754381313912,73.90842882134365,4001.088136463419
121.89999999999735,VALID,15.174857671934879,73.9085579658438,3997.388096704386
121.99999999999734,VALID,15.174960962482093,73.90868711047042,4000.8844400765997
122.09999999999734,VALID,15.175064252955552,73.90881625522351,3998.9883735139288
122.19999999999733,VALID,15.175167543355256,73.90894540010308,3998.650078161398
122.29999999999733,VALID,15.175270833681202,73.90907454510912,3997.0385338244223
122.39999999999732,VALID,15.175374123933388,73.90920369024165,4005.7911685480703
122.49999999999731,VALID,15.175477414111814,73.90933283550066,4000.4021761101426
122.59999999999731,VALID,15.175580704216477,73.90946198088615,3997.5641041121385
122.6999999999973,VALID,15.175683994247377,73.90959112639813,3999.152899151799
122.7999999999973,VALID,15.175787284204512,73.9097202720366,3998.489568665403
122.89999999999729,VALID,15.17589057408788,73.90984941780154,4001.4023720003224
122.99999999999729,VALID,15.17599386389748,73.90997856369297,4003.276300237627
123.09999999999728,VALID,15.17609715363331,73.9101077097109,3998.9507930589407
123.19999999999727,VALID,15.176200443295368,73.91023685585533,4002.2073627863556
123.29999999999727,VALID,15.176303732883653,73.91036600212625,4001.8474108959813
123.39999999999726,VALID,15.176407022398164,73.91049514852367,3997.9241332413726
123.49999999999726,VALID,15.1765103118389,73.91062429504758,3997.5293559124107
123.59999999999725,VALID,15.176613601205858,73.91075344169799,3999.816027346937
123.69999999999725,VALID,15.176716890499037,73.9108825884749,3999.0642355523446
123.79999999999724,VALID,15.176820179718435,73.91101173537832,4003.2671897916084
123.89999999999723,VALID,15.17692346886405,73.91114088240825,3999.0110499644
123.99999999999723,VALID,15.17702675793588,73.91127002956468,4003.140894843809
124.09999999999722,VALID,15.177130046933925,73.91139917684762,4000.494092395005
124.19999999999722,VALID,15.177233335858183,73.91152832425708,3997.1169212045156
124.29999999999721,VALID,15.177336624708651,73.91165747179305,3999.293475361672
124.3999999999972,VALID,15.177439913485328,73.91178661945553,3999.1723256380646
124.4999999999972,VALID,15.177543202188213,73.91191576724452,4002.021809238023
124.5999999999972,VALID,15.177646490817304,73.91204491516004,3999.1522628463536
124.69999999999719,VALID,15.177749779372599,73.91217406320207,4002.0189425301205
124.79999999999718,VALID,15.177853067854096,73.91230321137063,3999.2851512952816
124.89999999999718,VALID,15.177956356261795,73.91243235966571,4001.073556454112
124.99999999999717,VALID,15.178059644595692,73.91256150808732,3998.4325672425744
125.09999999999717,VALID,15.178162932855786,73.91269065663546,3998.642307469641
125.19999999999716,VALID,15.178266221042076,73.91281980531014,4000.9775481687498
125.29999999999715,VALID,15.17836950915456,73.91294895411134,4000.504348713804
125.39999999999715,VALID,15.178472797193235,73.91307810303908,3997.530086486493
125.49999999999714,VALID,15.1785760851581,73.91320725209336,3999.9332960800275
125.59999999999714,VALID,15.178679373049155,73.91333640127417,4000.208919103362
125.69999999999713,VALID,15.178782660866396,73.91346555058152,4000.1115492369154
125.79999999999713,VALID,15.178885948609821,73.91359470001541,3999.8739107946194
125.89999999999712,VALID,15.17898923627943,73.91372384957585,3999.028750576164
125.99999999999712,VALID,15.17909252387522,73.91385299926283,4001.2343661672426
126.09999999999711,VALID,15.179195811397188,73.91398214907636,3999.6511908254893
126.1999999999971,VALID,15.179299098845334,73.91411129901644,3998.699748368803
126.2999999999971,VALID,15.179402386219655,73.91424044908307,4001.257609101836
126.39999999999709,VALID,15.17950567352015,73.91436959927626,3996.4068663636476
126.49999999999709,VALID,15.179608960746817,73.91449874959599,3997.292842309652
126.59999999999708,VALID,15.179712247899653,73.91462790004229,3999.7856918487396
126.69999999999708,VALID,15.179815534978658,73.91475705061515,3997.600344382509
126.79999999999707,VALID,15.17991882198383,73.91488620131457,3999.3351546964195
126.89999999999706,VALID,15.180022108915164,73.91501535214056,3998.9885522029554
126.99999999999706,VALID,15.180125395772661,73.9151445030931,4000.392979156517
127.09999999999705,VALID,15.180228682556317,73.91527365417222,4002.2936147051378
127.19999999999705,VALID,15.180331969266131,73.91540280537791,4001.328521680955
127.29999999999704,VALID,15.1804352559021,73.91553195671017,4002.3385837343744
127.39999999999704,VALID,15.180538542464225,73.915661108169,4001.842778589304
127.49999999999703,VALID,15.180641828952501,73.91579025975442,3997.6797622917898
127.59999999999702,VALID,15.180745115366927,73.91591941146642,3996.9981359549133
127.69999999999702,VALID,15.1808484017075,73.916048563305,3998.1246440563805
127.79999999999701,VALID,15.180951687974218,73.91617771527015,4000.848372873859
127.89999999999701,VALID,15.18105497416708,73.9163068673619,3998.9735532542786
127.999999999997,VALID,15.181158260286084,73.91643601958023,4002.059341157942
128.099999999997,VALID,15.181261546331227,73.91656517192516,3998.335045266063
128.199999999997,VALID,15.181364832302506,73.91669432439667,3996.3486587420166
128.299999999997,VALID,15.181468118199922,73.9168234769948,4000.652955673841
128.399999999997,VALID,15.181571404023469,73.9169526297195,4003.7473374863625
128.499999999997,VALID,15.181674689773146,73.91708178257082,4001.7897984379606
128.59999999999698,VALID,15.181777975448952,73.91721093554874,3998.5053285788017
128.69999999999698,VALID,15.181881261050885,73.91734008865326,3995.439512303412
128.79999999999697,VALID,15.18198454657894,73.91746924188439,3999.1458502363707
128.89999999999696,VALID,15.182087832033117,73.91759839524212,3998.9439702505656
128.99999999999696,VALID,15.182191117413414,73.91772754872648,3999.4316485034074
129.09999999999695,VALID,15.182294402719828,73.91785670233743,4001.206793365798
129.19999999999695,VALID,15.182397687952356,73.917985856075,3998.4111465679002
129.29999999999694,VALID,15.182500973110995,73.9181150099392,4001.4720179631204
129.39999999999694,VALID,15.182604258195745,73.91824416393001,4002.975471991585
129.49999999999693,VALID,15.182707543206602,73.91837331804746,3997.33499464074
129.59999999999692,VALID,15.182810828143564,73.91850247229152,4003.739963997439
129.69999999999692,VALID,15.182914113006628,73.91863162666222,3998.690074576051
129.7999999999969,VALID,15.183017397795792,73.91876078115955,4001.0277061053353
129.8999999999969,VALID,15.183120682511053,73.91888993578351,4001.277402382819
129.9999999999969,VALID,15.183223967152408,73.9190190905341,4003.183942825629
130.0999999999969,VALID,15.183327251719856,73.91914824541135,4000.203942381835
130.1999999999969,VALID,15.183430536213393,73.91927740041523,4001.150344732553
130.29999999999688,VALID,15.183533820633018,73.91940655554575,3997.645399870742
130.39999999999688,VALID,15.183637104978727,73.91953571080292,4002.1339058964495
130.49999999999687,VALID,15.183740389250518,73.91966486618674,4006.211159793671
130.59999999999687,VALID,15.183843673448388,73.91979402169721,3999.880359337705
130.69999999999686,VALID,15.183946957572335,73.91992317733434,4000.5852286115096
130.79999999999686,VALID,15.184050241622355,73.92005233309813,3996.2244906663504
130.89999999999685,VALID,15.184153525598447,73.92018148898858,3997.8089016311505
130.99999999999685,VALID,15.184256809500607,73.92031064500569,3999.315375308277
131.09999999999684,VALID,15.184360093328833,73.92043980114947,3998.150532295488
131.19999999999683,VALID,15.184463377083121,73.92056895741992,4004.586494973957
131.29999999999683,VALID,15.184566660763469,73.92069811381704,4000.1031419837486
131.39999999999682,VALID,15.184669944369872,73.92082727034084,3999.7230003487116
131.49999999999682,VALID,15.184773227902332,73.92095642699131,4002.6612470787495
131.5999999999968,VALID,15.18487651136084,73.92108558376847,4003.701078314221
131.6999999999968,VALID,15.184979794745399,73.92121474067231,4007.637953184201
131.7999999999968,VALID,15.185083078056,73.92134389770284,3994.4778111197547
131.8999999999968,VALID,15.185186361292644,73.92147305486006,3999.488150153108
131.9999999999968,VALID,15.185289644455326,73.92160221214397,4002.235617881369
132.09999999999678,VALID,15.185392927544044,73.92173136955458,4000.572096124065
132.19999999999678,VALID,15.185496210558794,73.92186052709188,3998.6397905286085
132.29999999999677,VALID,15.185599493499573,73.92198968475589,3999.0286470882456
132.39999999999677,VALID,15.185702776366378,73.92211884254661,3999.7408099009886
132.49999999999676,VALID,15.185806059159207,73.92224800046404,4001.126597004808
132.59999999999675,VALID,15.185909341878054,73.92237715850818,4001.6090628373995
132.69999999999675,VALID,15.186012624522917,73.92250631667903,3999.9705718019013
132.79999999999674,VALID,15.186115907093793,73.9226354749766,3999.653328908565
132.89999999999674,VALID,15.186219189590677,73.9227646334009,3999.1939005793633
132.99999999999673,VALID,15.186322472013567,73.92289379195192,4000.1043940267036
133.09999999999673,VALID,15.186425754362459,73.92302295062967,3999.7608758425486
133.19999999999672,VALID,15.18652903663735,73.92315210943416,4004.202934452525
133.29999999999671,VALID,15.186632318838235,73.92328126836537,4001.006306617426
133.3999999999967,VALID,15.186735600965113,73.92341042742333,3999.9805834343038
133.4999999999967,VALID,15.186838883017977,73.92353958660804,4000.0981703131006
133.5999999999967,VALID,15.186942164996825,73.9236687459195,4001.2923099205505
133.6999999999967,VALID,15.187045446901653,73.9237979053577,4000.046539161971
133.7999999999967,VALID,15.187148728732458,73.92392706492267,4001.6991454016265
133.89999999999668,VALID,15.187252010489235,73.92405622461439,4002.3085854212068
133.99999999999667,VALID,15.18735529217198,73.92418538443287,4001.3127873709805
134.09999999999667,VALID,15.187458573780688,73.92431454437812,3997.684077529901
134.19999999999666,VALID,15.187561855315357,73.92444370445014,4001.707067436482
134.29999999999666,VALID,15.187665136775982,73.92457286464894,4003.212077411157
134.39999999999665,VALID,15.187768418162559,73.92470202497451,3995.6799201127524
134.49999999999665,VALID,15.187871699475084,73.92483118542685,4000.534864207258
134.59999999999664,VALID,15.18797498071355,73.92496034600599,3999.571413989271
134.69999999999663,VALID,15.188078261877957,73.92508950671191,4000.632463809925
134.79999999999663,VALID,15.188181542968296,73.92521866754464,3999.353640576385
134.89999999999662,VALID,15.188284823984565,73.92534782850416,3997.3850168210265
134.99999999999662,VALID,15.18838810492676,73.92547698959048,3998.0952956670635
135.0999999999966,VALID,15.188491385794876,73.92560615080362,3997.4761871475043
135.1999999999966,VALID,15.188594666588907,73.92573531214356,4002.4567377678745
135.2999999999966,VALID,15.18869794730885,73.92586447361032,3996.0823021315587
135.3999999999966,VALID,15.188801227954698,73.9259936352039,3997.395459539679
135.4999999999966,VALID,15.188904508526448,73.9261227969243,3999.5115535435843
135.59999999999658,VALID,15.189007789024094,73.92625195877154,4002.387038807268
135.69999999999658,VALID,15.18911106944763,73.92638112074562,3998.5108706693845
135.79999999999657,VALID,15.189214349797053,73.92651028284654,3999.9503373177868
135.89999999999657,VALID,15.189317630072356,73.9266394450743,3998.815066189752
135.99999999999656,VALID,15.189420910273533,73.92676860742891,3995.3468772182896
136.09999999999656,VALID,15.189524190400581,73.92689776991038,3999.7436247395644
136.19999999999655,VALID,15.189627470453493,73.92702693251871,3997.800625175992
136.29999999999654,VALID,15.189730750432263,73.9271560952539,3998.7107455806336
136.39999999999654,VALID,15.189834030336884,73.92728525811597,4001.0411398144834
136.49999999999653,VALID,15.189937310167352,73.92741442110491,4003.9207030951784
136.59999999999653,VALID,15.19004058992366,73.92754358422074,3999.5058735247885
136.69999999999652,VALID,15.190143869605803,73.92767274746346,4000.212602463812
136.79999999999652,VALID,15.190247149213775,73.92780191083307,4000.326501283097
136.8999999999965,VALID,15.190350428747568,73.92793107432958,3996.064407517861
136.9999999999965,VALID,15.190453708207176,73.92806023795299,4002.0086814701035
137.0999999999965,VALID,15.190556987592593,73.92818940170332,4000.6206252765196
137.1999999999965,VALID,15.190660266903812,73.92831856558057,4003.1964891252987
137.2999999999965,VALID,15.190763546140827,73.92844772958475,4001.2082925276572
137.39999999999648,VALID,15.19086682530363,73.92857689371586,3998.6683646224246
137.49999999999648,VALID,15.190970104392214,73.9287060579739,3998.0395070495983
137.59999999999647,VALID,15.191073383406572,73.92883522235888,3997.937198020665
137.69999999999646,VALID,15.191176662346695,73.92896438687082,4002.5077967671577
137.79999999999646,VALID,15.191279941212578,73.92909355150971,4001.8015214393663
137.89999999999645,VALID,15.191383220004212,73.92922271627558,3999.9463683888084
137.99999999999645,VALID,15.19148649872159,73.92935188116842,4000.402879708858
138.09999999999644,VALID,15.191589777364701,73.92948104618823,3999.948583397688
138.19999999999644,VALID,15.19169305593354,73.92961021133503,4005.0480970966664
138.29999999999643,VALID,15.191796334428096,73.92973937660884,4001.247004444245
138.39999999999642,VALID,15.191899612848362,73.92986854200964,4000.6119270511435
138.49999999999642,VALID,15.192002891194328,73.92999770753745,3999.0329572032742
138.5999999999964,VALID,15.192106169465985,73.93012687319228,3999.1588017580243
138.6999999999964,VALID,15.192209447663323,73.93025603897414,3997.854293832272
138.7999999999964,VALID,15.192312725786334,73.93038520488304,3997.4656536702178
138.8999999999964,VALID,15.192416003835007,73.93051437091898,3996.977630462739
138.9999999999964,VALID,15.192519281809332,73.93064353708198,3999.902343360377
139.09999999999638,VALID,15.1926225597093,73.93077270337204,3999.3760971842466
139.19999999999638,VALID,15.192725837534898,73.93090186978918,3997.069694351538
139.29999999999637,VALID,15.192829115286118,73.9310310363334,4001.4822168496157
139.39999999999637,VALID,15.192932392962947,73.93116020300471,3999.80443265004
139.49999999999636,VALID,15.193035670565374,73.93128936980312,4001.589338099926
139.59999999999636,VALID,15.193138948093386,73.93141853672866,4000.459398367282
139.69999999999635,VALID,15.193242225546973,73.9315477037813,4002.0651540391195
139.79999999999634,VALID,15.193345502926121,73.9316768709611,3999.665620942214
139.89999999999634,VALID,15.193448780230817,73.93180603826804,3997.3070054506857
139.99999999999633,VALID,15.193552057461048,73.93193520570213,4000.0380607146058
140.09999999999633,VALID,15.1936553346168,73.9320643732634,3999.9375076769884
140.19999999999632,VALID,15.19375861169806,73.93219354095186,3999.890693032283
140.29999999999632,VALID,15.193861888704813,73.9323227087675,3999.4515601652934
140.3999999999963,VALID,15.193965165637044,73.93245187671036,3999.889430149438
140.4999999999963,VALID,15.194068442494736,73.93258104478045,3999.6919044167157
140.5999999999963,VALID,15.194171719277874,73.93271021297777,4000.01805218602
140.6999999999963,VALID,15.194274995986442,73.93283938130234,4001.8733826486655
140.7999999999963,VALID,15.194378272620423,73.9329685497542,4001.7996974403695
140.89999999999628,VALID,15.194481549179798,73.93309771833331,3998.5721825929895
140.99999999999628,VALID,15.194584825664549,73.93322688703974,4000.320860648674
141.09999999999627,VALID,15.194688102074657,73.93335605587347,4000.5092109625803
141.19999999999627,VALID,15.194791378410104,73.93348522483456,3998.75616149223
141.29999999999626,VALID,15.194894654670867,73.93361439392298,4000.856631023958
141.39999999999625,VALID,15.194997930856925,73.93374356313878,4001.0233419435467
141.49999999999625,VALID,15.195101206968255,73.93387273248197,3998.586677832917
141.59999999999624,VALID,15.195204483004837,73.93400190195258,4001.8054424489046
141.69999999999624,VALID,15.195307758966642,73.93413107155062,4001.0867825596915
141.79999999999623,VALID,15.195411034853649,73.93426024127612,3998.780194664298
141.89999999999623,VALID,15.19551431066583,73.93438941112909,4000.253284625453
141.99999999999622,VALID,15.195617586403158,73.93451858110956,3996.8883769456525
142.09999999999621,VALID,15.195720862065604,73.93464775121755,3998.9192615590227
142.1999999999962,VALID,15.195824137653139,73.9347769214531,3999.170175991424
142.2999999999962,VALID,15.19592741316573,73.93490609181623,4001.5491602524266
142.3999999999962,VALID,15.196030688603345,73.93503526230697,4004.073916152581
142.4999999999962,VALID,15.196133963965949,73.93516443292535,3997.004527508413
142.5999999999962,VALID,15.196237239253504,73.9352936036714,4001.798362690348
142.69999999999618,VALID,15.196340514465973,73.93542277454515,3998.4866023952245
142.79999999999617,VALID,15.196443789603315,73.93555194554664,3998.1535577811533
142.89999999999617,VALID,15.196547064665484,73.93568111667591,3994.4106771641364
142.99999999999616,VALID,15.19665033965244,73.935810287933,3993.8265390375236
143.09999999999616,VALID,15.196753614564129,73.93593945931794,3989.4465074133113
143.19999999999615,VALID,15.196856889400502,73.93606863083079,3991.664932716112
143.29999999999615,VALID,15.196960164161505,73.93619780247158,3994.0527161805558
143.39999999999614,VALID,15.19706343884708,73.93632697424039,3993.703863923846
143.49999999999613,VALID,15.197166713457161,73.93645614613725,3994.6468549025844
143.59999999999613,VALID,15.197269987991685,73.93658531816222,3994.637080560893
143.69999999999612,VALID,15.197373262450578,73.93671449031537,3990.279676678931
143.79999999999612,VALID,15.197476536833761,73.93684366259676,3991.5833467286025
143.8999999999961,VALID,15.197579811141154,73.93697283500646,3994.4129259112196
143.9999999999961,VALID,15.197683085372661,73.93710200754455,3990.8450848703847
144.0999999999961,VALID,15.197786359528187,73.93723118021113,3992.4489421321546
144.1999999999961,VALID,15.197889633607621,73.93736035300628,3989.438681686214
144.2999999999961,VALID,15.197992907610844,73.93748952593012,3994.3858047097524
144.39999999999608,VALID,15.198096181537727,73.93761869898273,3993.506373741102
144.49999999999608,VALID,15.198199455388123,73.93774787216427,3991.6726699354463
144.59999999999607,VALID,15.19830272916187,73.93787704547485,3992.4993758615315
144.69999999999607,VALID,15.198406002858787,73.93800621891464,3993.019300353159
144.79999999999606,VALID,15.198509276478669,73.93813539248382,3994.43073989062
144.89999999999606,VALID,15.198612550021283,73.93826456618258,3990.5232898178792
144.99999999999605,VALID,15.19871582348636,73.93839374001116,3994.1554244210165
145.09999999999604,VALID,15.19881909687359,73.93852291396983,3996.8210229792267
145.19999999999604,VALID,15.19892237018261,73.9386520880589,3993.0025448011243
145.29999999999603,VALID,15.19902564341298,73.93878126227874,3995.237613597898
145.39999999999603,VALID,15.199128916564177,73.9389104366298,3994.136880668795
145.49999999999602,VALID,15.199232189635548,73.93903961111265,3994.5634897691107
145.59999999999602,VALID,15.199335462626266,73.93916878572799,3996.505513945346
145.699999999996,VALID,15.199438735535244,73.93929796047676,3995.612755460402
145.799999999996,VALID,15.199542008361002,73.93942713536023,3989.740226814317
145.899999999996,VALID,15.199645281101388,73.93955631038025,3991.0993600332285
145.999999999996,VALID,15.199748553752997,73.93968548553974,3985.727051416822
146.099999999996,VALID,15.199851826309631,73.93981466084402,3990.4617410300802
146.19999999999598,VALID,15.199955098756451,73.93994383630584,3991.6782904699285
146.29999999999598,VALID,15.200103352943932,73.94012910640126,3993.623100310793
146.39999999999597,VALID,15.20020670581419,73.94025821292912,3992.136271836872
146.49999999999596,VALID,15.200310058610773,73.9403873195836,3992.977475403586
146.59999999999596,VALID,15.20041341133368,73.9405164263647,3988.3870194392125
146.69999999999595,VALID,15.20051676398291,73.94064553327239,3991.9081242684315
146.79999999999595,VALID,15.200620116558461,73.9407746403067,3991.7617779794423
146.89999999999594,VALID,15.200723469060335,73.94090374746762,3994.816605383889
146.99999999999594,VALID,15.20082682148853,73.94103285475515,3995.1083480265484
147.09999999999593,VALID,15.200930173843044,73.94116196216929,3994.79774241497
147.19999999999592,VALID,15.20103352612388,73.94129106971005,3998.1186817395687
147.29999999999592,VALID,15.201136878331033,73.94142017737742,3993.8393826181095
147.3999999999959,VALID,15.201240230464505,73.94154928517142,3994.4622850208657
147.4999999999959,VALID,15.201343582524295,73.94167839309203,3995.2171814621233
147.5999999999959,VALID,15.201446934510402,73.94180750113927,3990.2817415150134
147.6999999999959,VALID,15.201550286422826,73.94193660931312,3991.8088037564767
147.7999999999959,VALID,15.201653638261565,73.94206571761359,3993.27851896261
147.89999999999588,VALID,15.201756990026619,73.94219482604068,3990.0672098297923
147.99999999999588,VALID,15.201860341717987,73.9423239345944,3998.8206494270175
148.09999999999587,VALID,15.201963693335669,73.94245304327474,3996.0369562553087
148.19999999999587,VALID,15.202067044879664,73.9425821520817,3997.720471088798
148.29999999999586,VALID,15.20217039634997,73.94271126101529,3998.5504185440755
148.39999999999586,VALID,15.202273747746588,73.94284037007552,3994.091582458815
148.49999999999585,VALID,15.202377099069517,73.94296947926236,3996.4103816456277
148.59999999999584,VALID,15.202480450318756,73.94309858857584,3996.115296997409
148.69999999999584,VALID,15.202583801494304,73.94322769801595,3994.1388865878007
148.79999999999583,VALID,15.20268715259616,73.94335680758269,3997.847871543522
148.89999999999583,VALID,15.202790503624325,73.94348591727606,3995.224204248364
148.99999999999582,VALID,15.202893854578797,73.94361502709607,3994.4145221561384
149.09999999999582,VALID,15.202997205459575,73.94374413704271,3995.7563822822935
149.1999999999958,VALID,15.203100556266659,73.94387324711599,3992.8169138397784
149.2999999999958,VALID,15.203203907000049,73.9440023573159,3995.2232366937305
149.3999999999958,VALID,15.203307257659743,73.94413146764244,3993.958201558111
149.4999999999958,VALID,15.203410608245742,73.94426057809562,3991.89626029166
149.5999999999958,VALID,15.203513958758043,73.94438968867544,3994.290559678537
149.69999999999578,VALID,15.203617309196646,73.94451879938191,4001.4183143721743
149.79999999999578,VALID,15.203720659561553,73.94464791021501,3996.3161558841657
149.89999999999577,VALID,15.20382400985276,73.94477702117476,3997.666355929599
149.99999999999577,VALID,15.203927360070267,73.94490613226115,3992.924302777734
150.09999999999576,VALID,15.204030710214074,73.9450352434742,3997.1482829216084
150.19999999999575,VALID,15.20413406028418,73.94516435481387,3993.055579958593
150.29999999999575,VALID,15.204237410280584,73.94529346628019,3994.1637901448476
150.39999999999574,VALID,15.204340760203285,73.94542257787316,3993.516496586106
150.49999999999574,VALID,15.204444110052284,73.94555168959279,3992.8194469918712
150.59999999999573,VALID,15.204547459827578,73.94568080143907,3994.2337974562834
150.69999999999573,VALID,15.204650809529168,73.94580991341199,4001.5247978867046
150.79999999999572,VALID,15.204754159157053,73.94593902551156,4000.644459356071
150.8999999999957,VALID,15.204857508711232,73.9460681377378,4000.435875318409
150.9999999999957,VALID,15.204960858191704,73.94619725009068,3995.4365407945356
151.0999999999957,VALID,15.20506420759847,73.94632636257022,3996.015090884353
151.1999999999957,VALID,15.205167556931528,73.9464554751764,3994.075937377465
151.2999999999957,VALID,15.205270906190878,73.94658458790926,3995.3552894565105
151.39999999999569,VALID,15.205374255376517,73.94671370076877,3995.3764368465754
151.49999999999568,VALID,15.205477604488447,73.94684281375493,3996.8306848767365
151.59999999999567,VALID,15.205580953526667,73.94697192686775,3990.1069373169175
151.69999999999567,VALID,15.205684302491175,73.94710104010723,3991.8612110143945
151.79999999999566,VALID,15.20578765138197,73.94723015347337,3990.511183875386
151.89999999999566,VALID,15.205891000199053,73.94735926696617,3995.265026826503
151.99999999999565,VALID,15.205994348942422,73.94748838058565,3983.706146476007
152.09999999999565,VALID,15.206097697612076,73.9476174943318,3991.5594921396746
152.19999999999564,VALID,15.206201046208017,73.9477466082046,3988.8429659554195
152.29999999999563,VALID,15.20630439473024,73.94787572220406,3986.9113854677976
152.39999999999563,VALID,15.20640774317875,73.9480048363302,3987.056799096832
152.49999999999562,VALID,15.20651109155354,73.948133950583,3987.208598371298
152.59999999999562,VALID,15.206614439854613,73.94826306496248,3984.891583900145
152.6999999999956,VALID,15.206717788081969,73.94839217946863,3982.168038953786
152.7999999999956,VALID,15.206821136235606,73.94852129410145,3980.145489426126
152.8999999999956,VALID,15.206924484315522,73.94865040886094,3980.9238207512635
152.9999999999956,VALID,15.207027832321717,73.9487795237471,3985.3450880302653
153.0999999999956,VALID,15.207131180254192,73.94890863875995,3987.5332448731165
153.19999999999558,VALID,15.207234528112945,73.94903775389946,3987.3585655436814
153.29999999999558,VALID,15.207337875897975,73.94916686916565,3982.9827928327254
153.39999999999557,VALID,15.207441223609282,73.94929598455853,3982.802044843729
153.49999999999557,VALID,15.207544571246864,73.94942510007809,3983.157890529152
153.59999999999556,VALID,15.207647918810721,73.94955421572432,3980.8009657769326
153.69999999999555,VALID,15.207751266300853,73.94968333149723,3985.626420656556
153.79999999999555,VALID,15.20785461371726,73.94981244739682,3986.7558494009036
153.89999999999554,VALID,15.20795796105994,73.94994156342311,3983.1172137758635
153.99999999999554,VALID,15.208061308328892,73.95007067957607,3984.670200203352
154.09999999999553,VALID,15.208164655524115,73.95019979585572,3982.535916399689
154.19999999999553,VALID,15.20826800264561,73.95032891226207,3980.106034810823
154.29999999999552,VALID,15.208371349693376,73.95045802879508,3982.8676320681743
154.39999999999552,VALID,15.20847469666741,73.95058714545479,3984.0559733452947
154.4999999999955,VALID,15.208578043567714,73.95071626224119,3977.682290102505
154.5999999999955,VALID,15.208681390394286,73.95084537915427,3983.5447540588384
154.6999999999955,VALID,15.208784737147125,73.95097449619405,3985.0801254408157
154.7999999999955,VALID,15.208888083826231,73.95110361336053,3980.644942074223
154.8999999999955,VALID,15.208991430431604,73.9512327306537,3984.220061365018
154.99999999999548,VALID,15.209094776963243,73.95136184807356,3986.4033624801
155.09999999999548,VALID,15.209198123421144,73.95149096562012,3984.8537631333284
155.19999999999547,VALID,15.209301469805311,73.95162008329338,3980.769070527914
155.29999999999546,VALID,15.209404816115741,73.95174920109334,3981.7936776529136
155.39999999999546,VALID,15.209508162352433,73.95187831901998,3983.001626299865
155.49999999999545,VALID,15.209611508515387,73.95200743707333,3979.293461617843
155.59999999999545,VALID,15.209714854604602,73.95213655525339,3978.9742572477703
155.69999999999544,VALID,15.209818200620077,73.95226567356015,3985.793165970757
155.79999999999544,VALID,15.209921546561812,73.95239479199361,3984.8078832400574
155.89999999999543,VALID,15.210024892429807,73.95252391055378,3984.0855027162966
155.99999999999542,VALID,15.21012823822406,73.95265302924065,3983.721015458126
156.09999999999542,VALID,15.210231583944571,73.95278214805423,3983.9416998341026
156.1999999999954,VALID,15.210334929591339,73.9529112669945,3988.8029729631576
156.2999999999954,VALID,15.210438275164362,73.95304038606149,3982.714781814771
156.3999999999954,VALID,15.21054162066364,73.95316950525519,3984.156627398707
156.4999999999954,VALID,15.210644966089173,73.9532986245756,3982.1530073862928
156.5999999999954,VALID,15.21074831144096,73.95342774402272,3985.187340101972
156.69999999999538,VALID,15.210851656719,73.95355686359655,3987.4179941502143
156.79999999999538,VALID,15.210955001923294,73.95368598329709,3987.4338090750625
156.89999999999537,VALID,15.21105834705384,73.95381510312436,3989.798589372757
156.99999999999537,VALID,15.211161692110636,73.95394422307832,3989.305793617855
157.09999999999536,VALID,15.211265037093684,73.95407334315901,3988.7689368965625
157.19999999999536,VALID,15.21136838200298,73.95420246336641,3985.7751587533444
157.29999999999535,VALID,15.211471726838527,73.95433158370054,3986.8710791673248
157.39999999999534,VALID,15.21157507160032,73.95446070416138,3988.355010185286
157.49999999999534,VALID,15.211678416288361,73.95458982474894,3991.3878401102174
157.59999999999533,VALID,15.21178176090265,73.95471894546323,3987.825360710621
157.69999999999533,VALID,15.211885105443184,73.95484806630424,3986.628493139051
157.79999999999532,VALID,15.211988449909963,73.95497718727196,3990.7569546624673
157.89999999999532,VALID,15.212091794302989,73.95510630836642,3986.7160479039094
157.9999999999953,VALID,15.212195138622258,73.9552354295876,3992.134008232385
158.0999999999953,VALID,15.212298482867771,73.95536455093551,3987.9236321152716
158.1999999999953,VALID,15.212401827039526,73.95549367241016,3994.983386981268
158.2999999999953,VALID,15.212505171137524,73.95562279401152,3988.3361903656846
158.3999999999953,VALID,15.212608515161762,73.95575191573961,3993.6662134693797
158.49999999999528,VALID,15.21271185911224,73.95588103759444,3998.39009441954
158.59999999999528,VALID,15.212815202988958,73.956010159576,4000.6146824852804
158.69999999999527,VALID,15.212918546791915,73.95613928168429,3995.0896247173155
158.79999999999526,VALID,15.21302189052111,73.95626840391931,3995.1764349151726
158.89999999999526,VALID,15.213125234176543,73.95639752628107,3996.220235585449
158.99999999999525,VALID,15.213228577758212,73.95652664876957,3995.3539579887333
159.09999999999525,VALID,15.213331921266118,73.9566557713848,3992.3215515258853
159.19999999999524,VALID,15.213435264700259,73.95678489412677,3994.6546093401216
159.29999999999524,VALID,15.213538608060635,73.95691401699548,3995.6422522247663
159.39999999999523,VALID,15.213641951347244,73.95704313999093,3990.630608690977
159.49999999999523,VALID,15.213745294560086,73.95717226311312,3990.6367439819237
159.59999999999522,VALID,15.213848637699162,73.95730138636206,3992.2503563882838
159.6999999999952,VALID,15.213951980764469,73.95743050973773,3996.867585227
159.7999999999952,VALID,15.214055323756007,73.95755963324015,3994.758250181184
159.8999999999952,VALID,15.214158666673775,73.95768875686932,3987.652498813173
159.9999999999952,VALID,15.214262009517773,73.95781788062523,3992.5226293618366
160.0999999999952,VALID,15.214365352288,73.95794700450789,3998.564148660493
160.19999999999519,VALID,15.214468694984456,73.95807612851729,3995.359827619701
160.29999999999518,VALID,15.21457203760714,73.95820525265346,3996.52528054273
160.39999999999517,VALID,15.214675380156049,73.95833437691637,3996.6422576779837
160.49999999999517,VALID,15.214778722631184,73.95846350130603,3999.0482215557486
160.59999999999516,VALID,15.214882065032544,73.95859262582245,4000.772597174441
160.69999999999516,VALID,15.214985407360128,73.95872175046561,3994.9896845090425
160.79999999999515,VALID,15.215088749613937,73.95885087523554,3995.4752573848514
160.89999999999515,VALID,15.215192091793968,73.95898000013221,3997.144193767484
160.99999999999514,VALID,15.215295433900222,73.95910912515565,3995.762409674301
161.09999999999513,VALID,15.215398775932698,73.95923825030584,3998.1288791967495
161.19999999999513,VALID,15.215502117891395,73.9593673755828,3997.49648205396
161.29999999999512,VALID,15.215605459776311,73.95949650098652,3993.0034900450505
161.39999999999512,VALID,15.215708801587448,73.959625626517,3999.2529541627587
161.4999999999951,VALID,15.215812143324802,73.95975475217423,3997.226269281734
161.5999999999951,VALID,15.215915484988376,73.95988387795823,4000.1361303683598
161.6999999999951,VALID,15.216018826578166,73.960013003869,4000.7260456509907
161.7999999999951,VALID,15.216122168094172,73.96014212990653,3999.692309188196
161.8999999999951,VALID,15.216225509536393,73.96027125607083,4003.495855839346
161.99999999999508,VALID,15.21632885090483,73.9604003823619,3998.670890568964
162.09999999999508,VALID,15.21643219219948,73.96052950877973,3998.852437931787
162.19999999999507,VALID,15.216535533420345,73.96065863532434,4000.118400575218
162.29999999999507,VALID,15.216638874567423,73.9607877619957,3999.1902710262034
162.39999999999506,VALID,15.216742215640712,73.96091688879385,4000.2868859994637
162.49999999999505,VALID,15.216845556640214,73.96104601571876,3997.0660849385927
162.59999999999505,VALID,15.216948897565926,73.96117514277046,4000.3256157101287
162.69999999999504,VALID,15.217052238417848,73.96130426994893,3994.6611655850825
162.79999999999504,VALID,15.217155579195978,73.96143339725417,3997.7954154461554
162.89999999999503,VALID,15.217258919900317,73.96156252468619,3994.5091912258126
162.99999999999503,VALID,15.217362260530864,73.96169165224498,3995.2267262424293
163.09999999999502,VALID,15.217465601087618,73.96182077993056,3997.093009611705
163.19999999999501,VALID,15.217568941570578,73.96194990774292,3996.5097746656484
163.299999999995,VALID,15.217672281979743,73.96207903568205,3995.458843728041
163.399999999995,VALID,15.217775622315113,73.96220816374797,4001.4125150946393
163.499999999995,VALID,15.217878962576686,73.96233729194068,3995.9303866085456
163.599999999995,VALID,15.217982302764462,73.96246642026017,3996.3231580639695
163.699999999995,VALID,15.21808564287844,73.96259554870645,3996.191883310414
163.79999999999498,VALID,15.21818898291862,73.96272467727951,3994.595907233733
163.89999999999498,VALID,15.218292322885002,73.96285380597936,3996.4339009916634
163.99999999999497,VALID,15.218395662777585,73.962982934806,3993.425161801139
164.09999999999496,VALID,15.218499002596367,73.96311206375944,3991.838823579687
164.19999999999496,VALID,15.218602342341347,73.96324119283966,3994.8777217155507
164.29999999999495,VALID,15.218705682012525,73.96337032204667,3992.8118189571414
164.39999999999495,VALID,15.2188090216099,73.96349945138047,3991.17693035084
164.49999999999494,VALID,15.218912361133471,73.96362858084107,3993.82359160385
164.59999999999494,VALID,15.219015700583238,73.96375771042847,3987.6176759057444
164.69999999999493,VALID,15.219119039959201,73.96388684014265,3986.549545697072
164.79999999999492,VALID,15.219222379261359,73.96401596998363,3984.0854693087417
164.89999999999492,VALID,15.21932571848971,73.96414509995142,3979.592591644528
164.9999999999949,VALID,15.219429057644254,73.964274230046,3982.020579224344
165.0999999999949,VALID,15.21953239672499,73.96440336026738,3976.918106820633
165.1999999999949,VALID,15.219635735731917,73.96453249061557,3973.678922842758
165.2999999999949,VALID,15.219739074665034,73.96466162109056,3970.9934372996236
165.3999999999949,VALID,15.21984241352434,73.96479075169235,3969.622392476692
165.49999999999488,VALID,15.219945752309837,73.96491988242094,3974.49382223779
165.59999999999488,VALID,15.22004909102152,73.96504901327634,3976.524764666161
165.69999999999487,VALID,15.220152429659393,73.96517814425854,3983.6745988032335
165.79999999999487,VALID,15.220255768223451,73.96530727536756,3982.9502471997794
165.89999999999486,VALID,15.220359106713696,73.96543640660339,3984.7471297484703
165.99999999999486,VALID,15.220462445130126,73.96556553796603,3987.3347894822664
166.09999999999485,VALID,15.22056578347274,73.96569466945547,3990.724896027695
166.19999999999484,VALID,15.220669121741537,73.96582380107174,3989.3227500685007
166.29999999999484,VALID,15.220772459936518,73.9659529328148,3990.054228853971
166.39999999999483,VALID,15.22087579805768,73.96608206468468,3989.782234359839
166.49999999999483,VALID,15.220979136105024,73.96621119668139,3992.191986080944
166.59999999999482,VALID,15.22108247407855,73.9663403288049,3990.450722468162
166.69999999999482,VALID,15.221185811978255,73.96646946105524,3993.5226228112047
166.7999999999948,VALID,15.22128914980414,73.9665985934324,3992.009759179895
166.8999999999948,VALID,15.221392487556203,73.96672772593637,3993.9448278352274
166.9999999999948,VALID,15.221495825234443,73.96685685856716,3989.3926717334475
167.0999999999948,VALID,15.221599162838862,73.96698599132478,3992.8061533174264
167.1999999999948,VALID,15.221702500369455,73.96711512420922,4000.4290221654815
167.29999999999478,VALID,15.221805837826224,73.96724425722047,3996.577274250982
167.39999999999478,VALID,15.221909175209168,73.96737339035856,4000.3629941759496
167.49999999999477,VALID,15.222012512518287,73.96750252362347,3997.6053369588008
167.59999999999476,VALID,15.222115849753578,73.9676316570152,3998.358400233956
167.69999999999476,VALID,15.22221918691504,73.96776079053377,3995.712185979294
167.79999999999475,VALID,15.222322524002676,73.96788992417918,3994.577281176695
167.89999999999475,VALID,15.222425861016482,73.96801905795141,3993.8699966513877
167.99999999999474,VALID,15.222529197956458,73.96814819185047,3992.869633601676
168.09999999999474,VALID,15.222632534822603,73.96827732587637,3993.9330623802903
168.19999999999473,VALID,15.222735871614917,73.9684064600291,3997.897551620907
168.29999999999472,VALID,15.222839208333399,73.96853559430866,3993.7235123356427
168.39999999999472,VALID,15.222942544978048,73.96866472871505,3995.212303570222
168.4999999999947,VALID,15.223045881548863,73.9687938632483,3996.6275219235786
168.5999999999947,VALID,15.223149218045844,73.96892299790836,3999.6210638540147
168.6999999999947,VALID,15.223252554468989,73.96905213269528,3998.7823097741466
168.7999999999947,VALID,15.223355890818297,73.96918126760903,4000.678848753608
168.8999999999947,VALID,15.22345922709377,73.96931040264963,3994.3244529963963
168.99999999999469,VALID,15.223562563295404,73.96943953781707,3997.6782485669137
169.09999999999468,VALID,15.2236658994232,73.96956867311134,3993.197793558225
169.19999999999467,VALID,15.223769235477157,73.96969780853246,3994.534349721355
169.29999999999467,VALID,15.223872571457273,73.96982694408042,3995.8436635692146
169.39999999999466,VALID,15.223975907363549,73.96995607975524,4002.554575334345
169.49999999999466,VALID,15.224079243195984,73.97008521555689,3995.9308020313874
169.59999999999465,VALID,15.224182578954576,73.97021435148541,4002.5107440775096
169.69999999999465,VALID,15.224285914639324,73.97034348754077,3994.9604349488372
169.79999999999464,VALID,15.22438925025023,73.97047262372298,3993.861595656757
169.89999999999463,VALID,15.22449258578729,73.97060176003205,3994.83269850478
169.99999999999463,VALID,15.224595921250506,73.97073089646797,3991.6674831755513
170.09999999999462,VALID,15.224699256639875,73.97086003303075,3988.8022367873336
170.19999999999462,VALID,15.224802591955397,73.97098916972037,3993.615028609032
170.2999999999946,VALID,15.224905927197073,73.97111830653685,3990.642089791791
170.3999999999946,VALID,15.2250092623649,73.9712474434802,3993.6559149123627
170.4999999999946,VALID,15.225112597458876,73.9713765805504,3993.1511204377452
170.5999999999946,VALID,15.225215932479003,73.97150571774746,3992.0290116990886
170.6999999999946,VALID,15.225319267425279,73.97163485507139,3988.068663145238
170.79999999999458,VALID,15.225422602297703,73.97176399252217,3991.1761878791267
170.89999999999458,VALID,15.225525937096275,73.97189313009982,3991.7929311189177
170.99999999999457,VALID,15.225629271820994,73.97202226780432,3989.0422194948633
171.09999999999457,VALID,15.225732606471858,73.9721514056357,3987.0882383801827
171.19999999999456,VALID,15.225835941048869,73.97228054359394,3986.3292737573215
171.29999999999455,VALID,15.225939275552024,73.97240968167905,3990.434376976134
171.39999999999455,VALID,15.226042609981322,73.97253881989103,3990.581358678404
171.49999999999454,VALID,15.226145944336762,73.97266795822988,3983.3734356364994
171.59999999999454,VALID,15.226249278618345,73.9727970966956,3989.3108781340056
171.69999999999453,VALID,15.22635261282607,73.97292623528818,3988.7078962883766
171.79999999999453,VALID,15.226455946959934,73.97305537400764,3991.5404209177414
171.89999999999452,VALID,15.22655928101994,73.97318451285398,3992.2083036393738
171.99999999999451,VALID,15.226662615006084,73.97331365182718,3992.3391184588118
172.0999999999945,VALID,15.226765948918366,73.97344279092727,3989.4501932715434
172.1999999999945,VALID,15.226869282756786,73.97357193015424,3992.4449755129726
172.2999999999945,VALID,15.226972616521342,73.97370106950808,3993.16134403335
172.3999999999945,VALID,15.227075950212035,73.9738302089888,3991.480481114642
172.4999999999945,VALID,15.22717928382886,73.97395934859641,3990.5117021001365
172.59999999999448,VALID,15.227282617371822,73.97408848833089,3991.008133679309
172.69999999999447,VALID,15.227385950840915,73.97421762819226,3986.8616587163247
172.79999999999447,VALID,15.227489284236142,73.97434676818051,3987.032653014465
172.89999999999446,VALID,15.227592617557502,73.97447590829564,3989.2985780959348
172.99999999999446,VALID,15.227695950804991,73.97460504853767,3989.51310069642
173.09999999999445,VALID,15.22779928397861,73.97473418890658,3993.245668509369
173.19999999999445,VALID,15.22790261707836,73.97486332940238,3989.6132607143495
173.29999999999444,VALID,15.228005950104238,73.97499247002507,3993.1422143936056
173.39999999999444,VALID,15.228109283056243,73.97512161077465,3991.543440469536
173.49999999999443,VALID,15.228212615934375,73.97525075165112,3996.6772653666135
173.59999999999442,VALID,15.228315948738633,73.97537989265449,3997.882793771513
173.69999999999442,VALID,15.228419281469016,73.97550903378475,3994.7212312186275
173.7999999999944,VALID,15.228522614125524,73.9756381750419,3997.767438209174
173.8999999999944,VALID,15.228625946708156,73.97576731642594,3991.7378110170484
173.9999999999944,VALID,15.228729279216912,73.9758964579369,3990.257233223384
174.0999999999944,VALID,15.22883261165179,73.97602559957474,3987.857129487451
174.1999999999944,VALID,15.228935944012788,73.97615474133949,3983.353511464504
174.29999999999438,VALID,15.229039276299908,73.97628388323113,3992.3765143365886
174.39999999999438,VALID,15.229142608513147,73.97641302524968,3992.2050287713523
174.49999999999437,VALID,15.229245940652504,73.97654216739514,3989.4519326090954
174.59999999999437,VALID,15.229349272717979,73.9766713096675,3991.3095243499506
174.69999999999436,VALID,15.229452604709572,73.97680045206675,3990.824100879192
174.79999999999436,VALID,15.22955593662728,73.97692959459292,3990.7035727083708
174.89999999999435,VALID,15.229659268471105,73.977058737246,3992.4577944009916
174.99999999999434,VALID,15.229762600241045,73.97718788002598,3991.710638537046
175.09999999999434,VALID,15.229865931937098,73.97731702293288,3987.6536493866365
175.19999999999433,VALID,15.229969263559266,73.97744616596668,3989.2433563563723
175.29999999999433,VALID,15.230072595107545,73.9775753091274,3989.0859543558417
175.39999999999432,VALID,15.230175926581936,73.97770445241503,3991.79632656246
175.49999999999432,VALID,15.230279257982437,73.97783359582957,3992.1241831998927
175.5999999999943,VALID,15.230382589309048,73.97796273937102,3997.176874936951
175.6999999999943,VALID,15.230485920561769,73.9780918830394,3990.6801176304493
175.7999999999943,VALID,15.230589251740598,73.97822102683469,3989.6478040553716
175.8999999999943,VALID,15.230692582845535,73.9783501707569,3990.0655819060134
175.9999999999943,VALID,15.230795913876577,73.97847931480602,3988.582472080957
176.09999999999428,VALID,15.230899244833726,73.97860845898208,3989.760604839706
176.19999999999428,VALID,15.23100257571698,73.97873760328505,3988.2333222794523
176.29999999999427,VALID,15.231105906526338,73.97886674771495,3987.95249238407
176.39999999999426,VALID,15.2312092372618,73.97899589227177,3990.82254946804
176.49999999999426,VALID,15.231312567923363,73.97912503695552,3991.879547719679
176.59999999999425,VALID,15.231415898511028,73.9792541817662,3989.6490650182936
176.69999999999425,VALID,15.231519229024792,73.9793833267038,3989.662714626593
176.79999999999424,VALID,15.231622559464657,73.97951247176833,3990.3003829958884
176.89999999999424,VALID,15.231725889830622,73.9796416169598,3986.7731478440014
176.99999999999423,VALID,15.231829220122686,73.97977076227819,3994.688390219819
177.09999999999422,VALID,15.231932550340845,73.97989990772352,3985.6622713368783
177.19999999999422,VALID,15.232035880485103,73.98002905329578,3986.677701717031
177.2999999999942,VALID,15.232139210555456,73.98015819899497,3990.1626367179297
177.3999999999942,VALID,15.232242540551903,73.9802873448211,3986.978910523166
177.4999999999942,VALID,15.232345870474445,73.98041649077416,3992.2188328984703
177.5999999999942,VALID,15.23244920032308,73.98054563685416,3989.139411856395
177.6999999999942,VALID,15.232552530097808,73.9806747830611,3987.693080800246
177.79999999999418,VALID,15.232655859798626,73.980803929395,3990.6153610196393
177.89999999999418,VALID,15.232759189425536,73.98093307585582,3990.3654727156054
177.99999999999417,VALID,15.232862518978536,73.98106222244358,3985.4659333295026
178.09999999999417,VALID,15.232965848457624,73.9811913691583,3988.431027062665
178.19999999999416,VALID,15.2330691778628,73.98132051599995,3988.1465057581695
178.29999999999416,VALID,15.233172507194064,73.98144966296856,3987.9541341563636
178.39999999999415,VALID,15.233275836451416,73.98157881006411,3990.273743427068
178.49999999999415,VALID,15.233379165634851,73.9817079572866,3985.0498448905146
178.59999999999414,VALID,15.233482494744372,73.98183710463606,3988.1466336223198
178.69999999999413,VALID,15.233585823779977,73.98196625211246,3991.1329667504383
178.79999999999413,VALID,15.233689152741665,73.9820953997158,3993.399778781322
178.89999999999412,VALID,15.233792481629434,73.98222454744611,3993.8250325199574
178.99999999999412,VALID,15.233895810443286,73.98235369530337,3992.6941923304194
179.0999999999941,VALID,15.233999139183219,73.98248284328758,3992.462069787706
179.1999999999941,VALID,15.23410246784923,73.98261199139876,3994.7076036975304
179.2999999999941,VALID,15.23420579644132,73.98274113963689,3988.4564696006037
179.3999999999941,VALID,15.234309124959488,73.98287028800198,3991.3585624119196
179.4999999999941,VALID,15.234412453403733,73.98299943649403,3991.6284960003086
179.59999999999408,VALID,15.234515781774055,73.98312858511304,3991.1555660936215
179.69999999999408,VALID,15.234619110070453,73.983257733859,3988.710515359262
179.79999999999407,VALID,15.234722438292923,73.98338688273193,3989.8539444633834
179.89999999999407,VALID,15.234825766441467,73.98351603173184,3993.6794090178455
179.99999999999406,VALID,15.234929094516085,73.9836451808587,3986.776345474826
180.09999999999405,VALID,15.235032422516774,73.98377433011254,3992.943141156664
180.19999999999405,VALID,15.235135750443535,73.98390347949334,3990.608758201027
180.29999999999404,VALID,15.235239078296365,73.9840326290011,3987.9291238505425
180.39999999999404,VALID,15.235342406075265,73.98416177863585,3986.255861605529
180.49999999999403,VALID,15.235445733780233,73.98429092839757,3984.9883198111033
180.59999999999403,VALID,15.23554906141127,73.98442007828625,3984.5616598560405
180.69999999999402,VALID,15.235652388968372,73.9845492283019,3986.7148843181344
180.79999999999401,VALID,15.23575571645154,73.98467837844454,3987.4425739224685
180.899999999994,VALID,15.235859043860772,73.98480752871416,3985.2160530176297
180.999999999994,VALID,15.235962371196068,73.98493667911075,3983.6738509073134
181.099999999994,VALID,15.236065698457427,73.98506582963431,3983.881309863237
181.199999999994,VALID,15.236169025644848,73.98519498028486,3982.9872532155764
181.299999999994,VALID,15.23627235275833,73.98532413106238,3979.705758965607
181.39999999999398,VALID,15.236375679797874,73.9854532819669,3987.39511996863
181.49999999999397,VALID,15.236479006763476,73.9855824329984,3987.537602338909
181.59999999999397,VALID,15.236582333655138,73.98571158415687,3986.2966994030717
181.69999999999396,VALID,15.236685660472856,73.98584073544234,3986.218425855571
181.79999999999396,VALID,15.236788987216633,73.98596988685479,3986.1872223242544
181.89999999999395,VALID,15.236892313886464,73.98609903839423,3985.5526635550523
181.99999999999395,VALID,15.236995640482352,73.98622819006066,3984.1595045831114
182.09999999999394,VALID,15.237098967004293,73.98635734185407,3979.6321512705345
182.19999999999393,VALID,15.237202293452288,73.98648649377449,3982.4207067587804
182.29999999999393,VALID,15.237305619826335,73.9866156458219,3985.6801697221636
182.39999999999392,VALID,15.237408946126433,73.9867447979963,3980.8575590202922
182.49999999999392,VALID,15.237512272352582,73.98687395029769,3985.9454716040923
182.5999999999939,VALID,15.23761559850478,73.98700310272609,3982.7486223089472
182.6999999999939,VALID,15.237718924583026,73.98713225528148,3979.7335214397854
182.7999999999939,VALID,15.237822250587321,73.98726140796387,3985.7243086168414
182.8999999999939,VALID,15.237925576517663,73.98739056077326,3983.7221173535927
182.9999999999939,VALID,15.238028902374051,73.98751971370966,3982.645431524496
183.09999999999388,VALID,15.238132228156484,73.98764886677306,3978.775397429507
183.19999999999388,VALID,15.23823555386496,73.98777801996346,3983.1317209593635
183.29999999999387,VALID,15.23833887949948,73.98790717328086,3982.053600174464
183.39999999999387,VALID,15.238442205060043,73.98803632672526,3987.919552360464
183.49999999999386,VALID,15.238545530546647,73.98816548029669,3985.2029212367725
183.59999999999386,VALID,15.23864885595929,73.98829463399511,3989.067080857135
183.69999999999385,VALID,15.238752181297974,73.98842378782055,3983.6174851608394
183.79999999999384,VALID,15.238855506562697,73.988552941773,3986.8819967390496
183.89999999999384,VALID,15.238958831753457,73.98868209585245,3986.915192592311
183.99999999999383,VALID,15.239062156870254,73.98881125005893,3981.861413742023
184.09999999999383,VALID,15.239165481913087,73.98894040439242,3983.810459737448
184.19999999999382,VALID,15.239268806881954,73.98906955885293,3986.2039602144046
184.29999999999382,VALID,15.239372131776856,73.98919871344046,3987.7834590737116
184.3999999999938,VALID,15.239475456597791,73.989327868155,3988.430823972623
184.4999999999938,VALID,15.239578781344758,73.98945702299656,3988.1381104541642
184.5999999999938,VALID,15.239682106017757,73.98958617796514,3981.7288299411894
184.6999999999938,VALID,15.239785430616784,73.98971533306074,3983.6471815199366
184.7999999999938,VALID,15.239888755141843,73.98984448828337,3980.6389011720125
184.89999999999378,VALID,15.239992079592929,73.98997364363302,3981.861718319416
184.99999999999378,VALID,15.240095403970042,73.9901027991097,3981.032790970892
185.09999999999377,VALID,15.240198728273182,73.99023195471341,3981.7285094932968
185.19999999999376,VALID,15.240302052502347,73.99036111044414,3983.0937860959157
185.29999999999376,VALID,15.240405376657538,73.9904902663019,3985.734839382036
185.39999999999375,VALID,15.240508700738753,73.9906194222867,3984.4231693529764
185.49999999999375,VALID,15.240612024745989,73.99074857839852,3986.150207571796
185.59999999999374,VALID,15.240715348679247,73.99087773463738,3977.455416069491
185.69999999999374,VALID,15.240818672538525,73.99100689100328,3987.369437529585
185.79999999999373,VALID,15.240921996323824,73.99113604749621,3983.095076486134
185.89999999999372,VALID,15.241025320035142,73.99126520411617,3985.4046354779284
185.99999999999372,VALID,15.241128643672477,73.99139436086318,3985.6935914542555
186.0999999999937,VALID,15.24123196723583,73.99152351773722,3985.9817733440195
186.1999999999937,VALID,15.241335290725198,73.9916526747383,3990.0481228224417
186.2999999999937,VALID,15.24143861414058,73.99178183186643,3986.4055416593346
186.3999999999937,VALID,15.241541937481978,73.9919109891216,3989.782251273782
186.4999999999937,VALID,15.241645260749388,73.99204014650383,3987.0624731851867
186.59999999999368,VALID,15.241748583942812,73.99216930401309,3988.0500529082005
186.69999999999368,VALID,15.241851907062246,73.9922984616494,3984.212962519098
186.79999999999367,VALID,15.24195523010769,73.99242761941275,3987.304221719806
186.89999999999367,VALID,15.242058553079143,73.99255677730316,3983.623589236029
186.99999999999366,VALID,15.242161875976604,73.99268593532062,3984.5068767368007
187.09999999999366,VALID,15.242265198800073,73.99281509346514,3983.7231755866633
187.19999999999365,VALID,15.242368521549547,73.9929442517367,3987.85604810446
187.29999999999364,VALID,15.242471844225028,73.99307341013532,3989.2505460570796
187.39999999999364,VALID,15.242575166826512,73.993202568661,3984.3941342566873
187.49999999999363,VALID,15.242678489353999,73.99333172731373,3986.5317824508757
187.59999999999363,VALID,15.242781811807488,73.99346088609352,3986.5805110579513
187.69999999999362,VALID,15.242885134186977,73.99359004500036,3983.6361545735626
187.79999999999362,VALID,15.242988456492467,73.99371920403428,3983.7204113354105
187.8999999999936,VALID,15.243091778723958,73.99384836319526,3983.365339417157
187.9999999999936,VALID,15.243195100881445,73.99397752248329,3975.887854668752
188.0999999999936,VALID,15.24329842296493,73.9941066818984,3975.549878827362
188.1999999999936,VALID,15.243401744974411,73.99423584144057,3979.2506120172748
188.2999999999936,VALID,15.243505066909888,73.99436500110981,3963.675280519087
188.39999999999358,VALID,15.243608388771358,73.99449416090611,3966.9806784165517
188.49999999999358,VALID,15.243711710558822,73.99462332082949,3960.970866081593
188.59999999999357,VALID,15.243815032272277,73.99475248087994,3947.3236534204884
188.69999999999357,VALID,15.243918353911724,73.99488164105746,3945.878387604513
188.79999999999356,VALID,15.24402167547716,73.99501080136206,3948.7360133356024
188.89999999999355,VALID,15.244124996968587,73.99513996179373,3932.552818211037
188.99999999999355,VALID,15.244228318386002,73.99526912235247,3932.419075333432
189.09999999999354,VALID,15.244331639729403,73.9953982830383,3922.8728965601713
189.19999999999354,VALID,15.24443496099879,73.9955274438512,3935.2051093140117
189.29999999999353,VALID,15.244538282194162,73.9956566047912,3928.7263095086264
189.39999999999353,VALID,15.244641603315518,73.99578576585826,3933.370888680815
189.49999999999352,VALID,15.244744924362857,73.99591492705241,3930.736804730869
189.5999999999935,VALID,15.244848245336177,73.99604408837365,3936.034735909438
189.6999999999935,VALID,15.244951566235478,73.99617324982198,3932.2444522764577
189.7999999999935,VALID,15.245054887060759,73.99630241139738,3942.797021253975
189.8999999999935,VALID,15.245158207812018,73.99643157309988,3944.9932815158586
189.9999999999935,VALID,15.245261528489255,73.99656073492947,3944.3644919221742
190.09999999999349,VALID,15.24536484909247,73.99668989688615,3947.2655222290487
190.19999999999348,VALID,15.24546816962166,73.99681905896992,3946.7113637095194
190.29999999999347,VALID,15.245571490076824,73.99694822118079,3949.9473006414705
190.39999999999347,VALID,15.245674810457961,73.99707738351874,3947.605441702036
190.49999999999346,VALID,15.245778130765071,73.9972065459838,3948.1941839578976
190.59999999999346,VALID,15.245881450998152,73.99733570857596,3949.6743584277597
190.69999999999345,VALID,15.245984771157202,73.99746487129521,3952.716278515801
190.79999999999345,VALID,15.246088091242221,73.99759403414156,3943.738177557865
190.89999999999344,VALID,15.246191411253209,73.99772319711501,3945.0833567499612
190.99999999999343,VALID,15.246294731190163,73.99785236021556,3952.2735856143577
191.09999999999343,VALID,15.246398051053083,73.99798152344323,3954.6769022071403
191.19999999999342,VALID,15.246501370841967,73.998110686798,3953.466377632386
191.29999999999342,VALID,15.246604690556817,73.99823985027987,3969.1251466276954
191.3999999999934,VALID,15.246708010197628,73.99836901388886,3968.0427984005732
191.4999999999934,VALID,15.2468113297644,73.99849817762495,3972.5646329425695
191.5999999999934,VALID,15.246914649257134,73.99862734148816,3976.4853780219782
191.6999999999934,VALID,15.247017968675825,73.99875650547848,3974.9472918635342
191.7999999999934,VALID,15.247121288020475,73.99888566959592,3981.312014448887
191.89999999999338,VALID,15.247224607291082,73.99901483384048,3977.9700058078133
191.99999999999338,VALID,15.247327926487646,73.99914399821215,3976.9241604352324
192.09999999999337,VALID,15.247431245610164,73.99927316271094,3980.24604074155
192.19999999999337,VALID,15.247534564658636,73.99940232733684,3974.398638465489
192.29999999999336,VALID,15.247637883633061,73.99953149208987,3974.21996045073
192.39999999999336,VALID,15.247741202533437,73.99966065697002,3979.595583020162
192.49999999999335,VALID,15.247844521359763,73.9997898219773,3980.7199704957147
192.59999999999334,VALID,15.247947840112039,73.9999189871117,3977.137671251732
192.69999999999334,VALID,15.248051158790261,74.00004815237322,3978.869812433721
192.79999999999333,VALID,15.248154477394431,74.00017731776188,3973.716046776693
192.89999999999333,VALID,15.248257795924546,74.00030648327767,3977.02398813716
192.99999999999332,VALID,15.248361114380607,74.00043564892059,3978.7424445144684
193.09999999999332,VALID,15.24846443276261,74.00056481469063,3978.4175720441094
193.1999999999933,VALID,15.248567751070556,74.00069398058781,3974.6834591281113
193.2999999999933,VALID,15.248671069304443,74.00082314661213,3978.4404709882388
193.3999999999933,VALID,15.24877438746427,74.00095231276359,3970.6446417912143
193.4999999999933,VALID,15.248877705550035,74.00108147904218,3971.404916772429
193.5999999999933,VALID,15.248981023561738,74.00121064544791,3973.0721306248606
193.69999999999328,VALID,15.249084341499378,74.00133981198078,3974.5741283024695
193.79999999999328,VALID,15.249187659362953,74.0014689786408,3976.9600938837543
193.89999999999327,VALID,15.249290977152462,74.00159814542796,3976.1046091268454
193.99999999999326,VALID,15.249394294867905,74.00172731234227,3977.902371792911
194.09999999999326,VALID,15.249497612509279,74.00185647938372,3976.424489173221
194.19999999999325,VALID,15.249600930076582,74.00198564655231,3978.834325577417
194.29999999999325,VALID,15.249704247569815,74.00211481384807,3977.868940123339
194.39999999999324,VALID,15.249807564988977,74.00224398127096,3977.9006154303665
194.49999999999324,VALID,15.249910882334065,74.00237314882102,3976.8796424568623
194.59999999999323,VALID,15.25001419960508,74.00250231649822,3977.703319536694
194.69999999999322,VALID,15.250117516802018,74.00263148430258,3974.389028999366
194.79999999999322,VALID,15.25022083392488,74.0027606522341,3981.0007402326905
194.8999999999932,VALID,15.250324150973663,74.00288982029278,3982.0265961265686
194.9999999999932,VALID,15.250427467948368,74.00301898847862,3985.463101447393
195.0999999999932,VALID,15.250530784848992,74.00314815679161,3983.194394011422
195.1999999999932,VALID,15.250634101675535,74.00327732523176,3981.1049968119337
195.2999999999932,VALID,15.250737418427995,74.00340649379909,3982.829211974723
195.39999999999318,VALID,15.25084073510637,74.00353566249358,3983.7228076712217
195.49999999999318,VALID,15.250944051710661,74.00366483131523,3983.6451396597545
195.59999999999317,VALID,15.251047368240865,74.00379400026407,3988.054897761923
195.69999999999317,VALID,15.25115068469698,74.00392316934006,3989.6693068222935
195.79999999999316,VALID,15.251254001079007,74.00405233854322,3988.2507362479273
195.89999999999316,VALID,15.251357317386942,74.00418150787355,3983.3778279388375
195.99999999999315,VALID,15.251460633620786,74.00431067733106,3984.9706605608326
196.09999999999314,VALID,15.251563949780538,74.00443984691576,3985.332629382307
196.19999999999314,VALID,15.251667265866194,74.00456901662763,3982.4862379341594
196.29999999999313,VALID,15.251770581877755,74.00469818646667,3984.398519303322
196.39999999999313,VALID,15.25187389781522,74.0048273564329,3981.3567268433912
196.49999999999312,VALID,15.251977213678586,74.00495652652631,3982.368049014544
196.59999999999312,VALID,15.252080529467852,74.0050856967469,3979.9347743031976
196.6999999999931,VALID,15.252183845183017,74.00521486709468,3983.84466656547
196.7999999999931,VALID,15.252287160824082,74.00534403756964,3984.308825184414
196.8999999999931,VALID,15.252390476391042,74.0054732081718,3983.92809769472
196.9999999999931,VALID,15.252493791883898,74.00560237890114,3978.8766054833277
197.0999999999931,VALID,15.252597107302648,74.00573154975768,3976.3970003590525
197.19999999999308,VALID,15.25270042264729,74.00586072074141,3975.6921369504134
197.29999999999308,VALID,15.252803737917825,74.00598989185234,3975.781874379731
197.39999999999307,VALID,15.252907053114248,74.00611906309047,3978.0648634416593
197.49999999999307,VALID,15.25301036823656,74.00624823445578,3978.7637368337446
197.59999999999306,VALID,15.253113683284758,74.0063774059483,3980.545196933553
197.69999999999305,VALID,15.253216998258843,74.00650657756802,3981.8693153483155
197.79999999999305,VALID,15.253320313158811,74.00663574931494,3985.6368647720305
197.89999999999304,VALID,15.253423627984663,74.00676492118907,3987.3929314592833
197.99999999999304,VALID,15.253526942736396,74.00689409319041,3984.0761408999665
198.09999999999303,VALID,15.253630257414011,74.00702326531895,3986.7898966783628
198.19999999999303,VALID,15.253733572017504,74.0071524375747,3982.551351852917
198.29999999999302,VALID,15.253836886546875,74.00728160995767,3986.698630566485
198.399999999993,VALID,15.253940201002122,74.00741078246784,3983.6586898990604
198.499999999993,VALID,15.254043515383243,74.00753995510523,3989.3632091886684
198.599999999993,VALID,15.254146829690239,74.00766912786983,3985.342960436505
198.699999999993,VALID,15.254250143923105,74.00779830076166,3986.23433273364
198.799999999993,VALID,15.254353458081843,74.00792747378071,3985.7820533712797
198.89999999999299,VALID,15.25445677216645,74.00805664692697,3985.631556940673
198.99999999999298,VALID,15.254560086176923,74.00818582020047,3988.0815212611333
199.09999999999297,VALID,15.254663400113262,74.00831499360118,3985.5692954098354
199.19999999999297,VALID,15.254766713975467,74.00844416712911,3987.9678360768676
199.29999999999296,VALID,15.254870027763534,74.00857334078428,3981.428753006664
199.39999999999296,VALID,15.254973341477463,74.00870251456668,3977.570584993683
199.49999999999295,VALID,15.255076655117252,74.0088316884763,3983.7647637960295
199.59999999999295,VALID,15.2551799686829,74.00896086251316,3982.024144001752
199.69999999999294,VALID,15.255283282174405,74.00909003667725,3978.489470318222
199.79999999999293,VALID,15.255386595591766,74.00921921096858,3982.4856757866814
199.89999999999293,VALID,15.255489908934981,74.00934838538714,3982.3563965393237
199.99999999999292,VALID,15.25559322220405,74.00947755993295,3979.67042705371
200.09999999999292,VALID,15.25569653539897,74.009606734606,3979.7810496463208
200.1999999999929,VALID,15.25579984851974,74.00973590940629,3980.4345565044628
200.2999999999929,VALID,15.255903161566357,74.00986508433382,3979.6085925912193
200.3999999999929,VALID,15.25600647453882,74.0099942593886,3980.349112331346
200.4999999999929,VALID,15.256109787437127,74.01012343457063,3979.0130532673625
200.5999999999929,VALID,15.256213100261279,74.01025260987991,3981.1935073832738
200.69999999999288,VALID,15.256316413011273,74.01038178531644,3977.740051135972
200.79999999999288,VALID,15.256419725687106,74.01051096088023,3977.102612477197
200.89999999999287,VALID,15.256523038288778,74.01064013657127,3980.8073950490257
200.99999999999287,VALID,15.256626350816287,74.01076931238957,3977.5427348862363
201.09999999999286,VALID,15.256729663269631,74.01089848833513,3983.8144818624874
201.19999999999285,VALID,15.256832975648809,74.01102766440795,3979.3884971553284
201.29999999999285,VALID,15.25693628795382,74.01115684060802,3983.944896057644
201.39999999999284,VALID,15.257039600184662,74.01128601693537,3979.760225241075
201.49999999999284,VALID,15.257142912341331,74.01141519338998,3979.6427649491484
201.59999999999283,VALID,15.25724622442383,74.01154436997186,3977.7002327535765
201.69999999999283,VALID,15.257349536432152,74.01167354668101,3977.720015895455
201.79999999999282,VALID,15.257452848366299,74.01180272351743,3977.7850402484532
201.89999999999281,VALID,15.257556160226267,74.01193190048113,3979.877597067549
201.9999999999928,VALID,15.257659472012056,74.0120610775721,3977.8311752287964
202.0999999999928,VALID,15.257762783723665,74.01219025479034,3980.7955504411525
202.1999999999928,VALID,15.25786609536109,74.01231943213587,3976.664611264335
202.2999999999928,VALID,15.25796940692433,74.01244860960868,3981.2180823979834
202.3999999999928,VALID,15.258072718413384,74.01257778720877,3982.066283604667
202.49999999999278,VALID,15.25817602982825,74.01270696493614,3982.1509522843776
202.59999999999278,VALID,15.258279341168926,74.0128361427908,3986.3084456658485
202.69999999999277,VALID,15.25838265243541,74.01296532077275,3978.192864380857
202.79999999999276,VALID,15.2584859636277,74.013094498882,3981.3869642648274
202.89999999999276,VALID,15.258589274745797,74.01322367711853,3980.978138097254
202.99999999999275,VALID,15.258692585789696,74.01335285548237,3982.440660518728
203.09999999999275,VALID,15.258795896759395,74.01348203397349,3984.7737010673054
203.19999999999274,VALID,15.258899207654894,74.01361121259191,3984.5128407262655
203.29999999999274,VALID,15.25900251847619,74.01374039133763,3987.425461261027
203.39999999999273,VALID,15.259105829223282,74.01386957021066,3986.300288246371
203.49999999999272,VALID,15.259209139896168,74.013998749211,3983.422504292424
203.59999999999272,VALID,15.259312450494845,74.01412792833864,3983.1999309824505
203.6999999999927,VALID,15.259415761019312,74.0142571075936,3981.384729139909
203.7999999999927,VALID,15.259519071469567,74.01438628697585,3981.604519446854
203.8999999999927,VALID,15.25962238184561,74.01451546648542,3983.564090073694
203.9999999999927,VALID,15.259725692147436,74.0146446461223,3987.645319881261
204.0999999999927,VALID,15.259829002375044,74.01477382588652,3983.9754580023878
204.19999999999268,VALID,15.259932312528433,74.01490300577805,3982.108989685187
204.29999999999268,VALID,15.2600356226076,74.0150321857969,3980.349770713901
204.39999999999267,VALID,15.260138932612543,74.01516136594307,3982.568311212018
204.49999999999267,VALID,15.26024224254326,74.01529054621658,3984.6227469970204
204.59999999999266,VALID,15.26034555239975,74.01541972661741,3983.3500332287813
204.69999999999266,VALID,15.26044886218201,74.01554890714557,3984.257528862849
204.79999999999265,VALID,15.260552171890039,74.01567808780106,3983.3355299737573
204.89999999999264,VALID,15.260655481523834,74.01580726858388,3983.151131330011
204.99999999999264,VALID,15.260758791083394,74.01593644949405,3983.424819461217
205.09999999999263,VALID,15.260862100568714,74.01606563053154,3983.74007622184
205.19999999999263,VALID,15.260965409979795,74.01619481169638,3984.4435877540873
205.29999999999262,VALID,15.261068719316633,74.01632399298856,3983.5606877055925
205.39999999999262,VALID,15.261172028579226,74.01645317440808,3983.85521804164
205.4999999999926,VALID,15.261275337767573,74.01658235595497,3983.2480784985664
205.5999999999926,VALID,15.261378646881672,74.01671153762919,3980.948479256944
205.6999999999926,VALID,15.26148195592152,74.01684071943077,3982.132583150886
205.7999999999926,VALID,15.261585264887115,74.01696990135972,3978.6271149206386
205.8999999999926,VALID,15.261688573778455,74.01709908341601,3978.3506622339737
205.99999999999258,VALID,15.261791882595537,74.01722826559967,3979.5412712938314
206.09999999999258,VALID,15.26189519133836,74.01735744791068,3976.336533172907
206.19999999999257,VALID,15.26199850000692,74.01748663034905,3977.0950690254826
206.29999999999256,VALID,15.262101808601216,74.0176158129148,3979.4736080453167
206.39999999999256,VALID,15.262205117121244,74.01774499560791,3980.6140164459716
206.49999999999255,VALID,15.262308425567003,74.0178741784284,3976.0440045395385
206.59999999999255,VALID,15.26241173393849,74.01800336137626,3974.659357108633
206.69999999999254,VALID,15.262515042235705,74.01813254445149,3975.769924478914
206.79999999999254,VALID,15.262618350458643,74.0182617276541,3975.728268123349
206.89999999999253,VALID,15.262721658607303,74.01839091098411,3974.2263273464305
206.99999999999253,VALID,15.26282496668168,74.01852009444148,3978.476885480924
207.09999999999252,VALID,15.262928274681775,74.01864927802625,3974.8865092564006
207.1999999999925,VALID,15.263031582607583,74.0187784617384,3974.470965027439
207.2999999999925,VALID,15.263134890459103,74.01890764557795,3972.8299755647477
207.3999999999925,VALID,15.263238198236332,74.0190368295449,3975.88720891409
207.4999999999925,VALID,15.263341505939266,74.01916601363924,3973.127236271595
207.5999999999925,VALID,15.263444813567904,74.01929519786097,3977.129799103532
207.69999999999249,VALID,15.263548121122245,74.0194243822101,3970.866224445754
207.79999999999248,VALID,15.263651428602284,74.01955356668665,3975.223996881835
207.89999999999247,VALID,15.263754736008018,74.0196827512906,3974.1773988847194
207.99999999999247,VALID,15.263858043339445,74.01981193602197,3977.7630217886713
208.09999999999246,VALID,15.263961350596562,74.01994112088074,3976.214326531183
208.19999999999246,VALID,15.264064657779366,74.02007030586694,3976.204129939389
208.29999999999245,VALID,15.264167964887855,74.02019949098054,3974.3331370763362
208.39999999999245,VALID,15.264271271922027,74.02032867622158,3975.610186397612
208.49999999999244,VALID,15.264374578881878,74.02045786159005,3971.845492866143
208.59999999999243,VALID,15.264477885767405,74.02058704708593,3973.459307216653
208.69999999999243,VALID,15.264581192578607,74.02071623270925,3968.6086574352503
208.79999999999242,VALID,15.264684499315479,74.02084541846,3969.631209281241
208.89999999999242,VALID,15.264787805978017,74.02097460433818,3965.7270982145683
208.9999999999924,VALID,15.26489111256622,74.0211037903438,3969.4592796131165
209.0999999999924,VALID,15.264994419080086,74.02123297647687,3974.3876823594405
209.1999999999924,VALID,15.26509772551961,74.02136216273738,3973.2850885534813
209.2999999999924,VALID,15.26520103188479,74.02149134912534,3973.1614353498485
209.3999999999924,VALID,15.265304338175621,74.02162053564075,3977.1353554660996
209.49999999999238,VALID,15.265407644392102,74.02174972228362,3974.5010474749984
209.59999999999238,VALID,15.265510950534228,74.02187890905394,3973.921391966292
209.69999999999237,VALID,15.265614256601998,74.02200809595172,3973.717338476319
209.79999999999237,VALID,15.265717562595407,74.02213728297697,3976.747254880005
209.89999999999236,VALID,15.265820868514453,74.02226647012968,3978.8617846608277
209.99999999999235,VALID,15.26592417435913,74.02239565740986,3977.4965851248226
210.09999999999235,VALID,15.266027480129438,74.02252484481753,3980.47840135974
210.19999999999234,VALID,15.266130785825371,74.02265403235266,3977.2542890547866
210.29999999999234,VALID,15.266234091446927,74.02278322001528,3978.627954600083
210.39999999999233,VALID,15.266337396994102,74.02291240780539,3975.1734620434727
210.49999999999233,VALID,15.266440702466891,74.02304159572299,3982.0642733507625
210.59999999999232,VALID,15.266544007865294,74.02317078376807,3975.8248390374692
210.69999999999231,VALID,15.266647313189305,74.02329997194065,3976.390171925208
210.7999999999923,VALID,15.26675061843892,74.02342916024072,3979.0814029575035
210.8999999999923,VALID,15.266853923614136,74.0235583486683,3976.735078592449
210.9999999999923,VALID,15.266957228714949,74.02368753722338,3973.6080140439954
211.0999999999923,VALID,15.267060533741354,74.02381672590597,3976.249535688992
211.1999999999923,VALID,15.26716383869335,74.02394591471608,3980.108594699056
211.29999999999228,VALID,15.26726714357093,74.0240751036537,3976.984922733813
211.39999999999227,VALID,15.267370448374091,74.02420429271885,3978.824638543376
211.49999999999227,VALID,15.26747375310283,74.02433348191151,3977.8206205757997
211.59999999999226,VALID,15.267577057757142,74.0244626712317,3974.028617707219
211.69999999999226,VALID,15.267680362337023,74.02459186067944,3976.958503262989
211.79999999999225,VALID,15.267783666842469,74.0247210502547,3974.5270358916646
211.89999999999225,VALID,15.267886971273475,74.0248502399575,3974.9286077681213
211.99999999999224,VALID,15.267990275630037,74.02497942978785,3970.5675959878868
212.09999999999224,VALID,15.26809357991215,74.02510861974575,3973.90975247228
212.19999999999223,VALID,15.268196884119812,74.02523780983121,3971.773595937301
212.29999999999222,VALID,15.268300188253015,74.02536700004423,3971.3820953560917
212.39999999999222,VALID,15.268403492311757,74.0254961903848,3973.6911679985424
212.4999999999922,VALID,15.268506796296032,74.02562538085294,3969.128679027572
212.5999999999922,VALID,15.268610100205835,74.02575457144866,3972.2969551527144
212.6999999999922,VALID,15.268713404041163,74.02588376217194,3968.000571710419
212.7999999999922,VALID,15.26881670780201,74.02601295302281,3969.7307512765155
212.8999999999922,VALID,15.26892001148837,74.02614214400127,3964.741554877281
212.99999999999218,VALID,15.26902331510024,74.02627133510731,3966.9585811877664
213.09999999999218,VALID,15.269126618637612,74.02640052634095,3966.3759799847753
213.19999999999217,VALID,15.269229922100482,74.02652971770219,3974.013585570788
213.29999999999217,VALID,15.269333225488845,74.02665890919103,3970.6604841795042
213.39999999999216,VALID,15.269436528802697,74.02678810080748,3964.411969316312
213.49999999999216,VALID,15.26953983204203,74.02691729255154,3971.954588260453
213.59999999999215,VALID,15.26964313520684,74.02704648442324,3969.7789491102053
213.69999999999214,VALID,15.269746438297119,74.02717567642254,3966.1018041850457
213.79999999999214,VALID,15.269849741312864,74.02730486854949,3968.57958843712
213.89999999999213,VALID,15.269953044254068,74.02743406080407,3965.74332962876
213.99999999999213,VALID,15.270056347120724,74.02756325318629,3965.0426314714377
214.09999999999212,VALID,15.270159649912825,74.02769244569616,3967.769839166181
214.19999999999212,VALID,15.270262952630368,74.02782163833369,3968.0967462550607
214.2999999999921,VALID,15.270366255273345,74.02795083109888,3969.6968927560497
214.3999999999921,VALID,15.270469557841748,74.02808002399173,3967.886688849659
214.4999999999921,VALID,15.270572860335573,74.02820921701226,3964.4334949005665
214.5999999999921,VALID,15.270676162754812,74.02833841016046,3969.783775621139
214.6999999999921,VALID,15.270779465099459,74.02846760343634,3964.441877311549
214.79999999999208,VALID,15.270882767369503,74.02859679683992,3967.4284995441394
214.89999999999208,VALID,15.270986069564941,74.0287259903712,3965.655399563536
214.99999999999207,VALID,15.271089371685765,74.02885518403018,3970.8591101976267
215.09999999999206,VALID,15.271192673731965,74.02898437781687,3964.069523005424
215.19999999999206,VALID,15.271295975703538,74.02911357173127,3959.8966578694694
215.29999999999205,VALID,15.271399277600471,74.0292427657734,3964.5891516410925
215.39999999999205,VALID,15.271502579422759,74.02937195994326,3966.10025926007
215.49999999999204,VALID,15.271605881170393,74.02950115424086,3963.402158326756
215.59999999999204,VALID,15.271709182843365,74.02963034866622,3962.71508815712
215.69999999999203,VALID,15.271812484441666,74.02975954321933,3958.6903605101047
215.79999999999202,VALID,15.271915785965287,74.0298887379002,3957.0393964958575
215.89999999999202,VALID,15.27201908741422,74.03001793270884,3959.028739756732
215.999999999992,VALID,15.272122388788455,74.03014712764526,3950.56201519736
216.099999999992,VALID,15.272225690087982,74.03027632270948,3953.4911407312597
216.199999999992,VALID,15.272328991312792,74.0304055179015,3955.3800740573465
216.299999999992,VALID,15.272432292462875,74.03053471322131,3947.3692350406736
216.399999999992,VALID,15.27253559353822,74.03066390866894,3948.8561775766184
216.49999999999199,VALID,15.272638894538819,74.0307931042444,3932.4344365204292
216.59999999999198,VALID,15.272742195464659,74.03092229994769,3933.1959437467917
216.69999999999197,VALID,15.27284549631573,74.03105149577883,3932.7008357583736
216.79999999999197,VALID,15.27294879709202,74.03118069173782,3922.4795741777148
216.89999999999196,VALID,15.273052097793517,74.03130988782468,3930.6371425088428
216.99999999999196,VALID,15.27315539842021,74.0314390840394,3927.576662848035
217.09999999999195,VALID,15.273258698972086,74.03156828038202,3923.9470566133677
217.19999999999195,VALID,15.273361999449133,74.03169747685253,3923.8668582406362
217.29999999999194,VALID,15.273465299851338,74.03182667345095,3931.8759789122073
217.39999999999193,VALID,15.273568600178688,74.0319558701773,3926.554697598871
217.49999999999193,VALID,15.273671900431168,74.03208506703157,3933.6597824884243
217.59999999999192,VALID,15.273775200608764,74.0322142640138,3928.6410513930405
217.69999999999192,VALID,15.273878500711461,74.03234346112399,3927.494892141351
217.7999999999919,VALID,15.273981800739246,74.03247265836215,3939.920783696538
217.8999999999919,VALID,15.274085100692101,74.0326018557283,3934.1541088552194
217.9999999999919,VALID,15.274188400570011,74.03273105322245,3943.1873001534886
218.0999999999919,VALID,15.27429170037296,74.0328602508446,3944.5887010837146
218.1999999999919,VALID,15.274395000100927,74.0329894485948,3949.1781891522846
218.29999999999188,VALID,15.274498299753898,74.03311864647304,3951.086654313134
218.39999999999188,VALID,15.274601599331852,74.03324784447935,3954.468414655196
218.49999999999187,VALID,15.27470489883477,74.03337704261374,3953.2390552496654
218.59999999999187,VALID,15.274808198262633,74.03350624087622,3957.6367829441565
218.69999999999186,VALID,15.274911497615419,74.03363543926683,3953.238977604535
218.79999999999185,VALID,15.275014796893107,74.03376463778557,3957.3174007566968
218.89999999999185,VALID,15.275118096095675,74.03389383643245,3957.5388320556176
218.99999999999184,VALID,15.275221395223097,74.03402303520753,3957.990251641661
219.09999999999184,VALID,15.275324694275351,74.03415223411079,3961.433547895051
219.19999999999183,VALID,15.275427993252412,74.03428143314228,3962.5104620055313
219.29999999999183,VALID,15.275531292154252,74.03441063230201,3960.5331305470954
219.39999999999182,VALID,15.275634590980843,74.03453983159001,3958.1937223508735
219.49999999999181,VALID,15.275737889732158,74.0346690310063,3962.4499889777494
219.5999999999918,VALID,15.275841188408164,74.03479823055092,3959.691996383805
219.6999999999918,VALID,15.275944487008829,74.03492743022387,3963.017764990099
219.7999999999918,VALID,15.276047785534121,74.03505663002521,3961.562459050677
219.8999999999918,VALID,15.276151083984004,74.03518582995495,3963.790106327311
219.9999999999918,VALID,15.276254382358442,74.03531503001314,3959.721398714432
220.09999999999178,VALID,15.276357680657394,74.03544423019979,3959.864448266162
220.19999999999177,VALID,15.27646097888082,74.03557343051496,3961.943737246943
220.29999999999177,VALID,15.276564277028676,74.03570263095867,3965.9843820750048
220.39999999999176,VALID,15.276667575100914,74.03583183153097,3966.379862508547
220.49999999999176,VALID,15.276770873097487,74.0359610322319,3964.614042184393
220.59999999999175,VALID,15.276874171018342,74.0360902330615,3964.588019577164
220.69999999999175,VALID,15.276977468863423,74.03621943401983,3963.2528282096623
220.79999999999174,VALID,15.27708076663267,74.03634863510693,3963.9167205225235
220.89999999999173,VALID,15.27718406432602,74.03647783632287,3957.643766420902
220.99999999999173,VALID,15.277287361943406,74.03660703766771,3959.40992643128
221.09999999999172,VALID,15.277390659484753,74.03673623914149,3957.1661142386256
221.19999999999172,VALID,15.277493956949982,74.0368654407443,3953.3962235005656
221.2999999999917,VALID,15.277597254339009,74.03699464247619,3955.209840338871
221.3999999999917,VALID,15.277700551651739,74.03712384433726,3955.0605774866017
221.4999999999917,VALID,15.277803848888071,74.03725304632759,3954.86696591449
221.5999999999917,VALID,15.277907146047895,74.03738224844729,3960.2220261153375
221.6999999999917,VALID,15.27801044313109,74.03751145069644,3962.9138457766644
221.79999999999168,VALID,15.278113740137519,74.03764065307519,3963.996308776664
221.89999999999168,VALID,15.278217037067035,74.03776985558363,3964.77340658885
221.99999999999167,VALID,15.278320333919474,74.03789905822194,3963.47073393647
222.09999999999167,VALID,15.278423630694647,74.03802826099025,3972.033859786416
222.19999999999166,VALID,15.278526927392345,74.03815746388875,3964.65046780253
222.29999999999166,VALID,15.278630224012328,74.03828666691766,3968.587930994595
222.39999999999165,VALID,15.278733520554319,74.0384158700772,3966.5125640303413
222.49999999999164,VALID,15.278836817017996,74.03854507336766,3962.702727160595
222.59999999999164,VALID,15.278940113402983,74.03867427678935,3965.687899550245
222.69999999999163,VALID,15.279043409708827,74.03880348034266,3957.9058203431205
222.79999999999163,VALID,15.279146705934979,74.03893268402808,3954.471828692383
222.89999999999162,VALID,15.279250002080756,74.03906188784619,3957.747034419006
222.99999999999162,VALID,15.279353298145292,74.03919109179772,3957.785109191824
223.0999999999916,VALID,15.279456594127437,74.03932029588367,3963.3098620871106
223.1999999999916,VALID,15.279559890025608,74.0394495001054,3964.663292612885
223.2999999999916,VALID,15.27966318583748,74.03957870446492,3955.6030630481287
223.3999999999916,VALID,15.279766481559301,74.03970790896543,3956.0037676750276
223.4999999999916,VALID,15.279869777184,74.03983711361302,3953.0997129778198
223.59999999999158,VALID,15.279973072693291,74.0399663184234,3953.450383763392
223.69999999999158,VALID,15.280128183659626,74.04010248335057,3952.299667101742
223.79999999999157,VALID,15.280256367272601,74.04020496682647,3953.5413102524376
223.89999999999156,VALID,15.280384550838926,74.0403074504277,3953.209542986525
223.99999999999156,VALID,15.2805127343586,74.0404099341543,3957.9276214723373
224.09999999999155,VALID,15.280640917831624,74.04051241800623,3954.057933476161
224.19999999999155,VALID,15.280769101257995,74.0406149019835,3954.673466282572
224.29999999999154,VALID,15.280897284637714,74.04071738608613,3953.916878046584
224.39999999999154,VALID,15.28102546797078,74.04081987031411,3957.3068914884498
224.49999999999153,VALID,15.281153651257194,74.04092235466743,3957.7714753304176
224.59999999999152,VALID,15.281281834496953,74.0410248391461,3959.2340086527547
224.69999999999152,VALID,15.281410017690058,74.04112732375013,3963.61057661256
224.7999999999915,VALID,15.281538200836508,74.04122980847951,3963.368931778559
224.8999999999915,VALID,15.281666383936301,74.04133229333425,3961.647194588963
224.9999999999915,VALID,15.281794566989438,74.04143477831434,3965.272221690274
225.0999999999915,VALID,15.28192274999592,74.0415372634198,3966.234358618419
225.1999999999915,VALID,15.282050932955743,74.04163974865061,3965.98866870646
225.29999999999148,VALID,15.282179115868908,74.04174223400678,3967.592292443623
225.39999999999148,VALID,15.282307298735416,74.04184471948831,3970.3178504534976
225.49999999999147,VALID,15.282435481555266,74.04194720509521,3966.659724655312
225.59999999999147,VALID,15.282563664328457,74.04204969082747,3969.4975419082757
225.69999999999146,VALID,15.282691847054988,74.0421521766851,3968.467479116511
225.79999999999146,VALID,15.282820029734857,74.04225466266809,3962.445186383245
225.89999999999145,VALID,15.282948212368066,74.04235714877645,3965.9018574506017
225.99999999999145,VALID,15.283076394954612,74.04245963501018,3963.28620939985
226.09999999999144,VALID,15.283204577494498,74.04256212136927,3964.914655151636
226.19999999999143,VALID,15.28333275998772,74.04266460785375,3961.187356893393
226.29999999999143,VALID,15.28346094243428,74.0427670944636,3956.719764662689
226.39999999999142,VALID,15.283589124834176,74.04286958119881,3957.993111101624
226.49999999999142,VALID,15.283717307187409,74.04297206805941,3958.0741494889608
226.5999999999914,VALID,15.283845489493977,74.0430745550454,3956.1678743482394
226.6999999999914,VALID,15.28397367175388,74.04317704215674,3957.946925064835
226.7999999999914,VALID,15.284101853967117,74.04327952939347,3959.9295090382498
226.8999999999914,VALID,15.284230036133687,74.04338201675559,3958.8669872846394
226.9999999999914,VALID,15.28435821825359,74.04348450424308,3961.2166955025714
227.09999999999138,VALID,15.284486400326827,74.04358699185596,3963.1630403619893
227.19999999999138,VALID,15.284614582353395,74.04368947959422,3966.423377897466
227.29999999999137,VALID,15.284742764333295,74.04379196745788,3969.534794090237
227.39999999999137,VALID,15.284870946266526,74.04389445544692,3964.9641190996913
227.49999999999136,VALID,15.284999128153089,74.04399694356134,3966.563229217844
227.59999999999135,VALID,15.285127309992982,74.04409943180116,3966.7554954200486
227.69999999999135,VALID,15.285255491786202,74.04420192016637,3967.1534468252057
227.79999999999134,VALID,15.285383673532753,74.04430440865697,3966.6908493770225
227.89999999999134,VALID,15.285511855232631,74.04440689727296,3961.634098927032
227.99999999999133,VALID,15.285640036885837,74.04450938601435,3963.322088323773
228.09999999999133,VALID,15.285768218492372,74.04461187488114,3960.3311311257944
228.19999999999132,VALID,15.285896400052232,74.04471436387333,3961.7963501092895
228.29999999999131,VALID,15.28602458156542,74.04481685299092,3957.9962616444736
228.3999999999913,VALID,15.286152763031932,74.04491934223391,3956.2621877735774
228.4999999999913,VALID,15.28628094445177,74.0450218316023,3953.9492717135695
228.5999999999913,VALID,15.286409125824932,74.0451243210961,3960.6957635425574
228.6999999999913,VALID,15.286537307151418,74.04522681071529,3954.948477108414
228.7999999999913,VALID,15.286665488431229,74.0453293004599,3954.8939007319077
228.89999999999128,VALID,15.286793669664362,74.04543179032991,3957.776131628877
228.99999999999127,VALID,15.286921850850819,74.04553428032533,3960.1578783219106
229.09999999999127,VALID,15.287050031990596,74.04563677044615,3954.7403372773847
229.19999999999126,VALID,15.287178213083696,74.04573926069239,3955.782830572939
229.29999999999126,VALID,15.287306394130116,74.04584175106405,3953.9525813541454
229.39999999999125,VALID,15.287434575129856,74.04594424156112,3956.0299590478458
229.49999999999125,VALID,15.287562756082917,74.0460467321836,3958.7995293304652
229.59999999999124,VALID,15.287690936989296,74.04614922293149,3959.0869446921797
229.69999999999123,VALID,15.287819117848993,74.0462517138048,3958.210929779098
229.79999999999123,VALID,15.28794729866201,74.04635420480355,3964.76661978309
229.89999999999122,VALID,15.288075479428343,74.0464566959277,3963.2430138757086
229.99999999999122,VALID,15.288203660147994,74.04655918717728,3966.025795123167
230.0999999999912,VALID,15.28833184082096,74.04666167855228,3966.989343861367
230.1999999999912,VALID,15.288460021447245,74.04676417005271,3963.3683086376327
230.2999999999912,VALID,15.288588202026844,74.04686666167856,3962.11090468586
230.3999999999912,VALID,15.288716382559757,74.04696915342984,3967.9439261328143
230.4999999999912,VALID,15.288844563045984,74.04707164530654,3960.9730939801984
230.59999999999118,VALID,15.288972743485527,74.04717413730869,3966.2359114207834
230.69999999999118,VALID,15.289100923878381,74.04727662943625,3968.44764826683
230.79999999999117,VALID,15.28922910422455,74.04737912168925,3969.4965640596006
230.89999999999117,VALID,15.28935728452403,74.04748161406768,3974.287635186001
230.99999999999116,VALID,15.289485464776822,74.04758410657155,3971.975877524775
231.09999999999116,VALID,15.289613644982925,74.04768659920086,3973.7698950161075
231.19999999999115,VALID,15.289741825142338,74.0477890919556,3967.9062711019064
231.29999999999114,VALID,15.289870005255061,74.04789158483577,3967.5854231991293
231.39999999999114,VALID,15.289998185321094,74.04799407784138,3966.2238392988793
231.49999999999113,VALID,15.290126365340436,74.04809657097245,3968.400591389188
231.59999999999113,VALID,15.290254545313086,74.04819906422895,3974.733799045509
231.69999999999112,VALID,15.290382725239043,74.0483015576109,3973.879645178495
231.79999999999112,VALID,15.290510905118309,74.0484040511183,3975.816200123146
231.8999999999911,VALID,15.29063908495088,74.04850654475113,3982.299733820943
231.9999999999911,VALID,15.29076726473676,74.04860903850943,3982.293910664791
232.0999999999911,VALID,15.290895444475943,74.04871153239316,3982.826361800059
232.1999999999911,VALID,15.291023624168432,74.04881402640234,3982.584008700843
232.2999999999911,VALID,15.291151803814225,74.04891652053698,3985.677738766864
232.39999999999108,VALID,15.291279983413322,74.04901901479707,3981.348419812628
232.49999999999108,VALID,15.291408162965723,74.04912150918261,3980.640965556385
232.59999999999107,VALID,15.291536342471426,74.04922400369361,3979.9702505551354
232.69999999999106,VALID,15.291664521930432,74.04932649833007,3977.9930213277617
232.79999999999106,VALID,15.29179270134274,74.049428993092,3979.354949296562
232.89999999999105,VALID,15.291920880708348,74.04953148797937,3972.6532704413553
232.99999999999105,VALID,15.292049060027258,74.0496339829922,3976.698414415426
233.09999999999104,VALID,15.292177239299468,74.04973647813051,3977.6673478011985
233.19999999999104,VALID,15.292305418524977,74.04983897339427,3973.637080898086
233.29999999999103,VALID,15.292433597703786,74.0499414687835,3967.474930305603
233.39999999999102,VALID,15.292561776835893,74.0500439642982,3974.0838580341288
233.49999999999102,VALID,15.292689955921297,74.05014645993836,3980.6687548406558
233.599999999991,VALID,15.29281813496,74.05024895570399,3977.5902113650636
233.699999999991,VALID,15.292946313952,74.05035145159509,3979.0720692810605
233.799999999991,VALID,15.293074492897295,74.05045394761167,3979.3093957096216
233.899999999991,VALID,15.293202671795887,74.05055644375372,3983.4216262647356
233.999999999991,VALID,15.293330850647774,74.05065894002124,3983.730578102533
234.09999999999098,VALID,15.293459029452956,74.05076143641423,3987.4818120057876
234.19999999999098,VALID,15.293587208211433,74.05086393293271,3988.85364871169
234.29999999999097,VALID,15.293715386923202,74.05096642957666,3989.793737539079
234.39999999999097,VALID,15.293843565588263,74.05106892634609,3996.274920677152
234.49999999999096,VALID,15.293971744206617,74.051171423241,3994.703893252518
234.59999999999096,VALID,15.294099922778264,74.0512739202614,3996.6191120047306
234.69999999999095,VALID,15.294228101303203,74.05137641740727,3995.2426245234697
234.79999999999094,VALID,15.294356279781432,74.05147891467864,3998.8688463086687
234.89999999999094,VALID,15.29448445821295,74.05158141207549,4001.185986847406
234.99999999999093,VALID,15.29461263659776,74.05168390959783,3995.8644836960148
235.09999999999093,VALID,15.294740814935858,74.05178640724566,4000.456258882186
235.19999999999092,VALID,15.294868993227245,74.05188890501897,3998.365645313619
235.29999999999092,VALID,15.29499717147192,74.05199140291778,4000.2111091707316
235.3999999999909,VALID,15.295125349669881,74.05209390094208,4002.2682764123915
235.4999999999909,VALID,15.29525352782113,74.05219639909188,4000.227111665951
235.5999999999909,VALID,15.295381705925665,74.05229889736718,3997.5691184711955
235.6999999999909,VALID,15.295509883983486,74.05240139576797,4000.4959814087474
235.7999999999909,VALID,15.295638061994593,74.05250389429426,3996.5218547465324
235.89999999999088,VALID,15.295766239958985,74.05260639294605,4001.442472651852
235.99999999999088,VALID,15.29589441787666,74.05270889172333,3998.5550612113666
236.09999999999087,VALID,15.296022595747619,74.05281139062612,3996.0951356076766
236.19999999999087,VALID,15.296150773571862,74.0529138896544,3997.707611606684
236.29999999999086,VALID,15.296278951349386,74.0530163888082,4001.0611198730408
236.39999999999085,VALID,15.296407129080192,74.05311888808751,3994.802761577336
236.49999999999085,VALID,15.29653530676428,74.05322138749233,3998.249540756788
236.59999999999084,VALID,15.296663484401648,74.05332388702264,3998.080916044834
236.69999999999084,VALID,15.296791661992298,74.05342638667847,3998.2657497456385
236.79999999999083,VALID,15.296919839536226,74.0535288864598,3994.243978648597
236.89999999999083,VALID,15.297048017033434,74.05363138636666,3993.388802335766
236.99999999999082,VALID,15.29717619448392,74.05373388639903,3999.7047900450607
237.0999999999908,VALID,15.297304371887686,74.05383638655691,3996.768836390179
237.1999999999908,VALID,15.297432549244729,74.05393888684031,3993.0590267467614
237.2999999999908,VALID,15.297560726555048,74.05404138724923,3995.3492976643342
237.3999999999908,VALID,15.297688903818644,74.05414388778367,3993.9620044246776
237.4999999999908,VALID,15.297817081035515,74.05424638844363,4000.393187880412
237.59999999999079,VALID,15.297945258205662,74.05434888922912,3992.5778675923957
237.69999999999078,VALID,15.298073435329083,74.05445139014012,3991.8370643667245
237.79999999999077,VALID,15.298201612405778,74.05455389117665,3993.5749970567163
237.89999999999077,VALID,15.298329789435748,74.05465639233871,3995.0433089839767
237.99999999999076,VALID,15.29845796641899,74.0547588936263,3999.618716785764
238.09999999999076,VALID,15.298586143355504,74.05486139503941,3990.409318294714
238.19999999999075,VALID,15.29871432024529,74.05496389657806,3993.414023876527
238.29999999999075,VALID,15.298842497088348,74.05506639824223,3995.762399591343
238.39999999999074,VALID,15.298970673884677,74.05516890003194,3995.1827758931254
238.49999999999073,VALID,15.299098850634275,74.05527140194718,3995.473500290878
238.59999999999073,VALID,15.299227027337142,74.05537390398796,3996.3595683654075
238.69999999999072,VALID,15.29935520399328,74.05547640615427,3998.725275392068
238.79999999999072,VALID,15.299483380602686,74.05557890844612,3999.2916045749525
238.8999999999907,VALID,15.29961155716536,74.05568141086351,3998.87981494427
238.9999999999907,VALID,15.299739733681301,74.05578391340644,4000.502082766764
239.0999999999907,VALID,15.299867910150509,74.05588641607491,3996.0967293327935
239.1999999999907,VALID,15.299996086572982,74.05598891886893,3998.3387883122227
239.2999999999907,VALID,15.30012426294872,74.0560914217885,3996.6559112288287
239.39999999999068,VALID,15.300252439277726,74.05619392483361,4000.7956104155073
239.49999999999068,VALID,15.300380615559995,74.05629642800426,3997.784705947675
239.59999999999067,VALID,15.300508791795528,74.05639893130046,4001.0211342617736
239.69999999999067,VALID,15.300636967984325,74.05650143472222,3997.830244594568
239.79999999999066,VALID,15.300765144126384,74.05660393826953,3996.4563620791764
239.89999999999065,VALID,15.300893320221705,74.0567064419424,3995.5037032358446
239.99999999999065,VALID,15.30102149627029,74.05680894574081,3991.3100142966014
240.09999999999064,VALID,15.301149672272134,74.05691144966478,3998.396588461676
240.19999999999064,VALID,15.301277848227238,74.0570139537143,3995.5485717148754
240.29999999999063,VALID,15.301406024135604,74.05711645788939,3996.8205742812015
240.39999999999063,VALID,15.301534199997228,74.05721896219003,3998.3682006548675
240.49999999999062,VALID,15.30166237581211,74.05732146661624,3998.3576192060314
240.59999999999062,VALID,15.301790551580252,74.057423971168,3998.487285519743
240.6999999999906,VALID,15.301918727301652,74.05752647584534,3995.3475825770356
240.7999999999906,VALID,15.30204690297631,74.05762898064823,3997.174009799412
240.8999999999906,VALID,15.302175078604222,74.0577314855767,3995.7850142447546
240.9999999999906,VALID,15.302303254185391,74.05783399063073,4001.086923557199
241.0999999999906,VALID,15.302431429719816,74.05793649581032,3994.3176250392457
241.19999999999058,VALID,15.302559605207495,74.05803900111549,3996.2386614649067
241.29999999999058,VALID,15.302687780648428,74.05814150654624,3997.698154551146
241.39999999999057,VALID,15.302815956042616,74.05824401210255,4001.022702111919
241.49999999999056,VALID,15.302944131390058,74.05834651778444,3993.9124076138287
241.59999999999056,VALID,15.303072306690751,74.0584490235919,3997.0296951333175
241.69999999999055,VALID,15.303200481944696,74.05855152952495,3997.105881696748
241.79999999999055,VALID,15.303328657151893,74.05865403558357,4000.358267920939
241.89999999999054,VALID,15.30345683231234,74.05875654176778,3996.867097011848
241.99999999999054,VALID,15.303585007426038,74.05885904807757,3996.0664151001433
242.09999999999053,VALID,15.303713182492986,74.05896155451293,3995.8007359508
242.19999999999052,VALID,15.303841357513184,74.05906406107388,3992.4199814993253
242.29999999999052,VALID,15.30396953248663,74.05916656776041,3993.895167443046
242.3999999999905,VALID,15.304097707413323,74.05926907457254,3985.2117335206035
242.4999999999905,VALID,15.304225882293263,74.05937158151025,3989.419372904332
242.5999999999905,VALID,15.304354057126451,74.05947408857355,3982.9811813180786
242.6999999999905,VALID,15.304482231912885,74.05957659576244,3985.552995009276
242.7999999999905,VALID,15.304610406652564,74.05967910307692,3983.2153917073147
242.89999999999048,VALID,15.30473858134549,74.05978161051699,3982.018903644896
242.99999999999048,VALID,15.30486675599166,74.05988411808266,3983.5445708556445
243.09999999999047,VALID,15.304994930591072,74.05998662577393,3979.720940097986
243.19999999999047,VALID,15.305123105143728,74.0600891335908,3984.776726061827
243.29999999999046,VALID,15.305251279649628,74.06019164153325,3978.6618899343184
243.39999999999046,VALID,15.305379454108769,74.06029414960132,3980.8227384137763
243.49999999999045,VALID,15.305507628521152,74.06039665779498,3978.5309681540703
243.59999999999044,VALID,15.305635802886776,74.06049916611425,3983.333296433894
243.69999999999044,VALID,15.305763977205642,74.06060167455912,3984.423891354911
243.79999999999043,VALID,15.305892151477746,74.0607041831296,3984.0412454217385
243.89999999999043,VALID,15.30602032570309,74.06080669182569,3981.938670602306
243.99999999999042,VALID,15.306148499881672,74.06090920064739,3977.936266147035
244.09999999999042,VALID,15.306276674013493,74.0610117095947,3974.127561068831
244.1999999999904,VALID,15.30640484809855,74.06111421866761,3976.3337744531195
244.2999999999904,VALID,15.306533022136845,74.06121672786614,3974.2967246523126
244.3999999999904,VALID,15.306661196128376,74.06131923719028,3970.4806202259992
244.4999999999904,VALID,15.306789370073144,74.06142174664004,3972.4327874423557
244.5999999999904,VALID,15.306917543971146,74.0615242562154,3970.2842701318955
244.69999999999038,VALID,15.307045717822383,74.0616267659164,3969.425684195914
244.79999999999038,VALID,15.307173891626855,74.06172927574302,3964.415531510732
244.89999999999037,VALID,15.30730206538456,74.06183178569525,3960.4731201821933
244.99999999999037,VALID,15.307430239095497,74.0619342957731,3950.8597732968037
245.09999999999036,VALID,15.307558412759667,74.06203680597658,3954.919813720521
245.19999999999035,VALID,15.307686586377068,74.06213931630568,3937.894656624618
245.29999999999035,VALID,15.3078147599477,74.0622418267604,3930.6116612451015
245.39999999999034,VALID,15.307942933471564,74.06234433734076,3930.426083700529
245.49999999999034,VALID,15.308071106948656,74.06244684804675,3922.433914907842
245.59999999999033,VALID,15.308199280378979,74.06254935887837,3920.0053190517633
245.69999999999033,VALID,15.30832745376253,74.06265186983562,3913.8206650234292
245.79999999999032,VALID,15.30845562709931,74.0627543809185,3911.9827795168812
245.8999999999903,VALID,15.308583800389316,74.06285689212703,3904.714267060774
245.9999999999903,VALID,15.30871197363255,74.06295940346118,3904.8306828106483
246.0999999999903,VALID,15.30884014682901,74.06306191492097,3903.4027031037326
246.1999999999903,VALID,15.308968319978696,74.06316442650639,3904.6970913075315
246.2999999999903,VALID,15.309096493081608,74.06326693821745,3907.6673567128723
246.39999999999029,VALID,15.309224666137744,74.06336945005417,3902.840010721667
246.49999999999028,VALID,15.309352839147104,74.06347196201652,3907.4931071258834
246.59999999999027,VALID,15.309481012109687,74.06357447410451,3912.228974177463
246.69999999999027,VALID,15.309609185025494,74.06367698631816,3914.254681016184
246.79999999999026,VALID,15.309737357894521,74.06377949865745,3908.123541117131
246.89999999999026,VALID,15.309865530716772,74.06388201112239,3914.6479973349897
246.99999999999025,VALID,15.309993703492243,74.06398452371297,3913.0759032195992
247.09999999999025,VALID,15.310121876220935,74.06408703642921,3903.4812238518757
247.19999999999024,VALID,15.310250048902846,74.0641895492711,3901.6289219166188
247.29999999999023,VALID,15.310378221537977,74.06429206223865,3906.7645274347524
247.39999999999023,VALID,15.310506394126326,74.06439457533185,3903.9504824330734
247.49999999999022,VALID,15.310634566667893,74.06449708855071,3903.6412994662555
247.59999999999022,VALID,15.310762739162678,74.06459960189522,3896.4571135153783
247.6999999999902,VALID,15.31089091161068,74.0647021153654,3896.0211578626504
247.7999999999902,VALID,15.3110190840119,74.06480462896124,3891.9540016852534
247.8999999999902,VALID,15.311147256366333,74.06490714268274,3890.0678056026804
247.9999999999902,VALID,15.311275428673982,74.06500965652991,3889.4226258684303
248.0999999999902,VALID,15.311403600934845,74.06511217050273,3893.55309438865
248.19999999999018,VALID,15.311531773148923,74.06521468460122,3897.532602766865
248.29999999999018,VALID,15.311659945316213,74.06531719882538,3899.6019748129734
248.39999999999017,VALID,15.311788117436716,74.06541971317522,3896.5217090315414
248.49999999999017,VALID,15.311916289510432,74.06552222765072,3898.384752570828
248.59999999999016,VALID,15.312044461537358,74.06562474225188,3898.064456071889
248.69999999999015,VALID,15.312172633517495,74.06572725697873,3901.3272200988263
248.79999999999015,VALID,15.312300805450842,74.06582977183125,3904.8661471292244
248.89999999999014,VALID,15.312428977337401,74.06593228680944,3901.3118412952217
248.99999999999014,VALID,15.312557149177168,74.06603480191332,3899.4807142446443
249.09999999999013,VALID,15.312685320970143,74.06613731714287,3893.3996711304826
249.19999999999013,VALID,15.312813492716327,74.06623983249811,3891.6889723240715
249.29999999999012,VALID,15.312941664415717,74.06634234797903,3887.0279798349056
249.39999999999011,VALID,15.313069836068314,74.06644486358563,3886.29043354689
249.4999999999901,VALID,15.313198007674117,74.06654737931791,3883.756319624925
249.5999999999901,VALID,15.313326179233126,74.06664989517589,3885.3236981072764
249.6999999999901,VALID,15.313454350745339,74.06675241115954,3883.1474797284754
249.7999999999901,VALID,15.313582522210757,74.06685492726889,3897.2880926771154
249.8999999999901,VALID,15.313710693629378,74.06695744350392,3894.3543454705873
249.99999999999008,VALID,15.313838865001202,74.06705995986465,3892.5443414450383
250.09999999999008,VALID,15.313967036326229,74.06716247635107,3900.165649933478
250.19999999999007,VALID,15.314095207604456,74.06726499296319,3899.8233347215773
250.29999999999006,VALID,15.314223378835885,74.067367509701,3908.1986523701294
250.39999999999006,VALID,15.314351550020515,74.06747002656451,3905.8256786881693
250.49999999999005,VALID,15.314479721158344,74.06757254355371,3907.5316153214944
250.59999999999005,VALID,15.314607892249374,74.06767506066862,3903.787752234463
250.69999999999004,VALID,15.314736063293601,74.06777757790923,3901.9514092865065
250.79999999999004,VALID,15.314864234291028,74.06788009527554,3895.146353428668
250.89999999999003,VALID,15.31499240524165,74.06798261276755,3893.9409902022053
250.99999999999002,VALID,15.315120576145471,74.06808513038527,3889.852137359174
251.09999999999002,VALID,15.315248747002487,74.0681876481287,3884.644182972046
251.19999999999,VALID,15.3153769178127,74.06829016599784,3880.1212383597995
251.29999999999,VALID,15.315505088576106,74.06839268399268,3872.3547757027018
251.39999999999,VALID,15.315633259292708,74.06849520211324,3867.4500083401913
251.49999999999,VALID,15.315761429962503,74.0685977203595,3862.678475369014
251.59999999999,VALID,15.315889600585491,74.06870023873148,3858.3017601563583
251.69999999998998,VALID,15.316017771161672,74.06880275722918,3852.159492613824
251.79999999998998,VALID,15.316145941691044,74.06890527585259,3855.5550967579256
251.89999999998997,VALID,15.316274112173607,74.06900779460172,3848.937101021754
251.99999999998997,VALID,15.316402282609362,74.06911031347657,3849.7759656139474
252.09999999998996,VALID,15.316530452998306,74.06921283247715,3847.2482545473554
252.19999999998996,VALID,15.31665862334044,74.06931535160345,3849.353320148107
252.29999999998995,VALID,15.316786793635762,74.06941787085547,3850.5307900589355
252.39999999998994,VALID,15.316914963884273,74.06952039023322,3843.990586191313
252.49999999998994,VALID,15.31704313408597,74.0696229097367,3845.9062811216586
252.59999999998993,VALID,15.317171304240857,74.06972542936589,3845.461893164462
252.69999999998993,VALID,15.317299474348928,74.06982794912082,3842.061266222665
252.79999999998992,VALID,15.317427644410186,74.06993046900148,3843.5486017283456
252.89999999998992,VALID,15.317555814424628,74.07003298900787,3845.0259703226607
252.9999999999899,VALID,15.317683984392255,74.07013550914,3843.0787120496752
253.0999999999899,VALID,15.317812154313065,74.07023802939787,3844.461301920354
253.1999999999899,VALID,15.31794032418706,74.07034054978146,3846.9200016729733
253.2999999999899,VALID,15.318068494014236,74.07044307029079,3846.1891629004504
253.3999999999899,VALID,15.318196663794595,74.07054559092587,3854.3120214341598
253.49999999998988,VALID,15.318324833528134,74.0706481116867,3853.80261502482
253.59999999998988,VALID,15.318453003214854,74.07075063257325,3854.916855976349
253.69999999998987,VALID,15.318581172854755,74.07085315358556,3867.348462935369
253.79999999998986,VALID,15.318709342447834,74.0709556747236,3867.6084301982955
253.89999999998986,VALID,15.318837511994092,74.0710581959874,3873.850621800938
253.99999999998985,VALID,15.318965681493529,74.07116071737696,3870.2781443316817
254.09999999998985,VALID,15.319093850946143,74.07126323889224,3879.336061304384
254.19999999998984,VALID,15.319222020351933,74.07136576053328,3882.0836098441196
254.29999999998984,VALID,15.3193501897109,74.07146828230007,3882.4226404533274
254.39999999998983,VALID,15.319478359023043,74.07157080419263,3881.6457470060864
254.49999999998983,VALID,15.31960652828836,74.07167332621094,3887.7450495374464
254.59999999998982,VALID,15.319734697506851,74.071775848355,3887.8830552054574
254.6999999999898,VALID,15.319862866678516,74.07187837062483,3888.180486499959
254.7999999999898,VALID,15.319991035803355,74.07198089302041,3888.7113025417084
254.8999999999898,VALID,15.320119204881365,74.07208341554175,3892.393535186487
254.9999999999898,VALID,15.320247373912547,74.07218593818887,3896.3515974518173
255.0999999999898,VALID,15.320375542896901,74.07228846096173,3894.6258629487816
255.19999999998979,VALID,15.320503711834425,74.07239098386036,3903.1769461715357
255.29999999998978,VALID,15.320631880725118,74.07249350688477,3900.879109925287
255.39999999998977,VALID,15.32076004956898,74.07259603003494,3905.539318583657
255.49999999998977,VALID,15.320888218366012,74.07269855331089,3908.3730648899846
255.59999999998976,VALID,15.321016387116211,74.0728010767126,3905.6144114286953
255.69999999998976,VALID,15.321144555819577,74.07290360024008,3905.5186923705064
255.79999999998975,VALID,15.32127272447611,74.07300612389334,3908.5796725865575
255.89999999998975,VALID,15.321400893085809,74.07310864767237,3909.516478366708
255.99999999998974,VALID,15.321529061648672,74.07321117157719,3915.9364864302966
256.09999999998973,VALID,15.3216572301647,74.07331369560778,3911.9085855884928
256.19999999998976,VALID,15.321785398633892,74.07341621976416,3913.9746956910867
256.2999999999898,VALID,15.321913567056248,74.07351874404631,3921.4433415733
256.3999999999898,VALID,15.322041735431766,74.07362126845425,3921.577656391738
256.4999999999898,VALID,15.322169903760447,74.07372379298796,3926.292752725995
256.59999999998985,VALID,15.322298072042289,74.07382631764747,3930.472601436834
256.69999999998987,VALID,15.32242624027729,74.07392884243276,3932.691429202373
256.7999999999899,VALID,15.322554408465452,74.07403136734385,3934.553235728627
256.8999999999899,VALID,15.322682576606773,74.07413389238073,3940.55391284629
256.99999999998994,VALID,15.322810744701254,74.07423641754339,3941.1480045814396
257.09999999998996,VALID,15.322938912748892,74.07433894283184,3945.881883503986
257.19999999999,VALID,15.323067080749688,74.07444146824609,3945.430236465683
257.29999999999,VALID,15.32319524870364,74.07454399378614,3952.5234882589116
257.39999999999003,VALID,15.323323416610748,74.07464651945199,3953.694335399233
257.49999999999005,VALID,15.32345158447101,74.07474904524364,3949.994465796309
257.5999999999901,VALID,15.323579752284429,74.07485157116108,3952.9311907371443
257.6999999999901,VALID,15.323707920051001,74.07495409720433,3951.14612630063
257.7999999999901,VALID,15.323836087770728,74.07505662337338,3951.927488460624
257.89999999999014,VALID,15.323964255443606,74.07515914966824,3952.805071855885
257.99999999999017,VALID,15.324092423069636,74.0752616760889,3952.0435246402476
258.0999999999902,VALID,15.32422059064882,74.07536420263537,3948.963170498756
258.1999999999902,VALID,15.324348758181152,74.07546672930765,3951.9649409928447
258.29999999999023,VALID,15.324476925666636,74.07556925610574,3947.4327766512984
258.39999999999026,VALID,15.324605093105268,74.07567178302965,3944.4956541231577
258.4999999999903,VALID,15.324733260497048,74.07577431007937,3946.255581187039
258.5999999999903,VALID,15.324861427841977,74.0758768372549,3940.0821148120835
258.6999999999903,VALID,15.324989595140053,74.07597936455625,3944.640211085247
258.79999999999035,VALID,15.325117762391276,74.07608189198342,3940.2802300215185
258.89999999999037,VALID,15.325245929595646,74.0761844195364,3939.462854736845
258.9999999999904,VALID,15.32537409675316,74.07628694721521,3942.5752082305944
259.0999999999904,VALID,15.32550226386382,74.07638947501984,3935.5091861582223
259.19999999999044,VALID,15.325630430927623,74.07649200295029,3933.938939123636
259.29999999999046,VALID,15.325758597944569,74.07659453100658,3924.447935465113
259.3999999999905,VALID,15.325886764914658,74.07669705918869,3920.7165922087993
259.4999999999905,VALID,15.32601493183789,74.07679958749662,3918.0961373488994
259.59999999999053,VALID,15.326143098714262,74.0769021159304,3922.007623322037
259.69999999999055,VALID,15.326271265543774,74.07700464449,3909.4272149436224
259.7999999999906,VALID,15.326399432326426,74.07710717317543,3914.6668789777123
259.8999999999906,VALID,15.326527599062217,74.0772097019867,3911.303740977609
259.9999999999906,VALID,15.326655765751147,74.07731223092381,3904.17532375859
260.09999999999064,VALID,15.326783932393214,74.07741475998675,3907.9725072911206
260.19999999999067,VALID,15.32691209898842,74.07751728917553,3902.6651359150537
260.2999999999907,VALID,15.32704026553676,74.07761981849016,3901.669887292419
260.3999999999907,VALID,15.327168432038238,74.07772234793063,3895.1687147496
260.49999999999073,VALID,15.32729659849285,74.07782487749694,3897.149700562642
260.59999999999076,VALID,15.327424764900597,74.0779274071891,3892.9161715044934
260.6999999999908,VALID,15.327552931261478,74.0780299370071,3893.58265824282
260.7999999999908,VALID,15.327681097575491,74.07813246695096,3886.1172091444123
260.8999999999908,VALID,15.327809263842637,74.07823499702066,3884.7124025243706
260.99999999999085,VALID,15.327937430062914,74.0783375272162,3882.7965862161545
261.09999999999087,VALID,15.328065596236321,74.07844005753762,3886.8887788096195
261.1999999999909,VALID,15.32819376236286,74.07854258798488,3884.394254094518
261.2999999999909,VALID,15.328321928442527,74.078645118558,3891.201827885999
261.39999999999094,VALID,15.328450094475324,74.07874764925698,3890.522466498939
261.49999999999096,VALID,15.328578260461247,74.07885018008182,3906.2844685108284
261.599999999991,VALID,15.328706426400299,74.07895271103251,3904.801206547521
261.699999999991,VALID,15.328834592292477,74.07905524210908,3915.6042169472785
261.79999999999103,VALID,15.32896275813778,74.0791577733115,3913.7553026463124
261.89999999999105,VALID,15.32909092393621,74.07926030463977,3932.3698247260204
261.9999999999911,VALID,15.329219089687765,74.07936283609394,3928.857231572226
262.0999999999911,VALID,15.329347255392443,74.07946536767396,3937.6341904668384
262.1999999999911,VALID,15.329475421050244,74.07956789937985,3938.310709291753
262.29999999999114,VALID,15.329603586661168,74.07967043121161,3943.921228812812
262.39999999999117,VALID,15.329731752225214,74.07977296316925,3947.5784120915514
262.4999999999912,VALID,15.32985991774238,74.07987549525276,3947.133885551394
262.5999999999912,VALID,15.329988083212667,74.07997802746215,3954.0784245348627
262.69999999999123,VALID,15.330116248636074,74.08008055979741,3952.0753775341436
262.79999999999126,VALID,15.330244414012599,74.08018309225855,3958.7402486878013
262.8999999999913,VALID,15.330372579342242,74.08028562484557,3955.370372032199
262.9999999999913,VALID,15.330500744625002,74.08038815755847,3955.5574719636547
263.0999999999913,VALID,15.330628909860879,74.08049069039727,3956.1893868451934
263.19999999999135,VALID,15.330757075049872,74.08059322336194,3941.287987818396
263.29999999999137,VALID,15.33088524019198,74.08069575645251,3943.626230564539
263.3999999999914,VALID,15.331013405287203,74.08079828966896,3928.9149357211186
263.4999999999914,VALID,15.33114157033554,74.0809008230113,3931.1988080214096
263.59999999999144,VALID,15.331269735336988,74.08100335647954,3917.4861887924612
263.69999999999146,VALID,15.33139790029155,74.08110589007367,3917.7518897972564
263.7999999999915,VALID,15.331526065199224,74.0812084237937,3916.4556968853085
263.8999999999915,VALID,15.331654230060009,74.08131095763962,3906.4344391793984
263.99999999999153,VALID,15.331782394873903,74.08141349161143,3909.930617245515
264.09999999999155,VALID,15.331910559640907,74.08151602570915,3897.4210199125623
264.1999999999916,VALID,15.332038724361018,74.08161855993276,3900.810372477348
264.2999999999916,VALID,15.332166889034237,74.08172109428229,3896.6557260327277
264.3999999999916,VALID,15.332295053660564,74.0818236287577,3902.0980139105154
264.49999999999164,VALID,15.332423218239997,74.08192616335903,3893.0322468562863
264.59999999999167,VALID,15.332551382772536,74.08202869808626,3893.074027949492
264.6999999999917,VALID,15.33267954725818,74.0821312329394,3891.31045862092
264.7999999999917,VALID,15.33280771169693,74.08223376791845,3892.758209592203
264.89999999999173,VALID,15.332935876088781,74.08233630302342,3886.4503345779253
264.99999999999176,VALID,15.333064040433735,74.0824388382543,3887.1394818661274
265.0999999999918,VALID,15.333192204731791,74.08254137361111,3886.7640680311533
265.1999999999918,VALID,15.333320368982948,74.08264390909382,3875.4844234998154
265.2999999999918,VALID,15.333448533187205,74.08274644470245,3876.223786253655
265.39999999999185,VALID,15.333576697344563,74.082848980437,3865.696796809899
265.49999999999187,VALID,15.33370486145502,74.08295151629748,3867.6360435578304
265.5999999999919,VALID,15.333833025518574,74.08305405228388,3855.272802031559
265.6999999999919,VALID,15.333961189535225,74.0831565883962,3856.3265629241505
265.79999999999194,VALID,15.334089353504973,74.08325912463445,3850.8400625790036
265.89999999999196,VALID,15.334217517427817,74.08336166099863,3850.1697189534234
265.999999999992,VALID,15.334345681303756,74.08346419748874,3846.021050435607
266.099999999992,VALID,15.33447384513279,74.08356673410478,3848.661900729035
266.19999999999203,VALID,15.334602008914917,74.08366927084676,3846.5611950108923
266.29999999999205,VALID,15.334730172650136,74.08377180771465,3846.0173860666373
266.3999999999921,VALID,15.334858336338447,74.08387434470849,3850.1417152230015
266.4999999999921,VALID,15.33498649997985,74.08397688182826,3849.3792742277165
266.5999999999921,VALID,15.335114663574343,74.08407941907399,3850.633846458782
266.69999999999214,VALID,15.335242827121926,74.08418195644565,3847.476483663201
266.79999999999217,VALID,15.335370990622598,74.08428449394324,3847.1248023890034
266.8999999999922,VALID,15.335499154076357,74.08438703156679,3847.1171550591034
266.9999999999922,VALID,15.335627317483205,74.08448956931629,3844.2521155940863
267.09999999999224,VALID,15.335755480843138,74.08459210719172,3846.32974369903
267.19999999999226,VALID,15.335883644156159,74.08469464519311,3846.263279045304
267.2999999999923,VALID,15.336011807422263,74.08479718332045,3849.6939283767715
267.3999999999923,VALID,15.336139970641451,74.08489972157373,3856.473316163989
267.4999999999923,VALID,15.336268133813723,74.08500225995299,3860.6514043885186
267.59999999999235,VALID,15.336396296939078,74.08510479845819,3858.7633333345934
267.6999999999924,VALID,15.336524460017515,74.08520733708936,3864.5667863974386
267.7999999999924,VALID,15.336652623049032,74.08530987584648,3870.456710298075
267.8999999999924,VALID,15.336780786033628,74.08541241472956,3867.065727283281
267.99999999999244,VALID,15.336908948971304,74.08551495373861,3873.828806218443
268.09999999999246,VALID,15.33703711186206,74.08561749287362,3876.799408302867
268.1999999999925,VALID,15.337165274705892,74.0857200321346,3881.1433948022163
268.2999999999925,VALID,15.337293437502803,74.08582257152155,3884.4833182768775
268.39999999999253,VALID,15.337421600252789,74.08592511103446,3880.9375248833694
268.49999999999255,VALID,15.33754976295585,74.08602765067334,3884.548635544824
268.5999999999926,VALID,15.337677925611986,74.0861301904382,3875.3253455482695
268.6999999999926,VALID,15.337806088221196,74.08623273032903,3877.9269546041623
268.7999999999926,VALID,15.337934250783478,74.08633527034583,3869.830902638566
268.89999999999264,VALID,15.338062413298832,74.0864378104886,3868.1281552292103
268.99999999999267,VALID,15.338190575767259,74.08654035075736,3868.4329620929047
269.0999999999927,VALID,15.338318738188756,74.0866428911521,3861.5081122304514
269.1999999999927,VALID,15.338446900563321,74.08674543167282,3858.3728773427283
269.29999999999274,VALID,15.338575062890955,74.08684797231953,3841.5332517153106
269.39999999999276,VALID,15.338703225171658,74.08695051309223,3846.733762558029
269.4999999999928,VALID,15.338831387405428,74.08705305399091,3840.7509406607655
269.5999999999928,VALID,15.338959549592262,74.08715559501559,3842.3204309626685
269.6999999999928,VALID,15.339087711732164,74.08725813616626,3835.2365302760386
269.79999999999285,VALID,15.339215873825129,74.08736067744292,3833.2760731028516
269.8999999999929,VALID,15.339344035871157,74.08746321884557,3832.63760438672
269.9999999999929,VALID,15.339472197870249,74.08756576037422,3832.3522013747315
270.0999999999929,VALID,15.339600359822402,74.08766830202886,3831.2906051967498
270.19999999999294,VALID,15.339728521727617,74.08777084380951,3832.716808442428
270.29999999999296,VALID,15.339856683585893,74.08787338571615,3832.248749102494
270.399999999993,VALID,15.339984845397227,74.0879759277488,3834.937916007264
270.499999999993,VALID,15.340113007161621,74.08807846990746,3832.2245127541955
270.59999999999303,VALID,15.340241168879073,74.08818101219212,3830.0439864007403
270.69999999999305,VALID,15.340369330549581,74.0882835546028,3829.776565274651
270.7999999999931,VALID,15.340497492173146,74.08838609713948,3828.6936538177747
270.8999999999931,VALID,15.340625653749765,74.08848863980216,3829.751846505554
270.9999999999931,VALID,15.340753815279438,74.08859118259087,3828.762360892718
271.09999999999314,VALID,15.340881976762164,74.08869372550559,3831.8891883975234
271.19999999999317,VALID,15.341010138197943,74.08879626854633,3833.637154770149
271.2999999999932,VALID,15.341138299586774,74.0888988117131,3830.2404307766105
271.3999999999932,VALID,15.341266460928656,74.08900135500588,3829.615393050081
271.49999999999324,VALID,15.341394622223588,74.08910389842468,3833.4501879795785
271.59999999999326,VALID,15.341522783471568,74.08920644196951,3831.0942354768767
271.6999999999933,VALID,15.341650944672596,74.08930898564036,3827.75766246176
271.7999999999933,VALID,15.34177910582667,74.08941152943724,3829.8152786901464
271.8999999999933,VALID,15.341907266933793,74.08951407336015,3832.324137349647
271.99999999999335,VALID,15.342035427993961,74.08961661740909,3831.5073248051604
272.0999999999934,VALID,15.342163589007173,74.08971916158407,3830.4814855259096
272.1999999999934,VALID,15.342291749973429,74.08982170588509,3833.9558308733554
272.2999999999934,VALID,15.342419910892726,74.08992425031214,3833.8799478534997
272.39999999999344,VALID,15.342548071765066,74.09002679486522,3834.3025739246077
272.49999999999346,VALID,15.342676232590447,74.09012933954435,3832.088935129453
272.5999999999935,VALID,15.342804393368867,74.09023188434952,3836.3994269604086
272.6999999999935,VALID,15.342932554100328,74.09033442928073,3834.4370931164335
272.79999999999353,VALID,15.343060714784826,74.09043697433799,3839.7582768194434
272.89999999999355,VALID,15.343188875422362,74.0905395195213,3835.2615430601213
272.9999999999936,VALID,15.343317036012934,74.09064206483066,3842.7250538359062
273.0999999999936,VALID,15.34344519655654,74.09074461026607,3847.4891244838986
273.1999999999936,VALID,15.343573357053181,74.09084715582753,3850.801833131377
273.29999999999364,VALID,15.343701517502856,74.09094970151504,3855.170316272231
273.39999999999367,VALID,15.343829677905562,74.09105224732862,3866.502324604919
273.4999999999937,VALID,15.3439578382613,74.09115479326825,3862.911674445551
273.5999999999937,VALID,15.344085998570069,74.09125733933394,3876.666051449984
273.69999999999374,VALID,15.344214158831868,74.09135988552569,3880.476657895033
273.79999999999376,VALID,15.344342319046694,74.09146243184351,3887.7326816201526
273.8999999999938,VALID,15.344470479214548,74.0915649782874,3894.227382581382
273.9999999999938,VALID,15.34459863933543,74.09166752485734,3901.4741110144596
274.0999999999938,VALID,15.344726799409338,74.09177007155337,3898.203034287663
274.19999999999385,VALID,15.34485495943627,74.09187261837546,3899.431479040431
274.2999999999939,VALID,15.344983119416227,74.09197516532363,3907.049482041457
274.3999999999939,VALID,15.345111279349206,74.09207771239788,3902.5169984142863
274.4999999999939,VALID,15.345239439235208,74.09218025959821,3922.025377856594
274.59999999999394,VALID,15.34536759907423,74.09228280692462,3921.0480163796983
274.69999999999396,VALID,15.34549575886627,74.0923853543771,3935.6273407086946
274.799999999994,VALID,15.34562391861133,74.09248790195566,3934.579428945202
274.899999999994,VALID,15.34575207830941,74.09259044966032,3940.1525422439213
274.99999999999403,VALID,15.345880237960506,74.09269299749106,3934.073982678658
275.09999999999405,VALID,15.346008397564617,74.09279554544788,3936.7848304457434
275.1999999999941,VALID,15.346136557121744,74.0928980935308,3938.5426369808133
275.2999999999941,VALID,15.346264716631884,74.09300064173982,3944.3572457432656
275.3999999999941,VALID,15.346392876095038,74.09310319007493,3945.6173438379988
275.49999999999415,VALID,15.346521035511204,74.09320573853613,3950.06079668114
275.59999999999417,VALID,15.34664919488038,74.09330828712343,3960.0098941559836
275.6999999999942,VALID,15.346777354202565,74.09341083583683,3956.6278169581387
275.7999999999942,VALID,15.34690551347776,74.09351338467634,3964.053019802936
275.89999999999424,VALID,15.347033672705962,74.09361593364196,3959.7593602912293
275.99999999999426,VALID,15.34716183188717,74.09371848273368,3965.375676228196
276.0999999999943,VALID,15.347289991021386,74.0938210319515,3966.9845957337347
276.1999999999943,VALID,15.347418150108604,74.09392358129544,3965.375054094734
276.2999999999943,VALID,15.347546309148827,74.0940261307655,3958.756520958647
276.39999999999435,VALID,15.347674468142053,74.09412868036166,3960.0590084504424
276.4999999999944,VALID,15.34780262708828,74.09423123008395,3957.5436102679673
276.5999999999944,VALID,15.347930785987506,74.09433377993236,3954.6778366374615
276.6999999999944,VALID,15.348058944839732,74.09443632990688,3954.258674609637
276.79999999999444,VALID,15.348187103644955,74.09453888000753,3951.2321165424682
276.89999999999446,VALID,15.348315262403176,74.0946414302343,3950.7791818374108
276.9999999999945,VALID,15.348443421114393,74.0947439805872,3951.0290323654563
277.0999999999945,VALID,15.348571579778605,74.09484653106622,3945.5218836009135
277.19999999999453,VALID,15.348699738395812,74.09494908167139,3941.903349517976
277.29999999999455,VALID,15.34882789696601,74.09505163240267,3936.3281383050116
277.3999999999946,VALID,15.3489560554892,74.09515418326009,3936.259313779419
277.4999999999946,VALID,15.34908421396538,74.09525673424365,3928.2624727338866
277.5999999999946,VALID,15.34921237239455,74.09535928535335,3926.637483906479
277.69999999999465,VALID,15.349340530776708,74.0954618365892,3918.4334502337183
277.79999999999467,VALID,15.349468689111854,74.09556438795119,3917.88769569481
277.8999999999947,VALID,15.349596847399985,74.09566693943931,3914.0662520268197
277.9999999999947,VALID,15.349725005641101,74.09576949105359,3923.253088940179
278.09999999999474,VALID,15.349853163835201,74.09587204279401,3922.9852757744134
278.19999999999476,VALID,15.349981321982282,74.09597459466059,3925.875398795946
278.2999999999948,VALID,15.350109480082345,74.09607714665333,3926.2454443977845
278.3999999999948,VALID,15.350237638135388,74.09617969877222,3925.8432566809356
278.4999999999948,VALID,15.35036579614141,74.09628225101727,3929.9448203877228
278.59999999999485,VALID,15.350493954100411,74.09638480338849,3933.634350205187
278.6999999999949,VALID,15.350622112012388,74.09648735588587,3934.6425705331467
278.7999999999949,VALID,15.350750269877341,74.09658990850942,3939.4445287497388
278.8999999999949,VALID,15.350878427695267,74.09669246125912,3941.6409522457657
278.99999999999494,VALID,15.351006585466168,74.096795014135,3945.3832887739486
279.09999999999496,VALID,15.35113474319004,74.09689756713705,3949.675950211455
279.199999999995,VALID,15.351262900866882,74.09700012026528,3954.0022070595464
279.299999999995,VALID,15.351391058496693,74.09710267351967,3956.389591949575
279.39999999999503,VALID,15.351519216079472,74.09720522690024,3956.884328351893
279.49999999999505,VALID,15.351647373615219,74.09730778040701,3953.3166313173583
279.5999999999951,VALID,15.35177553110393,74.09741033403995,3956.062404219433
279.6999999999951,VALID,15.351903688545606,74.09751288779907,3946.9238811429277
279.7999999999951,VALID,15.352031845940246,74.09761544168438,3942.300848640068
279.89999999999515,VALID,15.352160003287848,74.09771799569589,3949.576890635395
279.99999999999517,VALID,15.35228816058841,74.09782054983359,3946.528075076663
280.0999999999952,VALID,15.352416317841932,74.09792310409748,3947.242811328451
280.1999999999952,VALID,15.352544475048411,74.09802565848756,3947.6546837662463
280.29999999999524,VALID,15.352672632207847,74.09812821300385,3953.471885727575
280.39999999999526,VALID,15.352800789320238,74.09823076764633,3960.723320970499
280.4999999999953,VALID,15.352928946385584,74.09833332241502,3962.0411641776423
280.5999999999953,VALID,15.353057103403883,74.09843587730991,3959.913374568292
280.6999999999953,VALID,15.353185260375133,74.09853843233101,3961.632758869501
280.79999999999535,VALID,15.353313417299333,74.09864098747833,3965.5958299453996
280.8999999999954,VALID,15.353441574176482,74.09874354275186,3965.62855405569
280.9999999999954,VALID,15.353569731006578,74.09884609815161,3966.415171071961
281.0999999999954,VALID,15.35369788778962,74.09894865367757,3965.9089244407764
281.19999999999544,VALID,15.353826044525608,74.09905120932974,3967.2229007532674
281.29999999999546,VALID,15.353954201214538,74.09915376510816,3967.659462538168
281.3999999999955,VALID,15.354082357856411,74.09925632101279,3965.3107619944717
281.4999999999955,VALID,15.354210514451225,74.09935887704364,3966.324886575612
281.59999999999553,VALID,15.354338670998978,74.09946143320073,3970.92854347707
281.69999999999555,VALID,15.354466827499667,74.09956398948405,3968.3453540139694
281.7999999999956,VALID,15.354594983953293,74.09966654589361,3964.8139517651757
281.8999999999956,VALID,15.354723140359853,74.0997691024294,3968.662681286341
281.9999999999956,VALID,15.354851296719348,74.09987165909143,3964.473290724289
282.09999999999565,VALID,15.354979453031774,74.09997421587971,3966.330962056946
282.19999999999567,VALID,15.35510760929713,74.10007677279424,3970.471487415958
282.2999999999957,VALID,15.355235765515417,74.10017932983502,3967.9546282735087
282.3999999999957,VALID,15.35536392168663,74.10028188700204,3967.9034661950714
282.49999999999574,VALID,15.35549207781077,74.10038444429532,3966.1285413773135
282.59999999999576,VALID,15.355620233887834,74.10048700171484,3966.4043843802506
282.6999999999958,VALID,15.35574838991782,74.10058955926063,3962.2574425458256
282.7999999999958,VALID,15.35587654590073,74.10069211693268,3962.971087836936
282.8999999999958,VALID,15.356004701836557,74.10079467473099,3961.7516112571852
282.99999999999585,VALID,15.356132857725305,74.10089723265557,3963.238942267117
283.0999999999959,VALID,15.356261013566968,74.10099979070641,3964.9014313963703
283.1999999999959,VALID,15.356389169361547,74.10110234888353,3964.2776426693113
283.2999999999959,VALID,15.356517325109039,74.10120490718693,3964.0916201553164
283.39999999999594,VALID,15.356645480809442,74.1013074656166,3966.3748599060523
283.49999999999596,VALID,15.356773636462757,74.10141002417255,3963.9758013644155
283.599999999996,VALID,15.35690179206898,74.10151258285478,3968.226774061783
283.699999999996,VALID,15.35702994762811,74.1016151416633,3965.91454186926
283.79999999999603,VALID,15.357158103140147,74.10171770059812,3966.2043992952913
283.89999999999606,VALID,15.357286258605088,74.10182025965922,3966.204962446682
283.9999999999961,VALID,15.35741441402293,74.10192281884662,3968.449330920891
284.0999999999961,VALID,15.357542569393672,74.1020253781603,3964.152667646028
284.1999999999961,VALID,15.357670724717314,74.1021279376003,3965.211812709593
284.29999999999615,VALID,15.357798879993853,74.10223049716659,3966.1444155900435
284.39999999999617,VALID,15.357927035223288,74.10233305685918,3966.1178908183965
284.4999999999962,VALID,15.358055190405615,74.10243561667808,3964.610488089769
284.5999999999962,VALID,15.358183345540835,74.1025381766233,3964.442915551939
284.69999999999624,VALID,15.358311500628945,74.10264073669482,3969.164328955931
284.79999999999626,VALID,15.358439655669942,74.10274329689267,3962.961087294668
284.8999999999963,VALID,15.358567810663827,74.10284585721683,3967.124947574288
284.9999999999963,VALID,15.358695965610595,74.10294841766732,3970.0156125294343
285.0999999999963,VALID,15.358824120510247,74.10305097824414,3972.0836762811705
285.19999999999635,VALID,15.35895227536278,74.10315353894728,3968.3295409267234
285.2999999999964,VALID,15.359080430168191,74.10325609977676,3970.0046630630395
285.3999999999964,VALID,15.35920858492648,74.10335866073257,3969.52716958153
285.4999999999964,VALID,15.359336739637643,74.10346122181473,3967.243305912946
285.59999999999644,VALID,15.359464894301679,74.10356378302322,3970.298462502808
285.69999999999646,VALID,15.359593048918587,74.10366634435806,3965.716408678071
285.7999999999965,VALID,15.359721203488364,74.10376890581925,3965.2841164692795
285.8999999999965,VALID,15.35984935801101,74.10387146740679,3966.19783779271
285.99999999999653,VALID,15.359977512486521,74.10397402912069,3961.6363762623773
286.09999999999656,VALID,15.360105666914896,74.10407659096094,3970.486704318925
286.1999999999966,VALID,15.36023382129613,74.10417915292756,3966.4306132586967
286.2999999999966,VALID,15.360361975630225,74.10428171502053,3969.063883956019
286.3999999999966,VALID,15.360490129917176,74.10438427723989,3966.180854679106
286.49999999999665,VALID,15.360618284156983,74.1044868395856,3964.9879052573283
286.59999999999667,VALID,15.360746438349643,74.1045894020577,3966.2178674215
286.6999999999967,VALID,15.360874592495154,74.10469196465617,3966.532944416558
286.7999999999967,VALID,15.361002746593513,74.10479452738103,3965.4485313337077
286.89999999999674,VALID,15.361130900644719,74.10489709023227,3969.5650962015457
286.99999999999676,VALID,15.36125905464877,74.1049996532099,3967.399592947189
287.0999999999968,VALID,15.361387208605661,74.10510221631392,3970.94415446238
287.1999999999968,VALID,15.361515362515393,74.10520477954435,3969.844548939144
287.2999999999968,VALID,15.361643516377962,74.10530734290117,3972.677541941993
287.39999999999685,VALID,15.361771670193367,74.1054099063844,3968.2180223607147
287.4999999999969,VALID,15.361899823961604,74.10551246999403,3976.018313582421
287.5999999999969,VALID,15.362027977682672,74.10561503373007,3975.2829765575343
287.6999999999969,VALID,15.362156131356567,74.10571759759253,3981.18511811134
287.79999999999694,VALID,15.362284284983287,74.1058201615814,3977.1952318503136
287.89999999999696,VALID,15.362412438562831,74.1059227256967,3976.460918138573
287.999999999997,VALID,15.362540592095195,74.10602528993843,3973.225443246987
288.099999999997,VALID,15.362668745580377,74.10612785430659,3971.6192084342297
288.19999999999703,VALID,15.362796899018376,74.10623041880119,3973.5196886469475
288.29999999999706,VALID,15.362925052409187,74.10633298342222,3971.1073858283667
288.3999999999971,VALID,15.36305320575281,74.1064355481697,3972.5075260533013
288.4999999999971,VALID,15.36318135904924,74.10653811304363,3969.1233559027687
288.5999999999971,VALID,15.363309512298473,74.106640678044,3973.5216100716757
288.69999999999715,VALID,15.363437665500511,74.10674324317083,3973.023945780503
288.79999999999717,VALID,15.363565818655347,74.10684580842411,3970.2123665805857
288.8999999999972,VALID,15.36369397176298,74.10694837380386,3974.5997764620283
288.9999999999972,VALID,15.36382212482341,74.10705093931008,3975.2503814338497
289.09999999999724,VALID,15.363950277836627,74.10715350494277,3974.5586197817343
289.19999999999726,VALID,15.364078430802635,74.10725607070194,3976.9587805380265
289.2999999999973,VALID,15.364206583721428,74.10735863658759,3971.2623471251104
289.3999999999973,VALID,15.364334736593003,74.10746120259972,3972.671844126465
289.4999999999973,VALID,15.364462889417357,74.10756376873834,3974.5528911850765
289.59999999999735,VALID,15.364591042194489,74.10766633500347,3962.3572149977235
289.6999999999974,VALID,15.364719194924392,74.10776890139509,3965.164683978604
289.7999999999974,VALID,15.364847347607066,74.10787146791321,3964.424173638962
289.8999999999974,VALID,15.364975500242508,74.10797403455786,3959.825158513606
289.99999999999744,VALID,15.365103652830713,74.108076601329,3958.712143047219
290.09999999999746,VALID,15.365231805371678,74.10817916822667,3954.93683156786
290.1999999999975,VALID,15.365359957865401,74.10828173525087,3953.306018233033
290.2999999999975,VALID,15.365488110311878,74.1083843024016,3959.577100427267
290.39999999999753,VALID,15.365616262711105,74.10848686967887,3957.196655607596
290.49999999999756,VALID,15.36574441506308,74.10858943708267,3955.9701411509354
290.5999999999976,VALID,15.365872567367797,74.10869200461302,3958.4544963587477
290.6999999999976,VALID,15.366000719625253,74.10879457226991,3957.1893997212105
290.7999999999976,VALID,15.366128871835446,74.10889714005337,3958.7447406272945
290.89999999999765,VALID,15.366257023998372,74.10899970796339,3962.0346386911688
290.99999999999767,VALID,15.366385176114026,74.10910227599997,3961.1291225634304
291.0999999999977,VALID,15.366513328182405,74.10920484416313,3958.6938412126683
291.1999999999977,VALID,15.366641480203505,74.10930741245286,3969.0275567967797
291.29999999999774,VALID,15.366769632177322,74.10940998086919,3968.1993159973035
291.39999999999776,VALID,15.366897784103852,74.1095125494121,3968.0600588484276
291.4999999999978,VALID,15.367025935983092,74.10961511808162,3966.1250893643396
291.5999999999978,VALID,15.367154087815036,74.10971768687774,3967.7224790452838
291.69999999999783,VALID,15.367282239599682,74.10982025580047,3967.0148687014316
291.79999999999785,VALID,15.367410391337023,74.10992282484982,3974.2582861550877
291.8999999999979,VALID,15.367538543027056,74.11002539402578,3968.931193380518
291.9999999999979,VALID,15.367666694669776,74.11012796332838,3970.8028498102944
292.0999999999979,VALID,15.367794846265179,74.11023053275761,3970.9163660491236
292.19999999999794,VALID,15.36792299781326,74.11033310231349,3972.386442690156
292.29999999999797,VALID,15.368051149314015,74.11043567199602,3968.0412760823683
292.399999999998,VALID,15.368179300767439,74.11053824180519,3969.478039914119
292.499999999998,VALID,15.368307452173527,74.11064081174104,3966.5047115989933
292.59999999999803,VALID,15.368435603532273,74.11074338180354,3962.4422511965795
292.69999999999806,VALID,15.368563754843672,74.11084595199274,3964.0036315056504
292.7999999999981,VALID,15.36869190610772,74.11094852230862,3968.1225496395487
292.8999999999981,VALID,15.368820057324411,74.1110510927512,3965.791447665891
292.9999999999981,VALID,15.36894820849374,74.11115366332047,3962.44974345384
293.09999999999815,VALID,15.3690763596157,74.11125623401645,3961.828559971519
293.19999999999817,VALID,15.369204510690288,74.11135880483916,3962.1354316346437
293.2999999999982,VALID,15.369332661717497,74.11146137578858,3964.2257293979533
293.3999999999982,VALID,15.36946081269732,74.11156394686475,3962.240178396136
293.49999999999824,VALID,15.36958896362975,74.11166651806765,3957.9637956573097
293.59999999999826,VALID,15.369717114514785,74.11176908939731,3957.9839183159975
293.6999999999983,VALID,15.369845265352415,74.11187166085374,3957.8850289398056
293.7999999999983,VALID,15.369973416142635,74.11197423243692,3958.1486901307417
293.89999999999833,VALID,15.370101566885438,74.1120768041469,3955.478437054659
293.99999999999835,VALID,15.370229717580818,74.11217937598366,3953.864510451031
294.0999999999984,VALID,15.370357868228767,74.11228194794722,3957.9885270443197
294.1999999999984,VALID,15.370486018829277,74.1123845200376,3956.1433768501474
294.2999999999984,VALID,15.370614169382343,74.11248709225478,3952.5701959724556
294.39999999999844,VALID,15.370742319887956,74.1125896645988,3956.911269277034
294.49999999999847,VALID,15.370870470346109,74.11269223706967,3954.006869478883
294.5999999999985,VALID,15.370998620756794,74.11279480966739,3954.3818299348977
294.6999999999985,VALID,15.371126771120002,74.11289738239198,3954.309715443389
294.79999999999853,VALID,15.371254921435726,74.11299995524344,3953.9017922504404
294.89999999999856,VALID,15.371383071703956,74.11310252822179,3953.509505860931
294.9999999999986,VALID,15.371511221924685,74.11320510132704,3953.175748089412
295.0999999999986,VALID,15.371639372097903,74.11330767455921,3950.3629489470973
295.1999999999986,VALID,15.3717675222236,74.1134102479183,3953.4241770440008
295.29999999999865,VALID,15.371895672301767,74.11351282140433,3943.9418384682413
295.39999999999867,VALID,15.372023822332395,74.1136153950173,3946.180766449347
295.4999999999987,VALID,15.372151972315473,74.11371796875726,3947.5317465197077
295.5999999999987,VALID,15.37228012225099,74.1138205426242,3942.139411702395
295.69999999999874,VALID,15.372408272138935,74.11392311661812,3940.856778212697
295.79999999999876,VALID,15.3725364219793,74.11402569073907,3942.7926450007717
295.8999999999988,VALID,15.37266457177207,74.11412826498704,3938.7198881884915
295.9999999999988,VALID,15.372792721517234,74.11423083936207,3938.000835875762
296.09999999999883,VALID,15.37292087121478,74.11433341386416,3939.222559051418
296.19999999999885,VALID,15.373049020864693,74.11443598849333,3929.15950174164
296.2999999999989,VALID,15.373177170466963,74.1145385632496,3935.691968846729
296.3999999999989,VALID,15.373305320021576,74.11464113813298,3933.362477107074
296.4999999999989,VALID,15.373433469528516,74.11474371314351,3929.7071783954593
296.59999999999894,VALID,15.37356161898777,74.1148462882812,3932.805845155762
296.69999999999897,VALID,15.373689768399322,74.11494886354606,3931.158684371801
296.799999999999,VALID,15.373817917763155,74.11505143893812,3927.698304768011
296.899999999999,VALID,15.373946067079254,74.11515401445742,3929.343789920563
296.99999999999903,VALID,15.374074216347601,74.11525659010395,3923.538594071057
297.09999999999906,VALID,15.374202365568179,74.11535916587776,3922.4270145811447
297.1999999999991,VALID,15.374330514740967,74.11546174177887,3920.9834388110207
297.2999999999991,VALID,15.374458663865948,74.11556431780731,3920.8759178698947
297.3999999999991,VALID,15.3745868129431,74.11566689396311,3920.227628640481
297.49999999999915,VALID,15.374714961972403,74.11576947024628,3919.12632411668
297.59999999999917,VALID,15.374843110953833,74.11587204665686,3918.064544955425
297.6999999999992,VALID,15.374971259887367,74.1159746231949,3912.8048828056194
297.7999999999992,VALID,15.37509940877298,74.11607719986041,3914.192118336432
297.89999999999924,VALID,15.375227557610648,74.11617977665344,3911.9291668815963
297.99999999999926,VALID,15.375355706400342,74.11628235357402,3913.608156343305
298.0999999999993,VALID,15.375483855142033,74.11638493062219,3914.422633133756
298.1999999999993,VALID,15.375612003835691,74.116487507798,3912.3104981655274
298.29999999999933,VALID,15.375740152481285,74.11659008510148,3910.4757896299666
298.39999999999935,VALID,15.375868301078778,74.11669266253269,3909.794859000245
298.4999999999994,VALID,15.375996449628138,74.11679524009166,3912.562410550795
298.5999999999994,VALID,15.376124598129325,74.11689781777847,3904.705735651697
298.6999999999994,VALID,15.376252746582296,74.11700039559315,3906.17383739012
298.79999999999944,VALID,15.376380894987008,74.11710297353578,3901.267758289672
298.89999999999947,VALID,15.376509043343416,74.1172055516064,3907.552454316734
298.9999999999995,VALID,15.37663719165147,74.1173081298051,3905.4128555499747
299.0999999999995,VALID,15.376765339911115,74.11741070813193,3903.7471243525133
299.19999999999953,VALID,15.376893488122294,74.11751328658698,3899.065080949556
299.29999999999956,VALID,15.377021636284942,74.11761586517035,3900.0981919003766
299.3999999999996,VALID,15.377149784398991,74.11771844388211,3896.3106188265006
299.4999999999996,VALID,15.377277932464368,74.11782102272238,3898.1534253137424
299.5999999999996,VALID,15.377406080480991,74.11792360169126,3897.788011817785
299.69999999999965,VALID,15.377534228448772,74.11802618078887,3900.568874615935
299.79999999999967,VALID,15.377662376367612,74.11812876001535,3897.9852282185284
299.8999999999997,VALID,15.3777905242374,74.11823133937084,3894.5075979286094
299.9999999999997,VALID,15.377918672058016,74.1183339188555,3894.262094501792
300.09999999999974,VALID,15.378046819829322,74.11843649846952,3892.6434089501886
300.19999999999976,VALID,15.378174967551164,74.1185390782131,3889.4084440103074
300.2999999999998,VALID,15.378303115223364,74.1186416580865,3888.1838463792465
300.3999999999998,VALID,15.378431262845721,74.11874423808997,3889.364622449646
300.49999999999983,VALID,15.378559410417997,74.11884681822384,3881.424140958849
300.59999999999985,VALID,15.378687557939916,74.11894939848848,3886.009295063983
300.6999999999999,VALID,15.378815705411144,74.11905197888434,3890.000204832607
300.7999999999999,VALID,15.378943852831277,74.11915455941197,3885.735866555074
300.8999999999999,VALID,15.379072000199814,74.11925714007202,3892.775791350017
300.99999999999994,VALID,15.379200147516114,74.11935972086538,3883.4541572725866
301.09999999999997,VALID,15.379328294779333,74.11946230179316,3890.732009052643
301.2,VALID,15.3794564419883,74.11956488285696,3889.5088972706017
301.3,VALID,15.379584589141297,74.11966746405908,3891.3869283139347
301.40000000000003,VALID,15.379712736235547,74.11977004540324,3890.8208094577813
301.50000000000006,VALID,15.379840883265793,74.11987262689652,3889.39328036169
301.6000000000001,VALID,15.37996903021831,74.11997520855735,3889.694162629
301.7000000000001,VALID,15.380050814924296,74.11984059596954,3897.0349951102025
301.8000000000001,VALID,15.380101629735139,74.11968119186128,3895.5420084532034
301.90000000000015,VALID,15.380152444432527,74.11952178767523,3901.9994395899685
302.00000000000017,VALID,15.380203259016461,74.11936238341139,3902.875644570373
302.1000000000002,VALID,15.380254073486942,74.11920297906974,3905.0125589201716
302.2000000000002,VALID,15.380304887843966,74.1190435746503,3902.999271163253
302.30000000000024,VALID,15.380355702087535,74.11888417015308,3911.0391670564845
302.40000000000026,VALID,15.380406516217647,74.11872476557807,3920.7597977325768
302.5000000000003,VALID,15.380457330234304,74.11856536092526,3924.3948905989478
302.6000000000003,VALID,15.380508144137503,74.11840595619466,3930.9974025420306
302.70000000000033,VALID,15.380558957927244,74.11824655138628,3931.0071852781534
302.80000000000035,VALID,15.380609771603527,74.1180871465001,3930.366582048177
302.9000000000004,VALID,15.380660585166352,74.11792774153612,3932.9232877307204
303.0000000000004,VALID,15.380711398615718,74.11776833649435,3938.526172520538
303.1000000000004,VALID,15.380762211951625,74.11760893137479,3937.8717566842442
303.20000000000044,VALID,15.38081302517407,74.11744952617744,3934.031656059021
303.30000000000047,VALID,15.380863838283057,74.1172901209023,3930.5575338702392
303.4000000000005,VALID,15.380914651278582,74.11713071554935,3933.6857007690332
303.5000000000005,VALID,15.380965464160646,74.11697131011861,3928.0862696078757
303.60000000000053,VALID,15.381016276929246,74.11681190461009,3935.2671931933123
303.70000000000056,VALID,15.381067089584386,74.11665249902377,3936.333872497179
303.8000000000006,VALID,15.381117902126062,74.11649309335967,3939.127420567935
303.9000000000006,VALID,15.381168714554274,74.11633368761775,3940.251478709702
304.0000000000006,VALID,15.381219526869023,74.11617428179805,3939.399943595985
304.10000000000065,VALID,15.381270339070307,74.11601487590056,3944.6431884908443
304.20000000000067,VALID,15.381321151158126,74.11585546992526,3941.8561762388335
304.3000000000007,VALID,15.38137196313248,74.11569606387218,3942.897796940849
304.4000000000007,VALID,15.381422774993368,74.1155366577413,3939.2535137185905
304.50000000000074,VALID,15.381473586740789,74.11537725153262,3937.9368033647647
304.60000000000076,VALID,15.381524398374744,74.11521784524615,3940.3978272530835
304.7000000000008,VALID,15.381575209895232,74.11505843888189,3936.0321908292713
304.8000000000008,VALID,15.381626021302251,74.11489903243982,3936.8192767331298
304.90000000000083,VALID,15.381676832595803,74.11473962591997,3937.0622272003875
305.00000000000085,VALID,15.381727643775886,74.11458021932232,3934.97624133937
305.1000000000009,VALID,15.3817784548425,74.11442081264687,3939.5323102118855
305.2000000000009,VALID,15.381829265795645,74.11426140589363,3937.463869609253
305.3000000000009,VALID,15.38188007663532,74.11410199906258,3939.627182920523
305.40000000000094,VALID,15.381930887361523,74.11394259215375,3938.8449979841557
305.50000000000097,VALID,15.381981697974256,74.11378318516712,3940.160177690872
305.600000000001,VALID,15.382032508473516,74.11362377810269,3933.616953743132
305.700000000001,VALID,15.382083318859305,74.11346437096047,3937.2449483353703
305.80000000000103,VALID,15.382134129131622,74.11330496374045,3939.312391680567
305.90000000000106,VALID,15.382184939290465,74.11314555644263,3929.959774413468
306.0000000000011,VALID,15.382235749335834,74.11298614906701,3936.0193530495626
306.1000000000011,VALID,15.38228655926773,74.1128267416136,3942.1255114133946
306.2000000000011,VALID,15.382337369086152,74.11266733408239,3933.653942509733
306.30000000000115,VALID,15.382388178791098,74.11250792647338,3939.865588606514
306.40000000000117,VALID,15.38243898838257,74.11234851878658,3951.0374965352325
306.5000000000012,VALID,15.382489797860563,74.11218911102198,3947.8165500885516
306.6000000000012,VALID,15.382540607225081,74.11202970317957,3953.5342122747056
306.70000000000124,VALID,15.382591416476123,74.11187029525938,3953.378393147957
306.80000000000126,VALID,15.382642225613687,74.11171088726138,3963.6170975672803
306.9000000000013,VALID,15.382693034637773,74.1115514791856,3964.9554284360315
307.0000000000013,VALID,15.382743843548381,74.111392071032,3970.699441214581
307.10000000000133,VALID,15.38279465234551,74.1112326628006,3975.815103790069
307.20000000000135,VALID,15.38284546102916,74.11107325449142,3974.207925729943
307.3000000000014,VALID,15.382896269599328,74.11091384610442,3971.0266303926023
307.4000000000014,VALID,15.382947078056018,74.11075443763964,3976.9231273404625
307.5000000000014,VALID,15.382997886399227,74.11059502909706,3970.592930203224
307.60000000000144,VALID,15.383048694628954,74.11043562047666,3970.484685852609
307.70000000000147,VALID,15.3830995027452,74.11027621177848,3967.7561578676286
307.8000000000015,VALID,15.383150310747963,74.1101168030025,3969.2168297088606
307.9000000000015,VALID,15.383201118637244,74.10995739414871,3968.57463029953
308.00000000000153,VALID,15.38325192641304,74.10979798521713,3971.985178053033
308.10000000000156,VALID,15.383302734075354,74.10963857620774,3968.95152053955
308.2000000000016,VALID,15.383353541624183,74.10947916712055,3971.654290998195
308.3000000000016,VALID,15.383404349059528,74.10931975795557,3972.0067337876667
308.4000000000016,VALID,15.383455156381387,74.10916034871279,3978.1834548720253
308.50000000000165,VALID,15.383505963589762,74.1090009393922,3979.516300978131
308.60000000000167,VALID,15.383556770684649,74.10884152999381,3975.9005577948615
308.7000000000017,VALID,15.38360757766605,74.10868212051763,3978.5757630781254
308.8000000000017,VALID,15.383658384533964,74.10852271096364,3983.8789353034917
308.90000000000174,VALID,15.383709191288391,74.10836330133185,3977.097307184899
309.00000000000176,VALID,15.38375999792933,74.10820389162225,3980.5475574091156
309.1000000000018,VALID,15.383810804456779,74.10804448183485,3978.068259524585
309.2000000000018,VALID,15.38386161087074,74.10788507196966,3970.3392171021724
309.30000000000183,VALID,15.383912417171212,74.10772566202667,3970.3743503822006
309.40000000000185,VALID,15.383963223358194,74.10756625200587,3974.5291996775936
309.5000000000019,VALID,15.384014029431684,74.10740684190726,3973.9355749086762
309.6000000000019,VALID,15.384064835391683,74.10724743173085,3976.3444521926563
309.7000000000019,VALID,15.384115641238191,74.10708802147664,3977.0621128942535
309.80000000000194,VALID,15.384166446971207,74.10692861114464,3977.8714765787727
309.90000000000197,VALID,15.38421725259073,74.10676920073483,3980.211573250666
310.000000000002,VALID,15.384268058096762,74.10660979024722,3978.241192688547
310.100000000002,VALID,15.3843188634893,74.1064503796818,3981.1899397918555
310.20000000000203,VALID,15.384369668768343,74.10629096903858,3987.58035252364
310.30000000000206,VALID,15.384420473933892,74.10613155831756,3977.7269423452476
310.4000000000021,VALID,15.384471278985947,74.10597214751873,3974.6181502908516
310.5000000000021,VALID,15.384522083924505,74.1058127366421,3976.4165017740984
310.6000000000021,VALID,15.384572888749569,74.10565332568765,3979.3869592051096
310.70000000000215,VALID,15.384623693461135,74.10549391465541,3978.5322687785138
310.80000000000217,VALID,15.384674498059205,74.10533450354536,3973.297949725984
310.9000000000022,VALID,15.384725302543778,74.10517509235751,3975.9665409084123
311.0000000000022,VALID,15.384776106914853,74.10501568109186,3973.825852186021
311.10000000000224,VALID,15.384826911172429,74.1048562697484,3974.050955329628
311.20000000000226,VALID,15.384877715316506,74.10469685832713,3969.7961631542817
311.3000000000023,VALID,15.384928519347085,74.10453744682806,3965.7846836067692
311.4000000000023,VALID,15.384979323264163,74.10437803525119,3965.199155144918
311.50000000000233,VALID,15.385030127067742,74.10421862359651,3956.27859291158
311.60000000000235,VALID,15.38508093075782,74.10405921186403,3956.7732190558327
311.7000000000024,VALID,15.385131734334395,74.10389980005374,3952.8627117734623
311.8000000000024,VALID,15.385182537797471,74.10374038816565,3950.740900870934
311.9000000000024,VALID,15.385233341147044,74.10358097619975,3947.8938357711363
312.00000000000244,VALID,15.385284144383114,74.10342156415605,3948.7625375712378
312.10000000000247,VALID,15.385334947505681,74.10326215203455,3949.2689670981754
312.2000000000025,VALID,15.385385750514745,74.10310273983524,3948.5124988052094
312.3000000000025,VALID,15.385436553410305,74.10294332755811,3944.7434310550975
312.40000000000254,VALID,15.385487356192359,74.10278391520318,3948.799302062534
312.50000000000256,VALID,15.385538158860909,74.10262450277044,3948.4514052171976
312.6000000000026,VALID,15.385588961415953,74.1024650902599,3944.7759301443157
312.7000000000026,VALID,15.38563976385749,74.10230567767155,3943.6636180021615
312.8000000000026,VALID,15.385690566185522,74.1021462650054,3945.9015785463134
312.90000000000265,VALID,15.385741368400046,74.10198685226143,3937.8566287782965
313.0000000000027,VALID,15.385792170501063,74.10182743943966,3936.464177675395
313.1000000000027,VALID,15.385842972488572,74.10166802654008,3935.9042164686875
313.2000000000027,VALID,15.385893774362572,74.1015086135627,3935.8468360578604
313.30000000000274,VALID,15.385944576123062,74.10134920050751,3937.169084522132
313.40000000000276,VALID,15.385995377770044,74.10118978737451,3941.776713017921
313.5000000000028,VALID,15.386046179303516,74.1010303741637,3936.27895710065
313.6000000000028,VALID,15.386096980723478,74.10087096087508,3939.456899618353
313.70000000000283,VALID,15.386147782029928,74.10071154750867,3935.585168210006
313.80000000000285,VALID,15.386198583222868,74.10055213406443,3935.5764884369028
313.9000000000029,VALID,15.386249384302294,74.10039272054239,3933.4311952964517
314.0000000000029,VALID,15.386300185268208,74.10023330694254,3931.8416619592194
314.1000000000029,VALID,15.38635098612061,74.10007389326488,3932.6296328978065
314.20000000000294,VALID,15.386401786859498,74.09991447950941,3928.763152041841
314.30000000000297,VALID,15.386452587484872,74.09975506567613,3928.352503861325
314.400000000003,VALID,15.386503387996731,74.09959565176504,3928.653374372296
314.500000000003,VALID,15.386554188395076,74.09943623777615,3927.500928118486
314.60000000000304,VALID,15.386604988679906,74.09927682370945,3927.324253714336
314.70000000000306,VALID,15.38665578885122,74.09911740956493,3926.932571071923
314.8000000000031,VALID,15.386706588909018,74.0989579953426,3932.896909120208
314.9000000000031,VALID,15.3867573888533,74.09879858104246,3929.1963473016117
315.0000000000031,VALID,15.386808188684062,74.09863916666451,3928.3446000494882
315.10000000000315,VALID,15.386858988401308,74.09847975220876,3929.7290402820263
315.2000000000032,VALID,15.386909788005035,74.09832033767519,3925.748389631753
315.3000000000032,VALID,15.386960587495244,74.09816092306382,3923.080507475863
315.4000000000032,VALID,15.387011386871933,74.09800150837462,3920.9947169225397
315.50000000000324,VALID,15.387062186135102,74.09784209360762,3922.3665242264806
315.60000000000326,VALID,15.387112985284752,74.09768267876281,3924.7283754036134
315.7000000000033,VALID,15.387163784320881,74.09752326384019,3919.474819791107
315.8000000000033,VALID,15.38721458324349,74.09736384883975,3919.7079345310685
315.90000000000333,VALID,15.387265382052576,74.0972044337615,3918.4374036001545
316.00000000000335,VALID,15.387316180748138,74.09704501860544,3919.785078317093
316.1000000000034,VALID,15.38736697933018,74.09688560337158,3918.586085652178
316.2000000000034,VALID,15.387417777798698,74.09672618805989,3920.9808407394885
316.3000000000034,VALID,15.387468576153692,74.0965667726704,3918.976843624278
316.40000000000344,VALID,15.387519374395161,74.09640735720309,3919.019599641997
316.50000000000347,VALID,15.387570172523107,74.09624794165798,3920.184728435702
316.6000000000035,VALID,15.387620970537528,74.09608852603505,3922.096234509465
316.7000000000035,VALID,15.387671768438423,74.09592911033431,3924.6457245773263
316.80000000000354,VALID,15.387722566225792,74.09576969455576,3924.976975170677
316.90000000000356,VALID,15.387773363899633,74.09561027869938,3927.949591672478
317.0000000000036,VALID,15.387824161459948,74.0954508627652,3933.0070147543465
317.1000000000036,VALID,15.387874958906735,74.09529144675321,3932.4654895946996
317.2000000000036,VALID,15.387925756239994,74.0951320306634,3933.5999133889663
317.30000000000365,VALID,15.387976553459724,74.09497261449577,3931.703988817635
317.4000000000037,VALID,15.388027350565926,74.09481319825034,3937.126577989448
317.5000000000037,VALID,15.388078147558598,74.09465378192708,3936.9589615936693
317.6000000000037,VALID,15.38812894443774,74.09449436552602,3939.6211069691494
317.70000000000374,VALID,15.388179741203352,74.09433494904714,3939.7547421138866
317.80000000000376,VALID,15.388230537855433,74.09417553249044,3944.6938862772768
317.9000000000038,VALID,15.388281334393982,74.09401611585594,3951.701244145848
318.0000000000038,VALID,15.388332130818998,74.09385669914361,3948.79887373789
318.10000000000383,VALID,15.388382927130483,74.09369728235347,3955.8547726421484
318.20000000000385,VALID,15.388433723328435,74.09353786548553,3956.44817316613
318.3000000000039,VALID,15.388484519412852,74.09337844853977,3958.9815529405014
318.4000000000039,VALID,15.388535315383736,74.09321903151618,3957.2449839564324
318.5000000000039,VALID,15.388586111241086,74.09305961441478,3966.2869991380144
318.60000000000394,VALID,15.3886369069849,74.09290019723556,3961.0190881742215
318.70000000000397,VALID,15.38868770261518,74.09274077997854,3963.4798521546095
318.800000000004,VALID,15.388738498131923,74.0925813626437,3962.1764972638175
318.900000000004,VALID,15.38878929353513,74.09242194523104,3966.9793769996713
319.00000000000404,VALID,15.3888400888248,74.09226252774056,3962.825299001917
319.10000000000406,VALID,15.388890884000933,74.09210311017226,3963.549247668708
319.2000000000041,VALID,15.388941679063528,74.09194369252616,3961.179859810779
319.3000000000041,VALID,15.388992474012584,74.09178427480224,3960.667235626059
319.4000000000041,VALID,15.389043268848102,74.0916248570005,3964.4233916559247
319.50000000000415,VALID,15.38909406357008,74.09146543912094,3963.779816373957
319.6000000000042,VALID,15.389144858178518,74.09130602116356,3959.167809784795
319.7000000000042,VALID,15.389195652673417,74.09114660312837,3967.4297648256165
319.8000000000042,VALID,15.389246447054774,74.09098718501535,3963.6662626373
319.90000000000424,VALID,15.38929724132259,74.09082776682452,3964.20407424599
320.00000000000426,VALID,15.389348035476864,74.09066834855587,3963.739388157312
320.1000000000043,VALID,15.389398829517596,74.0905089302094,3963.9491426736004
320.2000000000043,VALID,15.389449623444785,74.09034951178512,3966.0215949654867
320.30000000000433,VALID,15.38950041725843,74.09019009328303,3960.195509021922
320.40000000000435,VALID,15.389551210958532,74.09003067470312,3969.517192481355
320.5000000000044,VALID,15.38960200454509,74.08987125604538,3967.150099786908
320.6000000000044,VALID,15.389652798018103,74.08971183730984,3975.1441735991557
320.7000000000044,VALID,15.38970359137757,74.08955241849647,3979.330742111694
320.80000000000445,VALID,15.389754384623492,74.08939299960528,3979.915492224544
320.90000000000447,VALID,15.389805177755868,74.08923358063628,3981.5068426909997
321.0000000000045,VALID,15.389855970774697,74.08907416158945,3979.258385821359
321.1000000000045,VALID,15.389906763679978,74.08891474246481,3979.7213191702517
321.20000000000454,VALID,15.38995755647171,74.08875532326233,3980.257598642469
321.30000000000456,VALID,15.390008349149896,74.08859590398204,3975.4280878397235
321.4000000000046,VALID,15.390059141714532,74.08843648462393,3969.008626241242
321.5000000000046,VALID,15.39010993416562,74.088277065188,3967.138497623117
321.6000000000046,VALID,15.390160726503158,74.08811764567425,3964.577323805396
321.70000000000465,VALID,15.390211518727146,74.08795822608268,3958.4079738776227
321.8000000000047,VALID,15.390262310837581,74.08779880641329,3959.778421089452
321.9000000000047,VALID,15.390313102834467,74.08763938666608,3960.319874601531
322.0000000000047,VALID,15.390363894717801,74.08747996684106,3957.35937897114
322.10000000000474,VALID,15.390414686487583,74.0873205469382,3956.1065864170987
322.20000000000476,VALID,15.390465478143811,74.08716112695753,3964.1326851348717
322.3000000000048,VALID,15.390516269686486,74.08700170689903,3971.0856098905074
322.4000000000048,VALID,15.390567061115608,74.08684228676272,3972.7142716544963
322.50000000000483,VALID,15.390617852431175,74.08668286654859,3975.780478531572
322.60000000000485,VALID,15.39066864363319,74.08652344625663,3978.750084456431
322.7000000000049,VALID,15.390719434721648,74.08636402588685,3984.075195834983
322.8000000000049,VALID,15.390770225696551,74.08620460543925,3988.6561453321297
322.9000000000049,VALID,15.390821016557897,74.08604518491383,3989.4139170874323
323.00000000000495,VALID,15.390871807305686,74.08588576431059,3991.3963952808795
323.10000000000497,VALID,15.390922597939918,74.08572634362952,3986.411970255381
323.200000000005,VALID,15.390973388460592,74.08556692287063,3981.3191298545994
323.300000000005,VALID,15.39102417886771,74.08540750203392,3980.758153040176
323.40000000000504,VALID,15.391074969161268,74.08524808111939,3983.682249219545
323.50000000000506,VALID,15.391125759341268,74.08508866012703,3986.638781971043
323.6000000000051,VALID,15.391176549407707,74.08492923905685,3983.527609213272
323.7000000000051,VALID,15.391227339360587,74.08476981790885,3983.56069094896
323.8000000000051,VALID,15.391278129199906,74.08461039668302,3982.6621980770874
323.90000000000515,VALID,15.391328918925664,74.08445097537937,3985.087512267463
324.0000000000052,VALID,15.39137970853786,74.0842915539979,3978.334411943492
324.1000000000052,VALID,15.391430498036494,74.0841321325386,3986.1943191071837
324.2000000000052,VALID,15.391481287421565,74.08397271100148,3979.602087888921
324.30000000000524,VALID,15.391532076693073,74.08381328938654,3980.924170687508
324.40000000000526,VALID,15.391582865851017,74.08365386769377,3979.8369462512487
324.5000000000053,VALID,15.391633654895397,74.08349444592318,3978.193329103321
324.6000000000053,VALID,15.391684443826213,74.08333502407476,3972.560524901146
324.70000000000533,VALID,15.391735232643464,74.08317560214851,3970.651140534284
324.80000000000535,VALID,15.39178602134715,74.08301618014445,3968.5782242844366
324.9000000000054,VALID,15.391836809937269,74.08285675806256,3968.4334157477015
325.0000000000054,VALID,15.391887598413822,74.08269733590285,3967.4693636582056
325.1000000000054,VALID,15.391938386776808,74.0825379136653,3968.161108121489
325.20000000000545,VALID,15.391989175026225,74.08237849134994,3970.986470695362
325.30000000000547,VALID,15.392039963162075,74.08221906895675,3971.8189062087017
325.4000000000055,VALID,15.392090751184357,74.08205964648573,3978.34469775154
325.5000000000055,VALID,15.39214153909307,74.08190022393688,3976.677236568437
325.60000000000554,VALID,15.392192326888212,74.08174080131022,3985.2436491131903
325.70000000000556,VALID,15.392243114569785,74.08158137860572,3980.7848245909836
325.8000000000056,VALID,15.392293902137789,74.0814219558234,3986.1928092872263
325.9000000000056,VALID,15.392344689592221,74.08126253296325,3985.796854504072
326.0000000000056,VALID,15.392395476933082,74.08110311002527,3983.679065380535
326.10000000000565,VALID,15.39244626416037,74.08094368700947,3979.340660119149
326.2000000000057,VALID,15.392497051274086,74.08078426391583,3980.2145634082362
326.3000000000057,VALID,15.39254783827423,74.08062484074438,3978.3183785055735
326.4000000000057,VALID,15.3925986251608,74.08046541749509,3979.3976658950614
326.50000000000574,VALID,15.392649411933794,74.08030599416799,3979.3969873946635
326.60000000000576,VALID,15.392700198593214,74.08014657076305,3975.5318629171697
326.7000000000058,VALID,15.39275098513906,74.07998714728028,3979.6564062943557
326.8000000000058,VALID,15.39280177157133,74.07982772371969,3977.6660945025783
326.90000000000583,VALID,15.392852557890023,74.07966830008127,3974.691834619286
327.00000000000585,VALID,15.392903344095142,74.07950887636501,3980.229248984739
327.1000000000059,VALID,15.392954130186682,74.07934945257094,3976.9806358140545
327.2000000000059,VALID,15.393004916164646,74.07919002869903,3981.1037429787516
327.3000000000059,VALID,15.39305570202903,74.07903060474929,3985.4733854661213
327.40000000000595,VALID,15.393106487779837,74.07887118072173,3986.8000797946283
327.50000000000597,VALID,15.393157273417065,74.07871175661634,3988.5541048619248
327.600000000006,VALID,15.393208058940713,74.07855233243312,3987.1122394204153
327.700000000006,VALID,15.393258844350783,74.07839290817206,3989.945721275935
327.80000000000604,VALID,15.39330962964727,74.07823348383319,3990.757342539307
327.90000000000606,VALID,15.393360414830177,74.07807405941648,3986.0209646712597
328.0000000000061,VALID,15.393411199899502,74.07791463492194,3988.3397032887897
328.1000000000061,VALID,15.393461984855245,74.07775521034957,3985.4409921550823
328.2000000000061,VALID,15.393512769697406,74.07759578569937,3982.875266500529
328.30000000000615,VALID,15.393563554425985,74.07743636097135,3982.2934228415907
328.4000000000062,VALID,15.39361433904098,74.07727693616549,3981.7192993849244
328.5000000000062,VALID,15.393665123542391,74.0771175112818,3979.415638598275
328.6000000000062,VALID,15.393715907930217,74.07695808632027,3980.4798776135017
328.70000000000624,VALID,15.393766692204458,74.07679866128092,3981.6752162083917
328.80000000000626,VALID,15.393817476365115,74.07663923616374,3979.1169421711247
328.9000000000063,VALID,15.393868260412185,74.07647981096873,3981.5374313503435
329.0000000000063,VALID,15.393919044345669,74.0763203856959,3979.8123098850797
329.10000000000633,VALID,15.393969828165565,74.07616096034522,3986.511603603125
329.20000000000636,VALID,15.394020611871873,74.07600153491671,3986.0207494605547
329.3000000000064,VALID,15.394071395464595,74.07584210941037,3984.231322782923
329.4000000000064,VALID,15.394122178943727,74.0756826838262,3984.1075684367424
329.5000000000064,VALID,15.39417296230927,74.0755232581642,3983.864603158838
329.60000000000645,VALID,15.394223745561224,74.07536383242436,3987.148214597888
329.70000000000647,VALID,15.394274528699588,74.07520440660669,3986.277445858232
329.8000000000065,VALID,15.394325311724362,74.07504498071118,3983.092026788426
329.9000000000065,VALID,15.394376094635545,74.07488555473785,3985.2075759612685
330.00000000000654,VALID,15.394426877433137,74.07472612868668,3977.2087731127576
330.10000000000656,VALID,15.394477660117136,74.07456670255768,3972.8299037984857
330.2000000000066,VALID,15.394528442687543,74.07440727635084,3973.725758890797
330.3000000000066,VALID,15.394579225144357,74.07424785006617,3971.4284955078883
330.4000000000066,VALID,15.394630007487578,74.07408842370367,3974.454516477887
330.50000000000665,VALID,15.394680789717205,74.07392899726334,3981.7223761258833
330.6000000000067,VALID,15.394731571833237,74.07376957074517,3977.1289129186566
330.7000000000067,VALID,15.394782353835675,74.07361014414917,3979.4227920828675
330.8000000000067,VALID,15.394833135724516,74.07345071747534,3978.979929903309
330.90000000000674,VALID,15.394883917499762,74.07329129072367,3977.873171660238
331.00000000000676,VALID,15.39493469916141,74.07313186389418,3971.839511792048
331.1000000000068,VALID,15.394985480709463,74.07297243698684,3973.4410783659073
331.2000000000068,VALID,15.395036262143918,74.07281301000168,3971.2974724001883
331.30000000000683,VALID,15.395087043464775,74.07265358293868,3971.8305397009203
331.40000000000686,VALID,15.395137824672034,74.07249415579786,3969.2946777976886
331.5000000000069,VALID,15.395188605765693,74.07233472857918,3974.676152921357
331.6000000000069,VALID,15.395239386745752,74.07217530128267,3971.955618784395
331.7000000000069,VALID,15.395290167612211,74.07201587390833,3973.716680236747
331.80000000000695,VALID,15.395340948365071,74.07185644645615,3974.1131300860507
331.90000000000697,VALID,15.395391729004329,74.07169701892614,3975.5724018955257
332.000000000007,VALID,15.395442509529985,74.0715375913183,3976.4974816784684
332.100000000007,VALID,15.39549328994204,74.07137816363262,3976.5199869374424
332.20000000000704,VALID,15.395544070240492,74.0712187358691,3976.818662252454
332.30000000000706,VALID,15.395594850425342,74.07105930802774,3979.8843556166453
332.4000000000071,VALID,15.395645630496588,74.07089988010856,3984.38999776618
332.5000000000071,VALID,15.39569641045423,74.07074045211152,3984.3938514402917
332.6000000000071,VALID,15.395747190298268,74.07058102403666,3981.9341008965653
332.70000000000715,VALID,15.3957979700287,74.07042159588396,3985.044141270826
332.8000000000072,VALID,15.395848749645527,74.07026216765342,3984.2847364161657
332.9000000000072,VALID,15.395899529148748,74.07010273934505,3985.2937729644236
333.0000000000072,VALID,15.395950308538362,74.06994331095883,3985.0074257221136
333.10000000000724,VALID,15.39600108781437,74.06978388249479,3982.461176812712
333.20000000000726,VALID,15.39605186697677,74.0696244539529,3979.9786253563234
333.3000000000073,VALID,15.396102646025561,74.06946502533317,3985.0106231656823
333.4000000000073,VALID,15.396153424960744,74.06930559663562,3983.212353986128
333.50000000000733,VALID,15.396204203782318,74.06914616786021,3980.228680796371
333.60000000000736,VALID,15.396254982490282,74.06898673900697,3977.7228720550966
333.7000000000074,VALID,15.396305761084637,74.0688273100759,3980.2306364848732
333.8000000000074,VALID,15.396356539565382,74.06866788106699,3976.8822528186615
333.9000000000074,VALID,15.396407317932514,74.06850845198024,3980.325965681698
334.00000000000745,VALID,15.396458096186036,74.06834902281564,3977.7834960841997
334.10000000000747,VALID,15.396508874325946,74.06818959357321,3972.1638763080036
334.2000000000075,VALID,15.396559652352243,74.06803016425295,3974.1350964020894
334.3000000000075,VALID,15.396610430264927,74.06787073485484,3966.7252989201897
334.40000000000754,VALID,15.396661208063996,74.0677113053789,3971.719561994818
334.50000000000756,VALID,15.396711985749452,74.0675518758251,3965.687215468313
334.6000000000076,VALID,15.396762763321293,74.06739244619348,3967.256111339425
334.7000000000076,VALID,15.396813540779519,74.06723301648401,3964.4091406766765
334.8000000000076,VALID,15.396864318124129,74.06707358669671,3960.9079964731973
334.90000000000765,VALID,15.396915095355123,74.06691415683156,3958.477527743035
335.0000000000077,VALID,15.396965872472501,74.06675472688858,3956.9925612225215
335.1000000000077,VALID,15.397016649476262,74.06659529686775,3962.9885141148693
335.2000000000077,VALID,15.397067426366405,74.06643586676908,3957.6814199578293
335.30000000000774,VALID,15.39711820314293,74.06627643659257,3960.665761279447
335.40000000000776,VALID,15.397168979805837,74.06611700633823,3960.4558530491195
335.5000000000078,VALID,15.397219756355124,74.06595757600604,3964.3420014184076
335.6000000000078,VALID,15.397270532790792,74.065798145596,3961.512188286313
335.70000000000783,VALID,15.397321309112838,74.06563871510814,3964.667077258362
335.80000000000786,VALID,15.397372085321265,74.06547928454242,3968.2216009151543
335.9000000000079,VALID,15.397422861416072,74.06531985389887,3968.9900694194775
336.0000000000079,VALID,15.397473637397255,74.06516042317747,3969.9911255019083
336.1000000000079,VALID,15.397524413264817,74.06500099237823,3975.381459666719
336.20000000000795,VALID,15.397575189018756,74.06484156150115,3975.674018588684
336.30000000000797,VALID,15.397625964659072,74.06468213054623,3977.5869237302086
336.400000000008,VALID,15.397676740185764,74.06452269951346,3978.431888518339
336.500000000008,VALID,15.397727515598831,74.06436326840286,3976.265462775624
336.60000000000804,VALID,15.397778290898273,74.06420383721441,3976.721329058936
336.70000000000806,VALID,15.39782906608409,74.06404440594811,3983.9602973159117
336.8000000000081,VALID,15.397879841156282,74.06388497460398,3985.4202199718275
336.9000000000081,VALID,15.397930616114849,74.063725543182,3986.7596578639204
337.00000000000813,VALID,15.397981390959787,74.06356611168218,3987.3765909200542
337.10000000000815,VALID,15.398032165691099,74.0634066801045,3983.4303687541505
337.2000000000082,VALID,15.398082940308782,74.063247248449,3985.2568958056063
337.3000000000082,VALID,15.398133714812838,74.06308781671565,3979.622193673177
337.4000000000082,VALID,15.398184489203265,74.06292838490445,3982.2880129627115
337.50000000000824,VALID,15.398235263480062,74.06276895301541,3979.462220356482
337.60000000000827,VALID,15.39828603764323,74.06260952104851,3979.684092447089
337.7000000000083,VALID,15.398336811692767,74.06245008900379,3980.707447409817
337.8000000000083,VALID,15.398387585628674,74.06229065688122,3975.2816092401517
337.90000000000833,VALID,15.39843835945095,74.0621312246808,3979.302754061345
338.00000000000836,VALID,15.398489133159593,74.06197179240253,3975.0148172920112
338.1000000000084,VALID,15.398539906754605,74.06181236004642,3975.6145826141174
338.2000000000084,VALID,15.398590680235984,74.06165292761246,3974.927999392879
338.3000000000084,VALID,15.398641453603728,74.06149349510066,3971.6861583894643
338.40000000000845,VALID,15.39869222685784,74.06133406251102,3968.1021954152916
338.50000000000847,VALID,15.398742999998316,74.06117462984353,3958.266748476626
338.6000000000085,VALID,15.398793773025158,74.0610151970982,3967.5393733447877
338.7000000000085,VALID,15.398844545938365,74.06085576427502,3972.9222750352014
338.80000000000854,VALID,15.398895318737935,74.06069633137399,3972.7210885714217
338.90000000000856,VALID,15.39894609142387,74.06053689839511,3971.8084743575414
339.0000000000086,VALID,15.398996863996167,74.06037746533839,3973.2394735786547
339.1000000000086,VALID,15.399047636454828,74.06021803220382,3973.560793655357
339.20000000000863,VALID,15.39909840879985,74.0600585989914,3973.9722695842183
339.30000000000865,VALID,15.399149181031232,74.05989916570114,3973.9410095732323
339.4000000000087,VALID,15.399199953148976,74.05973973233303,3971.273464214023
339.5000000000087,VALID,15.399250725153081,74.05958029888707,3961.073465104306
339.6000000000087,VALID,15.399301497043545,74.05942086536326,3963.4784869075993
339.70000000000874,VALID,15.399352268820369,74.05926143176161,3959.0853800390737
339.80000000000877,VALID,15.399403040483552,74.05910199808211,3959.0441401486255
339.9000000000088,VALID,15.399453812033094,74.05894256432477,3951.8536658202756
340.0000000000088,VALID,15.399504583468994,74.05878313048957,3954.8912614850865
340.10000000000883,VALID,15.399555354791252,74.05862369657653,3954.4592562799503
340.20000000000886,VALID,15.399606125999865,74.05846426258564,3955.8081525195207
340.3000000000089,VALID,15.399656897094836,74.05830482851691,3954.592439552263
340.4000000000089,VALID,15.399707668076163,74.05814539437033,3958.650616441565
340.5000000000089,VALID,15.399758438943845,74.0579859601459,3961.4115246016086
340.60000000000895,VALID,15.399809209697882,74.05782652584361,3965.1146095140684
340.70000000000897,VALID,15.399859980338272,74.05766709146347,3958.635932496892
340.800000000009,VALID,15.399910750865017,74.05750765700549,3976.3842726411017
340.900000000009,VALID,15.399961521278115,74.05734822246966,3972.5870552499355
341.00000000000904,VALID,15.400012291577566,74.05718878785598,3977.3454692289165
341.10000000000906,VALID,15.400063061763369,74.05702935316445,3977.4352930096206
341.2000000000091,VALID,15.400113831835524,74.05686991839507,3972.3344252558054
341.3000000000091,VALID,15.40016460179403,74.05671048354783,3964.6476374105887
341.40000000000913,VALID,15.400215371638888,74.05655104862275,3962.76447666084
341.50000000000915,VALID,15.400266141370095,74.05639161361982,3955.2030544347526
341.6000000000092,VALID,15.400316910987652,74.05623217853905,3945.9700453995983
341.7000000000092,VALID,15.400367680491557,74.05607274338041,3950.0048433937172
341.8000000000092,VALID,15.400418449881812,74.05591330814393,3934.6348952336416
341.90000000000924,VALID,15.400469219158415,74.0557538728296,3935.6429727402706
342.00000000000927,VALID,15.400519988321365,74.05559443743742,3934.4879378165524
342.1000000000093,VALID,15.400570757370664,74.05543500196738,3931.3860448869964
342.2000000000093,VALID,15.400621526306308,74.0552755664195,3930.001687873969
342.30000000000933,VALID,15.400672295128299,74.05511613079376,3920.311620724024
342.40000000000936,VALID,15.400723063836635,74.05495669509017,3910.9503849891953
342.5000000000094,VALID,15.400773832431316,74.05479725930873,3906.4884892764744
342.6000000000094,VALID,15.400824600912342,74.05463782344944,3903.154524489365
342.7000000000094,VALID,15.400875369279712,74.05447838751229,3898.3312109545536
342.80000000000945,VALID,15.400926137533427,74.0543189514973,3894.077894443856
342.90000000000947,VALID,15.400976905673483,74.05415951540445,3874.302390790543
343.0000000000095,VALID,15.401027673699883,74.05400007923375,3870.5353670262593
343.1000000000095,VALID,15.401078441612624,74.0538406429852,3869.415554067124
343.20000000000954,VALID,15.401129209411707,74.05368120665878,3863.3684386075074
343.30000000000956,VALID,15.401179977097131,74.05352177025452,3868.8749879848356
343.4000000000096,VALID,15.401230744668895,74.05336233377241,3865.46222370113
343.5000000000096,VALID,15.401281512127,74.05320289721244,3861.3300203865265
343.60000000000963,VALID,15.401332279471443,74.05304346057463,3857.9608180515092
343.70000000000965,VALID,15.401383046702227,74.05288402385895,3861.0839213076956
343.8000000000097,VALID,15.401433813819349,74.05272458706543,3856.213755941268
343.9000000000097,VALID,15.401484580822808,74.05256515019404,3860.62221180774
344.0000000000097,VALID,15.401535347712604,74.05240571324481,3859.056098931213
344.10000000000974,VALID,15.401586114488738,74.05224627621772,3862.7126094474656
344.20000000000977,VALID,15.401636881151209,74.05208683911277,3859.7113764281767
344.3000000000098,VALID,15.401687647700014,74.05192740192997,3864.9912680045077
344.4000000000098,VALID,15.401738414135155,74.05176796466932,3865.118469541206
344.50000000000983,VALID,15.40178918045663,74.05160852733081,3866.5352632115832
344.60000000000986,VALID,15.40183994666444,74.05144908991446,3862.1126740882755
344.7000000000099,VALID,15.401890712758584,74.05128965242024,3861.018156144865
344.8000000000099,VALID,15.401941478739062,74.05113021484816,3862.1828096623235
344.9000000000099,VALID,15.401992244605871,74.05097077719823,3865.067989991955
345.00000000000995,VALID,15.402043010359014,74.05081133947044,3864.2682464279105
345.10000000000997,VALID,15.402093775998488,74.0506519016648,3849.9523666909454
345.20000000001,VALID,15.402144541524292,74.05049246378131,3855.6388868810095
345.30000000001,VALID,15.402195306936427,74.05033302581995,3847.9478241058796
345.40000000001004,VALID,15.402246072234894,74.05017358778075,3848.995941695476
345.50000000001006,VALID,15.402296837419689,74.05001414966368,3847.847335546337
345.6000000000101,VALID,15.402347602490813,74.04985471146875,3846.8170361529096
345.7000000000101,VALID,15.402398367448267,74.04969527319598,3851.0094144150476
345.80000000001013,VALID,15.402449132292048,74.04953583484534,3854.2565017274765
345.90000000001015,VALID,15.402499897022157,74.04937639641685,3851.673765283187
346.0000000000102,VALID,15.402550661638593,74.04921695791049,3863.6534157734086
346.1000000000102,VALID,15.402601426141354,74.04905751932628,3861.726571122906
346.2000000000102,VALID,15.402652190530441,74.04889808066422,3879.9223826805683
346.30000000001024,VALID,15.402702954805854,74.04873864192429,3898.0429755287028
346.40000000001027,VALID,15.402753718967592,74.0485792031065,3897.356936153464
346.5000000000103,VALID,15.402804483015654,74.04841976421086,3914.7842779101256
346.6000000000103,VALID,15.40285524695004,74.04826032523737,3916.625540633386
346.70000000001033,VALID,15.40290601077075,74.048100886186,3926.4147091398627
346.80000000001036,VALID,15.402956774477783,74.04794144705679,3928.7080718857856
346.9000000000104,VALID,15.403007538071138,74.04778200784972,3937.7261361277456
347.0000000000104,VALID,15.403058301550816,74.04762256856479,3940.745951542675
347.1000000000104,VALID,15.403109064916814,74.047463129202,3945.4645973975453
347.20000000001045,VALID,15.403159828169132,74.04730368976135,3946.2549947681887
347.30000000001047,VALID,15.40321059130777,74.04714425024284,3954.8048903450212
347.4000000000105,VALID,15.403261354332729,74.04698481064646,3957.7171221329613
347.5000000000105,VALID,15.403312117244008,74.04682537097223,3961.4638932197804
347.60000000001054,VALID,15.403362880041605,74.04666593122013,3957.7246396308665
347.70000000001056,VALID,15.40341364272552,74.04650649139019,3964.100810359892
347.8000000000106,VALID,15.403464405295752,74.04634705148239,3964.1090339489624
347.9000000000106,VALID,15.403515167752301,74.04618761149672,3962.500762218492
348.00000000001063,VALID,15.403565930095168,74.04602817143319,3962.1104442265005
348.10000000001065,VALID,15.40361669232435,74.0458687312918,3956.927044894876
348.2000000000107,VALID,15.403667454439848,74.04570929107255,3963.2551912717236
348.3000000000107,VALID,15.40371821644166,74.04554985077544,3958.8318112026263
348.4000000000107,VALID,15.403768978329788,74.04539041040047,3955.1108150182527
348.50000000001074,VALID,15.403819740104229,74.04523096994764,3958.729164428246
348.60000000001077,VALID,15.403870501764983,74.04507152941694,3952.344704363319
348.7000000000108,VALID,15.40392126331205,74.04491208880839,3949.742600847314
348.8000000000108,VALID,15.40397202474543,74.04475264812197,3945.3338401858737
348.90000000001083,VALID,15.404022786065122,74.04459320735769,3945.3308637206146
349.00000000001086,VALID,15.404073547271125,74.04443376651555,3930.159391360769
349.1000000000109,VALID,15.40412430836344,74.04427432559555,3915.3425099352835
349.2000000000109,VALID,15.404175069342063,74.04411488459769,3907.2715751489136
349.3000000000109,VALID,15.404225830206997,74.04395544352197,3904.8320001196
349.40000000001095,VALID,15.40427659095824,74.04379600236837,3904.624627795271
349.50000000001097,VALID,15.404327351595793,74.0436365611369,3897.4469024377418
349.600000000011,VALID,15.404378112119653,74.04347711982759,3897.1815803104437
349.700000000011,VALID,15.404428872529822,74.0433176784404,3894.3258856327866
349.80000000001104,VALID,15.404479632826297,74.04315823697536,3887.4555800641365
349.90000000001106,VALID,15.404530393009079,74.04299879543245,3884.919352482586
350.0000000000111,VALID,15.404581153078167,74.04283935381169,3891.411427609731
350.1000000000111,VALID,15.40463191303356,74.04267991211304,3905.9339157205263
350.20000000001113,VALID,15.404682672875259,74.04252047033654,3903.70071082281
350.30000000001115,VALID,15.404733432603262,74.04236102848218,3897.7023669861906
350.4000000000112,VALID,15.40478419221757,74.04220158654995,3898.94709570968
350.5000000000112,VALID,15.404834951718179,74.04204214453986,3894.5038113226756
350.6000000000112,VALID,15.404885711105091,74.0418827024519,3892.474769871864
350.70000000001124,VALID,15.404936470378306,74.04172326028608,3887.4897682934934
350.80000000001127,VALID,15.404987229537824,74.04156381804239,3881.8595975670573
350.9000000000113,VALID,15.405037988583642,74.04140437572084,3874.557114329746
351.0000000000113,VALID,15.40508874751576,74.04124493332142,3870.547172102591
351.10000000001133,VALID,15.40513950633418,74.04108549084414,3872.8234414988324
351.20000000001136,VALID,15.4051902650389,74.040926048289,3860.935034249051
351.3000000000114,VALID,15.40524102362992,74.04076660565599,3861.470426626685
351.4000000000114,VALID,15.405291782107238,74.04060716294511,3854.0876769535394
351.5000000000114,VALID,15.405342540470853,74.04044772015637,3854.7233677180525
351.60000000001145,VALID,15.405393298720767,74.04028827728976,3843.057234678696
351.70000000001147,VALID,15.405444056856977,74.04012883434528,3834.2042482439474
351.8000000000115,VALID,15.405494814879484,74.03996939132294,3836.6119197989165
351.9000000000115,VALID,15.405545572788286,74.03980994822273,3826.6546838890736
352.00000000001154,VALID,15.405596330583386,74.03965050504465,3828.53263597946
352.10000000001156,VALID,15.405647088264779,74.03949106178871,3821.4866549167073
352.2000000000116,VALID,15.405697845832467,74.0393316184549,3821.815281453909
352.3000000000116,VALID,15.40574860328645,74.03917217504322,3812.3012527415
352.40000000001163,VALID,15.405799360626725,74.03901273155367,3804.60840784043
352.50000000001165,VALID,15.405850117853293,74.03885328798626,3804.255222437932
352.6000000000117,VALID,15.405900874966154,74.03869384434097,3803.5684187440834
352.7000000000117,VALID,15.405951631965307,74.03853440061782,3805.6750495069764
352.8000000000117,VALID,15.40600238885075,74.03837495681681,3802.2157145330198
352.90000000001174,VALID,15.406053145622485,74.03821551293792,3801.4340798888466
353.00000000001177,VALID,15.40610390228051,74.03805606898118,3803.374485378336
353.1000000000118,VALID,15.406154658824825,74.03789662494655,3810.794710095881
353.2000000000118,VALID,15.406205415255428,74.03773718083406,3811.4841944880964
353.30000000001183,VALID,15.40625617157232,74.0375777366437,3809.2305536792273
353.40000000001186,VALID,15.4063069277755,74.03741829237546,3803.7366084919804
353.5000000000119,VALID,15.406357683864968,74.03725884802937,3811.0768539754
353.6000000000119,VALID,15.406408439840723,74.0370994036054,3809.099055926843
353.7000000000119,VALID,15.406459195702764,74.03693995910356,3818.2822783178285
353.80000000001195,VALID,15.406509951451092,74.03678051452385,3817.32664161846
353.90000000001197,VALID,15.406560707085704,74.03662106986627,3809.1816355444985
354.000000000012,VALID,15.406611462606602,74.03646162513083,3806.2336902546754
354.100000000012,VALID,15.406662218013784,74.0363021803175,3804.983940517961
354.20000000001204,VALID,15.406712973307249,74.03614273542632,3812.7934712291612
354.30000000001206,VALID,15.406763728486998,74.03598329045727,3812.5740953394975
354.4000000000121,VALID,15.40681448355303,74.03582384541033,3817.109971953423
354.5000000000121,VALID,15.406865238505343,74.03566440028554,3816.5752946756206
354.60000000001213,VALID,15.406915993343938,74.03550495508287,3817.3845366465575
354.70000000001215,VALID,15.406966748068815,74.03534550980233,3821.36229703525
354.8000000000122,VALID,15.407017502679972,74.03518606444392,3825.490381531262
354.9000000000122,VALID,15.407068257177409,74.03502661900764,3828.033659382999
355.0000000000122,VALID,15.407119011561125,74.03486717349348,3826.2049328716457
355.10000000001224,VALID,15.40716976583112,74.03470772790145,3830.3369106166215
355.20000000001227,VALID,15.407220519987396,74.03454828223155,3832.570728637267
355.3000000000123,VALID,15.407271274029949,74.03438883648379,3833.530193922568
355.4000000000123,VALID,15.407322027958779,74.03422939065814,3840.8854173406503
355.50000000001234,VALID,15.407372781773885,74.03406994475462,3835.57306840586
355.60000000001236,VALID,15.407423535475267,74.03391049877322,3841.1659539989428
355.7000000000124,VALID,15.407474289062925,74.03375105271397,3838.889869481122
355.8000000000124,VALID,15.407525042536859,74.03359160657683,3841.580567958307
355.9000000000124,VALID,15.407575795897067,74.03343216036183,3845.8836817307033
356.00000000001245,VALID,15.407626549143549,74.03327271406894,3844.478379020151
356.10000000001247,VALID,15.407677302276305,74.03311326769818,3845.684904615164
356.2000000000125,VALID,15.407728055295335,74.03295382124955,3845.356727138987
356.3000000000125,VALID,15.407778808200637,74.03279437472305,3852.2235277074687
356.40000000001254,VALID,15.407829560992212,74.03263492811868,3861.87174228031
356.50000000001256,VALID,15.407880313670058,74.03247548143644,3862.3867241251696
356.6000000000126,VALID,15.407931066234173,74.03231603467631,3868.3721977388186
356.7000000000126,VALID,15.40798181868456,74.03215658783832,3870.7270118148745
356.80000000001263,VALID,15.408032571021216,74.03199714092244,3879.1297534735754
356.90000000001265,VALID,15.408083323244142,74.0318376939287,3875.94980224654
357.0000000000127,VALID,15.408134075353336,74.03167824685707,3888.4322955789567
357.1000000000127,VALID,15.4081848273488,74.03151879970757,3891.722492289195
357.2000000000127,VALID,15.40823557923053,74.0313593524802,3883.8210488851
357.30000000001274,VALID,15.408286330998527,74.03119990517494,3891.8604156646948
357.40000000001277,VALID,15.40833708265279,74.03104045779182,3889.106778711425
357.5000000000128,VALID,15.408387834193322,74.03088101033082,3890.3295516469484
357.6000000000128,VALID,15.408438585620118,74.03072156279194,3891.1150506791096
357.70000000001284,VALID,15.40848933693318,74.03056211517519,3876.704190845185
357.80000000001286,VALID,15.408540088132504,74.03040266748056,3882.408525815451
357.9000000000129,VALID,15.408590839218094,74.03024321970805,3886.2084033689102
358.0000000000129,VALID,15.408641590189948,74.03008377185768,3891.7882086781515
358.1000000000129,VALID,15.408692341048063,74.02992432392942,3888.7545184998103
358.20000000001295,VALID,15.408743091792442,74.02976487592329,3902.8640416243015
358.300000000013,VALID,15.408793842423082,74.02960542783929,3890.9783577433313
358.400000000013,VALID,15.408844592939982,74.02944597967739,3902.2820844477255
358.500000000013,VALID,15.408895343343143,74.02928653143762,3916.86370442782
358.60000000001304,VALID,15.408946093632565,74.02912708311997,3914.726372308406
358.70000000001306,VALID,15.408996843808247,74.02896763472445,3915.8742904448304
358.8000000000131,VALID,15.409047593870186,74.02880818625106,3908.5555642454865
358.9000000000131,VALID,15.409098343818386,74.02864873769978,3911.970140953152
359.00000000001313,VALID,15.409149093652841,74.02848928907062,3912.213742659947
359.10000000001315,VALID,15.409199843373555,74.02832984036358,3920.409200035461
359.2000000000132,VALID,15.409250592980525,74.02817039157867,3930.7839884871637
359.3000000000132,VALID,15.409301342473752,74.02801094271588,3935.2920453693973
359.4000000000132,VALID,15.409352091853235,74.02785149377522,3927.8017596527006
359.50000000001324,VALID,15.409402841118972,74.02769204475666,3927.9745409965917
359.60000000001327,VALID,15.409453590270964,74.02753259566023,3931.411451580598
359.7000000000133,VALID,15.40950433930921,74.02737314648593,3928.141691609219
359.8000000000133,VALID,15.409555088233711,74.02721369723373,3936.503694050042
359.90000000001334,VALID,15.409605837044465,74.02705424790366,3928.7756018167097
360.00000000001336,VALID,15.409656585741471,74.02689479849572,3924.336281508888
360.1000000000134,VALID,15.409707334324729,74.0267353490099,3932.7501460873136
360.2000000000134,VALID,15.409758082794237,74.02657589944619,3931.2792135541313
360.3000000000134,VALID,15.409808831149997,74.0264164498046,3938.034337438849
360.40000000001345,VALID,15.409859579392007,74.02625700008512,3937.9279063290846
360.5000000000135,VALID,15.409910327520267,74.02609755028777,3935.1786321461927
360.6000000000135,VALID,15.409961075534776,74.02593810041255,3943.8256659299273
360.7000000000135,VALID,15.410011823435534,74.02577865045943,3944.029978448285
360.80000000001354,VALID,15.41006257122254,74.02561920042844,3953.4387580570296
360.90000000001356,VALID,15.410113318895792,74.02545975031957,3947.551549952068
361.0000000000136,VALID,15.410164066455293,74.02530030013281,3956.1191459424836
361.1000000000136,VALID,15.410214813901039,74.02514084986818,3957.43394693072
361.20000000001363,VALID,15.410265561233032,74.02498139952566,3967.408161309537
361.30000000001365,VALID,15.41031630845127,74.02482194910526,3973.5930836401767
361.4000000000137,VALID,15.410367055555753,74.02466249860697,3970.9003294759154
361.5000000000137,VALID,15.41041780254648,74.02450304803081,3968.9078082604215
361.6000000000137,VALID,15.41046854942345,74.02434359737676,3969.384470537457
361.70000000001374,VALID,15.410519296186663,74.02418414664483,3969.3275739181363
361.80000000001377,VALID,15.41057004283612,74.02402469583501,3969.819936835915
361.9000000000138,VALID,15.41062078937182,74.02386524494732,3969.574791524444
362.0000000000138,VALID,15.410671535793758,74.02370579398173,3961.7495879822964
362.10000000001384,VALID,15.41072228210194,74.02354634293827,3958.5387684373227
362.20000000001386,VALID,15.410773028296362,74.02338689181693,3956.757031417504
362.3000000000139,VALID,15.410823774377022,74.02322744061769,3959.167657472547
362.4000000000139,VALID,15.410874520343922,74.02306798934057,3961.7386293508944
362.5000000000139,VALID,15.410925266197061,74.02290853798557,3961.251801253383
362.60000000001395,VALID,15.41097601193644,74.0227490865527,3951.8232587306507
362.700000000014,VALID,15.411026757562054,74.02258963504192,3954.61805765565
362.800000000014,VALID,15.411077503073905,74.02243018345327,3954.582343893527
362.900000000014,VALID,15.411128248471993,74.02227073178673,3954.4481567029657
363.00000000001404,VALID,15.411178993756318,74.02211128004231,3954.879649744101
363.10000000001406,VALID,15.411229738926878,74.02195182822,3955.638208265725
363.2000000000141,VALID,15.411280483983672,74.02179237631981,3953.4804897994322
363.3000000000141,VALID,15.4113312289267,74.02163292434173,3949.809710192886
363.40000000001413,VALID,15.411381973755963,74.02147347228576,3955.498608494202
363.50000000001415,VALID,15.41143271847146,74.02131402015192,3955.9534131551604
363.6000000000142,VALID,15.411483463073187,74.02115456794019,3954.9480521308574
363.7000000000142,VALID,15.411534207561148,74.02099511565056,3952.389839088051
363.8000000000142,VALID,15.41158495193534,74.02083566328305,3953.952270832777
363.90000000001424,VALID,15.411635696195763,74.02067621083766,3955.6745824502977
364.00000000001427,VALID,15.411686440342416,74.02051675831439,3956.131537576367
364.1000000000143,VALID,15.4117371843753,74.02035730571322,3955.7534906628894
364.2000000000143,VALID,15.41178792829441,74.02019785303416,3959.549812002839
364.30000000001434,VALID,15.411838672099751,74.02003840027722,3958.5305167223405
364.40000000001436,VALID,15.41188941579132,74.0198789474424,3956.967771345951
364.5000000000144,VALID,15.411940159369117,74.01971949452968,3960.3045236229837
364.6000000000144,VALID,15.41199090283314,74.01956004153908,3960.897254711544
364.7000000000144,VALID,15.41204164618339,74.01940058847059,3962.1096199549647
364.80000000001445,VALID,15.412092389419865,74.01924113532421,3960.977100944594
364.9000000000145,VALID,15.412143132542566,74.01908168209994,3954.9898285126806
365.0000000000145,VALID,15.412193875551491,74.01892222879778,3956.5762309475367
365.1000000000145,VALID,15.41224461844664,74.01876277541773,3955.0466182559862
365.20000000001454,VALID,15.412295361228015,74.01860332195979,3951.4703472482106
365.30000000001456,VALID,15.412346103895612,74.01844386842397,3954.7497253418846
365.4000000000146,VALID,15.41239684644943,74.01828441481027,3952.27439240505
365.5000000000146,VALID,15.412447588889473,74.01812496111867,3953.8124002166833
365.60000000001463,VALID,15.412498331215735,74.01796550734919,3955.336815511229
365.70000000001465,VALID,15.412549073428218,74.01780605350181,3957.550476025491
365.8000000000147,VALID,15.412599815526923,74.01764659957655,3956.219473971211
365.9000000000147,VALID,15.412650557511846,74.0174871455734,3961.3058903846477
366.0000000000147,VALID,15.412701299382988,74.01732769149235,3954.4439424020293
366.10000000001475,VALID,15.41275204114035,74.01716823733342,3955.614166543331
366.20000000001477,VALID,15.412802782783928,74.0170087830966,3953.8782617592024
366.3000000000148,VALID,15.412853524313725,74.01684932878189,3949.358614741516
366.4000000000148,VALID,15.412904265729738,74.01668987438927,3950.5579940470384
366.50000000001484,VALID,15.412955007031968,74.01653041991877,3949.770070971183
366.60000000001486,VALID,15.413005748220414,74.01637096537037,3948.0911593934425
366.7000000000149,VALID,15.413056489295075,74.01621151074409,3940.9501421267196
366.8000000000149,VALID,15.41310723025595,74.01605205603991,3940.9847416701896
366.9000000000149,VALID,15.41315797110304,74.01589260125785,3940.7359582839426
367.00000000001495,VALID,15.413208711836344,74.01573314639789,3936.47017782569
367.100000000015,VALID,15.41325945245586,74.01557369146005,3944.0954030368007
367.200000000015,VALID,15.413310192961587,74.0154142364443,3955.26203387793
367.300000000015,VALID,15.413360933353527,74.01525478135066,3955.5758464384717
367.40000000001504,VALID,15.413411673631678,74.01509532617914,3957.8422082720435
367.50000000001506,VALID,15.41346241379604,74.01493587092972,3957.815527827732
367.6000000000151,VALID,15.413513153846612,74.01477641560241,3963.105397413107
367.7000000000151,VALID,15.413563893783394,74.0146169601972,3962.9694641361853
367.80000000001513,VALID,15.413614633606384,74.0144575047141,3965.4829313783575
367.90000000001515,VALID,15.413665373315583,74.01429804915311,3964.0772019350975
368.0000000000152,VALID,15.41371611291099,74.01413859351423,3963.9885581424287
368.1000000000152,VALID,15.413766852392603,74.01397913779745,3965.227393254476
368.2000000000152,VALID,15.413817591760424,74.01381968200278,3963.391788197198
368.30000000001525,VALID,15.41386833101445,74.01366022613021,3965.8583805287853
368.40000000001527,VALID,15.413919070154682,74.01350077017975,3964.6741507342067
368.5000000000153,VALID,15.41396980918112,74.01334131415139,3966.49365482831
368.6000000000153,VALID,15.414020548093761,74.01318185804514,3970.206168058536
368.70000000001534,VALID,15.414071286892607,74.013022401861,3963.1364843928977
368.80000000001536,VALID,15.414122025577656,74.01286294559895,3961.5047867132866
368.9000000000154,VALID,15.414172764148908,74.01270348925902,3968.0322505119266
369.0000000000154,VALID,15.414223502606362,74.01254403284119,3962.1809740648655
369.1000000000154,VALID,15.414274240950016,74.01238457634547,3966.5454901496514
369.20000000001545,VALID,15.414324979179872,74.01222511977184,3961.2451919101545
369.3000000000155,VALID,15.414375717295929,74.01206566312032,3960.9504456076816
369.4000000000155,VALID,15.414426455298186,74.01190620639092,3956.791512921197
369.5000000000155,VALID,15.414477193186642,74.01174674958361,3957.113822163033
369.60000000001554,VALID,15.414527930961295,74.01158729269841,3956.7462539037992
369.70000000001556,VALID,15.414578668622147,74.0114278357353,3959.2251529575888
369.8000000000156,VALID,15.414629406169196,74.01126837869431,3957.0196708337307
369.9000000000156,VALID,15.414680143602443,74.01110892157541,3960.6725518534827
370.00000000001563,VALID,15.414730880921885,74.01094946437863,3955.542275029142
370.10000000001565,VALID,15.414781618127524,74.01079000710394,3958.062702658603
370.2000000000157,VALID,15.414832355219358,74.01063054975135,3960.330176115163
370.3000000000157,VALID,15.414883092197387,74.01047109232087,3955.4336569528064
370.4000000000157,VALID,15.41493382906161,74.0103116348125,3949.6489130673617
370.50000000001575,VALID,15.414984565812025,74.01015217722622,3955.544683766933
370.60000000001577,VALID,15.415035302448635,74.00999271956204,3953.2430040322597
370.7000000000158,VALID,15.415086038971436,74.00983326181996,3960.630765114773
370.8000000000158,VALID,15.415136775380429,74.00967380399999,3960.9584584747963
370.90000000001584,VALID,15.415187511675612,74.00951434610212,3959.683831396175
371.00000000001586,VALID,15.415238247856985,74.00935488812635,3963.661329881527
371.1000000000159,VALID,15.41528898392455,74.00919543007268,3962.480296707535
371.2000000000159,VALID,15.415339719878302,74.00903597194112,3961.462252158128
371.3000000000159,VALID,15.415390455718244,74.00887651373165,3958.340012871339
371.40000000001595,VALID,15.415441191444375,74.00871705544428,3957.7888147396193
371.500000000016,VALID,15.415491927056692,74.00855759707902,3956.984419695222
371.600000000016,VALID,15.415542662555197,74.00839813863585,3954.9308932393665
371.700000000016,VALID,15.415593397939888,74.00823868011479,3958.6021686627887
371.80000000001604,VALID,15.415644133210765,74.00807922151581,3958.402972546404
371.90000000001606,VALID,15.415694868367828,74.00791976283895,3954.1504131365296
372.0000000000161,VALID,15.415745603411075,74.00776030408419,3953.376830450521
372.1000000000161,VALID,15.415796338340506,74.00760084525152,3958.8552358563284
372.20000000001613,VALID,15.41584707315612,74.00744138634094,3954.6411786236963
372.30000000001615,VALID,15.415897807857919,74.00728192735247,3960.005977189528
372.4000000000162,VALID,15.415948542445898,74.0071224682861,3955.316745420152
372.5000000000162,VALID,15.415999276920061,74.00696300914183,3955.4194222850556
372.6000000000162,VALID,15.416050011280404,74.00680354991965,3954.801793958539
372.70000000001625,VALID,15.41610074552693,74.00664409061957,3955.5896721490276
372.80000000001627,VALID,15.416151479659634,74.00648463124159,3957.852223035757
372.9000000000163,VALID,15.416202213678517,74.0063251717857,3955.799571606783
373.0000000000163,VALID,15.41625294758358,74.00616571225191,3952.789553233945
373.10000000001634,VALID,15.41630368137482,74.00600625264023,3957.177484431326
373.20000000001636,VALID,15.416354415052238,74.00584679295065,3953.0023937016417
373.3000000000164,VALID,15.416405148615834,74.00568733318316,3948.4355798930173
373.4000000000164,VALID,15.416455882065605,74.00552787333777,3950.8912512601223
373.5000000000164,VALID,15.416506615401554,74.00536841341447,3948.046596332545
373.60000000001645,VALID,15.416557348623677,74.00520895341327,3946.5729144723564
373.7000000000165,VALID,15.416608081731974,74.00504949333417,3942.016944327363
373.8000000000165,VALID,15.416658814726446,74.00489003317716,3943.0067607410638
373.9000000000165,VALID,15.416709547607091,74.00473057294225,3933.271061621653
374.00000000001654,VALID,15.416760280373909,74.00457111262943,3928.6873782041102
374.10000000001656,VALID,15.4168110130269,74.00441165223872,3930.4499897718138
374.2000000000166,VALID,15.416861745566061,74.00425219177009,3925.5263229880334
374.3000000000166,VALID,15.416912477991394,74.00409273122357,3922.5865237954185
374.40000000001663,VALID,15.416963210302898,74.00393327059913,3917.2781194817676
374.50000000001666,VALID,15.41701394250057,74.0037738098968,3920.7125805116125
374.6000000000167,VALID,15.417064674584413,74.00361434911656,3915.194044364043
374.7000000000167,VALID,15.417115406554425,74.0034548882584,3921.8182054802087
374.8000000000167,VALID,15.417166138410606,74.00329542732234,3923.2983507434997
374.90000000001675,VALID,15.417216870152954,74.00313596630838,3916.264011982398
375.00000000001677,VALID,15.417267601781468,74.00297650521651,3918.8800331990833
375.1000000000168,VALID,15.41731833329615,74.00281704404674,3913.4851077721487
375.2000000000168,VALID,15.417369064696997,74.00265758279906,3920.481509633087
375.30000000001684,VALID,15.417419795984008,74.00249812147347,3910.5346784708263
375.40000000001686,VALID,15.417470527157185,74.00233866006997,3911.4788229432716
375.5000000000169,VALID,15.417521258216526,74.00217919858856,3909.49765840538
375.6000000000169,VALID,15.41757198916203,74.00201973702926,3911.7689342234903
375.7000000000169,VALID,15.417622719993696,74.00186027539205,3906.4511715910453
375.80000000001695,VALID,15.417673450711526,74.00170081367692,3914.8248283113253
375.900000000017,VALID,15.417724181315515,74.00154135188389,3918.3364936377816
376.000000000017,VALID,15.417774911805667,74.00138189001295,3918.7761896808925
376.100000000017,VALID,15.41782564218198,74.00122242806411,3928.420754679628
376.20000000001704,VALID,15.41787637244445,74.00106296603735,3931.5708663501096
376.30000000001706,VALID,15.417927102593081,74.00090350393269,3931.2019328587994
376.4000000000171,VALID,15.41797783262787,74.00074404175012,3931.8184422912414
376.5000000000171,VALID,15.418028562548816,74.00058457948964,3937.4000844451043
376.60000000001713,VALID,15.41807929235592,74.00042511715125,3940.231966221131
376.70000000001716,VALID,15.41813002204918,74.00026565473496,3946.9917194020372
376.8000000000172,VALID,15.418180751628597,74.00010619224075,3955.563964520374
376.9000000000172,VALID,15.41823148109417,73.99994672966864,3950.817625442967
377.0000000000172,VALID,15.418282210445897,73.9997872670186,3957.9599043842313
377.10000000001725,VALID,15.41833293968378,73.99962780429067,3952.851433290716
377.20000000001727,VALID,15.418383668807815,73.99946834148481,3957.040667214416
377.3000000000173,VALID,15.418434397818004,73.99930887860106,3957.938396503571
377.4000000000173,VALID,15.418485126714344,73.9991494156394,3956.9203299188953
377.50000000001734,VALID,15.418535855496836,73.99898995259981,3958.3239993380953
377.60000000001736,VALID,15.41858658416548,73.99883048948233,3959.3718555356404
377.7000000000174,VALID,15.418637312720275,73.99867102628693,3960.5100668624154
377.8000000000174,VALID,15.41868804116122,73.99851156301362,3960.5937624655403
377.9000000000174,VALID,15.418738769488314,73.9983520996624,3959.5071163576104
378.00000000001745,VALID,15.418789497701557,73.99819263623327,3955.9793044953285
378.1000000000175,VALID,15.418840225800947,73.99803317272622,3955.6473822801904
378.2000000000175,VALID,15.418890953786486,73.99787370914126,3957.199375755494
378.3000000000175,VALID,15.418941681658172,73.99771424547839,3959.1760936268115
378.40000000001754,VALID,15.418992409416004,73.9975547817376,3956.5920916529835
378.50000000001756,VALID,15.419043137059981,73.99739531791892,3954.9911307925277
378.6000000000176,VALID,15.419093864590105,73.9972358540223,3955.105959830596
378.7000000000176,VALID,15.419144592006372,73.99707639004778,3955.6988523974264
378.80000000001763,VALID,15.419195319308782,73.99691692599535,3960.113322649323
378.90000000001766,VALID,15.419246046497337,73.996757461865,3954.3241971449
379.0000000000177,VALID,15.419296773572034,73.99659799765674,3957.3976234436036
379.1000000000177,VALID,15.419347500532872,73.99643853337056,3950.5766044391357
379.2000000000177,VALID,15.419398227379853,73.99627906900648,3951.205784391407
379.30000000001775,VALID,15.419448954112974,73.99611960456447,3943.3909947493153
379.40000000001777,VALID,15.419499680732235,73.99596014004456,3940.9721778600792
379.5000000000178,VALID,15.419550407237637,73.99580067544673,3936.822549189614
379.6000000000178,VALID,15.419601133629177,73.99564121077098,3926.5009966903904
379.70000000001784,VALID,15.419651859906855,73.99548174601732,3934.4656149806574
379.80000000001786,VALID,15.41970258607067,73.99532228118575,3922.985654474619
379.9000000000179,VALID,15.419753312120623,73.99516281627626,3925.6538836120117
380.0000000000179,VALID,15.419804038056713,73.99500335128886,3931.2453280727286
380.1000000000179,VALID,15.419854763878938,73.99484388622353,3936.5899083006775
380.20000000001795,VALID,15.419905489587299,73.9946844210803,3941.9086622617488
380.300000000018,VALID,15.419956215181793,73.99452495585913,3945.0981079584776
380.400000000018,VALID,15.420006940662422,73.99436549056007,3946.167953136594
380.500000000018,VALID,15.420057666029184,73.99420602518309,3945.3504176243964
380.60000000001804,VALID,15.420108391282078,73.99404655972819,3944.7331533797183
380.70000000001806,VALID,15.420159116421104,73.99388709419537,3953.6676806685196
380.8000000000181,VALID,15.420209841446262,73.99372762858464,3952.2488685255703
380.9000000000181,VALID,15.42026056635755,73.99356816289598,3950.842605639556
381.00000000001813,VALID,15.420311291154968,73.99340869712941,3948.25591045897
381.10000000001816,VALID,15.420362015838517,73.99324923128492,3945.184530715054
381.2000000000182,VALID,15.420412740408194,73.99308976536251,3949.08919843718
381.3000000000182,VALID,15.420463464864,73.99293029936219,3954.074373065144
381.4000000000182,VALID,15.420514189205933,73.99277083328394,3955.4644443191173
381.50000000001825,VALID,15.420564913433994,73.99261136712778,3946.3891763955926
381.60000000001827,VALID,15.420615637548181,73.9924519008937,3950.117376371951
381.7000000000183,VALID,15.420666361548493,73.9922924345817,3943.480365832013
381.8000000000183,VALID,15.42071708543493,73.99213296819178,3938.3577052397486
381.90000000001834,VALID,15.420767809207492,73.99197350172395,3936.954392295008
382.00000000001836,VALID,15.420818532866177,73.9918140351782,3937.999743215522
382.1000000000184,VALID,15.420869256410985,73.99165456855452,3933.6752920128847
382.2000000000184,VALID,15.420919979841916,73.99149510185293,3926.9621037435036
382.30000000001843,VALID,15.420970703158968,73.99133563507343,3925.508902478164
382.40000000001845,VALID,15.421021426362142,73.99117616821599,3930.7220184618304
382.5000000000185,VALID,15.421072149451437,73.99101670128063,3932.808973492042
382.6000000000185,VALID,15.421122872426851,73.99085723426735,3925.2592493708485
382.7000000000185,VALID,15.421173595288385,73.99069776717616,3926.980294636915
382.80000000001854,VALID,15.421224318036039,73.99053830000705,3923.2351891016137
382.90000000001857,VALID,15.42127504066981,73.99037883276002,3932.163575126504
383.0000000000186,VALID,15.4213257631897,73.99021936543505,3934.667949872266
383.1000000000186,VALID,15.421376485595705,73.99005989803217,3938.1914531452203
383.20000000001863,VALID,15.421427207887826,73.98990043055137,3932.6926969534024
383.30000000001866,VALID,15.421477930066063,73.98974096299266,3937.950975433386
383.4000000000187,VALID,15.421528652130414,73.989581495356,3938.786849069787
383.5000000000187,VALID,15.42157937408088,73.98942202764144,3937.881920084682
383.6000000000187,VALID,15.42163009591746,73.98926255984895,3937.459119735862
383.70000000001875,VALID,15.421680817640151,73.98910309197854,3936.8597141870414
383.80000000001877,VALID,15.421731539248956,73.9889436240302,3938.0247067249243
383.9000000000188,VALID,15.421782260743871,73.98878415600394,3938.106003843672
384.0000000000188,VALID,15.421832982124899,73.98862468789976,3945.6934919302007
384.10000000001884,VALID,15.421883703392036,73.98846521971765,3943.8242997531465
384.20000000001886,VALID,15.421934424545283,73.98830575145763,3946.2386830910236
384.3000000000189,VALID,15.421985145584639,73.98814628311968,3945.706711440273
384.4000000000189,VALID,15.422035866510104,73.9879868147038,3947.2085115491886
384.50000000001893,VALID,15.422086587321676,73.98782734621,3950.3416599544516
384.60000000001895,VALID,15.422137308019355,73.98766787763827,3949.9477149124555
384.700000000019,VALID,15.42218802860314,73.98750840898862,3950.428781484823
384.800000000019,VALID,15.422238749073031,73.98734894026104,3952.1481557482325
384.900000000019,VALID,15.422289469429028,73.98718947145555,3951.3443259096216
385.00000000001904,VALID,15.422340189671129,73.98703000257213,3957.6329918264382
385.10000000001907,VALID,15.422390909799333,73.98687053361078,3952.076547587425
385.2000000000191,VALID,15.42244162981364,73.98671106457151,3951.3644680098673
385.3000000000191,VALID,15.42249234971405,73.9865515954543,3952.4906253146264
385.40000000001913,VALID,15.422543069500561,73.98639212625918,3948.4606327357974
385.50000000001916,VALID,15.422593789173174,73.98623265698612,3944.3302428346997
385.6000000000192,VALID,15.422644508731887,73.98607318763514,3943.7833070149923
385.7000000000192,VALID,15.4226952281767,73.98591371820623,3939.285567148908
385.8000000000192,VALID,15.422745947507611,73.9857542486994,3940.4891848429575
385.90000000001925,VALID,15.422796666724622,73.98559477911463,3931.3762575909036
386.00000000001927,VALID,15.42284738582773,73.98543530945194,3933.961841974649
386.1000000000193,VALID,15.422898104816936,73.98527583971133,3921.410439847663
386.2000000000193,VALID,15.422948823692238,73.9851163698928,3909.0739114203475
386.30000000001934,VALID,15.422999542453635,73.98495689999632,3909.438039561861
386.40000000001936,VALID,15.423050261101128,73.98479743002191,3902.3134073908664
386.5000000000194,VALID,15.423100979634714,73.98463795996959,3902.403164059034
386.6000000000194,VALID,15.423151698054395,73.98447848983933,3889.660308774443
386.70000000001943,VALID,15.42320241636017,73.98431901963114,3884.3691977472736
386.80000000001945,VALID,15.423253134552036,73.98415954934502,3876.417269464927
386.9000000000195,VALID,15.423303852629994,73.98400007898098,3879.9978716902438
387.0000000000195,VALID,15.423354570594043,73.98384060853901,3880.0028327493146
387.1000000000195,VALID,15.423405288444183,73.98368113801911,3880.8594658199654
387.20000000001954,VALID,15.423456006180412,73.98352166742127,3878.37582993448
387.30000000001957,VALID,15.423506723802731,73.9833621967455,3877.3389960260743
387.4000000000196,VALID,15.423557441311138,73.98320272599182,3875.7941690244606
387.5000000000196,VALID,15.423608158705632,73.9830432551602,3873.191104305973
387.60000000001963,VALID,15.423658875986213,73.98288378425065,3870.5537093443113
387.70000000001966,VALID,15.42370959315288,73.98272431326316,3869.773281014336
387.8000000000197,VALID,15.423760310205633,73.98256484219775,3874.4418904085555
387.9000000000197,VALID,15.423811027144472,73.9824053710544,3868.1138475442594
388.0000000000197,VALID,15.423861743969395,73.98224589983312,3871.6484495891077
388.10000000001975,VALID,15.423912460680402,73.9820864285339,3875.2701580322946
388.20000000001977,VALID,15.423963177277491,73.98192695715676,3873.847983446327
388.3000000000198,VALID,15.424013893760662,73.98176748570168,3871.586317909765
388.4000000000198,VALID,15.424064610129916,73.98160801416867,3870.0172510373063
388.50000000001984,VALID,15.42411532638525,73.98144854255773,3872.058718397034
388.60000000001986,VALID,15.424166042526664,73.98128907086885,3871.439098270587
388.7000000000199,VALID,15.424216758554158,73.98112959910205,3873.348144831309
388.8000000000199,VALID,15.42426747446773,73.98097012725731,3868.974196443959
388.90000000001993,VALID,15.42431819026738,73.98081065533464,3875.3104165166324
389.00000000001995,VALID,15.424368905953108,73.98065118333403,3873.901819465923
389.10000000002,VALID,15.424419621524912,73.9804917112555,3872.6714563054757
389.20000000002,VALID,15.424470336982793,73.98033223909903,3871.9450827279384
389.30000000002,VALID,15.42452105232675,73.98017276686463,3875.2076206072543
389.40000000002004,VALID,15.42457176755678,73.98001329455228,3875.008361892209
389.50000000002007,VALID,15.424622482672884,73.979853822162,3875.501991432132
389.6000000000201,VALID,15.424673197675062,73.97969434969379,3869.9012468188757
389.7000000000201,VALID,15.424723912563312,73.97953487714764,3873.3519346586754
389.80000000002013,VALID,15.424774627337634,73.97937540452357,3870.4549237302754
389.90000000002016,VALID,15.424825341998027,73.97921593182154,3869.1250241539287
390.0000000000202,VALID,15.424876056544491,73.97905645904159,3867.5396293847734
390.1000000000202,VALID,15.424926770977024,73.9788969861837,3876.058101560098
390.2000000000202,VALID,15.424977485295626,73.97873751324788,3878.3460810393412
390.30000000002025,VALID,15.425028199500296,73.97857804023411,3879.8264274760595
390.40000000002027,VALID,15.425078913591035,73.97841856714241,3878.875258285677
390.5000000000203,VALID,15.42512962756784,73.97825909397278,3875.5954827506703
390.6000000000203,VALID,15.42518034143071,73.9780996207252,3883.341065178688
390.70000000002034,VALID,15.425231055179648,73.97794014739969,3880.826945756156
390.80000000002036,VALID,15.42528176881465,73.97778067399625,3883.930999883587
390.9000000000204,VALID,15.425332482335715,73.97762120051486,3886.75635207502
391.0000000000204,VALID,15.425383195742844,73.97746172695554,3883.6823726826624
391.10000000002043,VALID,15.425433909036036,73.97730225331827,3883.0174139406877
391.20000000002045,VALID,15.42548462221529,73.97714277960307,3880.985236350883
391.3000000000205,VALID,15.425535335280605,73.97698330580994,3883.2915239270533
391.4000000000205,VALID,15.425586048231981,73.97682383193886,3882.0150592333116
391.5000000000205,VALID,15.425636761069416,73.97666435798985,3887.0081597078006
391.60000000002054,VALID,15.42568747379291,73.97650488396289,3884.0046476759694
391.70000000002057,VALID,15.425738186402464,73.976345409858,3884.2142831770216
391.8000000000206,VALID,15.425788898898075,73.97618593567516,3880.0996232510743
391.9000000000206,VALID,15.425839611279743,73.97602646141439,3875.3528945513467
392.00000000002063,VALID,15.425890323547467,73.97586698707568,3884.0022011888555
392.10000000002066,VALID,15.425941035701246,73.97570751265901,3883.4852054555104
392.2000000000207,VALID,15.42599174774108,73.97554803816442,3888.89725133337
392.3000000000207,VALID,15.426042459666967,73.97538856359188,3890.3721622526396
392.4000000000207,VALID,15.426093171478907,73.9752290889414,3889.2380794952937
392.50000000002075,VALID,15.4261438831769,73.97506961421298,3898.40809691171
392.60000000002077,VALID,15.426194594760945,73.97491013940662,3896.2444586862166
392.7000000000208,VALID,15.426245306231042,73.97475066452232,3903.139059577571
392.8000000000208,VALID,15.42629601758719,73.97459118956007,3902.5941693491936
392.90000000002084,VALID,15.426346728829385,73.97443171451988,3905.6373356584168
393.00000000002086,VALID,15.426397439957631,73.97427223940176,3913.288053860451
393.1000000000209,VALID,15.426448150971924,73.97411276420569,3909.369257203813
393.2000000000209,VALID,15.426498861872265,73.97395328893167,3910.9658086984846
393.30000000002093,VALID,15.426549572658653,73.9737938135797,3913.038765066562
393.40000000002095,VALID,15.426600283331085,73.97363433814981,3908.717367693741
393.500000000021,VALID,15.426650993889565,73.97347486264196,3905.9341059615695
393.600000000021,VALID,15.426701704334087,73.97331538705618,3904.3263118607524
393.700000000021,VALID,15.426752414664655,73.97315591139244,3900.584298961459
393.80000000002104,VALID,15.426803124881264,73.97299643565076,3902.1108300875408
393.90000000002107,VALID,15.426853834983916,73.97283695983113,3903.8512268657073
394.0000000000211,VALID,15.42690454497261,73.97267748393355,3898.0043374686165
394.1000000000211,VALID,15.426955254847345,73.97251800795804,3905.767400893503
394.20000000002113,VALID,15.427005964608119,73.97235853190459,3900.0680981390415
394.30000000002116,VALID,15.427056674254933,73.97219905577319,3903.7197646096083
394.4000000000212,VALID,15.427107383787785,73.97203957956384,3907.0640322010845
394.5000000000212,VALID,15.427158093206675,73.97188010327655,3909.7827407423747
394.6000000000212,VALID,15.4272088025116,73.9717206269113,3904.7075736405745
394.70000000002125,VALID,15.427259511702562,73.97156115046812,3902.909264052154
394.80000000002127,VALID,15.42731022077956,73.97140167394699,3905.7244798717948
394.9000000000213,VALID,15.427360929742592,73.9712421973479,3896.4207106851486
395.0000000000213,VALID,15.427411638591659,73.97108272067088,3914.2400424413204
395.10000000002134,VALID,15.427462347326758,73.9709232439159,3910.618287278255
395.20000000002136,VALID,15.42751305594789,73.97076376708299,3908.1747891060495
395.3000000000214,VALID,15.427563764455053,73.9706042901721,3911.1084498832256
395.4000000000214,VALID,15.427614472848248,73.97044481318328,3912.9017043354775
395.50000000002143,VALID,15.427665181127473,73.9702853361165,3923.321535775771
395.60000000002145,VALID,15.427715889292728,73.97012585897178,3913.718057017548
395.7000000000215,VALID,15.42776659734401,73.96996638174912,3914.181777133807
395.8000000000215,VALID,15.427817305281321,73.9698069044485,3904.5827686626444
395.9000000000215,VALID,15.427868013104659,73.96964742706994,3906.319572445861
396.00000000002154,VALID,15.427918720814022,73.96948794961342,3904.165849528872
396.10000000002157,VALID,15.42796942840941,73.96932847207896,3900.7683215172997
396.2000000000216,VALID,15.428020135890824,73.96916899446654,3893.8870436285006
396.3000000000216,VALID,15.428070843258261,73.96900951677618,3892.2798657354037
396.40000000002163,VALID,15.428121550511722,73.96885003900786,3889.018590908803
396.50000000002166,VALID,15.428172257651205,73.9686905611616,3884.2605563879033
396.6000000000217,VALID,15.42822296467671,73.96853108323738,3882.927122562338
396.7000000000217,VALID,15.428273671588235,73.9683716052352,3890.301020363428
396.8000000000217,VALID,15.42832437838578,73.96821212715508,3889.8003300774058
396.90000000002175,VALID,15.428375085069344,73.96805264899702,3888.77340334351
397.00000000002177,VALID,15.428425791638928,73.96789317076099,3889.308802002
397.1000000000218,VALID,15.428476498094527,73.96773369244701,3891.1086263399666
397.2000000000218,VALID,15.428527204436143,73.96757421405508,3886.7969221825138
397.30000000002184,VALID,15.428577910663776,73.9674147355852,3890.9996040819833
397.40000000002186,VALID,15.428628616777424,73.96725525703735,3893.062994159986
397.5000000000219,VALID,15.428679322777086,73.96709577841156,3888.9751494554757
397.6000000000219,VALID,15.428730028662763,73.96693629970781,3894.938882431563
397.70000000002193,VALID,15.42878073443445,73.96677682092611,3891.7884931456224
397.80000000002195,VALID,15.428831440092152,73.96661734206646,3890.716971544696
397.900000000022,VALID,15.428882145635864,73.96645786312885,3898.561073634926
398.000000000022,VALID,15.428932851065586,73.96629838411329,3898.1574137293624
398.100000000022,VALID,15.428983556381318,73.96613890501978,3902.5742071728105
398.20000000002204,VALID,15.429034261583059,73.9659794258483,3899.5866880480344
398.30000000002207,VALID,15.429084966670807,73.96581994659887,3913.881771678833
398.4000000000221,VALID,15.429135671644563,73.96566046727149,3920.3168980990504
398.5000000000221,VALID,15.429186376504324,73.96550098786615,3926.537109648244
398.60000000002213,VALID,15.429237081250092,73.96534150838285,3934.933078738279
398.70000000002216,VALID,15.429287785881863,73.9651820288216,3934.6662925780656
398.8000000000222,VALID,15.429338490399639,73.9650225491824,3948.751826943488
398.9000000000222,VALID,15.429389194803418,73.96486306946522,3948.260760784587
399.0000000000222,VALID,15.4294398990932,73.96470358967011,3956.0028541027013
399.10000000002225,VALID,15.429490603268983,73.96454410979703,3968.4466151796914
399.20000000002227,VALID,15.429541307330766,73.964384629846,3966.5834733344527
399.3000000000223,VALID,15.42959201127855,73.964225149817,3973.8542091925447
399.4000000000223,VALID,15.429642715112331,73.96406566971004,3975.2505750498754
399.50000000002234,VALID,15.42969341883211,73.96390618952513,3983.4121732379663
399.60000000002236,VALID,15.429744122437887,73.96374670926227,3989.0151641791163
399.7000000000224,VALID,15.42979482592966,73.96358722892144,3988.0453602783004
399.8000000000224,VALID,15.429845529307428,73.96342774850265,3991.329310802702
399.90000000002243,VALID,15.429896232571192,73.9632682680059,3991.5171788863436
400.00000000002245,VALID,15.429946935720949,73.9631087874312,3997.6492227565254
400.1000000000225,VALID,15.4299976387567,73.96294930677853,3996.831950630417
400.2000000000225,VALID,15.430048341678441,73.9627898260479,3996.00567802601
400.3000000000225,VALID,15.430099044486175,73.9626303452393,4000.8712485053984
400.40000000002254,VALID,15.430149747179899,73.96247086435275,3996.3083108372102
400.50000000002257,VALID,15.430200449759612,73.96231138338824,3993.466097933963
400.6000000000226,VALID,15.430251152225313,73.96215190234577,3989.6857261723044
400.7000000000226,VALID,15.430301854577003,73.96199242122533,3988.5041367458107
400.80000000002264,VALID,15.43035255681468,73.96183294002694,3985.6037691503493
400.90000000002266,VALID,15.430403258938345,73.96167345875058,3978.8802648686933
401.0000000000227,VALID,15.430453960947993,73.96151397739627,3970.398860304886
401.1000000000227,VALID,15.430504662843626,73.96135449596399,3968.375094185396
401.2000000000227,VALID,15.430555364625242,73.96119501445374,3961.4481969029125
401.30000000002275,VALID,15.43060606629284,73.96103553286552,3964.0060729161637
401.40000000002277,VALID,15.430656767846422,73.96087605119935,3953.3753058179045
401.5000000000228,VALID,15.430707469285984,73.96071656945522,3948.8066698029565
401.6000000000228,VALID,15.430758170611526,73.9605570876331,3948.090656480095
401.70000000002284,VALID,15.430808871823047,73.96039760573304,3945.4247253222616
401.80000000002286,VALID,15.430859572920546,73.960238123755,3943.621901261118
401.9000000000229,VALID,15.430910273904022,73.96007864169901,3941.17180591139
402.0000000000229,VALID,15.430960974773475,73.95991915956505,3943.9498610332193
402.10000000002293,VALID,15.431011675528904,73.95975967735312,3939.3090991939926
402.20000000002295,VALID,15.431062376170306,73.95960019506323,3940.5794925409764
402.300000000023,VALID,15.431113076697683,73.95944071269537,3943.9883187232886
402.400000000023,VALID,15.431163777111033,73.95928123024954,3944.582930340432
402.500000000023,VALID,15.431214477410355,73.95912174772575,3942.8167414360146
402.60000000002304,VALID,15.431265177595648,73.95896226512399,3939.197775528655
402.70000000002307,VALID,15.431315877666911,73.95880278244425,3940.3035747658137
402.8000000000231,VALID,15.431366577624143,73.95864329968656,3940.4151568098737
402.9000000000231,VALID,15.431417277467343,73.95848381685089,3942.371057186895
403.00000000002314,VALID,15.431467977196512,73.95832433393726,3949.139698100878
403.10000000002316,VALID,15.431518676811647,73.95816485094565,3950.0065454317178
403.2000000000232,VALID,15.431569376312748,73.95800536787608,3948.7152174973567
403.3000000000232,VALID,15.431620075699813,73.95784588472854,3954.7531934310855
403.4000000000232,VALID,15.431670774972842,73.95768640150304,3957.2115120818767
403.50000000002325,VALID,15.431721474131834,73.95752691819956,3954.5728156191035
403.6000000000233,VALID,15.431772173176787,73.95736743481811,3957.37090482042
403.7000000000233,VALID,15.431822872107702,73.9572079513587,3959.915061751833
403.8000000000233,VALID,15.431873570924576,73.95704846782131,3958.0144022779905
403.90000000002334,VALID,15.43192426962741,73.95688898420595,3957.0411713269045
404.00000000002336,VALID,15.431974968216203,73.95672950051262,3956.7087661570517
404.1000000000234,VALID,15.432025666690953,73.95657001674132,3956.3762394895075
404.2000000000234,VALID,15.432076365051659,73.95641053289205,3956.8394968713446
404.30000000002343,VALID,15.432127063298319,73.9562510489648,3953.067493608503
404.40000000002345,VALID,15.432177761430934,73.95609156495958,3950.0485173636707
404.5000000000235,VALID,15.432228459449503,73.9559320808764,3954.934356195229
404.6000000000235,VALID,15.432279157354024,73.95577259671524,3955.2236222844904
404.7000000000235,VALID,15.432329855144497,73.9556131124761,3952.010868060203
404.80000000002354,VALID,15.43238055282092,73.95545362815899,3954.2234038615256
404.90000000002357,VALID,15.432431250383292,73.95529414376391,3952.0321529243174
405.0000000000236,VALID,15.432481947831613,73.95513465929085,3952.263028010225
405.1000000000236,VALID,15.432532645165882,73.95497517473981,3953.6505450922423
405.20000000002364,VALID,15.432583342386097,73.9548156901108,3950.864343121591
405.30000000002366,VALID,15.432634039492259,73.95465620540382,3951.9129512742124
405.4000000000237,VALID,15.432684736484365,73.95449672061886,3960.220297335074
405.5000000000237,VALID,15.432735433362415,73.95433723575593,3956.4689634974593
405.6000000000237,VALID,15.432786130126408,73.95417775081502,3964.4214938063674
405.70000000002375,VALID,15.432836826776342,73.95401826579614,3963.96299804063
405.8000000000238,VALID,15.432887523312218,73.95385878069928,3964.196921337861
405.9000000000238,VALID,15.432938219734032,73.95369929552444,3972.9441803677905
406.0000000000238,VALID,15.432988916041786,73.95353981027162,3972.688549740813
406.10000000002384,VALID,15.433039612235477,73.95338032494082,3973.251827784086
406.20000000002386,VALID,15.433090308315107,73.95322083953205,3973.193135089949
406.3000000000239,VALID,15.433141004280671,73.9530613540453,3978.584140452511
406.4000000000239,VALID,15.43319170013217,73.95290186848057,3981.4774115433206
406.50000000002393,VALID,15.433242395869602,73.95274238283785,3981.779575471774
406.60000000002395,VALID,15.433293091492967,73.95258289711717,3985.7577223933818
406.700000000024,VALID,15.433343787002265,73.9524234113185,3982.0936156632233
406.800000000024,VALID,15.433394482397492,73.95226392544186,3984.440030903085
406.900000000024,VALID,15.43344517767865,73.95210443948723,3986.768695763405
407.00000000002404,VALID,15.433495872845736,73.95194495345461,3982.707710231571
407.10000000002407,VALID,15.43354656789875,73.95178546734402,3991.4122935414944
407.2000000000241,VALID,15.43359726283769,73.95162598115546,3989.466011558724
407.3000000000241,VALID,15.433647957662556,73.9514664948889,3993.1809423458158
407.40000000002414,VALID,15.433698652373346,73.95130700854438,3992.2689625928815
407.50000000002416,VALID,15.43374934697006,73.95114752212186,3994.89937514216
407.6000000000242,VALID,15.433800041452697,73.95098803562136,3986.0765381626443
407.7000000000242,VALID,15.433850735821254,73.95082854904288,3983.196031419968
407.8000000000242,VALID,15.433901430075732,73.95066906238641,3984.923528548185
407.90000000002425,VALID,15.433952124216129,73.95050957565196,3988.958543784371
408.0000000000243,VALID,15.434002818242442,73.95035008883953,3987.185511073119
408.1000000000243,VALID,15.434053512154673,73.9501906019491,3986.2102728118707
408.2000000000243,VALID,15.43410420595282,73.9500311149807,3990.236327707093
408.30000000002434,VALID,15.434154899636884,73.94987162793431,3988.578823270646
408.40000000002436,VALID,15.43420559320686,73.94971214080994,3994.437912547465
408.5000000000244,VALID,15.434256286662748,73.94955265360758,3998.5354965774604
408.6000000000244,VALID,15.434306980004548,73.94939316632724,3996.8856624224322
408.70000000002443,VALID,15.43435767323226,73.94923367896891,4000.517944750416
408.80000000002445,VALID,15.43440836634588,73.94907419153259,3998.6075966293265
408.9000000000245,VALID,15.434459059345407,73.94891470401828,3994.3469661112617
409.0000000000245,VALID,15.434509752230843,73.94875521642598,3995.331630905513
409.1000000000245,VALID,15.434560445002184,73.94859572875569,3991.203698449253
409.20000000002454,VALID,15.43461113765943,73.94843624100743,3991.2977932160948
409.30000000002457,VALID,15.43466183020258,73.94827675318118,3992.078398511385
409.4000000000246,VALID,15.434712522631633,73.94811726527693,3992.1480509302455
409.5000000000246,VALID,15.434763214946587,73.9479577772947,3986.2804140570393
409.60000000002464,VALID,15.434813907147442,73.94779828923448,3979.8071049095065
409.70000000002466,VALID,15.434864599234196,73.94763880109628,3979.117990066995
409.8000000000247,VALID,15.434915291206847,73.94747931288006,3982.7225725340695
409.9000000000247,VALID,15.434965983065396,73.94731982458586,3983.7388538638043
410.0000000000247,VALID,15.435016674809841,73.94716033621367,3988.454493131885
410.10000000002475,VALID,15.43506736644018,73.94700084776349,3981.4070468002533
410.2000000000248,VALID,15.435118057956412,73.94684135923532,3982.8671572489943
410.3000000000248,VALID,15.435168749358537,73.94668187062916,3982.1328879127
410.4000000000248,VALID,15.435219440646554,73.946522381945,3988.5956138535003
410.50000000002484,VALID,15.43527013182046,73.94636289318285,3984.967434039565
410.60000000002486,VALID,15.435320822880254,73.94620340434271,3988.903150148262
410.7000000000249,VALID,15.435371513825936,73.94604391542457,3989.8298581604718
410.8000000000249,VALID,15.435422204657504,73.94588442642844,3987.8894491041297
410.90000000002493,VALID,15.435472895374959,73.94572493735431,3987.4107062310363
411.00000000002495,VALID,15.435523585978297,73.94556544820219,3984.9250525890116
411.100000000025,VALID,15.435574276467518,73.94540595897207,3985.6748406019337
411.200000000025,VALID,15.43562496684262,73.94524646966396,3985.0785709773313
411.300000000025,VALID,15.435675657103603,73.94508698027785,3984.4995508698585
411.40000000002505,VALID,15.435726347250464,73.94492749081374,3981.145777350643
411.50000000002507,VALID,15.435777037283202,73.94476800127164,3977.795823617762
411.6000000000251,VALID,15.435827727201819,73.94460851165154,3978.8834548203235
411.7000000000251,VALID,15.43587841700631,73.94444902195345,3975.8588096635785
411.80000000002514,VALID,15.435929106696674,73.94428953217735,3976.138365652535
411.90000000002516,VALID,15.435979796272912,73.94413004232325,3978.2063593164426
412.0000000000252,VALID,15.43603048573502,73.94397055239116,3977.5074567103698
412.1000000000252,VALID,15.436081175083,73.94381106238107,3973.995662287793
412.2000000000252,VALID,15.436131864316849,73.94365157229298,3975.3139566284385
412.30000000002525,VALID,15.436182553436565,73.94349208212688,3980.478519995728
412.4000000000253,VALID,15.436233242442148,73.9433325918828,3979.8169197570273
412.5000000000253,VALID,15.436283931333596,73.9431731015607,3985.5991863588833
412.6000000000253,VALID,15.436334620110909,73.94301361116061,3987.3859079863923
412.70000000002534,VALID,15.436385308774083,73.94285412068251,3991.3504379679644
412.80000000002536,VALID,15.43643599732312,73.94269463012641,3989.409734528208
412.9000000000254,VALID,15.436486685758014,73.9425351394923,3993.4718095361864
413.0000000000254,VALID,15.43653737407877,73.9423756487802,3998.60372093773
413.10000000002543,VALID,15.43658806228538,73.94221615799009,3996.5880213612204
413.20000000002545,VALID,15.436638750377847,73.94205666712197,3998.855179615081
413.3000000000255,VALID,15.436689438356169,73.94189717617586,4000.7316909748747
413.4000000000255,VALID,15.436740126220343,73.94173768515174,3994.3477491498143
413.5000000000255,VALID,15.43679081397037,73.94157819404961,3997.876871910715
413.60000000002555,VALID,15.436841501606247,73.94141870286947,4000.881781260102
413.70000000002557,VALID,15.436892189127974,73.94125921161132,4001.1648094006423
413.8000000000256,VALID,15.436942876535548,73.94109972027518,4000.031252375205
413.9000000000256,VALID,15.436993563828969,73.94094022886102,4001.4374957239074
414.00000000002564,VALID,15.437044251008235,73.94078073736885,3999.5785490516196
414.10000000002566,VALID,15.437094938073344,73.94062124579868,3995.6994348017615
414.2000000000257,VALID,15.437145625024295,73.9404617541505,3998.4554751375213
414.3000000000257,VALID,15.437196311861086,73.94030226242431,4001.5528569028456
414.4000000000257,VALID,15.437246998583717,73.94014277062011,4001.2341624363175
414.50000000002575,VALID,15.437297685192187,73.9399832787379,3996.7016044421907
414.6000000000258,VALID,15.437348371686491,73.93982378677768,3999.330323417595
414.7000000000258,VALID,15.437399058066632,73.93966429473944,3999.152439837317
414.8000000000258,VALID,15.437449744332605,73.9395048026232,4001.083394571758
414.90000000002584,VALID,15.43750043048441,73.93934531042895,3996.4711675950502
415.00000000002586,VALID,15.437551116522048,73.93918581815669,3999.0644339357227
415.1000000000259,VALID,15.437601802445513,73.93902632580641,4001.0149990093
415.2000000000259,VALID,15.437652488254807,73.93886683337811,3998.9819576793284
415.30000000002593,VALID,15.437703173949927,73.9387073408718,4000.983239850561
415.40000000002595,VALID,15.437753859530872,73.93854784828748,4001.5423063529097
415.500000000026,VALID,15.43780454499764,73.93838835562515,3998.681299462374
415.600000000026,VALID,15.437855230350229,73.9382288628848,3999.074692804871
415.700000000026,VALID,15.437905915588637,73.93806937006643,3993.2223368210257
415.80000000002605,VALID,15.437956600712864,73.93790987717004,3997.5667653868027
415.90000000002607,VALID,15.43800728572291,73.93775038419564,3999.015792969523
416.0000000000261,VALID,15.438057970618768,73.93759089114322,3998.2422790747364
416.1000000000261,VALID,15.438108655400441,73.93743139801278,4001.206345978672
416.20000000002614,VALID,15.438159340067926,73.93727190480432,4003.045932051074
416.30000000002616,VALID,15.438210024621222,73.93711241151784,4001.9441815121104
416.4000000000262,VALID,15.438260709060328,73.93695291815335,3999.303177145024
416.5000000000262,VALID,15.438311393385241,73.93679342471084,4000.3703092184533
416.6000000000262,VALID,15.43836207759596,73.93663393119031,3995.988235625215
416.70000000002625,VALID,15.438412761692483,73.93647443759176,3993.14815937946
416.8000000000263,VALID,15.438463445674808,73.93631494391518,3995.1153996221497
416.9000000000263,VALID,15.438514129542934,73.93615545016058,3998.4556998156163
417.0000000000263,VALID,15.43856481329686,73.93599595632796,3997.6139188296365
417.10000000002634,VALID,15.438615496936583,73.93583646241731,3996.938715674692
417.20000000002636,VALID,15.438666180462102,73.93567696842865,4000.98735622488
417.3000000000264,VALID,15.438716863873415,73.93551747436196,3998.855724471612
417.4000000000264,VALID,15.43876754717052,73.93535798021725,3999.599233715701
417.50000000002643,VALID,15.438818230353418,73.9351984859945,3998.263525526528
417.60000000002645,VALID,15.438868913422104,73.93503899169374,3998.6328923840115
417.7000000000265,VALID,15.438919596376577,73.93487949731495,3999.264621904218
417.8000000000265,VALID,15.438970279216836,73.93472000285813,3998.9095177374047
417.9000000000265,VALID,15.439020961942878,73.93456050832327,4000.143891165608
418.00000000002655,VALID,15.439071644554703,73.9344010137104,3998.5685155649558
418.10000000002657,VALID,15.439122327052306,73.9342415190195,3997.5775817533654
418.2000000000266,VALID,15.439173009435688,73.93408202425056,3998.483367278964
418.3000000000266,VALID,15.439223691704846,73.93392252940359,4002.15671284834
418.40000000002664,VALID,15.43927437385978,73.93376303447859,3997.765173514218
418.50000000002666,VALID,15.439325055900486,73.93360353947556,3995.850714282134
418.6000000000267,VALID,15.439375737826964,73.93344404439449,4001.3220582939425
418.7000000000267,VALID,15.439426419639211,73.9332845492354,4004.1411663982108
418.8000000000267,VALID,15.439477101337225,73.93312505399827,4005.1947772868543
418.90000000002675,VALID,15.439527782921004,73.93296555868311,4000.227480295438
419.0000000000268,VALID,15.439578464390548,73.93280606328992,4001.4337079107986
419.1000000000268,VALID,15.439629145745853,73.9326465678187,4001.8112155761914
419.2000000000268,VALID,15.439679826986918,73.93248707226942,4002.2357490626573
419.30000000002684,VALID,15.43973050811374,73.93232757664212,3997.6508986891927
419.40000000002686,VALID,15.439781189126318,73.93216808093679,3999.031891076343
419.5000000000269,VALID,15.43983187002465,73.93200858515341,4003.8374636265544
419.6000000000269,VALID,15.439882550808733,73.931849089292,4001.97096810683
419.70000000002693,VALID,15.439933231478566,73.93168959335254,3999.7637496585803
419.80000000002696,VALID,15.439983912034148,73.93153009733506,3999.459402357443
419.900000000027,VALID,15.440034592475474,73.93137060123952,3999.811943500812
420.000000000027,VALID,15.440085272802545,73.93121110506596,3998.6531383863444
420.100000000027,VALID,15.440135953015357,73.93105160881434,3999.1810171948714
420.20000000002705,VALID,15.440186633113909,73.93089211248468,4001.300764637052
420.30000000002707,VALID,15.440237313098198,73.93073261607698,3996.211147915955
420.4000000000271,VALID,15.440287992968221,73.93057311959123,3998.114561987852
420.5000000000271,VALID,15.440338672723978,73.93041362302745,3996.3350069313806
420.60000000002714,VALID,15.440389352365466,73.93025412638562,3999.0476857149247
420.70000000002716,VALID,15.440440031892683,73.93009462966575,3996.8680698884714
420.8000000000272,VALID,15.440490711305626,73.92993513286783,3997.3388788205452
420.9000000000272,VALID,15.440541390604293,73.92977563599185,3998.187560137325
421.0000000000272,VALID,15.440592069788684,73.92961613903782,3998.06777386053
421.10000000002725,VALID,15.440642748858794,73.92945664200575,3992.753389537385
421.2000000000273,VALID,15.44069342781462,73.92929714489563,3994.5691599736356
421.3000000000273,VALID,15.440744106656163,73.92913764770746,3998.647461570239
421.4000000000273,VALID,15.440794785383419,73.92897815044124,3998.6299242334367
421.50000000002734,VALID,15.440845463996386,73.92881865309697,4000.5167984234445
421.60000000002736,VALID,15.44089614249506,73.92865915567464,3997.0430274776927
421.7000000000274,VALID,15.44094682087944,73.92849965817426,4000.2965193117075
421.8000000000274,VALID,15.440997499149523,73.92834016059582,4000.49017032417
421.90000000002743,VALID,15.441048177305309,73.92818066293934,3998.481518803075
422.00000000002746,VALID,15.441098855346793,73.9280211652048,3999.129335701056
422.1000000000275,VALID,15.441149533273972,73.9278616673922,3996.5731208246266
422.2000000000275,VALID,15.441200211086846,73.92770216950153,4000.658218992981
422.3000000000275,VALID,15.441250888785412,73.9275426715328,3999.2497161662645
422.40000000002755,VALID,15.441301566369665,73.92738317348602,4000.5890257661117
422.50000000002757,VALID,15.441352243839605,73.92722367536118,3999.53938739121
422.6000000000276,VALID,15.441402921195227,73.92706417715827,3998.8058584077676
422.7000000000276,VALID,15.441453598436532,73.9269046788773,4002.128208265313
422.80000000002764,VALID,15.441504275563513,73.92674518051828,4000.414053274696
422.90000000002766,VALID,15.44155495257617,73.9265856820812,4005.3544638395674
423.0000000000277,VALID,15.441605629474502,73.92642618356605,3994.9635807901877
423.1000000000277,VALID,15.441656306258503,73.92626668497283,4002.649449966946
423.2000000000277,VALID,15.44170698292817,73.92610718630155,3998.5650286538316
423.30000000002775,VALID,15.441757659483503,73.9259476875522,3997.9683676210325
423.4000000000278,VALID,15.441808335924499,73.92578818872478,3998.710461868754
423.5000000000278,VALID,15.441859012251152,73.92562868981929,3997.4667087474963
423.6000000000278,VALID,15.441909688463461,73.92546919083573,3999.860637211004
423.70000000002784,VALID,15.441960364561425,73.9253096917741,3998.2076942456247
423.80000000002786,VALID,15.442011040545038,73.9251501926344,3998.75848079543
423.9000000000279,VALID,15.4420617164143,73.92499069341663,3998.2175450123723
424.0000000000279,VALID,15.442112392169205,73.92483119412078,4002.485570110378
424.10000000002793,VALID,15.442163067809753,73.92467169474686,4002.2417781972767
424.20000000002796,VALID,15.44221374333594,73.92451219529487,3997.7935745283053
424.300000000028,VALID,15.44226441874776,73.9243526957648,3999.047134964342
424.400000000028,VALID,15.442315094045213,73.92419319615664,4000.108168260217
424.500000000028,VALID,15.442365769228296,73.9240336964704,3996.734032410319
424.60000000002805,VALID,15.442416444297004,73.9238741967061,3996.009264443392
424.70000000002807,VALID,15.442467119251335,73.9237146968637,4003.0770685370867
424.8000000000281,VALID,15.442517794091284,73.92355519694323,4000.893340707132
424.9000000000281,VALID,15.44256846881685,73.92339569694467,3999.16458189302
425.00000000002814,VALID,15.442619143428029,73.92323619686802,3997.710691182514
425.10000000002816,VALID,15.442669817924816,73.92307669671328,3997.282287984961
425.2000000000282,VALID,15.44272049230721,73.92291719648047,3999.6999066671374
425.3000000000282,VALID,15.442771166575206,73.92275769616957,3997.3162535549827
425.40000000002823,VALID,15.4428218407288,73.92259819578058,3998.8952633620374
425.50000000002825,VALID,15.442872514767991,73.92243869531349,3995.745645470179
425.6000000000283,VALID,15.442923188692774,73.92227919476831,3993.9652995731603
425.7000000000283,VALID,15.442973862503145,73.92211969414504,3998.806417266197
425.8000000000283,VALID,15.4430245361991,73.92196019344368,4002.3805373931446
425.90000000002834,VALID,15.443075209780636,73.92180069266422,3999.858524647
426.00000000002836,VALID,15.443125883247749,73.92164119180667,3996.794125995898
426.1000000000284,VALID,15.443176556600434,73.92148169087102,3995.161094777609
426.2000000000284,VALID,15.443227229838689,73.92132218985726,3995.5287818627944
426.30000000002843,VALID,15.44327790296251,73.9211626887654,3999.6955160712178
426.40000000002846,VALID,15.443328575971892,73.92100318759545,4002.6665395081745
426.5000000000285,VALID,15.443379248866831,73.92084368634738,3996.612333388111
426.6000000000285,VALID,15.443429921647324,73.92068418502122,3996.001076163521
426.7000000000285,VALID,15.443480594313366,73.92052468361695,3996.876021522392
426.80000000002855,VALID,15.443531266864953,73.92036518213457,3991.477530378093
426.90000000002857,VALID,15.443581939302081,73.92020568057409,3988.9673611192015
427.0000000000286,VALID,15.443632611624745,73.9200461789355,3995.5699041341327
427.1000000000286,VALID,15.443683283832941,73.91988667721878,3995.270964828768
427.20000000002864,VALID,15.443733955926664,73.91972717542396,3999.3609614393195
427.30000000002866,VALID,15.443784627905911,73.91956767355103,3990.125568905339
427.4000000000287,VALID,15.443835299770676,73.91940817159998,3987.63127256948
427.5000000000287,VALID,15.443885971520954,73.91924866957082,3989.58996619261
427.60000000002873,VALID,15.443936643156743,73.91908916746353,3990.441336893417
427.70000000002875,VALID,15.443987314678035,73.91892966527811,3993.0083182488656
427.8000000000288,VALID,15.444037986084826,73.91877016301459,3987.158745013097
427.9000000000288,VALID,15.444088657377112,73.91861066067293,3991.934794261744
428.0000000000288,VALID,15.444139328554888,73.91845115825315,3984.4390841790378
428.10000000002884,VALID,15.444189999618148,73.91829165575524,3983.260682903739
428.20000000002887,VALID,15.444240670566888,73.9181321531792,3987.3293935085944
428.3000000000289,VALID,15.444291341401101,73.91797265052503,3984.5386727579435
428.4000000000289,VALID,15.444342012120783,73.91781314779273,3981.9122077162506
428.50000000002893,VALID,15.444392682725928,73.9176536449823,3980.855608524514
428.60000000002896,VALID,15.444443353216531,73.91749414209372,3978.7346302386454
428.700000000029,VALID,15.444494023592586,73.917334639127,3980.6493389054035
428.800000000029,VALID,15.444544693854088,73.91717513608215,3982.563272048885
428.900000000029,VALID,15.44459536400103,73.91701563295915,3986.082845475732
429.00000000002905,VALID,15.444646034033408,73.916856129758,3982.6762031507037
429.10000000002907,VALID,15.444696703951214,73.91669662647871,3981.75613589143
429.2000000000291,VALID,15.444747373754442,73.91653712312127,3984.470096713514
429.3000000000291,VALID,15.444798043443086,73.91637761968569,3985.829597900551
429.40000000002914,VALID,15.44484871301714,73.91621811617195,3990.844798201009
429.50000000002916,VALID,15.4448993824766,73.91605861258004,3988.5250618756654
429.6000000000292,VALID,15.444950051821454,73.91589910891,3989.112838185034
429.7000000000292,VALID,15.4450007210517,73.91573960516179,3992.810085700316
429.80000000002923,VALID,15.44505139016733,73.91558010133541,3986.087433093214
429.90000000002925,VALID,15.445102059168336,73.91542059743087,3987.923203086281
430.0000000000293,VALID,15.445152728054712,73.91526109344817,3985.328426389242
430.1000000000293,VALID,15.44520339682645,73.91510158938729,3984.8992143819255
430.2000000000293,VALID,15.445254065483544,73.91494208524824,3985.148981494938
430.30000000002934,VALID,15.445304734025985,73.91478258103102,3988.393538270886
430.40000000002937,VALID,15.445355402453766,73.91462307673562,3988.356190083331
430.5000000000294,VALID,15.445406070766879,73.91446357236204,3989.503992766583
430.6000000000294,VALID,15.445456738965316,73.91430406791028,3985.370846885696
430.70000000002943,VALID,15.445507407049067,73.91414456338033,3985.6437638263847
430.80000000002946,VALID,15.445558075018127,73.9139850587722,3985.3977546529936
430.9000000000295,VALID,15.445608742872485,73.91382555408588,3978.7047632771605
431.0000000000295,VALID,15.445659410612135,73.91366604932136,3978.285498758832
431.1000000000295,VALID,15.445710078237067,73.91350654447865,3974.395770037147
431.20000000002955,VALID,15.44576074574727,73.91334703955773,3978.990542824483
431.30000000002957,VALID,15.445811413142737,73.91318753455862,3981.991842650579
431.4000000000296,VALID,15.445862080423456,73.9130280294813,3978.8894549138895
431.5000000000296,VALID,15.44591274758942,73.91286852432577,3974.990456285239
431.60000000002964,VALID,15.445963414640618,73.91270901909203,3980.087754595258
431.70000000002966,VALID,15.44601408157704,73.91254951378008,3980.4954883867244
431.8000000000297,VALID,15.446064748398676,73.9123900083899,3978.2090366796383
431.9000000000297,VALID,15.446115415105513,73.9122305029215,3979.61931146463
432.00000000002973,VALID,15.446166081697543,73.91207099737487,3977.3813251947777
432.10000000002975,VALID,15.446216748174752,73.91191149175,3977.4275716645925
432.2000000000298,VALID,15.44626741453713,73.91175198604691,3967.939584931079
432.3000000000298,VALID,15.446318080784668,73.91159248026558,3969.7674128483904
432.4000000000298,VALID,15.446368746917349,73.91143297440601,3963.002926639886
432.50000000002984,VALID,15.446419412935162,73.9112734684682,3960.5572750793713
432.60000000002987,VALID,15.446470078838095,73.91111396245212,3955.6634614166587
432.7000000000299,VALID,15.446520744626135,73.91095445635779,3947.1835116654706
432.8000000000299,VALID,15.446571410299267,73.91079495018519,3943.3971237771902
432.90000000002993,VALID,15.446622075857478,73.91063544393434,3938.756814404037
433.00000000002996,VALID,15.446672741300755,73.91047593760521,3940.604310466654
433.10000000003,VALID,15.446723406629083,73.91031643119781,3934.91990425533
433.20000000003,VALID,15.446774071842444,73.91015692471213,3936.507574463605
433.30000000003,VALID,15.446824736940826,73.90999741814817,3936.545545956882
433.40000000003005,VALID,15.44687540192421,73.9098379115059,3935.6484465143412
433.50000000003007,VALID,15.44692606679258,73.90967840478535,3935.4004229462575
433.6000000000301,VALID,15.44697673154592,73.9095188979865,3935.670501263356
433.7000000000301,VALID,15.447027396184211,73.90935939110933,3929.163393009247
433.80000000003014,VALID,15.447078060707435,73.90919988415385,3928.3589981326104
433.90000000003016,VALID,15.447128725115574,73.90904037712005,3932.595599666924
434.0000000000302,VALID,15.447179389408607,73.90888087000792,3933.6122995952405
434.1000000000302,VALID,15.447230053586514,73.90872136281746,3930.022740783372
434.20000000003023,VALID,15.447280717649274,73.90856185554865,3929.156727802071
434.30000000003025,VALID,15.447331381596866,73.90840234820149,3930.150414364397
434.4000000000303,VALID,15.447382045429267,73.90824284077598,3928.015428314009
434.5000000000303,VALID,15.447432709146453,73.9080833332721,3929.981995668356
434.6000000000303,VALID,15.447483372748401,73.90792382568985,3934.0460439233807
434.70000000003034,VALID,15.447534036235085,73.90776431802921,3937.0100776814056
434.80000000003037,VALID,15.447584699606479,73.90760481029018,3930.9348053376343
434.9000000000304,VALID,15.447635362862554,73.90744530247275,3931.6794387643126
435.0000000000304,VALID,15.447686026003284,73.90728579457692,3935.510783557587
435.10000000003043,VALID,15.447736689028638,73.90712628660266,3935.755821637633
435.20000000003046,VALID,15.447787351938583,73.90696677854997,3934.243465882216
435.3000000000305,VALID,15.447838014733088,73.90680727041884,3933.9496409429353
435.4000000000305,VALID,15.44788867741212,73.90664776220926,3933.0946212796953
435.5000000000305,VALID,15.447939339975642,73.90648825392121,3936.4088922337287
435.60000000003055,VALID,15.447990002423618,73.90632874555469,3938.4265562465052
435.70000000003057,VALID,15.448040664756006,73.90616923710967,3935.1112450467303
435.8000000000306,VALID,15.448091326972767,73.90600972858614,3934.0657976535163
435.9000000000306,VALID,15.448141989073857,73.90585021998409,3939.140310649893
436.00000000003064,VALID,15.44819265105923,73.9056907113035,3933.8586770553593
436.10000000003066,VALID,15.44824331292884,73.90553120254437,3938.8313213301703
436.2000000000307,VALID,15.448293974682633,73.90537169370666,3934.2637797514462
436.3000000000307,VALID,15.448344636320556,73.90521218479036,3934.81744304222
436.40000000003073,VALID,15.448395297842552,73.90505267579546,3942.392863978337
436.50000000003075,VALID,15.44844595924856,73.90489316672193,3936.188646733484
436.6000000000308,VALID,15.448496620538513,73.90473365756975,3940.2053045876623
436.7000000000308,VALID,15.448547281712345,73.9045741483389,3937.750042094965
436.8000000000308,VALID,15.44859794276998,73.90441463902934,3943.1248123895316
436.90000000003084,VALID,15.44864860371134,73.90425512964106,3938.860552595975
437.00000000003087,VALID,15.448699264536339,73.90409562017402,3941.1027025685944
437.1000000000309,VALID,15.448749925244885,73.90393611062818,3939.860329802759
437.2000000000309,VALID,15.448800585836878,73.90377660100353,3942.124064137348
437.30000000003093,VALID,15.448851246312213,73.90361709130002,3947.7046983417463
437.40000000003096,VALID,15.44890190667077,73.90345758151761,3945.7315095054205
437.500000000031,VALID,15.448952566912423,73.90329807165627,3947.4018455842943
437.600000000031,VALID,15.449003227037032,73.90313856171592,3951.7466666274704
437.700000000031,VALID,15.449053887044442,73.90297905169653,3954.010150978757
437.80000000003105,VALID,15.449104546934482,73.90281954159805,3952.323303637353
437.90000000003107,VALID,15.449155206706962,73.9026600314204,3955.8439406536263
438.0000000000311,VALID,15.44920586636167,73.9025005211635,3956.936311825886
438.1000000000311,VALID,15.449256525898365,73.90234101082729,3966.2807764875647
438.20000000003114,VALID,15.449307185316776,73.90218150041166,3967.595618199114
438.30000000003116,VALID,15.44935784461659,73.9020219899165,3972.3554053896255
438.4000000000312,VALID,15.449408503797445,73.90186247934172,3970.5722772135414
438.5000000000312,VALID,15.449459162858918,73.90170296868713,3971.6811930155486
438.60000000003123,VALID,15.449509821800506,73.9015434579526,3971.1007886580155
438.70000000003125,VALID,15.449560480621603,73.90138394713789,3976.3646422118336
438.8000000000313,VALID,15.449611139321462,73.90122443624276,3983.7341890209755
438.9000000000313,VALID,15.449661797899143,73.90106492526688,3980.8888830623014
439.0000000000313,VALID,15.449712456353426,73.90090541420984,3983.7597613369703
439.10000000003134,VALID,15.449763114682657,73.90074590307108,3980.04138814937
439.20000000003137,VALID,15.449813772884477,73.90058639184979,3985.3775927695065
439.3000000000314,VALID,15.449864430955245,73.90042688054471,3983.564724076494
439.4000000000314,VALID,15.449915088888597,73.90026736915368,3984.88225524908
439.50000000003143,VALID,15.449965746670578,73.90010785767193,3988.804330336715
439.60000000003146,VALID,15.45,73.9,3990.8907364818033
