timestamp,ax,ay,az,roll_rate,pitch_rate,yaw_rate
0.0,-0.001585453577042199,0.01146226359576811,-9.802082253029356,0.00044753712304770556,0.00013385780026076383,6.540281732966565e-05
0.1,-0.0010564109723432424,0.00489183684927555,-9.816172329922628,0.0015297218501503017,0.0013652793566205684,0.0003247710783008823
0.2,0.01177373141524537,0.01335656491883064,-9.810563130473765,-0.0006861726204397412,0.0009187196805443404,-0.0012844097997858702
0.30000000000000004,0.009126917119346876,0.004646881133824347,-9.816935846340042,-0.002155401560222362,0.00035768975014012505,0.0006853854095227694
0.4,0.004026371047611479,-0.02532572353346184,-9.806392564904584,0.00024105621326652512,6.470656038389575e-06,-0.0008604011339968978
0.5,-0.015486589339636153,0.013349030483690912,-9.810388007516591,-0.001469806092463955,0.0010933903997769798,-0.0011865354704474575
0.6,0.005306302268669237,-0.013341197711960115,-9.812928805774703,-0.00019412541197063468,0.00185760440609898,-0.0011724587792575306
0.7,-0.008343087030435839,0.01128176040191045,-9.798292737918446,0.00012477677196778413,-0.0005957718226180416,-0.000570934896025545
0.7999999999999999,-0.016321163695034183,0.009722061100505183,-9.803156871021617,0.0008645038329345855,0.0008435414435845965,0.0005215170505461571
0.8999999999999999,0.010185309337762068,-0.009265114390045247,-9.790546234298043,0.0003584772747002251,-0.000660569099738769,-0.0010040169018706007
0.9999999999999999,-0.002024784481815061,0.008214433332890432,-9.804288160740539,0.0012729083279984948,0.002290388157122388,0.0007531857634251901
1.0999999999999999,0.011173345004462319,0.008416096982721132,-9.81842629463134,-0.00043545085050890136,-0.00019059636076450097,0.0010711735754859314
1.2,-0.01276157044980766,0.02343857827002203,-9.817413055803724,-0.0009553072914810752,-0.0006049047257569056,-0.0009850602789145595
1.3,0.0012739596777366939,0.0017232476933588476,-9.791054062449184,-0.0003609152648315972,0.0011356385161257073,0.000785443980224109
1.4000000000000001,0.004634067798358664,-0.020685274407931442,-9.805106817818803,0.0002105369001554906,-0.001058990117677556,0.0008643047650949567
1.5000000000000002,0.013390188804832429,0.007660677699857516,-9.809680173498979,-0.0010876546340562422,0.0005784213422785284,-0.0007936859029898995
1.6000000000000003,0.004911021016051622,-0.008496522756344665,-9.817952330602367,0.0005608794889638813,-0.0005168970920977207,-0.001992980565672468
1.7000000000000004,0.012001767204468715,0.005855178107200463,-9.802143066134976,-0.0013183299210018336,9.52293582640162e-05,0.0009600307175653418
1.8000000000000005,0.005265217396585698,-0.004570957932789044,-9.800442834843075,-0.0002846360216964928,-0.0015565929018108264,-0.0001866179244942523
1.9000000000000006,-0.005600828496182665,-0.012131674749124095,-9.800370570367756,-0.001057454914704304,0.0012557001362104258,-0.0007166627639763846
2.0000000000000004,-0.0029103211129612857,-0.001792043643834225,-9.80394010258171,-0.0003917023052123938,4.8590293960259184e-05,0.00032679762978182
2.1000000000000005,-0.0069588006771597,-0.0066395649783017935,-9.82053394378607,-0.0014994726150468773,0.0016835057551168701,-0.0006321524932445979
2.2000000000000006,0.005170202311862771,-0.008318958993895079,-9.793818044788473,0.0005617014410419914,0.0011144877082618293,-2.141448609072195e-05
2.3000000000000007,0.010415847648724282,-0.0076373174901158475,-9.824189524669631,0.0012468220510901602,0.0008772278451304318,0.00037525329821694564
2.400000000000001,-0.0013780961229673345,-0.0038926844517929195,-9.819360380699576,-0.0003289351990311091,0.0001901181015063626,0.0010160495224387249
2.500000000000001,-0.000611303504471598,-0.014883352994285495,-9.824521375103826,-0.0009399428396337783,-0.0011101185835769936,0.0007231524279724578
2.600000000000001,0.011916755216314778,0.008588006206214263,-9.816971975512208,-0.0012174912397356359,0.0008614062716169729,-0.0027502850827448725
2.700000000000001,-0.004553803604393973,-0.02672698787937795,-9.814563362634741,-0.0006652652117263763,0.0009917108818801017,-0.0010963650890137046
2.800000000000001,-0.003919635920696251,-0.004019938260580842,-9.81836153283116,-0.000362790301907335,-0.002011958080490913,-0.0010340779100605083
2.9000000000000012,-0.0014612612999458977,0.001344869141145463,-9.801041047514449,0.0008626633317602853,0.00017496255563836125,-0.0002508438223179939
3.0000000000000013,-0.00773644203983967,0.004787923658274487,-9.823106089692017,0.0005063501377125976,-0.0007958790071209211,-8.832576491283556e-07
3.1000000000000014,0.01241706358969969,-0.013331284528168752,-9.805854324159247,-0.0003116431865741425,-0.0007161981520730723,-0.00014739359649596935
3.2000000000000015,0.01879623749076784,0.013050345411899391,-9.815943536655025,-0.0009304043703765572,0.00019575903958330811,-0.0019205484448235734
3.3000000000000016,-0.004659672176159922,0.001017680280711529,-9.800313805722736,-0.0006899445149716393,-0.0005714075889576808,0.00033588444325220306
3.4000000000000017,-0.019952342159239186,-0.002539361844256217,-9.804983282174998,-0.0002291041616786724,0.002259011391753128,0.0021185984490289917
3.5000000000000018,-0.014025358033234927,-0.002079557110384803,-9.813506753261205,-0.000970202002137152,-0.001595595905289205,0.001258061595548549
3.600000000000002,-0.0015343795090247687,-0.0015092214003636414,-9.791464070975758,0.000453283864086744,-0.001376810720653418,-0.0009051390079124417
3.700000000000002,-0.015748231834041823,4.052954612977909e-05,-9.815473071493301,0.0007822761012861489,-0.0004565372695482398,0.0007106752976245298
3.800000000000002,0.01937887227800399,-0.006493529238867364,-9.812822692882632,-8.234713348308569e-05,0.0016283564025098003,-0.0008004585640116363
3.900000000000002,-0.016661708577605606,-0.019690063622707824,-9.809566472911358,-0.0013660997320188233,-0.0007301462341262655,0.0012032269392178688
4.000000000000002,-0.005460650925586875,0.00291092039277799,-9.8075059572969,0.0004045018010124243,-0.0003910619360491223,-0.0008747614204103311
4.100000000000001,0.022210254149079005,-0.0016743795357177613,-9.810996439857664,0.00045208843230722627,0.0009624155116794463,-0.001678495125026748
4.200000000000001,-0.011509749254163105,0.012450687163337016,-9.79992953099686,-0.0004100257921276094,-0.001297708609988738,0.0004995828384806119
4.300000000000001,0.008775754862407496,-0.012882436676124525,-9.80444708441175,-4.243297619418444e-05,0.0004193426702517799,0.0002971549067885391
4.4,0.007818325826748612,-0.003078654604028962,-9.80488524149638,0.00025453494193891337,0.0012214817491192893,0.00018361340387089805
4.5,-0.005393820732286011,-0.006142082510202927,-9.807233655744412,3.3791612673407906e-05,-1.751161111286059e-05,-2.9997853442485225e-05
4.6,0.0007806531966046927,0.01087987181740893,-9.829656020612715,0.0012262391071221279,0.0010755834946561686,-0.0004723207808126418
4.699999999999999,-0.007081474468666406,-0.006181897895937245,-9.812128123014022,-0.00026703551143642706,0.0007096589681103833,0.001739683044532819
4.799999999999999,-0.011274893726767342,0.0030127642697916936,-9.802789175019845,-0.0012624450686420804,0.0005338023978007068,0.000996696646131471
4.899999999999999,0.005684091109331817,-0.007334862509093966,-9.803724009998188,-0.00019478539520655054,-0.0005144493175982582,0.0004097395860452607
4.999999999999998,-0.0014274123392486852,0.00690066228288189,-9.819563630238422,-0.001361136062573654,0.0003901506804503447,-0.00037085530955401075
5.099999999999998,0.015241289518706947,-0.0004121425207571558,-9.811881389717204,0.0014834396200378412,-0.0007076139307777799,-0.0005956224358087145
5.1999999999999975,-0.0006347341020404701,0.0041844815811401806,-9.805788311940486,0.0019296559503767811,-0.0010110883926794127,0.001058553948624283
5.299999999999997,-0.006935481959513324,0.002343117670883257,-9.816468988185541,0.00029871969782100554,-0.0005901741930488664,0.0002951408671082907
5.399999999999997,0.01216129573046971,0.012978533427534505,-9.815736929994111,0.0014068503764360254,0.0019882350808177645,-0.000978137697421367
5.4999999999999964,0.005954727247891068,-0.01010368638359376,-9.811879059117306,-1.903685241449481e-05,-0.0005314978104172558,-0.0010451349600497854
5.599999999999996,-0.010661058088832344,0.01645316642957944,-9.809754749164831,-0.0017573656894656331,-0.0006460316584432593,0.0010194490226870378
5.699999999999996,0.0037425929776614348,-0.021490868296605802,-9.825830455989715,0.00012802756453372655,-0.0006591180236396797,-0.00027034421928579606
5.799999999999995,0.008669516757126428,-0.008948736888962798,-9.803901636123987,0.0011687115151302924,0.00037236455191493544,-0.00044532579420717225
5.899999999999995,0.0071904703718739076,0.01223923492420328,-9.798977220420099,0.0012918858423792716,-0.000879618409139334,-0.0007062578786002064
5.999999999999995,-0.02582169758326068,0.007889972516728724,-9.814307208247863,0.0012196893530013015,-0.0022974112977685777,0.0010565523177053168
6.099999999999994,-0.000691429521088433,0.0006384282625948803,-9.821776130667013,0.0004289689782464199,-2.088239311171306e-05,-0.0014093943248053924
6.199999999999994,0.005668611293284033,-0.004856210659339208,-9.82268972233285,-0.0014049964463117967,0.0013813900077929546,-0.0011541517011250527
6.299999999999994,-0.00559087841133394,-0.00880727370398624,-9.79540475608066,-0.0007658767755866897,-0.0021565650616893043,0.001003709819787068
6.399999999999993,0.019526378570516898,-0.017901369634334415,-9.786979794203523,-0.0007574907381474611,-0.0008769822475120836,0.000522580299571557
6.499999999999993,0.0023524743372778305,-0.00036837354463969225,-9.79234673432137,-0.0006101077183358179,0.0005195365118179355,0.0013220089148500498
6.5999999999999925,-0.012061297859482853,0.01134219559158804,-9.795489033123927,-0.0008288303127264302,0.0004411793031743403,-0.0006749623568535267
6.699999999999992,-0.011261799640655427,-2.6455972816342926e-05,-9.803564780680812,-0.00026094654676236,-0.00028331345975374613,-0.0014761101387551535
6.799999999999992,-0.013641755027786862,0.01896000318041093,-9.803746754456935,-0.0004503612851254024,-0.0006428072913653013,0.001289545609523714
6.8999999999999915,0.005587994732271265,0.005987628717570789,-9.798288575222626,0.0010437751395164251,-0.0004580384961218686,4.142122527334281e-05
6.999999999999991,0.006532902178823312,-0.010664181193518503,-9.814101467959958,-0.000618710938073843,-0.00038074488257629,-0.0008093762793456879
7.099999999999991,0.003700813407841746,-0.000457099195419166,-9.80049112097714,0.0002874017953822981,0.0003600990865677345,0.0004165037804580994
7.19999999999999,0.0005377331464961589,-0.012592714172925743,-9.812088094578279,-0.0005829840540713609,-0.0010865436206147433,-0.0013160642716733705
7.29999999999999,0.005345360099843321,0.003173465324314986,-9.818595026327381,0.00022748719057955657,0.0007258553739990684,-0.0010408418972519468
7.39999999999999,-0.009759720652140333,0.0019301866595158883,-9.806804361475905,0.0005586651040177874,-2.3143632609612628e-05,0.00017068484685584358
7.499999999999989,0.006724807100245375,0.011491201228866304,-9.821725491355203,-4.1504478313615204e-05,-0.0012600852508629786,-0.0003452360370273739
7.599999999999989,0.012139104636171096,-2.4784004767006314e-05,-9.80891127877164,-0.0008416299838475805,0.00042371720825750797,-0.0011487846942420939
7.699999999999989,0.01595696680377856,-0.01944556873391338,-9.803127915130506,0.0019947069167971293,-0.0014102288801099028,-0.0015693673474885407
7.799999999999988,0.01829110678216229,0.005615857214247899,-9.810492032187586,-0.001963358043860257,-0.0001852250211135244,0.0008787932964367724
7.899999999999988,-0.005446385992016474,-0.007586327690093597,-9.828181245183613,-0.0005438388760379122,-0.0023297843900513906,0.0022828130804858062
7.999999999999988,0.01260821614084019,-0.0103044400205321,-9.808852981878688,-0.00014857789124547694,-0.0015610873788859737,-0.0015026523364543335
8.099999999999987,-0.007363006508163501,0.011475151192620658,-9.796203514937776,0.0009740276273131409,0.0005135891822269779,0.002791860552302645
8.199999999999987,-0.0024891519829148934,-0.002057469702530238,-9.815064456133497,-0.00010869281460971995,-0.0006713890410821933,0.0013399706861880742
8.299999999999986,0.016273281250165597,0.009449092514074664,-9.815625083589492,-0.0013880921475840785,-0.00021229062440805072,0.00044379897410429936
8.399999999999986,-0.01455905155039744,-0.0030061527175403975,-9.796204175602035,-0.0004997902755774029,-2.384096931699294e-05,-0.001101992481470595
8.499999999999986,0.0015557167501803785,0.01233798346998211,-9.798432066057627,-0.0005183016095074151,0.0013334707176367163,0.0004972576118520507
8.599999999999985,0.007126453952783665,-0.009084591855720824,-9.812377381148934,-0.0005442847138641599,-0.0005660851247082159,-0.0010900694964558124
8.699999999999985,0.0034556962628836036,-0.011188275220698348,-9.820184223812355,0.00036118933787583597,0.0023475823243261596,-0.0019800110641399337
8.799999999999985,-0.007397008390187384,-0.0011442826150326246,-9.81073163181475,-0.0007632099938512523,0.0003564582388076735,-0.0002866872588753618
8.899999999999984,-0.017792936209153672,0.013188897717454445,-9.791567309346243,0.00041320484969784444,-0.0012521796995733833,-0.0009382685770172126
8.999999999999984,0.015103215688527856,0.006301790067541326,-9.808104000502635,-6.726432286155281e-05,0.00019185506563268874,0.0018743015227124975
9.099999999999984,0.0037989842467503316,-0.012759986663978522,-9.797931882033293,-0.0004913930698228878,0.00025013407762643935,0.0017850707205412522
9.199999999999983,-0.0019189241282621214,0.0068500856648626976,-9.810884051408276,0.0005849499377202092,0.0005357616380478348,0.0016872509859202807
9.299999999999983,-0.0004491499993222245,0.00015653997042130695,-9.804521559180092,-0.0001922662896648516,-8.456526809292675e-05,0.0011948628750064378
9.399999999999983,-0.014090821855570868,0.017923307247610626,-9.801661095842185,-0.001877701671475164,-0.0003704956856494146,6.120864183185391e-05
9.499999999999982,-0.00015591493927700765,0.005721007679264232,-9.79996412045024,0.00028714161607226816,-4.81517977740933e-05,0.0007117224186048128
9.599999999999982,0.006799650550942215,0.0017055851711218208,-9.801048072384777,-0.00012673589439484443,-0.0002798952106971096,-0.0009611978156002924
9.699999999999982,-0.0049650913720131655,0.008974006331694649,-9.820107772060629,0.0002277935852714865,0.00038784014495578845,-0.00017606630454874105
9.799999999999981,0.007808811631658021,-0.013790381161809197,-9.800813747946204,-0.0015002436564966483,0.0002756964323413468,-0.000301021393682579
9.89999999999998,-0.007752837307316194,0.011446165563996144,-9.809036821515228,-0.00010851292804402368,-0.0003928637963458344,0.0005425855302395758
9.99999999999998,-0.002576623067180241,0.017341700770232008,-9.829625173732795,-0.0018231567733772043,-0.0002941950245361815,-0.00014683712977673878
10.09999999999998,-0.00018928431374068617,0.0093298040308475,-9.79603222758042,0.0010521807275134648,0.0021435483846556093,-0.00022057630514979494
10.19999999999998,0.018404654214828176,0.0016131725128094643,-9.803307011221388,-0.0002252552011082737,3.868688165996948e-05,0.0006721960823109682
10.29999999999998,-0.01705287329847846,0.010790551608525434,-9.80767146574286,-0.00045037766238252986,0.00128771239217225,0.001247509120108384
10.399999999999979,0.012061729259033704,-0.012959759978914884,-9.813723542493678,0.001139479399909963,0.001624818736582717,-0.002291041585755957
10.499999999999979,-0.011550203946018826,0.007130055998421921,-9.801205718377243,-0.002241727842285223,0.00040570299934281274,0.0003253573661188678
10.599999999999978,-0.0035199947681651207,0.005726339927002359,-9.803899122112627,-0.00022279993771542067,-0.0005849464865250455,0.0005762178418642319
10.699999999999978,0.002771391685144547,-0.014397321234435578,-9.815271003273232,0.0005410795187785352,5.503686372254672e-05,-0.0004648932706937629
10.799999999999978,0.004143088949511857,-0.003206797750562997,-9.80832089372488,-6.607290632007258e-05,0.0007156565922447895,-0.0005880102532193704
10.899999999999977,0.02394099276821828,0.003869837667352406,-9.818511294045159,-0.00039137323316998124,0.0011588446706673364,0.0014077158375211257
10.999999999999977,-0.005506811882128808,0.00023051689881137385,-9.806667142058332,0.001327961519789643,-0.0010814006074794918,-0.0002921604477162315
11.099999999999977,0.00730966240093339,-0.008628735931682388,-9.800625251094994,0.0006025746292556429,0.0002977668224652751,-0.00021047386681617938
11.199999999999976,0.00034147250839501147,0.01085688108617681,-9.79845362589244,0.0010657865958455174,-0.0005253126013042245,-0.0012781547727594238
11.299999999999976,0.009036588863068297,0.0247050193427421,-9.807165519964954,-0.0006015690958306397,-0.0010724383920656779,7.049425127115519e-05
11.399999999999975,0.001986466581594409,0.0024616472195281716,-9.803863872318203,0.0003344165783786565,0.0017844286902411646,-0.00032100912317333284
11.499999999999975,0.002924704285558602,0.001609756330865908,-9.807218912733793,0.0011835387216883504,-2.140755179197921e-05,0.002652951341038046
11.599999999999975,0.014108256698758058,-0.007724100374687194,-9.802854099138752,0.0008172220529054646,-0.0002485417790554748,0.0005901194119935011
11.699999999999974,-0.007017689544726241,0.007327193879541497,-9.805874406881026,0.0007836254307456651,-0.00014307896833264322,0.0013785263843163161
11.799999999999974,-0.004362202926017979,-0.002034494538265807,-9.81141168162517,0.0009304793095820603,0.0007548739119827768,0.00010949170538022369
11.899999999999974,0.00470725624066284,0.008508898085117685,-9.806336499635268,-0.00011216328590886504,0.0002478703963462553,0.0007088345814990726
11.999999999999973,-0.0033530033660264277,0.016148907141655403,-9.812659801822349,0.00017063236609727263,0.0009359834135854296,-0.0005072311076269965
12.099999999999973,-0.00555993607135115,-0.015588276336498362,-9.796358877272878,0.0013077640838822142,0.00040053527883437636,-0.0010802543383863015
12.199999999999973,-0.002958615780556514,-0.00882102059319171,-9.811940700634517,-0.0010779962056954328,-0.0003895282576285221,-5.569315066609561e-05
12.299999999999972,0.010277546533093262,-0.0020630576170350442,-9.799634626726476,-0.0008797544504976538,0.0017331576947238671,0.001841557419716045
12.399999999999972,0.005218232268563961,-0.02214368340328456,-9.82077637829173,0.000314669953144894,-0.0006008526766558361,-0.001074043150078119
12.499999999999972,-0.0041176712948739185,0.014142517722476575,-9.811359709956172,0.000348102510384731,0.0015298675371332607,0.0010845646799288987
12.599999999999971,0.009230057035173374,0.017522587359077392,-9.800878726840223,-0.0010495542937887844,0.001878208692321728,0.0004452522695718581
12.69999999999997,0.007392368395298523,0.011498798984536906,-9.793701693615251,-0.0005203590721336502,0.00045591612943874916,0.00034186166554936627
12.79999999999997,0.011872809001595812,-0.0027212330092671122,-9.805947907130397,-0.0020861828807213854,-0.000603226580820876,-0.0003966467213770725
12.89999999999997,-0.003026886317868484,-0.010091887692077774,-9.80699053243271,-0.0010618756361330162,-0.00048354782815921517,0.001360013866411385
12.99999999999997,-0.008859817249876502,-0.007701599825944206,-9.81221702323764,-0.00189853850386604,-0.00289359246197399,0.00035354631586610486
13.09999999999997,-0.014075689072321783,0.00659911163604826,-9.822817651833235,-0.0006337171654092115,-4.811290068239123e-05,-0.0013292079043457485
13.199999999999969,0.0008138982855155608,0.0015823142171094424,-9.810493598159011,0.0005210988784793687,-0.0005798643867660617,-0.00020348024530508568
13.299999999999969,0.01793468016867047,0.0011254598298657836,-9.805891226017586,-0.0007162069951769748,0.00034630709191627723,-0.0001028610695296084
13.399999999999968,7.273447879830645e-05,-0.016179479157137296,-9.793302509021341,-0.001247443614107622,0.00027715458007490537,0.001902614763967815
13.499999999999968,0.004828345324259764,-0.005173681130762714,-9.818296294088697,0.0005359691323074269,-0.0003569138566269358,0.0005104101080982321
13.599999999999968,0.007984799755899328,-0.006533227757201387,-9.807321333763452,0.0003399685229672749,0.001053310717395705,0.0016593846170848382
13.699999999999967,-0.0011834949545055766,-0.019571587071261737,-9.833055674652766,-0.0006206320631088832,-0.000715379605720936,-0.0005225086976120005
13.799999999999967,-0.009479014704190441,-0.0009060949515650904,-9.809599862811407,0.0011850791538841018,-0.00017937680731242706,-0.0001254333400153017
13.899999999999967,0.0014508933171756716,-0.0034445417195443084,-9.81452323221951,-8.859658463477515e-05,-0.0011823219441709223,0.0004650419825362116
13.999999999999966,-0.006676831823860997,-0.014691050676756662,-9.790027800286575,-0.0004411566777344892,-5.77518888405823e-05,0.0003413116392622386
14.099999999999966,-0.007829961417571429,-0.0018632593894893,-9.804411690742157,0.0005559570767347108,0.000183164281960886,0.0017955749327480622
14.199999999999966,-0.01771311292290583,-0.002727009419828303,-9.828511224957328,0.00022574225999924972,-0.0013141675530913724,0.0013204264340038233
14.299999999999965,0.005035555085274106,0.00943439451641904,-9.823753538448772,0.0002849011631774006,-0.0007680287981381875,-0.0011596220115113404
14.399999999999965,-0.00018646132502636576,0.003448725101342975,-9.82505515825139,-0.0015157688786760482,-0.0004610713094612874,-0.0007479878207986944
14.499999999999964,0.0022721159412609103,-0.008593329067834473,-9.811220265881975,-0.002129323769161584,0.00014846286709512192,0.00046903349831431315
14.599999999999964,-0.01706770314134051,-0.009168899179505034,-9.823692901161156,0.0005628478566546715,-0.0012890408895809896,0.00035803395267710594
14.699999999999964,-0.010208221225548613,0.0027572156045188585,-9.813891751920226,0.00043018428267481803,0.0004096600652798763,0.0006009053413945085
14.799999999999963,-0.008076646835852005,0.004900825723410153,-9.79788815025097,4.001657373810583e-05,0.0023473797707869873,0.0005644467829699578
14.899999999999963,0.0021219259091372882,0.007560308433148594,-9.806344225198375,-0.0008032230133507634,-0.0002822357884616815,0.0011146197036145328
14.999999999999963,-0.021792290222160445,0.0014772466181697764,-9.804638479660655,0.0013249829598395448,0.0010951856179993997,0.0003701982589217831
15.099999999999962,0.00047374464356375097,-0.013327291935593025,-9.802556956403125,0.00011556450405030557,-0.0017729183591705258,0.00230893783027994
15.199999999999962,0.008341974104923246,-0.017928731186879363,-9.811478926383485,0.001168670897601201,-0.00035578213737681415,0.0011722872020080114
15.299999999999962,-0.0015246922886554843,-0.003765470130711261,-9.798592159692962,-0.00010936084721769948,0.0009559418145406899,-0.0011025462259348334
15.399999999999961,-0.0038483218246540643,0.010697840387816857,-9.812511294716115,0.00011153808959374753,0.0004505056506307697,0.000733790341886028
15.499999999999961,-0.0074917693439787774,-0.009153250442103808,-9.804804423840663,0.0011176144844071052,0.00045154672826320787,-0.0007642058727976603
15.59999999999996,-0.015047811745536868,-0.0037851253811169243,-9.805257879785264,-0.0004744347871394635,-0.0018180581457064341,0.0009016378726256348
15.69999999999996,0.009749212426236558,0.014238391069860884,-9.809484671842485,0.0005573884268830705,-0.0005821012831983086,-0.00037379100883007296
15.79999999999996,0.022421976130760995,-0.0022492986627799974,-9.80134294287387,-0.00014084484790406998,-0.0016216921263154764,-0.00034647862039597
15.89999999999996,0.015419980620403674,-0.015101935162627613,-9.811040757448739,-0.001128654610340637,0.001685673278888125,-0.00020193514592747218
15.99999999999996,0.004293968527808362,0.002816288301297958,-9.82424741301205,-0.00010467776686566163,0.001523898325584583,2.9145950878722955e-05
16.09999999999996,0.018199228972716794,0.017986891543953994,-9.823628206850707,0.0006316943415322015,0.0010243934779923798,-0.0016548860253796829
16.19999999999996,0.004070416373087101,-0.02641381512589131,-9.80508704397043,0.0012656444603555495,0.0002717902352913876,0.001188515054894021
16.29999999999996,0.020144155594141015,0.004083721792676484,-9.826642294765474,0.0006807817348802851,0.00017851582456532362,0.0021190667679696694
16.399999999999963,-0.009423136121429273,0.010060913963610167,-9.808514357183201,-0.0007861458673851199,0.001501056769670963,0.001182186635807147
16.499999999999964,0.00674400481415373,0.0006171937965567297,-9.805921439708419,0.0005439643710359352,-0.0013884739652194986,-0.0016896744079939023
16.599999999999966,0.01070560879611453,0.004949403129978252,-9.801380671810639,0.00026852937532973473,0.0015386602494073358,0.0012416059547493204
16.699999999999967,-0.004128380714792753,0.0072852186916573915,-9.79751791059721,-0.0010912395407827544,-0.001710942859641146,-5.6909021104126097e-05
16.79999999999997,0.0004755729739494555,0.006771707560501272,-9.814764411231915,-5.093684501661892e-05,-0.00013242023351266565,0.0005912813738946183
16.89999999999997,0.007827326269064783,-0.008658442003475523,-9.801780019205076,0.0002705398350297694,0.0008149409417702195,0.0002938227508492855
16.99999999999997,-0.001959119646686142,0.002759540026234121,-9.820330809900202,0.002250429145371659,-0.0011318538339889334,-0.0003839775089365852
17.099999999999973,0.001670217816028513,-0.014685128275973638,-9.808779452190576,-0.0015322095667606318,0.00034154773041241457,0.0008493487783897776
17.199999999999974,0.004302238677218657,0.0073025299049105956,-9.800524616725546,0.0007538099489139471,0.000731221046287454,0.0004462730272326564
17.299999999999976,0.03784573768987432,0.013755912067717518,-9.838591495712564,0.0010992902792308311,0.0011933513137914488,0.0007515250418682945
17.399999999999977,-0.008690903534694247,-0.002126115008021049,-9.81505119179656,-0.001527998648566531,0.0014686063603426103,7.244886413046958e-05
17.49999999999998,0.018028337370420637,0.004243367407241909,-9.814289960450848,-2.97252772251252e-06,-0.00016539199684276296,-0.0007668079093652951
17.59999999999998,-0.0011497451660819004,-0.0041297677471255284,-9.802074895704136,0.0009814053087404447,0.0019147818510733907,0.0004805297025003975
17.69999999999998,-0.0192764294182511,0.0017078772357011246,-9.81838554094427,0.0003564169400956089,-0.0001931664467785648,0.0005009852335672633
17.799999999999983,-0.011206040382203223,-0.00974747242299549,-9.786051574493047,0.00014707665773728955,0.0022813112374342995,-0.0004673729092060519
17.899999999999984,0.004039951540663956,0.004588466501352531,-9.807714566945727,0.0005136350852189639,-0.00020485821565756424,-0.00022388895869694745
17.999999999999986,0.006792909915724338,-0.0031436845782403387,-9.808983392894516,0.00035931425069695816,0.00118269548868486,0.0008405140947054404
18.099999999999987,-0.0010245036288421502,0.009832336472911506,-9.825419157172055,-0.001175373379967537,0.00030279784798144233,0.0011742904181769776
18.19999999999999,-0.010779318587637164,-0.0018054569512925614,-9.807375692086023,0.00010044210215912251,0.0008133274876165288,0.0005963769829802915
18.29999999999999,0.005502255004997463,0.004100490067274954,-9.821492614385033,-3.2775172455451555e-05,-0.0013782816953413672,0.0004282457799279575
18.39999999999999,0.0004098500122822655,-0.005632798313765154,-9.824837063426871,0.0017806752766688352,0.0003671369889464606,-0.0009186894702261725
18.499999999999993,0.010663756550085527,-0.012421358755016694,-9.803143045767667,0.0004891889366227013,0.0005278607997263509,0.0011560608962688723
18.599999999999994,-0.007369000897458681,-0.011491969844850269,-9.802790142979273,-0.0015413869215564118,0.00034038663977667644,0.0008932441371057018
18.699999999999996,-0.0038538411983690835,0.009763315522309642,-9.81477899470802,-0.0012527407010727606,0.0004462928417953475,0.0017058011013127402
18.799999999999997,-0.0039057281586492142,-0.021265664678298237,-9.79959617516487,0.0023574179668836934,0.0006616948263463242,0.0006159129049391913
18.9,0.004384741800393636,-0.0038197832133112022,-9.811037186338725,0.00047838870661749244,0.0009082927624547027,0.00018445661752536323
19.0,-0.00454720277525371,0.011487373447059085,-9.837770979275557,0.0005964450151256932,0.0009708147057396764,0.0012261289652676086
19.1,-0.00736075495501631,0.008151429103911974,-9.814792772234277,0.0005827325939199673,-0.0005201736285697743,-0.0010568747306592679
19.200000000000003,0.00830561458406381,0.0037021120888507627,-9.825390385299789,0.0003104869964861383,0.00047615716468262794,-0.0019836587522864668
19.300000000000004,-0.003587269841005095,0.005438512141820882,-9.798811477154887,0.0006578512219820676,-0.00030504914293495077,0.0007790141797069081
19.400000000000006,-0.009827243520857936,0.002606701478466446,-9.809295503842216,0.000657968353990318,-0.00044320808558096457,8.587875724291846e-05
19.500000000000007,-0.018075930097123268,-0.0002667036382866968,-9.807903940188536,-0.0001506001000595368,-0.0005695336428424067,0.0005465152953260846
19.60000000000001,0.013728509334912369,0.00391814974369214,-9.814827372753008,0.0004920623125871955,0.0001572226030473225,-0.00031650203003424877
19.70000000000001,-0.017861148535282336,-0.00878527175946468,-9.819331123322904,0.0018427154823372172,0.000988531080727069,0.00016486899266281198
19.80000000000001,0.006398517764536687,0.002055253596185313,-9.82184988535302,-0.0011619248693688989,0.00042688514578749856,2.8597252693826148e-05
19.900000000000013,0.0026727278524393745,-0.014444589357542968,-9.809303627658144,0.0008566233044832744,-0.0018520093762353946,0.0002497817221391869
20.000000000000014,-0.014809526847951046,-0.0010114725601730419,-9.806528210993445,-0.0016113012379315196,-0.0009495820888231543,-0.0012924085811401088
20.100000000000016,-0.000430895568879293,0.00030786833140159577,-9.815906625051039,0.0002928145887187717,-0.00013034860597875282,2.6385668283247228e-05
20.200000000000017,0.006329078190746062,0.0024591541433575397,-9.799173222871904,-0.0002938255993782223,0.0009196228537431963,0.0003912583610648285
20.30000000000002,0.0069978503954908336,-0.0016176012244252258,-9.802636496261563,-0.0001678649604135934,0.0011345922373090964,-0.0008918656572390365
20.40000000000002,0.0014460577962122458,-0.011909730311030193,-9.811612972239589,-0.001379654152975631,-0.00026595143272128426,-0.0004826293098023295
20.50000000000002,0.0006874325144227688,-0.0036844815755785404,-9.815137690862446,-0.0019601298632639067,-0.00019083659219976503,0.0005389271007831652
20.600000000000023,0.0024145830772371053,0.008444447810006021,-9.807104167123905,-0.0007443655564673664,0.0009260161782530919,2.1267202685522552e-05
20.700000000000024,0.0031623893642394496,-0.013217857278930425,-9.824088190585709,0.0007554906566037571,7.769720156022306e-05,0.00023936387850318549
20.800000000000026,-0.016081154420596454,-0.0008038172936384977,-9.827400399761403,0.00038711399454113317,0.0005746651273392673,-0.00021182460784413464
20.900000000000027,-0.00888690271841976,0.005795523814893484,-9.812263759298546,0.0009873092434300533,8.217185437566381e-05,-0.002209487291163175
21.00000000000003,-0.0014336370217673678,0.019767172997260038,-9.806532901221095,-0.0005881223516739585,0.00019047071562333824,0.0013012175076041813
21.10000000000003,-0.0011525053864690459,-0.0020605089194038716,-9.79894285372372,0.0019753715303497755,4.340254777311631e-05,-0.0015391193353826826
21.20000000000003,0.02166961241573638,-0.00020425362312085675,-9.824751688219846,-1.7034102179595636e-05,0.000768120393425397,0.000365587928272272
21.300000000000033,-0.010698828730779429,-0.0023689359621352664,-9.799449529412954,0.0016497082313693303,0.0018059537743780594,0.0010908666812681688
21.400000000000034,-0.0017522918394978855,-0.002382424883867287,-9.793778986344398,-0.00045181529732451505,0.0004279277183387302,-0.0013847567781440663
21.500000000000036,0.00278239208210886,0.007354317135801071,-9.810612801838724,-0.0013853755133524646,-0.0012358416858916405,-0.0008121692514834472
21.600000000000037,0.00894787365482654,0.012717322233464657,-9.81835797646681,-7.824563539329553e-05,0.00012855357392171183,0.0004186357468675226
21.70000000000004,-0.009904274213557171,-0.0018169391119620354,-9.829418072223666,0.0006760579559491049,-0.0006845519590145699,0.0004429652249666643
21.80000000000004,-0.011414667406341403,0.001397394352517312,-9.798354276000289,0.00046909838936768283,-0.0015626761687639631,0.001522824656628609
21.90000000000004,-0.0030038828213115893,-0.017367941853970698,-9.815282685061362,-7.637597772856185e-05,0.0004044089135202205,-0.001451831909480904
22.000000000000043,0.0044699394719358125,0.007352461243733479,-9.80919842448425,-0.0006498588641278915,0.0019107713680291895,8.397334195291342e-06
22.100000000000044,0.000338499793443575,0.005676828652824046,-9.806295722539705,0.0010845862933844723,0.00047323677318339126,-0.001225782070902337
22.200000000000045,0.013934980025166674,-0.014790810375791014,-9.82600353567458,-0.0013480213128830478,0.0002250206593367022,-0.00021177180035731336
22.300000000000047,0.010470665532521265,0.015515505822568698,-9.815953887081971,0.00038742539091778046,-0.0006493127109290724,0.0015794188556347746
22.40000000000005,0.007947468745212216,-0.0015427216606480716,-9.79617768813185,-0.0008276424604754891,0.0004172840688843153,-0.001323642816116107
22.50000000000005,-0.01378509440276092,-0.007116641444030661,-9.807605678183142,0.0002749695353565676,0.0010506379260989092,0.0006456834541815515
22.60000000000005,-0.004207497513000356,-0.013301846363600538,-9.817886135707017,0.0005469821460349286,-3.552355977557429e-05,0.0015906912865462077
22.700000000000053,-0.011647109002915679,-0.012935360058700017,-9.803635311136315,-0.0010203376716943335,9.573007247010574e-05,0.00048767868919556397
22.800000000000054,-0.006754529605995932,0.0030794075015539925,-9.809114950310905,0.0004685597988559357,-0.0016044971166617554,-0.0008052403711267579
22.900000000000055,0.01501060576465775,0.01176014441089054,-9.811609172771966,-0.0008819545556465971,-0.0006254401508100907,-0.0002770783933035933
23.000000000000057,-0.005515000443065736,-0.018098424249820142,-9.796559572589677,-0.0009432965561694218,0.001526460865714667,-0.0008951760834810599
23.10000000000006,-0.01478595198822829,0.006081167243090502,-9.810131122152258,0.0009234560573222277,-0.0019830219584447547,0.0022456817405565902
23.20000000000006,0.00896453270423356,-0.00823280310555158,-9.816627535741459,-0.0008735886208754757,0.0006125948409938995,-0.0009023126945021042
23.30000000000006,-0.0002717905302910824,0.006194653362587239,-9.804918303755187,0.0017817346372865641,-0.0004703885904244069,-0.0004763922341759021
23.400000000000063,0.013884682884050694,-0.001467260695663736,-9.799860415470675,0.0015264913684267245,0.0011001684464774762,0.00019441463570777105
23.500000000000064,0.004700827335847792,-0.00010015170219845305,-9.809462605108267,-0.0002856980920450345,-0.0009347856143778658,-0.0006581844675816792
23.600000000000065,-0.007998385990145882,0.014039421945302945,-9.818865952799383,-0.0019322997078550863,0.0009443792301407096,3.428134696204722e-05
23.700000000000067,0.010514488485197161,-0.015035243969706263,-9.810858581567464,0.0014936910050159596,0.00012125033848189702,-0.001644022840721961
23.800000000000068,-0.00308281440023402,-0.0010574053325303142,-9.829791703298161,0.0006824123656084758,0.0003118658960168861,-0.00029589823292465315
23.90000000000007,-0.013282156783925667,-0.004023553887724366,-9.80771638965537,0.0006549190326729655,-0.0004918976024120456,-0.00045512709213293355
24.00000000000007,-0.010842017810652973,0.010863272197182696,-9.806036103991167,-0.0018207516298577226,-0.00015148908555358983,0.0008606292594578324
24.100000000000072,-0.008361696461634647,0.009723158821952528,-9.81440068098988,0.0009224337291185276,0.0019047042674891761,2.6390973845678045e-05
24.200000000000074,-0.009983150850490438,-0.017163544170425062,-9.802175159749995,-0.0015374417845594964,-0.0004137261106704563,-0.0007838311929095317
24.300000000000075,0.013108770735175053,-0.010189456939064269,-9.810684208024474,-0.0006549748004220237,1.4080775479860706e-05,0.000368118232575707
24.400000000000077,0.005047148404638047,-0.012107969138399573,-9.793979830199854,0.0008289644558023139,-0.0007599961101137261,0.000225949504062918
24.500000000000078,-0.010277722871866622,-0.00796074017207383,-9.808884750411123,-7.001780936136932e-05,-0.0011831531261848763,-0.00038292996139458076
24.60000000000008,0.016136954933016815,0.016151169225366184,-9.815124425074378,-0.0006101946098237404,-0.0030877247778983426,-0.0011426201167739024
24.70000000000008,-0.0077420025575547936,0.005078814836423212,-9.806200234890413,-0.0014247710545829176,0.001205192712562104,-0.0008172349969857027
24.800000000000082,-0.013937299571431416,0.006602360981228271,-9.816572374149931,-0.00022777387269011428,-0.0007105402802483765,0.000953141088889325
24.900000000000084,0.014052272908691123,-0.00401900791093122,-9.81296010435991,-0.0007149695988095035,-0.0008518268537836909,-0.00043915695634863316
25.000000000000085,0.027300016642727586,-0.006813340548406972,-9.815168811423858,-0.00010406595420085421,0.0006080930022981002,-0.0013721014417058916
25.100000000000087,-0.006825035601170968,-0.0018467081688305572,-9.798875945549865,0.0002025885768961145,0.0007029515781121573,-0.0002064894201949881
25.200000000000088,0.0025256630684420216,0.005045971503442082,-9.814342993909403,-0.0014145891309003892,0.00209051995553304,0.0021053984701002474
25.30000000000009,-0.005663209093883831,-0.0013533015773693944,-9.817146857354734,0.0005507355093962432,0.00208578340431668,0.0012362290326515073
25.40000000000009,0.011737882059757733,0.0027047477246765284,-9.8081374564247,-0.0013910989927743882,0.0009154473752058746,0.0013438810688961788
25.500000000000092,0.015976428973207425,0.0018765417859037301,-9.81330692059722,-0.0006003221229901173,-0.0014813350346155748,-0.0004363352366579627
25.600000000000094,-0.005450850073157245,0.012925640788578923,-9.814625661997784,0.0018483399710031538,0.000687712365553255,-0.00019441783060666443
25.700000000000095,0.004799050397793815,0.003576260527189869,-9.819648622186213,0.0015732716197850978,-1.7384782721122578e-05,0.0002659686661607392
25.800000000000097,-0.000977577042823104,0.006601849996514496,-9.806454066742674,0.0007242130571256772,-0.00010216178860909193,-0.001415843059922817
25.900000000000098,0.004683790863134955,0.006032932946260065,-9.805578671036963,-0.0015343304161176013,0.0008171533992251399,0.0005750423991811958
26.0000000000001,0.005980137598207966,0.0012812785880270715,-9.830555499564358,0.0012005888250622278,0.0004194700000986173,0.0009569180057740254
26.1000000000001,0.004900713597740103,0.0025954325876194214,-9.791141600951734,4.0110814309014655e-05,0.0020324844324293018,-0.0012086457039076068
26.200000000000102,-0.004533243395953231,0.014302857867679803,-9.799357150810787,-0.00034342001204029475,-0.0014349047277147078,3.131925513670872e-05
26.300000000000104,0.011267026904762792,0.022464019356254094,-9.814354615140493,-0.0011530524223327466,-0.00031566186303043614,-0.0010124268459006703
26.400000000000105,0.002388238723533406,0.0005298409784017137,-9.817251685653932,-0.0009104472755205514,0.0015908901942088538,-5.3081150597672633e-05
26.500000000000107,0.004823249427101351,-0.0010334040147542722,-9.823892231691678,-0.0010572634427525457,-0.0018040824093393452,0.00048536007603619974
26.600000000000108,-0.001407169983670561,-0.00906536187891772,-9.811007841285473,0.00087154639495825,-0.0007511204793231983,0.0023089853044633286
26.70000000000011,-0.0005969128757924992,0.00711551490741093,-9.819727192985868,-0.0009434860240261695,0.00025417934663072683,0.0001292119700580696
26.80000000000011,0.009617242167310773,0.02216993631580829,-9.814192650862104,0.0015482374342720678,0.0023282009980041154,-0.000626347637002874
26.900000000000112,-0.004677056058084923,0.01515098657464526,-9.817603273824679,-0.000643328673264797,0.00015311766484405213,-0.0004294610842271094
27.000000000000114,-0.00701505102701584,0.012056608107769592,-9.816995452107657,-0.001463048737361753,0.00031778668652838435,-0.0003402972919553607
27.100000000000115,0.011600527172306776,0.012385493232369635,-9.814255062584408,0.00284069528258404,-0.00021039555241103333,-0.00020829152878515852
27.200000000000117,-0.005936017621360601,-0.003038509833683071,-9.814149991770345,0.0008878489012694589,0.00013037150915110154,0.0031087902517136995
27.300000000000118,-0.003089981184178791,-0.0020153060663347937,-9.830880198433222,0.00033739908298445877,7.887219450250914e-05,2.6353757642090938e-05
27.40000000000012,0.018282952810402382,-0.0014894468842570347,-9.823800827159799,0.00025136406379849704,0.0004555304281112214,-0.0007550984136173354
27.50000000000012,0.003146873408997601,0.02131408926263378,-9.82140735059912,2.2163071770948838e-05,-0.00011575228310701237,0.002336707987442743
27.600000000000122,-0.010677274547471428,-0.016607666052735847,-9.816154545938478,-8.395850154626285e-05,0.00015711910634589045,0.0005339897838596143
27.700000000000124,-0.00020576691648202758,-0.006519089420894538,-9.822130929652074,0.0008013988351675691,-0.0011185444710170647,-0.00031742043712958113
27.800000000000125,0.0038636889921279493,0.006428995922684097,-9.81500470051438,-0.00010616047399991602,0.00039926053675882204,0.00017298315208678637
27.900000000000126,0.003552094634751279,-0.005477640467205062,-9.804048625738767,0.0013436562512458077,0.0004885190266394252,-0.0004260978162838809
28.000000000000128,-0.006752622920951845,0.005124914841224729,-9.804813309595671,0.00011339876664728321,0.0005818817432758131,-0.0008254632165026627
28.10000000000013,-0.0025469501988191717,-0.00513719651231666,-9.818172545586792,0.0008117521116142703,-0.0001821343349230739,0.0012634353944049536
28.20000000000013,0.01781765724042184,0.00995058945619162,-9.799901819665434,-0.0003497107373682378,-0.00012071739724831114,-0.0007136218839185484
28.300000000000132,0.007121118200794049,-0.0025254707926967487,-9.801183405061288,-9.236498710878047e-05,0.0017384085444558195,0.0011441330280927958
28.400000000000134,-5.245351009385547e-05,-0.0012499262223321728,-9.814332619997352,-0.0011673874520769965,0.0013556326434952652,-0.0012066572143949832
28.500000000000135,0.021644126038884437,-0.003451163968754409,-9.804831954400857,0.000461223963518023,8.002513336830534e-05,0.0009482741601977036
28.600000000000136,0.008422830067324354,0.011185653728437888,-9.798222582191942,0.0012937187010792594,-0.00036823417456638847,0.0005150092535962337
28.700000000000138,0.0012151633004905955,-0.0012147812831396405,-9.784185868856197,-0.000928436463960551,0.0017397379647215246,-0.0012396973773758369
28.80000000000014,-0.02557473752518993,0.004325354607636008,-9.821548343733294,9.293054959140377e-05,0.0005352368037833734,0.0015034073999490873
28.90000000000014,0.003341183385833024,-0.005037836259750092,-9.803536706775139,-0.0003786379305502326,-0.0004974488413221856,0.0005049523427687786
29.000000000000142,0.012806360093173237,0.0006792093461120899,-9.804678990181973,0.0009376543914062254,-7.911929032446206e-05,0.0004725472696644691
29.100000000000144,0.00057712564294372,-0.0022629721589979878,-9.792883041843627,0.0001785288305671701,-0.000382380949863791,-0.0005959035812865671
29.200000000000145,-0.010236047618876608,-0.0033350823492388606,-9.805367081530678,-0.0008761325228224265,0.0004694184879717487,-0.0027311608524231475
29.300000000000146,-0.0061571868129511684,0.0014159181576030352,-9.806246896140994,-0.00033216376998024125,0.0002414083832442437,0.0023227200706131693
29.400000000000148,0.002485798102729133,0.008988206465830042,-9.804770720542836,-0.00035792503966643354,-0.0011044823602664165,0.0001935795936273986
29.50000000000015,0.008106302728220684,0.006299350928066882,-9.81721870670874,0.0002712092520967613,0.0033079596400528767,0.0005244967626699838
29.60000000000015,-0.010148880174285063,-0.0016581144626067002,-9.80860184842008,-0.0002757422867773491,0.00021576840463471514,-0.000408832883960219
29.700000000000152,-0.018934966512272153,-0.0010880283625864828,-9.824239737717733,-0.0005736363050102608,0.0009573795921534658,-0.00024320734951027844
29.800000000000153,-0.0012200033321823817,0.012594068323882643,-9.8062470386992,0.00029420579884035147,0.0027253675988851414,0.0010255502947036324
29.900000000000155,0.0006582459810862542,0.015689473452132032,-9.804243686384128,0.0008669028634153925,0.0003909478785969021,7.776550271784092e-05
30.000000000000156,-0.008827243474157262,-0.005802896870845874,-9.792627519520746,0.0007504156193402218,0.001618801267036924,-0.0017719924980445288
30.100000000000158,0.00942075331552056,0.012936761360643634,-9.803928654176696,0.0006011967972659597,-0.0004490493759320722,-0.0005761381539698972
30.20000000000016,-0.005047964370236535,0.0019181738897232586,-9.789592991326659,-0.0005379537839332604,0.000753270539290508,-0.000496147757902369
30.30000000000016,0.004618881639649533,0.008274981184038598,-9.79798200471821,0.0007929941570011624,0.001056136960287398,0.0008449835378040921
30.400000000000162,-0.01847194082077786,0.0023073265507804756,-9.807687178168317,0.0019477880846524539,-0.00019567441818707363,-0.0010058865273535416
30.500000000000163,-0.009938676152111975,-0.0012044577657907127,-9.7997305796904,0.0014029081674895028,-0.0014794666776051235,0.0005489071624506736
30.600000000000165,0.0005783472631696911,0.00581674633544239,-9.82383396266659,-0.0007849079763453505,-0.0008746185600266281,-6.282151878552752e-05
30.700000000000166,0.012717775119486817,-0.003659247479034391,-9.800801338403234,-0.000524891181053352,-0.0011295009847281942,-0.001190031408585016
30.800000000000168,-0.015068299642134008,-0.002763530891946757,-9.80330910451171,0.0011897610817087295,-0.001286439795368243,6.174734199603222e-06
30.90000000000017,-0.015652593113157216,-0.0004275076834844221,-9.814507813119805,-0.000958732637997056,0.0010484796960121725,0.000485733055014462
31.00000000000017,-0.011815043989104162,0.00858109054268291,-9.80535754173708,-0.0015041683239897788,0.002180512288574358,0.00034170370953997615
31.100000000000172,-0.0053121932103654766,-0.012516421023033669,-9.813874521196746,0.0007468104961696917,-0.0007860504283177075,0.0029134320869028075
31.200000000000173,0.021977152971697052,-0.005177451152973386,-9.804674838314059,-0.0009860558999023805,0.0004941152308611682,-0.0005732554816787924
31.300000000000175,0.010430318391683055,-0.00026082111333685726,-9.793578469159389,-0.00015921854164679535,-0.00108393380630271,-0.002555828496578471
31.400000000000176,0.002210100521591434,-0.013232386038874793,-9.816408831306846,-7.16153344651064e-05,0.003040624785778915,0.0013945329455601378
31.500000000000178,0.00022821689838315213,0.023568966445455124,-9.811958313463592,-0.0005203284984848037,0.000541273848346345,-0.00022249716030918075
31.60000000000018,-0.0014914954481773787,0.0015864090846080562,-9.805668770761947,-0.0013145205226941011,-0.0009068389408186759,0.0005489745642529943
31.70000000000018,-0.006248126161053852,-0.00264947967275977,-9.806585615868064,0.0005160097944588039,0.000770300418116329,6.635598726310591e-05
31.800000000000182,0.006010322603234648,0.009130237210254312,-9.803930797621717,0.001299934718199535,-0.001222414341780826,0.0007970350970582832
31.900000000000183,-0.0052234631925929895,0.00732690297036882,-9.829495440351208,-0.0008487598688298994,-0.0007956144850050233,0.002060082634985635
32.000000000000185,-0.007956930051719767,0.004072189984926307,-9.800397877630845,0.001644967257093672,0.0008495972806888594,-0.0002460683066374372
32.100000000000186,0.009783055329769681,-0.009440635642286187,-9.813094640697594,0.0003910244886432679,0.0004945097239365769,0.0001533572344592984
32.20000000000019,0.017802716025249906,0.0023732608357808506,-9.796435715592128,0.0006987225897801785,-0.002687896574907411,-0.0009593876753871344
32.30000000000019,-0.007700433101255136,-0.0021718505563092572,-9.799183581599257,-0.0010807644926619044,0.00013269510737716836,0.0007302095966299369
32.40000000000019,-0.0024883979052651734,-0.0012818980779266368,-9.796817054984972,0.0012736484698815428,0.001575426398351424,0.0004635251264261076
32.50000000000019,0.011518481138563515,0.00413645142854174,-9.809021609512898,0.0010253672737528426,0.000128908375528199,0.0011618511762154344
32.60000000000019,-0.005598900100314628,-0.0024672402158353603,-9.834118624391424,-0.0011986336566858946,-0.0007361957347327013,0.0005392610803555745
32.700000000000195,0.0025910557352412256,-0.0017584167439284285,-9.80568605478766,-0.0017551397952528752,-0.0013530649372736304,-7.432973663756866e-05
32.800000000000196,0.0005876973222930024,-0.013809218466588257,-9.825846921827438,0.0012980810881759843,0.002416820239175519,-0.00017806974921414064
32.9000000000002,-0.0058217632384024625,-8.482488399609408e-05,-9.8119101670594,0.0024688534504307895,-0.0005337367790045795,-0.00018584244244209094
33.0000000000002,0.010466218386438913,0.0014162072260344894,-9.786081834933121,-0.0009656173291272043,-4.1545133799694085e-05,0.00023568042138762374
33.1000000000002,-0.01418707574849989,-0.0034500740269575937,-9.810906661713162,0.001121750977263281,-0.0008403367817963277,-0.0010014914604727675
33.2000000000002,0.01543885189404709,-0.015019107115138293,-9.819297412842374,0.0005620118530165467,-0.0004553986404687368,0.0018083828550076774
33.3000000000002,-0.0003619308322277774,-0.010273668050915504,-9.801352718864589,0.0006136748249438116,-0.0004392123652510184,0.000276805064208316
33.400000000000205,-0.00046764385136298164,-0.0027569306843138464,-9.8170157340276,-0.00045193834190998343,-3.2947613510526624e-05,0.001122725679552728
33.500000000000206,-0.010922479781647633,-0.009592412571458373,-9.807960230015244,0.0017989415514759184,-0.0005279448520951999,0.001814524765289952
33.60000000000021,7.192247229984341e-05,-0.01387080073224313,-9.809539916788843,-0.00123944766252555,0.0001340772150213348,0.0004998514489613341
33.70000000000021,0.013139032072006361,0.004669424806866508,-9.821055172653669,7.326412458942817e-05,0.0005886434719718554,3.100956151493939e-06
33.80000000000021,0.008211667355714207,0.007991971044963339,-9.8153475263662,0.000805312415844244,-0.0012709948105310977,0.00037286983687810437
33.90000000000021,-0.0031212589853808286,-0.015937228198813436,-9.824558367873097,0.00040894069001459705,0.00108463517473353,-0.0013541734960173357
34.00000000000021,-0.006009313212714087,0.014928207335307477,-9.809418938396629,-0.0011921092721140305,0.001238291395034442,-0.0007518601951843015
34.100000000000215,-0.010370628361377492,-0.0031075763027651384,-9.817365553064647,2.5323174250728536e-06,-0.0009658755786740279,-6.600025729649306e-05
34.200000000000216,0.005944860219373002,-0.010084534129929674,-9.813926385204352,0.0005632655826639477,4.637177722010018e-05,-0.001381962988760939
34.30000000000022,0.013089721613959089,-0.006094470093634503,-9.816494543742301,-0.00048821064772301063,-0.0008603481228290822,-0.0006296131322095974
34.40000000000022,-0.007024376919279329,-0.010103635537920158,-9.822264551872399,-0.0005053222745234925,-0.0008233599513922577,0.00021464138696266938
34.50000000000022,-0.031101146363570368,0.003983444619182528,-9.80787691289004,-0.00014846452911678788,-0.0007220449311727027,0.0018013422282809693
34.60000000000022,-0.0018224071968761955,0.0015856646929359361,-9.811712520603136,-0.0010089151693091752,-0.00012757865578233533,-0.00036907189450181756
34.70000000000022,0.008222834989739277,0.011541951606316145,-9.79646799690299,0.0003407984947255379,-0.00021329906809212872,-0.0008383769872779849
34.800000000000225,0.013836862001606678,-0.011108588991998751,-9.797435148609296,0.0002904195708874492,-0.0003633910603711815,-0.0004934130013893685
34.900000000000226,0.008602978576049018,0.0009439981486327507,-9.804264545764958,-0.0001311432833351949,0.00036483782945787523,-0.0013729170567102114
35.00000000000023,-0.0003004007266835072,-0.011443545712495718,-9.782519695897111,-0.002982263159909894,0.001028701686878914,0.0019530311250591961
35.10000000000023,-0.014755200291954191,0.0034406453527834157,-9.820679530631612,-0.0005357957181480233,-0.0013995927316092628,0.000764176299894267
35.20000000000023,0.00965918898862847,0.011027565921535332,-9.8139138593239,-0.000503188591807336,0.0008153272933343117,8.769666074367281e-05
35.30000000000023,-0.005550239965518372,0.008204247621802446,-9.807574548522286,0.0005853299199387676,-0.0011273659439877952,-0.001213720144082764
35.40000000000023,-0.007184023031677368,-0.005222049749070682,-9.814898288509433,-0.000720865358023422,-0.00010012009127528773,0.00040983510701908565
35.500000000000234,-0.004395436888186583,-0.007599205514544405,-9.810572723121323,0.0007526469761048242,0.000351833211423957,0.0007148633189101457
35.600000000000236,0.020677192432240594,0.006204016898178545,-9.802500872589398,-0.00024066779621102812,-0.00017799201432038906,0.002723456908290882
35.70000000000024,0.0016492121855734938,-0.0025618777028271218,-9.814894137951166,0.00020645945705600089,0.0012219497216011477,-0.0003241995785141979
35.80000000000024,0.003926292458672228,-0.0009400885384043525,-9.808410787571743,-0.0007816190868785601,0.0005526264396707699,0.00102921893760958
35.90000000000024,0.02265847624574722,-0.002969705043629145,-9.819574671100314,-0.00013717392575505766,0.0013374172818923188,9.026937725395247e-05
36.00000000000024,-0.003920058413187012,-0.026515328256116338,-9.819343390628081,-0.0012835870728766855,0.0015051297397340106,0.0007072486580683815
36.10000000000024,0.027957493445065165,-0.0021577923399503924,-9.805182154301972,0.0014081291643139918,-0.00020731381781477994,0.001983889801661617
36.200000000000244,0.010788721591951614,-0.008177474707870419,-9.79424136548308,0.0006586079908090867,-0.00010493020863799956,0.0004892328000912935
36.300000000000246,0.003444183150915226,-0.006762406182953594,-9.791241364627641,0.001985895369724044,-0.00019179967824102217,0.0007629340471845131
36.40000000000025,-0.00499600626420281,-0.010326013028094381,-9.819430786558504,-0.0015747416093270918,-0.0021055581077294334,0.0012471374928606164
36.50000000000025,-0.0012442536287231966,-0.023871473223559363,-9.821374693206847,0.0005535345078809908,-0.00030162440272305587,5.78618571931562e-05
36.60000000000025,0.017760009067637753,0.008467655237184282,-9.805409283769984,0.0002619991624354005,-7.046779022658623e-06,-1.95038628722227e-05
36.70000000000025,0.0012016666403752998,-0.0033120786631150607,-9.79243461566617,-0.00040075012101389466,5.050821936580439e-05,-5.2315095927514314e-05
36.80000000000025,0.0008209076733599388,0.014003461894771188,-9.80093019404244,0.0004599502653247662,0.0006918850778983516,0.0003723390691881177
36.900000000000254,0.009862427248339247,-0.0038045918568365414,-9.803371265434599,0.00013977937914478632,0.000611647919138885,-0.0016894565657030137
37.000000000000256,-0.0014430025682504758,0.016987598206123902,-9.816494866734915,-0.00012957598647731684,0.0008204602237233216,0.0001217370220234319
37.10000000000026,-0.012547866642380102,0.01316631792103103,-9.809875921091963,-0.00035959814874864245,0.000738121295778858,0.0020572275015992717
37.20000000000026,0.005132499958246819,-0.011528098252929655,-9.8190545313124,-0.0004062007343648191,-0.00010594654874637823,-0.0016575258533250983
37.30000000000026,0.012732437955159348,-0.00852373546634809,-9.799048744604564,-0.0004822572926557072,0.001631314318813137,0.00013137060586173612
37.40000000000026,0.004825502399292071,0.0013684810812657888,-9.797169686561237,0.0008011038775721736,0.0016219327172489078,-0.00129548805999254
37.50000000000026,-0.0037087008197156084,-0.0021697408169063753,-9.797977784917299,-0.0001359205146697985,-0.0005637007345162623,0.002012094623824763
37.600000000000264,0.004734442186883364,0.015354713723939968,-9.80957643232477,0.0007568559706119209,-0.0017428890222079786,-0.0008635541479220469
37.700000000000266,-0.008154450267203848,0.007644221852274959,-9.812334478224093,-0.0010554656813729336,-0.000432134273173589,-0.0018256096572779816
37.80000000000027,-0.015350376158687522,-0.016333408140330557,-9.823169577474513,-0.0021587316620471416,-0.00028059882850794624,0.0011148973596486647
37.90000000000027,0.007941245320554062,-0.004955366854168884,-9.832472588116154,-0.0013713263812762783,-2.9114002821367607e-05,-0.001119599734053067
38.00000000000027,9.334398431988876e-06,-0.010714681530379497,-9.824070478031562,0.00023927890757810747,0.00017080946498607147,0.0006267592146880543
38.10000000000027,-0.011084356150623987,0.010987009382684,-9.788694560482,-0.00018576026596856272,0.0005593264790380205,0.003138578368651723
38.20000000000027,0.006261404434004968,0.0004530873508031756,-9.821445192674549,-0.0006176006464014315,0.0004788652681898885,0.001325316804670192
38.300000000000274,-0.003976847452792914,-0.013393730387220658,-9.818077334942034,-3.617028009041928e-05,-0.0006529152276077666,-0.0011396658503277923
38.400000000000276,0.005574004871059538,0.01583861553945098,-9.832775409338453,-0.0008661174806162213,-0.0013170951550405452,0.0009780207641601729
38.50000000000028,-0.01942483307318282,0.00927220390119353,-9.798647011745222,0.0009470979033871064,0.0001883343547567728,-0.0018767777784167439
38.60000000000028,-0.013349284773777151,0.007010009241782347,-9.802236387970815,-0.001269810595973337,-0.00023269754387273027,-0.0016848798130645903
38.70000000000028,-0.00964931613379683,-0.004418326317640693,-9.81814856967157,-0.00034044564772170975,-0.000174072002698382,-0.001613996764059818
38.80000000000028,-0.0010133479380120436,-0.01518263135320873,-9.803404717374272,0.0001748148135083679,-0.0007469785756534857,-0.0001893084154660076
38.90000000000028,0.001467188488582231,0.0030017583985581476,-9.8046209180072,0.0011522149951743717,0.00015154045597274546,0.0006037082255265407
39.000000000000284,0.005105238235814502,0.007316302214944512,-9.816826622891702,-0.0010027867352747646,-0.00011772908386732928,0.0006195637709097777
39.100000000000286,0.007159235196047607,-0.0011977056949607659,-9.806286468666826,-0.0005849530483007447,-0.0006411380173491411,-0.0005632343694581424
39.20000000000029,0.0006231243268632139,0.003968921460375658,-9.79969615945728,-0.0006593772680276531,0.0006680534405417058,-0.0002471110125677797
39.30000000000029,9.277637713506413e-05,-0.005609405359225319,-9.800670438327565,0.0004478512040359331,9.736996418308954e-05,-0.0007846313747843036
39.40000000000029,0.0045546586994235985,0.011469041017527251,-9.820138603583027,0.0007344699220865852,-0.000604531272193909,0.0010056104368870672
39.50000000000029,0.009170413538215355,0.015364799658663678,-9.803742222157549,-0.0003448749063107698,0.0004794017525594318,-0.001600310817816457
39.60000000000029,-0.011111899969534284,0.010935438345921191,-9.8119193470191,-0.0013018836421064453,-4.320245197571819e-05,0.0010012214449073684
39.700000000000294,0.0006253362572768757,0.01611659066366885,-9.83241368758787,0.0008920279485663617,0.0006151195483501934,-0.00029875524434318067
39.800000000000296,0.019850283970620324,-0.013440124866198791,-9.795753526143756,-0.00012110027403978693,-0.00031704992021547247,0.00017093678112178865
39.9000000000003,-0.0019631696532126605,-0.008217876289184337,-9.79580160384421,-0.00032077991839457527,0.0005255772922823701,-0.001717969039958288
40.0000000000003,-0.00605463497820763,-0.014182398990773408,-9.797011983212693,0.001144211567446006,0.0002769393088112818,0.0003092567451401171
40.1000000000003,0.01995421071423817,-0.007273811782531553,-9.830212618106318,8.52384195525468e-05,-0.0009982968707795909,-4.7608809162387304e-05
40.2000000000003,0.005365692277304761,-0.01005487467853877,-9.801747756455223,-0.0005728746775234229,-0.0007529703287851338,-0.00017068704728009047
40.3000000000003,0.0037074329694702164,0.009153047773433651,-9.815225463925868,-0.0009368157053458221,0.0008740183308977792,0.000781327561470386
40.400000000000304,-0.005786685301514532,-0.00911926497525293,-9.801448598858157,6.860912498421123e-05,0.0005586206944453982,0.0023628510361169757
40.500000000000306,0.015542388396544664,-0.008326088941676345,-9.799736948386956,0.0029272325675896173,-0.0012844681650552232,-0.0015669253652480317
40.60000000000031,-0.009455252526326572,-0.000920551370260933,-9.803774004049462,-0.0004373905717894161,-0.00037604495203252066,8.792458085651834e-05
40.70000000000031,0.002957225586332692,-0.004733092572335653,-9.815862635446958,0.00029512363888458814,0.0006783786650912487,0.00013593871898082518
40.80000000000031,-0.00937718913857187,0.004952072357906371,-9.80320963927294,-0.0005086446286165446,-0.002825703660492408,0.0018745639214331974
40.90000000000031,-0.0035451580837815707,0.0019410524056339136,-9.820421895928009,-6.102487091100452e-05,-0.0002162339772622499,-0.00038930033264116177
41.00000000000031,0.0036393178025939266,-0.0036648517183675293,-9.818195214115542,5.483537522899659e-05,0.00046355557085898046,-0.0001865218095520898
41.100000000000314,0.004419416488778312,0.006667962488500406,-9.809106149439621,0.0009157818175563376,-0.00014599072723055334,0.0017419606242359954
41.200000000000315,-0.013184338665183036,0.012540797365893577,-9.809890613194103,0.0005554847710952057,0.0008801391268819242,-0.0014239244902248115
41.30000000000032,0.005117820657656281,-0.014758820373571197,-9.797849813677907,-9.090243261717061e-05,0.0009420619196366718,-1.8871719065239626e-05
41.40000000000032,-0.010673938777310805,-0.0029332117797615655,-9.802191775572197,0.000655127977946507,0.001098073195953532,-0.0022965418353674038
41.50000000000032,-0.0027183604706908504,0.007121363105171488,-9.810520557711275,6.158448706768035e-05,-0.0007884039477941703,-0.00039965862633906926
41.60000000000032,-0.0034914630139504937,-0.004413595610698258,-9.802131789819196,0.00040138095815591736,-0.00020344483574504478,0.000713838463363427
41.70000000000032,-0.004110110070037362,-0.012195562881592036,-9.80865968458772,-0.0005453539389631094,0.00012858250490069178,-0.0003001189474378678
41.800000000000324,0.013874530968660035,0.012052662922024213,-9.801413346204788,-0.0012678300589976435,-0.0006761945689938961,0.0007688339138382738
41.900000000000325,-0.000667130380365657,-0.000482867002009401,-9.832518810316577,-0.0005105179930189934,-0.001353705613467522,0.001026446604563088
42.00000000000033,-0.009192699091461885,0.011674376107138201,-9.801082918503795,-0.0007894889761417046,-0.00023049028942073187,-0.0003658254218780467
42.10000000000033,0.021147768319541668,0.03050616794653716,-9.82181694085446,-0.0008624064811536315,0.0003889710475119815,0.0009118569145745902
42.20000000000033,0.002978258794303531,-0.011054877646191008,-9.810243435218833,0.0007134145382338326,-0.0014667358693134865,-0.0011604389119504327
42.30000000000033,-0.0038363436922041207,0.0027301073398065525,-9.793866367897852,-0.0012830093712683567,0.0008888071665796524,0.0010021146630619625
42.40000000000033,-0.006683200884492149,0.0037902791795286377,-9.810509494795191,0.0004508248608218006,0.0018871337614379752,0.0005904331606859441
42.500000000000334,-0.0158290590886311,-0.011217114471794994,-9.820870669447554,0.0012777334941555705,0.0004982707182901065,0.0002871877175845452
42.600000000000335,0.009817433230957993,-0.009249809742674826,-9.806476555245828,0.0012821929886356388,0.0006164093731576211,-0.00022458937470972137
42.70000000000034,-0.008814394030343514,-0.0028923080810745955,-9.80171588703012,-0.0015730950725370495,-0.0005460401174445874,-0.0005882393519340336
42.80000000000034,0.01390626817073087,-0.0033382273925960815,-9.838792663226997,6.044207818197595e-05,0.0005285738867041213,-0.0010197164493414735
42.90000000000034,0.008493018682936861,-0.015362091862487097,-9.793966093560112,-3.8565991382025044e-05,-0.0005742148764674729,-0.00043506284525235124
43.00000000000034,-0.007335910638096818,0.0038734251068536095,-9.822554799556508,0.0007696621176097961,2.973835820736727e-05,0.0009016652285553859
43.10000000000034,0.004160349635940209,-0.008117215654724319,-9.812064370808073,-0.00023193944405010166,0.0007452366041479606,0.00030106213118489747
43.200000000000344,-0.01694407335868866,-0.00440273575648814,-9.81926511886104,0.0013312331207884205,-0.0010886518055397878,0.0005473855268740876
43.300000000000345,0.01106664151366521,0.015069631884547524,-9.821776598805345,9.164408821605517e-05,7.617903035487865e-05,0.0003120770041938891
43.40000000000035,-0.001777198051904963,-0.017827635216569545,-9.814425828696281,-0.0006106145909195981,-0.0008137825631622269,0.00015631414186655792
43.50000000000035,0.007002964810282665,-0.0027639923960538944,-9.805013634829624,-0.0002111652779913947,0.00040465479850914965,0.00036550588443903445
43.60000000000035,0.004754088774021293,0.009987156899333308,-9.80952416779594,-0.0005605195746067264,0.0008615762536469024,-0.0019902188190707186
43.70000000000035,0.0013955183478071397,-0.009836485804771145,-9.806473422993747,0.0006713838775616554,-0.003848182972550559,-0.001690249434786952
43.80000000000035,0.0004959350551535001,-0.013433760324145021,-9.796362154399226,-0.00045473626576567966,-0.000983117836733747,0.0004794535604067256
43.900000000000354,0.008083475961444302,-0.007751626359655706,-9.812700992143043,0.00011926636687122123,0.00033290909871151373,-3.3177739397173796e-05
44.000000000000355,0.009348365462912525,-0.008393280382947598,-9.798655570224916,0.0010439671306597495,-0.00012067453300152316,-0.001376939797683074
44.10000000000036,-0.004549919502039394,-0.006604983349718171,-9.812752533200381,0.00012193426571707856,-0.00047068318996359147,0.002077471776225377
44.20000000000036,-0.011102862623482647,0.003378019458685091,-9.808487833963966,1.4556211039987665e-05,-0.0014732956863255857,-1.489211625874492e-05
44.30000000000036,-0.01094261914191718,-0.004139888202888561,-9.815673380297843,0.000827703543846695,-0.0006870841337979505,-0.002399555802639176
44.40000000000036,-0.01828098925398018,-0.00927152165503712,-9.80187340719344,0.0005166711717568956,-0.00105806564313893,0.0007497629057723951
44.50000000000036,-0.008577647998183722,-0.002406532796431161,-9.832715980587658,-0.002201626569883692,-0.0008645495798237621,-0.0009542017901161561
44.600000000000364,0.002867334941663436,0.011860040934805813,-9.811952019051812,0.00021184006863788447,0.0010638729405991055,0.0003622492548102303
44.700000000000365,0.013944764580531583,-0.0006010524987653964,-9.803738611091735,0.0008994781730587832,0.0007826012415852274,0.00034769134591788805
44.80000000000037,0.0014964753129744768,0.00622350063843481,-9.817813496062405,-0.0009270755631070138,0.000181207310839879,-0.0010433722258995665
44.90000000000037,0.007749369773000097,-0.0009641328833400334,-9.799891744225855,-0.00017950179212018044,0.0003937249163842038,-0.0015351311144538593
45.00000000000037,0.01846940582588291,-0.014187930315490078,-9.80495573418691,0.0007854185269417464,-0.00020415925623712002,-0.00010856750818721584
45.10000000000037,0.008697805477417222,-0.0025820073848713434,-9.825446266028377,-0.0003169651118915872,-0.0005777940798567459,-0.00025878091026402975
45.20000000000037,0.012799176077134012,-0.01771129000950202,-9.826574370734594,0.0006410715415603597,0.0004272902083965057,-8.038212626159148e-06
45.300000000000374,0.0023769184588793117,-0.006075036964835392,-9.805013475745564,0.00021634576907726813,0.0012485913579329893,0.0013760700102129532
45.400000000000375,0.00916274434481426,0.010639943484387102,-9.804016604186549,-0.00024756923699799545,0.0005214105232640422,0.0009077972851308439
45.50000000000038,-0.011665192678907943,0.020664028423332387,-9.81667044121918,0.0004617283108169905,-0.00043232051370388204,-0.0006906080653204624
45.60000000000038,-0.008081191509676759,-0.0065387331088299794,-9.800741861819022,-0.0008792201373247473,0.00017792219502261647,0.0015887116102555113
45.70000000000038,-0.010959528320249544,0.010958154650447019,-9.814579304379418,0.00034482022059357734,0.0010742867359763515,-0.000702722009957236
45.80000000000038,0.008268973729936003,-0.0009752943299463371,-9.8149955211217,-7.012700491691075e-05,0.00023227123296041806,-0.0009512753417460393
45.90000000000038,0.007417802052098424,0.021571087216977307,-9.817126143996711,0.0006631261600327404,-0.0007446899357025039,-0.00042818067524587073
46.000000000000384,-0.006238411822524976,-0.0007811976786621698,-9.817642358637654,-0.0004680471880102807,-0.0008488685424283196,0.00048529716245371973
46.100000000000385,-0.016525997525335564,-0.0009217687739974893,-9.807295335869588,-0.000610863165405741,0.00010539423197150429,0.0008207790592971688
46.20000000000039,0.001690715600380578,-0.003186094902852404,-9.821604320173096,5.695695475502718e-05,-0.00037908713559434647,0.0010009651224959543
46.30000000000039,-0.0054851426003269255,-0.0030259670074020456,-9.793596806761633,6.443440549084035e-05,-0.0007706227677222309,-0.001351671622566133
46.40000000000039,-0.007027875397132903,-0.010198908228053258,-9.810257293322529,0.0004925645078485113,-1.3045046384868256e-05,-0.00024179147467654218
46.50000000000039,-0.016727681367992422,0.0013475343943206877,-9.82380625277256,-0.0005790877818048821,3.273944503175732e-05,-0.0005711402297558442
46.60000000000039,-0.010911467318467722,0.016771191785942444,-9.805743252749261,0.0012523669653384314,-0.0003009615376042928,-0.0006428432624658409
46.700000000000394,-0.0008248559544101503,0.0036616775615229027,-9.810701569438319,0.0006694087261650075,-0.0004477802546909194,-1.4484629078246745e-05
46.800000000000395,-0.020929664001597834,-0.016601950333493362,-9.790564382292455,0.0009260457962632495,0.0012114573848837106,0.00011521186671608556
46.9000000000004,-0.0053903129824777775,0.013885624746347525,-9.79805218601159,-0.000981588523952261,-0.0021106227205484173,-0.0008484702874421773
47.0000000000004,-0.010267262128322581,-0.003182059734956989,-9.801101377564237,0.0011338835350429954,-0.0003538206523742409,0.0008669741515366492
47.1000000000004,-0.01273189275263077,0.0037610893419430143,-9.821662299319442,-0.0004861169753878726,-0.0017963892273853642,0.0005182078816624246
47.2000000000004,0.008027472553403189,0.0019172453122778955,-9.81814287068308,-0.0023128765502420977,0.00027427191933918413,-9.519475883683177e-05
47.3000000000004,0.02591800893284094,0.00803201236917372,-9.805941968648133,0.0002866516708366588,0.0008169645638091765,6.49039385127897e-05
47.400000000000404,-0.017278249766282058,0.011847785055089486,-9.82073139221123,-0.0004609022966759895,8.633710429561548e-05,-0.0008875555989311941
47.500000000000405,-0.003176535660491408,0.01081535134394007,-9.81953971631054,-0.0009794173630153457,-0.0005245994265643528,-8.101943761557745e-05
47.600000000000406,0.0007586699568128128,-0.016646149001815203,-9.799219713998793,-0.001110334181466209,-0.001779740560592612,0.00018362435355451744
47.70000000000041,0.01151723338089653,0.009464155582984603,-9.817224647793624,0.00017724912857711416,-0.0010935487847001167,-9.286263668332868e-05
47.80000000000041,0.014295691685822863,0.0038443532263757936,-9.807360480860519,-0.0011138664956825697,0.0006679582997405535,-0.0004911540476405886
47.90000000000041,0.0010965757718493301,0.013658297053327734,-9.828077870471455,-0.0010339777846230349,0.00031368995710648914,0.001729938902014018
48.00000000000041,0.005671276426668772,0.020160795939175233,-9.814832897747191,0.0007438315352639489,0.000852143150829552,0.0007952449960924037
48.10000000000041,-0.0130620645895884,-0.015341729909592799,-9.806978941229568,-0.00021019922777342965,-0.0013309508344355166,2.1037296127118786e-05
48.200000000000415,-0.01603280966100204,-0.02712800924619395,-9.818620394403126,0.0001429447040211529,-0.0006613774104136524,-0.0001614706521218515
48.300000000000416,0.0090881474211019,0.006785729397377335,-9.8123468907323,-0.00034481789307049497,0.0020912552744811862,-0.0017145075624317154
48.40000000000042,-0.020774356713166846,-0.005344230797732346,-9.79333430210338,-0.0022219459197882793,-0.000852586769718993,0.0012831941753660518
48.50000000000042,0.007542856275678768,0.012269815856418762,-9.7977717020563,-0.0011843378523715524,-0.0017343933681275895,0.0006862886717174698
48.60000000000042,-0.00993459257223385,0.010011594255451657,-9.793510602922156,-0.0001771578104954679,0.0003457850134603743,0.00021183660367918788
48.70000000000042,0.0033101851835874007,-0.01394262200422108,-9.823070671859133,-0.0009989445371870282,0.0007904654889761938,-0.0014174861713123416
48.80000000000042,0.0074977374936964405,0.01124959135307403,-9.811662581703493,0.0014573982714569242,-0.0021968276151311293,-0.0007859819263110747
48.900000000000425,0.012229945872013273,-0.003963797919545138,-9.796878615760267,0.0005364403105402671,0.00032414206090461157,-0.0004884928066967313
49.000000000000426,0.002944422704897159,0.01957264201159127,-9.81511249119831,0.0016797282368162568,-0.0009486455717867374,-0.00022990671992212193
49.10000000000043,-0.00766643411057566,0.010017971927586284,-9.811773265407412,0.0010563971033701088,0.0024424866557417883,-0.0016533891210733672
49.20000000000043,-0.0021681708461814973,-0.010092474812829107,-9.817197968528882,-0.0003565703126657108,-0.0005899417583570721,-0.00043440542687875756
49.30000000000043,0.0037157188186741053,0.006552770266580191,-9.812210979327041,0.00034886999122343327,-2.1058513033145867e-05,5.174814894887048e-05
49.40000000000043,-0.0003204814532223053,0.01044141210554808,-9.831029330846166,-0.0024561149178391824,0.0014675790112853792,0.0005173147920020765
49.50000000000043,0.003161593848142092,0.0018720163962428124,-9.809568641666315,-2.109879796379271e-06,-0.0007684726864990794,0.000466528895348625
49.600000000000435,0.0038437150154369856,0.007219355873917159,-9.82150135324193,-0.000724094374842299,0.0005245024010591471,0.00026538189640995665
49.700000000000436,0.018160619034214644,-0.002429858771956593,-9.814860967744844,0.0007041855336007082,-7.297666724989593e-05,-0.00046590513393464714
49.80000000000044,-0.00976473590145717,0.008286570899453276,-9.807792107050165,-0.00014586222052936668,0.0008786857924602106,0.0011296569804643663
49.90000000000044,0.0059932687140118734,-0.010232519682559855,-9.823920050937057,0.0011193961387818406,0.0005818969913406956,0.0009149176898177667
50.00000000000044,-0.0025712578148761323,0.00047067828643349295,-9.802711991341905,-0.00030048270777526366,-4.643794400499287e-05,0.0010095197775551676
50.10000000000044,0.003869375893586758,-0.006986300595970671,-9.820394234674836,0.0003805954725744133,-0.0009261822970769861,0.00047848772897025784
50.20000000000044,0.004859600957959614,-0.00038515423550713714,-9.790465583956598,-0.0012965788622402586,-0.0008074685038761806,0.0018431710419863007
50.300000000000445,-0.007143558487886783,0.007981832356276468,-9.803793596604507,0.0006451465132023384,-0.00024679867519474826,0.00041966086449769026
50.400000000000446,-0.0003575702676636833,0.0023101990893097174,-9.814790277756227,0.0011321020696907977,-0.0014311571151860226,-0.0005756107420968738
50.50000000000045,0.018523433183845726,-0.005311086526618206,-9.809116669469343,-0.0008595344707527354,0.00024073824972238505,-0.0005691888361641124
50.60000000000045,-0.0035892823919044265,-0.006714671488441112,-9.807370629771707,-0.0015504997887198157,0.00013786887281019722,-0.0015531577880887244
50.70000000000045,0.005403456514234922,-0.00666709349157061,-9.811105849737174,-0.0005878601590564751,0.0002212080629220902,0.000194522687155778
50.80000000000045,0.0013286136518892554,0.013801632614539955,-9.808064559140634,0.0005413408669328824,-0.0008137228627741249,-0.0008812386100225
50.90000000000045,0.005272973571960131,-0.017311465359792708,-9.813628577157104,0.0007373730760634365,-0.000431139488582786,0.00115133929936427
51.000000000000455,-0.008653100362142088,0.0006056923900311723,-9.824445291047368,0.00010029458970814569,-0.0003873599992338626,0.00026778385223199483
51.100000000000456,-0.0058989339209408066,-0.0036391239651999956,-9.801233571333833,0.0006390591494291694,0.00013449967110526622,0.0016938265006345955
51.20000000000046,-0.0010644086227392863,-0.002541843106419696,-9.80836719546102,-0.0020396224642741313,-0.00032651107442281956,0.0009031969619340066
51.30000000000046,-0.004685870786139861,-0.00580816001371036,-9.813601644310655,0.0006507151977504546,0.0005714276702037974,-0.000558985074402157
51.40000000000046,-0.012022369701112446,0.02361532876477715,-9.829916453381948,-0.0010009658193147204,0.0002807947251521356,0.00018652001405823442
51.50000000000046,0.005231467842595359,-0.0038955872788908707,-9.802454965799367,-0.0004834183474958305,0.0003189197516907751,-0.0009936075936415934
51.60000000000046,-0.0016550942073680066,-0.007584405811564643,-9.82717914927393,0.00010709165584138213,-0.00020222837462952273,0.0015723724917916094
51.700000000000465,0.003155416845355385,0.013758543388102916,-9.827406032451824,0.00030041638045860794,-2.593824416001496e-05,0.0014128020952969436
51.800000000000466,-0.0065253082515468195,-0.014821024586460889,-9.81262362700837,0.00030595040863591627,-9.162770623955423e-05,0.00041045083431854934
51.90000000000047,0.008877988634980032,0.004739095088502252,-9.805375907176769,0.0003985015864620323,-0.0017058597262157138,-0.0005963080116638032
52.00000000000047,0.004610083188456612,0.010257706308993262,-9.827192443732296,-0.0007549710414908106,0.00171743066280969,-0.00039498970786031685
52.10000000000047,-0.00874045579812817,-0.001326512743701509,-9.805263357695376,0.000660481153854488,-0.00038677250989224444,0.00039274921472203075
52.20000000000047,0.002408897318152486,-0.008680323549952474,-9.806987831758258,0.0021222579287318417,-0.0013485038860747529,0.00033302279224784896
52.30000000000047,-0.015381214124374104,0.014449477749655772,-9.823854203678179,0.0005412196612928701,-0.0016587327675160587,0.00021858348158565433
52.400000000000475,0.005717342631224705,0.013939128549016428,-9.799004539386804,-0.001568328599373641,-0.0013235303942446548,-0.0012896050395314674
52.500000000000476,0.006009520890128333,-0.011346069781269737,-9.81684195514657,-0.00033621172324244797,0.0030085776821112496,0.00020085317751671955
52.60000000000048,-0.0019975201957173365,-0.003584645324742278,-9.818342340582312,-0.0011964967055379005,-0.0002796655394344745,0.00044459488309609406
52.70000000000048,0.02093717714720087,0.0009117086220205789,-9.803576835254963,0.0007483505879854251,-0.0016346474404473474,-0.0001720207879674666
52.80000000000048,0.0016616318238227138,-0.002560365831870658,-9.813245587157043,-0.0005156057752258472,0.0005812999141124937,-0.0012557972936671775
52.90000000000048,-0.007051838825080564,0.013664064768721782,-9.817754660954826,-0.0011357223782981366,0.0010005856151191015,-3.104079646473918e-05
53.00000000000048,0.012603990980040971,0.001646363289880311,-9.807215093965628,-0.00020450957731872962,-0.0007032060090803289,-0.000945118832033556
53.100000000000485,-0.008927749862317421,2.8434381647602284e-05,-9.812202311702773,0.0005324370651994119,-0.00041714500522973375,0.0003798134574310855
53.200000000000486,0.0034136325840912274,-0.02338955369356402,-9.804020737322627,0.00018721371139117937,0.0003266160930386979,-0.0008748460951403175
53.30000000000049,0.007669705294002489,-0.015765082375073024,-9.808512686426045,-0.0017906620312036995,0.0011767266626559708,-0.00017268205871748352
53.40000000000049,-0.015072859809146046,0.005870189481745301,-9.810393403365033,-0.0010715615302610978,-0.0008178372250980219,-0.0008165576963083961
53.50000000000049,0.004773851984339602,0.0012630987499943542,-9.793363029708576,7.170080005251765e-05,0.0006329370587892258,0.000613947142659396
53.60000000000049,0.007926963733663472,-0.000968692811241111,-9.825788946206057,0.00015558463816221573,0.0003393878757347517,0.0001439853353408893
53.70000000000049,0.002412492841570848,-0.014382951701450972,-9.801786556309803,-0.00018439845838901932,5.554714763569833e-05,0.0006190435991224971
53.800000000000495,-0.014387285850722378,0.001164671990021822,-9.827368535725036,-2.7055458579860684e-05,-0.0005675470844116472,-0.000652866021072981
53.900000000000496,0.018529956358243987,0.00301945019177177,-9.798406520721393,-0.0016017755825056795,0.0023758852813884324,0.0018875599447196912
54.0000000000005,0.013631008081931531,-0.010958851849363531,-9.816561958736793,-0.0010318738095504184,0.0009035255348648689,-0.0008563624447077648
54.1000000000005,-0.006748863556348066,0.0060728624236505045,-9.804441442368757,-0.0005074108841779491,0.00039511863148364486,0.0024153822906644385
54.2000000000005,-0.0012851261760726798,0.01714499153137713,-9.800266248070084,0.0002843834778737752,0.0007297543180133271,2.342021713402666e-06
54.3000000000005,-0.009122015767310407,0.0010136906992841929,-9.816876459978017,-0.002142641574687676,-0.0012650945251880148,0.0006369898761793364
54.4000000000005,0.013914967233263567,0.009464293146800478,-9.805046231331762,-0.0004153791476792494,-0.0012945096875433225,-0.00026259399630189275
54.500000000000504,-0.00015872772100168953,-0.006376442394835103,-9.827438903220669,-0.00013223466037707795,0.00045693635543475803,0.0005213376009075696
54.600000000000506,0.0075392601176733,-0.008844442628721041,-9.797307032707632,-0.0005175382257429736,0.0007152497631466008,-0.003176774127238416
54.70000000000051,0.0017114416728698685,0.006633990290836907,-9.814982125432143,0.0009784676747495306,-0.0011487557411823024,0.00039220712714779196
54.80000000000051,-0.0031516080644750865,0.003960793065007949,-9.799801983367745,0.0002276763914935321,0.0006066371600620355,0.002404566592903923
54.90000000000051,-0.007515467889613643,0.011860234666124765,-9.791801656373526,-0.0011233957923072852,0.00023573769211189036,-0.0008660999685840964
55.00000000000051,-0.008029492626708075,-0.013917873548117576,-9.799433160466746,-0.0009310001868897255,-0.0006374100989781033,0.0006101075257843994
55.10000000000051,0.0023957164966227733,-0.0022495266049896183,-9.808517110108742,-0.00173116234815458,-0.0018649287176427146,0.0016562777146849961
55.200000000000514,0.007169273533402151,0.008357364643201462,-9.818310792633465,-0.0012697862478388063,0.0003489906657686772,-0.0003687852140278305
55.300000000000516,-0.015348875918384469,-0.006490650298905179,-9.806168934178078,0.0009315438885612152,-0.000641391230996086,0.0014209010291656595
55.40000000000052,-0.0051767241371613515,-0.005832631252177125,-9.804889012303981,-0.0007313135223844814,8.365597959005028e-05,-0.0011179632808271036
55.50000000000052,-0.018033902812341115,0.00010162748402485216,-9.804582544627225,0.0009106152263064606,0.00022109978074014839,-0.0005199592073599617
55.60000000000052,-0.0027473178992017165,0.0007848687928737925,-9.808370276879263,-0.00030568994988438436,-0.0018538958964085448,-0.0010165428743116902
55.70000000000052,-0.011570348621355175,0.0112730744044156,-9.814575451211562,-0.0002864515928001563,-0.0009215122966237834,3.9190284663702525e-05
55.80000000000052,-0.019351013817199107,0.00612665128418904,-9.805036977122281,-0.0005586471118930452,-0.0009795084366577276,4.872090492682707e-05
55.900000000000524,0.00016023641375318312,-0.005376310623719479,-9.802767583781195,-0.0014371618657486747,-0.0007947613465551215,-0.0008799334015555287
56.000000000000526,0.020597945465583342,0.02256293847000936,-9.820444712766703,0.0015692872223282263,-0.0012835908689579902,-0.0011569063213214535
56.10000000000053,0.013019757688658248,0.0020802189705215403,-9.80410218703787,0.0016853390246643403,-0.0014858194074325417,0.00036096448531036803
56.20000000000053,-0.00858384537982506,0.015038298948598226,-9.815507958829283,-0.0008356708775635895,0.0003154919691614263,0.0011407015795054203
56.30000000000053,-0.0012122530085410443,5.0915786195888986e-05,-9.821865845606228,0.0003017841742667445,-0.0006592253396068867,0.00041872992552622755
56.40000000000053,0.011599930554841221,-0.008672776663528683,-9.806419128562743,0.0007426147582001903,-0.0003536916367847606,0.00041069008404458055
56.50000000000053,0.012888475091907745,0.012008541229892698,-9.832407714697066,-5.754013452205582e-05,-0.0004222733089182095,-0.00089754802229544
56.600000000000534,0.0020539853526214944,-0.0020738138266682866,-9.804148519125262,-0.00043781716189843,0.0009214753020692304,0.00010287714946729166
56.700000000000536,-0.008791169658122672,-0.0014317918534142804,-9.799538571726103,0.0002891140827172638,0.0019189671771481672,0.0009730775676974429
56.80000000000054,0.0017140251258403807,0.005736121358286851,-9.812226627625947,0.0002879318311930502,-0.0007200598577251052,-0.0013727841863243623
56.90000000000054,-0.009215850107676692,-0.0009705029865874096,-9.814299554661613,0.0023537025406752165,-0.0007752673697541404,0.00024098206841501383
57.00000000000054,-0.012543059640586917,-0.010963667612279147,-9.82486120454214,-0.0007555600470977596,-2.986766163458066e-05,-0.0009993344494392247
57.10000000000054,0.017302273319811715,-0.003816053397092044,-9.794431169457125,0.00017818279951524842,-0.00256985937197231,0.0005930918465859832
57.20000000000054,0.014974334748388936,0.009830031966852268,-9.81203848799418,-0.0009269914417446138,-0.00016848199908758526,0.0006727933323794805
57.300000000000544,0.0043922849545450894,0.0033835694759470855,-9.797736493868237,0.0005197515447221899,-0.000661163572636534,-0.0006807600365643012
57.400000000000546,-0.014850842674209021,0.011667045006805486,-9.81772615391301,-0.0002253098194608873,0.0008103469871925763,-0.0006457561716992815
57.50000000000055,0.0054731429278902155,0.0018674287830244413,-9.795051906538927,0.001180752072745313,0.00028433567351980095,0.0001569163053463303
57.60000000000055,-0.0006548923726739414,0.005855256547941266,-9.816331065748685,0.0006273170372322954,-0.0014034904567943112,0.001597319929364172
57.70000000000055,-0.009177220770865878,-0.0030636161152346793,-9.79253790816807,-0.0005896728929133693,0.0006796601512552384,-0.0016213259205011847
57.80000000000055,0.00656448742724872,0.01021925177667111,-9.806860376950725,-0.000708487855877301,-0.0008116382246128069,-0.6644323248167521
57.90000000000055,0.0022665868614912092,0.0030591041219282357,-9.821112162524011,0.0010540396440592817,-0.0007985103603929122,0.0011600593064648131
58.000000000000554,-0.0015170222614813399,-0.0011260965087372858,-9.81246989980932,-0.0003723033520468638,-0.0002912736037646958,0.00035253218154380047
58.100000000000556,0.0025822908351581138,0.0005280610545434522,-9.80408165646863,0.0005689473151438534,-0.0004174709342089182,0.00011216472753090404
58.20000000000056,0.014319694655175604,0.0006607449066765699,-9.806715755363522,0.001242078010233178,0.0007246090418942164,-0.0007796861352624833
58.30000000000056,0.012933033146769171,-0.004983146221641276,-9.815913638442852,0.003155748290346138,0.0002823325847327492,-0.00041390996751114657
58.40000000000056,0.015489662924236638,-0.010428373442030387,-9.823134462166383,0.0007937046839599884,0.0009482477593144748,-0.00020912901071308004
58.50000000000056,-0.012198516578654011,-0.006861284669501317,-9.809774963017171,0.0005100433029097897,0.00037460641168800144,-0.001980025475371153
58.60000000000056,0.001167326877871553,-0.001854169016960238,-9.82950158748605,-0.0015885600106778398,0.0008244630383824747,0.0002796496275132433
58.700000000000564,0.0007011938090680187,0.0002260695089910066,-9.816003553116582,-0.00117682011350209,0.0005871102024674533,-0.001765211443741566
58.800000000000566,0.0007715189770136724,0.010467466880124062,-9.81029065953058,0.0009739097735777479,-2.9003047271821234e-07,-0.00017048912897175844
58.90000000000057,-0.0014535984669042023,0.015989574825031407,-9.811441095117106,-0.0012830763242415535,0.0007289180810033926,-1.686284309565423e-05
59.00000000000057,-0.005985146415372981,0.00663510629709282,-9.831826274300065,-0.0008063177608917933,0.0011310209488035478,0.0015449809395248098
59.10000000000057,0.00498651374090833,-0.003192086616892525,-9.81928490970264,0.0012083697342865599,-0.00016568665024593992,0.0018798679964135427
59.20000000000057,0.013402651118888812,0.017248632041916005,-9.8113446070852,-0.0005982229796126468,0.00046055049680825464,0.001026975210689841
59.30000000000057,-0.013619918907000705,0.011908192833222211,-9.80890053972831,-0.0010538732460323886,-0.0001391821782361455,-0.0003182375446888506
59.400000000000574,0.006964985485766698,0.007643729684360418,-9.810732889501956,0.00249626350336131,-0.0005237840662331196,-0.0015784049378388281
59.500000000000576,0.004605715400173105,0.006634957515791577,-9.821141548733406,-0.0005317848608887435,-0.0018722906056956126,0.00038323394844870566
59.60000000000058,0.017339186005843655,0.020708533948944705,-9.813949369893747,-0.0011187131583607316,-0.0016522813403221997,0.001014659872835768
59.70000000000058,0.00810127718536829,-0.006121327829231974,-9.810265281159644,-0.001962225665936009,-0.00036188304760503484,-0.0014689859026703715
59.80000000000058,0.008764563085226712,0.0005911548130756341,-9.826118423851815,0.0011204177092582568,-0.0006216320528519041,-0.001129913351556504
59.90000000000058,0.01283195807567537,-0.009808567381440206,-9.80362692694647,-0.00044600816449985847,-0.0010761691122443827,-0.0020502030224265506
60.00000000000058,0.001419538297894781,-0.0003754795572072459,-9.807558951687138,-0.0018031180543545131,-0.0004119736015198663,0.001531168344996505
60.100000000000584,0.008748997270492428,-0.004515182051114628,-9.80529368872618,-0.000240943780381638,0.0006802662263478531,-0.00042983651131541455
60.200000000000585,0.01030303819037286,-0.008203971445399704,-9.808149752252143,9.639435716467927e-05,0.0011876389625353197,0.0008825891312738216
60.30000000000059,-0.0018317780122476218,-0.007273626593915338,-9.818170093747632,0.0008052435216934898,-0.0007781732170135564,-0.0003471980260098391
60.40000000000059,-0.01227814466443878,0.006459815289183121,-9.806133078622139,-0.00019931311290922543,-0.00026758739063360756,0.001120943235282882
60.50000000000059,0.0038183099516070143,-0.002466234099788013,-9.80442442835071,-0.0005304139115165877,0.0003045223575907241,-2.3859151772938326e-05
60.60000000000059,-0.016008133564161114,0.009904895567137336,-9.825979002765232,0.001321707693044454,9.0121985733286e-05,-0.0007599815728952292
60.70000000000059,0.009456655722779365,0.019995450673010253,-9.807446556189907,-0.0014787626711965523,0.00041697206467525413,-0.0004261556449286406
60.800000000000594,-0.009861263821004235,-0.01613565522383239,-9.801927921593538,-0.0006844085096339969,-0.0014663602015429543,-0.0012437087460704286
60.900000000000595,0.0007620539206240982,-0.0001115247640531214,-9.806682801953357,0.0002050834333529129,-0.0008145473600011073,-0.0006759247041934896
61.0000000000006,-0.014456257646795556,-0.005430094853652443,-9.817890263700969,-0.00039627437366384136,0.0012541268271341107,-0.000572301760666905
61.1000000000006,0.011203321470473648,0.0008153106513228382,-9.820811945624472,-0.0004933774114252126,0.0007102862292388525,0.0012958259934296504
61.2000000000006,-0.000562145025582556,0.003596229665763483,-9.798757722151135,2.4635096161505466e-05,-0.0013120536074490467,-0.00041756314917490504
61.3000000000006,0.004696511416138213,-0.016404736466594065,-9.810671087875445,-0.0002554420442087338,-0.0010983867214595145,0.0014215315584768806
61.4000000000006,-0.006303718248995139,-0.023568311006953946,-9.81618997426224,0.0006781019810244965,-0.00013752630409846655,0.00021595408849043907
61.500000000000604,0.0003861104745554919,-0.003205762074589222,-9.817553433829044,-0.00041525581695554164,-0.00028262209335016745,-0.0006372625428124922
61.600000000000605,0.0009237986970887101,0.0015332668584749404,-9.81066838037416,0.0005938298292084772,-0.0005485921403187033,-0.0011167417885023202
61.70000000000061,-0.016718876262199724,-0.008852340197587336,-9.819580260132277,0.0005650262541692861,-0.001000439024834614,0.00031546759474369314
61.80000000000061,-0.0057500893862571035,-0.0023282072235863587,-9.79859854424739,-0.0003819684132174132,0.000736316373439393,0.0001473297039339852
61.90000000000061,0.02704659392045975,5.704678575972885e-05,-9.801858184649031,0.0004816961756916564,-0.00029654121745096006,-0.002552476146002304
62.00000000000061,0.010997047741891227,-0.006766771483811686,-9.8006584520797,-8.461494516354495e-05,0.001529637449518943,0.0030223868491409235
62.10000000000061,-0.0010050942228095273,-0.0025678388391836182,-9.808009808213098,0.0005885751364352491,-5.073371184694552e-05,0.0011760075893280661
62.200000000000614,0.007927440684045686,-0.0043333269246012916,-9.79314320959098,0.00042026576186569603,-0.00022431672754086784,0.0020858057932399317
62.300000000000615,0.003324827136386386,-0.0067216223852760585,-9.801739963652281,-0.0008586018392792972,-0.0013565712450351226,-0.0013326945117434709
62.40000000000062,-0.008447002956195182,-0.017967980279520287,-9.81344526331049,0.000245757534330728,0.0017905559316144682,-0.0007020538711826581
62.50000000000062,0.0056136109705419825,0.009856270914910367,-9.812727129273622,0.00011252818023940526,0.00014984679459309887,-0.00254894390516503
62.60000000000062,0.0021401162334138244,0.008086610522860069,-9.812624719680285,0.0013845620721161412,0.0014058671618759984,-0.002356730637561192
62.70000000000062,0.01632698782123158,0.011808881352264518,-9.79787079065622,3.989735664564245e-05,-0.00030765601903287755,-0.00027040891394765657
62.80000000000062,0.012253139268655589,-0.003518751466229644,-9.804563164744513,-0.0016214593757722625,0.0014212476361898916,-0.0009678979873540565
62.900000000000624,0.010047705509151746,0.006089709586596624,-9.819627902797114,0.00094435130444496,-9.99222989141872e-05,0.0003962672255928683
63.000000000000625,0.0013016230774173026,-0.002603361760316305,-9.80961313441882,1.8551155083218998e-05,-0.0012977921548328734,-0.0024876172881692646
63.10000000000063,0.014583911068021958,0.009996589001741624,-9.81227636960054,0.0008611039854789904,0.0011182309411383498,0.00019722029753939195
63.20000000000063,0.0036823438802375476,0.01547540644678228,-9.804094160414136,6.726936627565076e-05,-0.0007498422401043806,1.164228887655578e-05
63.30000000000063,0.0013670490384194542,-0.009478573095645645,-9.800570307077415,0.00023038089247019809,-9.110964881362064e-06,6.163175729480332e-05
63.40000000000063,0.0060434314984534965,0.011377830763356286,-9.81068357633484,-0.0010241411593002075,0.0007912833657537153,-0.0004077397352051323
63.50000000000063,-0.0044950722738887686,-0.013194238341643308,-9.813407792180158,-0.00025926471545635973,0.00013652300430277287,-0.0007975613888773763
63.600000000000634,-0.007023775564403706,0.01422805118303203,-9.803345742262199,-0.00020244660871175142,0.0016726876896233916,0.0007099215396241505
63.700000000000635,-0.005756594759827789,0.01485616880328021,-9.808630167433906,-0.00011335418168705283,0.000749779259639706,-0.00040884205261903947
63.80000000000064,-0.00830395438195652,0.004480659548746139,-9.802000742299743,0.0009146700040399473,0.0008076824403438492,0.0001545912284922054
63.90000000000064,0.002985716864262804,-0.002850052319309792,-9.798334925402106,0.0005524917737661504,0.0003005716531955354,-0.0008651303560357764
64.00000000000064,-0.006094746371130857,-0.003372928911652169,-9.805933160129328,0.002745137683032981,-0.0009094445725171611,-0.0002551709065118357
64.10000000000063,-0.01701975483298855,0.010595097677083425,-9.817852885858779,0.0012090833068004933,0.0011818379941668225,-0.0003663006112514877
64.20000000000063,0.0007129538273407533,-0.008931208241494723,-9.814097075698601,-0.0005307336800608972,0.0007718049249796961,0.0010007196370212003
64.30000000000062,-0.008446093793606658,0.008405502567364536,-9.819383217390188,0.000781613870120753,-0.002498685377327451,-0.0014874419349931937
64.40000000000062,-0.023038859541817093,-0.011672540879365678,-9.81606435375903,-0.0001320548865077091,0.00012313467892808324,-0.0006847553424075533
64.50000000000061,-0.022891982368727623,-0.021745852365810354,-9.816322549702127,-0.0008775899739223778,-0.00018544574123040955,-0.0004744036367409739
64.6000000000006,-0.0032914212806654623,-0.002326711951901972,-9.807636771634698,-0.0002740612706636161,0.001448450481279552,-0.0007570035197388442
64.7000000000006,0.005072592464060512,0.0017239497081194155,-9.817254241561075,0.0015925685510865923,-0.0013555355022340245,-0.0004675453422184934
64.8000000000006,-0.01136653231191628,0.004791520061169347,-9.822979988289086,-0.0008420899725678824,-0.0004570799963965331,0.0005694946552730044
64.90000000000059,0.008431721060676066,0.007895326263798352,-9.799725019506768,0.0015191987300160784,0.0009344754312264899,0.001452067205723927
65.00000000000058,0.00023842476639016053,-0.004945744472497929,-9.812277828424454,-0.0002937020101478731,-0.00030514954579128993,0.0008940717785367407
65.10000000000058,-0.01623995089268169,0.0021517980987525278,-9.801830595359412,-0.0006328913939391341,-0.0011817073320865854,0.0012661620219789672
65.20000000000057,0.013276830987989636,-0.009352435076683685,-9.819412044579186,-0.0009705472160236989,0.00024084379590278782,-0.0016293702364101569
65.30000000000057,0.010367993770522136,0.002512780628114644,-9.80082861480281,0.0007105685103605753,0.001200252778959227,-0.0007977853473699636
65.40000000000056,0.00373087473533365,-0.005067228928653648,-9.817421939549583,0.00023015461711109377,-6.799757223470429e-05,0.0008319743369647805
65.50000000000055,-0.005683693373694552,0.006458041598315252,-9.82402771793606,-0.0019739545288355843,-0.0018416467945744997,0.0013421453373971598
65.60000000000055,2.989583952382444e-05,0.004061668672752557,-9.815628947055869,0.0003660638326734202,0.0016298410254576548,0.0010049451308604496
65.70000000000054,0.002470132013640105,-0.0018729137471025787,-9.808443239413997,0.0002736865143685302,0.0005396540081915668,0.0006674460015163819
65.80000000000054,0.002849998455080275,0.0018677733119517087,-9.807617263467428,-0.00040830742021956315,0.0005562327096098018,0.0016506061169427404
65.90000000000053,-0.004793444920732887,-0.004034718394135634,-9.80119751768442,0.0006602196738251531,-7.597526214571944e-05,-0.000454357311681001
66.00000000000053,0.0006896597017144312,0.003816204109261938,-9.813132023619726,0.00037104365788237644,-0.000922717780090418,0.0002172554395570138
66.10000000000052,0.017266013049524843,-0.006688518867489223,-9.81007840735786,-0.0002522287897819151,-0.001924873893162977,-5.818509364366483e-05
66.20000000000051,0.002214438396628094,0.004520928946686104,-9.80947936859812,-0.0008512473467989176,0.0008009238963612115,0.0009212814908483772
66.30000000000051,0.013634367799729872,-0.006695003969055556,-9.806812371053661,0.00022849145280176767,-0.0020624867330718633,-0.0014347529324949754
66.4000000000005,-0.0011444429916071313,-0.003925275142584693,-9.813657209274654,0.0007766919959411494,0.0007336903112106202,-0.0005031681968257241
66.5000000000005,-0.009732684158808102,0.013022396166908081,-9.788838241939585,0.0011417541518739338,-0.0021850580448192504,0.0024526192929389128
66.60000000000049,-9.549153842926954e-05,-0.017249629219502613,-9.833445705508712,-0.0004717226679959089,-0.0006488780916843369,0.0012062376001815852
66.70000000000049,-0.009861549093702104,0.0016611692383761009,-9.803028488485225,0.0002546324898263583,0.0008695789110253952,-0.000695589335976635
66.80000000000048,-0.002671596982641645,-0.009606766308275562,-9.797261117964066,0.0010930407294390794,-0.0008035277000836727,-0.0013149068007097932
66.90000000000047,0.009654239346399956,-0.0020640529475544523,-9.80783209869149,-0.0012161750003357658,-0.00039528066200465994,-0.0007011553025909999
67.00000000000047,0.010906027515423826,-0.011994472685204361,-9.815272021996405,0.00111589694875541,0.0005585378302894549,0.0009037312136393395
67.10000000000046,0.0002653699844352555,-0.012436739915578587,-9.788976002653452,-0.0012577134121156976,0.0009206087041497456,0.0014438384650626436
67.20000000000046,-0.006388695506441872,-0.023979154906951676,-9.819168274825044,-0.0015711999326929195,0.0006730975209946398,-4.3999314219308427e-05
67.30000000000045,-4.4075658987128145e-05,-0.0057719883668630465,-9.80287434964552,0.00021973713210462253,0.002044293553778234,0.000605515014345128
67.40000000000045,-0.0020290665886016244,0.003449026673934574,-9.811188925586736,0.0004008869449033657,-0.0008335887940714814,0.000500522420303877
67.50000000000044,0.003378289485920621,-0.007828672383751376,-9.829554742766955,-0.0006822619696543749,-0.00040816291094548885,0.00032896174703834726
67.60000000000043,0.009174393356425595,-0.015078422384501656,-9.804977049442417,0.0017797742368298617,-0.0013466971772782001,-0.0008218077907838657
67.70000000000043,-0.018624687887827455,0.017661316928763084,-9.805730781610832,-0.0012639120650341715,0.0004859560246144049,0.0011325565766526248
67.80000000000042,0.01549603151172829,-0.01169880428036534,-9.808829006362494,-0.0016680903781466523,-0.0014073386446162507,0.000899549507494885
67.90000000000042,0.008567758646174659,0.004551304104811313,-9.809006049977658,-0.0004690865930744183,-0.0012284195922377464,0.0002821641215961714
68.00000000000041,0.004563224855026279,0.0024016704855356285,-9.795443484371349,0.0010782260613770738,0.0014601721735074504,-1.1720763253615735e-05
68.1000000000004,0.0005123836842551134,-0.011084067573522757,-9.789985836054589,-0.0005335011870122316,-0.0012392879527860854,0.0008782571390674102
68.2000000000004,-0.010936414235634236,-0.006254156367748921,-9.813479847098009,-0.0008326433046816706,-0.0003869203146193894,0.0010326063319186028
68.3000000000004,0.004011818875872031,0.0017264710967572394,-9.813261795061965,-0.0011437966872497548,0.00045750096720994626,0.0016041960804396762
68.40000000000039,0.01143854904937546,-0.0020886651524751,-9.794892827647956,-2.2789869052028706e-05,0.002096251742438077,-0.0005764412208053634
68.50000000000038,0.009844350791499808,0.0025049863979104397,-9.792820874941668,-0.00014792215943267977,-0.0008400097586616327,0.0013150260426641846
68.60000000000038,-0.008995890539354292,0.003751089145461189,-9.818330389094195,-0.001268593938574749,0.0007382798818435907,-0.00048450415353321785
68.70000000000037,-0.0007417622511466039,0.017519672851394965,-9.798289449837341,-1.3291242776498022e-05,-0.00025637648689837004,-0.0007317766429842022
68.80000000000037,0.008421757057482033,-0.004763322619178993,-9.789540224250253,0.00013933883331036095,-0.0013518361489637024,-0.0016596537210406873
68.90000000000036,-0.007358416166127139,-0.011835324291531777,-9.810973973158358,-0.0017847194954848373,0.0009306617930912987,-0.00010822822414834318
69.00000000000036,-0.0015167252823001616,-6.360754448085187e-05,-9.809978626749222,0.0003664969299918236,1.1700184940046689e-05,0.00021819219110384144
69.10000000000035,0.007146344106566888,-0.024649808723032064,-9.798305862196816,-0.0012128768500660077,-0.0013162500524423607,0.0013382214116940659
69.20000000000034,-0.01073846593244974,-0.006078732380431438,-9.818428398195845,0.0002469772186855956,7.703293216349684e-05,0.0013866397765808687
69.30000000000034,-0.009593398689274757,0.0027820165852766032,-9.796734035641588,-0.0013981341229898966,0.0009428927937595878,-6.268665479864556e-05
69.40000000000033,-0.002695016056572363,-0.0008414091725251853,-9.82329295695528,0.0005775551818722973,-0.0014631484727274013,6.542047878968889e-05
69.50000000000033,-0.010736636229212353,0.012142595411894138,-9.799935957163687,-6.630552572938804e-05,-0.0009162222394238507,0.003821085351889592
69.60000000000032,-0.000722874044251785,0.011221949472268898,-9.809404791222008,-0.0010992050005745858,-0.0009046551963161486,0.0006141869001728122
69.70000000000032,0.01611226448704108,0.004183135755294143,-9.809225934461923,-0.0014362079748171139,0.00029461399506221496,-7.866866630601806e-05
69.80000000000031,-0.005341446193226475,0.0064626844125871535,-9.801366464184813,-0.00031276690321970115,0.0013766714095892626,0.0014353732292593398
69.9000000000003,0.013782501853548656,-0.007705254835788249,-9.826534059924795,-0.0004270152600262548,-0.0002593322648228667,-0.0007695695297911663
70.0000000000003,0.01494676128434724,-0.0201098476316341,-9.825855301593965,-0.0004926413743984748,-0.00020190253476007176,-0.001005797961164331
70.10000000000029,-0.01838101846203021,-0.010398969242799563,-9.802601807038922,-0.000668457980854233,0.0003498237540516691,0.00034340708421696657
70.20000000000029,0.00440898081881362,-0.0027921235407047463,-9.815644586743998,-0.00010321244627684599,0.0006856619644277668,-0.000681407220708378
70.30000000000028,0.01365687414891035,0.005475829920337317,-9.795540000471895,-0.00024673091199310367,0.0007113238257956242,9.124775364461758e-05
70.40000000000028,-0.010832507773176889,0.007719064336842111,-9.787475907134986,-6.347984513895922e-06,-0.0007216489185655797,-0.00018619967713178457
70.50000000000027,0.00023188488763639027,0.006626026395903907,-9.799798522813498,-0.0006997459073651116,0.001130901286421365,-0.0006363631682977863
70.60000000000026,0.006381516985186316,-0.008288725322730355,-9.800790831241631,-0.0002697462393447352,0.001000741888126582,0.0013681041944791715
70.70000000000026,0.008490656936883268,-0.0047078857412004415,-9.817219825069138,-0.0011067005249031506,0.0022786468974827423,-0.0008929671056395503
70.80000000000025,0.009701601492054604,0.011902314070132482,-9.81350575695701,0.00041525411164119444,-0.000920432004016045,0.0004353784624709559
70.90000000000025,-0.007387572784434367,0.0009302213792549466,-9.815631061478712,-0.0005354091451032312,-0.0002617060435510633,-5.278401204328145e-05
71.00000000000024,0.004741793525098049,0.020685782700384493,-9.805761666651403,0.0007402613210457751,0.0007436887206321396,0.0015376919364080948
71.10000000000024,-0.0005823798561355944,0.00611631944333374,-9.808150701784188,-0.0011859946078369556,-0.000619783855497025,-0.0008379029363547654
71.20000000000023,-0.0016837267181014515,0.005858932515378837,-9.827488846860781,-0.0018559688283361533,-0.0004894088866665168,0.0005118102963694168
71.30000000000022,-0.0036318794695238627,-0.011215295385117528,-9.800505072165896,0.0011435524761750722,-0.001498399728544646,0.0009722110981085702
71.40000000000022,-0.004742587224713559,-0.012745052970896755,-9.805116009699388,-7.072800857760857e-05,-0.001736486928143212,-0.0021699395592783026
71.50000000000021,0.003313659276957679,-0.012112443685681401,-9.814674925209737,0.0010494412484544056,-0.0003474007164217483,-0.0004006151199983799
71.60000000000021,-0.009473132895574254,-0.007971434371913342,-9.821295780233662,-0.0012130783900003372,0.0003602867092154173,-0.0013124762819820333
71.7000000000002,0.012553124028157519,0.021587659875733883,-9.796176908601199,0.0012626385823271353,-0.0010189061079556804,-0.0009895095124108065
71.8000000000002,0.009285101260350058,0.003615286409457779,-9.80026667893504,-0.0009680330785365314,0.0008595526189625185,0.0006835859523719038
71.90000000000019,0.003656463472134726,-0.007716628094645441,-9.808279793723235,-0.000788928068785555,-0.00015049644155559863,-4.0843728336669196e-05
72.00000000000018,-0.008495461561850949,0.007874553209895836,-9.807268149581335,-0.0010871025119541865,-0.0012272291041359904,-0.0002727838586273599
72.10000000000018,-0.0023373797352837316,0.006613585438593883,-9.800334961347941,-0.00034588208008919417,-4.177770831320894e-05,0.0014232961318670764
72.20000000000017,-0.007262969214759023,0.005348609810099344,-9.807133277647331,-0.0016812642872454115,0.0007909522830847303,-0.001148163203865724
72.30000000000017,0.0013260446131343317,-0.008431109973288947,-9.809097845517451,-0.0008736939126179309,-0.0005557893474177387,0.0013741890232338515
72.40000000000016,0.0009635533478386509,-0.004568583050056615,-9.808282507490434,0.00047655879223774245,-0.0005093447480354413,-0.0003284644319937974
72.50000000000016,-0.0013836298630653186,-0.01852229415424646,-9.819900011680614,-0.0012931053278687123,0.0012056875293178233,-1.288189111999204e-05
72.60000000000015,3.8334016626597264e-05,-0.012252969268025705,-9.80757855796721,-0.0007307199189597256,0.0003916603407787827,-0.00010630566604369456
72.70000000000014,-0.005820291576354782,0.014843518307699375,-9.82552893065329,-0.0005952117188848018,-0.00034889404230627614,-0.00044014820048816076
72.80000000000014,0.0003774908853521353,-0.0015920619250245915,-9.798409485446317,0.00071021628572604,0.0009720242118522153,-0.0039314537535699865
72.90000000000013,0.004142361914102795,0.0003238420003067693,-9.790458161537412,-0.0013763317344934842,0.0011142349478749404,0.0019888906605746845
73.00000000000013,-0.011930390034289447,-0.02141262011959107,-9.827646902769326,-0.00012470071143185575,-0.0010181925536789768,0.0006631278344647893
73.10000000000012,-0.017422786666540204,-0.01053897508457969,-9.79120504330144,-0.0005914062678370581,0.0007753788219365864,0.000651136687564699
73.20000000000012,-0.01490444998733282,-0.009423270602780946,-9.824063313704272,7.244518039526505e-05,-0.0005397256765383259,0.0007702518419494671
73.30000000000011,-0.0005432265802799065,0.0062462118451697335,-9.813723986201662,0.00043030556974540463,0.0008777156692748251,-0.0006184561200868121
73.4000000000001,0.015287506825602669,0.00617930453042964,-9.801474719286462,0.00010704533476511536,0.0001438334517444623,0.0004326851283774862
73.5000000000001,-0.014087841265190018,-0.00014291135313775305,-9.791283194080545,-0.00017348576416915175,-0.00021608232977532186,0.000914177781731358
73.6000000000001,0.011520493427905561,0.0009918605578643875,-9.801760825479812,9.391894629580324e-06,-0.0017535622237907107,0.0010179462857087933
73.70000000000009,-0.00026888518820777197,-0.011983602095874442,-9.791835691715354,-6.055198467143216e-05,-0.0008423958188876386,0.00018881332267846036
73.80000000000008,-0.0040350438548172355,0.0013421592182854569,-9.821063173808444,0.00115906920931221,-0.0004465510269024663,4.824988123142907e-05
73.90000000000008,0.003138138280032361,-0.00147175763389019,-9.803319141862765,0.0018702802577019967,0.0006386453262027003,-0.001979950150251706
74.00000000000007,0.009533565586444531,-0.001304550422246012,-9.807842616012396,-0.0014187334861167588,-9.401872991355487e-05,-0.0006766779773259928
74.10000000000007,0.0006065654300965332,0.01769929603094375,-9.817498155001616,-0.0010310673050110868,0.0007478109794756537,-0.0006490226968088637
74.20000000000006,0.01807203648396716,0.00898479041795418,-9.80182037630855,-0.0004675959672656773,0.0012299534498977876,-0.00037074450258141306
74.30000000000005,0.0004797504194785362,-0.002797424334319275,-9.796792598947446,0.0007407814993039524,0.0004135445157500697,0.0005162660026040613
74.40000000000005,0.0017621494723401231,-0.0043731417411722135,-9.807389582190902,-0.0006526236679430781,0.0018864883978460616,-0.001274890850966366
74.50000000000004,0.0028911678943844953,0.01443394152461131,-9.80884036996623,-0.0005354821930295693,-0.001470195845210965,0.00048807634064648855
74.60000000000004,-0.009998128580227356,-0.01314647126778768,-9.78663356497527,0.0004622473062690553,-0.0002614044285722603,0.0011337513805741565
74.70000000000003,-0.007650831535835712,0.001020393774122075,-9.837659039143155,-0.000870348256814611,-0.0004975825669342713,0.0008571786885820866
74.80000000000003,-0.011616866659540327,0.014817891856904158,-9.807516974363216,-0.00011068230240921378,-0.0013292165657226977,0.0013132581907941755
74.90000000000002,0.0076464083222661065,0.006456911409265927,-9.799277086882885,-2.4641312764543587e-05,0.000779711449880372,-0.0008135461997746687
75.00000000000001,-0.010486088675388215,-0.010074895625113562,-9.813265276326437,0.001888359630688921,-0.0012257437613555188,0.002061224990658229
75.10000000000001,0.0023471888799614085,-0.0033173753054596355,-9.796099576401813,-0.00034066700335568916,-0.00023035724082671956,-0.0011513297961066814
75.2,0.007853851715817144,0.010802004734832164,-9.810074085216609,0.000643904252973672,0.001101918477496634,0.0009032954111803967
75.3,-0.012542482247043232,0.00434755476994576,-9.840666472070955,-0.0009957280158570678,0.000361602728047673,0.00018367400579720271
75.39999999999999,-0.019905078098865256,0.00404000922447407,-9.795513173890596,-0.0015412070483456094,-0.0019884867097898083,0.0007342287311427172
75.49999999999999,-0.002670749300515782,-0.009871282310177993,-9.819389496813878,-0.0004898417028889925,-0.0013959974758581072,-3.126521772110784e-05
75.59999999999998,-0.0063100333102789185,-0.009456966709146064,-9.823458849764243,0.0008943994382786431,-0.001234053518540968,-0.0007066386596246132
75.69999999999997,-0.0010242701220017519,0.009090099552040463,-9.802603712893417,-0.000329087445449354,0.0005024414511719655,-0.0010296479657337801
75.79999999999997,-0.006179009768429312,-0.01340186160786864,-9.824266829615192,0.001132822399975928,-0.0019805303641349374,-0.0010418593455872233
75.89999999999996,0.010163425796574775,-0.0050748762095110065,-9.817121111547491,0.0006467290578169632,-0.0005077624159798453,0.0009139278445904716
75.99999999999996,0.006749094252876301,-0.00901192857528512,-9.821290881197209,-0.0006882961631653863,-0.0011585958242208232,0.0009074359366646215
76.09999999999995,-0.008439047847999856,-0.021273986626683634,-9.820402270785722,-0.0013355112140020402,-0.0008757501929177907,-0.0012847060479295037
76.19999999999995,0.010896143583828526,-0.010655830679632126,-9.830008801864674,-0.00245898252000235,-0.0011218107397618824,0.0008633810188321586
76.29999999999994,0.007452600987387742,0.0004992235783666199,-9.816094734471157,0.002269631639192429,-0.0005188610342872051,0.0005723001775267316
76.39999999999993,0.0019885475131862056,0.0005364345450875715,-9.798305454399156,-5.87227456235242e-05,0.0009538355648426393,0.0018360024380871792
76.49999999999993,-0.007134161483057138,0.006165013031291596,-9.830609950511473,-6.311680235283068e-05,0.0007455230949171865,0.0010710500630335624
76.59999999999992,-0.00875025784217925,0.01909377453233901,-9.809478093910407,-0.0015660675130772924,-0.0006036563527666667,-0.0016204305017417683
76.69999999999992,0.008727696104808023,-0.007304150126675166,-9.803835795309041,-0.0003129167647606643,0.0002691197642847805,7.512040275471035e-06
76.79999999999991,0.006002610438182442,-0.015733298457884938,-9.808016889782971,0.001057353370745308,0.0013984237442010688,-0.0011707315077731668
76.8999999999999,0.0052558810675753425,-0.011100397822559083,-9.811523350391495,0.00017695492077074256,1.570391717177072e-05,0.0004647553973692443
76.9999999999999,-0.0015333750337434538,-0.013133028777353317,-9.803602884021148,0.00040372259600704707,6.55790760575601e-05,0.00019397866372301424
77.0999999999999,-0.010468491311936938,0.002144380848657926,-9.826338796140268,0.00022661875398040656,-0.0006618239834167791,-0.00015050368860024737
77.19999999999989,-0.0005579565432914602,-0.01619829852614567,-9.807722708288274,0.0009960733300976297,0.0007057640115616114,0.0005597815824156684
77.29999999999988,-0.025816015677596584,0.0036094658290685812,-9.801318983746075,-0.0007003197579728063,-0.00018829530057107148,0.0009171991246118637
77.39999999999988,0.0009368935083418247,0.011697358551858406,-9.814484744579607,-0.0009679373508637215,-8.46868472680044e-05,5.374541082093255e-05
77.49999999999987,0.015731094123392107,0.001581909926425506,-9.812799999878088,-0.0013083590250052336,0.00015646525556914446,-0.0006136090626224119
77.59999999999987,-0.005797247705904363,0.011549736887852585,-9.803573664391742,-0.0005259751156655803,0.0010794489749741422,0.0012444001918157663
77.69999999999986,-0.0032817843408222574,0.0035194249505503894,-9.802727288156989,-0.00019770981525231936,-0.0010260420663470386,0.0017505307194455512
77.79999999999986,0.0044297682055188916,0.012155170503633624,-9.792369604952272,0.0009755440455193118,-0.0009443148634534657,-0.0008724323646587947
77.89999999999985,-0.004003676221026769,0.013749636534391594,-9.800013680692151,0.00021392893070856938,-0.0010317946684779763,-0.0005723107645269136
77.99999999999984,-0.003934994466558379,-0.017528664391720777,-9.80140867543093,0.0018478398199319804,-0.0007645664767853462,0.001553648698835482
78.09999999999984,-0.005796294481321488,-0.001980666747090281,-9.799629305868898,-0.0009192421985599172,-0.0007494187199319364,0.00026103668913780815
78.19999999999983,-0.01229155516281252,-0.014578319823321527,-9.826314656364959,8.307647846336081e-05,-0.0012498400552317529,0.0003246143131003294
78.29999999999983,0.006799808297833933,0.005013085342428309,-9.800816272408099,-0.0009655127867743612,0.0005898134921290253,0.0009478827415318424
78.39999999999982,-0.016416832641784805,-0.0017956937802797465,-9.797049592847735,0.00032048770538876714,-0.0011474272084164687,0.0005705554538842149
78.49999999999982,0.009670661634870717,-0.004886034953671478,-9.808760966556024,-0.0006983102568879331,0.0002798904929606025,0.0004685379850686685
78.59999999999981,0.024725547212355904,0.008415275949263737,-9.809156729747386,-0.0012672117163891764,-0.0029939747874814875,0.00120660689566144
78.6999999999998,0.02170601986518517,0.0027812926416034885,-9.804191682357644,-0.00023818498946744744,8.681350661560592e-05,0.001339964322372585
78.7999999999998,-0.007939186930566526,-0.01127758474937072,-9.848709592196437,0.0013793590174584005,-0.001846601266014945,0.00029261336486872936
78.89999999999979,0.007294561783884779,-0.010760359185872741,-9.822563632030844,0.0005172624715484304,-0.0010537189185993985,0.00037125379405563965
78.99999999999979,-0.0004168267706524101,-0.011143983968382534,-9.802168753944482,-0.0010510857920749215,0.00046251330310613016,-0.0015256893989792804
79.09999999999978,0.020143679787248667,-0.00706458653840016,-9.815396010800086,-0.0007703930975102009,-0.0005393068644068982,-0.0003151658534820311
79.19999999999978,-0.005984520711557224,0.012830205528601755,-9.807923557998649,0.0007144969606324239,-0.00028458172138545897,0.00047532062061699643
79.29999999999977,0.003787852413644149,0.0036889976078749195,-9.810805875124561,-0.000707243222196992,-0.0005778915612200186,0.000712353951817839
79.39999999999976,-0.00011131360962364015,-0.0017114713582146027,-9.799411686318601,0.00012991179645767384,-0.0014343313334352174,0.0009646638197321855
79.49999999999976,-0.0044739713128461684,0.0020315364060802914,-9.819676785294234,0.0005655194488346907,-0.00015087359628565997,0.0014876247260808965
79.59999999999975,-0.021744167444757535,-0.009168803939553608,-9.800843870847247,-0.0004595958836043707,-0.00022563744408636165,0.0010643009981349484
79.69999999999975,-0.007789610154869512,-0.0014411285808108157,-9.824141355402054,0.000872868920434147,-0.0005857084765736213,-2.077347786368593e-06
79.79999999999974,-0.014279193999993164,0.006997269293609275,-9.7906206831372,-0.00023924089987370598,0.0005654099898025768,0.0009010107726079743
79.89999999999974,-0.003836849848221854,0.006991389662666083,-9.813437118082591,0.000833935158809625,0.001082844759571024,-0.001438294987866209
79.99999999999973,0.0004447444997686873,0.001942378767310178,-9.81016626261283,0.0002019522847408322,-0.0013318106635148025,-0.00035745885378044994
80.09999999999972,-0.010756940513571135,-0.017250197357600628,-9.802892547980216,0.002386707132841425,-3.7187022882751054e-05,-0.0007452056084770296
80.19999999999972,0.004447849197026822,0.012069135777687147,-9.814148503892447,0.0017904581216587037,-0.00014237501627104604,-0.00017817834120179525
80.29999999999971,-0.002547071865501042,0.0046624021646091566,-9.832936853039277,-0.001333382554404442,-0.000411774484052322,-0.0007168239304263973
80.39999999999971,0.009140993968732318,0.0026305671094145927,-9.818488444936659,-0.0006561857160990271,0.0011552603371865226,0.001645998005521268
80.4999999999997,-0.0017856128967929747,0.0013840011417333175,-9.80837061905239,-0.0017355607158994195,-0.0007248395026936716,0.00035634695981039176
80.5999999999997,-0.008775500196235695,-0.010309921537416228,-9.813053612537699,0.0008407553068688236,0.0005886226186097538,-0.00017837980941162805
80.69999999999969,0.008623629283184968,-0.008353476266593053,-9.80316471500478,0.00030787856125272163,-0.0008089076590267214,0.0002288712953178443
80.79999999999968,-0.004277875675068528,0.017908274173575666,-9.805594857402063,3.082621682472476e-05,0.00029899055668701653,-0.0003118597044888417
80.89999999999968,-0.008767991840713335,-0.016823422717925793,-9.82097788416965,0.00030237032472756677,0.0009224488020480779,-0.0016613306596966093
80.99999999999967,-0.01660772622573271,0.013275755993054842,-9.811755918564913,-0.0005112092990273046,0.0019849159152778746,-0.0006257899434408877
81.09999999999967,0.009384032430506934,-0.002085224954445329,-9.816365983543683,-0.0017229390820538394,-0.0014888715895076505,0.0009879080954612086
81.19999999999966,0.011237073316303867,0.013804425285533618,-9.804348513847316,0.000210610979276694,0.00037086223282838446,0.0010089205854401197
81.29999999999966,0.0195983839354866,-0.001432783164259895,-9.811279850923693,-0.0005717396237942828,-0.0005351643791852476,-0.0003488011142929083
81.39999999999965,0.009381413847681251,0.004466191948709278,-9.817503467342203,0.0019219340866837617,-0.0002577072684141829,-7.096753111038186e-05
81.49999999999964,-0.0037960810962554287,0.027369026154078817,-9.802169640282626,0.0013249536888447432,-0.001521756760504884,0.0009884643224345026
81.59999999999964,-0.0026068390705350636,-0.003382428217151952,-9.804543798542763,-0.00041172596167775224,0.0004083046836387732,-0.00020561297179872665
81.69999999999963,-0.000706976688818219,-0.008107474579786866,-9.81102898350763,-0.0014455779639363582,0.00021165774604519602,-0.000624666079515132
81.79999999999963,-0.004158603851866261,-0.006099703602320386,-9.82139548422007,0.00039277799002128416,-0.0017587438304798872,0.00042239593115564255
81.89999999999962,0.00092574143600978,0.0028588092202309636,-9.800251061192212,0.0007983103385262153,0.0016777080673452357,-0.0003949150186424546
81.99999999999962,-0.0035691907456420198,-0.0006506420725226496,-9.800055517382244,-0.00037707432707649005,-3.927543229086585e-05,-0.0010633060966340052
82.09999999999961,-0.00194150668574921,0.0008299500984944483,-9.815505470462242,-0.00023424447890619897,0.0019196184656502708,-2.7942594526540965e-05
82.1999999999996,0.0023599362060180364,-0.007888757891766232,-9.816579522916623,0.002241523181031687,0.00017692382223103014,0.0003648713409664833
82.2999999999996,-0.013655656585763096,-0.007815432861080803,-9.801542044851693,0.000791428818673746,0.00044215048590798956,0.000261284713863719
82.3999999999996,-0.007638580256133212,-0.010227417854982868,-9.804465355864442,0.000326143320238546,-0.0003896486684848412,-0.00022691530917598592
82.49999999999959,0.0006728972231423598,-0.009494455515852799,-9.799854574672679,-0.00022989205413489358,0.0001174802558690953,-0.0016098850902626237
82.59999999999958,-0.0028997615179696154,0.007074765303806185,-9.81377567191129,-3.650617498182516e-05,0.0005720147003733839,0.0001651186073055863
82.69999999999958,0.022214074317345595,0.009452520856790386,-9.81951508543018,-0.0004107926859466457,0.00019819077069716375,0.0006393482056645671
82.79999999999957,-0.025893449303650534,0.007151148846847723,-9.809524970036529,-0.0004746939382007395,0.0007353477191337741,0.0006209145230072092
82.89999999999957,-0.010243418483416863,0.011468464568132719,-9.795085032885297,-0.0004567165795191817,-0.0017915167991299952,9.544213095672754e-05
82.99999999999956,0.00803149698959294,0.0003735088187239968,-9.821795980045533,-0.0011465839914113138,-0.0006961180779484571,0.0012493914490020082
83.09999999999955,-0.005769451677535065,-0.011859697690353761,-9.818700680226325,0.0008416685544502252,4.5173019695337865e-05,-0.0002528960539069754
83.19999999999955,0.004395740789943134,-0.024653822614978213,-9.79139399301422,0.0010934647547824685,-0.001682004017180257,-0.0006583311798529877
83.29999999999954,0.014011651762283125,0.01148298680056901,-9.816953508448716,0.0004277003492332658,-0.0009907157188872003,-7.095387949412026e-05
83.39999999999954,0.014900134343547549,0.013568059497387222,-9.810105903648365,0.0009860151557266998,-0.00025397387409565176,0.0009229874833365706
83.49999999999953,0.016206920088867413,0.002998819722568383,-9.804244576909996,-0.00035178203140429895,5.597293876990893e-05,-0.0007914915264103192
83.59999999999953,0.004219008232894512,-0.008951419085777802,-9.810717228587743,0.00017876346581555412,0.0007168396020978701,0.0007931079745550666
83.69999999999952,-0.004799826167224488,0.00943457330292546,-9.817203674593925,-0.0006744461639519318,-0.00019157708918532526,0.000798295290588333
83.79999999999951,-0.007128843837069977,-0.009919680604727336,-9.793284410662183,-0.0008271767898229015,4.650355515737202e-05,0.0015376998310441862
83.89999999999951,0.009027779145635231,-0.004436574720394972,-9.788584346416654,0.000645598671313175,0.0014562125194133046,-0.0006396827687550568
83.9999999999995,-0.012597054552040621,-0.0008631025442114171,-9.828090243321121,0.000501153834390503,0.00024484653169631345,0.001563616684112007
84.0999999999995,-0.010080428540002769,-0.01190497470524218,-9.804047701315762,-0.0007297985467455189,-0.0010033124109884264,-0.0004857790396195011
84.19999999999949,0.0061603130159152385,0.010084142916201468,-9.812800689248451,0.0013797851316274881,-3.419755200671335e-05,0.0005508833515993632
84.29999999999949,-0.008235728486052876,0.012854033328531949,-9.815886412030034,-0.0013436884006240164,-0.0015730577265434587,0.00045145351000060673
84.39999999999948,0.0060727415853700385,-0.0014131344026600294,-9.832718195475879,-0.00030028940395529415,0.00021629636754487403,0.0013886120749730705
84.49999999999947,-0.000637336824588998,-0.009476894943926381,-9.828030876831585,-0.001129483570870494,-0.00022988796866186815,-9.116627003091838e-05
84.59999999999947,0.012790632678374943,0.0054949020649175204,-9.802719192839003,-0.0016498180627597533,0.0009219577461127253,-0.0008608468141265128
84.69999999999946,0.010177501876829144,0.0017063636209216288,-9.805949163640236,-0.0006937643840243971,0.00034575312947380415,-0.0007453006108992541
84.79999999999946,-0.002468330115653257,-0.009520614551261032,-9.82978708776421,-0.00016805948006712754,0.0009609476560387055,0.00012809271526199002
84.89999999999945,-0.019763244901745632,-0.007494321859516595,-9.81874736951636,-0.0019896082920834546,-0.0013545283577519715,0.000673320051595071
84.99999999999945,-0.0013413650912739877,0.0020112895242059502,-9.808274702507894,0.000127206075052243,-0.0016245849228447788,-0.001650311334141341
85.09999999999944,0.0090506831907711,-0.009120665958204145,-9.807336108782977,0.0004777444841758954,0.0003569201972904675,0.002920772056675378
85.19999999999943,-0.007196906410740995,-0.014769253701430481,-9.79157784120109,-0.0008307151271283304,0.0006420100180803248,0.0011847643722906287
85.29999999999943,-0.008030993564212422,0.015530674879429607,-9.786871849437095,-0.0005976099166658498,0.0009713511211458131,-0.0005143077754576782
85.39999999999942,-0.005813074103039091,-0.0038239136536945178,-9.802759668892644,0.0010336041501847642,0.0006536971538131436,0.001500930015568063
85.49999999999942,0.0025908082950630434,-0.006069177554800948,-9.81288560428634,0.0012072341216251695,-0.0004229352383541256,0.00036374004653770884
85.59999999999941,-0.004986331474959534,0.002494890305901186,-9.8100584001826,-9.92973300810703e-05,1.3309622642514063e-05,-0.00017318536265982254
85.6999999999994,-0.0021983271650318874,-0.020531471784413204,-9.809325606067125,0.0019165623949741293,-0.0005105162913627859,0.00013249418419972485
85.7999999999994,-0.014119148620332578,-0.012614020932807047,-9.810378960024249,-0.0009713065256962685,-0.0009964768435894139,-0.0013565190341040766
85.8999999999994,-0.002376768311887476,0.007180881711567142,-9.81554782681068,-0.0036191004648212844,0.0009673335450997661,0.0007823382924684696
85.99999999999939,-0.011973335005454153,0.01601518309411534,-9.814582266216979,0.0002069968007902195,0.001696957105266107,-0.0019658740792013124
86.09999999999938,-0.004403100627783033,-0.014884531242706556,-9.804214598380241,0.0008567651386788909,0.0005233255860272681,-9.516731204661884e-05
86.19999999999938,-0.003013349434096255,0.018999292409882077,-9.803850558458949,-0.00020902155405114095,0.0009416764893700564,-0.0007683027240190219
86.29999999999937,0.008904997114110622,-0.004587314642325092,-9.81066176401595,0.00014546826693407434,0.0005531646793517379,-0.00032645246752425935
86.39999999999937,-0.012732951382871385,0.006257749944212254,-9.803609750736184,-0.00014334366652779754,-2.3843022587967567e-05,-0.000932884672242626
86.49999999999936,-0.0027063409629091103,4.221185905614797e-05,-9.8093691509757,0.0009994207720928653,-0.0002635178571032201,0.0003856362532889445
86.59999999999935,-0.009551378529782797,0.002663118980475927,-9.803663297729155,0.0005563582539424572,-7.414014216563059e-05,-0.00018369659469196704
86.69999999999935,0.009689378055235138,-0.009789225660263615,-9.80023120859289,0.0005105530098441284,0.0004547385505471208,0.0007531026788937112
86.79999999999934,0.0065769020711539655,-0.0004765097250479403,-9.808339198736093,0.0008654213531457932,0.0005729343059860291,0.0011685817187189029
86.89999999999934,0.0025417759180627886,0.0004071461071669886,-9.81711332434328,0.00033768545907482774,0.0008536651863823709,-0.0005515121399888214
86.99999999999933,-0.0023308835836121904,0.007206043520209633,-9.813149173223731,-0.0006665609363896881,-0.0022921597479623195,-0.0003490349040597167
87.09999999999933,-0.003073697750461527,-0.0015505791573298133,-9.800957205557221,0.0008690596503160967,0.0007612277912304943,-0.0013917265549702352
87.19999999999932,0.0008858630152508844,-0.00036391056548389783,-9.805797205807368,-0.0011664097497493808,0.0008895624858685023,-0.0022681166481302267
87.29999999999932,-0.021961038828107494,-0.0014073674655240042,-9.816105227573896,0.0007953569690873719,6.0535885961753345e-05,-0.0014147795199352606
87.39999999999931,0.028756626983801836,0.005169785390183861,-9.789251563633265,-1.554130222470292e-05,-0.00030408161199521215,-0.0004474528767816148
87.4999999999993,-0.017137267227569555,0.005371201664281307,-9.827223101559497,0.00021697184995846547,-0.0025804359522308435,0.0007925203296861755
87.5999999999993,-0.009870398221355376,0.0014715375155549915,-9.797938156254089,-0.0017435293665266241,-0.0012063497986795708,0.0009744493645281794
87.69999999999929,0.005111180026612341,-0.013469417313460757,-9.805994172883798,0.00046757763337230783,-0.00118032826438054,0.0012126770924318219
87.79999999999929,-0.011840208339980623,0.005960694635685267,-9.804149458268107,0.0005917250356775811,0.0021963500455623726,-0.00022051853342769544
87.89999999999928,-0.000543533072536925,-0.01129801679272096,-9.80552535636515,0.00039019301864945047,0.0011490596031737527,0.00036557343992844
87.99999999999928,-0.00098965093091722,0.019798838855055706,-9.812083089756513,-0.00037137739221710525,-0.00115255986675909,-0.0004694569137806738
88.09999999999927,-0.006321781618131933,-0.00637355159894955,-9.813604916843207,-0.00016360113263618432,0.001128295080468722,0.0005036612633219443
88.19999999999926,0.015578159064733381,-0.00232110843949837,-9.799728836860401,-7.66126033979601e-05,-0.0023738350834526124,-0.0015193755436503976
88.29999999999926,0.0029172003830676063,-0.011728176985695254,-9.814956717534235,0.0026797557541702586,0.0011353066388607863,0.001121147228371264
88.39999999999925,0.0007655555465522994,0.0040122018502956654,-9.816246247011229,0.0001347268749170613,-0.0013322574356716035,-0.0007367662790053666
88.49999999999925,-0.0071121038364482525,0.006367308874344349,-9.813387326157269,-0.000766719306176426,0.0001747489085509679,-0.0005463836588585659
88.59999999999924,0.0005888422093339839,0.02354892776541159,-9.810074995232139,7.939391027662139e-05,-0.00023280787606617143,-0.00042826655224966604
88.69999999999924,-0.0040021370104483325,-0.0004172061231451449,-9.80830678611687,-0.0010003698274651006,-0.0009519526165195939,0.0009788241121199733
88.79999999999923,0.016688100002566816,-0.004820714420597405,-9.808777849418265,-0.0013837106765229436,-0.0013215075617414047,-7.348800041098331e-05
88.89999999999922,-0.0061071313081086445,0.013464476210420396,-9.790336698208964,0.0011305402283605303,6.106667401433489e-05,-0.0003585233493611813
88.99999999999922,0.005165544252711147,0.008290980565019888,-9.808990471470478,-0.0014491245798302806,-0.0017284213010440009,0.0009189853002672672
89.09999999999921,0.0010701559466848151,0.008547854089341224,-9.81397233235228,0.0009111766246984941,-0.0003054209003284307,-0.00041844292727206126
89.1999999999992,-0.011853574870695693,0.009525146120449735,-9.794832829224386,-0.0010804830283010591,-0.0010494914904035416,-0.0006525050273080242
89.2999999999992,-0.00474436919201267,0.00995502187954566,-9.812591215217981,0.0010561891774655808,0.0007852597734512506,-0.00045156103766355013
89.3999999999992,-0.004761084835063567,0.012458214164706206,-9.815926730861237,0.00031769962502720687,0.0012983536380546498,-0.0006047429983836064
89.49999999999919,0.008352823382577602,-0.004863773439427269,-9.82225923702359,-0.0015152008342599083,0.0015828388054534687,0.0002068531467509231
89.59999999999918,-0.0003923803076831908,-0.0030037324173557856,-9.81186791171966,0.0005586896762951833,-0.00031876198604975707,-0.0013675711196073316
89.69999999999918,-0.001601357942775599,0.002584694699891106,-9.807108078782862,0.00026309547425622503,0.0003155372735247457,0.0010598789054892899
89.79999999999917,0.01180624285223766,-0.0007043512503616332,-9.810079014041673,0.0011434631002422422,0.0013748754476531695,0.000328590303691698
89.89999999999917,-0.014437103152062347,0.008660786242512248,-9.810013911462642,0.000861424425593436,0.0004625782528823604,0.0016243174755487763
89.99999999999916,0.016919565175889686,-0.010712924998082098,-9.81827685524624,0.0005956280734068979,-0.000672360483564075,-0.00046614925227503264
90.09999999999916,-0.005665985128272152,-0.006127720260109193,-9.814077414197603,0.001078657394975546,0.0007896256521433514,0.0013392549078509609
90.19999999999915,-0.0014754418384716045,-0.013025151651663028,-9.791678667137576,-0.00048781260587123167,0.0004973914703315548,-0.0002974128877505467
90.29999999999914,0.015590228745830105,-0.005552078607904347,-9.798446926398858,0.0005629707185237937,0.0010890894320429306,6.181648808718462e-05
90.39999999999914,0.007715473142485654,-0.004961823053910133,-9.815059460395593,-0.0011482238919507013,-0.0011971461191277826,-0.0011763980206460033
90.49999999999913,-0.01733667627793545,0.00667757223167204,-9.827298215127461,4.6160554218901165e-05,-0.0010546661414155066,0.0015447297061046117
90.59999999999913,0.012492654912016768,0.004254219195070304,-9.797049998913106,-0.00023272881783263324,0.001072342424252464,0.00017522741574817487
90.69999999999912,0.007201061633200775,-0.0001228264014551337,-9.817771932328144,-0.0006530951909238857,9.00693066090123e-05,-1.320861766340929e-06
90.79999999999912,-0.02121365663010947,-0.004354218407267768,-9.82881160539449,3.637357049596812e-05,0.001158974832585155,-0.0013877122597440194
90.89999999999911,0.0097120766300456,-0.003468254337347767,-9.810229553519674,-0.002110559092072764,-0.0007614414671395149,0.0012045939506037657
90.9999999999991,-0.01610900740462147,-0.01633852265975023,-9.782761305499944,-0.0003574678016269977,0.0004771087865963704,0.0008222741613574583
91.0999999999991,-0.0012846788149094021,-0.0057676593406862,-9.816315795723142,0.0017625062660245972,0.00038033227351509874,-0.001353978513449722
91.1999999999991,0.002517112677612259,-0.0015610396068524164,-9.802662884575366,-0.0001757731480058151,-0.0019411119790554076,-0.002279456014665567
91.29999999999909,-0.003613694298341217,0.01531643503274119,-9.809845613601842,-0.0009144663684734115,0.0004524132943324515,-0.0007786694135181952
91.39999999999908,-0.015367195846618711,-0.016304935433133903,-9.817355040381933,-0.0013923338675618819,-0.001561028559580122,-0.0004209956066603361
91.49999999999908,-0.02119379765039751,0.0078036050248216264,-9.810229860511587,-0.0009268858486169338,0.0006351406381527895,-0.0004904051432997199
91.59999999999907,0.005040379712569149,-0.010703342209249112,-9.823997154659951,-0.00022156685317357118,-0.0007877600183453984,0.0007523563077201661
91.69999999999906,-0.005159935109943165,0.004549888635085933,-9.815237925487867,-0.0022354793947212746,-0.0004939326980969029,0.001451812451403461
91.79999999999906,0.01309063405963354,0.0026974678057920284,-9.816124007677857,-0.0006382284592903785,0.001190326936643283,0.0022807461493971814
91.89999999999905,0.01520668706931421,0.0007923066236241172,-9.804118077878817,0.0006518643817150747,0.0005928859386953454,-0.0008812185902769477
91.99999999999905,-0.006113468012580856,-0.002980677818773044,-9.809659938119445,-0.0010836284867132846,0.001146722394357498,0.0005361497801266767
92.09999999999904,-0.0003104877696339355,0.013816511464892418,-9.814305328069697,9.058184258425194e-05,0.0004512713026979989,0.00037744857332038374
92.19999999999904,0.001400509570845234,0.007466007661750846,-9.81849636134976,0.00018657338364297055,-0.0006664231378049625,-0.0010812807307136155
92.29999999999903,-0.006708128914758284,-0.006128203512693056,-9.809475218791329,-0.0006485680080215057,0.0016942017447984347,0.001343602892752744
92.39999999999903,0.0030667643029462033,0.0031083043783944942,-9.813865105281268,-0.0008370082477091845,0.0005364436846789038,-0.0014491404766438752
92.49999999999902,-0.00817610492360788,-0.018099360442969527,-9.828124805466206,0.0008932997376802457,0.002094859169631535,-0.0012516314446442954
92.59999999999901,-0.012665260853624127,-0.009599698735327613,-9.811651019044259,-0.0018115933183058936,-0.00041412067058348585,0.0010259035342040943
92.69999999999901,-0.00045792153813634253,-7.276290780688584e-05,-9.822550833866607,0.0019689363878871435,-0.0008945317737098636,0.0003988055911347045
92.799999999999,-0.006518378688525358,0.0132025545308795,-9.809046025515649,-0.0005212603954953773,-0.0029385914319990953,0.0006852227936645867
92.899999999999,-0.014271093861072144,0.00290724889190439,-9.82057041372396,0.00015210914615893903,7.69874653293334e-05,-0.00028247985757098653
92.99999999999899,-0.00035620454603319684,-0.0028716334920855014,-9.813726115332056,-0.0003436823188622849,-0.00024587308008607007,0.0011292975162445918
93.09999999999899,0.0020619333842789673,0.005288954330978114,-9.808450842286737,0.0024341486793547813,-0.0005405567744853003,9.609008208328285e-05
93.19999999999898,0.013915877898815505,0.00553475908386001,-9.821921741317317,-0.001540884869728225,-0.00031636392353141216,0.00030535773214283233
93.29999999999897,0.004467173159086331,0.025743585633276295,-9.81258996199162,-0.0021951202610207194,0.0006099960996077109,-0.0004479664022999204
93.39999999999897,0.011883234468712561,0.005847508190890523,-9.811366590087333,9.730521412679648e-05,0.0021770987826066836,-0.001026745698531787
93.49999999999896,-0.003450562362385294,-0.004059629222792382,-9.81652081034368,0.00042301648091971076,-0.0010651588957938166,-0.0006554531245697614
93.59999999999896,-0.0034272002561200232,-0.0007056831361621595,-9.81028917981983,0.0004319350752013318,-0.00030431514443404317,0.000875882763644664
93.69999999999895,-0.005707828444673507,0.005240827346919803,-9.782194778614409,0.0019410038810707849,-0.00044205437342790404,0.0012799099840003225
93.79999999999895,-0.012433921730894954,0.017756889221872282,-9.800853910005248,-0.0006102529345809949,0.0009861522546324786,0.00032067568130920515
93.89999999999894,0.0012680955232926975,-0.008332870953102495,-9.81526904841928,0.0007513641572090116,0.0005841910605777022,-0.0006870064872051481
93.99999999999893,0.00818540927596113,0.007984940496255954,-9.790031697208786,0.0009862400851716113,-0.00045302504452800815,0.00036819078626888427
94.09999999999893,-0.02333228120661455,0.0003138803549054808,-9.808428334765578,-0.000994080609624803,-0.001144639910928056,-0.000588596689754185
94.19999999999892,-0.013796057708304046,0.004598497693472001,-9.808871551398656,0.0006980348388848009,-0.0010663270523743325,0.0009396937993295075
94.29999999999892,-0.014175237198137432,0.013017095649723334,-9.808236803196774,-6.659568948817285e-05,-0.00010525541267661077,2.219070262589492e-05
94.39999999999891,0.0030022655504467984,0.001962086316014201,-9.81368369365255,0.0005377702874080955,0.000666091589991639,-2.3142500333004536e-05
94.4999999999989,-0.0012481992924221886,-0.002026546308286411,-9.817771774467817,0.0008835940749089887,0.0002469378705234183,-0.0023604348075168136
94.5999999999989,-0.005119224779617491,0.001399994818410142,-9.802915538825193,-0.0010031109700802962,-0.0028174516528382543,-0.0012063173858721007
94.6999999999989,0.019210824825481986,0.006904590709456413,-9.81649166146703,0.0009082854213327349,-0.0010890338125510868,0.0013282476050369934
94.79999999999889,-0.002391300939508278,-0.0061235141563582346,-9.810613139120349,0.0015904797933778765,-0.00010088879877036981,-0.001043495081784409
94.89999999999888,0.0010207885969632242,-0.004479244349598758,-9.795929941712554,0.0008418747189219107,0.00024081186948230902,0.0005308494794915727
94.99999999999888,0.0044174184883628235,0.01603965230668688,-9.799041678518439,0.00024993997223904434,-0.0005642550291471174,0.0006120406373090201
95.09999999999887,-0.005383182931699835,0.004791770403098027,-9.823183051289071,-0.0001680192140190775,0.0006956779529615921,-0.0001405686102323367
95.19999999999887,-0.006164478872267609,-0.020056552068200926,-9.822562082591487,3.632320085324671e-05,-0.0001688217301854196,0.00035686902227651635
95.29999999999886,-0.004238640541120674,0.00619780030548382,-9.81660033164139,-0.0010728720053823982,0.00031229899019052736,-0.00043502367934132683
95.39999999999885,-0.006994612787926782,0.011696933065084606,-9.82014854555137,0.0009045876897856423,0.00013719547994127198,-0.0011386931823820878
95.49999999999885,-0.010351680500694882,0.004800485932107823,-9.792671687258443,0.0023234333432652497,-0.0007405719239047819,-0.0003718609759369698
95.59999999999884,0.008372504777149556,0.030689081364663955,-9.810862145580554,0.0002126898838023059,0.00041345083602620345,0.0013783634796066188
95.69999999999884,0.010551839014692015,0.009675374157130654,-9.811612075890848,0.0009839779463302724,-0.0013595534423916618,0.0016506558979044396
95.79999999999883,-0.009707776600775429,0.0062485297879473715,-9.828654885846552,0.0015569579479483636,-0.00047744881224351295,-0.0001283592405734862
95.89999999999883,-0.00015827815888196109,-0.00032990127292844575,-9.82121465926843,0.000988537016617527,-0.00040244088500587463,-0.0007227655326414073
95.99999999999882,0.007235359062087526,-0.000732678650707649,-9.814827684961717,-0.0004080879762203029,-0.00015506037702212665,-0.0002228342952911281
96.09999999999881,-0.0033252512949785797,0.004945672929860931,-9.796746409104466,0.0016967654047220907,0.0008141028307837748,-4.276092860247563e-05
96.19999999999881,0.014829234343090983,0.006204429273860149,-9.817206438526675,-0.00020554081607186833,0.0017655164539092663,-0.00022416400793140185
96.2999999999988,0.00031471134981602165,-0.014345929986589756,-9.80744119234563,0.001249729439097368,0.00028529233398374813,-0.00026071279517421485
96.3999999999988,0.00034301301586092475,-0.0032870166325528454,-9.780706589303552,-0.0009025938666640508,0.0014432608261132776,-0.0013681302137888277
96.49999999999879,0.003869722771956012,-0.00665614108105326,-9.799591245324446,-0.0001443288585742758,0.001252108506109381,-0.0007324169464391228
96.59999999999879,-0.0019213539014500413,0.00036187142238160955,-9.812439473447267,0.000592016401386374,1.7166202676300084e-05,0.00011351752270248761
96.69999999999878,-0.013006704755962516,-0.020334767313674354,-9.822639999790933,-0.00028442827889985946,-0.000478084697043737,-0.00032697529795952605
96.79999999999878,0.015332494170605082,0.009885833751263163,-9.801762877434667,-0.00024170361963349288,0.00047543536414648523,7.94060699702614e-05
96.89999999999877,0.009000525128150137,-0.00553171733616029,-9.809413165556826,-0.0013813804603937528,-0.000489704767503504,0.0017815155450977473
96.99999999999876,0.0030067163218931944,-0.006020712237650105,-9.800916863610054,0.0007515895697778623,-0.0011197429263382825,-0.0010541762386641427
97.09999999999876,0.0021652691821134676,-0.00026684066093432725,-9.803250763341483,8.911498164417255e-05,-0.0009084780513137535,0.0009782744134782771
97.19999999999875,-0.00863680452043658,-0.005119319719908096,-9.80065188213425,0.00032906788969118563,0.0014200833944563122,0.001058530635047224
97.29999999999875,-0.00852281915649016,0.0022533678969401884,-9.80915818150408,-0.0004457594954410838,0.0002106375027363843,-0.0008744632096741472
97.39999999999874,-0.01802684735374833,-0.0009938882277219071,-9.822618296283313,-0.0008263633459446809,0.0006729511099542924,-0.0001396059516191198
97.49999999999874,-0.0033299376937492636,-0.016900202296942477,-9.8213420855472,0.00014190874651468524,-0.0007006214651621043,-0.0030227080664038046
97.59999999999873,0.00569284726170938,0.005173494579126695,-9.82260536919674,9.299203388655079e-05,-0.0009047032440313078,-0.0009041250196753544
97.69999999999872,0.0030953699105226353,-0.016785526492806676,-9.793179296242982,-0.0005489542976920859,-0.0013922831077406012,-0.000595267022499887
97.79999999999872,-0.0022676041518009484,-0.002846648910124411,-9.808785622598492,9.959017660007495e-05,-0.0009248655331226909,-0.0009158817798929852
97.89999999999871,-0.014856483586679053,0.01015238719395329,-9.810595017445015,-0.0010794418371466617,-0.000833716144772864,0.0004513081630021513
97.9999999999987,0.010987553910792694,0.007478099188112603,-9.795524245096614,-3.28570895392369e-05,0.0011514282042250606,-0.0008091548840341949
98.0999999999987,0.011033003370503421,0.0025377764548634835,-9.810383068046598,-0.00092384174913747,8.536991841398682e-05,-0.0013534432723090002
98.1999999999987,0.015518679624148822,0.0034759341822843417,-9.814089566574292,0.0014598867426793072,-0.0019429038791689197,-0.0015264124414995238
98.29999999999869,0.00033420032905912103,0.008388750062953174,-9.808253255411191,0.002435084924223415,0.0012123203477223236,-0.0003770049337063447
98.39999999999868,0.004678526265008171,-0.007584779725818982,-9.817294815957252,0.00029749960388816723,0.00030756557382902633,0.0004334802274579144
98.49999999999868,0.00866674331257093,-0.010395318938842768,-9.828197559179026,0.0006013770092347674,-0.0006761060580194586,-0.0010630085575375008
98.59999999999867,-0.0027257543160948577,0.0028361633702894055,-9.813481777420789,0.0009126913389907427,-0.0015383921633016233,-0.0006394354569361597
98.69999999999867,0.0014416413201932638,-0.0019392372622160717,-9.80531762115788,0.0010855920715858306,0.0005640221272144335,-0.0012807283165378023
98.79999999999866,0.007822847492919636,0.020559197490593713,-9.815587497364117,-0.0010235378061858884,0.0009209919802285333,0.0006568600624414181
98.89999999999866,-0.011475690522746437,-0.005946953045144053,-9.804827281264755,0.0008433229240481036,-0.0017163088870500054,-0.0012881363390230443
98.99999999999865,-0.007425236989414935,-0.0016490767764264108,-9.81347321263423,0.0001770475404779137,-0.000298735501525764,-0.0015848095802795874
99.09999999999864,0.0018106649344075845,0.0019471380850135673,-9.812322531224616,-0.0010154255010903853,0.0012694274042005036,-0.002239556788318764
99.19999999999864,-0.002468333423615877,0.010317130455022161,-9.812832334088425,-0.0003450251309344316,0.0016414203674646243,-0.0003105005618732034
99.29999999999863,-0.012569904459213637,-0.022685511582132282,-9.792229881473803,-0.0014211126468169214,0.0006992265606980347,-0.0008052270241097415
99.39999999999863,-0.02074951729726583,-0.0018409572961154495,-9.798873928233553,0.0004533141360006389,-0.00021844112619861868,-0.0009430768632584081
99.49999999999862,-0.0033385282504797267,0.0040512762845083495,-9.814676398227254,0.000720985998094934,-0.00027792714351586523,0.0005129396461610796
99.59999999999862,-0.00388963486880576,-0.0019438785349610765,-9.795949262950678,0.001054496730708565,0.0014030643106381971,0.000713741748212974
99.69999999999861,-0.0070789585859110295,-0.0022048174382056592,-9.7988000097107,-0.00012878017209101713,-0.0015839831181052564,0.00029106638433291796
99.7999999999986,0.02030751689059502,-0.007381163590794967,-9.796169349380644,-0.00020936423693207427,-5.23796942222024e-06,-0.0008632284973298127
99.8999999999986,0.003632409355955612,0.01252056369941569,-9.801016871808683,-0.00047436289444414216,-0.00014802962187333507,0.000720227602434579
99.9999999999986,0.02239651793074871,-0.00895788020122499,-9.817116421383075,-0.0012607335976462131,-0.0003687568796363625,-0.0006456247422818029
100.09999999999859,-0.003051429157770644,0.008284533013013651,-9.803298619486839,-7.765597301554177e-05,-0.0008445073692801894,0.0008789174301839248
100.19999999999858,-0.0008710730182145042,0.004907306881734049,-9.794873377792475,0.0021207561149854453,-0.001659786309849183,-1.5139767677046459e-05
100.29999999999858,0.0057290510581424516,0.0008012217967554743,-9.811934696311353,-0.0002697497481634133,0.00026898744460139877,0.0006698113927239162
100.39999999999857,-0.006377214042757859,0.010145268767219821,-9.804703389429847,-0.0007519243102145778,0.001940610100027486,-0.00023860373764474552
100.49999999999856,0.002351840554768205,0.004544730374147855,-9.815980580711344,0.0022302697023112205,0.0006801247379506637,0.0009858978758831925
100.59999999999856,0.003135761929733915,0.00017948723598046082,-9.790126052384077,0.0010122207732999387,-0.0010840645506097904,-0.000846040145965855
100.69999999999855,0.01252908029263073,0.0024474445932581045,-9.802737044608818,0.0004385571756752441,-5.120545045605152e-05,0.0014382236907880019
100.79999999999855,0.001067690771573185,-0.002509929099667849,-9.817805337867021,8.298396415475248e-05,-0.0008056989590450944,0.000100097868347641
100.89999999999854,0.009034011400195826,-0.00204970789198028,-9.804216971063415,0.001092184344793931,-0.00024430050008895395,0.0001455516817253825
100.99999999999854,0.012095695480758133,-0.00962880629194415,-9.809184867784783,0.0012767670861730605,0.0008944544415636228,-0.0013170893311757964
101.09999999999853,-0.001748947086045714,0.004021066433261892,-9.817566301215683,-0.0013933309373422395,-0.0012678849417441377,-0.0011380027931365054
101.19999999999852,-0.043698782665287546,-0.003318510182093249,-9.809318907427562,0.00014792253127179838,0.000846313930938282,0.0010612193303082282
101.29999999999852,-0.007585207039208686,0.0016637276970422818,-9.79859730803731,-0.0014892750397648565,0.0003340339228291574,0.0009713239520380925
101.39999999999851,-0.01296762191273547,0.0029824973553939384,-9.796392835843886,0.0007975909884841149,0.0005742852905584528,-0.0011248110354061872
101.49999999999851,-0.02123742960709548,-0.0018968302536484087,-9.813366072261182,0.0017097291628484221,-0.0006690564822610986,0.0009657786315589562
101.5999999999985,0.0011125864111491872,0.010830995829795147,-9.809456021250698,-0.0019779180931585568,0.0006477964097931926,6.261725313997921e-05
101.6999999999985,-0.017153021161563465,0.006594178053292938,-9.810275700894318,-0.00011956961288660656,0.0002086610553909959,-0.001034452205604359
101.79999999999849,0.024842320126580737,-0.004838137625212276,-9.800364453027266,-0.0021824902748372875,-0.0015049529910108874,-0.0006246237783485483
101.89999999999849,-0.00129660749612389,0.0003146373281533239,-9.810130688561859,0.0006551275365466548,0.0006974985242333026,-0.00010673785625370052
101.99999999999848,0.004945777923822609,0.004014326674235133,-9.812088763937982,0.0002825253747731469,0.0007173562459986024,0.00176965604288631
102.09999999999847,0.0032452009806235188,-0.020884722051216737,-9.801255243369141,-0.0008823413462570498,-0.0008204083159593624,-0.001640104372180038
102.19999999999847,0.0018819827550595634,-0.013432208675248025,-9.807725330994442,0.00026078958354525084,-0.0012684611009896015,-6.463982681287536e-05
102.29999999999846,0.0043528277052974134,-0.006623891553259097,-9.8160003574548,-0.000626219029147874,-0.00023592735660011714,0.0012477348686267473
102.39999999999846,0.01018780015845076,-0.01656405042580703,-9.810422402104566,0.00023095000514511578,-0.00023712355737814814,-0.00038949582586484343
102.49999999999845,-0.0031756981308071275,0.004988882926582365,-9.808229777771773,0.0003526501924972397,-6.462199136512048e-05,-0.0002724323357999044
102.59999999999845,0.012141004825330719,-0.0019309235342101184,-9.808707012311869,0.0008717143016051725,0.0010060778251654392,-0.0015324692311600723
102.69999999999844,-0.012163132737873367,-0.003219698018520757,-9.796747670850287,-3.847039544015631e-05,-0.0012277012402452368,0.0018531583817304829
102.79999999999843,-0.0015563173064871904,-0.015583450807541928,-9.821298021692982,-0.0010630999002095294,0.001378770258617768,0.0010363450533455577
102.89999999999843,-0.011511776308388528,-0.008594082935821801,-9.821210178051572,0.0005349297912161186,0.00036375201339330714,0.000318595721354575
102.99999999999842,0.002966415494459397,0.0022792209395495863,-9.820523781951854,-0.00014137155562599917,-0.0016428183523212927,-0.0026175459023374593
103.09999999999842,-0.0054637948258729595,-0.0032825974767107815,-9.837406566156224,-0.00048721134769778455,0.001135973951027228,-0.0004526609751980217
103.19999999999841,-0.008494143596947482,-0.00675775429670556,-9.811061523658779,0.00010824970014427131,-0.0006976705596945336,-0.00037221363594930866
103.2999999999984,0.0053072172704600375,0.006444315302578932,-9.803498949050985,-0.00019201627052032181,0.00017355205432014224,0.0007725158790718026
103.3999999999984,-0.0038324691890336045,0.0014541444447539057,-9.815603597173428,-0.001396449968928726,-0.0006997476278404867,0.0002025817893247935
103.4999999999984,0.00994619480383139,0.012147964069413295,-9.812963599965283,-9.352222221141965e-05,-0.0009453419858562838,-0.0012631358140130161
103.59999999999839,-0.02732678448181218,-0.011832159736837194,-9.797077169508386,-0.0002956508527232995,0.0006031607835391056,5.666409835386731e-06
103.69999999999838,-0.0015385653491275777,-0.010017504956335408,-9.820921353798319,0.0007382307231276421,-0.0013183677370612581,0.0006144710492777375
103.79999999999838,-0.008440883565457255,0.012476706040527313,-9.820791110909559,0.00028135389387798755,-0.0011544459738755675,0.0009611434241135829
103.89999999999837,-0.024432112270233685,0.007266826276429871,-9.800319923439067,0.0009410205560787979,-0.0013657387879195723,0.0010366504979779602
103.99999999999837,0.006797432724284283,-0.00032805175166171436,-9.815070644457963,-0.0013068836783625393,-0.0005196009074061142,0.0013238038754139077
104.09999999999836,-0.004857560828614699,0.009053720429151894,-9.827520054635782,0.00041257691463713676,0.0006081563506759653,-0.0006198360567161887
104.19999999999835,-0.005202301926874481,0.02949531168524584,-9.81055967124903,-6.576408511502317e-05,0.00047956035244122315,-0.0006605609693056924
104.29999999999835,-0.009823294429706085,0.00037851930624898186,-9.811161146241748,-0.0011008817940519394,0.00028018233518451043,0.0018162145817930428
104.39999999999834,0.002410843735258078,0.009376216952988917,-9.813249719325631,-0.0019252113432377909,-0.001076028512178727,1.0338976604081885e-05
104.49999999999834,-0.009951036314296927,-0.01002981730582945,-9.817471407241865,-0.001145386189872327,0.00014715151935968968,-0.0004840305772826976
104.59999999999833,0.010113619763375652,0.014170010746969086,-9.80212444826641,0.000385457161723557,0.00016863406962379954,0.001048208680789516
104.69999999999833,-0.022518355602404033,0.003367080521643062,-9.79778570830037,0.0004478589699321898,-0.00011116203085254147,0.0014960645494382487
104.79999999999832,0.008833263964288577,-0.004770990015702018,-9.82973732450025,0.0014185804645454713,0.0017547865478609137,-0.0010806486532846146
104.89999999999831,-0.00394517813099966,0.024176081479682067,-9.815306379286014,0.0005289250466552365,-0.0006352162933677295,0.0014049645437833108
104.99999999999831,0.01640900489886114,0.009064603489524882,-9.790217767044625,0.000297654780012779,-0.002224532244876945,0.0004195580404496056
105.0999999999983,-0.01342768062138866,-0.0019726328482265764,-9.807481034635776,-0.000671305028104878,0.0009349310546509141,-0.0009465348032621832
105.1999999999983,-0.01483643419433992,-0.012845141672547272,-9.792395622645595,-0.0008087679058521039,-0.0012948922478275898,-0.0006462426311737834
105.29999999999829,-0.012541297201499728,-0.002393988889757621,-9.803841155095691,-8.4936447026768e-05,-0.0012809413863373587,0.0010979807167161998
105.39999999999829,0.0013636833253272585,-0.011240614181415028,-9.829630807882559,0.001026081377728191,0.0001091277611699744,0.0009555606522878064
105.49999999999828,0.0006651835061201662,0.004751712070956427,-9.811328591910677,0.0021265000342499734,-3.1169567142109825e-05,-0.0010789549782814932
105.59999999999827,-0.02099014488662273,0.016670593879143155,-9.806647013460116,0.0006221259659174099,-0.0010404208880282725,-0.0014169342758288492
105.69999999999827,-0.013462797216034654,-0.011412898635003147,-9.815326636362801,-0.0007895208629271043,0.00040407699326099517,-0.0004031672480178431
105.79999999999826,0.00783830060405175,-0.022941747482905145,-9.82879940711664,-0.0009105065142157723,-0.001724596902657938,-0.00026945474750320156
105.89999999999826,-0.02398084834877041,0.002445542852641817,-9.812631903532111,0.0006965591935674249,0.000999857225982993,0.0015261933838563618
105.99999999999825,-0.008961952305075098,-0.010244132571119724,-9.811118005802319,0.001603845205091388,6.52824414910834e-05,0.0014395975153257614
106.09999999999825,0.016477725631088763,-0.015904915081561995,-9.805607585935707,-0.0006461900520913444,0.00019850916892795743,2.6837626061097333e-05
106.19999999999824,0.010836977694733876,0.005732722062188911,-9.808038697612693,0.0003286716640722771,0.0016507390139896077,-0.000638447454264229
106.29999999999824,-0.018060839244322,-0.006193889420093173,-9.81607716139392,-0.0003920830861076614,-0.0001785711484245836,-0.0013438093460781833
106.39999999999823,-0.005466795667636449,-0.004669802069400016,-9.787126411244948,0.00023232087252362285,0.0007620116813845067,0.0006431975889743013
106.49999999999822,-0.006456362106863557,0.003697036794004588,-9.827724480337396,-0.0016416520350151793,0.000111381798012323,-0.0008252859112284846
106.59999999999822,-0.013193723578604056,-0.0037417710732101247,-9.802109099249055,0.0011186615552165845,0.00034346895223853345,0.0005007428125900845
106.69999999999821,-0.01228809486402004,-0.007410679671748476,-9.80978954633803,-0.0002477182517434205,0.00045812338807689484,-0.000503006389290521
106.7999999999982,-0.0037251971125014344,0.002398779641408585,-9.79930110863815,0.0004142250174559467,0.0006807342972926556,-0.0008542630008056034
106.8999999999982,-0.008574651516211031,0.01298593066078637,-9.810550508591513,0.0003558020728201392,0.0018054267101266289,0.0008260594694925424
106.9999999999982,-0.014524247611401427,0.006955699089661134,-9.805854111167852,-0.0001236698024543592,-0.001121928400505405,0.000499974778732567
107.09999999999819,-0.006771197099425855,-0.004222907650297565,-9.817517961551019,-0.0009520993724394775,-0.0006282134231251327,-0.00024555525028640456
107.19999999999818,0.01691867113388127,-0.00764113672977018,-9.813762921780063,0.0013151765167497076,0.0015418704790147203,-2.5633223808613654e-05
107.29999999999818,-0.01018343643745423,0.0002829539066764529,-9.802859364610303,-0.0005252248069044694,0.0007715370791450449,0.0017103439418498228
107.39999999999817,-0.029224348259482957,0.006667360668774096,-9.797191968548802,-0.000578021761295982,0.0005214862468812828,-0.0007912745362924503
107.49999999999817,-0.012828093767087002,0.0016139725641629466,-9.791888773981382,-0.0013046180254599722,-0.00099961342155432,0.0006311816359152019
107.59999999999816,-0.005360700224056431,-0.006005123068540075,-9.830751406987106,-8.152673282862296e-05,0.001725692559326032,-5.241016592923217e-06
107.69999999999816,0.007319044829122883,0.007476404675614047,-9.797666050752541,-0.001564903601782962,-6.496808206084456e-05,-0.0018764214637694767
107.79999999999815,-0.004585604620599272,-0.006736776940506249,-9.833080894258252,0.00016805979712319395,-1.5637554244473937e-05,0.0009726185171008315
107.89999999999814,-0.0028005905273782296,-0.007353390529966831,-9.80714238506639,-0.00047417219926668044,0.0004766940558638442,-0.000826792542249033
107.99999999999814,0.007923645642603037,0.012998479192931156,-9.825615106537414,0.0009606404539834922,-0.0014854686032552986,-0.0002544014472778077
108.09999999999813,-0.0003760814599746349,-0.0025017188342170145,-9.819063471439861,-0.0004919680625137617,-0.00026757343207326156,0.0010862683369632943
108.19999999999813,0.0022839325461938694,-0.013178979696769634,-9.808622100746309,0.00010464028510735645,0.0005017363891794655,-0.001177863648803015
108.29999999999812,-0.009130829817083443,0.00541193550373356,-9.820265026179671,0.00022306717172201337,0.000201502312791068,-0.0009977880356547984
108.39999999999812,0.007428056014300037,0.0014136404713103712,-9.824716008713368,-0.00018292938484948824,-0.00021582737703513513,0.00024345514311498937
108.49999999999811,-0.011222361526541687,0.019286027247564605,-9.809074474628673,0.0006231423533202438,0.0003438676866010617,0.00016594435855709545
108.5999999999981,-0.010913500271315246,-0.012605659414589422,-9.819294222109509,0.0001598031645830099,-0.0019949601729874335,0.002452628018235222
108.6999999999981,0.010125309373605255,-0.00759472777204821,-9.81141845976373,0.0011154769689676013,0.0005490155999362572,0.000540133290313792
108.7999999999981,-0.018182750188664675,0.005787379317770219,-9.809661514624256,0.0005118664119494529,-0.001348835047673885,0.0006505136029277539
108.89999999999809,-0.005092677729130035,0.006032177660847963,-9.819569411241297,0.001224718314583734,0.0007283780478531464,0.002042742241358075
108.99999999999808,0.001984316298321085,-0.005979400665573885,-9.803493703599054,-9.456613023919805e-05,-0.0009836266164500005,-0.0010733595031463944
109.09999999999808,-0.0044724723193064085,0.010690301247365587,-9.801157519228855,0.00099500222715577,-0.000838698836378018,-0.00031121814420257256
109.19999999999807,0.0031789124715028124,-4.1724066367903966e-05,-9.828161149281746,-0.00018858113307964366,0.001633985369361276,0.00114041441126382
109.29999999999806,-0.007433224002156472,0.006689468891992187,-9.828698559333107,-0.0003530886796904787,-0.002400681626559959,-0.001558105470957352
109.39999999999806,-0.008231691614587094,-0.0028517174392387835,-9.80530472375351,0.0014073826062064028,-0.0006069670900098078,0.0009607624227687371
109.49999999999805,-0.011051074998072926,0.012356161857861694,-9.821365472938451,0.0006762994996214003,-0.0015628119892703123,-0.0006169486199023148
109.59999999999805,0.0033740841384074655,0.005315238694022998,-9.818213640157305,-0.0010370072522450891,6.456176406038485e-05,-0.0009928589847576685
109.69999999999804,-0.006794606803867256,-0.007050820751139403,-9.80798791820772,-0.0004042824352313518,0.0007075734002620891,0.0006133299721627186
109.79999999999804,0.0013227076926480244,-0.021548215785937838,-9.808893981436391,0.00161642864018866,0.0013873781717232787,0.0005344553479496132
109.89999999999803,-0.017516070148811576,-0.007446434400834213,-9.8174843267352,-0.0003341370752267807,7.090714055175e-05,-0.001576326641434255
109.99999999999802,-0.014962371267103905,-0.004770374940393761,-9.800172216111614,0.0008862586285606407,-0.0014701912975490508,-0.0015866278646350352
110.09999999999802,0.004264259820758749,-0.007554197333527167,-9.824999123870963,-0.0016060083846807895,9.591517098179492e-05,0.002087161517398871
110.19999999999801,0.0062584349398353166,0.00021733129848915928,-9.811976804659649,-0.0009755250260679658,-0.00048144224489856345,-0.0004581549220422975
110.29999999999801,-0.008146181209562923,-0.0010529878223341361,-9.810534736220953,-0.001769550490442671,-0.0002460843318749043,0.0002105577726036984
110.399999999998,-0.0021640246828563683,-0.009430146778320783,-9.808169541335825,-0.0010972650215107938,-0.0005951280740033263,-0.0001251162631538631
110.499999999998,-0.012945510202944795,-0.007585337694559882,-9.80726372222366,0.0007078073505506935,-0.00017958145524730519,0.0018716231305503496
110.59999999999799,0.002483363244069004,-0.01633414678909741,-9.814118064162457,1.423376148188761e-05,0.0017842432902544633,0.0013989244316099086
110.69999999999798,0.011846041750682107,-0.013601984180112608,-9.813527179277541,-0.00023496898357117378,0.0006347332818620599,-0.0005715285638406399
110.79999999999798,-0.011642074626282339,0.010724490040486631,-9.8067093712097,-0.0017712949678055643,-0.002168680808461246,0.0007081204428262218
110.89999999999797,0.001581617112286212,0.012740762621167651,-9.795634034737242,0.0018453732978173315,-0.00047993026969330203,0.00014877521514674352
110.99999999999797,-0.00780256313985949,0.001894184651395438,-9.814011301005962,-0.00013031800578087416,-0.0011323003479265417,-0.0005910864065373926
111.09999999999796,0.009778641729075914,0.014285061275010131,-9.807886419620862,-0.00032475460972788137,-0.0007160432201963983,0.0004914960202340534
111.19999999999796,0.0014506542067175292,-0.01921835425726464,-9.815037658074193,0.0008846341060553104,2.1768626699518146e-06,0.002169425189904146
111.29999999999795,-0.0068159830420536915,0.0005913973884756537,-9.818247131293717,0.001145039475826886,-0.0011455984822059486,0.001567774117968447
111.39999999999795,-0.0011959659632245383,0.021137116616324895,-9.811428455792507,0.0023745022667298094,-8.340242814823862e-05,0.0005144360087510023
111.49999999999794,0.0055961814069015415,-0.003146667712582191,-9.81480801356932,-0.002782303419852162,-0.0018126686757944568,-0.0008374624901537923
111.59999999999793,-0.010232288095802995,0.0030147876329333196,-9.808848377052112,0.0010470429422902861,0.000536288473267889,-0.0017762715931717197
111.69999999999793,-0.0018166705782914118,0.008104191324137672,-9.79011172318603,-0.00041759615105616454,0.0002057194696373305,-0.0017401127495394334
111.79999999999792,0.006806751931104541,0.011052030497674049,-9.814625013082207,0.00020893155397633422,0.001233896068642081,-4.691101246220397e-05
111.89999999999792,-0.005491281057977073,-0.020381118629078654,-9.799011398645696,0.0007829298762903546,0.0008734828566088172,-0.0019453601999016312
111.99999999999791,-0.00887343689959446,0.003543004006005208,-9.827038601961414,3.041737534452449e-07,-0.0005038118556279846,0.0008627782278277275
112.0999999999979,-0.015743592808747726,0.005491912405863858,-9.804454827182044,0.0021451612883357832,0.0013277715452027117,-0.0012649541174238957
112.1999999999979,0.0018066179802295782,-0.003205127457383575,-9.799058515962109,-0.0017903319586441756,-0.001889720414794867,-0.0007112575562447498
112.2999999999979,0.011537672227863628,0.00026844109717123635,-9.79208748735678,-0.0007860315126223556,-0.0020038549975148917,-0.0002070314985955965
112.39999999999789,-0.006073464949415458,-0.007096725232617545,-9.806993305273673,-0.00031339954153578915,-0.00023064276586399855,-0.0004979668748574628
112.49999999999788,-0.0004241729145800405,-0.0003844564391511352,-9.823448907075354,-1.1767444267638e-05,0.0002345882454247605,-0.0025361597710616933
112.59999999999788,0.0027823461918899113,0.009508251672141985,-9.819352806999257,-0.00011211087810943393,2.5384594333913538e-05,0.00044963821368113223
112.69999999999787,-0.0020011812963142035,0.0006947146944874032,-9.812677517436322,0.000760753370992325,0.0015363336915484988,-0.00015519278548986268
112.79999999999787,0.013087950515726927,-0.00823195119949855,-9.80288825045962,-0.000597358082447766,-0.0001948910985424221,-0.0011652087756134407
112.89999999999786,0.005352877237310141,0.0031851106746630703,-9.830304682254734,-0.0004449388413279716,-0.0002524377220180465,-0.0004670181793419741
112.99999999999785,-0.001759605088313248,-0.002774558081119932,-9.812708032019284,0.0009089399970456002,-0.0008690940585614019,-0.0008747512983485082
113.09999999999785,-0.002651225852174782,-0.026100131525461607,-9.811685246860446,-0.002027362329625594,-0.0019909832219515773,0.00119718504311708
113.19999999999784,-0.002707959341456391,0.0032188811489182825,-9.80086471297906,-0.0002473140355734894,-0.001574774666223808,0.00023723927398479
113.29999999999784,0.010232752799243851,-0.017485813872720416,-9.810385925518199,-0.0009116982429866741,-0.00019670754073096119,-0.002012778592868239
113.39999999999783,0.013019888892045774,0.01286983256717103,-9.803476163490341,0.0005893162278743506,0.000470064066040461,-0.0016907511874150538
113.49999999999783,0.012815497919447328,-0.012908330391186941,-9.809151192050892,0.0002566791089094085,-0.0007527196586174797,-0.0007360224356960767
113.59999999999782,-0.022807189667301983,-0.006289329073494617,-9.792352404960365,-0.0009575071956055159,-0.0004204212565939865,0.0008817223781597845
113.69999999999781,0.0036512652297234715,-0.015808679578670198,-9.816236525160324,-0.0007759260195274274,-1.0348842201544126e-05,0.0005060895781586553
113.79999999999781,-0.005674838927939938,-0.002735960834054244,-9.806038122954035,-0.0017966650393457957,-0.0012058283122567235,0.0013230882517957661
113.8999999999978,-0.012330091050985084,-0.008745745376947528,-9.822947383981338,-0.0005551636865315039,-0.00042136017305365964,-0.0019430192902479013
113.9999999999978,0.0032385144168100032,0.014542135995386236,-9.796727285572656,1.936609703485234e-06,-0.0024825756781609062,-0.00029358112352429155
114.09999999999779,0.01409482567236645,0.0022291698109714883,-9.81671600168721,0.0014536844635925905,0.0006248043382739171,-0.00010897986253688374
114.19999999999779,-0.007405606973589186,-0.018678295656895133,-9.792170892639016,-0.0001277477523158058,0.001482489521795478,-0.0006685208233571092
114.29999999999778,-0.008855151162945009,0.007054642918679687,-9.793686374158053,0.0009789621642234754,-0.0002183316799668431,-0.00067882802469649
114.39999999999777,-0.0008591119929561535,-0.001994166403739779,-9.810374248036636,0.0009150953663032602,-0.0009835233828195255,0.0010683832979373697
114.49999999999777,-0.0005307350413491324,-0.01305761153575111,-9.803079029986817,-0.001906630832377042,-0.001947328179980053,-0.0007670971534544564
114.59999999999776,-0.02392779095362353,-0.015297799608119365,-9.797433037972347,0.0004263117284721265,0.0006807300247086752,0.000981708996764551
114.69999999999776,0.0014710267624604687,0.0067302865302424075,-9.812522769780477,-0.0013021355234477578,0.00013275431898311445,0.0006709451245761346
114.79999999999775,-0.010362298337094837,-0.008321309680015368,-9.798162112065759,0.000959162285678039,-0.0003800237898076991,0.0015490712145702552
114.89999999999775,0.0070894997082613645,0.018373368810742693,-9.787629287237884,0.00045101983890895883,-0.0017715050925599708,-0.002057737660505249
114.99999999999774,-0.021462348783377518,0.013493050703717905,-9.815094866186929,5.525950629677384e-05,-0.0001471914072705399,-0.0004240790316204809
115.09999999999773,-0.0010448252589018972,0.018087478897605563,-9.813592776102455,0.002351621420928917,-9.1499543563476e-05,0.0004784355871299517
115.19999999999773,-0.013037800009225829,-0.0069971396645080695,-9.80077191804192,-0.00022546690154342966,0.0003397393037200526,0.0007946497088414236
115.29999999999772,0.0006890895793552911,-0.00024320170212404244,-9.813010142414884,0.0007501801398401377,-0.00043435717387157476,0.0003072508991122462
115.39999999999772,0.00687055852891931,-0.010150579125712789,-9.806814237562032,-0.0005149436495872044,0.0004442964759737543,-0.001660798681610291
115.49999999999771,-0.004522080205535384,0.0035819011071688894,-9.794345101333924,-0.0018392772857887493,-0.0004916141399077201,-0.0004961725574937354
115.5999999999977,-0.005106090948394911,-0.004224973214688217,-9.805917810146967,0.0019196003174185424,0.0012094784856898316,0.0014146695667569902
115.6999999999977,0.0030595192987786174,-0.016877615808840587,-9.818403067803539,0.00013251797851081973,0.0005915521701044097,0.00025071192386793634
115.7999999999977,0.0001928680990652776,-0.004579742797051188,-9.81514327678067,0.0020800430063495686,0.0006051802290409548,0.0004076045529338484
115.89999999999769,0.00076445427071952,-0.010940738478467922,-9.819802942186937,-0.001173340279783139,-0.0001556317163195444,0.0011266877967284373
115.99999999999768,-0.0014381992976047137,-0.0050580064118304026,-9.821542150466565,3.4761038952715443e-06,0.0014957892854096397,-0.0012997749464635521
116.09999999999768,0.0007099851141171469,0.007437129713474987,-9.8010765031358,-0.0013008821828230086,0.0005069868108066901,0.001220201206459555
116.19999999999767,-0.011720566715528654,0.029598101636248902,-9.816748434218102,0.000837200158296025,0.0004036234096512786,0.002065268819717262
116.29999999999767,-0.005474516680049697,-0.0027907420303329347,-9.809270008566374,-0.001245552049098007,0.000391253838375353,-0.0011444987859006083
116.39999999999766,0.0017648583651871028,-0.01259902712056193,-9.81581157104203,0.0014895481487645892,-0.00023303969855229372,-0.0012076950803664634
116.49999999999766,-0.0009279663669175106,-0.003961304240285819,-9.80135332366573,-0.0011925699983071842,-0.001398221850780126,-0.0007390384821401625
116.59999999999765,0.008816510245182188,-0.0037562059179321963,-9.799396851153633,0.0003698032232793887,-0.0016816015358557927,0.0009547187103039337
116.69999999999764,0.0024945904513581896,0.019431969751673436,-9.792479737664252,-0.00044892478419704813,0.0007858749285860432,-0.0008416253488106967
116.79999999999764,0.004552425702171993,0.004572066538635403,-9.803703609120753,0.0008312276205797726,0.0005376043943573457,-0.0006063325827504623
116.89999999999763,0.0012586708458615125,-0.0011781101342157611,-9.801510413140305,-0.0002290382732365805,-0.0015240782655046184,-0.0019107111239376946
116.99999999999763,0.0023909330915952366,0.0018892450341388518,-9.801789316752894,-0.00163649043463584,0.0020940363122193516,0.00019110911822188016
117.09999999999762,0.0013555150636784424,-0.0029165516781378383,-9.813693092548743,0.0020367886828222977,0.0007058582526973525,-0.00040155591428675774
117.19999999999762,-0.007196002425931154,0.007869707628649684,-9.791499005870183,-0.0015578426922271925,-0.0018386317230979228,0.0006544913753973314
117.29999999999761,0.0018569777095326047,-0.001745865650007284,-9.80913340376438,0.0008318997567554466,0.00015181428096364003,0.00044005945817918504
117.3999999999976,0.0017593678029822267,0.002433207829381159,-9.817319317566788,0.000450637425215875,0.0011013484223607942,0.0018410543377275338
117.4999999999976,-0.0026345133767568724,-0.003848581412556266,-9.80753854438837,0.0017645667975749286,0.00027529884312803423,-0.000997534720975403
117.59999999999759,-0.001023686083769146,-0.010064208927605886,-9.798980073986925,0.00011360090081150591,0.0004677278455453219,0.0008294020086129092
117.69999999999759,-0.009656423490054343,-0.0004436848641266395,-9.811498084178202,-0.00018791911691452202,-0.0009108646555545278,0.00047593824846096005
117.79999999999758,-0.01752078054981626,0.00508326028596483,-9.788827296271448,0.0012045922197826547,0.0005455135111387476,-0.0020617440933613086
117.89999999999758,0.004959907171174772,0.022237083866119917,-9.797122134248463,-0.0007971472011411529,0.0013278217642797123,-0.0002777111089609511
117.99999999999757,-0.007083919012002764,0.00649888332888692,-9.810573309646768,0.0010806977182377135,-0.0008717461880504086,0.0005777256667834572
118.09999999999756,0.0008524933867241935,-0.00031558167339774983,-9.807650214646173,0.000434565744002004,0.0006254607452596686,-0.0003378007298726049
118.19999999999756,0.004250990311821119,-0.006806873752760124,-9.822891553235456,0.0008113630499378981,0.0006646781348340303,-0.001608462960824891
118.29999999999755,-0.008416820453177508,0.006507043725318988,-9.810686634855994,-0.000281659020011277,-0.001399122120342989,0.0005666510139585272
118.39999999999755,-0.014911508458581737,0.005613220877682848,-9.813687034009666,0.00045475673141107104,-0.0003504303998211646,0.0012269097205402021
118.49999999999754,0.011655294007402377,-0.007476828865025061,-9.805676254413003,0.0018661187695375736,-0.00017603353300513715,-0.0007166179237370061
118.59999999999754,0.003889370412544618,0.009295449003073717,-9.80674884553244,0.0007225282611995191,-0.00015143514252974785,0.0006028064395511279
118.69999999999753,0.0033345184621493018,-0.00842537788440364,-9.797807502968297,0.0008728853979440533,-0.0014456692600053633,0.0012996416166880702
118.79999999999752,-0.004046734722247031,-0.006518198998480634,-9.814719937921913,-0.0015117920961288036,-0.0019848936136246365,-0.011600550594646337
118.89999999999752,-0.0006094781282001928,-0.007511526847322454,-9.800242186915176,0.0015670209718178787,-0.000914865302438592,0.002043532978944292
118.99999999999751,0.004440130745932691,-0.00811242005891538,-9.825384183085808,0.00042927133683930195,0.0024430116814433693,5.991494542054752e-05
119.09999999999751,-0.001321554024670312,-0.008053503642737414,-9.799137207048991,0.0012677732588269592,-4.7822174654203145e-05,-0.0014062393871648326
119.1999999999975,-0.004721492567668287,-0.000726246826949338,-9.803261597290524,0.0010891449578177342,8.770503140445177e-05,-0.0022589111252249807
119.2999999999975,0.002485722062962532,0.01057847785064751,-9.806288759397622,-0.0009777563886215858,0.00012021296139783953,-0.0021272702963272693
119.39999999999749,0.0005005695062460364,-0.008485467647624194,-9.798544427519062,0.0014540249132866969,0.001303976618169954,0.0008760099836109668
119.49999999999748,0.004292249427711813,0.0009898619535867858,-9.791963922341091,0.0006614985590031411,-0.0007089211264677503,-0.00035969475727725813
119.59999999999748,-0.0028028137953711647,0.01239389703942487,-9.822300246317381,-0.0005401989604240567,0.0009099846975837607,-0.0002869921654311271
119.69999999999747,0.003859446466274812,0.00467646832979297,-9.799627407271215,0.0019280435897627848,-0.0012619096894825757,-0.0011423927336036137
119.79999999999747,0.007397351258680126,0.0023126810661206073,-9.798600203607881,0.0010753873487072303,-0.00031395177210668363,-0.0012783139433802666
119.89999999999746,0.009374129632114396,-0.0006538166310891093,-9.806069162681595,0.0020222933173797805,-0.0010099393570424634,0.0011063325810930869
119.99999999999746,0.0021592093481128693,-0.003316011825269551,-9.810070493659929,-0.001013914241290211,0.00011321911084804316,0.001723248138763732
120.09999999999745,0.00524072182633536,0.006194109952501533,-9.799785339785847,-7.997200909637872e-05,-0.0017113314382511422,0.0005158931871836021
120.19999999999744,-0.01573813861457079,-0.004552851662121482,-9.82648820748853,-0.0014049959017007193,-0.00036818976260653824,-0.0009200852537347213
120.29999999999744,-0.006852411883310197,0.01003826081842435,-9.795045109256773,0.0016105721817407717,-0.0002569929687242433,-0.00025723379524505204
120.39999999999743,0.0008703595338175398,0.007586699484345117,-9.791926416945596,-0.0015248984747270836,-0.0003247505585950539,-9.041063468754598e-05
120.49999999999743,-0.007304018705077948,0.004223039780481826,-9.79357770896188,-0.001115611155717569,0.0011919579300949106,-0.0010123924757814973
120.59999999999742,-0.0015225951505483117,0.007341590143157365,-9.806435435060525,0.00011424189229689934,-0.0004747505863118596,0.0008234907651297394
120.69999999999742,-0.0038837783424405655,-0.003628769166638144,-9.836409568567662,-0.00021540943709573725,0.0009277268264536195,-0.0020260399755656997
120.79999999999741,0.007256374149096352,-0.015558733485443186,-9.819652616064081,-0.000719078909073178,-0.0006446650378472853,-0.0011555028957320897
120.8999999999974,0.0052904070744655505,-0.007197553234935531,-9.796656388428637,-0.00023559846670521625,0.0005262969697422497,0.0011572173936450646
120.9999999999974,-0.019487286076528033,-0.008873462565341354,-9.810147889674793,0.00043221938666702686,0.00017596665412098253,0.00010074838626283928
121.0999999999974,-0.006732446068412076,0.005566522905073864,-9.809838678188722,-0.000787479000018989,-0.000885454297961983,-0.0008126024601460689
121.19999999999739,0.0007274346178958426,-0.004513927894540983,-9.811651991040277,-0.0001272494458837106,0.0002846270784908137,0.000534953034738018
121.29999999999738,0.015115329047423805,-0.0009105933123925141,-9.809934920592047,-0.0008561185385208259,-0.0010418354780023973,0.001264050128112475
121.39999999999738,-0.002943401036910241,0.008505947698025958,-9.822941828459095,-0.0013213778774192751,0.0004058960155943228,0.0005681390388636775
121.49999999999737,0.00821416088345606,0.0026600795977728643,-9.809798414073931,0.0028350489355168265,0.0006159730089170657,0.0005898909295975679
121.59999999999737,-0.01030506619556595,-0.005506895591660832,-9.807549936417521,-0.0017839081449086652,-0.0018206434947048,0.00023196512811145395
121.69999999999736,-0.000977063516441739,-0.008086927451707217,-9.818813908319624,0.00016845828633556948,-0.0007065217740239692,-0.001025660486250857
121.79999999999735,-0.003975923297103369,-0.0012358157135838657,-9.819923774300902,-0.0011964389696824946,8.638212447338253e-05,-0.0012604659000530728
121.89999999999735,-0.0029913137877310694,0.010377959681819957,-9.82056537426301,-0.0010216150877312479,0.00030787314077387786,-0.00034107398436044223
121.99999999999734,-0.0015297719096444029,0.001549543610811711,-9.80050811898126,0.00019774047989375276,0.0008866975019971218,0.00019821853126710695
122.09999999999734,0.006898774441895636,0.0028127299041507342,-9.811974090387583,0.0009953479336021044,-0.0007514232767551044,-0.0009660666256403781
122.19999999999733,0.0200587665246138,0.011688687106271387,-9.80245032589919,-0.0009375839987388349,-0.0012670170873061227,0.00011004425771375579
122.29999999999733,0.008376682513233782,-0.015158886481599628,-9.795021948430552,-0.0003837137874713932,-0.0008704701569051825,0.0005808921222387219
122.39999999999732,-0.004408432203958131,-0.01143469603788498,-9.798498097531029,0.0003583161908027613,-0.00016784669243059377,0.00037887647046656495
122.49999999999731,-0.0002605604165874948,0.0026505618701164473,-9.784524351011795,0.00017105602202543654,-0.0016326610833244846,-0.0012177052354694178
122.59999999999731,0.01879867051814321,-0.001337492000386042,-9.820019438093947,3.494236996448684e-05,-0.00031957383689325616,0.0006330824262982967
122.6999999999973,-0.00800132241935811,-0.02137969463202517,-9.803673986870448,0.0006315405928030759,-0.001216048248899844,-0.00010447395399368631
122.7999999999973,-0.0071901274714442935,-0.019801581137981347,-9.798903412532743,-0.0016164026414288207,-0.0007694475454517812,0.0020698674721534127
122.89999999999729,-0.004982240350903921,0.018897356513257094,-9.834772439098105,-0.001692952962856835,0.0013050208557108959,-0.0012272329220162647
122.99999999999729,-0.011458134711995402,-0.01367952232736289,-9.81145609816268,-0.00046350182114177177,-0.0013471326939279026,-0.0008117116779069527
123.09999999999728,0.012688889754369177,0.0011431613288150674,-9.810771519463001,0.000461343967178735,0.0015470565937313171,0.001754076685668532
123.19999999999727,-0.0029623282064450657,0.0006010209194590519,-9.815822032052768,-0.00048467191743556143,-0.0005346237195919778,0.00043157520513628465
123.29999999999727,-0.003484144146446236,-2.10246053440949e-05,-9.817834638766302,-0.000684950823186437,0.0009565818621121039,0.00044325208865856713
123.39999999999726,0.010538042879635237,0.01847261122491277,-9.815266441648548,0.00013249541729860162,-0.0008335097399811593,0.00030936502114355433
123.49999999999726,0.0012037571843150764,-0.00816045507000626,-9.808660046840815,-0.0002890460418660703,0.0015628974544009359,-0.0007347312771379496
123.59999999999725,0.015177886769504406,0.008600475870778614,-9.810193794977376,0.00047436953929216955,-0.0004810938367421256,0.00016635486608733088
123.69999999999725,0.015297611631861116,-0.010382959548002467,-9.808799969360726,-0.00021375537787203663,-0.0006110602086236039,0.0007097314103496248
123.79999999999724,-0.0053634453372841395,0.0032908418347037047,-9.815797944724359,-0.0004869655486317756,-0.0015623100526364006,-0.0017355510137237278
123.89999999999723,-0.0029281764599689633,-0.0026339638355587277,-9.81443887984215,0.00023137194716470874,-0.0006550168713765046,-0.00011309200656643444
123.99999999999723,0.002976705065746527,0.0033031910221001898,-9.817745502706359,-0.00037461090207300174,-0.00014019073310522127,-0.00019764369725353004
124.09999999999722,-0.0013703462490447136,-0.004124966703599492,-9.814429074385565,0.0003367816317520846,-0.00010247525339287737,-0.00014738762377826948
124.19999999999722,-0.003973919389390551,0.01324986462488898,-9.815180163109629,-0.00025673969477608673,0.000585234874617507,-0.0018521065086182823
124.29999999999721,0.012717904196819941,-0.006506222837348553,-9.797587035957749,0.0007783494597517894,0.0006388743206912535,6.47654150778642e-05
124.3999999999972,0.022438834915079375,-0.01252738602478243,-9.810601977745948,-0.00024216060319322407,-0.0012104377109780895,-0.0010565786381025275
124.4999999999972,0.009271791087107292,-0.01394061544301922,-9.79116475925439,0.0001605833196643328,0.001228037395852206,0.001473635400289801
124.5999999999972,-0.02281741971250761,-0.0034331909536210597,-9.805062743406816,0.0007289046177161713,-0.0008903666511663425,-0.002097832413467539
124.69999999999719,-0.00303190369992029,-0.0033258904521926386,-9.795348766544247,0.0021947866839940673,-0.0002724584653992629,-0.0010106845134880142
124.79999999999718,-0.00771025480170242,0.009227839560100612,-9.805262157519316,-0.0006889015374078821,0.00020609931633329718,0.0011079232275334272
124.89999999999718,-0.0036731116376747946,-0.009579367825985728,-9.825261781772364,0.0003622750907145507,-0.0004472599755551338,0.001529706128843735
124.99999999999717,-0.00460771102420134,-0.014260458495953952,-9.811713033530728,-0.0013416975952266037,0.002672806322082254,-0.0020244272186495244
125.09999999999717,0.0016428334130829906,8.632348395538772e-05,-9.832757742860526,0.00018706025936064756,0.0001587909630337729,-9.435674950007282e-05
125.19999999999716,0.009597601950804361,-0.01945410611698091,-9.813063919514523,0.0014774364303687694,-0.0014080274623154364,0.00011948643146927383
125.29999999999715,0.0023065957585658922,-0.0004957390924025877,-9.81188916942398,-0.000550300554587532,-0.0002612269624201777,0.0012674037439295803
125.39999999999715,0.0060793101970998175,0.01737888080474152,-9.811958242437035,0.00021151721496928924,0.00025957500681888086,0.0005141372431045822
125.49999999999714,-0.003578787817303015,0.005066074442531664,-9.808570816109977,0.0011848783271885992,0.00041735196124979395,0.0009681708184422765
125.59999999999714,0.007705211196973857,-0.01049811958671741,-9.829938529193337,-0.0008633679541923874,-0.0007649305210541273,0.0008345747796992334
125.69999999999713,-0.0005123443119516217,-0.008249510722178895,-9.812569649423068,0.0005800996222001719,-0.0002359852461478763,-0.0005448946302105792
125.79999999999713,0.014200663216980847,0.005092518331217113,-9.814681922228576,-0.0005839962660457526,-0.0005752456330441796,-0.0005320159717185872
125.89999999999712,0.017287371881393156,-0.004643237489560025,-9.820045998811612,-0.0002990403859005597,8.220040179018197e-05,0.00010063436213362234
125.99999999999712,0.0015739792386466765,-0.008488293402749585,-9.821327275345155,-0.0019197109828502188,0.0005206300408983198,0.00019603375320368223
126.09999999999711,-0.004843431177034847,0.003508583139648624,-9.807250977267806,-0.0009859179808172777,-0.0013384884250142305,-0.0015153392202201133
126.1999999999971,0.004080332556708139,0.0031428292612043895,-9.809776355690152,-0.0017292288801517175,-0.0004352843842798162,0.000608335905942037
126.2999999999971,0.0005248345642117199,0.00835711769768985,-9.807726450464239,0.0005132626317073341,0.0008960085184511719,0.0008932716223334133
126.39999999999709,0.018116534640430705,-0.0038027948978082773,-9.797210569124491,0.0005811149112173617,-0.0012132693879908373,-0.0002953062211992855
126.49999999999709,-0.009631505997659925,0.012013967551409505,-9.810121659934842,0.0004790879436450829,-0.0012247669976200952,-0.0012738114226166393
126.59999999999708,-0.0038708992881142297,0.002092523797246698,-9.809714506521024,-0.00046359726526188424,0.0010366110257055976,0.0006808574849825672
126.69999999999708,-0.005238074961986951,0.00974767964417567,-9.814789703835068,0.0011942500189478242,-0.0006402553543397941,-0.0011229067847914368
126.79999999999707,0.0024779064901447843,-0.0024372216239714715,-9.832409968706527,0.0016987512429833004,-0.0014960866529435178,-0.002064236580005786
126.89999999999706,0.0008315312077854951,0.001472680175330095,-9.785337991905767,0.0008029286483739636,-9.755904958422581e-05,0.001981184055805487
126.99999999999706,0.012087608090238781,-0.006399267143205309,-9.813926660388088,-0.0001297357409971082,0.0014357890029570441,0.0005202036753056588
127.09999999999705,-0.0033973635451982425,0.02031037464251398,-9.79927554542182,0.0005630428306923794,-0.000891261420921188,0.0026017452315799565
127.19999999999705,-0.009271297509248105,-0.00012568275222187806,-9.797821673334694,0.0005139533143012729,1.8819645538468075e-05,-0.0012662542803916759
127.29999999999704,-0.017209346811062173,-0.00613694116336105,-9.80715974589684,0.0014539778245777468,0.0009019838232347015,-0.0010703442163745415
127.39999999999704,0.001983626668275033,-0.009862304804288537,-9.804236682486655,0.0009101525886367436,0.0004825112407552831,0.0006991887650525302
127.49999999999703,0.011096242025327403,0.010361827383492917,-9.79395535597987,0.0010379980291463746,-0.0004773442408240306,0.00013306289327944662
127.59999999999702,-0.023165600018868072,0.0012797487118309185,-9.808307964646321,0.00043993543030281483,0.0010420675936032024,-0.0012061094982895617
127.69999999999702,-0.018600199043763057,0.011208632506657799,-9.814303877987534,-5.800772292854125e-05,0.00039997650131646324,-0.0013241176883394088
127.79999999999701,0.002476338927976833,-0.01626273864616212,-9.820562532462375,-8.572412226012918e-05,-0.0007754522950938727,0.00023690758524414296
127.89999999999701,0.010805505541317026,0.006795768856204901,-9.829787554502813,-0.0018398899776355206,0.0005838929389244894,0.0008387851901683893
127.999999999997,-0.0010905802064306574,0.008155256053203327,-9.811473148358042,-0.00021838279337460019,0.0005412893237273236,0.0009344283597577155
128.099999999997,-0.0029983037646575455,-0.011060687138246794,-9.800197574072113,-0.0021399754880477616,0.0003625940473421109,-0.0014638114972934178
128.199999999997,-0.0012711865210573764,-0.013920646121056382,-9.816084959349501,0.0010814121763803358,-0.001428040431395689,0.001465406401353296
128.299999999997,0.01682661507538235,0.0022478410146888205,-9.799243130836,0.00153920450401898,0.00174259135801114,0.0014818620686519307
128.399999999997,0.0008370607008040853,0.004128385512176702,-9.817512824677987,-0.0012531347813652196,-0.0009356992002792588,-0.0005334479252992114
128.499999999997,-0.0046120082083727365,-0.000938268794673052,-9.81970554506895,-0.0006837569982987642,-0.0003394289784187654,-0.0002680132763658198
128.59999999999698,0.0032078515369174253,-0.0003261390206520994,-9.81674469707402,0.0007060157728898505,0.0012676213856981137,-0.000384627417359681
128.69999999999698,-0.010200570975655594,0.0052624335385152,-9.804451984279678,-0.00042019097180999297,-0.0009069352833133111,-0.0006189207137398448
128.79999999999697,-0.008135150424570746,0.0004647248361438475,-9.816788966775514,0.00024340173584169985,0.0006711840980520935,-8.358377483443037e-05
128.89999999999696,0.000663412006494859,-0.0227380719075775,-9.818447777877118,-0.0018853573353867065,-0.00028244091527053445,0.00036443660127817205
128.99999999999696,-0.002648556392189583,-0.005794547466916175,-9.804861431372181,0.0002340236125383086,-9.743097501292963e-05,-0.0007629216287833351
129.09999999999695,-0.007883448266643953,0.0336975460756121,-9.797973993084831,0.0013894591329583414,-0.0013188720154175449,-5.801749251263939e-05
129.19999999999695,-0.02471866527560232,0.01689194833845969,-9.818918143286513,0.00010483316449086768,0.00011355955157455102,-0.00011856729442616898
129.29999999999694,-0.007229505669729803,-0.003650630093142704,-9.814097199869902,0.001066644247041339,-0.0004165496923651091,-0.0017498494139439906
129.39999999999694,0.0008300068746393293,-0.002958128211712073,-9.808054790389122,0.0007322752407730628,0.00020599141783277637,0.0009142313402997446
129.49999999999693,-0.003261324501470593,-0.011435410264133168,-9.810151963830897,0.0005568673064283768,0.0016759853315781823,-0.0005894991108994021
129.59999999999692,-0.004936731605997491,0.016113808477662844,-9.816054851616716,-0.00025215359507175313,-0.0014376590976861838,-4.8418435198137865e-05
129.69999999999692,-0.015369027026019283,-0.0017524517189183924,-9.813572356039163,-0.0014788874274713924,-0.0003688227982859056,0.0012600959219254344
129.7999999999969,-0.0012096884743415875,-0.008013022808733167,-9.810249267534585,0.001402398487128974,-0.00016695556272872976,0.0010663228414433702
129.8999999999969,0.007527181152345562,-0.012313310414447278,-9.824118682484288,0.0012595522151986603,-0.000275674203457906,0.000647239526783746
129.9999999999969,-0.010220411986655116,-0.014036234965226685,-9.821882400614557,-0.00018712124534155466,-0.0016031353694197408,9.062372484618214e-05
130.0999999999969,-0.0032184483210761267,-0.0027461253556203807,-9.815252886374555,-0.001979862175845908,-0.001431953734565987,0.00033386200600411765
130.1999999999969,-0.01555074469613822,-0.0008582363247572412,-9.808647849650121,-0.0005914633730831561,0.00028731762285626243,0.00015079776279720256
130.29999999999688,-0.013809384283737916,-0.00044336871536268974,-9.800819913121945,0.0011264981234796994,0.0001805947543826861,0.0001093569236844364
130.39999999999688,-0.0012499962893938049,6.011165688932721e-05,-9.797648276093812,0.00167785812492787,0.0014023200505607631,-0.00044167445448815845
130.49999999999687,0.004412856148588361,0.010415065977440218,-9.789918010761866,0.000700579343072461,-0.0010750363777038022,-0.0010309455562922598
130.59999999999687,0.006040919083294507,0.006601193637892945,-9.806588428244371,0.00103231082492953,0.00020576042316278927,0.0007328450612563312
130.69999999999686,0.01880201856434439,0.013221960705050653,-9.798074094751795,-9.368609469449389e-05,-1.3329253222403987e-05,0.0013421103708794793
130.79999999999686,-0.006522885574134243,-0.003034199304623211,-9.812445306110927,0.0011261144810762506,-0.0006020987235133819,-0.002431513544387824
130.89999999999685,-0.01830120377548611,0.0010152702587644302,-9.812645440254256,0.00044776228253260217,0.0015501875490119242,-0.0014847664481309794
130.99999999999685,0.011215046010624029,0.001648307718343302,-9.806437930994504,-0.0007528233440301035,-0.0004948225023159881,-0.000419669954324538
131.09999999999684,0.0034989539027524058,-0.02400501316730138,-9.815047236797994,6.755069189298585e-05,2.1367424631528027e-05,0.0012615253739711872
131.19999999999683,0.0019073763231122127,-0.00710174508895789,-9.804383636520708,0.00011612301267437443,-0.00018904578967442268,-0.0006518247356922386
131.29999999999683,0.013494416601169424,-0.020377076294324593,-9.80566558582769,-0.00100137065623945,-0.00018429091870348298,-0.0005140757574675412
131.39999999999682,-0.006892429870432646,-0.002456321488370979,-9.80486715115513,-0.0008078076304396679,-0.0011911767699947996,0.0006156514366450029
131.49999999999682,-0.007306544214136528,0.004121481192374453,-9.790630034267892,0.0010211410409660248,-0.000590053151207419,0.0005874388706376474
131.5999999999968,-0.004195028357537441,0.012249729337072714,-9.809290788083048,0.0016326370000247464,0.000673039088822505,0.00035444986627832236
131.6999999999968,0.0166182955216856,0.006679244389143531,-9.809037604963345,-0.0012436798675341172,-0.00035465402955729144,0.0021655918013134554
131.7999999999968,-0.0034169434364426828,0.021023739330460558,-9.816098416296004,0.0004489411926353686,0.00036288494972085177,-0.0014362743937451417
131.8999999999968,-0.015835597184306906,0.0035035329353600327,-9.79129000689541,0.0005117997328182804,-0.0001392292711827183,-0.001314496869216161
131.9999999999968,3.843299481762346e-05,0.0024238442005822904,-9.805286528379499,-0.0003029092235541888,0.00043888476594675677,-0.0003262203975577803
132.09999999999678,-0.017293308712765434,-0.008654824077974221,-9.812686691124059,0.0005140502188550403,0.0012491920860545126,-0.001674188771378853
132.19999999999678,-0.009028029180451992,0.0015943954335848015,-9.822435570316637,-5.17586525861391e-06,-0.0006635979878576985,-0.00011284169232153635
132.29999999999677,-0.017244522378544413,-0.008077238967224556,-9.820547631516968,0.00029031453056772914,-0.0007711069183329673,-0.0014191782584418232
132.39999999999677,0.003676108697329402,-0.013035456375814262,-9.801813589770674,-0.0013091553969426966,-0.00020735004485505063,-0.0012997420639098472
132.49999999999676,0.004142588012728964,0.00713871122012221,-9.81580016625314,-0.0007372437643967736,-0.0006927149861195112,-0.00034334421551952246
132.59999999999675,0.018174052134435,0.007076093265208924,-9.823774399120438,-0.0015665697641299744,-0.0015458684597782176,-0.0002549746484877761
132.69999999999675,-0.008776422346658352,0.00014325058333929154,-9.814856465488525,0.0011873688297902147,0.00026588063745375083,-0.0006777032530125332
132.79999999999674,-0.0006082186118892213,0.0002224873733692817,-9.813881204893232,-0.0011237943224723938,-0.00038174036370360254,0.00011538803292574693
132.89999999999674,-0.010753022058479991,0.011965972470345962,-9.802410371226072,0.000998186925875623,-0.000759897603542568,-0.0009381916293495657
132.99999999999673,-0.00027780447017154556,-0.006297527577512236,-9.80837893987407,-0.00028188704915700917,-0.0017653472422928698,0.0008334436687803087
133.09999999999673,0.006258560900693665,-0.013636379534200034,-9.812636327782336,0.0004049694420836908,0.0015468553765086773,0.0007261649016770295
133.19999999999672,0.01358232988507084,0.002776392704811741,-9.798085407862557,-0.00025739574152354786,-0.0007187197377322656,0.0008072517351819279
133.29999999999671,0.020986232830669433,-0.005729045270763967,-9.804885223953722,-0.001091953622352445,-0.00047224958238261327,0.00039320481647575037
133.3999999999967,-0.00022746970102263458,0.01160387398284208,-9.836477364516073,-0.0007148494758685631,7.745161506448193e-05,-0.0002872220940569804
133.4999999999967,-0.011894773128995367,-0.005532236526277324,-9.82455807682631,-0.00023357905591402786,-0.0003025807040082248,-0.0016057440131976809
133.5999999999967,0.004685252852385462,-0.009569092885569449,-9.803056505668133,0.00015647987990355058,0.00010052837380609515,-0.0007978799091854495
133.6999999999967,-0.0015896253032326156,-0.002684043167718467,-9.811846387871261,0.0012843735127633707,0.0006383082199401608,-0.0006580318311679966
133.7999999999967,-0.011430765769380966,0.009226860381956907,-9.797847113287027,-0.0016716665688617982,0.0010945690403259011,1.853435991128232e-05
133.89999999999668,-0.0026185750706643196,0.0029500914517819224,-9.814054818493013,0.0023553986564606557,0.001438989602903551,0.0003917566748856061
133.99999999999667,0.007895282939186479,0.0072713825302935685,-9.791585913686323,-0.00190480530565699,0.0006303678593374177,-8.02337172970255e-05
134.09999999999667,0.012278436858484136,0.004270127294000984,-9.807941182111062,0.000831888913479178,-1.6976361807999334e-05,-0.0019625898039505544
134.19999999999666,-0.013256223493246731,-0.007568456861453048,-9.805218212109272,0.0001127623292000315,0.002308034758823445,-0.0015081497054711484
134.29999999999666,-0.020295850838270135,-0.006958663533927517,-9.805182139204174,4.408906090243061e-06,0.0007126273950233752,0.0001943456046548436
134.39999999999665,-0.014295109441850126,-0.002160990672808966,-9.813364438758295,-0.0005242138978508535,0.0005783740495769127,-0.0019108270442501787
134.49999999999665,0.0019942815952267066,-0.007559920228035841,-9.795170542085403,0.0006148765427988874,0.0011295241865489022,9.331803982022221e-05
134.59999999999664,0.0014895142893465894,0.0021748800521722835,-9.803384084686366,0.0009186083206985389,-0.0010459635774230076,0.00017919660002558272
134.69999999999663,0.0032076191129041913,0.02418358064306209,-9.812157677764386,0.0008080366204032354,0.00015296660195499075,-0.00034256055121142796
134.79999999999663,-0.006050784730481777,-0.0054662872693809865,-9.80617855014709,0.00046171138067054523,-0.0005904901485611442,0.0010114032113508415
134.89999999999662,-0.012780913038025648,-0.016960182570881794,-9.808172326385673,-0.0002715726621369778,0.0008487621513561929,0.0006697614035553508
134.99999999999662,0.002868889833325623,-0.0017235842747546782,-9.803438830714311,0.0007013418805455465,0.0006619650753584538,9.17570744979811e-05
135.0999999999966,0.017647077746898186,0.017557373188420204,-9.799034539471462,-0.0009436960164591989,0.00237192794466484,-0.00017914404490884024
135.1999999999966,0.00837926417680148,0.01768372337233283,-9.791223080550719,0.0007638005749594068,-0.00035047959737878685,7.07322319116052e-05
135.2999999999966,-0.006709251918490186,-0.0057114358213511485,-9.823993198503436,-0.0015326807362134808,0.0003350939742927532,0.00031090586266183324
135.3999999999966,0.00567790141082864,0.004437271120182693,-9.806323486434584,0.00041465235196740124,-0.0008964892086818219,0.003060113728997484
135.4999999999966,0.014771309244682864,0.0019013996362648412,-9.802940954056906,0.00010921604059245322,-0.0010801647567051736,0.0025471292368492706
135.59999999999658,-0.0024318339069098497,0.024272295038755158,-9.821989441620884,0.0005715373111315661,-0.0005410230383079029,-0.0016618818177227554
135.69999999999658,0.02793032100448481,-0.006123779054549706,-9.824273813985664,0.00047846255823380296,-0.0001863958324956693,0.0006827824555402326
135.79999999999657,0.01616399390356795,-0.01144192721474605,-9.79695755153707,-0.0006817941240969287,0.00018623818659494785,-0.0006696860268602285
135.89999999999657,0.002864760599001148,-0.003227717023711145,-9.797776007754983,0.0011616975764116024,2.9009921962986854e-05,0.0007339034807599252
135.99999999999656,-0.002009977240558383,-0.002030217207434949,-9.811424043522946,-0.001331851108282953,-0.0014147754369486008,-0.0004974192297757459
136.09999999999656,0.0016169645538214124,0.01468022888636787,-9.827699003407957,9.518512622716478e-05,-0.0012353962720023008,0.001340681564249048
136.19999999999655,0.008168182920193171,0.018744183082567572,-9.806519758439608,-0.00028441921374250026,-8.555697984445363e-05,0.0010397404393895052
136.29999999999654,0.00981654423810535,-0.004037581619446714,-9.802811232879789,0.0010113329568983902,-0.0017129709369969341,-8.040155104581593e-05
136.39999999999654,-0.01030978929797221,-0.008539287080265977,-9.8131882663902,-0.0014069888410884184,0.0017700765665334694,7.814290579006344e-05
136.49999999999653,-0.005127883220461733,0.0131084279611531,-9.79552398350995,-0.0006827637836361579,4.455321264915013e-05,0.0015857691271694006
136.59999999999653,0.0121944982529357,-0.007635145547921963,-9.81404820614159,-0.0013160011964581564,-0.0009240444136407416,0.00034708905661536905
136.69999999999652,-0.00023192661107548495,0.010198419015848701,-9.799463604837166,0.0005425378557184833,-0.0005341205241396172,0.0017206311496033566
136.79999999999652,0.005863132087595931,0.003039940324501222,-9.816314295290553,-0.0007113193133015233,-0.0004364775820649261,0.0003756261476347147
136.8999999999965,-0.023381908532959978,-0.007732608598984526,-9.786073432030376,-0.0022910691531225305,-0.0011400465449718149,0.0006100698158895895
136.9999999999965,-0.010714405701265046,-0.0008715067434425672,-9.817057376437715,0.0004908437825859024,0.00026246581234638246,0.00041268148826052443
137.0999999999965,-0.005522206371695518,0.004749029028933669,-9.82699989180199,-0.0006775138729520819,0.002095717868831121,0.000831205343616047
137.1999999999965,-0.002378711680604081,-0.006856108119856608,-9.805952041081426,0.0003553019193080379,-0.001243306507151242,-0.0003203361971863009
137.2999999999965,-0.018549718075491696,0.002512896778964138,-9.795954283319212,0.0017706348046838453,-0.0004613488165698165,-9.421060368849476e-06
137.39999999999648,0.00048747206888934656,-0.014628052554391311,-9.820615250961113,3.5298879707177295e-05,0.002286002575971623,0.0008294008972068967
137.49999999999648,-0.007897493358257061,0.006839214283061563,-9.80268351295479,8.433008144018455e-05,-0.00012760328717234347,-0.000953683540008075
137.59999999999647,0.0027315936659534907,0.004215132321086185,-9.791448379356291,2.852191171127022e-05,-0.0002997543138076622,-9.854408606186503e-05
137.69999999999646,-0.0122410522188474,0.0024618264931111308,-9.811754068207813,-0.0010793550422277525,-0.00010925318980763388,-0.0007500687401043636
137.79999999999646,0.019435140834212262,0.01025272464635194,-9.813776916017066,-0.000556936243821057,0.001063249751244903,8.579620925637775e-05
137.89999999999645,0.012104466675495435,0.003242288759944052,-9.819157090247057,-0.0012797563888206182,-0.00017308844384616764,0.0007448039395992935
137.99999999999645,-0.025699640163651605,-0.014035573374784923,-9.814822219481265,-0.00027738564480898995,-0.0006009429745392151,0.0004681963868318788
138.09999999999644,-0.011113114977774763,-0.009791692143833521,-9.809973643695667,-0.00048213628446168026,-0.002330055657433615,0.00021702096113137602
138.19999999999644,0.00420293094073292,-0.0039016453992285955,-9.807134937944978,0.0006566666411353032,0.0009275685815309811,0.0008293706336876315
138.29999999999643,0.008197560579275351,-0.005066929698358281,-9.815497386772812,-0.0005889791503939844,0.0005910663732568519,-0.0003751851771528479
138.39999999999642,0.020085028083719283,-0.0005704851834440874,-9.805524720755843,0.001998289811296282,0.0006106900086754838,-0.002460183398749696
138.49999999999642,0.00981676119956074,0.004877939986833151,-9.797117302273765,0.0012482828429610723,-0.0004461202774328161,0.00019573617031989115
138.5999999999964,0.012921632992671113,0.02800376883528196,-9.795193905495045,6.826553626315091e-05,0.001145893821744359,-0.0005183076094349861
138.6999999999964,0.008629606357946393,0.017633130264748522,-9.806466747245686,0.0007637483501540698,0.0006894642312938273,-1.2892375935681109e-05
138.7999999999964,-0.008641644886316704,-0.011442657550681483,-9.828800693164997,-0.0003017573962920784,0.0014243698120542578,-2.609950728307727e-05
138.8999999999964,-0.008307442040220991,0.0026119512550079787,-9.80546403188089,-0.0004840206046831527,0.0005929721413248578,0.0002780856049918783
138.9999999999964,-0.021013798589289086,0.004029485791290083,-9.798188552651458,-0.000374906076460607,-0.002212872521777478,-0.0007277729090474749
139.09999999999638,0.005868846385039146,-0.02295365047571707,-9.80554992684961,-8.08896056805582e-06,0.0013191914871033628,0.0021480970153857945
139.19999999999638,0.010930434631841505,-0.00232091001045425,-9.800038599415663,0.0003860339245026212,-0.0005118185049791419,0.0003447380502134347
139.29999999999637,0.009394518736768467,-0.01742740772524353,-9.810697388933212,-0.001310455772671502,0.0009596704302300352,4.74136651822972e-05
139.39999999999637,-0.004644782149211375,0.013307266363191189,-9.832739865911508,-0.00027050256257541485,0.001049837001116876,0.00022503799645964725
139.49999999999636,-0.0025349843972059284,0.010081784640246916,-9.819093359718867,0.0013372527141577617,-0.0013153295273624721,0.0008158860629663205
139.59999999999636,-0.0005298422450062082,-0.016042310779768792,-9.803507651002706,-0.0010154924572034667,-0.0002986927099473079,-0.001142195835152123
139.69999999999635,-0.017583168134491046,-0.0014177248881215984,-9.7956344324569,0.00034019173560767064,0.0017330167573567756,0.0022692543072291792
139.79999999999634,-0.012034644145283725,-0.007690391319873557,-9.816005657222627,0.0015196669279192256,0.0018464207704518994,-0.00016073516265984323
139.89999999999634,0.01212427321446685,0.004698933525174716,-9.795623615735861,-0.00018279326021931313,-0.0002653609516526292,0.0011813237219681623
139.99999999999633,-0.0027643412394789155,-0.021916313010185123,-9.827283546565381,0.00033222703580650814,-0.0004476394650723875,-0.001064289711018612
140.09999999999633,-0.012519376790235235,-0.00012906130886564145,-9.791440869622745,-0.0017506565244642502,0.0016238819496183447,0.0005390566012761746
140.19999999999632,-0.0006837763559759937,0.003921767372280435,-9.801413976072286,-0.0015103833519607254,-0.0009130494224398169,0.0020379546148122673
140.29999999999632,0.01808597141248901,-0.015623476821465499,-9.799820272988645,0.00038011993862223793,-0.0003086873595422677,0.0006332587784930198
140.3999999999963,0.0021386875336353237,-0.00720726800133372,-9.784125012414526,-0.0006000198246529448,-0.0007349046733261334,-0.0006289744614031806
140.4999999999963,-0.010671609163664863,-0.020120937475941042,-9.807256024938582,0.0009006606608990622,0.0012051329407755868,0.0006141978433812514
140.5999999999963,0.004380492909469952,0.015823161261243876,-9.806077489104517,-0.0008489662842712662,0.0001959713714480728,0.0008627374099343217
140.6999999999963,-0.017852286392411616,-0.007056421988570907,-9.802376103181633,0.0011973194233277267,2.1136304515782194e-05,4.655768823706922e-05
140.7999999999963,0.005697490208627907,-0.007521653262165842,-9.825612274583074,0.0014909379460903024,0.0009719077761891396,0.001081361597018417
140.89999999999628,-0.005949949536918715,0.004271004157477991,-9.812782751087395,0.001037267125790335,0.0005959784416851574,-0.0001291445931844847
140.99999999999628,-0.005877666582015452,-0.0019432575700057662,-9.817486102367901,0.001840516936709119,0.00019983501435338563,-0.0007072813033589204
141.09999999999627,0.006489676535447323,-0.014635179711963202,-9.799495808293484,-0.0017125568657899131,-0.0007139892362752545,0.002018121150969099
141.19999999999627,-0.01117078242085526,-0.010057114259456252,-9.824376784326299,0.0012266020589982855,-0.0008353259988740421,-0.00018644158602996728
141.29999999999626,-0.006692357411763369,0.005167364603696873,-9.816847074946804,0.00165122731471789,-0.00044582155610030616,-0.001584419448844997
141.39999999999625,-0.005143102727354651,0.007764053944292881,-9.818952423748788,-0.0008185102611694624,0.0004605085501854811,-0.0009544661544494403
141.49999999999625,0.007568782040814729,0.004370129318489884,-9.81442617717531,0.0005151828163912477,-0.00032962017142534444,-0.0018418480408539792
141.59999999999624,0.009522193534997161,0.003585275117484448,-9.82247646073478,0.0015128772603808138,-0.000954865686837015,-0.0010374850084632166
141.69999999999624,-0.0016100561887202015,0.004216966388404219,-9.808056190014984,0.0018169065607161168,-0.00046533752254625086,-0.00030239062353335015
141.79999999999623,0.007189015627754263,0.009787555189117126,-9.820165620954896,0.0013606721149558645,0.0002450131215438687,0.0009746120384944711
141.89999999999623,0.011362340935661162,0.0019543910878408195,-9.809569707381646,-0.00010932374846644415,-0.0011142714857439603,0.0012458369878949082
141.99999999999622,0.0186136109778911,-0.01437502040632256,-9.812939967572193,0.0007970897347545713,-0.001266584700869631,-6.968759857432746e-05
142.09999999999621,0.011631592412124983,-0.0034028411396676782,-9.80298881522647,0.0010488532039047219,0.0001236635429524933,-0.0006058463545650587
142.1999999999962,0.008802221106147272,-0.008283380447416649,-9.80828149095905,0.002093547582646463,-0.00015492943812684673,-0.0006460797348176991
142.2999999999962,-0.0021829468804253566,-0.01491564368399441,-9.81098096179461,0.00019560234729556428,-1.746434838128048e-05,-0.0003924991828266083
142.3999999999962,0.007054813491284478,-0.00329891140708093,-9.81181995671708,-0.0005758289591752076,-0.001032161981568142,-0.0019417524542559457
142.4999999999962,-0.0018167212674479658,0.020253325126482178,-9.814700276300265,-0.0005510459022661685,-0.0016166876124299788,-0.0020643017409287716
142.5999999999962,-0.0011515822213137592,-0.01363867672869237,-9.801224128686362,0.0007312644478615415,-0.0014097394355331552,6.421972991052365e-05
142.69999999999618,0.006756741504307468,0.0022535671054879115,-9.802763325557223,0.00022999298903659762,0.0008113405013471636,6.508984521314847e-05
142.79999999999617,-0.004223346635483939,-0.003940367678926328,-9.81030522703106,0.0007741908928201447,0.0003876044644930824,-0.00020408879225135035
142.89999999999617,0.019258275851145614,0.012534243588490456,-9.804455907704698,0.0013210714270727654,0.0009590571435996861,-0.0006758427677164747
142.99999999999616,-0.0022718407928653006,0.002476190719537926,-9.799940358810053,0.002825304106513297,0.0007161193622070079,-0.0011893765325266046
143.09999999999616,-0.008590600490501601,0.014556181141748701,-9.819978619016455,-0.0002689488507170912,0.0014038976233486506,0.0019293559427391237
143.19999999999615,-0.0017120225975107931,-0.003465130184837826,-9.813056515883808,-0.0005032144689801465,0.00010098397472340453,0.0007390937072669872
143.29999999999615,0.005918061787451375,0.010242625340600579,-9.807865269271288,-0.00021271069107702494,0.0019044377078699154,0.0011587266366662242
143.39999999999614,-0.007283873505330939,-0.0004099565321554152,-9.803813344227315,0.0008967316070481501,0.001146686847516702,0.00036677575911272283
143.49999999999613,0.006515981129214747,-0.010177691980787471,-9.802110600684882,0.0003165752128014238,-0.00017113343399447048,0.0001746012132302751
143.59999999999613,-0.006578732435732335,-0.0063625213742579765,-9.808109005733407,9.722647744492848e-07,0.0006975606593889184,0.00048495305033855124
143.69999999999612,0.012783082257830456,0.005198809029077265,-9.802650611685166,0.00011175868248909941,6.927997880605384e-05,0.0007295011341085501
143.79999999999612,-0.006312332800500622,-0.0033991559259170675,-9.810913640160615,-0.0008522455943752909,0.0022779191112526492,0.00200346415404834
143.8999999999961,-0.0003335458023639316,-0.015161649481268871,-9.814241016670145,0.0003582164281173363,0.000990710275012495,-0.00034928048481687647
143.9999999999961,-0.0003179371258595011,0.0024800266693269656,-9.806892695641281,-0.0008430843200536413,-0.0006666572119331384,-0.0010456013079445901
144.0999999999961,-0.01087945157851019,0.028825159698322795,-9.803545072525868,7.853543787336094e-05,-0.0019127961928214112,-0.00081927991800726
144.1999999999961,0.0057180076641381574,0.011766410874697245,-9.798663175467665,-0.0028765419149900653,-0.00020534911138047916,0.001603001280454378
144.2999999999961,-0.006795137316653336,0.005568024754288303,-9.821318746721548,0.00048582786115614854,0.0003278054966850618,0.00021284057421778866
144.39999999999608,-0.00796792647501025,0.009403350297585177,-9.817132562110789,0.0017210910901164658,0.00044940755866911875,-0.000560441571591716
144.49999999999608,-0.010806194030556684,-0.011202906967249076,-9.813492615891116,0.0022031950751932173,0.0008616603186800161,-0.00023816443650019836
144.59999999999607,-0.00038915072029832744,-0.010135721237592401,-9.808457786012148,0.00016363115049783448,0.0007299400867261689,0.0003279074202861462
144.69999999999607,-0.011356584268930612,0.01969239113581787,-9.81644919047689,-0.0018363485142304315,-0.0003861440079953951,0.00010857006572583176
144.79999999999606,0.005927182519011447,-0.012820994461537474,-9.798611357048955,-0.0013947002167913527,0.0012528586100984558,0.0007944752818168838
144.89999999999606,0.006043407988704728,-0.009058973431988962,-9.822085205820777,0.00026518523636869646,-0.0005465166439068738,0.00016884868516090168
144.99999999999605,-0.011122076043773674,-0.0053339936846374825,-9.810461568910211,0.000400881686585014,0.0008227358438779949,-0.0010180994674938088
145.09999999999604,-0.0008578999722175462,0.009394890671483332,-9.803698063220912,-0.0005997914769254655,-0.0022902225919074126,0.000183274835882694
145.19999999999604,-0.006397099939923612,-0.0012536768370153392,-9.802264353901442,-0.0007799808220171077,0.001442489205718049,0.001788781778805219
145.29999999999603,0.014638957066295158,-0.004068848236453316,-9.806706473867825,-0.0012746057911527861,0.0002355150024163642,-0.0013494538068354993
145.39999999999603,0.007768167590245371,0.001551919671874635,-9.799208389745262,-0.0009016992757717415,-0.0017775102255965043,0.000248893166330046
145.49999999999602,-0.005390258337314192,-0.0015235695105662553,-9.817948415800256,0.0018818376608708532,0.0008049996853082663,0.00030479290302238746
145.59999999999602,-0.002502845072779333,-0.012923678765429816,-9.805121940999166,-0.0008447127309948358,-0.0011403845185434022,2.6353786301261417e-05
145.699999999996,0.003019429784480911,-0.006457888026296166,-9.816904974339893,-0.0005885014389020696,0.0012327639561343648,-0.0007184519213439109
145.799999999996,0.01438708297848249,0.0034115551924046505,-9.807497827940967,0.0011891446710641201,0.0016701356929994108,-0.0013247805440607207
145.899999999996,0.008888645883107803,0.0006981464887602885,-9.799949391265944,-0.0009250649639737689,-0.0005733645379783949,-0.0002294074408730483
145.999999999996,0.008256912993087562,0.002639380660329837,-9.804965215355569,0.0004750028005879171,0.0017278775268206351,-0.0004060853418594214
146.099999999996,-0.00810837341253799,-0.004363612189851102,-9.818160543698658,-0.00037637843553825105,-0.0008606493625695431,0.0014292752701022056
146.19999999999598,-0.011888901445785536,0.01879094775610915,-9.798031562419899,0.00033785335524668335,0.0007304872311438166,0.0006156035990517613
146.29999999999598,0.010121919580065943,-0.0030356258916030537,-9.812293669573874,0.0012367183661170405,3.658277680493743e-05,-0.0007154928141121296
146.39999999999597,0.015090156458800573,0.025358967314217124,-9.82117239636482,-0.0007817940723860042,-0.00028190982772680095,0.0015190367726484503
146.49999999999596,0.008496292957052757,0.0011981731907045154,-9.824290382119939,0.0016040700783231034,0.0007927650589575389,-8.462760211203166e-06
146.59999999999596,0.00644460778542295,0.005285676739591834,-9.813608026845712,0.002766125522181173,-4.2928825787532735e-05,0.001260663665936375
146.69999999999595,-0.017940781160556758,-0.0038144933959591678,-9.780298198104015,-0.0008492932031466916,-0.0020955612398919467,-0.0002235376596585806
146.79999999999595,-0.005616290406735055,0.0007941388203596727,-9.79279336407376,-0.0004401212139360826,-0.001964868692454793,0.0004941942149984717
146.89999999999594,0.013212311045313726,0.01026840938945661,-9.777460582200346,0.0017297947856939931,0.0005119461269097156,0.000157802556470989
146.99999999999594,-0.013150271479021296,0.019141341782808862,-9.809915763302016,0.0013368434126670027,0.00021426640885082707,0.0006680850090958408
147.09999999999593,0.004392557471908509,0.0012581213884563412,-9.833268995717916,-0.0025104615318656057,-0.00039430664607481336,-0.0005062247754029336
147.19999999999592,0.0008236042417589949,-0.01496074164764963,-9.817153278024854,-7.265152595062343e-05,0.00013721731878029087,-0.0010485516079463276
147.29999999999592,-0.008180412042235186,0.02472362031250736,-9.789927907026481,0.0005259430493867109,0.0016880525820727832,-0.0006858766098405863
147.3999999999959,-0.004568639374503131,-0.004666528807091132,-9.804606177646123,-0.0010954132921147215,-0.0010998595408017254,0.0019128243803846541
147.4999999999959,-0.002635871436498609,0.0034832496373569024,-9.814122050375369,-8.756591813538436e-05,9.82768216279491e-05,0.0005881191387413932
147.5999999999959,0.0014494119337145617,-0.00380418740083173,-9.796995476295253,-0.0004984373678823048,-0.0002434370539990523,-0.0021075227218656113
147.6999999999959,0.00046323281859306806,-0.0036166453659719254,-9.793731103479484,0.00033454974450797395,-0.001063088847099122,-0.0013961722445186527
147.7999999999959,0.01086639964158234,0.009855860749610507,-9.798476444225683,-0.0001694565697780883,-0.00013978370677715382,-0.0006792909977002602
147.89999999999588,0.012522714366567123,-0.01509524416759635,-9.810115263688736,0.0004390307741971042,0.0013564119056109632,-0.001033477712316309
147.99999999999588,-0.007879233504577208,0.004447672767025453,-9.823559881197015,-0.0004378426812880614,-0.0008797755643919256,0.00020503345815765992
148.09999999999587,-0.016431529586807853,0.00034478983303603633,-9.82385342548048,-0.0006855602097503233,-0.00025284344656812497,-0.0007004581225468782
148.19999999999587,-0.008829448627657985,-0.0007002490533041117,-9.810326653424903,0.0008584294920890605,0.0003154133302573368,0.0012358183583524264
148.29999999999586,-0.0014293353963420801,0.0053148208705643485,-9.799815898035531,0.0004851612741668745,0.00038609249805318733,0.000540757586672809
148.39999999999586,0.01101643395020122,-0.007750539726749717,-9.805087791112578,-0.0003461499771125816,-0.0002220829572155069,-0.0001514989945250332
148.49999999999585,0.0028124420938794377,0.0028661336098177483,-9.79926730603721,-0.0006719486864242523,0.0006975143890235689,0.0012608799667270401
148.59999999999584,0.009303832898536799,-0.0047232009022332875,-9.81252907902827,0.00075804473736025,-0.0017168342489090344,-0.0007765928886823286
148.69999999999584,-0.01269026711617868,-0.01815022878541026,-9.816885153249267,0.0001934989182537281,-0.0009166886059784301,-0.0010402474153042806
148.79999999999583,-0.006192748160987013,-0.00012287935670670982,-9.809685918615344,0.0011676034077016798,0.001210181251655543,-2.0356005569749153e-05
148.89999999999583,0.009887095701995797,0.0015174237725137816,-9.800691833128246,0.00032900814400829947,0.0003948986363681457,0.0011698350956415372
148.99999999999582,-0.0009349667613101229,0.017262835540287864,-9.809395724251146,-0.00025576948901320383,-0.0007553811270695838,0.0010270113298763877
149.09999999999582,-0.00031603541624606083,0.015342607738958545,-9.812232513349532,0.0007613838610875002,0.0017078596925517446,-0.00025479123351543684
149.1999999999958,0.006564049520123459,-0.015511757439563992,-9.797949053763693,-0.0004384468307683432,0.00033429529410100334,0.0008914956929612475
149.2999999999958,0.009331848468667438,-0.016674092484306735,-9.809762607369999,0.000265944191386808,-3.2578665543704856e-05,-0.000657812906765123
149.3999999999958,0.004793298530117957,0.006144407916193424,-9.803703055926839,-0.002809868215908646,-0.0011426320992630606,-0.0011962186265968187
149.4999999999958,-0.011589712248693875,6.99119744017149e-05,-9.821169631493552,0.00011527797907218868,-0.00010836538356809109,-0.00024489842092635086
149.5999999999958,0.004937725123204591,-0.022259725961178537,-9.817510850671137,-0.0015073446822201834,5.992956804124564e-06,-0.0011136893446405363
149.69999999999578,0.001240160221793584,0.0013150845504272888,-9.810556872030824,0.0015743359005245797,0.0016821888573923887,0.001300687065470774
149.79999999999578,0.005027531165944168,0.0018011574984053925,-9.806278225564796,0.001159872739507722,0.0007300828931162626,-0.00029325345470093797
149.89999999999577,-0.009200081163163395,-0.015841151870814994,-9.805047121987526,-0.0014981161209304745,0.0010618165458982417,-0.0003677171872736784
149.99999999999577,0.017478102004676345,-0.022743834636106915,-9.807759781371686,0.0007559204327198542,0.0014341340186021273,0.002255321945600152
150.09999999999576,0.0035418152283036575,0.005318271698085616,-9.806924278151463,-0.0008771664273983204,-0.0009240627417162063,0.0011138295244778656
150.19999999999575,-0.0038536495209094386,-0.00173378269782044,-9.806933538904017,-0.0006291215195249047,-0.0012458275588938341,0.0007010658994293711
150.29999999999575,0.007958179820750899,0.005897120091034648,-9.80266660475963,-0.0014165787013647691,0.0010624506516866603,-0.00012383750787044946
150.39999999999574,0.0133121614067341,-0.008812344128414614,-9.802124715012038,0.00041131158819980254,-0.0024040826563342605,0.0005347922398873454
150.49999999999574,-0.00837605496615786,0.007133831039814444,-9.799909074526576,-0.0004990409871368598,-0.0005430326253957496,-5.6499160638982316e-05
150.59999999999573,-0.007264182580768305,-0.0032791767117168608,-9.792064002742885,-0.0014140190299420572,-0.00036725177637220304,-0.0004010015448487798
150.69999999999573,0.018454607757113186,-0.0018295713617051466,-9.835460394547418,0.00015552894495153864,-0.0005814549900093021,-0.0012378883857171522
150.79999999999572,-0.004024556262976316,0.005114850605559816,-9.819465876927474,-0.0011011788774207322,-0.0007707855344025081,0.0008495271245687485
150.8999999999957,-0.011505460651739059,0.001430772752414863,-9.812926516340543,0.00027021090330262156,-0.00015777792789243103,0.000654516190314336
150.9999999999957,0.004623236491999744,0.006889727497241358,-9.797883374593024,0.0004188040313446173,0.0004948956019088823,-0.0004281617833517158
151.0999999999957,0.008483739954179241,-0.0005768487235490146,-9.818829864949473,-0.0007215684870349783,0.0007367019966586606,0.00013647827029241783
151.1999999999957,-0.014410454596375546,-0.004313214374928613,-9.79535023360724,0.0013902141347395336,-0.0018685455760229176,-0.0003313283985319494
151.2999999999957,0.003199064754786439,-0.01750427757095789,-9.80642080284347,-0.00020420611191000333,0.0006205851421442545,-0.0013058908950186238
151.39999999999569,-0.015327736202692522,0.019953676813479985,-9.813340224706481,0.0008797179907340567,-0.0001504936103274176,-0.0002001760411146421
151.49999999999568,0.008731108416330015,0.007388907700179373,-9.823722136467406,0.0001261121229324042,0.0002933889288402161,0.001444047933719566
151.59999999999567,-0.01604668292354914,0.016952955078784016,-9.809722088587826,-0.0010716258182178863,-0.0003009378543239213,-0.0004872031830974093
151.69999999999567,-0.00081453964209547,-0.0021128553355910444,-9.804366614556496,-0.0008346102190564719,-0.0018383154018397922,0.00064427143624827
151.79999999999566,-0.02439853065426849,-0.0011639842087962933,-9.804981176059032,-0.00173053696788534,-0.001024241980710155,-0.002129966235875824
151.89999999999566,0.010382193724640963,-0.009768225374342496,-9.811731450325242,0.0002625394143487678,0.0006927023614538263,0.000256285686510971
151.99999999999565,-0.002117046036032232,-0.006227780239710377,-9.817211087015929,-0.0013274645765151247,0.0005331713477786298,0.001917615070693957
152.09999999999565,-0.008222250912882027,-0.0065402023444348706,-9.795981119255805,-0.0003425179481971915,-0.00033025734065567254,0.0010691620386588173
152.19999999999564,-0.009696913218039192,0.003954078723533637,-9.81517785186647,3.7781888256227824e-05,0.0011895489501557901,0.0005000260526791306
152.29999999999563,0.006513979138571505,-0.00484814794907217,-9.815193609497557,0.001522782285879682,0.0001078985929150009,-0.0003828373174378
152.39999999999563,-0.007441784610651428,-0.0009174518756414186,-9.79900175248842,-8.359484608958239e-05,-0.0008969649735961202,-0.0006691857389803194
152.49999999999562,0.0010320909121587015,-0.01672646604141315,-9.812004170557657,0.0005422065107169153,-4.875465442501217e-05,0.0004936374605163604
152.59999999999562,-0.003919354722179301,0.027768912445227226,-9.810126485893797,-0.0003025020078265439,0.0011668187017224742,0.0009315046926191253
152.6999999999956,0.0020121344457999808,0.005509919578785586,-9.797809675720533,0.0005841468005443212,-7.569786139556596e-05,0.000764264544560354
152.7999999999956,0.007479588483062856,0.005336571156292494,-9.809275912719922,-0.003122828059147351,-0.00028347602338766757,0.0003588735802399682
152.8999999999956,-0.010536954592903734,-0.0030808771509643574,-9.811566507752598,0.0007908831316032217,-0.001905800814069374,7.592734063927211e-05
152.9999999999956,-0.0013119594396111913,-0.011474185713761026,-9.824376308349533,0.00023680510797389874,0.00012402426882310609,-0.0014644253725048866
153.0999999999956,-0.01443484819303963,0.016425866492773486,-9.803131234053044,0.0010899286415327386,-0.0007756967032001959,0.0008017260869711963
153.19999999999558,0.00342051090561891,-0.0013958263592690858,-9.808541928189335,-0.0024431410216425448,0.0005881359871379409,0.0011748976728507708
153.29999999999558,-0.009009091442986922,-0.006957111189891175,-9.815361595739521,0.0002365177637905077,-0.0018769188136404582,-0.0016796368732337357
153.39999999999557,0.0030067391785492045,0.0006526356893181455,-9.803381713357101,-0.0012113903636624302,-0.0014360905508899848,-0.0006775622190264699
153.49999999999557,-0.009096996309142307,-0.00156109138259552,-9.803966142665436,0.0006801247780109644,0.0004896726283822953,0.0008412995285722408
153.59999999999556,-8.092108897743652e-05,-0.0131659150334369,-9.802786438529099,-0.0001231655970453404,-0.0015711005593852321,0.000805870633380595
153.69999999999555,-0.014796746560796523,0.0033292155505880256,-9.811386770109616,0.0015938671109227743,-0.0003978709543434889,-0.001858734340081964
153.79999999999555,0.021622707016977227,-0.0011277092723133045,-9.81857776440252,-0.001116840734735386,0.00028021607481589774,-0.0019161871881259408
153.89999999999554,-0.004205845664732503,-0.011419706306775615,-9.810598865252802,0.001168723221862226,-0.0005514434454034742,0.00010553645644567631
153.99999999999554,0.017981008527921952,0.012609453263633552,-9.784853119609407,-0.00027709413325703293,0.0018802445348673734,0.0009428671702731704
154.09999999999553,0.012577510277760667,-0.00837400259365938,-9.814704564274354,0.0007404801411704012,-0.0006264901142752518,0.0001331713912718686
154.19999999999553,0.0023701806578801184,-0.026263817658604287,-9.801034679823534,-0.0004704752259795897,-0.0008673095400809905,0.00018026918215780348
154.29999999999552,0.0028557726521040504,-0.011716372987453448,-9.808185549851416,0.0006497395180504485,-0.0009560008052848934,-0.00036846529403498
154.39999999999552,0.01425889885343494,-0.005477394633132855,-9.821827555329223,-0.0003082154014171376,0.0007669820542779288,-0.0004021913919451089
154.4999999999955,0.015018088718788822,0.021447267292299,-9.798877404658143,0.0003098942570465247,-0.000926258457635304,-0.0010484854861365774
154.5999999999955,0.0012474373456709102,-0.016317083154231745,-9.804576494532512,0.0008339508186755426,6.913457347015134e-05,-0.0008154799407062758
154.6999999999955,0.007227170396576356,-0.002891556352269568,-9.814340480042267,0.0021298664650439675,-0.0006770205157165401,-7.39260288422672e-05
154.7999999999955,0.02133226953864364,0.00029928120632188615,-9.79619968715258,-0.0007900036710274114,0.0012974078396741841,0.001625073152536712
154.8999999999955,0.0037429930938006695,0.0060555542387967735,-9.803909340648516,7.383164152627433e-05,-7.68722092149823e-05,0.0012372506665766113
154.99999999999548,0.005294335569421534,-0.004332430760476946,-9.827995672329342,-0.0005815519550116162,0.0010853467203141088,-0.0004358218203543467
155.09999999999548,-0.006301767262291512,0.002687854970914838,-9.82426800545533,-0.0012028179417626623,0.0014205132297347267,-0.0001953713444101477
155.19999999999547,0.00695609133480361,0.01290018461673936,-9.82339168871907,0.001173902782383081,-0.0011772890041203271,-0.0005413011759995644
155.29999999999546,0.0019661802142379825,-0.005209199675485045,-9.814686418160605,-0.0006217715517410082,0.00024224118399472072,-0.0007457795281770063
155.39999999999546,0.005367633361029071,-0.0013612303856358218,-9.832996466365469,-0.0019529513944539266,-0.0011838282906284246,0.00042818695856253436
155.49999999999545,0.0035679674009847485,0.002843417116747246,-9.817142733185184,-0.0007951183931382259,0.0009239267918278413,-0.0007727656349852775
155.59999999999545,-0.011068489650647717,0.0065879249469195725,-9.803498370691479,0.0016760758712342121,0.0007293965524994918,0.000812475291301825
155.69999999999544,0.0012581247530428627,0.002025966964180263,-9.799728270391252,5.374313170408987e-05,0.00017482562518238701,0.0013136410885990488
155.79999999999544,0.002453610557085865,0.0029232909116994315,-9.835174130500699,0.00015927909003402867,0.0015529544531132536,-0.001632559028694965
155.89999999999543,0.01494424749507214,0.0004489155719199872,-9.806131109667573,-0.0010190597105092397,0.000980878574870114,0.00015048225591926144
155.99999999999542,-0.015061486255229609,0.002639320278629203,-9.797319450456524,-0.0004983500111829245,0.0013277277628141887,-0.00014587422646247076
156.09999999999542,-0.012684150804045181,0.008649448669446638,-9.813001819735778,-0.00010727550841019455,0.000505342381814316,0.00014662036967904278
156.1999999999954,-0.004593939239623653,0.009646923012321697,-9.798411090501185,0.0006070684533468944,-0.0016494160534379237,-0.0010550699336992742
156.2999999999954,-0.002451070498325039,-0.0010597435457167792,-9.804087863995873,0.0006181706801780478,-0.00040356940476023596,-0.0009607501776966119
156.3999999999954,-0.007047733738938038,0.0006786368909409894,-9.798282622650575,0.0004121793176730526,-0.001191230281266136,-0.000672799380836601
156.4999999999954,-0.004982414663861703,-0.0006034363166552192,-9.821223695544868,0.000248410171391084,0.0009984223720842797,-0.00036631707051981575
156.5999999999954,0.0038654411912037007,-0.0012725267656303525,-9.784694371029104,-0.0012139071624825558,0.0007618286145308888,-0.0005749311935371115
156.69999999999538,-0.017806612003396532,0.006054357916171502,-9.806429514703058,4.784760276661641e-05,0.0007566491782214599,0.0004441172109077474
156.79999999999538,-0.0055413609074092774,-0.021281722521983654,-9.810544568747645,0.00017013231395512655,0.0008923589456432084,0.00285908609916857
156.89999999999537,0.0025082743535736335,0.014389908183598166,-9.802440395598211,0.0004438537110741324,0.00023958025053355902,0.000902532392743846
156.99999999999537,-0.015053317579158537,0.006801219292126793,-9.807927903595084,-0.0009788687519979911,-0.0014844232746546524,8.488253390020113e-05
157.09999999999536,0.012967937887396072,0.007995006609745083,-9.776908469145617,-0.0010906328716545712,-0.0002037189198238011,-0.0007261592138950819
157.19999999999536,0.008193127538960154,-0.0012805804807841778,-9.819240497701747,0.0011954049546636953,-0.0014626005137616397,-0.0003454836152852137
157.29999999999535,0.00891397063935774,0.0016470514348273357,-9.814029594879315,0.0006418611966779506,-0.0019107235189206452,0.0006135724587364088
157.39999999999534,-0.002452919121551778,0.0016055542691696901,-9.817501621213559,0.000565128992684287,-0.0003474059482477297,-0.0016499541476997974
157.49999999999534,0.006245302457036475,0.0029320509662233295,-9.80646113807843,0.001754097408831599,-0.0011600229609366188,-0.002051309579241732
157.59999999999533,-0.00567857519974315,-0.017965870338273682,-9.823772875844844,0.0002694391592660281,-1.0448783715181919e-05,0.0006359739644199993
157.69999999999533,-0.006509743987871015,0.012494606638877397,-9.805686025210441,0.0003152218929703983,0.0021769766303072354,-0.0005283550603355264
157.79999999999532,0.001017223563512204,-0.0017787034663329193,-9.806464578122299,-0.00031339258637182605,-0.0017829486236493417,0.00021828854706101204
157.89999999999532,-0.018074147966006614,0.012503964896795446,-9.794525958489626,0.000921133537015239,-1.040343029993228e-05,-0.0003182855452223307
157.9999999999953,0.0006795020112862282,0.00789061161868022,-9.800424671597549,-0.0010145592366319993,-0.0014261758661527884,5.65768263505971e-05
158.0999999999953,-0.002613004008163861,-0.017114677481461213,-9.809858946328518,0.000264241042904736,0.000897953678441771,0.0028801339149140672
158.1999999999953,-0.005048178612555949,0.0028569782517238176,-9.805024958684276,-0.0007064471702148634,7.725938323574404e-05,-0.0012662953182220789
158.2999999999953,0.00725653605272258,-0.0186356410793416,-9.820692981971806,-0.00047743424938876723,0.0015875584961989513,-0.0011185812347224379
158.3999999999953,-0.008426649299315315,0.003512009329383324,-9.810140724724269,-0.0012044636846898374,0.00043918452178566943,0.0003513125308243896
158.49999999999528,-0.004388009305986703,0.012019135704611786,-9.81899302233979,0.0006631486105642291,0.000556750449864672,-0.0007767414794387465
158.59999999999528,-0.008341294984291344,-0.007722335486463957,-9.809519177986344,-0.0006343192634720883,0.0012407881566032588,0.00015316760074650469
158.69999999999527,-0.006080821995492966,-0.01104143859219582,-9.82482588451399,-0.00010046492683560816,-0.0005490590359513615,-0.00046385481661547504
158.79999999999526,-0.001703718781208116,-0.005620569731670901,-9.801815538220538,0.00017425695248703756,-0.00042734724331552237,-0.0008944219432577208
158.89999999999526,0.004093707284489029,0.003112701616406546,-9.795892621108889,-0.0005876056302662712,0.000896312017449269,-0.0011052627597446679
158.99999999999525,-0.004495056475810887,-0.006847087976815859,-9.80019186772132,0.00034382832940046926,-0.00018852704558766775,-0.0007415515995169261
159.09999999999525,0.0019390424214135614,0.009734521031865435,-9.814009758725758,-0.0009353936019991783,0.0003777546747771599,-0.00027792065762098324
159.19999999999524,0.010359286185788888,-0.011929040789117556,-9.823634776154403,0.0001605577112876461,-0.0006665039765528152,0.0005348228429669516
159.29999999999524,0.012512132257337539,8.866018645980884e-05,-9.829328102059755,0.0005851258858868407,-0.0016409558064888062,-0.00012729565511263537
159.39999999999523,0.0036229428392760255,-0.0024567821571302405,-9.78757308035218,5.3689082382613515e-05,-0.0012049072558247503,-0.0021597713637694104
159.49999999999523,-0.0028829733915306317,0.02032767889170157,-9.816381983540293,0.0004529884287307767,0.00024112884061922658,0.00017130909526252955
159.59999999999522,-0.015465728228533126,0.006786268223426094,-9.832015208279511,-0.0011838022889513948,-0.0005531137886785567,-0.0005934511595000968
159.6999999999952,0.006154174944184991,-0.017296252332122893,-9.80337834083593,1.0557267008471815e-05,-0.0011422534773986098,0.0009685032854984524
159.7999999999952,0.03007737226314793,0.012744333659300595,-9.80993652323246,3.637060620610418e-05,0.00018886339151028255,0.00018152660466839852
159.8999999999952,-0.0035542289388643352,-0.009252417755904942,-9.802670649667787,0.0007309268660766348,-0.0003511562122018035,4.3521113451392926e-05
159.9999999999952,0.01107597648737235,-0.006768025497135891,-9.817428537937547,-0.000690270060841402,0.001662657447865184,-0.0015330355493867684
160.0999999999952,-0.005718371234254397,-0.009324264495553658,-9.809653322936146,-4.419577243707045e-05,-0.001142201663570947,-0.001114952563519885
160.19999999999519,-0.0014833756950495627,-0.02364990739923508,-9.825293091663907,0.0010790824086284083,-0.0024515676159456864,-0.001183880357483582
160.29999999999518,-0.012412921552252144,-0.0042318799672615036,-9.78822140193758,-0.000950667981112236,-0.0007854724481627823,-0.0010053146853458378
160.39999999999517,0.029766561763782784,0.00823254716441498,-9.800857233793197,0.0012454042626731344,0.0005582212629882826,0.0008565102297527034
160.49999999999517,-0.0031177942027570266,0.0035578544870761863,-9.80866359641254,0.0006280271864723532,-0.00232200139532435,0.0023638067465095
160.59999999999516,0.016763915941073335,-0.018280333050276917,-9.80392022260263,0.0014100906717714355,6.731520647036082e-05,0.00015422671401300346
160.69999999999516,0.014814674566347958,0.010793613532099596,-9.81052000881611,0.0006568319792763897,-0.0009212007853804323,-0.0005172014534342578
160.79999999999515,-0.005725223221598373,-0.0015280061476512844,-9.788157717009126,0.0011988755039961147,-0.0003035800241001043,-0.00020226307989632203
160.89999999999515,-0.01601586108406748,0.0022446284387530263,-9.791181693415497,0.001800867104670409,-0.00028972378816015805,0.0014021800784676708
160.99999999999514,-0.004322630508831269,-0.00734361561898044,-9.811044252774783,-5.613582550623245e-05,0.0010538316104649816,8.244750537664818e-05
161.09999999999513,-0.008202099920915201,0.0090708654401207,-9.816321006923088,2.689434937272753e-06,-0.0008422502348048639,-0.00032912293216995857
161.19999999999513,-0.008253305065068372,-0.007996576311562783,-9.800301244281755,-0.00036380902646792083,-0.000973413683506699,0.001634369063128202
161.29999999999512,-0.006217716696960633,-0.009601971739612527,-9.803629718891125,-0.0006733384720461531,0.0014728112831002543,-0.0010358703385754363
161.39999999999512,-0.016721833528566824,0.012338358047372069,-9.822334335419285,0.002707287176038854,-3.988402617923311e-05,-0.0007330813522105353
161.4999999999951,0.018694469132883706,-0.007856619925260589,-9.813539642245571,0.0006497683345684183,-0.0008487041380445469,0.0008169968168052918
161.5999999999951,-0.008341858746017373,-0.009806361674528443,-9.821243125141907,0.0006224340263864624,0.00015041228787764793,0.00045025020559052054
161.6999999999951,-0.00617543814656716,0.010817267686355651,-9.800201617202594,0.0013881100046744981,-0.00022817875237227515,0.000816108819776714
161.7999999999951,-0.0013446253610971905,-0.001290343774218087,-9.812974572096456,-0.0012491725227914304,-0.0003054455598425538,-0.0006745179101455215
161.8999999999951,-0.0018028126843378425,0.013019505580790645,-9.802315915317946,8.98631261530673e-05,0.00035301406922902135,-0.0007176774304005496
161.99999999999508,-0.008543509881557517,0.010085574563974496,-9.812208535224384,0.00015305924103188189,-0.0008100586218502361,-0.0009691249695097529
162.09999999999508,-0.0017736998576436886,0.019628526891661998,-9.824156935479747,0.001781418271421468,-0.0008634386249085031,2.848516207780278e-05
162.19999999999507,-0.00579085163035715,-0.010667376419679062,-9.806159089522511,-1.98399195426163e-05,-0.0004044194408916992,8.876268150888806e-05
162.29999999999507,0.007181734852857088,0.0021413421967653233,-9.805901473540905,0.0013298166066869278,0.0003874958875068777,-3.485021157619674e-05
162.39999999999506,0.01076893035612614,-0.007497179438065437,-9.80044990430683,0.000837031098497018,-0.0009064157623713229,-0.0007589979991841888
162.49999999999505,-0.0040231056174355306,-0.00023371122029733815,-9.805531613061728,-0.0006279810713554708,0.00016645000378025495,0.0006548413263049818
162.59999999999505,0.008506117955406508,-0.006968084475557595,-9.801780605684298,-0.00020061796769154332,-0.0003525205845170918,0.0023031898883095338
162.69999999999504,0.006170342946670216,0.0018890766748349633,-9.826616305882956,-2.686248360509188e-05,0.0006772169824359101,0.0005510119639213735
162.79999999999504,-0.013966533680021516,0.012083298780255679,-9.798652580871329,-0.0010364287984050006,-0.0006293635759998744,-0.002213879045007264
162.89999999999503,-0.0019673588075843386,0.00660737433998823,-9.804067034368643,-0.00037688550437822244,0.00016368350391238052,0.0010237127718044701
162.99999999999503,-0.011243504469266788,-0.0022381351469022486,-9.808360798420406,-0.0005015197249245651,-0.0011528555059141326,0.0013756977496264496
163.09999999999502,0.004676813371216141,0.006305883195007931,-9.81280321518478,-0.0008038038051838676,4.883678975087905e-05,-2.2727308596663917e-05
163.19999999999501,-0.005447094850558292,0.020519874801029347,-9.801202350695293,-1.726400881419645e-06,-0.0013834349467247231,-0.0006282285322745252
163.299999999995,-0.003430228869199909,0.030236040258039578,-9.815299462727442,-0.00019450499794909822,0.0011279973985906487,0.0015263327210095273
163.399999999995,-0.022107356545640933,-0.008317241832031922,-9.811477480572997,-0.000814828012075377,0.0003394868667160461,9.489124294086866e-05
163.499999999995,-0.008693835880890325,-0.0019347660255144008,-9.807660248893313,0.0012941685234042772,0.00013936014088246037,-0.0014234247676136627
163.599999999995,0.007183260381876638,-0.0034683397876190815,-9.817755526489425,0.00043883636935505957,-0.0005467202879948482,1.4370043916244747e-05
163.699999999995,-0.007800066442233418,0.009213512531862084,-9.823882980420185,0.0014065361468592267,0.00019792138197776725,0.000274135986768115
163.79999999999498,-0.0031017696760194356,-0.0008618563675529617,-9.788069925834735,-0.0028005611955383924,0.001651187529382505,0.0010171612465094283
163.89999999999498,0.006185628182042956,-0.004936697759263379,-9.786425664058127,0.0007448692738069014,-0.0005532274217043243,0.0008191491242184276
163.99999999999497,0.006755180883014709,0.0021111690219627857,-9.793446614756919,0.0014905557931180343,-0.0013680090321784234,-0.0009987682240965596
164.09999999999496,0.0030682475946369222,-0.008820217110042747,-9.806369893343511,0.00024035871704021746,0.00027213272784665585,0.00031683272135123815
164.19999999999496,-0.007458742688506362,0.00908809234184847,-9.818005086198909,-0.0014151674177899107,-0.0011378285657705901,0.0016366516101621678
164.29999999999495,-0.012309367445078045,-0.014387218629016513,-9.812693984438521,-0.00027555614408004915,-0.0002972427139624154,-2.0829178137886664e-05
164.39999999999495,0.00621206041018882,-0.00417866620122891,-9.812557103661764,-2.903871637215632e-05,-0.0011832540096414375,-0.0013156426371297917
164.49999999999494,-0.0048378500181836485,-0.010683541627830792,-9.820591093178715,-0.0020922213651639603,-0.0010173726565854842,-0.000537263310586995
164.59999999999494,0.0029763810037945274,-0.01529871017938033,-9.817313611228279,-0.00024454494442465114,-0.0002513463596928664,0.0008368451157570978
164.69999999999493,0.014539056455567825,0.009791192211206575,-9.820607911273592,0.0013651163286033869,-0.0005842904917769084,0.0004996997565163628
164.79999999999492,0.0007411230557342846,-0.0018631958949738645,-9.80392924641406,0.0001190538577175916,-0.0010782200588498167,-0.001025317061662709
164.89999999999492,-0.017766123014605343,0.00486086109229903,-9.80705799869544,0.0007668952944603698,-0.0010246372688585636,0.000771662198287531
164.9999999999949,-0.014640579656345583,0.007637396847552065,-9.813436370482298,-0.0007134101497793388,0.0003312516964804531,-0.00014659320798114311
165.0999999999949,-0.0022860822314165713,0.008979695293631232,-9.816139241704008,4.615138208382438e-05,-0.00021281211214850483,-0.0021450866602168036
165.1999999999949,0.008679654337007113,-0.005062418864482051,-9.803626765334307,-0.0005629437340589047,-0.00047959249214210716,-0.00027646506707685063
165.2999999999949,-0.003785518703936837,0.0044312130841984996,-9.803416770539204,0.0014098570740009408,-0.000588616200692938,6.54287399241828e-05
165.3999999999949,-0.007377451050562874,0.007096142134200309,-9.810155528801547,0.00043574931265249903,-0.0018450193161688023,0.0010314391104083481
165.49999999999488,-0.010357868295284763,0.0023193601298165524,-9.81186777436165,0.000780839768824046,-0.0004124998762018642,0.0018993828059672973
165.59999999999488,0.008493557499577553,0.009291418304257948,-9.815869803948965,0.0010323500940149187,-0.0010183037419745377,0.00025581177770733635
165.69999999999487,-0.0034155747447585463,0.008091011085696147,-9.804315145322848,-6.981414340613729e-05,-0.0004387987824262264,0.0005841075184438565
165.79999999999487,-0.009200009629052376,-0.002229172600607602,-9.807729842090167,0.0006507088872674397,-0.0001526007527919677,-0.000527730011577245
165.89999999999486,-0.005983851509445697,-0.004983082938247585,-9.815499499202652,-0.0012896453222001353,0.001605153319738636,0.0012683337126449667
165.99999999999486,-0.004262242968225027,-0.015950827471462484,-9.831066673854764,-3.4973796542025886e-05,0.0004506826995114133,-0.00022680761015596326
166.09999999999485,-0.0018751026899027586,-0.016536974984837492,-9.808387596449332,-0.0008205612015472635,-0.0009713828612926727,-0.0009105686577350959
166.19999999999484,0.01641431908508427,-0.006501720250834229,-9.812115754173803,0.0015251636752538363,-0.000497259492399734,-0.0010847956755028428
166.29999999999484,0.008910847634294772,0.013192047218380853,-9.790718040493113,-0.00022395116958869425,0.00035519503730670817,0.00028515898781094544
166.39999999999483,0.002872503678451733,-5.1339960999813056e-05,-9.824218401391425,-0.00020588628019739097,-0.00039889703221267177,9.118470858343201e-05
166.49999999999483,0.0034783271228495945,-0.02958568957637905,-9.82089780198537,-0.0005272390954191989,-0.0004638095948423112,0.0003417211781276218
166.59999999999482,-0.0014283758928103566,-0.0033239357146006244,-9.814024754884509,0.0003805325703813034,0.0008528217496216559,-0.000951034867619574
166.69999999999482,0.007260186232362055,-0.007118722659598876,-9.81247419235513,-6.60541357569986e-05,0.0012965532714385966,-0.0004552477472320581
166.7999999999948,-0.01786262416657993,-0.008011713341852631,-9.80703075045611,6.660786742246942e-05,-0.000580997594317305,-0.0010857642702273229
166.8999999999948,-0.015423270845247533,-0.00732203439367131,-9.815291610872672,0.0001619583415826485,-0.0004585004040598086,0.0006855965987908924
166.9999999999948,-0.003970383827287015,0.005490492493541651,-9.820574835930792,0.001353512767545499,0.00044849087048977955,-0.0008483213386214237
167.0999999999948,0.014550705976760099,0.00577047355935634,-9.805763052232907,0.0009978741240555212,0.0006089810060455348,0.0006497082653569357
167.1999999999948,-0.030647646595962665,0.008390240321558766,-9.816447024709957,0.0003335001070585249,-0.0010462013917961876,0.0009997181995187146
167.29999999999478,-0.0011101760886268893,0.0011189175042196338,-9.812769365152334,-0.0004630447967810564,0.00035011078168277905,0.0009908978658852228
167.39999999999478,-0.013845104365778037,0.0021732224531191007,-9.826546873160321,0.0028666552060664123,5.454002038281194e-05,0.0020594584953461076
167.49999999999477,0.0025429414703472394,-0.008416684699104605,-9.805598361386826,-0.000358385459729609,0.0007375511299838119,-0.0002497665282362593
167.59999999999476,0.012713828126201287,-0.005386729921795962,-9.820038568712336,0.00014402808183116303,0.0008319699764379698,0.0009684690717014713
167.69999999999476,0.0004445691480511964,0.014541093655080904,-9.81681444421197,-0.00013372289867001925,-0.0012645971175192646,-0.0008205956608887336
167.79999999999475,-0.003723659925471856,0.006422656987039993,-9.81287017167581,0.0006450438599852785,0.0002877658269186885,0.00010904256301184071
167.89999999999475,0.006233925830512147,0.02517382589050714,-9.811030387698372,-0.0006647482074153642,0.0008785582502858251,0.00047524352940555816
167.99999999999474,-0.004657635965681337,0.003786978967269388,-9.815582864482662,-0.001528870948117456,-0.00029924504413917274,-0.0005847769605118622
168.09999999999474,0.0058095158153772765,0.01310234555673066,-9.80675724231382,-0.0005757279891684007,-0.000930767210909645,0.0009101914340129661
168.19999999999473,-0.014215051678760297,-0.004118513049181394,-9.826743054879975,0.0007309072245739395,0.001768817636255412,0.0010752208732347187
168.29999999999472,-0.00844504192508056,0.0027014179823119976,-9.805963517028177,7.491509496098474e-05,-0.000586606139553618,0.00030980992050119727
168.39999999999472,-0.00818321096415108,-0.016601181958294756,-9.816746921063618,0.00022801267460704458,-3.6520439045631146e-05,-7.040631168344909e-05
168.4999999999947,7.561824048476838e-05,0.0005570578836982964,-9.83478121283511,0.000739876127172555,-0.0008421425049054133,-0.0016418647943610455
168.5999999999947,-0.005734860181435666,-0.01383604122981885,-9.803167714149685,-0.00010013182179983092,6.402394067254284e-06,0.0007976890218581985
168.6999999999947,-0.0038985724992588,-0.003746936215297944,-9.809643840737563,-0.0005028007203811616,-0.0001413833159523404,-2.9491230354283194e-05
168.7999999999947,0.007582015101226416,-0.01594647514281777,-9.815260103115337,-0.0004973068659329577,-0.0003827234349435985,-0.0004909900266434798
168.8999999999947,-0.015954444435052735,0.006434969744219626,-9.813228893848033,-0.0012977153890112822,5.263048774019931e-05,0.0005838837414122419
168.99999999999469,2.4537069252483054e-05,-0.016465180022573616,-9.811718091705815,2.298710787687357e-05,-0.0005437868145465557,-0.0001038490536365784
169.09999999999468,-0.0025977386167308327,-0.0029181703676516503,-9.811753116055586,-1.534317884512422e-05,-0.0012008544412032709,0.0005803314306879232
169.19999999999467,0.0077488241979753215,-0.004810324054875949,-9.820736525517567,0.0005609734332674594,-0.0008476659017469399,-0.000643166795627972
169.29999999999467,-0.015741837664944767,0.004800273542790546,-9.806497375432249,-0.0016022373874323083,-0.0010113443235138864,7.07781298073017e-05
169.39999999999466,-0.007618171590554145,0.0015358930154841285,-9.816262909350517,0.0007618378160103249,-0.0005516968869803919,-0.001707920477020408
169.49999999999466,0.007948901124735862,0.009378460896302022,-9.805825019742619,0.0013676448079236734,-0.0013902806513043221,0.0006969283983487082
169.59999999999465,-0.008001873417723808,0.01155283663924771,-9.802674025215621,-0.00030156708034473014,0.000884157785265949,0.0007878724030701123
169.69999999999465,0.003547763982134764,0.008374961075192843,-9.8063186587783,0.001109076705322578,-0.0007800751369595987,-0.0013253121536732147
169.79999999999464,-0.005433286056706873,-0.013482983751860115,-9.802643938016146,0.0007965106136273318,-0.00045198338062959445,-0.00016702922796032446
169.89999999999463,0.005413936715588297,-0.0004366118021605477,-9.798216693777562,0.0017381306049553573,0.0005337730083360199,-0.00017805047908773454
169.99999999999463,0.0030600625329662936,0.011030413492865418,-9.8034870365476,-0.0002836392448653652,0.0006565948461028662,-4.992635176041744e-05
170.09999999999462,-0.00525381718688861,-0.011719599493402469,-9.807334791240883,-0.0007225160783565037,0.0006997466027394841,-0.0007424962820584338
170.19999999999462,-0.006082839195464263,-0.02273970729675157,-9.819749169875081,0.0008552224630891817,-0.0001853971499663916,0.0016556772579076199
170.2999999999946,0.017842094762663935,-0.0002036273241330983,-9.824457106259992,0.0007234481871093814,-0.0009296756994078627,0.001171617961479363
170.3999999999946,-0.011166759054415738,0.01325900124025968,-9.797983357416959,-0.000699154016579773,0.000362960681762686,0.0001621483741958532
170.4999999999946,0.008158041770324127,-0.002693690032309285,-9.80448723899855,0.0004143553689686598,-0.0008905760728512151,0.0005301969564641587
170.5999999999946,0.010227609299519118,-0.005335321334944228,-9.803231123889603,0.0003600123944308763,0.00016236207035399494,0.00023856727687212543
170.6999999999946,-0.01487119352912186,0.009884733348628657,-9.798957574928455,5.886341947299728e-05,0.00212122938663672,-0.0007482618265557484
170.79999999999458,0.00826146020061174,-0.007268805238180316,-9.814191157811853,1.731629715336337e-05,0.00011592877914253435,-0.0009818072054191618
170.89999999999458,0.013851266763766731,-0.002450339948136708,-9.807794042743629,0.0010705041623334877,0.0025970266516089574,0.0004452284012827614
170.99999999999457,-0.0023033565674060712,-0.007088267037551131,-9.79962650556643,-0.0001489597630335481,0.0013204291017667328,-8.211354377144178e-05
171.09999999999457,-0.005620839386019493,0.0018869215298936038,-9.827858892543665,-0.00199122585371255,-0.0004169716984091414,-0.0006555246888697271
171.19999999999456,0.01640707758983952,0.003993539942106566,-9.795183107983476,0.0008301929658009329,-0.0002124059048217687,0.001717988332015867
171.29999999999455,-0.002342235947234495,0.008507240999500674,-9.792921836063295,9.66964536243688e-05,-0.0011536340319460308,0.0004182193870945477
171.39999999999455,0.003936978490082477,0.0008440796117857192,-9.790098851472802,0.001027139698275301,-0.00047773698787380764,0.0013839250462233206
171.49999999999454,-0.0019010471363226792,-0.009477484646395947,-9.804532738222344,-0.00035622872328382334,0.0015429105655767564,-0.0007617611551389485
171.59999999999454,-0.005229611203565588,0.017103180544535777,-9.808645835401165,0.0026031765217940355,-0.0014963905853756898,0.001160430917523211
171.69999999999453,-0.002208261688096961,0.0024337691137889033,-9.822501814248836,-0.0005106967446953532,0.0004602875490124959,-0.0006420513895311743
171.79999999999453,-0.0004519192091637242,0.016941638150364684,-9.81457001238163,-0.0007835028446714577,0.0007822084659739844,0.00023146763800121722
171.89999999999452,-0.005092903058312611,0.008289982160367804,-9.83095166436094,-4.568509420840467e-05,-0.0005548163131049446,-0.000524296101195685
171.99999999999451,-0.008545604855791939,0.0003490775130242486,-9.799691300836292,0.0014383062980674458,-0.0034963102906215775,0.0001565541056625636
172.0999999999945,-0.004044457965585031,0.0018514149473245931,-9.801683158006128,-0.00015674793018625137,0.0004388387472269962,0.00017662047605409512
172.1999999999945,-0.003913782409275793,-0.014485893455186421,-9.818442338293032,0.0013671750925150486,0.0005551031806349386,0.002089054395245276
172.2999999999945,0.000781680865682812,0.013835456807071751,-9.811938974494122,-0.0008992165540537763,0.0008927399749754025,0.000835573766336961
172.3999999999945,-0.006411471986573224,-0.007831051936204451,-9.806162839426541,0.0005892899311125531,0.0002366528249202593,0.00035853291292000224
172.4999999999945,-0.002762644631538263,-0.014709329849587489,-9.803732354628734,-0.0004583164459636923,0.0007276150853051176,0.00020360292255972566
172.59999999999448,0.008300223487529582,-0.006745552022860121,-9.796447751556373,0.000999076998463516,0.002935961701616546,0.0020568136360253992
172.69999999999447,-0.015769919681956516,-0.007523605849014974,-9.810149487243416,-0.0008904340278995872,-0.00019316063918515037,-0.0004522438999650213
172.79999999999447,0.0014416190885665715,-0.006740688554426436,-9.817329943349156,-5.606014249806575e-05,0.0007897315718049579,0.0005067087814806854
172.89999999999446,-0.012766503392522128,-0.007349709100126175,-9.822099524586244,0.000559472362992549,-0.00010323229176703676,0.000301624942365622
172.99999999999446,-0.013526088200834499,0.0074043259713287455,-9.814385517887828,0.0004028318697923631,-0.0018838252688494045,0.0013830604527747322
173.09999999999445,-0.006987435713123969,-0.009263341255161218,-9.797728969731406,-0.0005687130137007144,-0.00045189847291637143,9.084283522314909e-05
173.19999999999445,0.008500334829483303,-0.006078573494783514,-9.81003467992594,-6.550209118815578e-05,0.0003120304201767403,-0.0006058448779259548
173.29999999999444,-0.004826362171543842,-0.01802164025511962,-9.815725072067172,-2.9041853061248543e-06,-0.0005456274603922233,0.0007636980640092536
173.39999999999444,0.0039878259044708025,0.0011453131963759797,-9.822719106496404,0.0010879142272173887,-0.0013998025672117627,-9.008423223327367e-05
173.49999999999443,-0.01563184198934742,0.0036672929038726065,-9.816441317880491,0.00015116496602436124,0.0006553035809559656,-0.0003832324683101803
173.59999999999442,0.003339792743967959,0.001552599038683504,-9.797208361676107,-0.0006101710592947014,0.0015476163259469998,-0.0006348719336791251
173.69999999999442,-0.0033431378650951625,0.005881477026193852,-9.79507307549864,0.0005870639184214048,-0.00022054657346123134,-0.0015093097577671339
173.7999999999944,0.014607775974254718,0.0018964903735892212,-9.819805132575963,0.00013963042180499766,3.685277208297752e-05,-0.0011410698841299734
173.8999999999944,0.013477450319813936,-0.009577677381635083,-9.813171784745256,0.0008196407494986125,0.0011222741318735842,-0.0015519517664507054
173.9999999999944,-0.005800961440641299,-0.011588051485326203,-9.814913962833183,-0.0006199362531758498,0.00039642722874119404,0.0003847426836274115
174.0999999999944,0.012811440504217033,0.016272093009048798,-9.805417650817702,0.0006989329836499666,-0.0005219313951930046,-0.0006862210799385061
174.1999999999944,0.008777759568454061,-0.002054686502664149,-9.802079639611867,0.0018193088177340423,0.00038766647912665306,0.00048047762850836687
174.29999999999438,-0.004552501205855233,0.002700799822269647,-9.80465563920966,7.013100391424605e-05,0.0015366298829176893,-0.0005895576387994552
174.39999999999438,0.008719304340469481,0.020828834035198564,-9.812316721223771,-0.0003881818727103814,-0.0005622572541666928,0.000263772180082292
174.49999999999437,0.007801179546522613,0.003980616879521321,-9.80563421120069,0.0012649707050605028,-0.0004960880204658254,0.0012013362720372767
174.59999999999437,0.009214807954550808,-0.006464036525072052,-9.80523502424044,-0.0001211810838110184,8.079731733154733e-05,-0.0012539357570547644
174.69999999999436,-0.021101868008679955,-0.0022349212486340686,-9.798753264273742,-0.00044956900034302973,0.0012068808578257042,0.0001796570994200154
174.79999999999436,-0.0050290791290377055,-0.00211920167982088,-9.80540002915647,0.001388289302035849,-0.002316034700558053,0.00014981565127961978
174.89999999999435,0.005062316253347957,0.0024917217549669433,-9.793988425279261,-0.0009457080153766801,-0.00019028126921022292,-0.00038315655988098267
174.99999999999434,-0.0064329869527546945,0.013482190942849241,-9.805499409553304,-2.696046363359785e-05,0.0013412098734873214,0.0005855772923018983
175.09999999999434,-0.0029686401296873132,0.011006704784776663,-9.816329143888812,0.0009033698212298066,0.00010331801377544567,0.001234869707043673
175.19999999999433,0.0013045597291324736,-0.01323639853622817,-9.810696100463712,0.0002831677842218217,-9.09236015428473e-05,-0.0017130479996464599
175.29999999999433,-0.028094991768769912,-0.0004024121286797544,-9.810189758400675,0.0008043836610551611,0.0007123330132572547,-0.0013298393345663728
175.39999999999432,-0.0020035637116663737,0.01654377003517073,-9.79049455513313,0.0006959396433682141,-0.0001828528613845511,0.0012421012993519233
175.49999999999432,-0.005069406301611846,0.0063345240252676155,-9.80602609910706,0.00021930426120527464,-0.0002804423919541403,0.00035881026793298915
175.5999999999943,0.008717780413340035,-0.005205405053295189,-9.814027168549346,-0.00025942088099526346,0.00016307684210557435,-0.0003342935720522619
175.6999999999943,0.008724180849621318,-0.012349221201800296,-9.808935335914104,1.768354490603148e-05,-5.6184614340752995e-05,0.0010065825600153878
175.7999999999943,-0.013562761771504665,-0.00014336959901521386,-9.823065402567234,-0.0009759196721801047,0.00027698919237016624,0.00010055393757499599
175.8999999999943,-0.0032576704951931125,0.017558554300178525,-9.819382418652848,-0.0006089554206984424,0.0014624602682491489,-0.0009900204195664529
175.9999999999943,-0.012643833858109594,-0.010760569576175955,-9.806998666737758,0.000752070696525129,0.0007989642561558523,-0.0003787296159567274
176.09999999999428,-0.0028731674218911065,-0.008391604900320856,-9.803487273266263,0.0005384221865043714,2.7394359402402264e-05,0.0009292831987382804
176.19999999999428,-0.0125237379427092,-0.005217273667342563,-9.80155595044627,0.0006597220370850833,0.0002081369115102449,-0.00327631303031701
176.29999999999427,0.008055161139492381,-0.021350187330070627,-9.81298823072119,-0.0007848678482111214,0.001003602560798398,0.0006456178915360505
176.39999999999426,-0.007381980794353836,0.0014326584798436109,-9.803377128163024,0.0015135178718844117,-0.0008455014462159584,0.001421599858652516
176.49999999999426,0.005750292410415387,-0.0029135511438559357,-9.813964673561198,0.0006291227510603642,-0.0005892582997253985,-0.001364692660571235
176.59999999999425,0.0042599945343455535,0.005831325880252812,-9.812060355664125,-0.00029161204625237765,0.0016712787324277482,0.001370722052162101
176.69999999999425,-0.016908129579150662,0.01265132118874985,-9.809115628066419,0.0010751362702829126,-1.9345913738604886e-05,0.00021732920976432163
176.79999999999424,-0.022801489816822215,-0.017899913821122396,-9.814968895899327,0.0010626130690122818,-0.0005825264780150236,0.0016217278632519757
176.89999999999424,0.0025659424922997304,0.01497900882730866,-9.818921990937913,0.00019217791464798664,0.0003259844840946592,6.442105696055888e-05
176.99999999999423,0.00824345867142896,0.007059533263596325,-9.82343637559,0.002871145349652581,0.00031476395135617577,0.0004363043920383332
177.09999999999422,-0.01128409467292742,0.0066236141102018285,-9.803207500247154,0.0008735889232238033,0.001136059502884568,-0.0018443719323352733
177.19999999999422,0.011509181680376306,0.005649283702446069,-9.825716355908112,0.000501576684497354,0.0004292921594612555,-0.001527473077379677
177.2999999999942,-0.009098785849320796,0.008923534846745462,-9.79657693079049,0.0009256241874928416,0.0008715973854306637,-0.00023638228828662665
177.3999999999942,-0.0075778532630219175,-0.004133799821506161,-9.817331183520674,-0.0017976810182234828,-0.0005044655287619231,0.0016196601561589852
177.4999999999942,-0.007851834992429944,-0.007791298671344223,-9.797146504014547,0.0013702454293167009,-0.0014727197176127394,-0.0005558196863225577
177.5999999999942,-0.011429471281523503,-0.01163566437898707,-9.811298545627977,0.0012724222368629082,-0.0007752054093208705,-0.0011583367716769572
177.6999999999942,-0.000691276840522318,-0.010620696683749948,-9.828009681168318,-0.0009462153203650972,-0.0005979877289780986,0.0011433390945542047
177.79999999999418,-0.007457792618704186,0.02265115414257646,-9.809486991821467,-9.856326194785016e-06,0.0015259423208107117,-0.002391084453821993
177.89999999999418,0.006231803286062786,0.00885658094722171,-9.805723342238164,-0.0009754884447871155,-7.86406509864491e-05,0.00047639152552926263
177.99999999999417,0.01689917828257085,0.00595095100460314,-9.820032570281334,-0.0006000680566351284,-0.0001029206249199397,0.0018973021750993385
178.09999999999417,0.00015229181154059252,0.011718008127860292,-9.785620156652522,-0.0007558377635238414,-0.0016975794897445974,-0.0006182146071668938
178.19999999999416,-0.004329352708338153,-0.010396479089616013,-9.800814421968342,-0.0002193389187585983,0.0002743503748721886,-0.001385919571021868
178.29999999999416,0.0029841013835547998,0.007040768376338704,-9.823880518073004,6.710619075051291e-05,-0.0007545647736538359,-0.0007427902213644969
178.39999999999415,-0.0007795323060529585,0.008974863095881122,-9.792833749378085,0.0011121782986893262,0.00021264218326705493,-0.0014105882008975002
178.49999999999415,0.01863204208066094,0.0065427362808424695,-9.815384603681654,-0.0007804688242075057,-0.000364452627974477,-0.0007498959584477941
178.59999999999414,0.007633466108716513,0.009349646387998362,-9.810372621727565,-0.0009475807169201597,-0.0014381405700155784,-0.0007866917436658453
178.69999999999413,-0.000513652725236481,0.02719882918726252,-9.815046305419921,-0.00040480463819955693,-0.000830405932241106,0.001230231492255756
178.79999999999413,-0.02350780170238337,0.005042489893345258,-9.809404680514195,0.000976795112737289,0.0005314020531852313,0.0010739482685406742
178.89999999999412,-0.010739350867175755,0.004243197407729912,-9.827235996045141,-0.0009596176513559749,0.0002418084219630113,0.001060761394554096
178.99999999999412,0.008612468524719372,-0.004689981705808882,-9.806223742371033,0.0010290144905898044,-0.0007674611965815919,0.00016476443190005445
179.0999999999941,0.0032205701932590263,-0.013813062250764696,-9.814477100746842,-0.0002835572671983824,-0.0002836561283577469,0.00041005560366615373
179.1999999999941,-0.004315664366300996,0.007880793272671872,-9.82100387917612,-0.0009555227110464778,0.0005113765859335028,0.001085942768428035
179.2999999999941,-0.006792820234070415,0.01569994954871926,-9.786406140462681,-0.00028939677194930074,-0.0003458249288947609,0.003143659244958421
179.3999999999941,0.0012789053961474318,0.0008758205961559389,-9.809956927001915,-0.0016035835589388002,-0.0012286870226046048,0.0006723859903741585
179.4999999999941,-0.002596300261535295,-0.030175759691463654,-9.81327025880882,0.0015354857844357317,0.00041404152966614095,0.0008791882775189998
179.59999999999408,-0.006742024552022974,-0.007826337630996157,-9.812685356320047,-0.0004252801840539405,-0.0016575638720270486,-0.0004997637303697479
179.69999999999408,-0.003613287480421925,-0.0118319539345582,-9.796116382271846,0.0003318439533405562,-0.0004113322131865904,0.0008487338374889483
179.79999999999407,0.020005015107051882,-0.010396268740766698,-9.787125632262565,-0.0003524333821732793,-0.0005016081871363051,-1.645221322802751
179.89999999999407,-0.0045869159664604295,0.013075186307264295,-9.808080315645203,0.001226749221875369,-0.00021033555988262775,0.0003478486564494794
179.99999999999406,0.002208840744705124,-0.0008901984793370519,-9.782269853670424,0.00010475275799320367,0.0009978533994481006,0.0003194684755585758
180.09999999999405,-0.0012994966838857517,-0.012197437310098256,-9.814158685448163,0.0009260118691070564,0.0005061560585264124,0.0007283864908821652
180.19999999999405,0.006842637126351234,-0.0038264845553830236,-9.807733660210058,0.0018080445617482583,0.0017036150706380097,-0.00017159222037511348
180.29999999999404,-0.008593719038358736,-0.00010378612393938306,-9.818722750869076,-0.00011533398768066242,0.0012618941363860966,0.0004683796342181722
180.39999999999404,-0.011448524249115175,8.748893992271361e-05,-9.80893492228228,0.0014856307236907806,0.000389991345472717,0.00047200223756059664
180.49999999999403,0.005825682452430918,0.0021270220226711502,-9.81559632214049,0.0005035851750439924,0.0004085882931414942,0.0019170407110283279
180.59999999999403,0.015097741173153118,0.019779256594186508,-9.79561337195125,-0.002206198678500622,6.690605040297425e-05,-0.0003567499315110205
180.69999999999402,0.00320511396115929,-0.016833335697967605,-9.829679349521541,0.0016036141919821335,0.00023841285132916964,0.002317406616464641
180.79999999999401,0.0015637225483086086,0.011558392602563385,-9.81925518666397,0.0004743123932121857,0.001556720309412052,-0.0008539627819932515
180.899999999994,-0.0025692974871305745,-0.0005458122181968754,-9.807225095822718,0.0012916857669484044,0.00019666842472216393,0.000602167172212172
180.999999999994,-0.012846747135705269,0.005093312415510565,-9.798702320967012,-0.0005180920120703098,0.00151787867431705,0.00271053092231166
181.099999999994,-0.0008863063274428211,0.007936213745329306,-9.808477246617183,-0.0017101234691617516,-0.00012128206427877274,-0.00022505322894364615
181.199999999994,-0.008912409460306149,-0.009753410499297758,-9.823022180893673,0.0018157219401389658,0.00048137680449287037,-0.0005408372759640769
181.299999999994,0.00831040355327226,-0.008997380739202122,-9.819397725862961,-0.0008276320681833199,0.0012503734405398383,-0.0004053007604113463
181.39999999999398,0.01154693235785599,-0.0036863890407128697,-9.812082848258076,0.0003488476263420071,0.0002735592071472174,0.0014648927368040312
181.49999999999397,0.00912499272432429,-0.0016590986164288569,-9.813255636425009,-0.0015631064818313195,-0.0006932248803376833,8.659504214764083e-05
181.59999999999397,0.0005391626892127991,0.010584743735051548,-9.780078307223082,-0.00011866752322544701,0.0011694364653587292,-0.00022334823003860628
181.69999999999396,-0.008707070700647333,0.011345959866735813,-9.799429116513975,-0.0005784983172545792,-0.0004883882809163155,0.00028283277141739275
181.79999999999396,-0.0024056587559464445,0.00787682362675976,-9.826779166857362,0.0006842865298434234,0.0005424181051428709,-0.001731822199425203
181.89999999999395,0.0032371343803515406,0.006737759614263694,-9.811650629818702,-0.0008443117960853305,-0.00011850452083402492,-0.0007373955855236443
181.99999999999395,-0.014852244037946927,0.01170215342983971,-9.801018866172836,-0.0016575954472324722,-0.0007635253416109869,-0.0007931149194198005
182.09999999999394,0.02205115739948524,0.001993391343260377,-9.829465252967033,0.0011817492436018886,-0.0006994745814808467,0.0005767032003273775
182.19999999999393,-0.003232306481593035,-0.0007968809905973117,-9.815113566551238,-0.00015492566992391627,-0.0007139350399219719,-0.0009086950394155498
182.29999999999393,0.016496126573932065,0.02082173886309992,-9.807578855152247,-0.0023890519685834267,-0.0010936304093957035,0.0003141311764892398
182.39999999999392,0.007654790094177898,0.016041365295274494,-9.831152164342148,-0.0005060716279265401,-0.001705963132179943,-0.0008971968581772433
182.49999999999392,-0.01690838508609019,-0.004353054885914028,-9.823850405557998,0.0007553534523360958,-0.0016655622003438567,-6.471438617111366e-05
182.5999999999939,0.020661878561071028,0.009527129590866984,-9.813466068966193,-0.0005670227821504201,-0.001995025798725627,0.00047544573483168927
182.6999999999939,0.013468022130077655,0.0050322584947059806,-9.803994367699913,0.0016138893451581508,0.001719825451460919,0.0006333739611721882
182.7999999999939,-0.0020745898229951485,-0.008663285362797932,-9.796593652012783,0.00029992307067321794,0.0002560944534400568,0.0007759183028369616
182.8999999999939,-0.009151821799470437,-0.01352664413686627,-9.805585993915386,-0.0008232502611456656,0.0017217125190490683,-0.00044431259708272493
182.9999999999939,0.020993711030805558,0.00212485866373295,-9.807741301491921,-0.0012132861430081136,-0.000972727821110847,0.0005909486592633414
183.09999999999388,0.01396528606141271,0.016150277410462398,-9.811025508409038,0.00022402624696871945,-0.0014183549603922708,0.0008043231625854946
183.19999999999388,-0.004884617734946248,0.013106814915125163,-9.812555551755475,-0.0007413410265004712,-0.0007541340998167236,0.0008123668268555583
183.29999999999387,0.0036893353983979372,0.013063123629227083,-9.830187867885643,-0.0007110155908752357,0.000194190404749383,-0.0008398093581408742
183.39999999999387,-0.0013341909229740371,0.027207361738308795,-9.802506110578175,0.0002811408759175298,0.001716410611706404,-0.0015367710887300786
183.49999999999386,-0.008106817279976976,-0.015125263250861732,-9.814664812622867,-0.00047139675243175716,-0.000795628087157706,-0.0006556124467945247
183.59999999999386,-0.007916437757446559,0.008565646484525905,-9.806754574085653,0.0015794432225856262,-0.00015454210618074537,-0.000201125351590779
183.69999999999385,-0.00782071262307491,0.012147171303321292,-9.808376489499869,7.000525584327661e-05,0.0006457404602659065,-1.7211591650209885e-05
183.79999999999384,-0.015405153306485397,0.02789597359862815,-9.823271638138829,-0.0004764338187558491,-0.0004984962483676839,3.2378996861311766e-05
183.89999999999384,-0.0042208988947549896,0.008301153187236204,-9.815526866168945,0.0013852524895295048,0.000968908027077701,4.1989576059078146e-05
183.99999999999383,-0.011222423751279716,0.018487533203467552,-9.800166070731054,0.0009657142530845477,-0.0007792167509647115,-0.0008876937958541101
184.09999999999383,0.012711757120739266,-0.025018971790885036,-9.801569246498563,0.000868583657096941,0.0006882116894497882,-6.240061304942875e-05
184.19999999999382,-0.003623193650201906,0.009379227348502274,-9.808662983562755,-0.0012579666774311965,0.0008406959014764176,-0.0010135983812786474
184.29999999999382,-0.0119099436134965,0.022250618095177508,-9.805498315559856,0.0006068005240895853,0.00022045865195653258,-0.0009298772229575559
184.3999999999938,-0.0034392836751680317,0.004526991441647174,-9.825491108232244,0.000783064315242647,-0.0013997062273755354,0.0014126498412018395
184.4999999999938,0.006919079517202145,0.01019668522313757,-9.796496882172017,-0.0006503993052234722,7.301344221336914e-05,-0.0008229505788519176
184.5999999999938,-0.005044599260144362,0.004155304256977365,-9.807246519366911,0.0012960837494911297,0.0001851120906377179,0.0013596862782668368
184.6999999999938,0.0010146159467759644,0.0087906463595744,-9.819490799620398,0.0006617427347379174,0.00034793484873375623,-8.726064189277482e-05
184.7999999999938,-0.007924464347361713,-0.0012205612804406013,-9.811652099217207,-0.0005874633577935027,0.001095993159257556,-0.0007190105622524053
184.89999999999378,-0.007150663049160173,-0.012407633469280031,-9.816578951281898,0.0003669980743390495,4.693483625360604e-07,-0.0004709106096781066
184.99999999999378,-0.004476259024708793,-0.001501541391388125,-9.810011511960683,0.0005063425141225433,0.0009445430009527771,-0.0013472551303381761
185.09999999999377,-0.007180484684024624,0.007169324908283579,-9.813927254984439,-0.0009034230413542693,0.0005376430784913418,0.0005176347152556314
185.19999999999376,-0.001624426600032705,-0.009477684398794041,-9.81923786831113,0.0015655000024545635,-0.0006221108518737321,-0.00018670299901885938
185.29999999999376,-0.002802785193400091,-0.013351173210233004,-9.820122179798126,0.002625111454965914,-0.001322168612820696,0.0014604140325953424
185.39999999999375,0.0026471339662066363,0.006102348073781242,-9.815415065805873,0.0011160649177718936,0.0006979527249656559,-9.312145762308395e-05
185.49999999999375,0.003393041458098247,0.004110363532866992,-9.810049559046465,5.6027771831367466e-05,0.0017738103550024858,0.00027208314053467006
185.59999999999374,0.0015790090950136022,-0.0061329010130031884,-9.794112315413072,0.0013799024733352355,-0.0012660145380837384,-0.00018867946031881266
185.69999999999374,-0.02156856221342411,-0.01618799999961546,-9.795298264317058,0.00044331882832551186,-0.0009055009663066088,-8.75568474653501e-05
185.79999999999373,0.006335470715916479,-0.0074505948735393256,-9.798024244016261,0.0016699656447252379,-0.0011563270814538926,0.0005639699073585131
185.89999999999372,0.02320691775536146,-0.011639369825198167,-9.806319101272175,-0.00010875238143356174,0.0007744506945403831,0.001393421184577138
185.99999999999372,0.011290217175987938,-0.01770279056354229,-9.797477167666386,-0.0012111274106017184,0.0011214093491274484,0.00047704080005833054
186.0999999999937,0.003912841478792149,-0.012336850427465074,-9.814456508929293,7.204148395635486e-05,0.0009604292311662011,0.0011204756613188256
186.1999999999937,0.001523655473224056,-0.013661260087187052,-9.807039131753916,-3.23029713784899e-05,0.001850658018932134,0.0005470398082529764
186.2999999999937,0.008213996789114865,0.0053247593764133416,-9.820837275829877,0.0006604452692319224,0.0018832474345823404,-0.000379195917244753
186.3999999999937,0.002594495885001682,0.0031445949082798135,-9.826326804438246,-0.001004643705400798,-0.0006317994699931355,-0.00189611914557145
186.4999999999937,-0.020622756158533893,0.008541690313615433,-9.807125825861672,0.0006680032971312813,0.0012887628198077201,-0.000611129365011955
186.59999999999368,-0.01696727050614799,-0.00046035287449469007,-9.801430440885348,3.8184521895784766e-05,-0.0008957855317163013,0.00035429079042890814
186.69999999999368,-0.02135520500074138,0.0022485621171439295,-9.794238420415166,-0.0002463500179184761,0.00105112151321517,-0.0002840724618710389
186.79999999999367,0.017268667704559072,-0.007431808429753263,-9.810663559263977,0.0007495214118984096,-0.0010306503310980595,0.0007314827825768174
186.89999999999367,0.007831928079950314,0.0026003851953766643,-9.785419212083744,0.0009955091715310516,-0.001751009003791379,0.000410903819542777
186.99999999999366,0.008954407892639231,0.007055038244104665,-9.83060341418631,0.0002635606816227481,-0.0002475858107205173,-0.0005287057098735444
187.09999999999366,0.012692099101803163,-0.007069318085638026,-9.801524996737923,-0.0008760406507688399,-0.0008992266735250112,-0.0011169405676994917
187.19999999999365,-0.0055966651623199845,-0.005838053242894481,-9.809794900368733,0.00045803404201273456,0.0005827364548794488,0.0006029076502673664
187.29999999999364,0.005624845849542305,-0.02305079549129013,-9.815101997366199,0.001028070108427202,8.789423560160228e-05,0.000645905832974841
187.39999999999364,0.002589625040305332,-0.0002610590389734863,-9.8226011011149,0.000146359042724021,-8.61591473219579e-05,0.0010385298229190468
187.49999999999363,0.003084423522148091,0.004051267451195497,-9.816838780098333,0.0006070297602958563,0.0016598896128127024,0.000831636092029711
187.59999999999363,0.010498445497394282,-0.008461793943496195,-9.809363230970527,0.0011101808195011294,0.0008991674483252952,-0.0014798672262862525
187.69999999999362,0.020772786916041973,-0.012111119031870149,-9.809820760711325,0.0007522607638680258,6.629644601346426e-05,0.0007785799686575302
187.79999999999362,0.002111108737622925,-0.001635465926003083,-9.809071089929676,-0.0005988783457462737,0.0009071555998897731,0.001245403758159187
187.8999999999936,-0.004295947965505345,0.004038864406299833,-9.810774171332932,0.00049192069809092,0.0002851005429711312,5.3564963187764335e-06
187.9999999999936,-0.014123352879455589,-0.013095396679593512,-9.806781038584084,0.00041564916308473645,-0.00028152567212846164,-0.0008484070967402602
188.0999999999936,-0.0007038791099908935,0.0011142089416633942,-9.818294669899155,0.0003252546021021584,-0.0008706140671546704,0.0007261264876324473
188.1999999999936,-0.01161447485464561,0.0035204440129336235,-9.814245123693743,-0.000657355964039253,-7.537504977108773e-05,0.00044300566096289407
188.2999999999936,-0.015059283940754103,-0.016636189167484997,-9.818558113596945,0.0003063585593619681,0.00018752493946242165,0.0002364698387026436
188.39999999999358,-0.004291266569747804,0.005096917351338337,-9.818985162446248,-0.0006042324232162216,9.775902470363971e-05,0.0010284994590800361
188.49999999999358,0.009466131277604149,0.009853618551228108,-9.805160251437385,0.0009530844159946801,-0.0008930144091826302,-0.0008771432232849715
188.59999999999357,0.004308634838833158,-0.023929784271043482,-9.813461118607886,-0.0004820067085798481,9.859850994859254e-05,-0.0007374574349795179
188.69999999999357,-0.0025932148776404247,0.007402861118393519,-9.79363283993615,-0.0002430425186425697,-0.00026441880445104033,-6.026393591955975e-05
188.79999999999356,-0.002403737778253342,-0.004277340682397954,-9.810402222325061,0.00032399980258007624,-0.0017140410234836416,0.0006464553097549069
188.89999999999355,0.0030057456884853414,0.0104180907674114,-9.8241362851784,-0.0026943761561745096,-0.001436834979529101,0.0007351980716166073
188.99999999999355,0.008064795501983272,0.008460916470680839,-9.807388677574668,0.0008520365222446941,-0.00012455457387318321,0.0011983868724076954
189.09999999999354,0.019877913875017517,-0.002894709446465164,-9.80132805179599,0.00044510969058945363,1.0797869005245145e-06,0.001808591252036131
189.19999999999354,0.0046660670758083556,-0.000438658283072014,-9.82833634434807,0.0012322350647002622,0.0014850917553340683,-0.00024125844075646269
189.29999999999353,-0.010819156263334271,0.003222600975336363,-9.818306293243792,-0.0015500843012753885,0.00041403797256583637,-0.0007319154000824289
189.39999999999353,-0.0124146400029309,0.0035123798145401653,-9.810814828333688,0.0011072517840947894,0.001265730387151482,0.0006026966020717232
189.49999999999352,0.0023449376676038572,0.008932598711456062,-9.811387816808189,-0.00017094629831202894,0.0007297757970181703,0.00016700656348306805
189.5999999999935,-0.012656384176544189,-0.00219537764451769,-9.82855260597218,-0.0002044276285937822,0.0002393934644808631,-0.00025613653348158027
189.6999999999935,-0.004436999740804753,0.02232245131712854,-9.809395407118613,-0.0010553415035731467,0.0010177074864425562,-0.0014961979645251458
189.7999999999935,-0.0003135297620270601,-0.00436897400210313,-9.80088032635796,0.000391069296020885,0.0008368178350661406,-0.00012406173298977837
189.8999999999935,-0.0036577222350377943,-0.003494733888586942,-9.811778232039442,0.00039632391682704594,-0.0010515427390629594,-1.0432733252124313e-05
189.9999999999935,-0.007801185995294163,-0.00966502518017483,-9.790551053029501,0.0014112292983162323,0.000486749073207723,-0.001518065168346367
190.09999999999349,0.005463169960819442,0.0017952150787055553,-9.818833048308763,0.0020157375637920205,-0.0004945339427132594,0.00041670049957662745
190.19999999999348,0.006133837032458087,-0.006073451817727559,-9.804489676856575,-0.002202878646811958,3.092674929050412e-05,0.001327712638844937
190.29999999999347,0.0003736640598012327,-0.013791066370031727,-9.814050344049853,1.0153550173854758e-05,0.0011655626360388344,9.251204080075818e-06
190.39999999999347,-0.00014566495110170525,-0.0020517177242609912,-9.821348615074704,0.0003579759606572786,-0.0007061875325095876,-0.0009834565868605185
190.49999999999346,0.0016242022058364845,-0.02995027263880545,-9.793678401637363,0.0007914874508832658,9.601910528608172e-05,-0.0008522904303210526
190.59999999999346,0.0023494061432188145,-0.019371990436806097,-9.809470131774814,0.0014336624209356674,-0.0003650203518355623,0.0010738308237629517
190.69999999999345,0.009019615259693992,0.006035936057449121,-9.817736933600216,0.00028309382002963376,-0.0003411886808737197,-0.0011038672486390528
190.79999999999345,0.0058235553001005,-0.012753611538604182,-9.803624400933193,0.00047910625072550343,0.0005427136116636757,-0.0002738086448114533
190.89999999999344,0.014197140125526815,0.01361427337446698,-9.804793995609845,0.00024897564955669036,-0.0015045982348153902,0.0008377104045928365
190.99999999999343,-0.02134519262980508,-0.0022816570744688017,-9.806438234232001,-0.0008503179286423944,0.0006019761982276555,0.0002873642313887986
191.09999999999343,-0.016315257036170386,0.0024777784980515227,-9.809405854758056,-0.0009029258213001595,-0.0009252144962015057,0.0002558877789893351
191.19999999999342,0.0006092961404531019,0.008849400105326088,-9.808857727172697,-0.0011809553732100412,0.0005754194556556494,2.2284069561026615e-05
191.29999999999342,0.01097342332694737,-0.005323470821764796,-9.807759150412021,-0.0017932946171249345,-0.0010739553885510602,0.001048082095794217
191.3999999999934,0.01011407149587409,0.016471734718854155,-9.820082173086703,-0.000394981823220383,0.0005432624144353167,0.001698139836720946
191.4999999999934,-0.0128577404140249,0.0007917125069031464,-9.817452253710323,-0.0011676540607350985,0.0012059203911168191,-0.000501793970823321
191.5999999999934,-0.003783050325437434,-0.009024730631323736,-9.808231560072477,0.00033955848635432856,0.0016685940686099457,0.0006550882288918885
191.6999999999934,-0.001281629645396986,0.007249319496784412,-9.808368407360495,-0.001755090391980324,3.7948067947487585e-05,0.0009510357484151943
191.7999999999934,0.008638054902546802,-0.010834096850722206,-9.79524695808403,0.002042749854335254,-0.0005319198269809188,0.0006844611884900915
191.89999999999338,-0.011553378923269526,-0.012498233561434266,-9.800287797735418,-0.0008519761730021982,-2.9051965566968893e-05,0.0005136850418124543
191.99999999999338,-0.0007136304584061904,0.01837228942729154,-9.828270192246363,-0.0002588691982630017,-0.000549257776910195,0.0007326357865107345
192.09999999999337,-0.002549173126190824,0.009522375458989358,-9.807817138776572,-0.0005955324766013951,0.0001270558591470248,-0.0010267746580940186
192.19999999999337,-0.005091749807672149,0.006603945911162482,-9.814201848198437,0.00019632747251558942,-0.0006515596492747534,-0.000127918623601616
192.29999999999336,0.01075860969479659,-0.005959785696052692,-9.809540228676392,-0.0007200468758968777,-0.0008603269987582746,0.0010712376348244294
192.39999999999336,0.0007964028357508568,-0.0037694496377434963,-9.817937676931711,-0.0009270251259889433,0.001698792016116537,0.0015086142530945162
192.49999999999335,-0.004095987621960104,-0.007241691403350003,-9.81466167470962,-1.154973969185428e-05,0.000860549746853226,-0.002592215455449497
192.59999999999334,-0.0073078256472675,0.018689195741856623,-9.791136018249157,0.00022314477953504447,-0.0011325068017339495,-0.0006825923792473604
192.69999999999334,-0.014627890462919187,0.017678361771763268,-9.837132152931098,-0.0008309293078732848,-0.0007188690336937014,0.0002998131910267911
192.79999999999333,-0.00377854589976801,-0.007046714235256172,-9.787446299152917,0.0005870860062574846,0.0006434501050556799,-0.0008037058567659075
192.89999999999333,0.011678458690511354,-0.0005455153855496065,-9.802498445747036,0.00048753286357896045,-0.0008587015210138269,-0.0018693740300954867
192.99999999999332,0.013063500310850677,0.012198216616447082,-9.796471462842705,0.0006839870898197915,0.0015099577520949134,0.0017752451805475155
193.09999999999332,-0.007211656041519693,-0.009023817777979502,-9.822871812176546,0.0011860806541421469,0.0008049369281947318,-0.0006565286167724887
193.1999999999933,-0.013576480714843273,-0.007388054678362695,-9.797498677585013,0.0010623430348753265,-0.0017590034256326074,0.0016303294990184097
193.2999999999933,0.005731661473492594,-0.008963025780352525,-9.793054308507793,-0.0009487850374055813,-0.001665876449368677,0.0007798415331632905
193.3999999999933,0.00989166465872644,-0.0036222504777214787,-9.820629429491191,0.0005032736034562258,0.0010960163409695278,0.0003278093977675905
193.4999999999933,0.0025176337168402087,0.002701494537888458,-9.820002505642705,0.0002685882362542149,-0.00010957175303453857,-0.0016938427123506586
193.5999999999933,0.015312865167205437,0.018698432633671352,-9.811419101245521,-1.590070599909475e-05,0.0007809344867405686,-0.001110428100576808
193.69999999999328,0.011230594191618008,-0.004817593963187821,-9.799258870735287,0.0005141787676624552,1.665647713933027e-05,-0.0001413241160015487
193.79999999999328,-0.011700082557054419,-0.0011223574020237403,-9.818543323097368,-0.0006030711681495579,-2.4480217578314018e-05,-0.0006294565339957651
193.89999999999327,-5.479342748766744e-05,-0.008316511156138644,-9.797451802245634,-0.0006965093641037221,-0.0014942868517435436,-0.00015233672395142676
193.99999999999326,0.011041367146213154,-0.02113697090231564,-9.800270947448482,-0.001660185792946173,-0.00011371697880680115,-0.00032805268051242
194.09999999999326,-0.007117147411999767,0.0096727809143942,-9.805717835438983,-0.0005351323212621545,0.00014021817268605502,-0.0012217976439502995
194.19999999999325,0.004804075152354408,-0.0021890747245190377,-9.81044970779578,-0.00021871801681539672,0.001968059697926689,-0.00023220735914785258
194.29999999999325,0.007306477738280291,0.019402372848766728,-9.820232668521433,-0.000939878711563602,0.00014598343276849755,-0.0022592131245237263
194.39999999999324,0.013427135295976228,-0.006539751872738055,-9.798502313391408,-0.0019802613994324776,0.0009330195593425224,-0.0005397920763594348
194.49999999999324,-0.0029631636062436087,-0.002683473579581477,-9.802693444306929,0.001905960138044444,0.0009767866214485197,-0.000800549249245389
194.59999999999323,-0.0019681614432823387,-0.0007493296088709319,-9.791732854792219,-0.00046473349538442743,0.001490832940074949,-0.0014008242639872563
194.69999999999322,-0.009188420931365777,-0.002834307843860453,-9.81284361668181,0.0005448708852744267,7.579325613328714e-05,0.0006061463698958364
194.79999999999322,0.008308998005108962,0.01212956767111683,-9.816836943668468,0.0013712827544808872,0.0004461634515743862,-0.0004910578011219979
194.8999999999932,-0.006152535336397718,0.002142968347500067,-9.822270591535194,-0.0005422333735082554,0.0006402749967054876,-0.0007334050323035848
194.9999999999932,-0.0020448232715806355,0.013340741691800441,-9.80777248689059,-0.001018493152902354,-0.0009740112113887895,2.715414855622437e-05
195.0999999999932,-0.0034990402818392296,-0.026512559598756674,-9.813608988034156,0.0007584470663431192,-0.0004751845876492004,-0.00042807387473087053
195.1999999999932,0.008059738956606971,0.01538740157100701,-9.782013961499574,0.0007047239981898855,-0.0003777153015225761,-0.001113273223471202
195.2999999999932,0.009726202435547908,-0.01976586047429023,-9.806398510945387,-0.001583717892987056,0.0010927963692675864,-0.0015175368824586087
195.39999999999318,0.01961602849660539,-0.017651713911317295,-9.786340546490523,-0.0013689632556160751,0.0013200647374206312,0.0012152639093821545
195.49999999999318,-0.0031534431110583796,-0.015236762770672022,-9.819708935358733,-0.0009366672611068585,-5.782446410993146e-05,-0.0007022907511990921
195.59999999999317,-0.0026900963107600938,0.007607612661417254,-9.819259932514829,0.0007023357403898027,0.0014183708087480403,-0.0012686532516124412
195.69999999999317,-0.014061220013229117,0.010121356290538097,-9.794757690716063,0.00036282229399249707,-0.0021102013359162136,-0.0003262935366148765
195.79999999999316,-0.007475534963040281,0.011494315095435557,-9.824121651869008,-0.0004236947573223581,-0.00035088167537056556,-0.0012120386462273138
195.89999999999316,0.011345039868680106,0.008706493027013323,-9.805323469058846,0.0011028106719031731,0.0009087175579113288,0.0008408771821288221
195.99999999999315,-0.008492774829267085,-0.0036243592559014703,-9.809366503009308,0.0007169450643915243,0.002226571969408754,0.0018343816106144363
196.09999999999314,-8.100298542027071e-06,0.009054174649839012,-9.806886856704127,-0.002517706694317313,-0.0011378357790291795,0.0010166272342927462
196.19999999999314,-0.0016290325826286262,0.007892034850360071,-9.799498893589305,0.0004317614205981356,-0.0006503407136141795,-0.0014188649346602337
196.29999999999313,-0.002883045718671565,-0.01404999336756831,-9.797337137306572,0.0005808710030033401,-0.0007157608282970785,0.0012555256718625456
196.39999999999313,0.0074631362815614855,-0.009932006751858865,-9.809122415890844,-7.445980838181993e-05,-0.0005873298520808258,6.728893876613881e-06
196.49999999999312,0.00907716580192553,0.0036842366333257486,-9.819302965362052,-5.0003737178586954e-05,0.0004648066373326556,-0.0003698299556010519
196.59999999999312,-0.013595490873417727,-0.003851136440360302,-9.820770542231696,-0.0009399739957767706,-0.0009595617771807293,0.002188266418128619
196.6999999999931,0.016119424397947196,-0.006066508262162783,-9.80869821924856,-0.0005214943446192081,-0.0012806870674806786,0.00036475376354795847
196.7999999999931,0.004325598909674125,0.012056390586458118,-9.802620001858177,0.001274134920939648,-0.001726850798687768,0.0013512656511057298
196.8999999999931,-0.007456863381990717,0.00016936606970217427,-9.830347828403111,-0.00026639768097122893,-0.0003110652490150163,-0.00015982231830193426
196.9999999999931,0.006232912127366057,0.003725367976478286,-9.824485769583267,-0.0014511025930402162,0.0008323127010746383,-0.001047761995419575
197.0999999999931,-0.008005049957182682,-0.017584715442690652,-9.808301582143956,5.9534152981020195e-05,0.001948201439593834,-0.0015371095658499383
197.19999999999308,0.024641350144748428,-0.003964448147025391,-9.794034792747112,-0.0011434008336108933,0.0004134948456563354,-0.000840278506116437
197.29999999999308,-0.011572038748788984,0.000767686103866856,-9.808685446104183,-0.0005954982833378128,-0.0021015237688519674,-0.00025017044022875663
197.39999999999307,0.003065060457889687,0.015836664758177445,-9.808220967433659,-0.0003806985257735231,0.0011852972441140132,-0.00016967615379827534
197.49999999999307,-0.0065484667576760774,0.011654453594710363,-9.812797850275041,-0.001088600907651782,-0.00016837556814809063,0.0011852998223391953
197.59999999999306,-0.004611764688238011,0.014791868815852245,-9.797755341904407,-0.0014195814836632922,-0.0014973003761166327,-0.00035841793649722816
197.69999999999305,0.0024312914642558494,-0.014109191703308727,-9.804595901679988,0.0009336818723092874,0.00036641803658620377,0.0004995324031586672
197.79999999999305,-0.018211633918595586,-0.007504133956914583,-9.809074758986332,-0.00042520898063540176,-3.034056701499937e-05,0.00029160648391301635
197.89999999999304,-0.004259234334420181,-0.01708103826209784,-9.7825825294197,0.00041114583642431904,-6.358009251069324e-05,-0.0009531472208098026
197.99999999999304,-0.0096211353841501,0.0069786492833575475,-9.800638550422164,0.0014687835178140078,0.0009020974497038799,0.000581259560324198
198.09999999999303,-0.005379303398399874,0.010951039499409617,-9.812547703064595,-0.0007933107145610423,-0.0002573085709820015,0.00037596279082117783
198.19999999999303,0.0009719518470931859,-0.006486092359709737,-9.794501885047275,-0.00014525036282920075,-0.0006491274803268436,-0.0006398790435205407
198.29999999999302,-0.007338081777302088,0.0034962662937937784,-9.810897780029256,-0.0007292009115620881,0.0010514734799553233,-0.0010112593892854
198.399999999993,-0.0044805809450796106,0.009812908318411253,-9.801105607814042,-0.0012878874794248157,-0.0008604068579626011,-0.001624565716320612
198.499999999993,0.004519695958523355,-0.002062783369458551,-9.804632633337711,-0.001624180115042046,0.0013839636739447847,0.0008169882758467834
198.599999999993,0.010761102290006468,-0.0017933628187916403,-9.820883908274753,7.97944793940449e-05,0.0012533991156206273,-0.00030399097721624756
198.699999999993,-0.019718956736363213,0.0016512610069665313,-9.820972242064455,-0.0002697191188514684,0.00031706558663305577,-0.0007499142868983596
198.799999999993,-0.002783099724984809,0.000738722575550124,-9.813715723831546,0.0012912192625005444,0.00035810229143120193,-0.0003323699465343531
198.89999999999299,-0.008997730586857664,0.0014025597496403971,-9.81501374557934,0.0005773837770048447,0.0005916774320191064,0.0020105534558656057
198.99999999999298,0.016130647219240055,0.01758381560022623,-9.80685706055741,0.00011132514022271054,-0.0005912964401585034,-0.0008473059076288495
199.09999999999297,0.015189679829951714,0.014482424055335813,-9.80423690581074,-0.0006206134670220298,-0.0019370614061733444,0.00047428107319076774
199.19999999999297,0.0023338873093853283,-0.002184279087098836,-9.818814966278303,0.000766119024317285,-0.0007325050335044377,0.001600996049502024
199.29999999999296,0.009002777229451012,-0.01810394687564806,-9.811439167121451,-0.00042133886101106247,-0.0005437698104413629,-0.000596459867668754
199.39999999999296,-0.003052555643746309,-0.010348876961534931,-9.810985235274423,-0.0010884957201274035,-0.0005837046522247684,-4.916658821238639e-05
199.49999999999295,0.017796990681775746,-0.000790899470945248,-9.789421914312287,0.0007123976862750051,0.0015199527035303776,-0.0005696023760901001
199.59999999999295,-0.010802733048907519,-0.004181647223331558,-9.805186088239127,0.0009249151060018789,-3.728261608866767e-05,0.0005025569139968085
199.69999999999294,0.0009363713879356675,0.017147018089093902,-9.827320995432789,0.0016200734214442188,0.002876147859664244,0.001112754599582271
199.79999999999293,0.012649964891649221,-0.008399587680356068,-9.803503857955919,0.0006539786137213419,-0.00010016790883458409,-0.0016526404512538315
199.89999999999293,-0.016422813040980415,-2.5210697725643823e-05,-9.806861295791835,0.000539303537977769,0.0006057630073143752,-0.00032188289193808004
199.99999999999292,-0.009246986716628151,-0.013544043135848784,-9.822948107217789,0.0005868549147581655,-0.002286537030612878,0.0006931064840256016
200.09999999999292,0.010821869957784223,-0.006679249798850712,-9.79615899567616,0.001779443228076114,0.00048740979522428774,-0.0005857023451093389
200.1999999999929,-0.015014728344282318,-0.00396628361742522,-9.805297393818647,0.001646638907325912,0.0002713260569596867,-0.0009467640319886246
200.2999999999929,0.007927173726821467,0.006716008215824845,-9.822406700545384,4.439493812330577e-05,-0.00143530313359169,0.0008111390353159576
200.3999999999929,-0.0003130923407799253,0.006752095728828284,-9.795070437151466,-0.0003050455176854,0.0014197466364824943,-0.0021135124568349376
200.4999999999929,-0.005884339311622503,-0.018727989477655086,-9.808580818092475,-0.0002764626395161161,0.0002570894228289397,0.0009112330407872439
200.5999999999929,0.01418841390573377,-0.0006877818677396415,-9.810561678781408,-0.001822853791522792,-0.0010589016833739162,0.0006100933488763655
200.69999999999288,0.00442575125875117,0.0012742426144160652,-9.804892379533918,-0.0006177084698161449,-0.00016616149001022585,2.9719590882486655e-05
200.79999999999288,0.006075629221775706,-0.00035537709421204413,-9.821227001585155,0.0005501660340763233,0.001151245177014786,-0.0010282163204696018
200.89999999999287,-0.00464366908184482,0.003614944556209971,-9.801984435796243,-0.00016008824467801438,0.0014355897443805968,0.0009381733646306352
200.99999999999287,-0.007505781429106748,-0.01632481955166005,-9.810567314398421,-0.0004970813450374199,0.0004487550116382726,0.0006372658891039526
201.09999999999286,0.0017058775821519206,0.0030123200557021484,-9.813718247703832,-0.0004312790083387929,0.002446704071042353,0.0007703346926931643
201.19999999999285,0.0034813443789974015,-0.00905249429557096,-9.81110295060275,-0.0006322282743294209,0.0001544551637832556,-0.00012525394569683936
201.29999999999285,0.01020817213613183,-0.006017148053584548,-9.793132850130087,-3.50484340251099e-05,0.0011676639667251912,-0.00037152119973441313
201.39999999999284,-0.0014908636400585826,0.0025786140859257014,-9.818183570760871,-1.4706667373440518e-05,0.00044772064559499844,0.0005756215821183889
201.49999999999284,0.012858546987691226,-0.0017734196671679338,-9.817614066189623,0.0008876274205691417,-0.0004515328075486649,-0.0006435794036157498
201.59999999999283,-0.022051139109707622,-0.007251622720618168,-9.823114327387529,0.0002277916678740959,6.897100998844978e-05,-0.0008061810630474555
201.69999999999283,-0.0021824156842847205,-0.004240059368570792,-9.80018600839797,0.0005580148639370878,0.0023764131006268623,0.0010478417419613807
201.79999999999282,-0.005541606303856733,0.000377038551695327,-9.811929351534939,-0.0006372611021483441,7.585109282224688e-05,0.00018406031291648428
201.89999999999281,0.002167128474380718,0.007021767451055601,-9.791728098055646,-0.0010505033924635312,-0.0007859909995451377,-0.0006492970407228503
201.9999999999928,-0.008621112092529777,-0.008725539801400934,-9.806406244944908,-1.4709857274250226e-05,-0.0006356690236730491,-0.0014381156401249455
202.0999999999928,0.008332974424649196,-0.005628510801923964,-9.832761876989402,0.0012671169030247793,-0.0006716995935199428,-0.001607373815922542
202.1999999999928,-0.010432671833713271,-0.015553140704347773,-9.817275351057766,-0.0005914499437612293,0.0008200693823826625,-0.00020276154969856085
202.2999999999928,-0.00946181289181477,-0.010061851314401609,-9.802731042853988,-0.00032916850188018174,-0.00260708774344402,0.0013824498259883626
202.3999999999928,6.456379045950578e-05,0.0022564867901262464,-9.796670051953981,0.0005859175557199451,0.0019553330068447783,0.0006623325823759252
202.49999999999278,-0.020594623787699825,0.004107110944079552,-9.798512109260455,0.0005788826634460508,0.0018740467759131069,0.0010051846454980598
202.59999999999278,0.008990811854990951,0.014730378159831506,-9.802988462015309,0.001031162629134404,-0.0007467303986678037,0.000941773391680588
202.69999999999277,-0.006208678040858268,0.0013080520249002115,-9.806300556351605,0.0004079819292486079,-0.00024821033035761345,-0.0010670020978694446
202.79999999999276,0.003095149602699478,0.003394656437400251,-9.810779224710863,0.00016574903190636834,-0.0011589027842332377,0.0006330829557670211
202.89999999999276,0.003172296598441904,-0.0058976277757768585,-9.79939543641054,-0.00018344249801875704,0.0011500372121604158,0.00036582836811850834
202.99999999999275,0.0028143092335805742,-0.002115268375862405,-9.805263649130945,-9.305573521428345e-05,-0.00020569064483020295,-0.001451155329017963
203.09999999999275,-0.004611841587366077,-0.014391430795194053,-9.816459000574087,0.0004754070947343535,-0.0006856700333677211,-0.00048367589536277793
203.19999999999274,0.0010635650756567316,0.002361494931366403,-9.819514521786845,-0.0008765680363522317,0.0008245007752818899,-0.00022949288438046595
203.29999999999274,0.005841847193263262,0.002838963356357864,-9.82235658351421,-0.0003698347731295344,-0.0007331178834997628,-0.0006273808802139927
203.39999999999273,0.0032358768292662693,-0.010567513346298884,-9.8263454755326,-0.00021602986817903958,-0.0013472074370101767,0.0005815145762305732
203.49999999999272,0.0041455605337721866,-0.00186140176266117,-9.795506259664393,0.0005298249738656552,-0.00018850006278720886,0.0011280236747232357
203.59999999999272,0.0006521273916246323,0.0031765768594721874,-9.81576478942803,-0.00042276535483828004,0.0003688473228839431,0.0003180413994510518
203.6999999999927,0.0068559585170715346,-0.0031954415792527684,-9.818763529000275,0.0005424553598280537,0.0006340862790089406,-0.000883159339966646
203.7999999999927,-0.0004495205536070718,-0.002674353175549972,-9.807113262414727,3.5212415422846894e-05,-0.000904605200674725,0.001082715849614334
203.8999999999927,0.0031025258483796214,0.003935931135278846,-9.806176012729793,0.0005852705088340667,0.0006203383513425936,8.773055998720955e-05
203.9999999999927,0.0006558168558467287,-0.01495038508754965,-9.826459417638004,0.0005432215854053049,0.0005393986552522845,-0.0010747429575841782
204.0999999999927,0.01123067138729771,0.021368613807318866,-9.816969741652557,0.0008074109478098435,0.00029994527232621646,-0.00043181171990709654
204.19999999999268,-0.0023931178720112125,0.0033501572243002696,-9.808491548237317,-0.0011772067185044602,0.0003078188996683379,0.0006109399838996188
204.29999999999268,0.02203390058560494,-0.015893009762446505,-9.810204605810553,0.000491827696546993,0.00013657294388963733,-1.577420834491235e-05
204.39999999999267,-0.005547421248551372,-0.008489258833101589,-9.815678677400395,0.0002202174049619758,0.0006926675079145332,0.0019700562807279903
204.49999999999267,0.0014975793216863893,-0.00901886719586464,-9.80549583409709,-5.3073704780163095e-05,-4.747064659614043e-05,6.828774923480951e-05
204.59999999999266,0.0025204082986011755,0.0058185084567321,-9.807906345325716,0.0002752836641075913,0.00015517888126573808,5.623875605088072e-05
204.69999999999266,-0.0009335878044497512,0.0022221662310286114,-9.816988266886172,0.0010960345370434582,-0.0009463310597621779,0.001041746390742487
204.79999999999265,-0.0036794142507279087,0.009627720670204041,-9.80139318321141,0.0007763211974548012,-0.0002988182534379495,0.0002564196387230205
204.89999999999264,0.007301747468529093,-0.00799800670670938,-9.814025553246607,-0.0006653711423015664,0.0010737287818996441,0.002014866565771427
204.99999999999264,0.009375300323225803,-0.0038136933378296795,-9.812286116795262,0.0015520609830229888,8.187562412686339e-05,0.000893284777818411
205.09999999999263,-0.010732210806134995,-0.005796677113956709,-9.820978469275508,7.76814553121213e-06,-0.0010965008911236432,0.0014307745287735218
205.19999999999263,0.011147778215286569,0.011905402603909418,-9.811919469378275,-6.764362493097725e-05,-0.0012500959682834071,-1.986877164052436e-05
205.29999999999262,-0.00178200144504625,0.003628330137198686,-9.802159804613439,0.001199225558479424,0.00014519325171620087,-0.000253536151467961
205.39999999999262,-0.021391334713320692,-0.009127517657055991,-9.81006922302924,0.0002948771147703454,-0.0001515999353600806,7.184585771619681e-05
205.4999999999926,-0.006745290082009699,0.003320528035059868,-9.819980614942626,-0.0009704140553747412,0.0013340676911202558,0.001024345439067127
205.5999999999926,-0.01198770959356233,-0.01603409878476664,-9.79547856630701,0.0010853625725690788,-0.000498801430407379,-0.00046694285144054364
205.6999999999926,-0.00354902081664075,0.008515752006739154,-9.815383549138703,-0.0004059466352675056,-0.00040429979016935947,-0.0012509457945738562
205.7999999999926,0.007258532458061688,-0.00735696473796626,-9.814851195506568,-0.00021465783112180562,0.0001203168973268251,5.4646321507763044e-05
205.8999999999926,0.0008659966847849018,-0.010401707415450528,-9.821789504829823,-0.0007966590819654505,0.0011911702239774885,-0.0009659126733110394
205.99999999999258,-2.1457882293910074e-07,-0.007884866081443344,-9.80136699135675,0.0006065315257895269,-0.0015130186637228457,0.0010518839027391178
206.09999999999258,-0.018539357965685215,0.003420335847994136,-9.804179455284604,-0.0007398214429651726,-0.0007171411478578414,0.0007881342102143036
206.19999999999257,0.01566370559915458,-0.005075565195036817,-9.821144399876196,-0.0007896434316648996,0.00012043384596359367,-0.0006902010337532123
206.29999999999256,0.01222339042030936,-0.009497544178518044,-9.802007476001808,0.00019011208871282974,-0.0011862028076022179,0.0009583712737803677
206.39999999999256,0.011483598925130473,0.009120206919602684,-9.804079303652898,-9.509171101877085e-05,0.0016526989586390258,-0.0016966884352936347
206.49999999999255,0.01736241968135178,-0.012715119192016674,-9.799217820968387,-0.0017551875765669995,-0.0010500678214970343,-0.0012133505395909353
206.59999999999255,0.006019729773421395,0.007020321390131723,-9.819719651041975,-0.0014504179544843762,0.0010113794217933843,-0.0021283078089860577
206.69999999999254,0.0045562618139572365,-0.014617247964984082,-9.812598080239496,0.00011725649331324781,-0.0008668696724428385,-0.0006188193259195582
206.79999999999254,0.010256397812292277,0.01001259918072394,-9.814394828944444,-0.0006593655951317501,-0.0006170191643241484,-5.9615960759691176e-05
206.89999999999253,-0.0007504794746767291,-0.0075848133482016205,-9.80574753879101,-0.0011901543673088833,0.0005370626585576517,-0.001793488591133202
206.99999999999253,0.020492939032841877,0.0008741639414572429,-9.819853425213248,0.0017287703176112506,0.0011389385406903945,0.0011488580944221283
207.09999999999252,0.008505996952022327,-0.0025780106488283105,-9.811781284288081,-0.0011268680216222167,-0.0009311039113475438,0.0003860088921249863
207.1999999999925,0.030640986433408384,-0.0025722334769800455,-9.809349960864477,0.0010726062951860252,0.0006539654177179146,0.00031380269737704686
207.2999999999925,0.009789821376057216,0.009562351473717798,-9.793938902424838,-0.0013052902331247393,-0.0010362901224311852,-0.0005562134773656408
207.3999999999925,0.00274936415115975,0.01063028699587866,-9.808928813781677,0.0008324361732663664,-0.00198089030550709,0.001461682649871734
207.4999999999925,-0.0029957773524026013,0.010118274016323656,-9.802615123007358,-0.0007243077795048442,-0.0006502985343588784,6.39399182189186e-05
207.5999999999925,0.004158919083086918,-0.0015654906444461812,-9.811210148231854,-0.0010884961575791656,-0.000766069600149201,0.001126871743656584
207.69999999999249,0.006073431423388453,-0.007860026699830358,-9.797707902022898,-0.0021100898733579557,-0.0009024001313021593,-0.00017015831682679156
207.79999999999248,-0.006434646027651016,0.0009340812638858341,-9.816543435257987,0.00048349613687593586,-0.0006932224463143302,-2.5041302970268048e-06
207.89999999999247,0.0014846100403511303,-0.006489078887714834,-9.817691625021041,0.0008299273532952277,-0.0009352184889001527,0.0007217354335122523
207.99999999999247,-0.004556357172639134,0.008542390879282947,-9.808876566763855,0.00047481883350524237,-0.0005785974740318794,0.0009568678642948406
208.09999999999246,-0.005439111802674067,0.009555777315719554,-9.816531883425949,0.0001469086041757027,-0.0008838143033617399,-0.0001871564493551326
208.19999999999246,0.00027844128622862667,-0.008108028234805047,-9.81914640565933,-0.001115279904043378,0.00014084962425482366,0.0009115577012896411
208.29999999999245,-0.0031189968262598554,0.0025168173309476362,-9.786705720337842,0.001705194442429886,0.0003646046612667029,-0.0003149673579438157
208.39999999999245,0.020819025617787004,-0.01859313212141444,-9.804742019582038,-0.001284825370264854,-0.0004106291178665304,-0.0014079375696667905
208.49999999999244,-0.00851583679266832,-0.006242526841257351,-9.800514571772785,-0.0005656664214451205,-0.0010367290347170338,0.0010911057748450748
208.59999999999243,-0.009325769599643602,-0.008304667117996668,-9.812035091709484,-0.0009838315426618936,0.0020115966797730283,-0.0008786589311245279
208.69999999999243,-0.008291387415678107,-0.0010171358239137915,-9.817616947497841,0.0002493453876928296,0.0009524652032190433,0.0003648817914863322
208.79999999999242,-0.006555182448148594,0.011724342877718548,-9.800389900355317,0.0004120764483877345,0.0003202460024403216,-0.0023738710348134404
208.89999999999242,0.006427930351947156,0.00019110181374676732,-9.794125093051257,0.00045906362752438446,-0.0004870500613246876,0.0009493270016668312
208.9999999999924,0.001846214307810538,0.002462657838996969,-9.81855897469916,-0.0009567795142755944,0.0009541996528830829,0.00016785165929305613
209.0999999999924,-0.0027740862250045443,0.0008274236262430458,-9.811862743535375,0.0013126354435147572,0.0015564345680208163,-0.0008429199551100492
209.1999999999924,0.011359663129683052,-0.0007075923112736038,-9.799930392977537,-0.00018913248445179387,0.00048297936536252466,-0.000885258708538486
209.2999999999924,0.00932274889843497,0.0029605647383412004,-9.81949900069116,0.0007343948598522743,0.0010947884997888002,0.0005137463167177543
209.3999999999924,0.00618007178914194,-0.004326609610539472,-9.789571009058797,0.000684737864139071,-0.0009368645836305158,-0.0004459480208547325
209.49999999999238,0.007237616400218056,-0.020536500152999664,-9.812065808527661,0.0005565401105086664,0.0012314653646906346,-3.209557902012102e-05
209.59999999999238,-0.003830105063119207,0.013637412013875836,-9.80205013878293,-0.001915468814822946,-0.0013690924816591222,-0.0004246870408742262
209.69999999999237,0.0022843821191044244,-0.00511941289778141,-9.818146238063994,-0.0004029559223686314,0.00037639220369720285,0.0010361617387544242
209.79999999999237,0.0014823745633585669,0.003842214705874669,-9.81123139488178,-0.0014659585067920262,-0.001552819120564154,-0.000479902815740087
209.89999999999236,-0.025346950044098808,-0.002248166261861977,-9.805069813679758,0.00010545874374025285,0.0014055224941560084,-0.002124941305167144
209.99999999999235,-0.008993409803533328,0.01740358442758315,-9.807570826182998,0.000609992426538497,-0.0007225851307483175,-0.001547702909993231
210.09999999999235,-0.008995783625387988,0.015343578088776453,-9.807248064477161,-0.0008733364459543967,0.0007974555274902145,0.00046253466585569335
210.19999999999234,0.008051896869820122,-0.017569468578661106,-9.789271544174426,-0.001966433847447075,0.0014591462422244967,0.00023627379579891798
210.29999999999234,0.014653623532213144,0.0025190853172214873,-9.808522197650927,0.0003043037625104441,-0.00014914221077588937,0.0024929835561422415
210.39999999999233,0.0019797120513662106,0.0023752664851825296,-9.79585160364198,0.0008528902517020532,-0.0002615948060924296,-0.0003652868828664281
210.49999999999233,-0.005388150227450427,-0.011146378351263028,-9.813373651405806,0.0014724975823833298,-0.0006877023881904843,-0.0012786854128738285
210.59999999999232,0.0047469604038557255,0.0010290515935347376,-9.815027820854375,0.00021102876820315318,0.0004755537533758229,0.0006561545104332647
210.69999999999231,0.010018901723147997,0.004218885306234871,-9.80615424891273,0.0006397110008550051,-0.0016189526298261972,-8.979804847960238e-05
210.7999999999923,0.009970767811375564,0.004810072400383189,-9.822968254205538,0.0009615530102365303,-0.0005777756393961797,0.0011467073070696434
210.8999999999923,0.005744243621932945,-0.010641597843725788,-9.811676503831459,0.00029377837579307593,0.0013085782593661886,0.00033997346061250986
210.9999999999923,0.014715077023650523,0.006453320648671249,-9.812680012692008,0.00018817876050802675,7.21917337496215e-05,-0.002575957331485418
211.0999999999923,0.0027876790450095334,-0.004498853174230082,-9.800974315715473,-0.000519810187480503,-0.0024280456670645613,0.0009895905829924634
211.1999999999923,-0.015411190262026402,0.009219206681963814,-9.815364093932109,-0.000444620896261101,0.0021494348029433537,-0.00028837369119261185
211.29999999999228,-0.003962838910922099,0.00404883886247021,-9.806270976756046,0.0013054831748720943,-0.0011049755563401625,0.0007753155089188544
211.39999999999227,0.003854032606607852,-0.00391187660992032,-9.80501676274493,-0.00022424292003964648,0.0008273979129839199,8.559210931053005e-06
211.49999999999227,0.004341008587687461,-0.017057629014940984,-9.826899213158832,-0.0005894605416155042,0.0017699497986642804,-0.0003691605518781336
211.59999999999226,0.018642443043090828,-0.0021745267951142895,-9.836794873672455,-0.00016861818682457905,-0.001826212943229904,-0.0010736227109289422
211.69999999999226,-0.0071832192367408685,0.001773656023839178,-9.812682324226428,0.000610945159361938,0.0002979239103995811,0.00017787230711458548
211.79999999999225,0.011391718474790447,3.139564374147274e-05,-9.800989433459414,-0.0010783958718317238,0.000589900310856345,0.001166736129646889
211.89999999999225,-0.0006903566565386478,0.011151283505104217,-9.815512178094393,-6.95852931283616e-05,-0.0011270158654165313,-0.00021786966386063678
211.99999999999224,-0.001628312684344912,0.00272125847233762,-9.799520742130483,-0.000410919471357948,0.0002940446694727322,0.0007066340588986633
212.09999999999224,0.007237156145250077,0.007796231177767189,-9.8104562680732,0.0006639561699625073,-0.0001676196245244692,0.0008055630316437598
212.19999999999223,0.015032336146290464,0.0019954227839786985,-9.808052404873184,0.0015511570318358146,0.0008815924613341944,0.0012458969774469767
212.29999999999222,-0.002222441135494368,0.007181087394973593,-9.818551471408412,0.000436813045895659,-0.0002584068199197853,0.00043608493226062687
212.39999999999222,0.004311136905355165,-0.019769665554011183,-9.80947934117933,0.001082378595604321,-0.00018034988882965493,0.00013264282177977352
212.4999999999922,-0.009493449459155734,-0.012815599923126116,-9.80376171540208,0.00021032994599842124,-7.30710833040534e-05,0.000632854757734671
212.5999999999922,-0.007345237225337907,-0.00546449920995385,-9.817228087870483,0.00047621526227462557,0.00017711260232443961,0.0015720485892370673
212.6999999999922,-0.0009565971704487291,-0.006852068522057318,-9.805752592662177,0.0008504844385278686,-8.652145321936337e-05,0.000954396760354173
212.7999999999922,0.00772276124359477,0.009206350290325072,-9.804889362702767,-0.00023355906831843442,-0.0007704919272207767,0.00012121054536243133
212.8999999999922,-0.005050260739563033,0.005513777901385851,-9.797647260147551,7.873535148476378e-05,0.0004410183204695949,0.00019813594071201645
212.99999999999218,0.00684694534989814,-0.003310652749612357,-9.800114987565019,0.0014482625019501436,0.0008095727580292143,0.0012214961675079457
213.09999999999218,-0.00223835581691595,-0.003160172962326983,-9.814572273853708,0.0004242397910078952,-0.000529900105869567,-0.001140275898960859
213.19999999999217,-0.00750375317244533,-0.01854727171686546,-9.824122902278948,-0.001283349930368556,-0.0005481666676503415,0.0018910109140465878
213.29999999999217,0.0012614284143363204,0.004490691626589853,-9.809116339182806,-0.0009005964045532115,0.0005015368117847166,0.0013981234793164314
213.39999999999216,-0.005963694158586328,0.011286405575710848,-9.80000054595157,-0.00022483400810789327,-0.0007144568982096739,0.00061187960346141
213.49999999999216,-0.02073271393483852,-0.0013015768623144811,-9.832243001559041,0.0005284319758418411,-0.00018697233533593023,0.0009534098301108902
213.59999999999215,-0.012754571931014685,0.005415136041396081,-9.807564422981727,-0.0006679728658356418,-0.001207859911144496,0.0007801822794809603
213.69999999999214,-0.019150577211860653,0.0029782850284701657,-9.813721530673961,0.0022752149284071457,0.0006929842436318452,0.0003754660408699758
213.79999999999214,-0.009858406937628662,-0.007059304721772144,-9.809609687300973,-0.0002263728363502971,0.0008140558783621054,0.0007102308923689257
213.89999999999213,-0.006978426913153988,0.0001169745408527894,-9.826244035574508,0.0007377318732047283,0.0013704333740566627,0.0006547974951578575
213.99999999999213,0.0016175593113822405,0.0021812845300356928,-9.789322168803078,-0.0007801425551567061,-0.000718980558211205,-0.0010982592761596037
214.09999999999212,-0.0006844536423592725,-0.003321218610951292,-9.81459738468378,-0.0020067636361109603,0.0006952320172012746,8.449488288255467e-05
214.19999999999212,0.00859449678487605,-0.007034539776378495,-9.828979701438048,-0.0001015595240881455,-0.0010146430414284622,8.429353008825194e-05
214.2999999999921,-0.008292201770786238,-0.00844532095466929,-9.822296509653778,-0.00010951017150802038,-0.0013105834848741813,0.00031110355507517004
214.3999999999921,-0.009448467016145403,0.014431112925393468,-9.801964348462008,3.8491480680401855e-05,0.0007256437863023969,-0.00025937308747923823
214.4999999999921,-0.002497234915998617,-0.00022307032505732341,-9.811221941965737,-0.0009065720061740626,0.0003492937875769565,0.0006292143850227145
214.5999999999921,-0.014767181381474578,-0.018614981026400395,-9.815095270391621,0.0003469489592315381,0.0009762748434160059,-0.0007605747887846868
214.6999999999921,0.009193070824169652,0.01964547482070106,-9.80255080268559,-0.0002475342490120741,0.0012343892690892834,-0.0013932878083000627
214.79999999999208,0.00672158661778084,0.002346739762571776,-9.808741199800808,-0.0004185191779851251,-0.00014572560621894544,0.000518994742946355
214.89999999999208,-0.012880506465134537,0.00507029518088188,-9.810275624071219,-3.82744404034412e-05,0.00033937933296043267,0.003065744112165047
214.99999999999207,0.015834954365891624,-0.0004220271639856069,-9.80334351147285,0.001062298655801814,-0.00041913907261643626,0.0024804957399921874
215.09999999999206,0.006170905480224427,0.009024128016450373,-9.807486392273965,0.0016971800939095,0.0014599647887719308,-0.0005659829005584387
215.19999999999206,0.008123598380463361,-0.016628420697845904,-9.82481077125891,-0.0012577357514024707,-0.0018722334272933214,-0.00011700192188776906
215.29999999999205,0.005772636738951353,-0.008565079425496587,-9.819417344113875,0.0006733641949818762,0.0002782652684144717,0.0014747600388135245
215.39999999999205,0.011906177080862293,-0.004444888130766981,-9.804498115073528,-0.0009044041228798544,0.0005477737337540087,-0.0008722734788234873
215.49999999999204,0.006287833191381977,-0.008409585737163008,-9.81342558495569,-0.00016202288436799973,-0.0006139178056258022,0.00020756115630735713
215.59999999999204,0.005271006672487658,0.005563392636164503,-9.810137854811797,-0.00019436081522241773,6.125626691525616e-05,0.001954114233251946
215.69999999999203,0.004633719510176833,0.027741191685207132,-9.815045582507784,0.0008234276825392974,-0.0011442539627934474,-0.0012758284371184273
215.79999999999202,0.005121474382536423,-1.9826519887785043e-05,-9.798212795910265,-0.00041097769768654393,-4.0693201926999174e-05,0.0012075336278770108
215.89999999999202,0.010959545573181746,0.003696744777640732,-9.81509496695422,-0.0010707245921056392,0.00012801444504735219,0.0015567243941935996
215.999999999992,0.004562809164108116,-0.004754377964075196,-9.821993123376888,-3.625350001609183e-05,7.150706582026913e-05,-0.00016957705290701863
216.099999999992,0.007311387098281069,-0.015519449685075277,-9.813030306323482,-0.0014171875790747947,0.001376569724972767,-0.0005589811705649461
216.199999999992,0.0063142731645982495,-0.013489046115607447,-9.812611505944869,0.0005323704242719007,-0.0009386324540815778,-0.0007624797059660571
216.299999999992,-0.01780182621229476,-0.0004877140737034604,-9.818052286439103,0.0008857736536068433,0.00016042721245861045,0.0005848112613214661
216.399999999992,-0.01657006453587902,-0.0001029763730913109,-9.821496729167215,0.0006843006393150479,-0.0002412284362574412,0.00144270923069286
216.49999999999199,-0.0008777979025227655,0.0028924643213920753,-9.81094466023296,-0.0002723209659353168,-0.0001962498483178789,0.0007395968732576149
216.59999999999198,0.006757202476259854,-0.009761165423345207,-9.813772566834974,0.0008008968209598675,0.0006869670499146808,-0.0005099852166544072
216.69999999999197,0.011996582798103169,0.019069842669250606,-9.801844021223884,0.0007416855428542022,-0.002087291292202038,-0.00028119673196795743
216.79999999999197,-0.012248885324423198,0.009283435293072902,-9.810621152359317,0.00024335145892018207,-0.0009887213373448351,0.0003550610504407779
216.89999999999196,-0.01241168353556198,0.013700812029512502,-9.798503894806128,-0.0008912696673437688,-0.00016527576768394183,-0.00010919682609877472
216.99999999999196,0.0181510783818818,-0.0020422410274520695,-9.819273075276394,-0.0006084189555412074,-0.00020016600552271563,-0.00011170740009057445
217.09999999999195,0.0017589965885647513,0.006675899191163083,-9.807494045695844,0.0013873995010737045,-0.0003822265203013982,-0.0009692875934855985
217.19999999999195,0.004423707697672236,-0.003197179965949073,-9.817375382278119,0.0007316475862614068,0.0009656304717860252,-0.00011362177561236398
217.29999999999194,-0.01752618655742932,0.009306036541580203,-9.82554827803025,0.0004609874849203721,-0.0009117277167816167,-1.3401983030294689e-05
217.39999999999193,-0.00047888653169803253,0.0006833883535393562,-9.811666679971987,0.0007010941290418568,-0.0010863588400855573,0.0012493105826354486
217.49999999999193,0.012344250419699528,-0.007194804031496005,-9.837663568105318,0.0003074872017499156,-0.00023186154300403175,-1.4626915868966889e-05
217.59999999999192,2.754783915625267e-05,0.0032060223711777125,-9.803880508794322,0.00039700714117700916,-0.0005959151210767574,-0.0009002347609313816
217.69999999999192,0.014579842669419434,-0.012301959699134628,-9.811657843791004,-3.57059417085471e-05,0.0005739188085788578,3.832472455569192e-05
217.7999999999919,-0.006444221713955154,-0.007213743211403848,-9.81785569240538,-0.0003286201082411635,0.0005429880153058434,-0.0005215646077942503
217.8999999999919,0.008325164363528098,-0.0014483612842824223,-9.818795826023903,0.0014864333317623638,0.0005863979989433657,0.0008155406385926551
217.9999999999919,0.005382436723096968,-0.006378114856988126,-9.803549603108738,0.0017697221094923872,0.00015812742542679664,0.0011722618351568987
218.0999999999919,0.004862164308761028,0.007696034588852886,-9.806813492876783,-0.0015320607881307536,-0.00032610403725238983,-0.0013848264855007635
218.1999999999919,-0.011585735320458377,0.010439833761370108,-9.796394636217995,0.0011704407832457198,0.0005200774518578149,-0.002520717278063591
218.29999999999188,0.006081642765124733,-0.003978766960872879,-9.817879370355511,-0.000330750236146803,-0.0004207098494035634,-0.0012418384057269417
218.39999999999188,-0.005817033680301889,0.009162338230652899,-9.815390395984448,0.001733726517741436,-0.0017863153426428545,-0.00025701272046932015
218.49999999999187,0.007199865941303934,0.01020789383572468,-9.811236740149734,-0.0001542077584011137,0.0002709095886572351,-0.0010484425009789056
218.59999999999187,-0.0032901577419903773,-0.006364615285315313,-9.80752929260686,0.0001293642007122065,0.00045555430700959526,-0.0002188681293400429
218.69999999999186,-0.002261906627528245,-0.017106721390386333,-9.810288589499914,-0.00167868024611353,-0.0007378038206444189,-0.00024004997707013394
218.79999999999185,0.006682319851858463,-0.008012993369612467,-9.789558962259484,0.0008444783710453783,8.09621573731191e-05,-0.0006361431972088563
218.89999999999185,0.011301916049980081,-0.014118901700232597,-9.804328882468727,-0.0005358458800848578,-0.0005717336836494301,0.0005333334986184777
218.99999999999184,0.0050973963888757265,0.01274337582301637,-9.81149837761199,0.001291973381916584,-0.001622010995232544,-0.0008898942025748706
219.09999999999184,-0.009626706499849034,0.007358338811636011,-9.80451061161999,0.0013935129817400531,0.001130333975430295,-0.0016836081184210983
219.19999999999183,0.007581417956025063,0.004512730397140895,-9.828156103598912,0.0003484662168789445,0.00034840499277101196,-0.0017385729468183185
219.29999999999183,0.003080186240746742,-0.002486110797200892,-9.804323770344007,-0.00350110795988216,0.0012893243246956919,-0.0011758175942528772
219.39999999999182,0.018497223634343044,0.019443491897135887,-9.803553797050526,-0.0015348570787978716,-0.0013563229275637368,-0.000962260333840078
219.49999999999181,-0.004188682963482302,-0.01682063870879279,-9.808909039890677,0.0009688657286362508,-0.002308405459553129,-0.00137183762809742
219.5999999999918,-0.03046093684259844,0.006365350718211187,-9.820397780414085,0.0005910991178115229,-0.0005525875950103151,-0.0006777586424144297
219.6999999999918,-0.0027482377765121802,0.006686421436890878,-9.813437955342689,0.0019726062481266065,-0.00014057259955737344,-0.0003638359334562188
219.7999999999918,0.0062270073165481546,-0.012258752299411476,-9.801637105632237,-0.0018810889832955682,0.0010447051473936341,0.0015229063572925912
219.8999999999918,-0.002826009162053639,0.0005873986254626819,-9.819028750258017,0.0008828384119779638,0.0006471818127535193,-0.00012807475717522952
219.9999999999918,0.0008117904473498568,0.010864684142264321,-9.802904321453143,-9.944350955059524e-05,-0.0007241414344386231,-0.001561278685698237
220.09999999999178,0.013104171818618553,0.01003489268498808,-9.826891897620957,0.001089762509532755,-0.0012039405229595484,0.0006282607847994772
220.19999999999177,0.007715501174914532,-0.016899068728375505,-9.820697937496304,0.0005883212086545549,-0.0010540222470807833,0.0001077839763741026
220.29999999999177,0.01947337060535082,-0.009904083111794994,-9.810243849686804,-0.0004003166840945394,9.775809723004359e-05,9.978417155603231e-05
220.39999999999176,0.010107842340745054,-0.0014211161575920274,-9.82562173097707,-0.0011123853150942218,-0.0003399179510407069,0.00046547420686657087
220.49999999999176,0.010120534553988007,-0.0076027907425298075,-9.8136530201366,0.0011403140229968374,0.0009651085105136065,0.0002055557661096042
220.59999999999175,0.010699435548925664,0.01198775066818423,-9.81226964246099,0.0014017071779519766,0.00014675068644107487,0.0007809127205886352
220.69999999999175,-0.008274168628151286,0.0010111135535141433,-9.816086774032089,0.00032097831379635454,-0.00015093886558788193,0.0015524819343833483
220.79999999999174,0.00021756987901202146,0.009777355306378566,-9.806876037755186,-0.00023726923390003868,-0.0009676110993363633,0.0008510089763025038
220.89999999999173,-0.0015899407717144848,0.004406685486173175,-9.8131451368623,0.00020529487448103155,-0.00038551361730371024,-0.001893740031691236
220.99999999999173,-0.011595933437400332,0.006762833566290459,-9.796633671044086,0.00032889955089024484,-0.00029145867311352496,-0.0006013680882529469
221.09999999999172,-0.014017921685988383,0.0002743881047081228,-9.806539593829662,0.0001691634358005251,-0.002446286253786916,-0.0002946220065006817
221.19999999999172,0.009184479141366494,-0.009992272975341974,-9.811993555735192,-0.0008893272269146074,-0.001137143561451324,-5.941221267001867e-05
221.2999999999917,0.013665979923177012,-0.011713659054898596,-9.795038029739997,0.001610214000534617,-0.0008429293401825749,0.0011989334537456154
221.3999999999917,-0.024121136148441004,0.00021136331914563852,-9.796394963821179,0.0008830287967928675,-0.0025596196336187876,0.0016631836827313475
221.4999999999917,-0.0030647026104089125,0.00665306026861672,-9.809210385319801,0.0006002258741270603,-0.00043655811528395385,-0.001132097970902811
221.5999999999917,0.008784310747098963,0.015435150650615348,-9.796450187183803,-0.00027882734693898594,-0.00025426105497592137,0.00010268406399104859
221.6999999999917,0.003830186963482003,0.0004709199280139441,-9.79786873749312,2.2366644826981076e-05,0.001282236415945197,-0.0004193997169009132
221.79999999999168,0.013525812387059409,0.0003746710910152584,-9.80384536538013,-0.0013111821668383575,0.0017489325676955086,-0.0007496290508174017
221.89999999999168,-0.0009374623341997755,-0.004602548494123473,-9.797933221243932,0.00047263732538121127,-0.000552171677974161,0.00045742403567268806
221.99999999999167,-0.006381457548364453,0.0047885134033673225,-9.803685911107193,0.001006288427577032,0.00014313982959819984,-0.00020546220450044276
222.09999999999167,-0.007323113326953205,-0.012563487866820463,-9.821802624174868,0.0018706869829752002,-0.0007547197077805291,-0.0012633362582301771
222.19999999999166,-0.008755233991830076,-0.01958116229603019,-9.807693296240199,0.001438037854640416,0.00030083326626485996,8.08365677320436e-05
222.29999999999166,0.007265014958313296,0.00721486350307772,-9.796429377495034,-0.0006386571750185865,0.0006396577514406101,0.0005175687889108186
222.39999999999165,-0.01500764816084864,-0.004393086090699727,-9.817535315461958,-0.0011342625001019451,0.0008984965513283821,0.0014396331788871916
222.49999999999164,0.013678092187843712,-0.0028807091141458303,-9.830635547938208,0.00024254505780731887,-0.00157539094151957,0.0013772196691438164
222.59999999999164,-0.008907126530884912,0.00536531491047016,-9.812749183812514,0.0008735239971678009,1.9789642594707374e-06,-0.0018109920950261287
222.69999999999163,0.0024465561705636373,-0.032030105175933334,-9.80819949543547,0.0008691244127353769,0.001316085053344822,0.0006590115788110654
222.79999999999163,-0.0025755225670354666,-0.001533901291886568,-9.826190562971364,-0.0007187461931841021,5.970754492200076e-05,2.6943505000566856e-06
222.89999999999162,0.010215821055419625,-0.011546778379008358,-9.808203284463891,0.00101753540338845,0.0024866049015811542,-0.0004214836573996875
222.99999999999162,0.0016289990612919786,-0.012143127075753773,-9.799018272588611,0.0010387229346173088,-9.113499012633103e-05,0.0006215120616471112
223.0999999999916,-0.005575855732916606,-0.0003387860728523992,-9.831026916390282,-0.0008186881411258678,-9.609952639191275e-05,-7.939207348496308e-05
223.1999999999916,-0.005018700498082411,-0.009076405798686482,-9.807772625193026,0.00035437357106865927,0.0007841933589091488,-0.0007675715581334191
223.2999999999916,-0.005516433898780828,0.02029677555680136,-9.835510194925627,0.0004911084680265297,-0.0009984032007305291,-0.00021079689926972264
223.3999999999916,0.0003149225314957482,-0.020007687415293175,-9.816748025383557,0.0010640404605208732,0.001176213781046622,-0.00020152342732727722
223.4999999999916,0.003521235546911577,-0.02062584127754877,-9.796834156485897,-0.0010869815332957083,0.00011309315094179973,0.00014999263582428192
223.59999999999158,0.012028999647965142,0.006131053113709778,-9.809658219227476,-9.187131121772405e-05,0.0001551116245575335,0.0007914818525207324
223.69999999999158,-0.004990708565054451,0.012596967868256028,-9.825857823299994,0.001458550275550961,0.0011878760904775116,-0.0012026253173947508
223.79999999999157,-0.01335031976870067,0.005110495803338991,-9.807517557865076,0.0013678702883328905,-0.0010007866385246993,0.0007152563721104371
223.89999999999156,-0.0012971455780021355,0.0004723654343742579,-9.811710938854675,-0.0013085635719792654,-0.0005496502511821881,-0.0015807729746823694
223.99999999999156,0.004061346480334683,0.0015799076780567143,-9.803486092052305,-0.0007726120857176795,-5.1866042797273925e-05,-0.0006384066603185752
224.09999999999155,-0.010705770530782754,0.0014559460043210945,-9.816300182647863,0.0013664796958535743,-0.0009615272535641784,-0.0008107737132619035
224.19999999999155,-0.00021888614115573576,0.005525667443878818,-9.80254650665046,-0.0007735015540575466,0.0004080422171849751,0.0009655268318711892
224.29999999999154,-0.0026451434747520896,0.01653789886174753,-9.819343674376055,0.00021437071149215992,0.0008734563225227588,-0.00015614332667678927
224.39999999999154,-0.013469469776676459,-0.003939669995182183,-9.808363924381439,-0.00042936513665022794,0.0009548099588289175,0.0014544865965309874
224.49999999999153,-0.002773339388039959,0.010122737734105831,-9.821230442369588,-0.0016191905643121963,-0.001141236513195876,0.00023773956866828395
224.59999999999152,0.011366187158112901,0.0013908245864033856,-9.812852519380131,-0.0001792677137044109,-0.00024453265906306627,-0.0006959145639912789
224.69999999999152,-0.003982036833010745,0.003803143790814292,-9.798253626319825,0.0011744218911633965,-0.00012067222660100516,-0.0005363794203137425
224.7999999999915,-0.006874509769501091,-0.0003964879571533347,-9.821450550773916,0.0016076191591341477,-0.0012606165004422746,0.00045094327148711467
224.8999999999915,-0.0006948382250374552,0.007101051501584603,-9.807570953170277,-0.0009222190924520101,0.0011472500973014222,-0.00016097209416446846
224.9999999999915,-0.008763465458699621,-0.010204373807549382,-9.808479692267625,0.0011055753992942935,-0.0005530182404666502,0.00038673754688744907
225.0999999999915,0.014839209777893705,-0.004460346405047007,-9.827929898146126,0.00011872602511613378,0.0015976820909181033,-0.0006180070107811405
225.1999999999915,0.0035200213634732297,-0.006891410883483591,-9.818260028215022,-0.0007266217463771802,-0.0012430975083448823,-0.0016030227435733808
225.29999999999148,-0.017027914651798245,-0.008531864789616303,-9.829837521933529,9.817752476560555e-05,-0.0016138685062145304,0.0007260367156668509
225.39999999999148,-0.0061860814114190555,0.005645091778212803,-9.810166904296402,-0.0006049996948430295,-0.0016523299613110216,-0.0008895317487140501
225.49999999999147,0.00030729986709470314,-0.005527364507186354,-9.817129121367996,-0.0005549024154025154,-7.260811744557316e-08,0.00023118675886669106
225.59999999999147,0.001955823534177489,-0.003917999063834883,-9.805925969649591,-0.0011471145757570435,-0.00025124208710674385,0.0006968594023749869
225.69999999999146,-0.004645447071103116,0.0033681950543926697,-9.804391160793667,-0.0007621047903595597,7.761493542467943e-05,-0.0007621675481598643
225.79999999999146,-0.020129143041096777,-0.011742979602872404,-9.803205985490276,0.0023164116614719,0.0009993077793950058,-0.0006169669333908265
225.89999999999145,-0.0024252116583848744,-0.00973803442296167,-9.826738637205315,-0.0012389822658030317,-0.0014678590140599877,-0.0014131348324956815
225.99999999999145,0.0028875392045009545,0.0038174385111004044,-9.803765748787889,-0.0007166827231249465,0.000611055603423058,0.00022289891219199123
226.09999999999144,0.006595594340685169,0.007659684799766764,-9.809037059800993,-1.7966017767716816e-05,0.0005563383677149589,0.001151618695713864
226.19999999999143,-0.008826680318007587,-0.002446929070709453,-9.810602127744906,-0.00034549300422162733,-0.0004412476827061265,-0.0005076101184357404
226.29999999999143,-0.00497796249012911,-0.004593793296889246,-9.824616781749132,0.0009887662249258322,0.0018075888022201477,0.0008030581831738121
226.39999999999142,-0.0014346988568905235,0.011314653144920922,-9.810492609782445,0.0005328516597352875,0.0005183797704638231,5.125470306114051e-05
226.49999999999142,0.009785002338505622,0.008104559515898287,-9.800299350190096,0.001215708272184743,-0.00019307977691379797,0.0002901560695081384
226.5999999999914,-0.008592191159723537,0.008044545206273873,-9.812585171494588,0.0009491042917475426,-0.00025925031374808544,-0.0010605245079584422
226.6999999999914,0.003590202469722547,-0.0025802325182058467,-9.807664517463424,0.0008036684299039321,-0.00021288526225617834,-0.0009653359176415018
226.7999999999914,-0.015378090894525714,0.00237466767358486,-9.831811253063849,0.0007873383135155439,-0.0012285558727458644,0.001564724631004056
226.8999999999914,-0.010099370321004098,0.010935637926071993,-9.794320862218665,-0.0008191694092247329,0.0008947543172464876,0.0008354805789477579
226.9999999999914,-0.017033914828164427,-0.0005872128742400553,-9.800768082180925,-0.0013526231707716987,0.0010360225363503243,-0.00012818003653580903
227.09999999999138,0.013863443275102543,0.010206043617044675,-9.81778226324331,0.0008919104559143465,0.0002904032507832012,0.001498768590040371
227.19999999999138,-0.016503012313313345,0.019549849412066788,-9.817955368662274,0.000311009738838456,0.0002562600749447949,0.00030123102545566503
227.29999999999137,-0.003018607966589989,-0.0274013828159342,-9.812069674159657,0.00016297064652239068,0.0007544924994224701,-0.0011440119906028904
227.39999999999137,0.004957983458312606,0.0051204237121352785,-9.820645948916114,-0.0010060334471316715,-0.00038215157295752166,0.0005026108267908451
227.49999999999136,-0.023741762609266966,-0.002502572205363586,-9.810302499491652,-0.00046186614004587964,0.0005848091373484704,0.0004941095742501234
227.59999999999135,-0.01572252387996721,-0.008488884725617445,-9.81414252878206,0.0006429030762984957,0.0003224092698842878,-5.785215035636017e-05
227.69999999999135,0.0010270941515102433,-0.0010348898137632276,-9.807088924375218,-0.001613809150662736,0.001035091874246282,-0.000909569910273338
227.79999999999134,0.005771031361365466,-0.003748123738285022,-9.81341739252476,0.0005886710763240564,0.0012489878031240092,-0.0018366037393602941
227.89999999999134,0.008097481526639009,-0.011973122934635712,-9.808561833678754,-0.0008940619407885004,-0.0006536314538864296,0.00020870226667945733
227.99999999999133,0.00015467298402666211,-0.011455719625397555,-9.808550719315663,-0.0016183472296072991,-0.00078690983418267,0.0003848697773620376
228.09999999999133,-0.0013654866428490732,0.0005496004515614946,-9.801891904360494,-0.0010920497270484558,-0.00022050138777493633,0.0008684646745114717
228.19999999999132,0.00544078026338156,-0.010287639607049657,-9.823684207891194,-1.0808451671961904e-05,0.0007145399102631939,-0.00165044504518005
228.29999999999131,0.00858451974755364,0.003465682244672977,-9.802941863187076,0.0009214127009383298,0.0010259609209756614,-0.0007634692461491228
228.3999999999913,-0.02249015195086507,-0.017875609314326243,-9.807772804273423,0.0004486254759815556,0.0009611030507042093,0.00045936685059705927
228.4999999999913,-0.0038264385484385074,0.003274842312143162,-9.8207445617054,-0.0005109478470229692,-0.0007112813973217618,-0.0003416193932616175
228.5999999999913,0.0034934882546194986,-0.010888165314657422,-9.821013322962553,-0.0012249455920206067,0.001075470167311616,-0.0012101210181490758
228.6999999999913,0.02104063014104589,-0.000465997797628968,-9.81119640575583,-0.0010837055244425128,-9.429684847665509e-05,-0.0006527571670119212
228.7999999999913,-0.01025970765008843,-0.023518665732434888,-9.819548251009783,0.0006498554610281216,0.0011435678901038984,-0.0004520286285446248
228.89999999999128,0.010306841170102323,-0.0067063452187444495,-9.80679165333739,-0.0001814524894628161,0.00048664206869597406,0.001536899303889542
228.99999999999127,0.007132703760961684,-0.004395194514004155,-9.81694943801421,0.0008243985810566009,5.066234260989398e-07,0.0011665962221584674
229.09999999999127,-0.019092058404741298,0.0012432274246211978,-9.806833835160166,0.0010059567692961044,0.00010471758590962429,0.0009468159020321433
229.19999999999126,0.018186919166857243,-0.005951577651604606,-9.808230309040287,0.000752417438900772,-0.00038911882937762787,0.0009891001114100215
229.29999999999126,-0.009231623859255881,-0.005041484839346684,-9.819927345064988,-0.0004096654117678492,-0.001164531062850653,-0.0005451985308249316
229.39999999999125,0.003823370951124089,-0.009478793075097828,-9.81117944457748,-0.0025891673937663657,1.5222028860906602e-06,-0.0001833058228417052
229.49999999999125,0.001969842360256505,0.004419270307788252,-9.79855764979189,-0.0004906618641788112,0.000898557274828089,-0.0003397362178471676
229.59999999999124,0.02720720152996455,0.006220246973741006,-9.800730981794786,-0.00042736260925528585,0.0002307280694293981,-9.3089935712173e-05
229.69999999999123,-0.011848067581653353,0.014934214633709609,-9.811796459553706,0.0008797540270441571,0.0009152902020641584,3.1932701265188244e-05
229.79999999999123,0.00928479121416836,0.015383589678760889,-9.79025914479928,-0.00011898565672562901,0.0015602644531998357,0.00016234279178222193
229.89999999999122,-0.004178229389034709,-0.00932057917151398,-9.829028889712626,0.0018864603925937882,0.00035942469962253396,0.0005966096867705378
229.99999999999122,0.011978637494133628,-0.006899622865389976,-9.813050930701335,0.0005030660160381057,-0.002018967338247339,0.0005407309496215443
230.0999999999912,0.009575514507531632,0.006078677449237769,-9.802637797633993,0.0010029796042791538,-0.0021096880166889403,-7.101457053820099e-05
230.1999999999912,0.019903971933883484,-0.008374001730375103,-9.808663870453692,0.0003987993258494224,-0.0003125277306188539,0.00018433659684810686
230.2999999999912,-0.008700193725101068,-0.004715301822722194,-9.823819766358815,0.001359423894380888,0.0005344623484398198,-0.0017258039481585629
230.3999999999912,-0.012619026623038005,-0.003217703109709773,-9.825856097281308,-0.0008870425420621341,-0.0008261214152307738,-0.0005265369546517961
230.4999999999912,-0.011668196552017774,-0.003604024714490192,-9.792595416371658,0.000955042772949023,-0.0011401555682666068,-0.00038946557123777206
230.59999999999118,-0.013452047601849737,-0.007082810640221056,-9.797771315486782,-0.0005478548755944196,0.000826572933424479,-0.0008170775184444765
230.69999999999118,-0.008117403386798814,-0.017303666312509628,-9.82575331487844,0.0008990278454879178,-0.001060877932785617,-0.0012118534558899017
230.79999999999117,0.004575638164173549,-0.003406441282933987,-9.810872469488581,-0.0012070743996851967,0.0015723217604432023,0.0004733675202814324
230.89999999999117,0.0010583933381937737,-0.01658013746818034,-9.804898673597991,7.706207261732695e-05,0.0007523401145532241,0.00011113163880859098
230.99999999999116,0.01468725135772715,-0.013935805367987573,-9.828819276914494,0.0018016152671660954,6.0621851819044196e-05,-0.0006684102904318696
231.09999999999116,-0.0013056313507795922,-0.001986428296111974,-9.815105437915811,-0.0009497978694905128,0.0011650067056971018,0.0007473940245614625
231.19999999999115,-0.010352068784895068,0.010371434813888573,-9.793310068664733,-0.0005700359858513997,0.0008950059253789606,0.0003834197003902394
231.29999999999114,0.015731050043444515,-0.0016709734713297394,-9.805570844550425,0.0016990707377754935,0.0017616715094491034,0.00021856722184675022
231.39999999999114,-0.00310433460852416,-0.013294323763054972,-9.804074993466479,8.695228028740902e-05,-0.0003984456952143689,0.0005691868379758354
231.49999999999113,-0.01413497573211632,-0.004567573091427747,-9.814761350264336,-0.0016593544602386782,0.0008383474172347293,-0.0009315528872031307
231.59999999999113,0.013326165050438682,0.010158726688345911,-9.807024337291368,0.0011480280860304366,-0.0013827052516340458,0.0006801260396964664
231.69999999999112,0.006103502616845263,0.008231490248611797,-9.815872805243746,0.00037530168849391854,-0.0009796360246730209,-0.00043778323678041094
231.79999999999112,0.02314425580955213,0.0006771711697367575,-9.828438119711715,-0.0008904819117229317,-0.0009182504587656853,8.542958469889337e-06
231.8999999999911,-0.013073614077252339,0.011425265881210457,-9.801814690952215,-4.1604520833243555e-05,0.000635422608111804,0.0005759517511075505
231.9999999999911,-0.002731141803199866,-0.004877108769979808,-9.827727243276405,-0.0024174907120438228,-0.00043536829123790597,0.0005689632281498224
232.0999999999911,0.005195571662790611,0.006961017053880298,-9.81084125187451,0.001347153204942939,0.00013422511676914762,-0.0005864701702129077
232.1999999999911,-0.0010230520161466706,-0.006207734140374059,-9.804687441508813,-0.0011973607585278295,0.00011463552278233656,5.723530325182637e-05
232.2999999999911,0.009386445989415581,-0.013366136683488723,-9.801324216438811,0.0014295075744657916,0.0002792534990378067,0.0002997901918798582
232.39999999999108,0.0009878940001711643,0.0017135627313927546,-9.809001353847968,0.00033019534358640047,-0.0010177615569654417,-0.0004463289855733366
232.49999999999108,0.012881345247354474,-0.0024353878354205598,-9.797168574859027,0.0012944593918360532,-0.00038162431262728826,-0.0010362772116622979
232.59999999999107,-0.001627992148057443,-0.008557474339750274,-9.813766992712072,-0.00026540931556976496,-0.0001954115203974727,-0.0006801157624022554
232.69999999999106,0.00925814034655898,0.00653963631592801,-9.821563512472144,-0.00044538138939474357,0.0012783294820336974,0.0013704496234950925
232.79999999999106,0.007168987342819902,-0.025381763239227834,-9.798469808996431,-0.0010479068423968104,0.0019825015554611313,0.0015382032717500653
232.89999999999105,0.008877552636829347,0.005453470794311367,-9.807554275587874,-0.00022097865539855307,-0.0012735929871451155,-0.00029895854824417157
232.99999999999105,0.01753712126936627,-0.0035189850860958055,-9.812674151904986,0.002301414514757138,-0.0007798349659344282,-0.00021766773446219945
233.09999999999104,-0.009165366381171521,0.016356532923276,-9.819976029718703,-0.0017415148928103202,-0.00033008759132016407,0.0003373912527601879
233.19999999999104,-0.004693250716798653,0.009494924054908614,-9.799203196871227,-0.0003076451622140152,-0.0014202634327135212,0.00035664350140977727
233.29999999999103,-0.004920413157843601,0.014162172088930794,-9.800414973415378,-0.0012399228999578056,-0.0017241885297937065,-0.000390094995692867
233.39999999999102,0.010561388530776396,0.007213751708035814,-9.790249081224676,-0.0013136963439912188,0.00015699584128231982,-0.00018492073650266242
233.49999999999102,0.006003395503171519,-0.005443345937725616,-9.808064849583102,-0.0009278886686152817,0.0005917628684479405,-0.00023404502301409763
233.599999999991,0.0010202236383128223,0.006984032989047092,-9.820710212465213,0.0008223335510885636,-0.0014742324382865566,0.00024446811602783444
233.699999999991,0.0056742275556323956,0.007968141923380835,-9.801249386925909,0.0009921351665878966,0.00028980260347354644,0.000456440118965151
233.799999999991,0.004089688625859991,-0.003967093266707292,-9.830441861482324,0.00021997330814669486,-0.0019492050341247589,-0.0005867472542230894
233.899999999991,-0.0033670224233824696,-0.0038710387233110593,-9.808007611590856,-0.00097276437448495,-0.0017924923657421463,-0.0007330169627612652
233.999999999991,0.010225099784616757,-0.016119545574803995,-9.81621213117366,-0.0030322216850955466,-0.0008012540558448095,-0.0003278154420166731
234.09999999999098,-0.006086685016711853,-0.0037952886189868964,-9.82260677804297,-0.0014708041824292495,0.0003199448829775057,0.00019568362655421833
234.19999999999098,-0.004917543776854257,-0.013886866956810049,-9.814490484378652,-0.0005592950777985478,0.000555397054274984,0.0005468252111524944
234.29999999999097,-0.01709615878473466,-0.0006447158701923503,-9.807510446602285,0.001165781083524308,-0.0008994843309072792,-0.0007669607108071146
234.39999999999097,0.007586888883847005,-0.009597758958390198,-9.805540770815941,-0.0014312060313671456,-0.00011345911342064787,-0.00031452539138605894
234.49999999999096,0.0015501863122853589,-0.004245464760545855,-9.81336481440448,-0.0017918393811450033,-0.0013423451466449431,0.00020436055391856046
234.59999999999096,0.008173491830952504,-0.002894995065343892,-9.827152564532563,-0.0020609148794333856,-2.925703953193894e-05,0.0006835044497362892
234.69999999999095,-0.014580556390318718,0.010132972922752595,-9.81953711699787,0.0004078719501378192,-0.0006690945276951663,-0.00031350393202620114
234.79999999999094,-0.0026269135073441665,-0.007641452077034817,-9.816048504963002,-0.00035833688295045505,0.000982646234871592,0.00011362273534550532
234.89999999999094,0.005543412576396725,-0.0035237160420715646,-9.80572976045425,0.0018356743569618434,-0.000908013363912611,-0.0015784708630295202
234.99999999999093,-0.007285283707144194,0.009899060163937205,-9.790156308304688,0.0008876626307068153,-1.2432580400544919e-05,0.0008848401342674658
235.09999999999093,-0.0033521380292707826,-0.021122504911222077,-9.81423294956328,0.0001318478040841661,-0.0003735930809203386,0.0006635410370454671
235.19999999999092,0.0025938665496653642,-0.006271136165470036,-9.812455439001402,0.0004810866896030269,0.0014099235133223315,0.0011277580735726048
235.29999999999092,-0.011100219890461902,0.006407086597855687,-9.809150915210711,0.0004697980122544535,0.00016992794943271986,-0.0013953522436872994
235.3999999999909,-0.0005128117407326724,0.012071080021196876,-9.827826684685235,-0.0013000601850831892,-0.0013449612696915226,-0.00119131049437666
235.4999999999909,-0.01537619304366674,-0.0073848674708904575,-9.829673724598681,-0.0007275337435914651,-0.0001480995377860978,0.00014991740856718747
235.5999999999909,-0.01004739025140191,0.010379156683176604,-9.801973697862383,0.00018031936253253908,0.0008320641466582365,0.0003392872350665106
235.6999999999909,0.002274524435933776,0.0024375774278922293,-9.799954377775157,0.0009232384817777095,-0.00019498728561483187,0.0002501692020043246
235.7999999999909,-0.0010864680520194106,0.0011782802312353935,-9.796087324008456,-0.0009407852101325092,0.001275668921003537,0.00044678018241839975
235.89999999999088,0.0005836858842572597,0.008901396437504734,-9.817405878425536,-0.0009532500823701312,0.001594402083434785,-0.0008253641448566041
235.99999999999088,-0.02001207490069364,0.003120267956161336,-9.81764746066533,-0.0004141251573680904,0.001053331870504786,0.0026046994223817466
236.09999999999087,0.00611116715525185,-0.002262150260653699,-9.812316108052341,-0.0005446160395754566,0.0016739793040170337,0.00279816795897445
236.19999999999087,0.009587792048535855,-0.0008601389444789836,-9.818849883015853,-0.000751654202856594,-0.0028406033839958934,-0.0008357434220853642
236.29999999999086,0.005455085244328983,0.003786173746410824,-9.800291746958017,0.00035241546424277597,-0.0001615859447069066,0.0008907394482598057
236.39999999999085,0.004012846336289706,-0.016217471994740697,-9.809540761344394,9.914355824572994e-06,-0.001447992160293265,-0.0010639476855958477
236.49999999999085,-0.013383607178248429,-0.001731087044736611,-9.80593428007308,0.0007807595438308702,-9.157950725851255e-05,-0.0010920801844364824
236.59999999999084,-0.015305996518503529,-0.005308897449563306,-9.802717907371406,0.001297277821550582,-0.0002898835652928295,0.000783249464767459
236.69999999999084,0.012920280718504467,-0.001420696211799655,-9.81097792958571,-0.0015482141146222193,-0.0003495541468914392,-0.0012114983341277488
236.79999999999083,-0.012787897045294603,0.002060184011976086,-9.807124774599922,-0.0007670165925080218,0.00045382766551303516,0.0014809885111193735
236.89999999999083,0.021219650978968215,0.016174281539953463,-9.793173292519114,-0.00016922620975405014,-0.001473725028230719,-0.00026061911675645825
236.99999999999082,-0.005095487359664791,-0.003821838602684956,-9.806981402629285,-0.0009515716795988271,0.0013957893950185306,5.0402278550081516e-05
237.0999999999908,0.00695898941652955,0.004315300485078784,-9.82593509116778,-0.0021502208748521543,0.0004954771200299674,-0.0005578090344067009
237.1999999999908,-0.00041028930734504095,0.012012842367655985,-9.822163225347726,0.0007485276044864634,-0.000418816216076229,-0.002238670231463233
237.2999999999908,-0.0025380105335457647,-0.004424172297583204,-9.819016361085131,-0.00011554143809438368,0.0006969305250640396,0.0003918887262317376
237.3999999999908,0.001958989217774474,-0.006120642728018876,-9.816957225890286,0.002536976673726625,2.949218526512302e-06,-0.0005467243485571975
237.4999999999908,-0.002376879855561425,-0.007484871087188897,-9.803011242756705,6.477879989473646e-05,0.000795166084463019,-0.0008233657310430476
237.59999999999079,0.012637654895870584,-0.004543983737901474,-9.800072802608813,-0.0008147976995483097,-0.00038948463632029425,0.0020512471572879335
237.69999999999078,-0.015522119694812271,0.002873757841729706,-9.813488790700232,0.0003175533412716973,0.0009885057967828881,-0.0009688882170821087
237.79999999999077,-0.009591189998049131,0.012076805584520693,-9.81322779658476,-0.00034432379958561864,-0.0011892511065007437,-0.00283274708900092
237.89999999999077,0.010435710277414205,-0.0043957875690911405,-9.814112549991362,-0.0027916891525605167,-0.0015421733338195321,0.0014961938147280837
237.99999999999076,0.01961500128269636,0.0044050980933896455,-9.801778821233642,0.00015875316011742597,0.0001334700655125732,-0.0002611729745032138
238.09999999999076,-0.003300489839053469,-0.00291747989996429,-9.783205557549365,0.0007060982547127276,-0.0006049070334964786,-0.0009665222216540126
238.19999999999075,-0.00022763029152807638,-0.0015739939587705969,-9.818204620381767,-0.00160170918084855,0.00027452697154026526,-1.1320543997927947e-05
238.29999999999075,0.023143396786315606,0.006575125275017464,-9.809538926447038,-0.0015529590598586092,-0.000414890663712549,-0.0015429040056292647
238.39999999999074,-0.006489624861257001,-0.0012549489549745136,-9.828182756024985,0.0008038529307718013,-0.0014190361046972214,0.0009503928960548336
238.49999999999073,0.00035556162125976017,-0.006717918680776896,-9.800450892673089,-4.5867138677745265e-05,0.00014270580694619844,-0.0005738201990732167
238.59999999999073,-1.8742802317185556e-05,0.007782408470860879,-9.800614743848724,-0.0004078987387467056,-0.00032815201431120127,-0.001259825078769862
238.69999999999072,-0.0025076276969648328,0.006170236178523736,-9.802643716914906,-0.0002164359624901778,-0.0011235578204943479,0.0012667571927813214
238.79999999999072,-0.016066934068522925,0.012196156302170141,-9.794618336131977,0.0010404034571019193,-0.0007414915478087874,-0.0006083433404722498
238.8999999999907,-0.010097584496281039,-0.008042788965815348,-9.82019021248798,-0.0001961196378546775,0.00015134289168169978,-0.00046252917612883395
238.9999999999907,0.0008396674487685728,0.013765078629978564,-9.810335897672546,0.00014233153574591393,-0.0014954758503564526,-1.6090670051490567e-05
239.0999999999907,-0.011160726717389536,-0.005083362539626336,-9.796098508421993,0.001101225251883873,-0.00019449012840096352,0.0008285929038266326
239.1999999999907,-1.6710534234166757e-06,0.0037695984904855652,-9.809365124143426,-0.0005253895654714413,-4.7239727117891165e-05,0.0007519009325362867
239.2999999999907,0.008433293775004309,-0.009703645518313011,-9.809182653428064,-0.0011538229696719793,-0.00020260761830957118,-0.00023356512793086027
239.39999999999068,0.017115224524192677,0.00480564667340548,-9.804399046423397,-0.0008301154538338478,-0.0021163805330061945,-0.0008575530442567645
239.49999999999068,0.00974960772122824,-0.006908574813121117,-9.80933326952838,0.0009567753682713411,-0.0007677257492667908,-0.0017839428745960266
239.59999999999067,-0.011046169843921065,-0.004872411390961971,-9.79357915738449,-0.0008990645142433973,-3.303773377654836e-05,-0.0005329043407955206
239.69999999999067,-0.008076629208542858,0.0006084302654058025,-9.80809730633877,-0.0006907238115458274,0.00034058927299791407,-0.0006865371722688325
239.79999999999066,0.006601557791986441,0.0006066759832585989,-9.810501965275959,-0.000621452169485368,0.001042345883963476,0.00030991410912818186
239.89999999999065,-0.004594231416731841,0.01732719399028856,-9.80576516237826,-3.496679066629815e-05,0.0007862456191466441,0.0004666413516295947
239.99999999999065,0.0074646473426373565,0.011447299376271506,-9.826777370029236,-0.00012110918293343376,-0.0004998509200375745,0.0012171786827882855
240.09999999999064,-0.0008074732514788788,0.007445884332237571,-9.820189695551962,-0.001218609453491324,-0.0007670745786800272,-0.0006431028635438859
240.19999999999064,-0.004238547421804733,0.00836812019898361,-9.820844254061445,-0.0010294010270705852,-0.00014225030017439434,0.0001542643081436838
240.29999999999063,-0.0017001752913635541,-0.003402868011354678,-9.822035304751832,-0.0006398547878877913,0.0003517785891292482,-0.00017849428326488544
240.39999999999063,-0.005284604521150491,-0.017284493674101332,-9.797753883558544,0.0009029500310431545,0.0006743978734454896,0.000993836601876186
240.49999999999062,-0.010372470802193706,0.0030165329915947665,-9.795814310940775,-0.0003269311841327798,-0.0012845009952781217,0.0009040997028566007
240.59999999999062,0.006421385622313251,0.005636843659533458,-9.807077365146103,-0.00021783221895633684,0.0005915035011723376,0.00019299474538084723
240.6999999999906,-2.525567983923682e-05,-0.01158904037076482,-9.82037947761337,-0.0002567172717928848,0.00011343489494639649,0.002771029493793169
240.7999999999906,-0.00830774586170905,0.010220545914654796,-9.823290144529187,-0.0007613734399003328,0.0016333016582292395,0.00044454549582238713
240.8999999999906,-0.017173826978758598,-0.0011385711097765753,-9.801773752063927,-0.00042448973153531904,0.002777784325445453,-0.0009416502999017918
240.9999999999906,-0.0022003012037543693,-0.013669967151617543,-9.798548112661116,0.000560753447435215,9.150908319098473e-05,0.0006366955226266064
241.0999999999906,-0.0030845369735582055,0.017985456023006816,-9.806421782404103,0.001575252344275858,0.0007559175552275947,-0.0006115553763781775
241.19999999999058,0.0014096876346979654,-0.011038466243412925,-9.821494660128808,0.0011029694203752148,0.0008423715933521666,-0.0003005284616918066
241.29999999999058,-0.0025456171652821404,0.00606221714391019,-9.79862377539814,-6.79229638106422e-05,-7.151413694327959e-05,-0.00042581682579875943
241.39999999999057,-0.002841854575386608,0.002358830452203652,-9.79167475957207,-0.00032960136168482776,0.00012840466194764477,-0.00013451491255956746
241.49999999999056,-0.0027924320050743546,0.011236998229430768,-9.818852820202558,0.0011199127914208536,4.374078578358861e-05,-0.0002101356910838111
241.59999999999056,-0.020422066452895776,-0.007241898139260178,-9.808700535606839,0.00045011996300595733,-6.621383308896341e-05,-0.0012311142436431896
241.69999999999055,0.0187744126944625,0.009971496171107598,-9.7910867412738,0.0003420912062773156,-0.0020384542694182064,0.0004865407339995768
241.79999999999055,-0.000825019892771397,-0.0014051589624328202,-9.825053085055407,-0.0005566690906278197,0.00015774874226346975,0.0008304186119470704
241.89999999999054,0.009468657166827986,0.0014242551447343865,-9.817884095892254,-0.0009808840912683622,-0.0004508148903734967,0.0012744077858205978
241.99999999999054,-0.017039161795351115,-0.0007681318221572169,-9.79763276491423,-0.0018345531462271663,-0.00023223791849874553,0.0007463160354557511
242.09999999999053,0.0004325921143009648,-0.010041049702374936,-9.800002947703684,4.588854868064629e-05,-0.00038280377618840535,-0.00036603914586950064
242.19999999999052,0.022424131343447545,0.012990343652691399,-9.827116694122237,0.0008043264816168409,0.00010446451592589507,0.0006054440553974404
242.29999999999052,0.002498573338916216,-0.0012737184826571305,-9.81070064777401,-0.0008513970692623517,-1.0275592267630067e-05,-0.001397437076842627
242.3999999999905,-0.005108472357601871,0.004925601861169132,-9.804215552155686,0.0001299192948576587,0.0011696095635434205,6.830111055836092e-05
242.4999999999905,-0.006757663737221789,-0.01660620634806919,-9.799937954451664,-0.00028182270226762,0.0010864314164349801,0.0005615290413375433
242.5999999999905,-0.01107809985487682,0.024118443023493745,-9.805500642540089,-0.0010795685683938061,-0.0007744607534450591,-7.913968314147791e-07
242.6999999999905,0.006398902570015045,-0.00045482809857677636,-9.81963737270604,0.0011271689054906065,0.00019221381383157925,-0.0004844695002792422
242.7999999999905,0.005873305963586585,0.0015230463802668756,-9.80138002593668,-0.0005755781353743593,-7.390856969910774e-05,-0.001907828185550499
242.89999999999048,-0.004663284653321488,-0.007900689422512175,-9.79947206262912,-5.135394604423667e-05,0.0019199554456157193,0.0007799294489254883
242.99999999999048,-0.010778993389875858,-0.0013101965715441894,-9.81468885482842,-0.0009250457771136471,-0.0008709536970974616,0.001406953099214325
243.09999999999047,-0.0006814369255978077,-0.004113068787155956,-9.803350138238086,-0.00025609543400610007,0.00012827111288178785,0.00011099885952442038
243.19999999999047,0.003831231442963475,-0.010352749829655332,-9.82845558094909,0.0012626347231952044,-0.0011139249304232509,-0.0014959024387353654
243.29999999999046,-0.016064286622548333,-0.020930939038614094,-9.819044947131427,0.0013445977432109835,0.0001639983152639757,0.00011227386604287695
243.39999999999046,-0.0047958885681745455,0.013232265370163403,-9.8080929482297,-0.0004949934166318744,-0.0014320558775427806,-0.000475588054905909
243.49999999999045,0.0002248789803238972,-0.006340637511238232,-9.812797865697902,-0.0012872658768194147,-0.0005286351394622146,-1.6976117555076487e-05
243.59999999999044,-0.023707139913795663,0.011112687729550121,-9.802155550652495,0.00042507499287192097,-0.0002298192828238631,0.00047447437146005137
243.69999999999044,-0.006592705166248256,-0.018441618226872316,-9.814192759426875,0.0003169486596989974,-0.002024208990773398,0.000859535677279459
243.79999999999043,-0.0019702577671943562,0.00013239380734416905,-9.819929250374791,0.0006327125808747097,0.0009569048824051543,0.0005353175522237023
243.89999999999043,-0.00876417507800281,-0.0038345696695738607,-9.824221680807662,0.0007783947820561198,-0.002293296302358011,-0.0007254158001147485
243.99999999999042,-0.00138954329222606,-0.002290912981464672,-9.80247960430215,0.0007093098031326669,-0.0004385821801412004,0.0008443954705545833
244.09999999999042,-0.001961536022774336,0.009722111388308306,-9.801008560384762,-0.0018305980688639487,-0.0005013122961012763,0.0016348844795670155
244.1999999999904,0.004365919981416559,-7.138231019791846e-05,-9.81562634434259,-0.0007736255283330712,0.0005744243036032953,-0.00015357076920164472
244.2999999999904,-0.0059401370324663385,0.0007415558976612605,-9.815098242109553,-0.0008011275354661878,-9.000221808618775e-05,0.000728790083395998
244.3999999999904,-0.012143035175836899,-0.009202323031721266,-9.80540349492239,-0.001143353588603948,0.00017861012062559081,-0.00013053341589933586
244.4999999999904,0.0018159004151549608,-0.008168543721786391,-9.801807188030262,-3.86950403518085e-05,-0.0018046515745664753,0.00021958288110464987
244.5999999999904,-0.00982208134679055,-0.001901179721382128,-9.803619302318308,0.0008328673371010802,-0.0014263069722465615,0.0005450924885252491
244.69999999999038,-0.02079432542362614,-0.0051881922833783775,-9.808159514722531,-0.0008202154774967079,0.0002942381566747757,0.0013069910100196834
244.79999999999038,-0.019923363183828768,0.010140641844087875,-9.8388988378743,-0.0009751905749846408,0.0013353207411226256,-0.0004371537059840038
244.89999999999037,0.004448712021736971,-0.00016548375021128013,-9.815596545410765,-0.0013839652707053225,-0.001705510918913162,-18.59563290867714
244.99999999999037,-0.018702191597850998,0.004177881232355887,-9.809351254396542,-0.0006778508263571404,0.0006623045681665433,-0.0007462132022430434
245.09999999999036,-0.008406002565891019,0.018296413001025393,-9.806730863084676,-0.000729120237285144,0.0011938613670287245,0.0009200513636228617
245.19999999999035,-0.018340333623015553,0.003531381968223664,-9.815064598198076,0.0007840033687857315,0.0005828444462823605,-0.0009361786111195316
245.29999999999035,0.016512876132421674,0.00040982440099363254,-9.808323296373302,0.0004914750810152522,-0.0006698858970626471,0.0006488244952238496
245.39999999999034,0.010380589563628147,0.00035660734789138464,-9.829457152240321,0.00021961120624443308,-0.000230585867618981,0.0012799563234226618
245.49999999999034,0.0020875257361739888,-0.016949713912081207,-9.813804251521981,-0.00013436080943815169,0.000955203378161634,0.0003371990865478748
245.59999999999033,0.0031888115507074694,0.010126216347984463,-9.806417676458757,-0.0002896666672661876,0.0005705957534467923,-0.000661321858690823
245.69999999999033,0.020821485646322153,-0.0003803620782332655,-9.816518770448068,-0.0005847127414266933,-0.0010572922674860529,-0.00027176107462523744
245.79999999999032,-0.019537778246236003,-0.024812578224225553,-9.801996894012573,-0.00023509505033508235,0.0004815538613030797,0.0006790498868370925
245.8999999999903,0.007298733297434931,-0.0018416432308185939,-9.788921551937946,0.0002803430165988064,0.00019908038530908693,-0.00032284996216332444
245.9999999999903,0.006780399334969053,0.010466831579149403,-9.81712596837614,-0.0008200006988712836,0.000373527588893526,0.00022280586503445665
246.0999999999903,0.017751588183183283,0.0061605310061123636,-9.802043311849365,-0.0010859996213274724,0.0006824520345069801,-7.865856526340011e-05
246.1999999999903,0.0019214561067983703,-0.0060312650549393075,-9.792607314785945,-0.0007382123752499813,-5.3229073421696086e-05,-0.0005119551162263141
246.2999999999903,0.009879737269708257,0.01595645808219746,-9.811610135581274,0.003069091550108683,-0.0016993531014299385,0.00032952612087579957
246.39999999999029,0.0032379318786576634,-0.021162789113713113,-9.8206202227509,0.0002023561387353413,-0.00044887444567812335,0.0007068681989602224
246.49999999999028,0.0011790745998689228,-0.003961935688364758,-9.797732816656213,-0.0002258038813211212,1.955790917056649e-05,-0.0006090645283505998
246.59999999999027,-0.009598306029670415,-0.007702718439942769,-9.802348285865085,0.0004253510593392614,0.0007914438729166566,-0.001686423272106345
246.69999999999027,0.017954980372287915,0.01693054298392217,-9.79702878611497,0.0006030499810372067,0.000821366879731819,-0.001587888708390119
246.79999999999026,-0.006214551535646511,-0.004722046144814091,-9.804105285100862,0.0005742298535094071,-0.0005432280049498641,-0.00048421939197914915
246.89999999999026,-0.01016154650670738,0.014104088096861122,-9.799503387803108,0.00045324609902487156,2.7053382765704684e-05,0.001710735900961807
246.99999999999025,0.025604901447870615,0.014808699227078727,-9.80803735898774,-0.001324517875268596,-0.0014350785959226229,-0.0006313205030656179
247.09999999999025,-0.005841775477959066,0.0018307313672422225,-9.810324404830482,-0.000317469859573513,-0.00023379662532607316,-0.0003571192093362655
247.19999999999024,-0.0020396302907956963,-0.015688868767076626,-9.805368011075501,-6.689869819468174e-05,0.00022972722808311695,0.0006879985009305913
247.29999999999023,0.006904826887358438,0.00848185342259396,-9.798740022701523,-0.001404814515609445,0.00010079783172788396,0.0003225888118467649
247.39999999999023,0.00775770906281193,-0.025913467429179816,-9.826614354851943,-0.0009726697947383472,1.3297112475372945e-05,-0.0011287700569215654
247.49999999999022,-0.011152033823211336,-0.0024738771018794105,-9.815309074086288,6.65700337579215e-05,0.000500719536657806,0.00011547079912972634
247.59999999999022,-0.0007277665070170511,-0.006414077017667777,-9.81007672097731,-5.8442336776220295e-05,-0.00012272591995978095,0.00028696449983868944
247.6999999999902,0.016667211958939554,-0.007091174477814991,-9.821504663206236,-0.000734849233662,0.0016885979523237628,-0.0013832300889116214
247.7999999999902,-0.006100584393948733,-0.007443530194132411,-9.810577258278508,-0.0009479299453603123,-0.0003751514205078124,0.0007273440445019437
247.8999999999902,-0.0032834534024751634,-0.01645090041380744,-9.822479188321163,-0.00024935918636052233,0.001025667309131978,1.7781648192665413e-05
247.9999999999902,0.006926316698886931,0.007033370803272181,-9.83017352524271,-0.00016933962005914586,0.0011635967161201725,-0.0016315831235492603
248.0999999999902,0.011346984859078596,-0.0027423388520149746,-9.80863365835395,-0.0016597101686474372,-0.00025719950103328355,0.00011876775002689905
248.19999999999018,0.0027212517421381635,-0.009004510017826256,-9.80943757333788,0.000385101682938218,-0.00042095368721133705,0.00016137634028497367
248.29999999999018,-0.007371969300255396,0.009433323340698041,-9.804944936197657,-0.000634013789175949,-0.0005954330991551826,0.002713668801516449
248.39999999999017,-0.006675760266055475,-0.009621837018945785,-9.813400105915388,-0.0008125720915565909,0.000456182170390097,0.0007428566052212312
248.49999999999017,0.001540605793756198,-0.016344830709027015,-9.794195070693549,0.0010733822327443434,0.00046654199960412414,0.001450709940966359
248.59999999999016,0.008798707244306129,-0.012333203541233134,-9.821189149102281,0.001671719360846059,-0.00016748933008682695,0.000944228351465746
248.69999999999015,0.012383606438177057,-0.008429762083248991,-9.805142360930818,-0.00010962764453146407,-0.0012664048756110202,0.0005420750974188997
248.79999999999015,-0.006413617906572149,0.0004280488671440219,-9.818588528586313,-0.0003291634478043596,0.00010279881729340712,0.0007054602021435403
248.89999999999014,0.0001038942031212254,-0.00840092197397873,-9.80343989584146,0.0014935366881329481,0.0007012645100316581,0.00010892283820803427
248.99999999999014,-0.01751861572715411,0.003578761370561198,-9.81430760969613,0.00028970299189735426,0.002169061975289269,0.0008918190305388922
249.09999999999013,0.029794105931235514,0.0010814321058299733,-9.810196557250878,-0.0008579241680276544,0.0012979877394404676,-0.001962039191916108
249.19999999999013,0.006289972509097648,0.00399008700995992,-9.819565811492868,-0.0016278732332666757,-0.0009060819669013187,0.00062027131012575
249.29999999999012,-0.00693602786281249,0.0006524466179136175,-9.818220990420265,-0.003230004076100717,0.0001949459184177151,0.0004965781674684823
249.39999999999011,0.003107163520805263,0.011494676864384039,-9.797910436344507,-0.00028815604506598737,-0.0006568340120197846,0.0005731347173526613
249.4999999999901,0.004207334337599571,-0.004518332095065981,-9.80181404683962,-2.7839450357052624e-05,-0.0002864076688673807,-0.0007701589440474065
249.5999999999901,0.019474024627541126,-0.00268589576127875,-9.812179075473317,-0.0003235126114036583,0.0001847332278864574,0.0004768320051293576
249.6999999999901,0.0002082664423372475,0.004853376603553433,-9.801358916146562,-0.0007595579905865425,-0.0005896376701381367,0.0003642631717493112
249.7999999999901,0.006520279171833604,-0.0029397398892232335,-9.793557566939448,0.00010712331285452622,-0.0009404615665350285,-0.0006384040215981846
249.8999999999901,-0.003931388967681519,0.01212307842452655,-9.801796691844759,0.0012204577516276868,-0.000494382883286447,-0.002090039525729307
249.99999999999008,-0.0032929026680846235,-0.011111188175898486,-9.803664014335565,0.0020889170270716397,-0.0005178273419181839,0.0010673939098802079
250.09999999999008,-0.006824666570043847,-0.0015226032721136085,-9.815066975992261,-0.00035940188181574534,-0.001719839786719189,0.0011421972250147223
250.19999999999007,-0.010175377554702634,-0.006492185539899025,-9.803102227833453,0.0001507679026561815,0.0010890607676075606,-0.00019092668951829967
250.29999999999006,-0.013640677784432058,0.005571117263259072,-9.8112849610904,0.0016087076403719547,-0.0003430724736219284,5.347564003330846e-05
250.39999999999006,0.00048719685828738714,0.014621657692786004,-9.806834301093055,-0.0002188990503886676,0.0002430702923186273,-0.0027772723024356402
250.49999999999005,-0.0008105442113922392,-0.0072712511332683714,-9.806286431448873,1.746341945717426e-05,0.000598038629508584,0.00042079123213261543
250.59999999999005,0.0006574920809494621,-0.013629536515829,-9.804979958363843,-0.00047083595949763614,-0.0015101766218834805,4.4650927306897117e-05
250.69999999999004,-0.003123231543183459,0.0041817220825036625,-9.799901833782025,0.0005245213220622963,0.00025194045389750896,-0.0018127903177300717
250.79999999999004,-0.009718193564221553,0.008706756296883979,-9.82342380370019,-0.0015526221136617795,-0.00039460316706584894,-0.001703856871557936
250.89999999999003,0.009567268626940136,0.009362522649091567,-9.812149300983544,0.001107020246699351,-0.0007093432589609797,0.002061846670873248
250.99999999999002,-0.0017524429876176987,-0.012543387837563874,-9.807834635911332,0.00041775103653754085,-0.0005979694658467436,-0.00044652561108164034
251.09999999999002,0.0029831901292963954,0.013302336494328899,-9.807329251395704,-0.000917162769520132,-0.0006013103846682202,0.0004965189620120621
251.19999999999,-0.014550557399502456,-0.0023276225536930624,-9.807762022165843,3.520981648771375e-05,5.6790530955264154e-05,0.0010566325277616615
251.29999999999,-0.013712122859365126,0.010071549921299659,-9.813367881126881,0.0007592851610861088,0.0009008320501197564,0.0011861506947338633
251.39999999999,-0.010350992224700284,0.011877035175358262,-9.783214871021618,0.0007242091136526952,-0.001766498734511274,0.00035205825181490626
251.49999999999,-0.006005824890115232,0.016015115356083798,-9.810598197594556,-3.2703093021112015e-05,0.0010782256056638682,-0.00030985308462310693
251.59999999999,-0.005277238248215922,-0.01300437951774065,-9.788147723291738,0.0006233139036843142,-4.880039323676797e-05,0.00012197525440432432
251.69999999998998,-0.006074036035297678,0.0021428772018251417,-9.809165921151822,0.0008480074439741279,-0.0008805539303235299,0.0009075814136949199
251.79999999998998,-0.006388986108560525,-0.00227344866743178,-9.800555867551624,0.0010205105834943523,0.0006595529668389382,-0.0014014853535439787
251.89999999998997,0.003121920857080351,0.0036093644344648347,-9.819104771377482,0.0016190512433167114,-0.0008714668834835288,-0.00024042414828021194
251.99999999998997,0.0020540400445777773,-0.017947203959190236,-9.817629341294188,-0.0014350908712715742,-0.0015768267997833259,0.0006969817656984884
252.09999999998996,0.0037854576407988626,-0.011235961221368223,-9.814561743048888,0.0011606657085043673,-0.0015789871594055864,0.0015367170056421356
252.19999999998996,-0.004554018246348473,0.0061218047696096805,-9.819309013882918,0.0008487518244246636,-0.0006176378500209709,-0.0005206034901673565
252.29999999998995,0.009832528128511044,0.004763035213554339,-9.814120201263135,-0.000290298129406363,0.0009127421550812995,0.00043025020676962575
252.39999999998994,0.002038053228659334,-0.009366856928276102,-9.809462835320646,0.0005785472626520847,-0.001226803472142225,-0.0013870514604169403
252.49999999998994,0.002929217139830438,0.006604750878346229,-9.814609098989818,0.0005649195198951931,0.00033279579240328284,-0.0003213454449321077
252.59999999998993,-0.009008266635827964,-0.002961332260340958,-9.801331409826087,0.0008826766488009446,0.0004058286778201646,-0.0005124739310991469
252.69999999998993,-0.02578162740339419,0.006833246458846654,-9.808283699208166,-0.0007354295151822395,0.00099320621666404,1.9820277175175874e-06
252.79999999998992,0.012173794012425052,0.014730137205757275,-9.801566787769476,0.0005216708976793545,-0.0027166545221110915,-0.0015621369307997806
252.89999999998992,-0.0016701507693878822,0.006966272857200187,-9.811901503276367,-9.862925149754897e-06,-0.0003514304020901191,0.0015862690730664211
252.9999999999899,0.0034137602667862715,0.00032752374847990227,-9.809844922843872,-0.0005227493926813209,-0.00016733280716555324,0.00033904582532781114
253.0999999999899,-0.013859434801090897,-0.007551636480158204,-9.808791644511581,-0.0005332501544334002,0.0002707737139443023,-0.0002721174908206041
253.1999999999899,-0.0007181947647255529,0.012500409460922068,-9.804440829928986,0.0006351233106470416,-0.0002652803740187992,0.0005555095555150368
253.2999999999899,0.0008538419812153668,-0.006984374605276442,-9.815129213910858,-0.0005159915833479008,-0.00046104485754139724,0.00032796437725076495
253.3999999999899,-0.004137826514026579,0.0016339702231085516,-9.807683802746762,8.140764961207728e-05,-0.000398704812614148,0.0006413638797313429
253.49999999998988,-0.0020392131856709697,-0.02055176317223677,-9.800100398710994,0.00020829964920427975,-0.0001529580392098941,-0.0006810838025516376
253.59999999998988,-0.003875696390706017,0.0036347360775939724,-9.815237829338818,0.0016928634653540248,0.0005915135397026619,0.0008717518730403123
253.69999999998987,0.017199320075428463,-0.010281227798476105,-9.786571684638359,-0.0003144825731311883,0.0006374529895816415,-0.001556391794074166
253.79999999998986,0.0035379501903168606,-0.02016365449200465,-9.8034032626841,0.0019275361330585066,-0.00043414014984915247,-0.0002659582839085118
253.89999999998986,0.015123422434063517,-0.012122797337532052,-9.806603542996276,0.0008012120772116048,-0.0012677663579367272,0.0013718802431533304
253.99999999998985,0.0012674465858578804,-0.00017627980740774849,-9.799138302384165,0.0012446599020744021,-0.002552815150851582,0.002241399498755153
254.09999999998985,-0.010192191891500875,-0.0021289152966516697,-9.806872724263389,-9.066541174833726e-05,-0.0006119116495625688,0.0012812978880872032
254.19999999998984,0.025911933311681443,0.011416978485477076,-9.813183382301094,-0.0003994099429098977,0.001670095938691987,0.00040637805485037234
254.29999999998984,0.0016326158655803073,0.018116065409834462,-9.803559737953849,0.00012652434816937374,-0.001015391593791994,0.0003277163184219131
254.39999999998983,0.015021563716547759,-0.012404511281840317,-9.814811114242026,0.00025235437795584613,0.0015321386523836035,-0.0010178117813517333
254.49999999998983,-0.00593149631429716,0.0021000398281453164,-9.802077025510934,-0.00016196280183347544,0.00045415592877912775,-0.0009218713578678423
254.59999999998982,-0.007150902119822354,-0.001982488958642024,-9.821497432201248,0.0015568886985049498,0.002463000548495276,0.0012480603353346297
254.6999999999898,-0.003066544539087775,-0.00042883501450278604,-9.812773597034516,0.0011903704790902558,-0.0010092631918681635,-0.0013908219238056969
254.7999999999898,0.013135487337621146,0.002711545826653329,-9.815172839740203,-0.00016126132190974907,0.00012010540577917875,0.00014050343622045369
254.8999999999898,0.02074180087360473,0.0006182718654195906,-9.821407561656827,-0.0001017558063212575,0.001433644555034118,0.002010089520092205
254.9999999999898,-0.0028562787259535627,0.0003207901500974514,-9.815494094363574,0.0007576417431563997,0.0019777331074032796,-0.0011768039730098894
255.0999999999898,-0.0174611618680612,-0.0008469443527056933,-9.809765028034342,-0.00016065621575900586,-0.0008701476781950272,0.00016326890927633852
255.19999999998979,0.008640716077101864,-0.0004256490717665856,-9.797000840478923,-0.0007262717638935893,-0.00054938292005116,0.0008416812127883189
255.29999999998978,-0.0067899538804357855,-0.005332762249889333,-9.821441374882653,-0.0009503774799518439,0.0018471049916822025,0.00016166238013294568
255.39999999998977,-0.011211407597404277,0.0012159443630534784,-9.813797101329797,0.00017285734460030196,-0.0018638391649534695,-7.381025914246291e-05
255.49999999998977,-0.00013678566490316473,0.01930284801980181,-9.803592515933802,-0.0009593395787299928,0.0003883312494913704,-0.0011841355403615656
255.59999999998976,0.0014188986083219913,-0.00015542451483922538,-9.79536279990488,0.0006748112378603166,-0.0017166387525969452,-0.0005634821514773926
255.69999999998976,-0.002812080997707019,-0.009282133062561395,-9.817609544269247,-4.4257231140631815e-05,0.0005668374490424884,-0.00209975006886648
255.79999999998975,-0.0029766223057291507,0.004723702411981133,-9.815742302996181,-3.680191077616886e-05,-0.0003513385370657702,-0.0006242104418805716
255.89999999998975,0.00017238424702309762,0.008105575514928751,-9.83180931581168,-0.0009132209038044529,0.0019655353460088626,3.362152255003846e-05
255.99999999998974,-0.00014050244768736914,0.01728927640999004,-9.812155215764763,0.0008409721814442,-0.00016437569398324373,0.0009937971737141852
256.09999999998973,-0.02445230704703452,-0.008435412692587987,-9.799962556993693,-0.0003847469824681424,-0.0031024163766613425,-0.0015948084406957133
256.19999999998976,0.0032453546640666404,-0.024265237905846955,-9.804081652209396,0.0008522088698686965,8.917376341679585e-05,0.0004949610091186004
256.2999999999898,0.004527082048965346,0.00685431746644131,-9.798035256878583,0.0012331805735066401,0.0005284721563615616,0.001908628319769349
256.3999999999898,-0.003427365127384693,-0.009677624262068913,-9.811660548480052,0.002223321609709482,0.0015360501282236402,0.0011026714981526064
256.4999999999898,0.01558203531006724,-0.014818278831664677,-9.812205555233051,-0.001229754996356168,-0.0008226223092155438,-0.0009812324081618052
256.59999999998985,-0.0021123414929393354,-0.005505414700290093,-9.808464458634974,-0.0007973807586902119,-0.0015568782496505013,0.0005635194183802947
256.69999999998987,-0.0012788385119822162,0.005457965512082323,-9.807520311432409,0.0003668954511065649,-0.00047033615919137,0.0019477322460986516
256.7999999999899,0.022414790837917135,-0.01446975041771942,-9.798605002027246,0.0009818737212006227,0.0005657156630953871,0.0009029340922037471
256.8999999999899,-0.022308803114981308,0.003014663399501229,-9.817721613140034,-0.002003082443914766,-0.00028330577041113053,0.0003244139640431542
256.99999999998994,0.013193034154097017,-0.01651764107921948,-9.807004962541773,0.0008640467971988817,0.0005082425231450013,-6.587783671466643e-05
257.09999999998996,0.010099225792327911,0.008219443465687447,-9.802035138999152,0.00033004521577260877,-0.0009577051778434308,-0.0013624039907983462
257.19999999999,0.0218860056892404,-0.006758723072159993,-9.802684732098289,-0.00037336286322929834,0.0008825847184087683,0.0020998019228743122
257.29999999999,-0.01842420234972009,0.0018380405137854222,-9.81635776432035,0.00038017396645612653,0.0007144413347532661,-0.0010327956331219782
257.39999999999003,-0.003947051999754415,-0.002589272440449367,-9.817429987807992,-0.0006885246718329105,0.0007075802647507339,0.0014697581695241695
257.49999999999005,0.008630933929108749,0.010773128696135923,-9.784517995763231,-0.00041547592449784476,-0.001411529553859887,-0.0013739695544657748
257.5999999999901,-0.019529828376937827,-0.005883763366168221,-9.79017245924117,0.00010367718439173062,0.00041092580546002916,-0.0019813627834405646
257.6999999999901,-0.00013288252761056263,0.007276553425797292,-9.811423773916733,0.0009263483175465731,0.0006471351790195322,-0.0006940030974431789
257.7999999999901,0.004617482075820859,0.005896051069795324,-9.815804500819887,-0.0005123122604395706,-0.0011360005979721092,9.611986188377704e-05
257.89999999999014,-0.005473578446770246,0.012453647570174853,-9.802631715906756,0.00017307641247424127,0.00018414531944951735,5.6731372549033516e-05
257.99999999999017,-0.0073173157016516305,-0.012055516234799233,-9.804684016320564,3.9046125248610364e-05,-0.00023622210886269383,-0.0001834272416747305
258.0999999999902,-0.017236232961500515,0.009210205315937256,-9.809667530438572,-0.0005436645432249941,-0.00028742529072376874,-0.0006660692274637064
258.1999999999902,0.013198721303248413,9.374500625265907e-05,-9.814015510570169,-0.0011764075592560696,9.381144627463799e-05,0.0008381260736953423
258.29999999999023,0.00017666556502695323,-0.008036017723870368,-9.803323443617865,0.001303940195280984,-0.0009619763369757556,0.0011941984215179734
258.39999999999026,-0.010561190859997049,0.01001089521586246,-9.818541016405304,-0.0012976112831838843,8.04456982714417e-05,0.0010221655538710087
258.4999999999903,-0.014068755946930276,0.0003727863804411405,-9.828152819607848,-0.0002514084937954662,0.0009907816920455993,0.0019022820582300169
258.5999999999903,-0.008824518381162475,0.0012700761100143173,-9.804948111112981,-0.0019842924131466054,-0.0005965889833598331,0.0009983091849723414
258.6999999999903,-0.02964631298794419,-0.01243871121491312,-9.831815087216164,0.0006403232083923216,0.0008776279101156804,-0.0012697330712737795
258.79999999999035,-0.005721355764388517,-0.002490215866319476,-9.800428181793906,8.421076906043298e-05,0.0013023752656101295,0.001074926944906545
258.89999999999037,-0.0064661248568567645,0.016019455366740713,-9.815557460252105,-2.473940477466053e-05,-0.002481793537545529,-0.000453802058935483
258.9999999999904,-0.00511454981121491,0.0013473386305486404,-9.815008310594376,0.0015639850936138976,-0.0012393900082893568,-0.0006509355539184731
259.0999999999904,0.0018140225261133794,0.004881292135548539,-9.813561586530168,-0.0008253576045580974,-0.00032496861806848,0.0004337603147443719
259.19999999999044,0.004572784399916741,0.003946751735389115,-9.818036627376241,-0.00012156473868097295,0.0003991862978311484,-0.0010466321017148453
259.29999999999046,-0.0038260810607642867,-0.010590292438508002,-9.820996159018826,0.00024264911056312316,-0.0013807300864308364,0.0006425273659213661
259.3999999999905,-0.009439004094545853,0.0089510173528921,-9.816458682474572,-0.0013115997306788626,0.0009645065303787994,0.0006630513956122175
259.4999999999905,0.012999646737586568,0.005507071561949871,-9.798786797840586,-0.0014753153977046483,-0.00019407126244983867,-0.001552231602034105
259.59999999999053,-0.01366087980759823,0.012124645856318478,-9.805799720946972,-0.0009385567175764183,-0.0003831561618149759,0.0005396035101572988
259.69999999999055,-0.006545020983903222,-0.01697126634398195,-9.801701775588432,0.0006809213278595387,0.0015522729499094128,0.00014683317999391953
259.7999999999906,0.004183030813517963,0.008272912574344881,-9.820519318458677,-0.00043971736427849957,-0.000432395682587935,-0.000849703857447668
259.8999999999906,-0.011844854519722888,-0.004817795620720295,-9.789718671228048,-7.469630319898322e-05,0.0009157234309648727,-3.9431291818446085e-05
259.9999999999906,0.0006330312601260904,0.007395651339614324,-9.809237945927467,-0.0003972973886828391,-0.0009054439071196771,-0.0008705927838817661
260.09999999999064,0.00632088759967901,0.009030496665050852,-9.809881823229448,-0.0012384329855826682,-0.0006785687824929622,-0.000370931370272587
260.19999999999067,-0.015737510627743884,0.0009962684570619877,-9.814355167589005,0.00024748670224631616,-5.940347165128171e-05,0.0006885041494691395
260.2999999999907,-0.010652069716380675,7.743880128634515e-05,-9.80764862070225,0.00024202686119965895,0.0010318766845054462,0.0008512514935450383
260.3999999999907,-0.002954347589114472,-0.017385691773207933,-9.814965643550497,-0.000835674116528223,0.0019826040061752094,0.0011948795757973274
260.49999999999073,0.00032772505637997427,-0.008675483660611943,-9.804348376799295,0.0015750193445316226,-0.00043733373294944954,0.00019157849846149948
260.59999999999076,-0.004672426354914261,-0.016497887025230955,-9.810401825114651,-8.664853483059382e-07,0.0012371777647262427,0.0007434055799283409
260.6999999999908,-0.0002461232128623494,0.0007394698925761781,-9.818272511490663,0.00011001602223035242,-0.0009959586131922736,0.0012122083495368487
260.7999999999908,-0.0011878679780895757,0.009577145352116274,-9.81738461620642,0.0018079098174309137,-0.0007934584930733165,0.0005989459083906365
260.8999999999908,-0.0042476536420490004,-0.0024264320889530113,-9.832334038040417,-5.6978160008540416e-05,-0.0010273712801748742,-0.0011831229545632381
260.99999999999085,-0.005025087020352398,0.024696713868932456,-9.829648819297974,0.0001340790747778983,-0.0012085876735936588,-0.0002806664063104027
261.09999999999087,0.0020756141955782727,-0.008737132603742637,-9.822284004878945,-0.00018638276725667878,0.0004748324511739904,-0.0013210375083766795
261.1999999999909,0.006416603785629911,0.014085658969425357,-9.807524625624088,-0.0006881379599102716,-0.000337930894320048,-0.00014891281671317142
261.2999999999909,-0.005221779126035201,0.015945997108185655,-9.802394195745284,8.730596738250057e-05,-0.0011689727651615959,-0.0008936518230225782
261.39999999999094,0.0008641334927906369,0.021407972518112463,-9.798313566981639,-0.001433984102252153,0.0010430484579998804,-0.0011036372077941582
261.49999999999096,0.007985306932911737,0.005940511823665942,-9.813156460832136,0.0002966813173539385,-0.00030419710220881756,-0.0003890332891362524
261.599999999991,-0.0021995851302694025,0.01326743890090291,-9.816231625352255,0.0008319518252633424,0.00026325289549452283,-0.0021290545752549093
261.699999999991,-0.003455831964629276,0.0039988507677325945,-9.798592285497767,-0.00047577065000332805,0.0016825021653128634,0.0013047035817118973
261.79999999999103,0.00017507604879874546,0.012572645171422512,-9.810991157572186,-0.0024919752950871813,0.0005510955070100635,-0.0003269448714226258
261.89999999999105,0.0050412928833389005,0.004669114419388889,-9.800530410951565,0.0003922744784902981,-8.77604013783536e-06,0.0013598157421051281
261.9999999999911,0.02394639496782956,0.0023900938658490997,-9.815191029443715,-0.001509332667533525,-0.0008147362591979748,-0.0005751120892513894
262.0999999999911,-0.004082256104360552,-0.012720206853808893,-9.831411087886776,-0.0013674712344771088,-0.00031611665998089423,-0.0006314439361049268
262.1999999999911,0.0013706712422764933,-0.015339090216128882,-9.810788932357855,-2.6198466982030186e-05,0.00019649743151900454,0.001195941248779404
262.29999999999114,-0.008561119064063772,0.01201798829450716,-9.8158736561706,0.0009143522293716667,0.0002552209446181677,0.0001109251093238214
262.39999999999117,-0.008396870545971017,-0.025324751667226298,-9.775518558425594,-0.0019241324675483046,0.002209085251326062,0.0004247504065950145
262.4999999999912,0.0009094106941653286,-0.010310822601883396,-9.805785887781944,-0.0003695593511484318,0.0012967174148010535,0.0011211029524552593
262.5999999999912,-0.00996416150518386,-0.023451814334944726,-9.796667657079837,0.0007424837761537831,0.00019479412879786008,-0.0012270627170906504
262.69999999999123,-0.016539580725866938,-0.015585364693731825,-9.81996184983917,-0.0012509123565240712,-0.0014680981333964312,-0.0008280339876123938
262.79999999999126,0.004469567360896272,0.009670236051101762,-9.811042089331794,-0.0013976130484083145,0.00043935697448492224,0.0012182333804757796
262.8999999999913,-0.009168292698603394,-0.0020283735071625437,-9.822858246744849,-0.0013676912948131425,0.0004233633257512575,-0.0005424942114370277
262.9999999999913,0.004519283697480465,0.0068914712476234865,-9.80456556944741,0.00105093042353976,-0.001420338652834436,0.001315566244128275
263.0999999999913,-0.006539628914664255,-0.00412826120833752,-9.812647002198073,0.0005275237784935535,0.0019219769800836904,-0.0003522714047634965
263.19999999999135,-0.005793974131220315,0.0022453259292464045,-9.83701244279849,0.00019637282587045318,-0.0019402875656673309,-0.002217591537502797
263.29999999999137,-0.01034799087619957,-0.006543212782865799,-9.808341566427737,0.0006014745001752399,0.0006700516639208821,-0.00014917076755689988
263.3999999999914,-0.007741621877975804,0.007127657450541357,-9.797811746316734,0.0007045878314821014,-0.002848239034267845,0.0011882131274729407
263.4999999999914,0.014878566593527508,-0.006657470798340962,-9.81826478438804,0.00023063976639461033,-0.0007811509237132544,-0.00013639522142045083
263.59999999999144,-0.015389718519090576,0.0016515168261181374,-9.807152543628947,-0.0012028975237677018,0.00032563230288646647,0.0013842114301554935
263.69999999999146,-0.005745614626693453,-0.001314449034575188,-9.796157045334159,-0.00013853469720039033,-0.0004848230938411646,0.0005110786679165797
263.7999999999915,0.012735954589649434,0.016477851465704182,-9.816723750493765,-0.0005420144437602188,0.0002922815613694986,-0.0008553435032623275
263.8999999999915,-0.01890888924062016,0.014676527640559314,-9.807827554180426,0.0005121201717314691,-5.5216980046992895e-05,0.0010170727767730085
263.99999999999153,-0.02350450112855802,-0.020949351085457212,-9.808943111386842,0.0010826514785300461,0.000921098353198232,-0.0005167672382675442
264.09999999999155,0.011556601375309896,-0.005096713505465801,-9.830273382769148,-0.0005878349348779852,7.699936217060232e-05,0.001550634159029503
264.1999999999916,0.003111779632652988,0.005338554342271743,-9.811410164927862,0.001814419898021348,-0.00041053652187978556,0.0008834885992550876
264.2999999999916,0.0038220597031135843,-0.021567184019301498,-9.814653484364833,-0.0011419071564683465,-0.00018705613612843367,0.002083981585807386
264.3999999999916,0.007772458471800747,0.027167302414872817,-9.81458887612147,0.00012624438066043174,-0.0002560280736745946,-0.0019932879652295363
264.49999999999164,0.004144458167141299,0.004625273638832925,-9.820202162138415,-0.0009040279288662301,-0.00018488824324025083,-0.0014676056976837375
264.59999999999167,0.009394450083268346,-0.005378657592665005,-9.800692196226112,-0.002458614335614455,-0.0001021776988349637,-0.00075229607251754
264.6999999999917,0.004390683876026302,0.0031723437005505,-9.819667193904346,0.0006169174020597525,-0.000812855855562535,1.4355518757935784e-05
264.7999999999917,-0.003754910306932893,-0.013295255220273083,-9.789106195983205,-0.0015638734464079652,-0.0013432004299117222,-0.001420642399237045
264.89999999999173,-7.817546339682105e-05,-0.018963790707986344,-9.813859601808337,0.001530062444854536,0.0017132734516732198,-0.00116403015593294
264.99999999999176,-0.0035496001314361744,-0.003918507376916107,-9.800558203551915,0.0011755637546453051,0.0004352292245995424,-0.0007989520196448835
265.0999999999918,0.001815418473667152,-0.00059440883956197,-9.802832947633796,0.0004035097869172788,-0.0006209228683241823,0.001452409501618691
265.1999999999918,0.0056234923888031215,0.009787608288471361,-9.795164261226981,0.0002784001025249111,0.0001509928802426231,-7.44535909906616e-05
265.2999999999918,0.010330747101114382,-0.0023125944502796147,-9.824974624728261,0.0009139514164667478,0.0002494854433187512,-0.0013800010992870467
265.39999999999185,-0.0023078355633338126,0.022454348996956072,-9.807485520102592,-0.0009121404278875021,-0.0003452405094337019,-0.0018456272943096954
265.49999999999187,-0.007597012920190941,-0.009254169748489615,-9.811778464099259,0.00011262111801480956,-0.00040140913482535333,0.0005356812011560165
265.5999999999919,0.01309217710577571,0.005978434533832911,-9.808985115114021,0.0020147675356352343,0.0013443998486665364,-0.0008328606710280113
265.6999999999919,0.0010992440689944747,0.00574332812301532,-9.821289142432025,0.00036641839453957584,-0.0010528198060299008,0.001063439889504412
265.79999999999194,0.007180919552448601,-0.009767125376716026,-9.7824282000682,-0.0014174391180012665,0.0018247034033804003,-0.00021060039275687002
265.89999999999196,0.0013235564989678198,0.013992595726197092,-9.80504150141585,0.00013184437583360766,6.27841378749051e-05,0.0010652080743557178
265.999999999992,0.0034303596516780284,0.012266103506511592,-9.819608547885148,0.0004746183397659907,-7.402580254187993e-05,0.0011848571857835388
266.099999999992,-0.004879778023146626,-0.004046192215232626,-9.813763397341864,-0.0006407556075176288,-0.0006964544332893234,-0.0007101548818462375
266.19999999999203,0.0008686683305678186,0.00725819724169984,-9.818078904359064,0.00023029742277068434,0.000219416609161446,-0.00011864586081884802
266.29999999999205,0.021583423081585906,0.008127461138891744,-9.804916286184937,0.0005382119314135979,0.0006310853279305048,-0.0011631613500502106
266.3999999999921,-0.008293569457143588,0.002255069953178548,-9.803029451409653,-0.0005904199360247915,-0.0004466399292484724,-7.205929845010049e-05
266.4999999999921,0.003971425874307614,0.00029321370822316865,-9.804904902182136,0.00016560542987167605,-0.00018111057336986456,0.00033933861737432664
266.5999999999921,0.00979854994083215,-0.012629571799855422,-9.807262216833424,0.00023857407751610865,0.0013780222725603792,-0.0005447289301445266
266.69999999999214,9.862241036415705e-05,-0.005688075451620743,-9.811582181784305,-0.0008458872436990986,0.0006931864889235166,0.0008608253457514213
266.79999999999217,-0.008430534733294985,-0.007996755571589801,-9.82776388796541,0.002196673159175394,0.0006107120554078596,-0.0007063722306730669
266.8999999999922,-0.011089135697240009,0.019088882887774203,-9.810497745961918,5.059623065655103e-05,-0.0001780460697577433,-0.0007475969056339463
266.9999999999922,-0.00025385267949564844,0.008589906691830143,-9.82419957406161,0.0005213118173085792,0.000625593665552568,-0.00048726979370417625
267.09999999999224,0.010977317496816604,0.0007404703267673121,-9.806251716981482,-0.0005488140582067698,-0.00048227812301595007,0.0002134180392930465
267.19999999999226,0.007850625273300075,-0.001131782989117284,-9.836277869229052,0.0004094819956522972,-0.000242538951927411,-0.0006533298202648447
267.2999999999923,-0.006690460916199961,-0.00809772915143364,-9.813394792143765,-0.0014269355871704987,0.0005859922668802759,-3.098423582911106e-05
267.3999999999923,0.009300168486357533,-0.02096700989330421,-9.81198898460568,0.0001124919107015548,-0.00019524012426212886,0.0016851658110981697
267.4999999999923,0.004551097771740607,0.00631193267614868,-9.823179165367796,0.0011475794793763185,0.0014705449223098772,0.0007743246592530632
267.59999999999235,-0.0029742224280566876,0.013318326992736128,-9.826060846706373,-4.5188639883499914e-05,-0.0007633527062051482,-0.0009619274872433137
267.6999999999924,0.0010774077721177747,0.0011814886116042276,-9.80714830513536,-0.0009238438417992659,-0.0006602287651231835,0.0013343651436893346
267.7999999999924,0.008503528807471997,0.006756493164215904,-9.826820389056364,0.001279245505412666,-0.0007196500836078143,0.0011437107034963075
267.8999999999924,0.007178007373024693,-0.0010730082104620264,-9.807594444042618,-0.00016874785522275447,-0.00048399944390887573,0.0009328713347066125
267.99999999999244,-0.0015402321252832,-0.002648737683202615,-9.817819175980187,-0.0004580116739461858,-0.00014014979020564354,0.0025872850252230614
268.09999999999246,0.0032291392214550308,0.00737209635286739,-9.812403289743683,-0.0006698504829336239,0.00037462805762831494,-0.0014463419837273085
268.1999999999925,0.0059282773176263,0.0067094710711764274,-9.804504822914394,0.0015170864414227408,-0.0004036743597462555,0.0007084943591198181
268.2999999999925,-0.009862029669447898,0.021080445959448472,-9.820639397980738,3.3795231685725087e-05,-0.0004667388799257666,0.001046231864265228
268.39999999999253,-0.010812310745271099,0.0018271057142086136,-9.809318775806846,-0.00038080575406711215,0.0001791628792236275,0.0002686227355136918
268.49999999999255,0.0011312768764268736,-0.0035768456599154425,-9.808207112979098,-0.0009204629967934334,-0.0007093682109457647,-0.002155676836982376
268.5999999999926,0.017054997110290186,-0.008511782133842407,-9.825547418783817,0.001772470333710773,0.00015159237080887304,0.0002045113169080296
268.6999999999926,0.0025883567087173005,0.016809911759144553,-9.80223982038386,0.0005468027980826787,0.0016794503086493293,-0.0004111668213363088
268.7999999999926,-0.004934658400625709,0.0061648191964843654,-9.792088321013424,0.001823263910203302,-0.001028553471150283,0.001271347564897073
268.89999999999264,0.006757474625947962,-0.008110907033923689,-9.812831823481977,-0.000421169297789067,-0.00036406618692468034,0.0011451246266355423
268.99999999999267,0.01467272142206074,-0.005329964503142521,-9.809622114590836,0.0014301715420872206,0.0006310707902100589,-0.0002188946531914065
269.0999999999927,0.009826820867708164,0.0021438305354345923,-9.816088003170607,-0.00045357035310571457,0.0006482886415348944,-0.00035389651832138486
269.1999999999927,0.005283172643985218,0.00016139718775862115,-9.821505234045437,-9.406892052523133e-05,-4.886457431444107e-05,-0.001800499176299978
269.29999999999274,-0.010526094267121804,-0.0006377068220058659,-9.808549911100311,0.0010849378755200217,-1.9647850614213123e-05,-0.0013441909361646884
269.39999999999276,-0.0033350680517152263,-0.015660521852218803,-9.806076539435047,-0.0004916622880353812,-0.0006533787926260837,9.266309519613523e-06
269.4999999999928,0.0141215590995692,-0.009293117847693894,-9.804118355328573,0.0010227523195038102,0.0019402590217276162,-0.0002614606333912405
269.5999999999928,-0.002871469906993942,-0.010805230654807688,-9.794480663195882,0.0008949817457735298,0.0010303113073022803,0.00023278990337337213
269.6999999999928,-0.0023536964194931747,-0.002561036993585264,-9.813171529734435,-3.977343614511574e-05,-0.00035007713865038974,0.00027349176754820897
269.79999999999285,-0.012199619720102093,-0.00928061595089432,-9.798266261938029,-0.0018789975154980807,-2.431408793644103e-05,-0.00029055075751926996
269.8999999999929,-0.004063310349216728,0.0038958206754589704,-9.824911457671838,-0.00031097309120917084,-0.0008668646890230798,-0.000668944983871333
269.9999999999929,0.003954972233502939,0.012067074336604144,-9.814881521633518,-0.0006827736599608466,0.0007448583138982286,0.0003885474063336912
270.0999999999929,0.0029226852107272477,-0.026945663629571674,-9.786322700974655,0.0006955395360597716,0.00016207704988577788,0.001022618928174784
270.19999999999294,-0.007243043853322191,0.004545293819576931,-9.802782606435144,-0.0008171644136676999,-0.0008424564914902301,2.0327965245356446e-05
270.29999999999296,-0.013307068691025182,0.014707607955600615,-9.804110589266147,-0.000857429315941061,0.00015901869476506268,0.00021264227820820935
270.399999999993,-0.017075425793382414,0.009344885978071373,-9.801647687470659,-0.0013487110582596446,-0.00026548127756688124,0.001129212141993896
270.499999999993,-0.010767248882209679,-0.008383923102348706,-9.803564390537241,0.002516265149441641,0.0007282621433186759,1.7516106723033988e-05
270.59999999999303,0.009941876067913339,0.0021682337409814497,-9.814652926736958,-0.0010354263417797088,-0.0004776466842096082,-0.0007666063830301903
270.69999999999305,-0.0032204824688740596,0.0034169864614081212,-9.812849311322102,-0.0010833002796687965,-8.919538679322222e-05,-0.0004602535045935031
270.7999999999931,-0.008207492445647757,0.009496482561523484,-9.8022477223233,0.00016184257900169187,-0.0005491670604217931,0.001554875613344006
270.8999999999931,-0.008742412556777586,0.0007239444395897121,-9.8159226835314,-6.745852165462011e-05,0.0011371179138558217,-0.0011663035293440177
270.9999999999931,0.002167217740797824,-0.0035266815493766126,-9.810563939617275,-0.0013192639277783442,0.0006272885855844797,-0.00056587982835883
271.09999999999314,-0.014875122751696517,0.0016398345532996409,-9.799797245911028,-5.993265565454677e-05,-0.0005594685569943281,-0.0005270073975945107
271.19999999999317,-0.015403880491246785,-0.017614239487595593,-9.817141614878494,0.001464767831384879,-0.0004263917002479399,0.0010641753671865504
271.2999999999932,-0.0008545282985531337,-0.0077697593849521416,-9.797065991878457,-0.0010077298562231976,-0.0005511585151111989,-0.0020679211194565682
271.3999999999932,0.00210215206748309,0.0008281511987147034,-9.800172798917707,0.0007651697973607035,-0.0009449243397911784,7.577984997101552e-05
271.49999999999324,0.0022358352445132597,0.007000848335713149,-9.807123957999575,-0.0011960669990518532,0.0008276527467382453,0.0009030849005923629
271.59999999999326,-0.01088333420238153,-0.0029625050162029698,-9.824151929623714,8.527031207664875e-05,0.0003743595811303411,-0.0009263142189471732
271.6999999999933,-0.016968500022833514,-0.010358919421840649,-9.807390517364189,4.151504258962318e-05,0.0002685031276980414,-0.00044612191482790023
271.7999999999933,0.001285638995949396,-0.004141085726520079,-9.804979812472824,-0.0010823192985856317,-0.00011019976707575236,0.0006465464742382433
271.8999999999933,-0.000580609265472149,-0.011716373978682523,-9.810303016156412,-0.000989434714557169,0.0009512468795768129,-0.0005111866458568802
271.99999999999335,0.002893349341846596,0.0006643683427061626,-9.819207787096934,-0.0014458780286860813,0.000595807116823576,0.0012343715740888888
272.0999999999934,-0.01029186400108854,-0.0030456911716894293,-9.809006643709223,-0.0009481947101043793,0.001247481686693324,0.00032090772645906396
272.1999999999934,-0.006852363743819089,-0.006281870560095222,-9.806002835840983,0.000576251264084634,-0.0004425318631712861,-0.0016953190670428245
272.2999999999934,0.005951190164782759,-0.00036285968826366794,-9.815472278709427,0.0009816630365220176,0.0006448600690955643,-0.0012009338669083768
272.39999999999344,-0.016545691011002,-0.003998722493884484,-9.805512275419934,-0.0012191100671272174,-0.0005875524137216097,0.0010476508275666222
272.49999999999346,0.0037745560051202897,0.016032427639336905,-9.79761528122925,0.00012937614259751217,-0.000591207353992691,0.0004787076532357684
272.5999999999935,0.010222623857366121,0.010626680798658477,-9.797544696837363,0.0012816449663486781,0.00039052290432393575,-0.0009764410367214089
272.6999999999935,-0.013532404101814364,-0.0018168668180602893,-9.823088817955721,0.00010928911634995307,-0.0020209842781296035,-0.0003746956696010373
272.79999999999353,0.022541179479646664,0.003254133214821232,-9.805946462286682,0.0003246463578315034,0.00040481702435517816,0.0015918508164186442
272.89999999999355,-0.003869785079746757,0.013278513215411195,-9.809533583768868,-0.0018667182603904634,0.0009647343033739405,0.0013652554508522985
272.9999999999936,-0.013940722688345657,-0.0025935365464079202,-9.825366338681572,-0.0018428624486188697,0.00046441117392327636,6.653014745014572e-05
273.0999999999936,-0.0005652153836935045,-0.0034503105584093503,-9.812152842303009,0.001612010376492834,-0.001051405238646767,0.0001992010057609073
273.1999999999936,-0.012458764394228208,0.0017638884256522317,-9.821313702040339,0.0003782774312258575,0.000552971541484667,-0.000300456867780305
273.29999999999364,-0.020444236265405907,0.015838673082020322,-9.826084454060393,0.0010924547804449694,0.0014584083329667135,-0.00013994575476202072
273.39999999999367,0.02036877777421608,-0.012439952236067536,-9.803689219177627,0.0015598471100423282,0.0015882082882482768,8.244115590357758e-05
273.4999999999937,0.01907496207672115,-0.0018571022916625685,-9.807108432525876,0.0025590277922371315,0.0004513020051873651,-0.00017402527477498484
273.5999999999937,-0.007374111167128188,0.005132961427126892,-9.815793446623006,-0.0008381586783103995,0.0008675870411850925,-0.000132355638140603
273.69999999999374,0.007905470907969872,-0.008407718853870571,-9.821668680513747,-0.00018473119179364283,-0.0008482293196174893,-0.0007305265093584026
273.79999999999376,-0.005908576715769112,0.0035617221281511596,-9.810314024052522,0.0007071312986409546,0.00045719302363562075,-0.00015548441237432724
273.8999999999938,0.008399773675774783,0.004956093442136596,-9.804429588283353,-4.468867827224337e-06,2.7945669362203548e-05,0.0002239661346751588
273.9999999999938,-0.007429837123451043,0.006721264268016031,-9.796281815552552,-0.00026285727096552613,0.0014051038407775056,6.053889023883447e-05
274.0999999999938,-0.003533990686641334,0.004601424659777953,-9.813382384978567,-0.001143505702558191,0.0007486098396486439,-0.0009430148318269093
274.19999999999385,-0.0008290910007406327,0.006002162755966458,-9.815775222060875,0.0013119827620239478,-0.0004456148054297085,-0.0022886785098410046
274.2999999999939,-0.0004806390919710379,0.0036544500341587267,-9.808856170442981,0.00023578600674544788,-8.764325072846983e-05,-0.0003768370047638757
274.3999999999939,0.004493973195856259,-0.015391977608982215,-9.82010102407193,0.0002245124756276129,0.0002605817097282862,0.0005408001529455155
274.4999999999939,0.0042537576064550576,-0.010933146600891537,-9.823465209888647,-0.0007953512230190993,-0.0003325662871542516,-0.0013891751564273668
274.59999999999394,-0.0033809250376649197,-0.004392734492266593,-9.817258001062166,0.0002719455647969781,-0.0006526615845809039,-0.0002802920875839913
274.69999999999396,0.015711124458969824,-0.02058585549128622,-9.813665927657924,-6.31846018556253e-05,0.001028436831645148,0.0011167747234141843
274.799999999994,-0.0011748104250810284,0.0039947677049480875,-9.810581699880638,7.937586591384163e-05,0.0019693155779313054,0.0015625076090190354
274.899999999994,0.0024329463932228268,0.005244149178735089,-9.81367043269218,-0.00022881724575138542,0.0004775069918299157,0.0007721632751749177
274.99999999999403,0.0044317409849935945,-0.002394898859751832,-9.807894750645165,0.001945532838933664,0.0005800607047217525,-0.0005575709266493171
275.09999999999405,0.003276123580232901,-0.012275887971206208,-9.803257198000718,7.61040763642713e-05,0.0006958593409254754,-0.00030954750758895955
275.1999999999941,-0.00772991583187014,0.009954095775511325,-9.812038137039938,-0.0005064241046750108,-0.0008953024044428009,0.0008300397101725769
275.2999999999941,-0.004073881159416248,-0.002921489773594669,-9.817735608778374,-0.00034772879437077326,0.00031155348393077154,-0.0005851714138305692
275.3999999999941,-0.007673141398654337,-0.003650251964519627,-9.80165503227681,-0.0005091482479889314,0.0009184696626663547,-0.0017832892233301512
275.49999999999415,-0.002209996477795124,-0.006661383525190602,-9.807838038194806,-0.0016479021119010918,-0.0008667034154656073,-0.00012181548795810124
275.59999999999417,0.010769201207385129,-0.007010892530216958,-9.810132739736959,-0.00014738136073788564,0.00020832772210789536,-0.0007768747538619021
275.6999999999942,-0.0007561304090968091,0.005362485250971041,-9.825843928248426,6.890537037690936e-05,0.0010596087828604783,0.0015017211776630686
275.7999999999942,-0.004374990503502726,0.00436793298033388,-9.795073184678538,0.0011891151650492793,-0.000537764356455514,0.0005102777749783855
275.89999999999424,-0.0006083205587232603,-0.0027087187608151276,-9.815657436527262,-0.00024535736759302826,-0.0009189985720914283,0.0002886382642353065
275.99999999999426,0.008108242710906351,0.0068274831155404146,-9.79183933310026,-7.298812700038297e-05,0.0009940927248474503,0.0007810691320117184
276.0999999999943,0.013471908791521731,0.0048559779233385775,-9.823101176685636,-0.0012401181919434634,0.000203319946370657,-0.0007009499829452647
276.1999999999943,-0.009813515699756607,-0.008121234621568803,-9.829421667706836,-0.0001831841847798041,0.0002539425450588057,0.0012072146779081969
276.2999999999943,-0.000574707925483136,-0.004387318680844867,-9.818874915940988,0.0006204399266225767,-0.0022621667900339986,-0.0006761276108192467
276.39999999999435,-0.01092011661843702,0.018265955748830616,-9.81361914699124,0.0011725453796100486,0.00037991771450873756,-7.935010802646099e-05
276.4999999999944,0.0039330547956374865,0.014550419509849215,-9.813552211461447,0.0006431905592253057,-0.0007672970601741224,-0.00012465950782639915
276.5999999999944,0.006494447893327493,0.005610669153034054,-9.833033111125571,-0.002150704528778348,-0.0001210836691908236,0.0009669154824335959
276.6999999999944,-0.013195281019415622,-0.008916317839140013,-9.784429263300934,7.902035514352762e-06,-0.0004365718182804557,0.000806760165869872
276.79999999999444,-0.0013864653920969156,0.0010420990057342734,-9.803819131605191,0.0018430905763749115,0.0007657897906556755,6.909153608221258e-05
276.89999999999446,0.013460600422450397,0.008463484526402954,-9.82744876671075,-0.0002597536056834868,0.0007074373191964398,-0.0015588946593443863
276.9999999999945,-0.011323630855788339,0.006569982597014054,-9.804293604269084,0.000632426286505003,-0.0019062331037975565,0.00013804367564541686
277.0999999999945,0.0054632116132247825,-0.008553718357743113,-9.8092293319898,-0.00031279599553293863,0.0004937816397702412,0.0002708652865768826
277.19999999999453,-0.003085409466954409,-0.0017080127198129957,-9.814674856504643,-0.0013224565330298681,0.0006737766686235959,-0.0006925330482380662
277.29999999999455,0.0050906827408874564,0.009362728337975449,-9.808586085605121,0.0006981307148738226,0.0036096538138823786,0.00035242024099347213
277.3999999999946,-0.036365138836440186,-0.007525685695146742,-9.806845639035844,-0.0005654338904223907,0.0028690734390240755,-0.0017665923243200463
277.4999999999946,0.002023108601564453,0.003900167124615153,-9.804957443138564,-0.0004264322341096192,0.0005475534900993887,0.0008153608461471484
277.5999999999946,0.010798128931283336,-0.01682362255383823,-9.816160314049537,0.0006794650779861858,0.0013464592245666744,0.0010202877117627203
277.69999999999465,-0.007188940040736801,-0.010052802911226464,-9.81846089630809,0.0006444344666856694,-0.00021063127608747018,-0.0006576159273359945
277.79999999999467,0.0010484585500663965,0.011402125917878354,-9.804055548207119,0.0010267573987142605,-4.75073354024611e-05,-9.254603634587776e-05
277.8999999999947,-0.004416170000643521,0.007612966835953159,-9.824045595969885,-0.0005158814684030555,0.000515953143374658,0.0005088012855252493
277.9999999999947,0.00828323997333085,-0.015781278679627985,-9.81209298675517,0.0004377196951323698,-0.0008642571092983006,0.000574153260358721
278.09999999999474,-0.0037488001951812367,0.01013804790870801,-9.799930290392624,4.5045434557982595e-05,-0.0009751147882425494,0.0009755925798137378
278.19999999999476,-0.007349126686926451,0.005012873163054129,-9.823226342123833,-0.0007330481236061923,-0.0008773230129242678,0.0007540073451368306
278.2999999999948,-0.007280135536932253,-0.005265811324150342,-9.820591642625985,0.0010311976436115464,0.0001837676060391112,-0.00032868229074393507
278.3999999999948,-0.0072363967796632706,-0.0036876666399823393,-9.804915865222071,9.951851974871662e-05,-0.0003712431178868881,0.0013778366543028976
278.4999999999948,0.011651851866086417,-0.00032315911082819726,-9.808067159778505,0.0010008670349897642,-0.0005314236236057223,-0.0016496498875153362
278.59999999999485,-0.006733315651669156,-0.004695993358048858,-9.812977240244045,-0.00022293883746306718,-0.0013358782938036543,0.00034080914706735257
278.6999999999949,-0.021762494752107484,0.00410709268353566,-9.818353153057942,0.0005730192403957317,0.0006605842298687244,0.0007085328650688768
278.7999999999949,-0.00038092760271994674,-0.019444829660441823,-9.804279209690296,-0.0012829239402683094,0.0016968451630184672,-3.4015895654306105e-05
278.8999999999949,0.009381895105761255,0.0016156743365167339,-9.833447163873757,0.0007571783399727074,0.00032648714436707887,-0.000424630861573298
278.99999999999494,-0.014370929140055713,0.0002643195026910343,-9.819026903495322,0.00027638723030143163,-0.0005999714000445377,-0.0005236571312901189
279.09999999999496,0.001712057947533868,-0.0002765244170395487,-9.821569040946992,0.00045667886945215764,-0.0010123068376420054,0.0022951926701458205
279.199999999995,0.007477014198263047,-0.011403796222326098,-9.816897261750082,0.001763795674280646,0.00011960509412759362,-0.001160042078170564
279.299999999995,-0.008841060208250994,0.007504020757028222,-9.810495702774912,0.00035831426445808573,-0.0008170311151671954,-0.0002355152227303245
279.39999999999503,-0.012442456044851115,0.004399971079025712,-9.809193489878682,3.651239838670629e-05,-0.0002809841662848521,-0.00043366138203378314
279.49999999999505,-0.0031577330675334266,-0.00486528996764541,-9.805469088090668,0.0015019433884313497,0.0019087012186717028,-0.0006484701590164509
279.5999999999951,-0.006470131814934372,0.0015126182676489278,-9.796582839478903,-0.0003569069371180676,-0.0013769132264806778,-0.00012489022677265386
279.6999999999951,0.003232035628009577,0.006400213684589276,-9.804346428573185,-4.443097468020362e-05,0.00048499650047560737,0.0008780258770222148
279.7999999999951,-0.014257590101357185,0.013220446653666885,-9.811531859780231,3.8273566430741454e-05,0.000395057311770383,0.00098062287470685
279.89999999999515,0.002763156238379719,0.0004488281812318505,-9.82916475410888,-0.00023297984645744493,0.00044457145635505883,-0.0003522976931727039
279.99999999999517,0.00622387573264113,0.0016928910885826492,-9.811626318350429,-5.580532122341491e-05,0.001222792845866961,-0.0010790724048111424
280.0999999999952,-0.012390999875912778,0.007997835512620836,-9.80945601963763,-0.0018011882538279437,-0.0006633408238922812,0.0005363843846397965
280.1999999999952,-0.009174282860957828,-0.007163603464240696,-9.811356075920965,0.0003230355456224793,0.0005712128484008353,-0.00018288681176299823
280.29999999999524,-0.018477556801441728,0.01405411962941725,-9.807695541159244,0.0009660024389438446,-0.0008716308061426886,0.0007234116520225449
280.39999999999526,-0.003072753579495071,0.001965590982981592,-9.80884281080861,2.879829863308865e-05,0.000868045340729199,0.0005517939582684563
280.4999999999953,-0.0029406835925318733,0.0138961761926658,-9.822603739295454,0.00015842164264543067,0.0015245968620320103,-0.00234858978685611
280.5999999999953,0.021044536210911517,-0.0007083915470196342,-9.79221510803275,0.00035006483815316837,-4.1001534432049846e-05,0.0008350536019619513
280.6999999999953,0.0020998173669510866,0.023188616842018665,-9.802619593029592,-0.0011664223299556534,0.0003193001293111416,0.0015838470288759708
280.79999999999535,-0.007942762315939666,-0.008548448106461668,-9.806858503469975,0.0007122715494652637,-3.92803174615723e-05,0.00013488166401005053
280.8999999999954,0.013896238649976645,0.002327450932453396,-9.803054747043044,0.0012654630579845385,0.00029822007374277315,0.0007463732352737436
280.9999999999954,0.008599834745464156,0.00956682052932746,-9.793148941123885,-0.0011107702607120649,-0.0006585415668261687,-0.0007272320428656958
281.0999999999954,0.0043529016623439,-0.007533785396589305,-9.815637204651951,-0.00020807825009498278,0.0005847181109575677,-0.0012438751278650104
281.19999999999544,0.019130117799240138,-0.002150435781177335,-9.801715398500008,2.6044640349373665e-05,0.0010884775367160757,-0.00025040342601651043
281.29999999999546,-0.009365951705105562,-0.008638821729082086,-9.807593559340507,0.0005962473739539935,-0.0013335812534137695,-0.00010523870312972171
281.3999999999955,0.013532439903320266,0.006345978102497996,-9.801860252075802,0.00010823979606496019,0.0005929078783030461,-0.0008259246392874051
281.4999999999955,0.004646059623763605,0.007765852959721494,-9.812611214051824,-0.0018148373806927195,0.002271773210944078,8.831402895294515e-05
281.59999999999553,0.015546262364009146,0.016607994682876305,-9.80396590138087,-0.001914585941363438,-0.0026587871165110184,-0.00017701518924795185
281.69999999999555,0.0011919566512583679,0.019403073462273487,-9.810270849232378,-0.00031297586285079716,0.00021996909029739267,-0.0002070703540200051
281.7999999999956,-0.005485371560212166,0.004613725104285072,-9.80522360082207,0.00021678319512516658,0.00016975185217298026,-2.8795707814191662e-05
281.8999999999956,-0.006311072554097014,-0.004633264573127164,-9.809518377781176,3.175043366682507e-05,-4.716906406859679e-05,0.0013638145933941846
281.9999999999956,-0.0025007416240526155,-0.016671473642964854,-9.80108758597272,0.0009147214834689323,-0.000166383600602267,0.00023234200447387748
282.09999999999565,0.005857769605571953,-0.007479644754593646,-9.832496751297532,-0.00044405738961582835,0.00019249891187121855,-0.0009823205143463562
282.19999999999567,-0.004401756104086719,-0.0009143859955432873,-9.814815054929564,0.00174707661771452,0.0002697132820865192,0.000645299635552802
282.2999999999957,-0.0034930092051100475,-0.002059011995811707,-9.815025823381799,0.00020398929645357126,0.0011906459525326887,0.0014420772262547603
282.3999999999957,0.009862650905585134,0.023842268473378916,-9.807677067067882,0.0005529645328884698,0.0014308096152356093,0.00012080032790023846
282.49999999999574,-0.007450420236113637,-0.01106816489061584,-9.805268631963079,-0.0009143182416362916,-0.000760614904298254,-0.00026398334671992596
282.59999999999576,0.003204151888353348,0.025812467828978468,-9.798759201084824,-0.000923779903102203,-4.7573486939137205e-05,-0.0003747013551527012
282.6999999999958,0.0026102972857634872,0.0016994445582123483,-9.797671008399723,0.0006757341607221209,-0.0007840468269563837,0.0006064577992570691
282.7999999999958,0.020401863298547273,0.0006922973349922843,-9.81930153113339,0.0009624209702668066,-0.0006008056023914713,0.0002792491723054464
282.8999999999958,-0.018904912165230017,-0.003111320850520736,-9.821913413292378,-0.0009024750961951517,-0.0006765997401594622,-0.0006263140791089589
282.99999999999585,0.005266543574371273,-0.011166416842039353,-9.809161653412922,-0.0006464402726406706,0.000790059015856563,0.0012045557994969504
283.0999999999959,0.001264555041664568,0.008319345381305573,-9.80925143831215,0.0011083532918256804,-0.0008963968637909566,-0.00043279790183926235
283.1999999999959,0.0023492947330420806,-0.016404528665265688,-9.80189607887754,-0.000797770974909688,6.510637862955751e-05,0.0007652673045017137
283.2999999999959,0.006891510863760643,-0.006113299585469414,-9.809405715116071,0.000193318655314297,-0.0018649292532429255,-0.0011914001273176107
283.39999999999594,0.0059976371028481615,-0.003480696076190008,-9.809262123526926,-0.0018901715911408107,-0.0010225189539783556,0.00022894240430226364
283.49999999999596,-0.0014575514043986498,0.004072471852473186,-9.810033228814568,-0.0006843631574262466,-0.0008515262161297341,-0.000604512093347965
283.599999999996,-0.009141292925428783,0.012035669696413847,-9.794079070369216,-0.0003758159020261487,0.0005286940542936833,-0.00043527877832982923
283.699999999996,-0.0008286870537006472,-0.0030885095620192516,-9.81070246928379,0.0011088231270400038,0.00040432857391807986,-0.0005817909329105584
283.79999999999603,-0.007715227537460976,-0.0072085215907461055,-9.817072938190528,0.0023348800214170406,0.0004708502999426197,0.0006046684350012774
283.89999999999606,0.01866799666158246,-0.002086856386351899,-9.795522761711812,-0.00231578099732522,-0.0036002603173593915,0.0007590888566664197
283.9999999999961,-0.012216493819991452,-0.019142217793651856,-9.80723583962371,6.412798133232981e-05,-7.329217223028395e-05,7.761325834001215e-05
284.0999999999961,-0.00285312971213257,-0.006409341026785191,-9.813302436544024,-0.0012905690459604528,-0.0020370755411250447,0.00087025988276353
284.1999999999961,0.003929501562470645,0.0007880521274414317,-9.813362200023324,-0.001065675596736788,-0.0007621762553692893,-0.002188664298135022
284.29999999999615,0.005450389164242412,-0.00838647428384813,-9.799890685638621,0.0003431967784670556,-0.00010742843825871944,-0.0002799799416652284
284.39999999999617,-0.005935414709327635,-0.00995157923889177,-9.800277572370025,0.00016091419880954515,-0.0009544779740011958,0.0018096691371916691
284.4999999999962,0.00821994704746762,0.017822503002002735,-9.804205425423143,0.0004556806863750857,-0.00047306362307682236,0.00014599233297862073
284.5999999999962,0.017482839826619405,-0.0031070790450088938,-9.805697104027383,0.0004324469303941111,0.0033300015907161444,-0.00040352359019418175
284.69999999999624,0.008508661990667766,0.000988519924139384,-9.822821243474925,0.0005262977612176716,0.0014930297203596267,0.0010527168009123178
284.79999999999626,0.01640640059301331,-0.007041626670301804,-9.82043205773294,-0.0015605274238179156,-0.0004446512126680712,0.0015139271030919028
284.8999999999963,-0.0030434438979337107,0.007244092164743969,-9.80155791681846,-0.0015188196135819164,-0.0009117698021150268,0.0011282715710227837
284.9999999999963,0.005612629585924167,-0.01738675883899453,-9.788103613857036,-0.0005222915824136351,0.001252808550606311,0.0017835825005146056
285.0999999999963,0.010575027724525255,0.006368203561804567,-9.826716990214644,-0.000788935874880905,-0.0011964194033926092,0.0009521321110685253
285.19999999999635,-0.017535505782903225,-0.01577658094122223,-9.817318329003166,-0.00027265572120742647,9.983695942552896e-05,-0.0007706443479769745
285.2999999999964,-0.010859907977500739,-0.00022905653063691052,-9.818489030074934,-0.0016742634215769876,0.0006132575794261813,-0.0013827269798966976
285.3999999999964,-0.02492027897253869,0.0010187428474630826,-9.81969615440506,-0.00018677958766117502,0.0007897343866810706,-0.0012237926374108602
285.4999999999964,0.0005112330371592871,-0.0030152402800439075,-9.814151993703534,-0.0005965773229256832,0.0013095702201195176,0.0014888251164150855
285.59999999999644,-0.001437280269189939,0.0018935306867030098,-9.819346167597061,-0.0005867373651951685,-0.0009080562145737179,-0.00028701381556748206
285.69999999999646,0.008434725924873165,0.0012649314916382765,-9.824936174627608,-0.0001805888286223875,-0.0015576204168309897,0.0006701681472104846
285.7999999999965,0.027054408703996086,-0.0027524594335866914,-9.818432137273863,0.0002334820180420529,-0.0005400053991135532,0.0014622399058321874
285.8999999999965,-0.015055435907171287,0.00826987361508936,-9.819581269833343,4.4808598745172124e-05,-0.0008364138741627191,-0.001988179750792429
285.99999999999653,0.0014324553765910028,0.001469818306314308,-9.81912344600003,9.902638825702852e-05,0.0006842994559753335,-0.002170287287362917
286.09999999999656,0.01032755011425323,0.001959173960914446,-9.81431439458398,-0.0005215309777636622,0.0007068706353997595,3.135301986553604e-05
286.1999999999966,0.007048244526091651,0.011053613522100316,-9.836036799847616,0.00026142085964349327,-4.8579837484228725e-05,0.001670892238980018
286.2999999999966,0.004939917823674725,0.0012023294697168692,-9.803344395082725,-0.0025364002749308986,-3.814236448966528e-05,0.0028762526734322632
286.3999999999966,0.015334786954229143,-0.012928038520552217,-9.809993344142669,0.0005176001955316663,0.0008251305604215354,-0.00084220167915352
286.49999999999665,0.005507234217830959,-0.009548945227483159,-9.799947925129691,0.0007051568426092202,-0.0008482775950396083,-0.001774555207614425
286.59999999999667,0.003693050107640866,0.0008352776375925321,-9.80029666027719,-0.00015533902308385167,0.00039067474248013904,0.0004904718367249349
286.6999999999967,0.009188519525007993,-0.030350723263631876,-9.80397919687836,7.405527146055063e-05,-0.0002874703404725047,7.184908385441634e-05
286.7999999999967,0.015153114679125288,-0.010645269256685509,-9.80711451866758,0.00045405143579530747,-0.0010878554357231936,-0.0013813182319946224
286.89999999999674,0.00440929280927393,0.012772895253721996,-9.780607572177539,0.00047023677921204733,0.0006413548290529444,0.0009028672706061932
286.99999999999676,0.009134000759529099,0.003765991261822853,-9.817942805851853,-0.0008213782940224343,-0.0012523480170228407,0.0003684996563461492
287.0999999999968,0.013560153013962855,-0.006782442845940633,-9.828892613070499,-0.00026723736135151975,0.0011484315239194197,0.0008395228166218629
287.1999999999968,0.017918932761168332,-0.014561676010974979,-9.806308399855727,-0.0014293666938218282,-0.0008326541011552398,-0.0004112381030256236
287.2999999999968,0.009727736540271634,0.000665268371632991,-9.817950996861418,0.0005863531768248321,0.0022014936029314423,0.0010570210425281498
287.39999999999685,0.0004757809042789297,-0.006248433681235802,-9.816569857007972,-0.00032840588371734847,-0.0011181846255532656,0.0011859590664059058
287.4999999999969,0.01182671221679657,0.011901156784061524,-9.831226723156766,-0.00010501448627869614,-0.0003559364877254071,-5.1615366872740384e-05
287.5999999999969,0.0006470036531477757,0.0024798274853818922,-9.81618923273106,-0.000457758038824353,-0.0006502287019362981,0.00036387056197831926
287.6999999999969,0.01562783941682503,-0.01596789572911118,-9.79449408040859,0.00038500671896906003,-0.0001753691549037793,-0.0012910978900346963
287.79999999999694,-0.03650178122830472,-0.017478148126208983,-9.81683115332047,-0.001180926659608622,-0.0015849229722569012,0.00024282291843259152
287.89999999999696,6.218170783455735e-05,-0.021792756438258433,-9.791405287955316,0.0004406439212609093,-0.0006840480913152293,-0.0008001113006857114
287.999999999997,0.008939751440676756,-0.0004782227103626238,-9.804747610168373,-0.0005016568703167101,-0.0017305272847071517,0.0014131131849580384
288.099999999997,0.021446640837332307,-0.0010635448253769179,-9.810728550200214,0.00024160118500780577,0.0008722359620864354,0.0002678251659819624
288.19999999999703,-0.0027844885079440665,0.010991421828239723,-9.821284006640958,-0.00015541926430513085,-0.0015346740317232065,0.0003634120185134636
288.29999999999706,0.017255217421973,0.007014512951114831,-9.808375332558473,0.00027471187942623314,0.0011237021424448557,-0.0006123413798313315
288.3999999999971,-0.0008911569805173979,-0.008673779547771833,-9.826151927538866,0.0006051758257657919,-0.001403439665018973,-0.0006623953365248591
288.4999999999971,-0.010808522585796423,0.003920453382572223,-9.815551103332167,-0.0016206882115995735,-0.0006358221824776851,0.0009865131351161872
288.5999999999971,0.005013254781397607,0.004319194605595022,-9.799449243841899,-0.001190896134950195,-0.0014584872756889613,-0.00025585288913094
288.69999999999715,-0.0006316496585886936,0.008655909876151259,-9.812493290251455,-0.0002618229843464908,-0.0016168795673978296,-0.0003360256995690965
288.79999999999717,0.0022488107462838264,-0.005220831895405473,-9.805162241146434,-0.0004012808274264531,-3.604881259011629e-05,0.0008914461124662454
288.8999999999972,0.0223717086688089,-0.0035610091071464635,-9.81277272167428,-0.00022236547629420292,-6.554995954416901e-05,-0.0008484363607680462
288.9999999999972,0.007586646927633838,0.012191716584618553,-9.81659909347671,0.00012918572063556037,0.0009438561051946219,0.0009851565124658207
289.09999999999724,0.002880344073687129,0.00503665913219442,-9.817188390716426,0.0022595474871385003,-0.0006516434014332131,-0.0010819513438050682
289.19999999999726,-6.07947098474548e-05,-0.005638676444411595,-9.798418391124745,-0.0022166918639532126,0.0022942783967858944,-0.0012552030146993963
289.2999999999973,-0.006760021227921457,0.016518615713954785,-9.804618243017986,0.00021117179471416176,0.0008730636154109531,0.0013127713783060962
289.3999999999973,0.0048041668278800765,0.002875596374251835,-9.817352793172763,0.00044568087209472234,0.00033481315862575933,-0.00019134873078241615
289.4999999999973,0.01770621978894316,-0.0070899322399572366,-9.807896190400017,-0.0009805661314852409,1.0201322583467938e-05,-0.00038151736478959534
289.59999999999735,-0.004487725942580342,-0.00010805420739998185,-9.798260057434089,-0.0003521661733582021,0.0003721545187624856,-0.0016331021091543461
289.6999999999974,0.008130706047531638,-0.009109773502028578,-9.810541761978824,0.0008972565227473416,-0.0009334956790094392,-0.0008071958591033166
289.7999999999974,0.003624138132456574,-0.0006505753874113139,-9.813444549588041,0.0003987651340991017,-0.0012719082327297068,0.00044927754118081825
289.8999999999974,0.005103909232847925,0.015786593194619995,-9.815230926787134,-0.0004168604926058872,-0.0005503614469134203,-0.0007571169575610826
289.99999999999744,0.021132511948834774,-0.01886257618402583,-9.80316318336786,0.0028876259345976436,0.00023051233488259428,-0.0008413316664574935
290.09999999999746,-0.006985909755356601,0.007434235412527448,-9.823574614277822,0.0008630377133262378,0.001877527874277206,-0.0004428822345756035
290.1999999999975,0.009797230780732344,-0.010383255620782177,-9.805133316473881,0.00018784894925591832,0.0005542745260204552,0.001447698013257136
290.2999999999975,0.009487587581022677,-0.0006784889841203838,-9.812650194726302,0.000895745321671529,-6.965597228665369e-05,0.0017526124133132287
290.39999999999753,-0.007720869935960783,-0.0035984455515073984,-9.811545746096462,-0.0003240815320928873,-0.0004457441957359758,-0.0001262888529434001
290.49999999999756,0.015431550157973966,-0.013831519552693825,-9.807941039493079,0.00012928107848499904,0.00038193295774883437,0.0009365797239920839
290.5999999999976,0.0002526809380789395,0.002586635998850682,-9.795160783930996,0.0006618788074501472,0.0008087490332705068,-0.00023542465881760757
290.6999999999976,0.017802009981052663,-0.010545284205314023,-9.817052461514253,-0.0001893322408873927,0.0003064525824505078,0.0012889705870201362
290.7999999999976,-0.006051621341199796,-0.0015013492124269238,-9.829359323523061,-0.0004158564122368452,0.000778669427542256,-0.001451556328246535
290.89999999999765,0.0017033779396018348,0.015296606433755338,-9.815434436685853,0.0002435928122272761,-0.0022215488898096577,0.00023280265159948848
290.99999999999767,0.0021276025864840928,-0.00825576951458484,-9.814088996869419,-0.0014904290669330552,0.0017906033849602316,0.0008847806337426092
291.0999999999977,-0.0002804722532313332,0.007418379623627545,-9.792025786427589,0.0005657745249485088,-8.845631653776193e-05,0.0003681452505257515
291.1999999999977,0.013563741082053864,0.009296724524521544,-9.806505568628623,-0.0015021642417142158,-0.00018435551169363764,0.0006908231714184774
291.29999999999774,0.01779145664443921,0.0010086918840572921,-9.813114569676351,0.00013733105807647614,0.0008747862417002412,0.0014828716009737963
291.39999999999776,0.010658546412153335,-0.0008143729085045525,-9.81437065111636,-0.00026830173347705717,-0.0005318462790949084,-0.0015507525991089307
291.4999999999978,-0.02080577002081307,-0.0035888726425934783,-9.79338336277846,-0.0009098724193353099,0.002133088171351286,0.0007300709562346857
291.5999999999978,-0.0029238999671160277,0.00022315215158413056,-9.809718742886828,-0.0015657702932469458,-0.0001494721734667247,-0.0014444585589281965
291.69999999999783,-0.0020073535146967886,0.01986697434047566,-9.796513452362142,0.00017700252702433856,-0.00038212391061442295,1.5585373813023725e-06
291.79999999999785,0.0005261245341317833,0.004616464796350432,-9.811419297866449,2.509272472291433e-05,-0.0008086625206840627,-0.0001678543502703241
291.8999999999979,-0.01226778517365708,-0.0022723995724183675,-9.807215108796738,-5.0938684615402406e-05,-0.0004155831058709944,-0.00020881067562673482
291.9999999999979,0.01689797903477529,-0.015366029006422673,-9.788981531553363,0.00010903749517494747,0.0018454347973241557,-0.00037659955833004277
292.0999999999979,-0.004916943823212372,0.0010109206886302912,-9.8163507174676,0.00031094529832757784,0.0007739936986375927,0.00020349580520706171
292.19999999999794,-0.007853599986211865,0.011016613481172041,-9.801725700508067,-0.0008301150514954078,-0.0006275647101015854,-0.0002814064901985567
292.29999999999797,0.012011210996033582,-0.006569406704617272,-9.797338437106088,-0.0006165457078591542,0.00047337456194025175,0.0017511452756981574
292.399999999998,0.0018103717717641592,-0.008404037017364955,-9.824308311592977,0.0004044376915414209,0.0005374818292693788,0.0011340657021512175
292.499999999998,-0.014859264595714705,-0.0011198026943214107,-9.799516647620942,-0.0003031229988752331,-0.0014631588139326674,-0.00015322817674890218
292.59999999999803,0.005911802835748312,-0.005496127103148072,-9.807048924326521,0.00047720305780801867,0.0008114505003086592,0.00035543773611878735
292.69999999999806,-0.002366304433845726,0.0009540246639370816,-9.82777388865515,-0.0009719862898908697,-7.826018402696107e-05,-0.0008818382920962772
292.7999999999981,0.0035701791500415783,-0.012192876971702647,-9.807917809470645,0.0011801001927517526,3.9288894685689094e-05,0.0003134006634216333
292.8999999999981,-0.0139468953204922,0.0041185792187558344,-9.802351153293552,-0.0004119873505508729,0.0008300652926948366,0.0008343481439325879
292.9999999999981,-0.008323206042347334,0.01659316695767323,-9.80264849694856,-0.0013174873489308324,-0.0005098482621760582,0.0007499336157487217
293.09999999999815,-0.012706235915473985,0.00435126353962031,-9.811778858637107,0.0016260536343159083,0.0011170197946582686,-0.000603639298678062
293.19999999999817,-0.008999494513716608,0.019670637633120245,-9.820434034785144,0.00022645841882419485,0.00043785777691728045,0.002608416931264515
293.2999999999982,-0.0006836680798645478,-0.0007386504103918568,-9.805660268605886,0.0014279688068079615,0.0003359945417346421,0.0001854350453374358
293.3999999999982,0.0007018579950587047,0.0011736525710715105,-9.812996869412565,0.0009178285773296859,0.0007608661271591363,-1.3206262645816635e-05
293.49999999999824,0.002687742924811615,-0.00014113426660474344,-9.817575092643688,0.0009593525644340077,-0.00020615116316081321,0.0017738703527717416
293.59999999999826,-0.007770242966959442,-0.0019544414515581883,-9.812724759042656,0.0008786323326862467,0.0003086144479623832,3.233093972258634e-05
293.6999999999983,0.0027969373462960498,0.0014674294472783447,-9.803935147343909,-0.000876126208068681,0.001513966246453499,0.0006804095588346031
293.7999999999983,6.339057360888712e-05,-0.0003550859003377999,-9.81954920022146,6.0060566801661566e-05,0.001273342578502228,-0.0009288204881946164
293.89999999999833,-0.023880297418261854,-0.010811794649462305,-9.824305092417536,0.0002716320195536504,0.0002963801271390088,0.0010816695991766627
293.99999999999835,0.011950902240608172,-0.0034931399637885604,-9.801061130013744,-9.919209036746505e-05,6.703447496479957e-06,-0.0015756017688767139
294.0999999999984,-0.003299860188675481,-0.013661414691429747,-9.817922942227964,0.0005346872492524814,-0.0008937208956664657,-0.00015812100578020823
294.1999999999984,0.024182086548975138,0.009370901328918838,-9.812371469026553,-0.0007220865163542183,-0.0006254680884314577,-0.0003368595630134853
294.2999999999984,-0.012292959486049707,-0.0029195802724584627,-9.835371149033984,0.00010445877037665203,-0.0004471550437683895,0.0003644484204387416
294.39999999999844,-0.020519735657935113,0.002242351334622915,-9.828484990584258,0.0003911860920279079,0.0011557065139244723,-0.000937286038575681
294.49999999999847,-0.005546537651051239,0.01743166579042679,-9.828578369084159,-0.0016365111781145223,0.0013605467763523047,-0.0010520099425496956
294.5999999999985,0.005011362261290718,0.008708030815603481,-9.79166807675012,-0.00019012880723603886,0.002697150943661217,-0.0004296598864343427
294.6999999999985,-0.010409108648698016,0.0028607436650024175,-9.797548256110128,-8.735515592014609e-05,0.0006951711965086291,0.0006251612178583475
294.79999999999853,-0.004086509542346104,0.012011791300520942,-9.822685190437415,-2.5283418348158048e-05,0.00028411365181682193,-0.0010214748942106136
294.89999999999856,0.025710007990679427,-0.005299792713705367,-9.798858415173992,-0.00032400403981981424,0.0009083751301031796,0.0016061582611757946
294.9999999999986,-0.0023554180046027025,-0.0028824483765090966,-9.809992169371656,-0.00022769105912182896,0.00047782148232786674,-0.0010182985545572453
295.0999999999986,-0.006105700625632841,-0.008217140075985108,-9.81371263488621,-0.0011202826197398007,3.5454880713591645e-05,-0.0012524231499355916
295.1999999999986,-0.03310475053655268,0.000460476825709559,-9.80172501358218,-0.0002654593196490221,-0.0007849089575952305,-0.0012945463950798648
295.29999999999865,0.004307925410908891,0.012879164058367767,-9.794640180139751,0.0014758990376236272,9.267868941389904e-05,-6.68826684564426e-05
295.39999999999867,-0.006038412729876869,0.002128679833007365,-9.808705598252697,-0.0013193344249583265,-0.0006306937418719555,0.0005658179811123159
295.4999999999987,0.008167534866961052,0.001407037145198214,-9.812590110242084,0.0016417252549957486,0.0007789436498972381,-0.00016900409102860853
295.5999999999987,-0.011234839067012607,0.0034099177119079993,-9.813793919645581,-0.0001512767626384279,0.0006879607306870902,-0.0012414283555444924
295.69999999999874,0.0056051115100246044,-0.013844980607826794,-9.81495004272459,-0.000335950113337981,0.00015861504264640385,-0.0011711436412038543
295.79999999999876,0.005764551719353357,-0.00754689744008697,-9.80967227212468,-0.0002225759451566137,0.0006620255708500427,0.0012852667817519134
295.8999999999988,-0.0034255621377101385,-0.01847819087133636,-9.818001387188602,-0.0006677776354460099,0.0004839855125436435,-0.0008137450843419569
295.9999999999988,0.013231244375493879,-0.015760900374605664,-9.809081693152075,0.0005723078142781175,-7.737153375937969e-05,-0.0002745693495924127
296.09999999999883,0.010416290510525584,-0.005166656061715419,-9.811856682186818,-0.00018371940737898452,-0.00019207949833700009,0.0010392826511952742
296.19999999999885,0.011307876712757924,0.0016001279330121307,-9.807536118606798,-0.00023006453549165765,-3.2347035466194354e-05,-0.000702802723006589
296.2999999999989,0.00903485527058309,-0.00579724454070731,-9.814809094886316,-4.8174675169267035e-05,4.0930357992446745e-05,0.00024330345066256258
296.3999999999989,0.008446642224246915,-0.015515980256188786,-9.818634536861767,0.0009771215221327978,-0.001267512627687409,0.0010476435061718772
296.4999999999989,-0.007865012262189074,-0.010257328021046777,-9.823270943792872,-0.0006074895416696682,0.000200844930471193,-0.001107661595585189
296.59999999999894,0.010666169341971959,-0.015336796239341727,-9.82610636810257,-0.0007958704912995975,-0.0013207709108944735,-0.0007297670034149691
296.69999999999897,-0.004908800469575614,0.009272179543939874,-9.807658904921864,-0.0008077414372593793,0.0005634390419232303,-0.0007058322172824992
296.799999999999,0.006297122253899016,0.006306730597609293,-9.821016153560818,-0.001562498270105045,-0.0004545381354440955,0.00038703987690620373
296.899999999999,0.0065835953793867774,0.00284226110412628,-9.816436970215793,0.0003395736218381469,-0.00038743269154544125,-0.001557812525494139
296.99999999999903,-0.01424635471327308,0.005066177811433067,-9.812711738856876,0.0014658792681558719,0.000808410487241932,-0.0007975582347810747
297.09999999999906,-0.003470041661728032,-0.0014044260671399744,-9.794525413340711,-0.0012009404063093188,1.7039011140721924e-05,-0.0014936464414831826
297.1999999999991,0.011023001292277264,0.0004463775981438747,-9.830978540438897,0.003266577886281778,8.815284632101216e-06,0.0006078454469989558
297.2999999999991,0.001849537576400927,-0.0040588675991023076,-9.802830721853429,-0.0008525961784687375,0.0001430116569815833,0.0007113855892482649
297.3999999999991,0.02410727297506579,0.01066255990823173,-9.797591055955353,0.0007007507735126324,0.00027046756380855354,-0.0001187923633664424
297.49999999999915,-0.008838697023636589,0.027233551702914683,-9.808619768434317,-0.0011525423659891753,0.0004809966270489266,0.00040935046330529783
297.59999999999917,-0.005636125334555709,-0.004840208957846952,-9.825139718026692,-0.0009812478287630354,0.0003501015395032182,0.00042893752058614456
297.6999999999992,0.0002343265953067659,0.005468837633541782,-9.799652591172224,0.0009712772746508572,-4.0335265192098505e-05,0.00019465338199845084
297.7999999999992,-0.009493948011520788,-0.010204537444992019,-9.799627274880933,-0.00048532489398349626,-0.0016361282045233478,-0.0003310849742572858
297.89999999999924,0.006093843049120163,0.006183909447332349,-9.804061432411117,0.00011957746452414799,-0.0007844974758824957,0.00010626056204532744
297.99999999999926,-0.01398987989628717,0.00225798438350537,-9.838945244212999,5.031431443501074e-05,-0.0009688565505541075,0.0008930050858092204
298.0999999999993,-0.003389043071150616,0.013089200260888294,-9.819341089503643,-0.0007174158647033829,0.0005223151792074403,-0.0003992249477339858
298.1999999999993,0.019009208834088444,-0.01606903583312871,-9.800163117027264,0.00045484075032783516,0.0002325046141143924,0.0007290956438285534
298.29999999999933,-0.005844732792342127,0.008114463949322198,-9.821883017778445,0.0006654266859231802,-0.00027179415406945246,1.4318881673881416e-05
298.39999999999935,-0.0015467142145723781,-0.0010342951564576367,-9.796956826174958,0.001207117848382746,0.0003648307262511672,-0.0006601555596724962
298.4999999999994,0.0003265550358574469,0.006809479040062718,-9.806084694721577,0.00029996985580724454,-0.0010439176697438475,0.000883146809427252
298.5999999999994,-0.011499367771600003,0.00014627161211764808,-9.784854756998374,0.0009393630637538493,0.00032035335541783834,-0.00011623298622632188
298.6999999999994,-0.024454895200322683,-0.002462001488536513,-9.81514683205752,0.0006453481226851292,0.0006712369038416246,0.0021663229493010644
298.79999999999944,0.0028259740623985635,0.0032366585848140617,-9.810873892010854,-9.788817164567511e-05,0.0006194917718898758,0.0015458799767423324
298.89999999999947,0.005922612498622383,-0.00852124518815132,-9.827292741439258,-0.0009111028553265391,-8.044532176805886e-05,0.0016127247840496892
298.9999999999995,0.00393774487266491,-0.009423714997347878,-9.802053922933453,0.00184077741426656,0.0018244388825720604,-0.0012586433064758246
299.0999999999995,0.021295099152421355,-0.008059297175595568,-9.828021820370646,3.02347586151273e-05,-0.00022384852678989417,-0.00036593604236516186
299.19999999999953,-0.004383121508947304,0.018909897721696173,-9.811349758747797,0.0013337065134431854,-0.0014505168089963343,-0.00047570041980691624
299.29999999999956,-0.0067492230120092065,0.008712074668467507,-9.820231989930264,-0.0004374395794386684,0.0011750254696458332,0.0008793089524072736
299.3999999999996,-0.006519390302791412,-0.006177652359986985,-9.816274026968609,-0.0013424890191525837,5.541414701046303e-05,-9.380904692685618e-05
299.4999999999996,0.009854590526322588,-0.0007747562591811145,-9.81180200859822,0.0015894071512273025,-0.0008996765703195012,0.0011717881575665694
299.5999999999996,-0.009973218871660921,-0.002942948467624315,-9.78425187465029,0.0010716938782567283,-0.0010653637876811572,1.1917952887515002e-05
299.69999999999965,0.00790754524721429,0.01661786974416418,-9.813957918309434,-0.0007228961349131345,-7.940013756615926e-06,-0.0016996797471702343
299.79999999999967,-0.0027678549012205406,0.005925711166544436,-9.804870508680224,0.0014708571310304926,0.0011274747483732944,-0.0006547085674806566
299.8999999999997,-0.0007209889232292132,-0.027563660356331805,-9.806970854849311,-0.0008776635906025504,-0.0019596609873523707,-0.001367885914001177
299.9999999999997,0.0071113160559695835,0.016756332186078245,-9.808911479440598,-0.0005038572673478018,6.090579433479216e-06,0.0006931819752319489
300.09999999999974,0.010560698994862491,-0.01707775537535116,-9.800257894534045,-0.00019635784621890282,-0.0005833131252677409,-0.0010972195847535273
300.19999999999976,-0.00029433364914166276,0.014852959947452955,-9.815195328663647,-0.001115486007071856,-0.0007871610927705579,0.0007981205782231926
300.2999999999998,0.010697548930542282,-0.0005717581603951763,-9.821221722585717,0.0017189250369078091,0.0004338053432794656,0.00025321848679436576
300.3999999999998,0.003927550076004064,-0.006562879584023744,-9.799584806666838,-0.0009413625579629073,0.0013972307185462036,-0.0002103522679701531
300.49999999999983,0.005655817179396332,0.026316711611429247,-9.813827474334554,-0.00028368780348198247,-0.00018461999832613692,-0.0008647027118744606
300.59999999999985,-0.008529062471839884,-0.028602610114902387,-9.808268634389021,-0.0013902361680597577,0.002605441620828794,-2.119425208104245e-05
300.6999999999999,-0.011581765027370508,-9.662710082567486e-05,-9.812172498325046,-0.00015118871458516515,-0.0011611061467089261,-0.0008014463165332892
300.7999999999999,-0.007657517434768839,0.009487103106765064,-9.800864355996612,0.0004788483868571356,0.0007801330670696839,-0.0005015545097115824
300.8999999999999,0.01381560554287951,-0.00444859586359181,-9.80780256284589,0.00028819899938101347,0.0015000610031694515,-0.0010604925948155498
300.99999999999994,0.004824632013202323,-0.004167301532835908,-9.806995217657763,-0.00046306787546057155,6.192233071247328e-05,0.0008069503948107879
301.09999999999997,0.013082226874782455,0.007771464456171343,-9.822683781997213,0.0009323074101242594,-0.00039269668747187245,-0.0003714869952521276
301.2,0.021088265065150016,0.009813551720952255,-9.801847911377902,-0.0005732315106347854,0.0009612152257183154,0.001021733492628261
301.3,0.003767605994534941,0.0025778796954695066,-9.824797349980816,0.00012601134274299247,-0.0007935567461220095,-0.0004289619253633039
301.40000000000003,0.003533805602097254,-0.0006044056310602293,-9.818130053800184,0.0018233723845241885,-0.0012223954781603375,-0.0004193322393591665
301.50000000000006,0.0032001939792912775,-0.00961334062698823,-9.80283077339836,0.0008040359960981062,-0.0016094666163414834,-0.0002389428211282057
301.6000000000001,0.011886703579339741,-0.005698051468534736,-9.8120244335534,0.0009281209640914613,-0.0014524443465620295,-5.0229627246784965e-05
301.7000000000001,-0.0033380564729822695,0.0031545662087754346,-9.803405426609736,0.0010353319983536203,0.000805914511059129,-0.0007200173860850877
301.8000000000001,-0.004293377085624455,-0.00891652200838557,-9.816542264794036,-0.0001464153562642837,-0.00026596593875031506,0.0007918469680104484
301.90000000000015,0.0005921135968413396,0.003689312266828526,-9.83029225160502,-0.0006630620212980137,0.0005113139571824269,0.0009589773913443525
302.00000000000017,0.007444992629727534,-0.006195648718750893,-9.80784085428091,-0.0016919045315502512,-0.002307187564145016,4.2066410314371415e-05
302.1000000000002,-5.15331661951326e-05,-0.0030088877634678545,-9.80424291618754,-0.0008400607588126563,-0.0005703323284334996,0.0009873272783382358
302.2000000000002,-0.007165490140204471,-0.008533946708733841,-9.81932074799376,0.0010000025871830754,-0.0010771830983755087,0.0007610315214447531
302.30000000000024,-0.011257564177846442,0.009844091659587306,-9.825528934830137,-0.00021133873722625873,0.0004994043944507703,-0.0008143477662996051
302.40000000000026,-0.0004987188086697537,0.0015544349665966037,-9.819248308554023,5.195960354295904e-05,0.000638539819999087,0.00048390070141877007
302.5000000000003,-0.009652369096397558,0.0075582176743828325,-9.806043582040365,0.00013738701164461576,0.0003575817339101863,0.0010499162960551404
302.6000000000003,0.02079270438671902,-0.002950976366594938,-9.807397458209921,-0.001864197040111582,-0.0007399689092158086,0.00045852547598171747
302.70000000000033,-0.01315631655536073,0.003244515241835804,-9.815483278506697,0.001052048527559073,-0.00025284453236696736,0.00011288849276565553
302.80000000000035,0.011683795043716525,0.01813234960173928,-9.813268380080268,-0.000672208429556767,-0.001521334613583397,0.0017223362222252966
302.9000000000004,0.007428494199521474,0.005886782559726838,-9.812361953876717,0.00015382210250337405,0.00040665238264233467,-0.0006212832852752521
303.0000000000004,-0.01191989756380323,-0.01195004367842083,-9.814002595172132,-0.00042978522090466123,0.0003794882948312512,-0.00030380607372151457
303.1000000000004,-0.013172372437826034,-0.006948588553607628,-9.814174749144417,-0.00106724436638597,0.0008103248568909409,0.0006747012058256815
303.20000000000044,0.0032826051527257883,0.0015510127855526995,-9.827671909465495,-0.0005873876649972187,-0.000562387095504799,0.000820942470727744
303.30000000000047,0.006174359257401365,-0.013360860794093892,-9.806541267370875,-7.02871960783986e-05,-0.0005130564977528643,0.002364667032989407
303.4000000000005,-0.0055841549244236375,0.0010313302725495845,-9.818859110519611,0.0011803407915538036,0.0009182029604670094,-7.616555224459092e-05
303.5000000000005,0.005732396054528429,-0.0074424289235571085,-9.824999578741824,-0.0016322263197204733,-0.0017159205922152726,0.0015205950274479157
303.60000000000053,-0.006383758978040938,0.005831327410269406,-9.808833638624662,-0.0006312196114378561,0.0017142807100433805,0.0007967974859025973
303.70000000000056,0.01775018309118362,0.008907657858605745,-9.811682543352278,0.001854105320360631,0.0009154137214045865,-0.0008220044388429049
303.8000000000006,0.006440986607649197,0.014691794188876372,-9.788100419112206,0.0008597755435818382,0.0009766618722958852,-0.00026304194717450207
303.9000000000006,-0.0012329347026157579,-0.008958759978323275,-9.821237074851558,0.0010484085864347432,-0.0004597909719397754,-0.00043779901861106966
304.0000000000006,-0.007979854352342988,0.01961214792547066,-9.809889998722054,-0.0031732033263098093,-0.0007558516872474539,0.0003258933041413276
304.10000000000065,0.009368980073729355,0.009828654600643529,-9.817283349172786,0.0017240755805951636,-0.0007597327774358029,-0.0019214824568687592
304.20000000000067,-0.0023802277212717797,-0.005958601947156953,-9.817854128186147,-0.0006186775488875912,0.0006404815125741678,-0.0009904954263723414
304.3000000000007,-0.013078937735303702,-0.012435700789844873,-9.818992954124083,0.0014604920800268886,-0.0014805007473863295,-0.001471904440760627
304.4000000000007,-0.007707347825574992,0.008132898703118877,-9.80545881987514,-0.000943493178117648,0.0009556258482978406,0.00011454188725984928
304.50000000000074,0.013876843490399287,-0.0008480693782942675,-9.802732091011782,0.0010103633944069594,-0.0005820831342196562,-0.0006853069085485711
304.60000000000076,-0.0027471967663181946,0.007812014109164861,-9.811509247820295,-0.0009195903248497752,-0.0019566742442185085,0.00037103030056723625
304.7000000000008,0.011754360973563365,0.014675021889793922,-9.811855739059425,0.0008507800110766552,0.0024425302854145636,3.924660942482139e-05
304.8000000000008,-0.001905856096167009,0.004110336658186578,-9.822127175573803,-0.00021886635720373031,0.0005535785613854908,-0.0006118351183622942
304.90000000000083,-0.002171046398288198,0.0014859606150753133,-9.791162337028595,0.0006449780007564295,0.00063669631733838,0.003171248153314077
305.00000000000085,-0.005869565590551409,0.006024468908786062,-9.816372783373968,-0.0002239826121830232,-0.0012382263665073289,0.0005589288618823569
305.1000000000009,0.014399836083941643,-0.004322782520258064,-9.834237181975528,0.0007441325322584854,0.001353453899459167,0.0013522231661895307
305.2000000000009,-0.0069135154691785244,0.012968845650390526,-9.793506524831347,-0.0007558847166744521,9.157300255412324e-06,0.00027253881902607294
305.3000000000009,-0.010520680249697593,0.0095471930172302,-9.810708964913948,0.0024812389483730895,0.000804861699656702,0.0004341787013985746
305.40000000000094,-0.003472932269490283,-0.019689119981711353,-9.812191186072184,0.0007924062350756854,-0.0002584708502058001,0.002150281041731453
305.50000000000097,0.004783783021242475,-0.006883255343362385,-9.81071430906854,0.0014058669668333386,-0.0015221650302000326,0.00045854439494866087
305.600000000001,-0.016942391090590262,0.007390374513419228,-9.792512516783987,0.00022384044542492985,-0.0013040600527197059,1.1626740893508848e-05
305.700000000001,-0.004546282930447554,-0.01711360434343633,-9.830274736241227,0.0013762554225257256,0.0013242189669085116,0.0015882588092938175
305.80000000000103,-0.005589796048773183,-0.012937621302788829,-9.797777551136319,2.153884720825858e-05,0.000680974415545392,-0.0017966185193271512
305.90000000000106,0.004043169755844705,-0.007824369362572794,-9.80118060971678,0.0014094788668838829,0.0017342514932724572,-0.0005385494884789169
306.0000000000011,-0.0030241112312377515,0.0013260170355068653,-9.816554876675443,-0.0002624895142324239,-0.00033023586124552565,0.0006808281206758975
306.1000000000011,0.00037692233819151767,0.004006445892306289,-9.815926261543707,-0.0004809300104159431,0.000159829653438334,0.001108225384788771
306.2000000000011,0.017626299583480748,0.0006195247349564287,-9.797820429753225,-0.00023725796691592956,0.0014964595442625572,0.0008183169637505721
306.30000000000115,-0.018014973407129712,-0.007800882208585631,-9.812730288341816,-0.002103716412404369,0.0006553220356625502,-0.0009715240717799181
306.40000000000117,-0.00656805254974031,0.012321667173925726,-9.817091550955677,-0.0007839096475888411,-2.995373315968869e-05,-0.001761132307833171
306.5000000000012,0.005771364254782286,0.0009652983977423129,-9.817211032642412,-0.0017141793649677122,-0.0005369889293652282,-0.0008691558189144928
306.6000000000012,0.0016880221051092726,0.009077916009064324,-9.822761786985808,0.0012988772173552112,-0.001236467416604814,-0.000407641438049064
306.70000000000124,-0.0006640143169361247,-0.0029201854757751763,-9.8076941066662,0.0008545682679719651,0.0019191837830565019,0.001368580806990774
306.80000000000126,-0.025747809723745033,0.022042961420157495,-9.828749759698054,0.0006607835381829994,0.0007986735151487635,-0.0007073617756261104
306.9000000000013,-0.001462938741337321,0.006489051137848637,-9.806969796655782,-0.00025671986315426614,-0.0006967702745467573,-0.0014513682244476829
307.0000000000013,0.0015850937290719533,0.006000690266553051,-9.799351964253225,-0.000828860900344739,0.0009409430591898709,0.0011652583173276324
307.10000000000133,0.005436606668872008,0.0018359300662276223,-9.816170883988432,0.001970022320181939,0.0005806291435273124,-0.001598952448783057
307.20000000000135,0.014981926791789342,2.8682895533715795e-05,-9.799677182946237,-0.0008615919253267186,-0.0006755409878692466,-0.0004600156611461047
307.3000000000014,-0.013447188638300423,0.022326338168224328,-9.796893017403375,-0.0011987260530760128,-0.00016978764503063754,0.00233417456554454
307.4000000000014,0.00838787733069134,0.015857144804374224,-9.797102685805134,0.0011402717397902486,0.0006432494969948985,0.0006211640222203548
307.5000000000014,-0.017569286646317663,-0.010610105056823058,-9.809481707922096,0.0009358645654854288,0.0007443805292913402,0.0005453212610123147
307.60000000000144,-0.00737405771771331,0.011244200848935926,-9.810634582359203,6.924578315346491e-05,8.899553361260987e-05,0.0011611069891484672
307.70000000000147,0.0031752713273497757,0.011502065180006791,-9.821055406432249,0.00016280434979369635,-0.000535275079385496,-0.0007991249119211211
307.8000000000015,0.0013337622580846715,-0.005292313456818405,-9.807958445134897,-0.0013322490845578195,0.002019821311930599,4.328770878843179e-05
307.9000000000015,-0.010310110966587764,-0.0026090058765583708,-9.806631990531962,-0.0016688188075579433,0.00028837046467691276,0.001636842541037381
308.00000000000153,-0.004318491543804169,0.010939686682330868,-9.799884664292822,0.0006481020057555398,-0.0009233087507831321,-0.00236644724636166
308.10000000000156,-0.017309997343119627,-0.0047726312992901285,-9.793763908306687,0.0006201168557211639,0.00041437531192147067,0.00033304229839299974
308.2000000000016,0.012449535347243546,-0.005964847907380639,-9.832220906084139,0.00014446873441024003,0.000461454381064127,0.0019342706055229806
308.3000000000016,-0.011423105402592013,0.0038062245855610462,-9.82517568575007,-0.0007469195681645892,0.0007670810363907032,-2.1594590818400873e-05
308.4000000000016,0.0002699345775519324,0.005434970033151854,-9.830721123478686,0.0003014616578168933,-0.00042726652172814396,0.0004510663818991772
308.50000000000165,-0.0046521551830960945,-0.011571329659460916,-9.812584839580612,6.187735688607029e-05,-0.0005550971392291287,0.0010993409198639902
308.60000000000167,-0.011979641958345505,-0.013034457407105618,-9.797883612954514,8.471161025431507e-05,2.615988194256919e-05,-0.001279919572204134
308.7000000000017,-0.005623899012321537,0.0017488413624773757,-9.797264369763818,-0.0015236896604642958,-9.589953089640275e-05,-0.0005114264512728969
308.8000000000017,-0.002586181358924163,0.02235774532710193,-9.811589054076675,0.0007960612994106846,0.000364830955837491,0.0017092509770072432
308.90000000000174,-0.009651206752665564,-0.0023913041981564556,-9.81202565540033,-0.0008192880478138829,-0.0011652313280903744,0.00045391689451156373
309.00000000000176,-0.0160982929864907,-0.01041913806697228,-9.810581644546543,-0.001996316625210217,-0.0011099040513817921,0.0007824368271141784
309.1000000000018,0.004837963524178017,-0.003979800333970804,-9.796832122075575,-0.00030943087546700805,-0.0001482471272015494,-0.0006652052990284689
309.2000000000018,0.0031136743849517062,-0.0012165468754675947,-9.819979718395075,-0.0007276512176078024,-0.0011120297388586735,0.0009287135265094071
309.30000000000183,0.0024607872126292617,0.002862050104958691,-9.813336154758248,-0.002211599835907456,-0.0006719402903619879,-0.0020339975530781714
309.40000000000185,-0.005564885724968675,0.009319314994322868,-9.788592812675,0.0006437909493955188,-0.00246033080073459,-0.0006485307729267697
309.5000000000019,0.0074438164079918216,0.0006406796771737556,-9.798328682124376,-0.00037263125484690167,0.0011168779753390938,-0.00029469155774747817
309.6000000000019,0.007591143368590786,0.013752984468020106,-9.80791904394141,-0.0014094613970386752,7.413520761729141e-05,0.0011234721726409713
309.7000000000019,-0.0010866362244523837,0.011886428333168747,-9.809583108370607,0.00033997022541695023,-0.0012495029177130412,-0.0002487143251554392
309.80000000000194,-0.006772545119965592,-0.0066402786970996275,-9.807472783330159,5.675834436056437e-05,-0.00010224473804106356,0.0014442840129677895
309.90000000000197,-0.010662942060716664,0.002578030690943221,-9.792873031267458,-0.0012714692046137766,-0.0016640889569315093,-0.0003863195098794651
310.000000000002,0.012373197476123738,0.0019391022010670587,-9.810208527313483,-0.0014119252143761992,-0.0009799848422901473,-0.0008180917732562939
310.100000000002,-0.000780461989235134,0.0053642459778845235,-9.803400311560383,0.0011792974488017886,0.0003081030486797834,0.0004073770646951617
310.20000000000203,0.00261500344827741,-0.016212888602196635,-9.806892613840681,0.0007015350657150695,0.0016390393627972845,-0.00171425277820331
310.30000000000206,-0.003887762209937966,-0.014583091897837016,-9.815482075788537,-0.0006793820204185503,0.0016607318564551173,-0.00013287180018742295
310.4000000000021,0.00033360587363199265,-0.013008888039017414,-9.819318550370177,0.0016755297598406132,0.0006101638637733228,-0.0007629439917446791
310.5000000000021,0.005988207681284476,-0.017115836828808753,-9.824821372175155,-0.002051869923814153,-0.0010112581827599052,0.0010421156008508688
310.6000000000021,0.0033446087981485175,0.005161765867418855,-9.802129694208334,0.0017673069856393442,-0.002601159401852257,0.0002764038305118686
310.70000000000215,-0.0054987805234329055,0.0179269180550482,-9.798486387700986,0.00027392279223919407,0.00020122669724067138,0.00013803313896895082
310.80000000000217,-0.013629185401673263,-0.007623309689094727,-9.818419894124599,-0.0016165010686551497,0.00040220598247360154,-6.30330134906047e-05
310.9000000000022,0.004610614426534433,0.014155765950111886,-9.809303384240913,-0.0007118822719207082,-0.0010096937015366082,0.0006956584391956902
311.0000000000022,0.020223611352134317,0.001696065151954907,-9.807736698535692,-1.7095158969774513e-05,-0.0012650134998347816,0.00026647074286365177
311.10000000000224,-0.003894234172422892,0.0032820167838577326,-9.828065966394501,0.0007534426210138785,0.0022287428442220453,0.0005967440391654272
311.20000000000226,-0.0008967416255521591,0.005590792985112297,-9.794559869167204,-0.0009141916864226815,-0.001081485781037723,-0.0013658970163834183
311.3000000000023,-0.02165513515172186,-0.004429717499746971,-9.791526824424128,-0.00037355774069885045,0.0006687197576208323,-0.0008858089036261136
311.4000000000023,-0.01726785065223649,0.0037921215255517443,-9.812566158066065,0.0011511389180279556,-0.00019071581892433212,-2.85509131230408e-05
311.50000000000233,-0.005442473735278773,-0.035305908428251286,-9.812456294733101,0.0008544743082093984,-0.0011583456033985124,0.0007069559595737891
311.60000000000235,0.0032369560612496885,0.016384068616866056,-9.796077382079776,0.00047292927222790387,-0.0019167200076544396,0.00030141882620307185
311.7000000000024,0.011051973881371276,0.0077110998956430345,-9.792322855974016,4.385097041574983e-06,-0.00025281073450615903,3.973033172410305e-05
311.8000000000024,-0.010636004480188253,-0.0017677619779766357,-9.806375847487216,0.0008472691594309519,0.0008403115553332487,-0.0004634598586752027
311.9000000000024,-0.007217839668678119,-0.00493579067209166,-9.820311843659317,0.0002677052600514421,0.0008806186467815005,0.00013740613663411347
312.00000000000244,-0.0035599681779962247,0.018600736515577844,-9.81060847367978,0.0030222720401083866,-0.0011810992116326187,0.0009145042706541352
312.10000000000247,-0.0014710390035874632,0.006899250162450298,-9.7941349842406,0.00020684428267474242,-3.795583501417193e-05,-0.0010663064873127513
312.2000000000025,-0.007353026160330254,0.011346307699721711,-9.809733678406609,0.001551335800863194,-0.000297060659388947,-0.0003442288036771202
312.3000000000025,-0.00566813828145057,0.012899866029153377,-9.816184526807843,-0.002043043095678755,0.00034174521749766453,0.0006707342282297376
312.40000000000254,0.0044799049260625685,0.01746961441294896,-9.812699355804597,-0.0010336567826950388,0.0006581845466010915,-0.0011002726216795588
312.50000000000256,0.008707545311552597,-0.010659191621493355,-9.823528839411894,-0.00011880179419681097,3.821581955658245e-05,0.000767330996897842
312.6000000000026,0.004558703278936074,-0.0006527490828748305,-9.815893052581442,0.00030706018216607325,-0.000517664112095307,-0.0008776011500260708
312.7000000000026,-8.322903852127852e-05,-0.012569013601212499,-9.80794896933165,0.0003782428303630896,0.0006935226235141079,0.0003790004531256623
312.8000000000026,0.012965135810783481,-0.016539344170504854,-9.788431366345334,-0.000473087135662037,-8.16467117137741e-05,-0.001056108749318632
312.90000000000265,-0.002764123499697239,-0.008648736519934527,-9.819564405785814,-0.000713864172547442,0.0005779857850561474,0.0003188949727589277
313.0000000000027,-0.005307473072887771,0.004771915356438657,-9.810321945349452,0.0007306478379832051,0.0018299791020991887,-0.00045279570469977475
313.1000000000027,0.007459438806493832,0.0007941226534175494,-9.816795187525594,0.0019321328544103446,-0.0002189708898413378,-0.0006002472211909409
313.2000000000027,0.0032318463577606362,0.004196475561339453,-9.804662866304875,-0.0004254549875565551,0.0009360422834164469,-0.001509569843788035
313.30000000000274,0.0035050186726690437,0.015642352851840215,-9.792169631850395,0.0026818869487224596,-0.000960604477241371,0.0003210967571915459
313.40000000000276,0.0011501243219284873,-0.0006732455271585251,-9.829507937579123,-0.0003340883983049124,0.0007857001009388799,-0.0007721264502095596
313.5000000000028,0.01205870849932589,-0.0020878554965234864,-9.802850684021683,-0.00046675186501719156,0.0006134477361804689,0.001130939259914854
313.6000000000028,0.010437715840411315,-0.019492098857206208,-9.802211782549332,0.0012258611285362834,0.0008230222672993587,-0.0007819127386910488
313.70000000000283,0.00591255905798408,-0.0081374544990392,-9.795284235078952,0.0005936731604647926,-0.0002482592823156451,-0.0005766815202009776
313.80000000000285,-0.001915796884396056,0.00564500584418192,-9.821215021375416,0.0006480678077831787,-0.0005089430220066956,0.0005924021411531704
313.9000000000029,0.00829112275876236,0.019680172378775788,-9.810611498632854,-0.0012986580682641023,-0.001026550489575509,0.0003061687162793781
314.0000000000029,0.003598662225988419,-0.00660268189331768,-9.817265013442707,0.0009056332603518717,-0.0005956016453353336,-0.0002122429936843578
314.1000000000029,0.0018476054529162303,-0.00908526942757557,-9.816245838431476,9.449586430222542e-05,-0.0014820783174741593,0.0007156426017290203
314.20000000000294,-0.004349968272231703,-0.0053004728125478455,-9.79046040092442,-0.0013143873938683348,-8.726710642750913e-05,-0.00025602164870649997
314.30000000000297,0.0061124761032397956,0.0066586932338548056,-9.81995301069334,0.002086939775436307,-9.37950509768399e-05,-0.0002432768001262171
314.400000000003,0.025998676904157577,-0.02152473733883069,-9.80419298103408,-0.0012726528764858648,0.0002961239542753759,0.00041127402122782857
314.500000000003,0.0032304476579519317,-0.0050758280685885395,-9.816466010076827,-0.0009779152182456388,-4.592438998863248e-05,-0.000832008962746396
314.60000000000304,0.0006322557073154941,0.0026074602290174827,-9.801657149546307,0.0001983916812990768,0.0009692494915427936,-0.000494323652762501
314.70000000000306,-0.010189788004444363,0.004232011633717308,-9.820022597882987,-0.0019050498786472405,-0.001225996165784538,-0.00016478986778310558
314.8000000000031,-0.004257735180977169,0.0007640004344765304,-9.80461719305183,7.800959674130128e-05,0.0009657953729378128,7.534923963594748e-06
314.9000000000031,-0.01891610898089549,0.00789911561068266,-9.812338851356314,-0.0009089859162409588,-0.0009770730934759988,-0.0015103593952674353
315.0000000000031,-0.002535883067744551,0.005436742350205135,-9.817435212836255,-0.0012986357992515803,0.0010192871230039495,0.0007229998774627678
315.10000000000315,0.0024733682183097887,0.018851052937925206,-9.805398812508065,0.00029984748539950174,0.0013312302808367426,-0.0009887632924941744
315.2000000000032,-0.0027045304587786857,0.007805658029229444,-9.808415760336265,0.0018205785278444812,-0.0002882558158369771,0.0016953641962776417
315.3000000000032,0.007630853063091375,0.008378232975976972,-9.800184481119116,-0.000958141295529417,0.000836228821288613,-0.0009995947747099185
315.4000000000032,0.006458361574549869,-0.0005853014483275877,-9.831944535459378,-0.0009680595864889482,-1.2984859997143634e-05,0.0004323018784386343
315.50000000000324,0.0014428320850435065,-0.0036453470290368157,-9.802792034716012,0.000524958055934238,0.000253647038528327,-0.000829305278349299
315.60000000000326,0.004679133263566535,0.005644648030853413,-9.780928401488236,0.0007091147619120308,-0.0006690806550630106,-0.0005502976757509533
315.7000000000033,-0.010667993358640479,-0.007049640204638606,-9.808404435676625,-0.00022199148057639142,0.00041890280207534545,-4.9308432455144255e-05
315.8000000000033,-0.014384349296122218,-0.013909531158736749,-9.829414350455798,-0.0017798551808661622,0.0014052775621069095,0.00034119467280769125
315.90000000000333,0.007652534186599336,0.014128721018394262,-9.804994307471036,-0.0007561348534686898,0.00031675100514201614,0.0004243024601435289
316.00000000000335,-0.00894454939361112,-0.0008286270616192187,-9.786813409243127,0.0006101517846190861,7.031788392583528e-05,0.00043486523903408044
316.1000000000034,-0.0023731449405946575,0.00741567937249057,-9.813957871441263,0.0006170820733538048,0.002006257041714569,-0.0003166855912667047
316.2000000000034,-0.0016491929884013532,-0.0034258755123654657,-9.825713284456281,-0.000538278586681147,-0.0006277855645430238,0.000446828619347898
316.3000000000034,-0.01514532199724237,0.013371756706174298,-9.820070737290646,0.0021994983348337066,-0.000122284030656596,-0.002632247208333466
316.40000000000344,-0.02087846585549343,-0.001975486542729182,-9.807974222585399,0.00016475881453027543,-0.0005917491115579773,0.0002876461145787713
316.50000000000347,-0.014784065829260824,0.002091230503468015,-9.804655680412221,-0.00039023401734560265,0.00026107947849821707,0.0003208675800499027
316.6000000000035,0.008617797648220763,-0.004036782173286853,-9.806099485778923,-0.0011512691669695824,0.00013884121106116066,-0.000637428820920433
316.7000000000035,-0.00529052067247937,-0.0010764102012750952,-9.80902672232266,0.0005736056186997843,-0.0011220523686386807,0.0008666779141164066
316.80000000000354,0.022558938714831115,0.005669111876871669,-9.830493490989758,-0.001895146210830417,0.0002807255351107728,-0.0006957080730905455
316.90000000000356,0.014462560258127193,-0.0016543839352495082,-9.814298229651333,0.000713533763971906,0.0007225661008260307,-0.0011691073296188445
317.0000000000036,0.01359887134635406,-0.009190260428192588,-9.816105512358371,-0.0004949412546730012,-0.0004188298065068455,-9.888733709305188e-05
317.1000000000036,-0.0019137083729140769,0.004555418284121622,-9.80007745733423,0.0007483857911714993,0.0004884083990754368,0.0005318597329273219
317.2000000000036,0.00839075030354371,-0.00952866886309862,-9.810212159424609,0.0007698852611904578,-0.0010828122559250154,-0.0011458204451721926
317.30000000000365,0.0084978712940932,9.48993074999478e-05,-9.795747573110765,0.0002750163272651192,0.0004057282171129692,-0.0007659077852859099
317.4000000000037,0.005378186076636068,0.004862611577052259,-9.803036786261028,0.001520654019932637,0.00027618207659980005,-0.0008717745545336193
317.5000000000037,0.011341773334741807,0.002179088460059355,-9.819700487386402,0.0009024781265591591,-0.000503870830921441,0.00015268260950806052
317.6000000000037,0.015394850065143998,0.000396173037350979,-9.81355567403002,-0.0006774908228641946,0.0005908613586095261,0.0007723350761090235
317.70000000000374,0.0003663396540108822,-0.017005289066400538,-9.811508953892695,4.667883218823822e-05,-0.00013232368333839073,9.943585337905027e-05
317.80000000000376,-0.01174422620564945,-0.010466333671467806,-9.789978511787643,5.4530424272857875e-05,0.00019916428021328069,0.0008406178404998995
317.9000000000038,-0.0004056453912917521,-0.005668450666423272,-9.817972457304299,-0.00045027086881702945,0.00021407513454780471,0.0006249812911340163
318.0000000000038,0.0015058053824465532,-0.01684338396803653,-9.816039837561615,-9.16360981583176e-05,-0.0007305994371722915,0.0007287692190123426
318.10000000000383,-0.011706515867503297,-0.014399332672079011,-9.801154314728928,-0.001286997732615753,0.0001403800108438369,-0.0006702311179488045
318.20000000000385,-5.627189979226069e-05,-0.00429996467075554,-9.805122213060894,0.002680344985609231,-0.001274633930221086,0.0006281280555765292
318.3000000000039,-0.014049803916232265,0.007703882374892124,-9.807852787857943,-7.796320392908434e-05,1.8331266740375987e-05,0.0005830402985992832
318.4000000000039,-0.0006738261921040658,-0.0033028150697570363,-9.828218359596384,2.6912319915236354e-05,0.00035887858313202544,0.0009499567990472581
318.5000000000039,-0.007475521461144997,0.008127779275370483,-9.81283139483259,-8.951511812123111e-05,-0.00027940170446088435,0.00037618763355136414
318.60000000000394,0.0069610707929675195,0.0033085073843264375,-9.822711326683393,0.003059001900916362,-0.0003294099259986724,-0.0004717157532103717
318.70000000000397,0.007381805372816201,-0.006636769589563967,-9.803659080030988,-0.0006668422425104491,0.0009854686446093878,-0.0012921889343101736
318.800000000004,0.008448357408265147,0.003190865667874075,-9.81748984933122,0.0007660049920949005,-0.0011336742146400272,-2.2736827620133206e-05
318.900000000004,0.007045609747633722,-0.0017882861615956633,-9.810709681215677,-0.00012652280169959983,-0.0015003483048165902,0.0013876416577456056
319.00000000000404,0.0051017514680355095,0.00643973710576743,-9.817952905781999,0.0006288034763884855,0.0006955720101958147,-0.0007705153921501535
319.10000000000406,0.006612597160777316,0.027192870402095847,-9.806443074283589,0.0005254298178872308,0.0019810161501186674,0.0012961544672938964
319.2000000000041,0.01408068587042594,-0.004148588096028249,-9.804566788522806,-0.00013801724595746703,0.0001164013323787015,0.00029423550759912924
319.3000000000041,-0.009062107280394931,-0.013688556552469757,-9.829924325493609,0.0015661974638347754,-0.0011612329947452192,0.00018938897590288663
319.4000000000041,-0.014618089666339944,0.008011362347126648,-9.82148994639024,0.00020392758104652444,0.0024183328295489465,-0.0010601232461414356
319.50000000000415,0.004981830237910807,0.00683652763754629,-9.826506545858923,-8.379362215515116e-05,0.0008438946940561841,0.0013831424844694795
319.6000000000042,0.008477932954506549,-0.00046648128207984547,-9.806971728069366,0.0006738359212816442,0.000873254964052779,-0.0011209374294112414
319.7000000000042,-0.004478338335480649,0.01509846031629612,-9.800555904184183,1.6335351048698125e-05,0.0008783400553991898,-0.00197338867138217
319.8000000000042,-0.0024474728542206755,0.013800037830323677,-9.815363652867797,-0.0009549596027669244,-0.0003357889321920958,-0.0015750465606661523
319.90000000000424,0.01091255750790742,-0.010939786968003766,-9.809062186925802,-0.0007923940841254917,0.0006318101989837402,0.000343926276507833
320.00000000000426,-0.0017132670740237328,-0.0013624369497453788,-9.79875373601008,-0.0005759419225413202,2.1433098207791335e-05,0.0016848168540502461
320.1000000000043,0.007602063936248379,-0.013381514498339048,-9.814547202596199,-0.0006138744788559374,0.0018597560615717767,-0.0011502809948770365
320.2000000000043,0.014080023845517362,-0.01333275208152587,-9.811590962431914,-0.001989722097589325,-0.0008830571528048755,-0.001369731937808238
320.30000000000433,0.019238905696195713,0.0020807737594493517,-9.815648247440379,0.0009593536840625717,-0.0009534568320336966,-0.0014162167514362028
320.40000000000435,0.002978552806096222,0.0031111900777539077,-9.784418660641895,0.0002151439420112519,-0.00022853409700919036,0.0021437922751653712
320.5000000000044,0.003778019619150669,-0.01854107946582768,-9.805400907659257,-0.0010130586907024092,0.00044975056046625046,0.00032784248678456585
320.6000000000044,-0.004457113030546889,-0.007903620645886691,-9.810420948654272,0.0009160836300172235,-0.00021686025296326376,-0.00022249232338455256
320.7000000000044,0.003184132571601085,0.013931973257612688,-9.812863150973557,-0.0009419351725561083,-0.0013657585063904898,-0.0011214067437290622
320.80000000000445,-0.007690164486365403,-0.0038570303370926637,-9.838650385051857,-0.0004373874847281098,0.00044930325918578613,-0.001878807767744321
320.90000000000447,-0.01140266556273751,-0.014860755337397391,-9.8205582668273,-0.0005304808063549902,0.0011337602873200219,-0.0011677302150600603
321.0000000000045,-0.009763619329770233,0.002828786703115298,-9.811137765362476,0.001006600228218159,0.00040140794196167706,-0.0004676332187771397
321.1000000000045,-0.00832135559087082,0.007755309024698017,-9.819626665330311,-0.0006735995379522792,0.0012089259497121967,-0.0004399819866879947
321.20000000000454,-0.0012780817415913236,-0.004229723351812539,-9.798559860836402,-0.0009793626580070099,0.0006046857725261315,0.0015022413580156446
321.30000000000456,-0.0008317744385257547,0.00779280808413224,-9.811851874678453,-0.0030072438456580065,0.0013430415614161676,0.0003963748289193499
321.4000000000046,-0.004756458380951729,0.007857404796030285,-9.832880700266552,0.0003457634985099836,0.0002451817861798298,0.0010886979172137444
321.5000000000046,0.00960025337414744,-0.006693973582164141,-9.80751853130655,0.0005625416731891122,-0.0003881768662661884,-0.0003874716339033035
321.6000000000046,0.00572035975608157,0.009729880440903433,-9.796950556881493,0.00023406312888760706,-0.0003646273570886409,-9.142109729826828e-05
321.70000000000465,0.004433488167786893,-0.01018905383959362,-9.80783529326628,-0.0019319447827360844,0.0016403834518931076,0.00036544874702090725
321.8000000000047,-0.001221209326023713,-0.00385087509051789,-9.81060706905175,-0.0013717347721418967,-2.134689765724283e-05,6.730462144333178e-05
321.9000000000047,0.008277311981892252,0.006776034792469771,-9.82220197535902,0.0017448993953564156,0.00018106129726792422,-0.0009099508660047774
322.0000000000047,-0.0008097029496726454,0.002376314334675108,-9.803931734896187,0.0014156998256062388,0.002102225637895558,8.656759182576668e-05
322.10000000000474,-0.001689350693556916,-0.007347149852201988,-9.802103322317443,0.0006165883971691967,-0.0006137303990395171,0.0011146588583857743
322.20000000000476,-0.004996775317383597,0.0006319305156447062,-9.79874211610366,0.00022694772484658238,-0.0004274541003709144,0.0005069188013777018
322.3000000000048,-0.004011994924638939,-0.007259062766330517,-9.817165720118549,0.0008744854404896309,0.0009757268402442323,-0.0007047596778117699
322.4000000000048,-0.006483317622435767,0.010216031849611467,-9.817832712887812,0.0008736461816315789,0.0006397671669752725,-0.0009883723645128428
322.50000000000483,0.010242972421663544,-0.010827870416940158,-9.81920593366605,0.001625554171092562,-0.002097698495490469,-0.0012662734532522672
322.60000000000485,0.004438567999380518,0.016782692682588373,-9.788408009581861,-0.00027465581918113135,0.00109471627622183,-0.0006635989981316954
322.7000000000049,0.0076984420564613935,-0.0008299191099464222,-9.809387274540901,0.001672352087046304,-0.002319632574570057,-0.00012748611232792355
322.8000000000049,-0.0035588371852168644,0.009072005072266789,-9.802892852509606,-0.0004524917957508644,-0.001680789451751582,-0.001327154399896029
322.9000000000049,0.008248731987570984,-0.0016300519122817293,-9.80686658849865,-0.0012183827956633586,-0.001006225122149648,-0.00268243324859439
323.00000000000495,-0.009328245875463343,-0.005639296398307652,-9.802971491513983,-6.542146956449506e-05,0.001219411912604892,-0.0003130687085794081
323.10000000000497,0.0007611444699210627,0.006151941929143705,-9.8106969302861,0.002010517411900748,0.0012237401918917758,-0.0005684792634297584
323.200000000005,0.004062881202508507,0.0036367178051739902,-9.817160076012273,-0.00036731477338268216,0.000741362887697619,-0.0019624176864680054
323.300000000005,-0.011036441424866579,-0.002174263699464034,-9.80477446494477,-0.0005716397748930548,0.0009658808904748016,-0.001387946398538605
323.40000000000504,-0.011038370606464468,-0.0040797261082039,-9.79171416142753,0.00047956373713639166,-3.549594036395189e-05,-0.0007725885048539444
323.50000000000506,-0.002561523347057263,0.011692451877483207,-9.807819832787922,0.0024434440693069234,-0.0008658796278490204,-0.00029381720858982205
323.6000000000051,0.013102411469327334,0.0033313718833224556,-9.799881417074781,-0.00027609822781296257,0.00047350590660621137,0.0009599514649518974
323.7000000000051,0.0008861379057510634,0.009692003113773679,-9.807630842147912,-0.0006190033298917786,0.001231545514135001,-0.0008058578846298827
323.8000000000051,-0.00023112684744315797,0.00752065789390216,-9.819468429841582,-0.00011880705799776046,0.0001512963397217893,-0.002015507934628242
323.90000000000515,0.002046985180653655,-0.0020312148301681347,-9.804476526543985,0.0021864447038790653,-0.0020025579042689174,7.02925304444054e-05
324.0000000000052,0.003362931215309549,0.014326802509870241,-9.811578715849725,-0.0010487805743732875,-0.0015432887085232497,-0.0013065876421680708
324.1000000000052,0.011924618511022049,-0.00947233812048981,-9.81458437491139,0.0018385681732571745,0.0013032403738566652,0.000724618733316542
324.2000000000052,-0.005693516981187165,0.006348753984162964,-9.802420700588929,-0.0007300875143558241,0.0006792386177667054,0.0012942331638106294
324.30000000000524,0.014694175782937894,-0.028367979224084485,-9.8239452053784,0.0019851046224758054,-0.0013413542755404688,0.00024400414195095008
324.40000000000526,0.003794998319124389,0.006011138051893656,-9.820105521201898,0.00010220153023168682,0.0008507397877958048,0.0019179031469677337
324.5000000000053,-0.021648028554265557,0.0071476740321489984,-9.813782544321294,0.0011339909943918333,-0.0012092226832106157,-0.0008049964088188096
324.6000000000053,-0.008265396627643506,0.0012565210737818895,-9.813841142041772,-8.823480781652196e-05,-0.001426874784441922,-0.00010721011948748925
324.70000000000533,0.0026445528439769032,-0.0003166568883917277,-9.815205804900307,-0.0010619987445326018,-0.0014021229185888382,-0.00044516322055095954
324.80000000000535,0.003658955591462973,-0.018097191126204358,-9.781466269077915,5.121664781827651e-05,-0.0005730412267618254,0.0005064208229086366
324.9000000000054,-0.0030226128038871947,0.018809631728653006,-9.826069596295746,-0.00015847127934258596,-6.20090471193102e-05,0.001504691467135006
325.0000000000054,0.008160726307854159,0.0073352727326053335,-9.819401392932482,0.0008701980580481046,0.0013137779101260582,0.00037606058664282866
325.1000000000054,-0.007286854029157506,-0.0024454149872105324,-9.797418059998112,-8.936592312666187e-05,0.000496774849891394,-0.00010159009299943921
325.20000000000545,-0.00661441623944209,-0.0022269948399508068,-9.787035311347138,-0.0008820874239453703,-0.00019991895212237532,0.0008125481413765144
325.30000000000547,0.008259013439399134,0.0036713742138863577,-9.82259900545646,0.0013855790091488436,5.435444438871255e-05,0.0005562886978935024
325.4000000000055,-0.0020545671691079305,-0.01561345634291475,-9.81465602162168,-0.0012423206509858842,-0.0006872671889978653,-0.0007755222001467302
325.5000000000055,-0.0018763735975673326,0.022273288417936524,-9.805643419710844,-0.0024191574329098854,-0.0015840295361945799,0.0022205950921000916
325.60000000000554,-0.01286667603033765,0.0006474279860770375,-9.804482466197756,0.0014040681544720908,-0.00042021638762187714,-0.001614433747771495
325.70000000000556,0.00859497651398748,-0.006904203473841192,-9.817000445977532,-0.0004543604636908049,0.0021633051240160135,0.00017739275232778092
325.8000000000056,0.0001049638995184879,0.002766858926934395,-9.799613300082793,0.0005970211057046653,0.0018005049777700002,0.0002138407035471058
325.9000000000056,0.00585944772520537,0.006014394413779749,-9.803678191843142,0.0012091842039602101,0.0008093117570203375,-0.0007339279372684873
326.0000000000056,-0.0032251293413806444,-0.002335129146442981,-9.815547264104866,0.0009544190579192816,-0.0003693323089331329,-0.0008497101282680932
326.10000000000565,0.001993221115267466,-0.010764717250726936,-9.813186677128487,-0.0003420572964086994,-0.0006927543519889232,0.000831650354203074
326.2000000000057,0.00122665939429512,0.008412638235491434,-9.815786711679236,0.0007658426212209677,0.0002871511102956628,0.0006285103871639108
326.3000000000057,0.017467493088385487,-0.004156265005506313,-9.816193270501977,-0.00015013747981140955,0.0005481387675279299,0.0002472439125815865
326.4000000000057,-0.015303331598982348,-0.0141152008370955,-9.804594043572024,-0.0011248598076009913,0.0024626806352107304,0.002764872505709118
326.50000000000574,0.004547293999218829,-0.0055071866633992425,-9.799718254493133,-0.001205326704716154,0.0014696662685665805,-0.0016780537404633299
326.60000000000576,0.009503106819918679,-0.012990806675928238,-9.795053419945834,0.00036154676111331275,-0.001264120707186985,0.0005548623150446494
326.7000000000058,0.01624923951898093,-0.00030359071946780815,-9.806706341692813,0.0009568997069054403,-0.0007086500102764014,-0.0012954404935566152
326.8000000000058,0.02182025393827191,-0.012942880522333814,-9.815375930026201,-0.0014226516797131283,-0.0006901054050483989,-0.0007128454194364983
326.90000000000583,-0.0018481043065353847,-0.013313773484337528,-9.807734760967504,-0.00012035503384528199,0.0003202899091429303,4.754612279177768e-05
327.00000000000585,-0.0056709118838695815,-0.0050799511573427734,-9.806055405959748,0.0007000265187685961,-0.0006125443676324817,0.00045103995517356614
327.1000000000059,0.010264347991044734,0.006297917569713703,-9.812572937806689,0.00019546915471225457,0.0001368388169989891,0.00047312834039989866
327.2000000000059,0.014307707788458152,-0.006880169772956515,-9.81205442622335,-0.0014736613915618598,-0.0008084031070191187,-0.0009689161763582224
327.3000000000059,0.001464838004028902,0.006618287493506056,-9.815555387028176,0.0007782129358796872,0.000657123938363064,0.0004490311931447255
327.40000000000595,0.011076506834515349,0.005263350291271172,-9.799341180509936,0.001582842879103116,0.0006702022745870814,-0.00197561981168095
327.50000000000597,0.0011709043749054773,-0.003334892393637172,-9.818629696091051,-0.0004840388424930825,-6.663620660662469e-06,-0.0009439681709687381
327.600000000006,0.01372170530237528,0.018412412406378732,-9.81091312663547,0.001246097750119978,0.0012462627432244218,-0.00023196543167527706
327.700000000006,0.007457483083925273,-0.008112347634099817,-9.82808691423319,-0.0001760686836412891,-0.001942694347046045,-0.0011778723273998036
327.80000000000604,0.0120571165377829,-0.003654077461555282,-9.808411761253545,-0.0008708271798101426,-0.00021170290831740393,0.00019117117585547262
327.90000000000606,0.01656454726136831,0.01326823199910044,-9.812289057231176,0.001511856711055642,0.0013383740375906108,-0.00039932420277334006
328.0000000000061,0.009518800617284037,-0.008888740067633847,-9.809160609336615,-0.00029978810256707815,0.0018170947206434078,-0.0006006398026386225
328.1000000000061,0.013907787500405187,-0.0017197471629252243,-9.802938577700331,0.0007895310242575716,-0.00032237004956994964,-0.0006549005649846348
328.2000000000061,0.006489860441301829,-0.008588844817095652,-9.809099448793015,-0.0010288222696528701,0.000757925407958134,-2.8287520224428614e-05
328.30000000000615,-0.0068888841797382925,-0.008220540659474099,-9.82032393965415,7.584301820192732e-05,-0.00013853534675911333,-0.0002547095253956817
328.4000000000062,0.017840181971165152,-0.008879283637053478,-9.800916755334315,0.0009402286782715907,0.0008502365277278393,0.000412322159051921
328.5000000000062,0.019983381449501132,0.002150398325751574,-9.820461876327984,-0.0017476096622342989,-0.0003503575992019078,-0.0011465413830539825
328.6000000000062,-0.014474127359868545,0.0019057589751680416,-9.811032382711174,0.0012263261970816774,-0.0005243863747181382,0.0002501402647125905
328.70000000000624,-0.010321897076634194,-0.006049556072131147,-9.806504527066208,-0.00010348097838996139,4.330891410501836e-05,-0.001926819563058435
328.80000000000626,-0.011065540243727903,0.001366498628356675,-9.815282978373556,0.00020653396329484088,0.001526705115162096,0.0008002160164370066
328.9000000000063,0.0017303769273697216,0.005410177769873578,-9.800965697399855,-7.575432277864822e-05,-0.0005648464103380409,-0.0007711501279178371
329.0000000000063,-0.006367848388981809,-0.0025736589189450745,-9.81306523563821,0.001415434614152503,-0.0008884755394140991,-0.0002624367371546017
329.10000000000633,0.013448063097219645,-0.012379403116819447,-9.819198975255077,0.0013714315615766426,-0.0014281476827566807,-0.0002444655369081952
329.20000000000636,0.0033457180918473406,-0.00982586538548611,-9.801787876460887,0.0002677849495980704,-0.003676968851940704,0.0007805787722445088
329.3000000000064,-0.015675261899779948,-0.016233272975734073,-9.809099394227902,-0.0008089075161793298,-0.0002903994756000954,0.001340058831302346
329.4000000000064,-0.002501909278798455,-0.0006791864752673528,-9.789267231581402,0.0004611242754845273,-0.0005332888661971335,-0.0009904829236312067
329.5000000000064,0.0010754110552741044,-0.0158420098958508,-9.80767102201972,0.001250737592493457,-0.000740140839397995,-0.00022514112181627673
329.60000000000645,-0.012154462698529985,-0.007006331870645084,-9.812106602296259,0.000261841652650676,-8.05341645694017e-05,0.0011233646603002767
329.70000000000647,0.004489437833292036,-0.010795227764827515,-9.81705892654121,0.000653149187491081,-0.0009746787776269565,0.00037270048442559746
329.8000000000065,0.0005179245126114364,-0.002165442437492826,-9.792677402173084,0.0011252487679766965,-0.0012395693892559541,0.001820234607086837
329.9000000000065,0.008628845199737584,-0.0025241451804899895,-9.813123741315351,0.0011160360375305003,-0.0002838477919823685,0.0008421612670584703
330.00000000000654,-0.005749679753676065,-0.00435530098442769,-9.821953870738271,0.0015343442948443807,-0.00152669864870411,-0.00012926679013300005
330.10000000000656,-0.008910218588393632,0.012202388909278574,-9.805498057651564,0.0007358981455741366,-0.0003357994693131336,0.0015050355964483038
330.2000000000066,-0.00544813026106884,-0.003323454441974038,-9.81121415456298,0.0005862096674286014,-0.0025603932669061662,-0.0023365206289364935
330.3000000000066,0.0036317646803178754,-0.004321700658596509,-9.807167292321243,-0.001869669049245911,0.0005727115179229762,0.00038764450857943944
330.4000000000066,-0.0036946047980992327,-0.0014516267453356078,-9.800070089126285,0.00034452028299110447,0.0012812313017762443,-0.0008656884028398283
330.50000000000665,-0.006374715520744333,0.004961761365246903,-9.808107879536742,-0.0027032447169834497,0.00043364317041388065,0.0020269424562971224
330.6000000000067,0.010865566152870718,-0.004499073848022633,-9.813248409926535,0.0001881740829616409,-0.0012872908823490896,0.00164787282942245
330.7000000000067,-0.0020341176348017695,-0.0036541763633548795,-9.810974319604435,-0.0005137128025686152,-0.0014360147654754643,-0.0003204770847659968
330.8000000000067,-0.0008116011015226397,0.004342147567147774,-9.813291437077417,-0.0012308307433814296,-0.00040781211483556734,-0.0004932041215166243
330.90000000000674,0.0004325601620006471,-0.006361441504870771,-9.812370093509706,-0.0005711268657520864,-0.0018940603500237126,-0.0003560453935134996
331.00000000000676,0.007730128011168346,0.004320964873663188,-9.808840471618288,4.4717456395346095e-05,0.0007317325719962133,0.0017462756253610046
331.1000000000068,0.013056055116534475,0.0020830857918731674,-9.808033593309945,0.00011960400402091861,-0.0007818759618431149,-0.0003430544421763066
331.2000000000068,0.0077459019113289345,0.005411062280410034,-9.801643257771135,-0.00023186615725021307,-0.0011603465784676568,0.0006547491931204175
331.30000000000683,-0.006417517160463343,-0.001382084813192323,-9.807983090916235,0.0006923302691218962,-0.0010555536523152405,0.0005654791869674137
331.40000000000686,0.0005455221875288532,0.008038174261434673,-9.808084715977962,0.00089058065543359,0.0002753678405546135,0.0021818315873683393
331.5000000000069,-0.007957937897300673,0.0020206334927850454,-9.8032796910463,0.0015777830444349968,-0.0002754638786160116,0.00033083964002347273
331.6000000000069,-0.00397804793931223,-0.0008412352784621265,-9.817365863252391,0.0007083356006877475,-0.0024462150370147674,0.0014785280530966419
331.7000000000069,0.0064111344529052625,-0.0008249445775610422,-9.804453670405902,-1.3948970646309298e-07,6.682361743309278e-05,-0.0009178584456631904
331.80000000000695,-0.002748282612803636,-0.0036054307681949354,-9.816904072266714,0.00016473458615671522,0.0020616685161461293,0.0013122939853156426
331.90000000000697,-0.004132664526638649,0.01518812579225366,-9.814629363435197,0.0008109944566711361,0.0007525646877037409,8.502156247240016e-06
332.000000000007,0.017367312705739255,0.0040010612577316826,-9.807235492698599,-0.0016284014163170085,-0.0014439754526131994,0.0010724582932059934
332.100000000007,0.0009406372535880951,-0.0029569212385761935,-9.793954154243075,0.0007771823660937409,0.0004108521102248753,-0.0016609066702542208
332.20000000000704,-0.014777216929344401,0.004927142421674968,-9.796550046566624,-1.5987210755899618e-05,-0.0003346730393289129,0.0001763083206020401
332.30000000000706,0.0034137223365036575,0.005973059620388454,-9.83594013971698,-4.495587747751579e-05,0.0017183563908571896,0.0018175679666290261
332.4000000000071,0.0030111287720421837,-0.005828649536537322,-9.795996395034969,0.00029106925473340107,0.0004535468739868624,0.00045474578588078644
332.5000000000071,0.0017185210193648602,0.008388754485319522,-9.82701843854687,4.710006552658158e-05,-0.0005194328032681058,-0.00018382224429982946
332.6000000000071,0.004458850261967061,-0.008987371577893566,-9.811274154439591,0.0010343419663999876,7.118030622950447e-05,-0.001828559461993785
332.70000000000715,0.003499877664208452,0.0042413372002894426,-9.799034835960866,0.0015048871671012435,-0.00014603688258685098,-4.346177744742516e-05
332.8000000000072,0.002090562604422435,-0.007761368480311741,-9.806403751994567,0.00022120541162029293,-0.0003738304386028344,0.0008180928552066225
332.9000000000072,0.012402154081478371,0.012281032299712651,-9.817177857848275,-0.0006239800674502206,0.0007271078662705391,-0.0017062754426832093
333.0000000000072,-0.016514544436849854,-0.006184096415360103,-9.799631290084013,0.0003357450057598947,-0.001624930124233846,-0.001162030154458594
333.10000000000724,-0.01789093048651645,0.008631996236634083,-9.801047119346071,-0.0011151785665445555,4.1124514972714375e-05,0.000751521308242991
333.20000000000726,0.0008603069992253659,0.004871275343686276,-9.80307584942695,0.00045754441770429357,0.0026687792102657883,0.000713200521758438
333.3000000000073,-0.0142963865129722,-0.003427041222256086,-9.7948187618249,0.0008883649298808595,0.00042923890359660745,0.0007105434421362929
333.4000000000073,-0.0018387106661929035,0.0002505073350039506,-9.801828062231754,0.00026625764522201145,0.001196769387171719,-0.0017816306422340571
333.50000000000733,-0.0067925418449145646,-0.000992852603323122,-9.81473949803934,-0.0005946226361127397,-5.797772579687089e-05,-0.0003741905614111305
333.60000000000736,0.007004957804146592,-0.00804965062478604,-9.802743347333994,-0.00014241561643846092,0.0013234529516689393,-0.0005211548788363266
333.7000000000074,0.014387985261077025,0.013500905195511637,-9.80985377352111,-0.0011129692835306142,0.0007207809559518425,8.89078012191858e-05
333.8000000000074,0.017833609025220156,0.011769631022571005,-9.815464171377059,-0.00029537030079693807,0.0007273673735940928,0.002025523179517245
333.9000000000074,-0.007605489623400867,0.016313074059958254,-9.814342859062338,0.0022122019962858364,0.0002539094059425252,-0.00011296650891685076
334.00000000000745,-0.011200981507634045,0.013451200318825653,-9.805413208004603,0.0003322258811977357,0.0006396746152256403,0.0017003594582602737
334.10000000000747,0.009081111603127093,0.002146245881604309,-9.797396101869388,0.0014953479150782772,-0.0009744685032837944,3.824261934826234e-05
334.2000000000075,0.017829969790100122,-0.0022481627300755904,-9.792056757836356,-0.0012584210425989207,-0.0003205742635912711,-0.001060825586759044
334.3000000000075,-0.005339286577603043,-0.011708488219723381,-9.802035945098414,-0.0009346826064342825,-5.444747591297598e-05,0.0003678388110075748
334.40000000000754,0.01511322705330322,0.015087963254915333,-9.824129003021325,0.0011679226431883102,0.0005364408880787506,0.0006016797295665308
334.50000000000756,-0.01853856382976144,0.005694358834325548,-9.801050338168652,-0.0017833926040074105,0.0011125889429483362,-8.88763901541947e-05
334.6000000000076,-0.002449888964174458,0.002876056639693921,-9.807267917972998,0.0010247516639106393,0.0006262526348165797,0.0010523326935302352
334.7000000000076,-0.0011061899024510753,0.00556472769830121,-9.820638946112556,-0.0013741866195057914,0.0018830056986580722,0.0002335827806511193
334.8000000000076,-0.010530138147739706,0.007881959456549107,-9.808983869757395,-0.00020024596950932188,0.0005676982079697265,0.0005641763036132003
334.90000000000765,0.012174105722255928,0.005393554793863288,-9.815814927886427,0.00024496350479362314,0.002439591646872659,-1.3952829842300925e-05
335.0000000000077,-0.004759474149390774,-0.0030900849213184745,-9.801956010940115,-8.079836900962206e-05,0.0014175026598322467,0.0004894057878411079
335.1000000000077,0.0017342671648607664,0.016186010548103067,-9.80124962017485,0.0002449944091506049,0.00035516242595783065,7.718537180948937e-05
335.2000000000077,-0.025076454156152055,0.0003629875190227444,-9.823371834451024,6.408764526471233e-05,0.001454519285394212,-0.001018620601263316
335.30000000000774,-0.00186139033884649,0.020507455661774393,-9.813080712071136,0.0010033999073283577,0.00046667730223346653,-0.0010934257336967313
335.40000000000776,-0.005061598540759411,-0.01421641590167528,-9.809099839119218,0.0003328488821543793,-0.0001707838677022238,0.00043967067866658026
335.5000000000078,-0.01829598383801934,-0.008791934487468301,-9.828093392586542,5.470261806628467e-05,0.0005440431549733639,-9.825331917789079e-05
335.6000000000078,-0.015626328998231957,0.00415898947352795,-9.817343017397368,-7.765652017335303e-05,-0.00025665229565793895,0.002026242122587867
335.70000000000783,-0.02327116894982348,-0.009177444300610516,-9.808555579116462,-0.0011884077704546624,-0.00047436156008961224,-0.00033067426340668485
335.80000000000786,0.0010323061932718614,-0.009096205866900454,-9.796839877614445,-0.0004910502452365075,-0.0008214345389589124,0.0012976167961582608
335.9000000000079,0.0024180025211872585,-0.017685133865989733,-9.803088480120163,1.937013628279852e-05,0.0008121881510050932,-0.001116638628754957
336.0000000000079,0.00043126321455976024,0.00175034836946927,-9.810461277640728,0.002023896663078445,9.811452716264244e-05,-0.0012384906163272092
336.1000000000079,-0.019630042630041002,0.009315786835338935,-9.80945859450679,-0.0002749281724851706,-0.00034447996406297064,0.0010738395910403552
336.20000000000795,0.006676898795167023,0.005350057162001547,-9.8162688450973,-0.0009108865869199886,-0.0012307568188486076,0.0004808739680805447
336.30000000000797,0.008670796543607197,-0.007758197908632228,-9.794033539271505,0.00035236592293248125,-0.0011100152480152021,0.0007077316227950034
336.400000000008,-0.006904478732883337,0.003689812152160654,-9.802117312912301,1.3105101297295314e-05,0.0006739064082793873,-0.0003698254032787806
336.500000000008,0.00326184626493236,0.003817879827106121,-9.800448388253582,0.00022678348041926073,-0.0008436454929513414,-0.0013922428869729453
336.60000000000804,-0.017362542971172505,-0.0069210125509145915,-9.826449694040683,-0.001635478103962075,0.0003747203959315506,-0.00039414864084382005
336.70000000000806,0.009563861866878076,0.0060300157136677825,-9.812580820440655,0.0008716725640094288,-2.4081607813846914e-05,0.0002616019161447547
336.8000000000081,0.00040101384325626975,0.006148680273271886,-9.803275483821523,0.0006986052719284556,-0.0014527198465400027,-0.0014848043914911383
336.9000000000081,0.013111841166241549,-0.017454774733353464,-9.811333966726211,-0.00014801981476301839,-0.0005733218022707687,-0.0003131723818257616
337.00000000000813,0.0010818152202439649,-0.006391083196903118,-9.822540954196501,0.0005276831501697919,-0.00028165345749489855,-0.000558241008543427
337.10000000000815,-0.007262945297789773,0.006593638693285152,-9.820363483460804,0.00029408407714348383,0.00014546807405802368,0.001172149831347276
337.2000000000082,-0.015666058682214382,-0.009214967715545046,-9.81324664552518,0.001122805886307837,-7.431357156402683e-05,-0.0009046254993242146
337.3000000000082,0.01394544681831594,0.005484844586554579,-9.796408048850031,-0.00318661583876548,0.0004484679297749173,-0.0009027808992635881
337.4000000000082,0.0017359109908143809,-0.012570190608630705,-9.819895412863376,-0.000757283703189761,0.0009814254536966236,0.00018189978481881347
337.50000000000824,0.001963110058230979,0.00059399430213123,-9.806891714441203,0.0019776549513241264,0.0003749642687251822,-0.00026186679973119617
337.60000000000827,0.014796419842035547,0.0027395715475665968,-9.808411915556439,0.0006704916991540645,0.00016972068332527383,-0.0013241786624894787
337.7000000000083,0.007089259752588086,-0.0009778257557282591,-9.810008391265312,-0.0008431841819676636,-0.0015791884745343327,0.0017247519455284256
337.8000000000083,0.006278180678776857,-0.005921517565694301,-9.816734708165727,0.001983902454724057,6.785879202231129e-05,-0.00198038647089038
337.90000000000833,0.002783507152513945,0.024823761781473143,-9.798673702009374,-0.0006029762078510248,-0.0013759699098407068,-0.0021950016464875616
338.00000000000836,0.015006179637817972,-0.001616487629022005,-9.830282537921754,-0.00017471452825820356,-0.0005446674250817813,-0.0009060997352299758
338.1000000000084,0.015352223610963889,0.009779227923033302,-9.811669177267635,0.0007335322540688637,-0.0003304193565400156,-0.0005884376958469694
338.2000000000084,-0.0016167454320987727,-0.012919123893086026,-9.8253835237823,0.0008188651950693308,-0.0006439623824020456,0.000882460305516736
338.3000000000084,0.02572445925513506,-0.016697519063166605,-9.798178154845784,-0.0006230686590333804,0.0020799377328080404,8.254200308209796e-05
338.40000000000845,-0.005066043740726939,-0.013688445021916792,-9.82269901704697,0.0001783143508093668,-0.0016220180732175635,0.001811856357987761
338.50000000000847,-0.007827977462427594,0.0025929971068573902,-9.826993150528223,-0.0014208635504941122,-9.39493160380146e-05,-0.0010595976415352498
338.6000000000085,-0.0013080661273391424,0.0025120776789316125,-9.80917080138961,0.0009176889823137693,-0.0004128039717028215,-0.0007008673309574514
338.7000000000085,0.00021893197498373324,-0.0044638549943502364,-9.802372805550972,-0.0006351911952202599,0.0003949606719349187,-0.00033981462045336156
338.80000000000854,0.009980685874915506,-0.013871726068436799,-9.788438101074812,-0.0011923430640265525,-3.0201803322812226e-05,-4.2347321940276094e-05
338.90000000000856,-0.0015955654194224518,0.007476521509261662,-9.806122688474376,-9.476233489927056e-05,0.0004629370492785778,-0.00040227376350249623
339.0000000000086,0.005816901937905101,-0.011907366288593518,-9.816975147582726,-0.0009593691524067084,0.0011879753644552396,-0.0004430288430431357
339.1000000000086,0.00821174100547549,0.007520338746165568,-9.800419895438218,-0.0013318204541938625,-0.000805050997309647,0.0010391960643731791
339.20000000000863,-0.014602828384169812,-0.017295771847289625,-9.801992915850068,-0.00014460823621220494,-0.0012613484047190205,-0.000697936032373066
339.30000000000865,-0.0016994943491864562,0.002663167975692535,-9.800138703052319,0.001126174948596946,-0.0006302179131411438,-0.00124908932587888
339.4000000000087,-0.01911231128310146,0.0006872964300008688,-9.813223773833514,-0.00115045070173812,6.88717435561784e-05,-0.0002917833382589086
339.5000000000087,-0.00565690363823356,0.01513246184279183,-9.808080584180066,-0.002191156968974876,5.207694319677661e-05,0.0020014753023876136
339.6000000000087,0.019228406101884248,3.3156752243597666e-05,-9.79576117716021,-0.00038299180849996295,-0.0022613651646201313,0.00018999917627877095
339.70000000000874,0.0026296909559691333,-0.00985233976265331,-9.81365533012318,-0.0009166734541227692,2.610203759888664e-05,0.00031686429701161515
339.80000000000877,0.011565137121196965,0.011557371565820537,-9.811983604883467,-0.00014018131245354453,0.00024218745514092532,-0.0017544933766372411
339.9000000000088,0.0035533034208209743,0.013556528849206996,-9.801894813457162,0.0011001618498440251,-0.00038509359358412514,-0.0008727528345994678
340.0000000000088,0.001961191534747242,0.011817337907109789,-9.818526574343762,-0.00218716169218409,0.00067727045411894,0.0010684423766219942
340.10000000000883,0.011996919466245608,-0.020568375267206937,-9.816315385527167,0.0005439836173362849,-0.001215180130624727,-0.00034548942609956973
340.20000000000886,0.008022941863459275,-0.023027173469906407,-9.80784681002117,0.000303229825330675,-0.0006472843274995931,0.0001690517711461513
340.3000000000089,-0.011597235320378213,0.002234048049419257,-9.809458107006844,-0.0002341497715881391,0.0004084528379926286,0.0017477576687322343
340.4000000000089,-0.012811673204780499,-0.005793921813020816,-9.796791256942127,-0.0005512533799633435,0.0002815799844207966,-0.00019334450170593518
340.5000000000089,-0.010556874763962857,0.008186099760683943,-9.808409509927026,0.0007427338158626835,0.0003435567055276129,0.00040034454395945047
340.60000000000895,-0.0017197339833832932,0.006214584109073627,-9.815086622468918,-0.001694030059816493,0.0008805537849544324,-0.0016937521611518997
340.70000000000897,0.002051983335077556,0.005388109104894285,-9.817730642875368,-0.00037580936735163013,-0.0036309097832154446,0.0008568567229978317
340.800000000009,-0.006129949420213745,0.011284013461560105,-9.827512379398156,0.001433910333899738,-0.0014557401700526953,-0.0011426340581246822
340.900000000009,-0.006405848977578652,0.01178368441869769,-9.812032919784686,3.486517368892273e-05,-0.00028980086363791064,0.0007963231617216531
341.00000000000904,-0.007168597691185996,-7.326500709674903e-05,-9.831850945386051,2.3110324137872404e-05,0.0006916923072904308,0.0003421321759385888
341.10000000000906,-0.0034573570980633147,0.0052301816144546785,-9.804311687950287,-0.0010643318668402788,-7.963249882122482e-05,-0.0016317116449902508
341.2000000000091,0.0026105592752851616,-0.007281938884092755,-9.812356447031775,-0.0005397159400260372,-0.004108565628422981,-0.0003399287633935564
341.3000000000091,0.0033045440915428367,-0.011186627258939956,-9.805350747997826,0.003030798826809669,0.00017914253329165964,0.0006454426324358551
341.40000000000913,-0.024940175070439566,0.0032414697856830567,-9.825217956751697,-0.0013794428900193994,0.000652713555310109,8.313743276754867e-05
341.50000000000915,-0.009436813912364674,0.006276692863691365,-9.811872949375376,0.0015121155488640773,-0.0005571252003179501,-0.0019990022860043705
341.6000000000092,-0.018998924440125377,-0.012228308602401032,-9.819401960875313,0.0011868031500034723,0.00041407020508363817,-0.0006380388486303864
341.7000000000092,-0.0022806550873793255,-0.0044848584827920914,-9.801483074293952,0.0005730153088849644,0.00024226509158618343,0.0007200588799778686
341.8000000000092,-0.003458871371876779,0.007942369079474359,-9.811002955501817,0.0004932139461084551,-0.0001446811985380071,0.0011987536899619538
341.90000000000924,0.012773292502172438,0.006370130480974734,-9.81487397889619,-0.0021715499738916666,2.527496748377874e-05,0.0012095736067276996
342.00000000000927,-0.010940571111416256,0.025586392221633086,-9.80124128798908,0.0009287977854580614,-0.00029043003606616,-0.00037641345272495673
342.1000000000093,-0.004122486306378153,0.007637578779662365,-9.803371583774908,0.0013285441538314485,0.00042385187267505255,-0.00038638348775325127
342.2000000000093,0.022153153262305058,0.016958569717045936,-9.80511141541055,-0.0024518949830984954,0.0027384594550252292,-0.0005874836456074492
342.30000000000933,-0.0035089330493830806,-0.003625241308091557,-9.792104614445952,0.0011894264481157688,-0.00023371017467557648,0.0006323453512066437
342.40000000000936,0.0054071272197147606,-0.018267629764085948,-9.815613411980092,0.00035138166838944574,-0.001270631670248215,-2.3892845702417094e-05
342.5000000000094,0.0014481992684098656,-0.0028901787647788784,-9.80006556898629,-0.00036280678905555453,0.0026348111548589034,-0.0006117708118124836
342.6000000000094,-0.003269678844967356,0.00160548979774933,-9.800949719674197,0.0013554559819172478,0.00012824785159311792,-0.0008330918888342166
342.7000000000094,-0.015497414973854698,-0.013033656583303757,-9.817675678174373,-0.0011927136180906804,0.0004703100596599161,-3.108728050463167e-05
342.80000000000945,0.005638643512109342,0.017688238762152662,-9.803319233991061,-0.0005470086826596743,0.0010046653252963472,-0.001783549428853029
342.90000000000947,-0.004020506481170465,-0.015081793804486475,-9.799123714642414,-6.049893606099233e-05,-0.0002522466663768348,-0.00036571953529585243
343.0000000000095,-0.014563638491808393,-0.0062905763209386775,-9.801082533158077,-0.00014353440209857754,-0.000668330864409189,0.0002366659787170351
343.1000000000095,-0.00012429090369532337,0.000937705067463165,-9.796705775497662,-1.8389492690604694e-05,0.002788741848113411,0.0008098311461273948
343.20000000000954,-0.00681303642336467,0.021828002164406297,-9.797241317121694,-0.0008125956095312304,0.0005018311825396993,-0.002401968135180311
343.30000000000956,0.009379473842422511,0.012109996996411949,-9.81294380076066,0.0018294142140239363,-0.00012100636387889819,-0.0005769004089774889
343.4000000000096,-0.0007492090498866912,-0.0017630128992045797,-9.810831553661352,0.0002493175489369346,0.0006075533219879399,-0.001137182068258619
343.5000000000096,-0.006386173819774559,0.014839124813472937,-9.793710529861379,0.0012858090115245324,0.0025723030940484892,0.0006337873074020322
343.60000000000963,-0.002966500394610454,-0.01344936202110255,-9.81472532546821,-0.0007238650431164301,-0.0008635266188751397,0.0010482683569253558
343.70000000000965,0.006382333564254824,-0.010341768347013622,-9.809790649105416,-0.0007544432536980321,-0.00029110591531660343,-0.0013475163921349944
343.8000000000097,-0.021661641429096337,0.007414481634357059,-9.809343459879981,0.0008174249803846992,7.77957295542983e-05,-0.0007013971672034892
343.9000000000097,-0.00966600293178494,0.007535783642671289,-9.83894035123693,0.0014327078441068674,-0.0029110570812790554,0.0015388367099080247
344.0000000000097,0.001030956556859907,-0.00284384976455384,-9.80984836667478,0.0006051736044730993,0.0004521041554709829,0.0006563923933442874
344.10000000000974,0.015908245148294354,0.009207185169173739,-9.797291159999613,-0.0014727234568773122,-0.0004165259695901464,0.0008149263907176231
344.20000000000977,-0.009857962691000637,0.006747312889476496,-9.821052899912063,0.0018129695220089116,0.0009281407337956838,0.00037888020624114634
344.3000000000098,0.005164754256455654,-0.00961733583744042,-9.810509587795838,0.001573919307805774,0.001199101608548185,0.0001822495300053248
344.4000000000098,-0.015795208332249684,0.0034810399041581013,-9.824297354466008,0.0007314830171827581,4.656408383492089e-05,-0.0002232983566603703
344.50000000000983,0.006870721052005653,0.0029893277244614947,-9.829459214771923,0.0020468658421728104,0.0009049698646830943,-0.001645191257968481
344.60000000000986,0.000737881162012753,0.006678621094215706,-9.813967592435915,-0.0009284400596638541,4.441461855911375e-05,0.0007459683168139252
344.7000000000099,-0.005267356135093959,-0.0038924403364936507,-9.799299705556942,0.00014924579263199403,0.00020493645740723613,-0.0007428579450428902
344.8000000000099,-0.004029504449245514,-0.005555259926930583,-9.83416516151053,-4.073114927582591e-05,4.667861969725933e-05,0.0020409910609960704
344.9000000000099,-0.02550726973215031,0.016991316631125897,-9.792906354881858,1.2682692775262134e-05,-0.0006709294318558218,-0.0004236535837028143
345.00000000000995,0.008485508410185616,0.006811130708884622,-9.799852433414767,0.0006996574223009882,-0.0007697258906844888,0.0011799617940154122
345.10000000000997,0.015187571190200875,-0.0003175639495844412,-9.81584686746355,-0.0007863079681045581,0.0002841904924594312,8.691493550198876e-05
345.20000000001,0.01079103690336164,0.008888030704924726,-9.807758939823824,-0.0008893406792777464,0.0012912144121465848,0.00012680482160698479
345.30000000001,0.009110279250552017,0.005854601179631252,-9.837910048805856,0.0014397460157819335,-0.00016027358752608304,-0.00013302133822770204
345.40000000001004,0.0011641582248594138,-0.010491714758466832,-9.808809104062059,-0.0002942986114615137,0.0008528305177514728,-0.0003068144743547335
345.50000000001006,-0.01820371465258042,0.012026914483613023,-9.801961392026746,-0.0003365533840024166,-0.00021878081548343703,-0.00126968655524145
345.6000000000101,-0.008599501196299115,-0.008024781672949769,-9.815769330130353,0.0007984159820491983,-0.0008872998579308912,-0.0004383574823613711
345.7000000000101,-0.013328854033257237,-0.00518274069888611,-9.80787414101832,0.0002051307576405103,-0.0003922070363694486,0.0005573495754263818
345.80000000001013,-0.004847687124097513,-0.0069489318647475385,-9.813161517033777,-0.0006907715715246218,0.002686760310756553,0.0010014133842841326
345.90000000001015,0.0040598258782776585,-0.0023137129004007356,-9.796353159049001,-0.00043578523373728674,0.00022317459389074005,0.0013193138336130327
346.0000000000102,0.002331397626624919,-0.011562477593122025,-9.80813559484203,-0.0010091119488679478,0.0008459577047344167,-0.00017311576187630922
346.1000000000102,-0.001932180596582771,0.004096288956992654,-9.814987943102667,-0.00046281502367825786,-0.0008085566876739357,-0.0014887896204315138
346.2000000000102,-0.002593662195587158,-0.004908794463740629,-9.812654658879147,-0.00048035034670651343,-0.0011321925628345023,0.0006637829852985823
346.30000000001024,-0.013111026850201513,-0.011962014470053127,-9.808594354240748,-6.113629237174849e-06,0.0007487037510303348,0.0010937045132444856
346.40000000001027,-1.7029422609416326e-05,-0.002450435330555818,-9.820334702852128,-0.000723800438359656,0.0004801409923383619,0.0004507607449081392
346.5000000000103,-0.01948496645642371,-0.018419253431146913,-9.810352008219962,-0.00021648468761347278,0.00012674558684316883,-8.440306000631923e-05
346.6000000000103,0.004500862478083941,-0.0035099069290057804,-9.801070165762168,-0.0010420635914193987,0.0013671229064268443,0.0005706911980838836
346.70000000001033,0.006866391289442022,-0.005758089789042253,-9.816606370024525,-0.00020315699912603648,0.00016732000983339453,-9.779324152506246e-05
346.80000000001036,0.005917515748743585,-0.01819126408095657,-9.820811620907289,-5.55504934821115e-05,-0.0013986791210690618,-0.00038943933449104613
346.9000000000104,-0.0053863062688488976,-0.00560138734860288,-9.8033002658674,0.0014374390821191504,-0.00034138205873563267,-0.00123607082372687
347.0000000000104,-0.009568700034141411,-0.0300952405745219,-9.808687357899695,-0.00125471536843244,0.0005562137837086913,-0.0004420942833044084
347.1000000000104,0.0009072653047420767,0.008700163902012236,-9.814724538593511,9.309876672972586e-05,-0.0010550639852284804,0.0013073518349207395
347.20000000001045,0.004534761351594361,-0.001048920233544297,-9.812238345611375,-0.0004297376829222252,0.00035663680480672253,0.0004581159050536814
347.30000000001047,0.009229710763590384,0.011005654275367191,-9.811938929837474,-0.0006880251092756362,0.000510067039892301,0.0008044215941502507
347.4000000000105,-0.0018890375215020142,-0.01625247566983452,-9.791320886241001,0.0005577525767577173,0.00010288375109037217,-0.0018824979868646557
347.5000000000105,0.008243989174094215,0.012343577946772148,-9.815009927330218,4.719500947879866e-05,-0.0004626979408175776,0.0016428675443356116
347.60000000001054,-0.002220016060115799,-0.00343675294001192,-9.817051582944563,4.708710263045516e-05,-0.0007145836070956543,0.000931142157757274
347.70000000001056,-0.010945281614820229,0.014124747604162729,-9.794452497872758,-0.00015604579769028189,-5.6043507182751775e-05,0.0015041314218641668
347.8000000000106,0.015400799240829481,-0.012089155111345848,-9.82497785629181,-0.001796056854313995,-0.0002654800455077932,0.0008767194031194924
347.9000000000106,-0.009713657503670304,0.0007026508699987077,-9.825711324629976,0.0009200808099274551,-0.0023931109757271756,-0.001788610594096328
348.00000000001063,0.0021170778795804573,0.009568092551946112,-9.811217087520378,-0.0005565859957888905,-0.0006990001207681221,-0.001108349975053427
348.10000000001065,0.01798715047004823,0.002649366942192169,-9.824078280208594,-0.001009587259868579,-0.0006747203283766949,0.0007898122063649771
348.2000000000107,-0.0028108978604518965,-0.00688444144095621,-9.83019696439939,-0.0021485191391288007,-0.0014536642199675757,0.0004641171501384086
348.3000000000107,-0.00871116358273262,-0.002756570469799085,-9.818582667793569,0.0002954829138126663,0.0015480992518870785,0.0002490962672653531
348.4000000000107,-0.009031202508198619,-0.015687609168178192,-9.810059178434159,-0.0004074670269008219,-0.0012642037775056143,-0.001565903670325735
348.50000000001074,-0.00521955866274456,-0.025037955492201114,-9.808666153680209,-0.0003036519736142175,0.0017610114510030605,-0.000486517943181026
348.60000000001077,0.0008055794169685021,0.013426468676698798,-9.824231640425715,-0.000776927913584216,-0.0014595456336263316,-0.0014708320459635837
348.7000000000108,-0.0007951737175085517,-0.011229167334250363,-9.787902214245195,0.0010761248522817035,0.0005340610181853715,0.0004771926657673347
348.8000000000108,0.005331123631149439,-0.0035240424200530885,-9.824551398927207,-0.0005098616534793185,0.00033774832529070677,0.00022647627023918938
348.90000000001083,-0.021534392820671423,-0.00027930730499137294,-9.818191043236146,0.0018285549641508681,0.0007199977418450823,0.0002689084366560001
349.00000000001086,-0.012761753461012207,-0.009785377963215571,-9.825962819823474,-0.0004604844481180217,-0.00020285183885333278,-0.00017613372490365704
349.1000000000109,-0.005284653567390223,-0.008656975989386076,-9.800559835743217,-0.0006502322934292922,0.000528694685152841,-0.00012648684264735975
349.2000000000109,-0.009299636428212526,-0.005825456541562936,-9.815981498780758,0.0006511727322248619,-9.969534424489415e-05,-0.00018789115363029366
349.3000000000109,0.015648440441011706,0.006375491168503954,-9.80127118585154,-0.00024408262410447073,-0.0010352357841918848,-0.002820457297216571
349.40000000001095,0.01067494828281629,0.003118424534815197,-9.805809059507135,0.0003627771358617959,-0.0005868767476323259,-0.0006186680680143603
349.50000000001097,-0.019169732222437588,-0.0015823757896580965,-9.811243576526227,-0.00032559501579633736,0.00025243230389597633,-0.0006169564098613323
349.600000000011,-0.002018248363798658,-0.0005257053804817253,-9.829371465785467,0.000710772137713991,-0.0006563072100182484,-0.0006411808527265408
349.700000000011,-0.011746471919917534,-0.011152266838719458,-9.821849015094816,-0.0002667825152745189,-0.0001663623872440393,0.00145242790860735
349.80000000001104,-0.017349605236754523,0.001633358179872961,-9.7963813954587,0.0004977655101427911,-0.0005781028104790814,0.0004042569977603419
349.90000000001106,-0.01485865824601798,0.005785155216771517,-9.79336566021008,-0.0014894947494204702,-0.0008172046859316617,-0.0011034728154842915
350.0000000000111,0.008833880169123861,-0.0033155358761172726,-9.838561035042186,6.864188089848088e-05,0.0004321227064920018,-0.00038647079005186077
350.1000000000111,-0.006585613931021087,-0.0022355356443357044,-9.810388644388787,-0.0014797098539069435,-9.47241531747431e-06,0.0002888653549673851
350.20000000001113,-0.012659058870224463,0.010300779097602186,-9.802927196188504,-0.0007192870592994664,-0.000577415431724831,0.0005421375671077459
350.30000000001115,-0.0007757688338737333,0.003700689460102773,-9.821469861022967,-0.00011143994639515672,3.671164973056009e-05,-0.001442328122174647
350.4000000000112,-0.012928299457977261,-0.005480526373446633,-9.803755486277973,0.000508673290855264,-0.000608443856882611,-0.0003745874932158863
350.5000000000112,-0.014244025160567494,0.020355818060153276,-9.817781800844244,-0.002176946267458607,-1.3264802561287608e-05,0.00023835394136285476
350.6000000000112,-0.0006745903633717347,-0.005475709149942798,-9.80283695021379,0.000370157142233936,0.0015354096325013947,-0.0005192191239654473
350.70000000001124,0.0017841120765351949,0.01870262984792729,-9.810979895549691,0.001292330468093872,0.0007190883393834485,-0.0007159889361769141
350.80000000001127,-0.0047766201694486995,-0.0034720048930826997,-9.798667775396744,-0.0011959892266284172,0.0011603506151472577,-0.0018475981661065215
350.9000000000113,-0.0017833598983124734,0.0067223822361774065,-9.813816378686177,0.0019831914764548977,-5.935728945630871e-05,-0.001778557127432199
351.0000000000113,0.007870663195187899,0.005937279565031142,-9.805585537070051,-0.0006526672641916807,-0.000760351136576663,0.0011440288607815433
351.10000000001133,-0.0007422187729385005,-0.005311106118926644,-9.806654474664708,-0.0009971315817087654,-0.0013510183896628572,6.57119050474384e-05
351.20000000001136,-0.0018092518423342642,0.001358370783837157,-9.817468732412816,-0.0016902055087043284,0.0008722010663789608,0.00021205093158189922
351.3000000000114,0.003159161174889422,0.0059660780174784316,-9.82039965098181,0.0003258871992026043,-0.0003550865418275752,0.0016756865987604386
351.4000000000114,-0.0027496693201813868,0.009552115924634256,-9.826020106936094,-0.0006597478618445702,-0.001158441393475365,-0.0004655408855729746
351.5000000000114,0.014226328968768001,0.00340254032062791,-9.82123869830572,0.0005507348709612896,0.0024613759184657683,-0.0007277687956068122
351.60000000001145,0.0010856347554917974,-0.00976926686380006,-9.812042853068174,0.0011079502023994495,0.0015328701174055401,-0.0009787834475486028
351.70000000001147,0.008333876459170244,-0.012823094890518432,-9.78742605391417,-0.00023519333062819615,0.001737261231070654,-0.0011743703225061664
351.8000000000115,0.007607576141251769,0.011243678187461761,-9.806252125964765,0.0002093579018726882,0.0012939866961925583,-0.00010956318005722248
351.9000000000115,-0.005702741201571291,0.007827608926256793,-9.836855245066754,0.0006043097452957986,0.0013573333988406962,0.0004140230173756432
352.00000000001154,0.0005015706808157969,0.012613677776566846,-9.804137332899591,0.0005447651059342327,-0.0005207571222933201,-0.0016904812476573718
352.10000000001156,0.01377421974165027,-0.014024577087383257,-9.806667192219015,0.0006661248603911585,-0.0010836051114505977,0.0008230922114582769
352.2000000000116,-0.006394564002800652,0.00964354970082577,-9.790704107837263,0.0007300432630610443,-0.002396177203544531,0.0016421000468063278
352.3000000000116,-0.010681985855741784,0.00198803593896322,-9.794284801900073,0.0017961804993544515,-0.0013553545908170954,-0.0019108773894442933
352.40000000001163,0.006708511061067781,-0.015864007872061867,-9.837185295100198,0.000497647542289035,0.0010436471320840483,0.0010562422130367495
352.50000000001165,0.002063122047907581,-0.007162242376633269,-9.837384584481299,0.0014197429732939815,-0.0017070468654814108,0.000550686076752437
352.6000000000117,-0.003570640176252833,0.010973698593127522,-9.81320008416186,4.215608669964645e-05,-0.0002202514470288288,-0.0011419570760490415
352.7000000000117,-0.008912813911385778,-0.012890854708772579,-9.788468652263509,0.0016425877128364915,0.000715180671757987,-0.001674141749343908
352.8000000000117,-0.0076302731169769576,0.02832361776531887,-9.814031446808478,0.0008817377294456579,-0.0013132282120542954,-6.915236597338647e-05
352.90000000001174,0.015714521301337818,0.000913978026708761,-9.815117593224434,0.00043539909096766374,0.00040318296492651914,7.052805676141485e-05
353.00000000001177,0.01925302012025502,-0.011259491622322867,-9.813788820375265,-0.0027235526215341234,-0.0003274560646335732,5.039340397105262e-05
353.1000000000118,0.007220795165151381,-0.011420892689598368,-9.81904443833427,0.0002194086652140664,-0.0012198170090736151,-9.086633930360169e-05
353.2000000000118,-0.0027167097947034197,-0.013693520017563165,-9.814490667666126,0.00013980603358718942,0.00011795668322783926,0.0006355363481632987
353.30000000001183,-0.019737750276607458,0.006770967896339117,-9.79487956877788,-0.0005953359354332487,0.0012657679728736964,-0.0020073285214742003
353.40000000001186,0.010963753624522623,0.0024711926180721135,-9.81983934261542,0.000807333334276398,-0.0006937758351551616,0.002090767481073975
353.5000000000119,0.006049642458925709,-0.004047840213427292,-9.818014376837084,-0.00023808168613536596,-2.2498137467931475e-05,-0.002304968671514259
353.6000000000119,-0.005079614947283342,0.009372961729380958,-9.813857018877542,-0.00025717046227460795,-0.0001994763252095327,-0.0004323889528724697
353.7000000000119,0.021078606572824694,0.007648240670601713,-9.813417197504846,0.0005643245265676328,-0.0003290354884310062,-0.0020276127452926907
353.80000000001195,-0.003939020039034742,-0.004550666375986718,-9.820258620151266,-0.00041541852614648166,0.0005397519434612179,0.0012144327371819187
353.90000000001197,-0.005790226634577106,-0.0069800335243478985,-9.812068659351285,-0.0009845071727556155,-0.00025834629347558813,-0.0014532615381237315
354.000000000012,-0.004876977061408518,0.0037452804780519215,-9.810790289608295,0.0013784655108269805,0.0018625805609124595,-0.0015387976229264935
354.100000000012,0.001476202268215266,0.008645177058967259,-9.80769406599266,0.00022654669097359488,-0.0006039369293834342,0.00016800124206965364
354.20000000001204,-0.012938585234597644,-0.0008862360504763229,-9.787874237058633,-0.0015550832306217188,-0.0010466988073956033,0.0001607253749289906
354.30000000001206,0.010154647626093473,0.004359099373276207,-9.800610015484635,-0.00023540352145633972,0.0008023630630109689,-1.741307066396219e-05
354.4000000000121,-0.0032479487351202304,-0.0006379281340001664,-9.817910208661916,-0.0001649638381636359,0.0006192171435548147,0.00018110161035129427
354.5000000000121,-0.010663435909696437,-0.004339416097103795,-9.794852276473037,0.0008936742820420015,0.0004141666057952932,-5.075353542342951e-05
354.60000000001213,0.00962038380200363,-0.007685067598235965,-9.800633711650654,0.0006199566457004179,-0.00027314513464334305,0.001514968268739798
354.70000000001215,-0.0028500413537334663,-0.0033473367162261563,-9.813951865901279,-0.0011696071510424316,-0.0011900844591158895,-0.0012783999683293103
354.8000000000122,-0.005463755064867627,-0.005488486606654614,-9.818191203159774,-0.001516689451453218,-9.525684528306626e-05,0.0001939822918831811
354.9000000000122,-0.01627036558415127,0.0036091214298583207,-9.844072666765294,-0.0003609420307731374,0.0005227223420502486,0.0024146634859072594
355.0000000000122,-0.006946015580040207,0.007971662627753666,-9.805376160307722,0.00011117689490718093,0.0007309744360074703,-0.0008926338422690345
355.10000000001224,0.014194552674179864,0.010409323187868767,-9.815310827069556,0.00037428557338703303,-0.00104552787469592,-0.00023885662064612192
355.20000000001227,0.009451842867305807,0.0050867647148740355,-9.811455245274608,-0.00012337018765664986,0.0007905904792836197,0.00010113536605209186
355.3000000000123,0.00830801010347483,-0.0027588561465715844,-9.826069854637023,-0.0003730290618915001,-0.0012637860672339767,-0.000886159747645573
355.4000000000123,0.01570245470096878,0.00815373000468267,-9.807415079016522,-6.757793814741551e-06,-0.000523023428739498,1.3731822564889623e-06
355.50000000001234,-0.011050411289024564,0.012342830841202232,-9.823442421670833,-0.00014093207477157717,-0.00026303552026492094,0.0009557949730643619
355.60000000001236,-0.004837897352573024,0.0017221055843593867,-9.799998007970489,-0.0019834044934474815,-0.0011870578523918093,0.0002549658959666682
355.7000000000124,0.006009579473866877,0.00018351758702322827,-9.808228136196835,-0.0016139521071463373,-0.002310879993055697,-0.00018255637379376076
355.8000000000124,-0.004342735810225738,0.008862037595433274,-9.811145290676738,-1.1879455054137977e-06,0.0004036034812898438,0.0008965962854416999
355.9000000000124,-0.014677246039821096,-0.002010465708500193,-9.805558863314866,0.002762673893746572,-0.0012922545275373166,-0.00017514121134288015
356.00000000001245,0.0247387881747542,-0.006741648846756225,-9.806899646365961,0.0007953016673911983,-0.0005930569668701111,0.00020746478760991422
356.10000000001247,-0.020296294760082628,0.009342013111780654,-9.818566550613957,0.0005030490927345974,-0.0007883661833095489,0.0009576383072070353
356.2000000000125,-0.008175611090347326,0.00670539207943834,-9.825534793993352,0.0022936518584795234,0.0006098977936197258,0.0004640459933842129
356.3000000000125,0.005103895316978813,0.00983366840870931,-9.815202640922156,-0.0011343175562410432,-0.0006019620055147155,-0.0013790925697901373
356.40000000001254,0.0032006674812781557,0.01394944934336156,-9.818493353090775,-0.0004108459968911174,-0.002117281168031129,0.0011733143001988469
356.50000000001256,0.0071188936293732005,-0.011713115109099477,-9.822349590920837,-0.0007902179172021421,0.0006380902219793738,-0.0014964852777480274
356.6000000000126,-0.012658632427729357,0.001684677346132809,-9.81319561744637,-0.0011275045574373884,0.00012187327969939593,-0.00012334956788893282
356.7000000000126,0.011833449804261908,-0.0045750531731605275,-9.782384569995346,-0.0008687943294702225,-0.0008054778427302999,-3.4582377763969115e-05
356.80000000001263,-0.014797026135571673,-0.019101279326616285,-9.805814430695069,0.000307175269302416,-0.00012421843825760818,0.0002845452940165858
356.90000000001265,-0.0018967893634883465,0.01274104979877555,-9.811296842331886,2.6023733827771238e-05,-0.0009767825800500126,-0.000366373915240893
357.0000000000127,0.011930030707014172,-0.0165582261652772,-9.807254425391411,-0.001784304271502456,0.0010377782516834049,0.0005590860079940841
357.1000000000127,-0.005889272916604876,0.0075936724882265895,-9.79423265564664,-0.0017433288006091132,-1.2323779269329292e-05,0.0007973387694476918
357.2000000000127,-0.012493469569672302,-0.014174833055823852,-9.81928425857776,0.0003241092023075124,-0.0004046545986575189,-0.0013054283660246845
357.30000000001274,-0.00689091925903374,0.0017927261828397162,-9.794318089219567,0.0012600951909108216,0.0012778019740082123,0.0008033944786774427
357.40000000001277,0.006097598859164313,0.004887535352449912,-9.815811451557776,9.621468232699242e-05,-0.00034570678166925866,-0.0006451840805643872
357.5000000000128,0.005236956337871316,0.008451979864509613,-9.805561133052969,-0.0020821270728718986,0.0007204179057031374,0.001446686015950543
357.6000000000128,-0.002904005747338821,0.00018566021856317248,-9.811990891821127,0.0016260563566739808,0.0006770495862135941,0.0003488208271753984
357.70000000001284,0.011929591595478763,-0.010207886818779752,-9.800124316058474,0.00031057359974338616,0.00028822391985526915,-0.0015708513599013406
357.80000000001286,0.006305239690640151,0.00017252340561605707,-9.79160407726784,0.0004740564131545397,0.0005354658442034449,0.0004834563217164583
357.9000000000129,-0.017457283743938165,-0.006848828634658223,-9.810087245071903,0.0001422206678618169,-0.00019827799155019656,-0.00033189183149780096
358.0000000000129,-0.01409962021163956,-0.007415983428870179,-9.812752189045293,0.00010970239354397759,-0.0007545273838721854,-3.259726277086739e-05
358.1000000000129,0.027175871467838994,0.01050060570935647,-9.81803450271077,0.0008669799467468501,-0.00013578335995524118,-0.0005133070889157568
358.20000000001295,0.0034527940248429423,0.007384724305937027,-9.814402840652717,0.0008072168222107873,-0.0004983053619256326,0.0005751157521665636
358.300000000013,-0.0011909332194835836,0.006252928853317955,-9.808540256417755,0.00047769624486928875,-0.0015686573347585043,0.0015531808101035564
358.400000000013,0.018353467849724886,-0.004933142451700402,-9.7970451348607,0.0002196217714629895,-0.0005438578741740021,-0.000986206683123135
358.500000000013,-0.01836033547670508,-0.004867128147049625,-9.801311193238865,0.0003710215634148833,-0.0019169844702011396,-0.0006208734745012722
358.60000000001304,0.008110221869972718,0.00684702250663301,-9.82362581474067,-0.0006029975959553622,0.001239826199553153,-1.900156429180148e-05
358.70000000001306,-0.0056545460436228465,-0.0008436056059440179,-9.807583629725436,0.0005281685877697599,-0.000259422027152679,-0.000946276500007388
358.8000000000131,0.01633212362678587,-0.001167983841287889,-9.802931818863604,-0.0006311249512535216,-0.0009622696000843676,-0.002021070924744793
358.9000000000131,0.005313190743470359,-0.015240442140348068,-9.806915679132263,-0.0012305904059628672,-0.0008877841285705819,-0.0010645774602908004
359.00000000001313,-0.0006131596512233291,0.0025069623821641946,-9.815676897052949,-0.0004980747438948352,0.0003402517004412263,-0.0018046202556601318
359.10000000001315,-0.00861444003332277,0.022628682528329728,-9.798747636016532,0.0013535020035909688,-0.0006586722208610412,-0.0008905693870148245
359.2000000000132,0.005436511368498998,-0.006246626138771006,-9.825576101137317,0.0012308488770557608,0.0016963548951302245,3.33293869860367e-05
359.3000000000132,-0.010375886079061987,-0.006992943631274794,-9.799949500327301,-0.0013432977314833845,-0.0010939264175308249,0.001684090726662374
359.4000000000132,-0.006626055443438223,-0.007536274458272878,-9.7960815357527,0.00020313004942361227,-0.0017383413302863456,0.00071606517181706
359.50000000001324,0.011527901748619864,0.00652080015054884,-9.816722100233699,-0.0004707125920240666,-0.0010292894983454392,0.0006426648587621701
359.60000000001327,0.006509610851708087,-0.0053711558219215125,-9.809382769437574,-0.0009561451079518821,0.00011565650498839381,0.0007466032965491722
359.7000000000133,0.005108803208602588,-0.02567034547879297,-9.797347474579551,-0.001271250356788331,0.002547749310513139,-0.0008543413225578407
359.8000000000133,0.016718297284846077,0.007628381349709623,-9.810112557647956,0.0004063818403717436,-3.2354345816394355e-05,0.002104453474410291
359.90000000001334,0.00745674410266403,0.0038922037748861374,-9.802847127720815,-0.0013419296315624358,0.00029722361312758294,0.00030085569184773746
360.00000000001336,-0.0019448895214336248,-0.008612886386352263,-9.791439664372803,-0.00026299137836799364,-0.0003763708861913134,0.00010711443362707993
360.1000000000134,0.004189088146915665,-0.011468705098435115,-9.798765414674165,-0.0017121760712491062,-0.000906506873723402,-0.0004962277060549222
360.2000000000134,0.014575126451160022,0.00828810422632664,-9.785529909882523,0.0007927146737539304,0.0002791262795038271,-0.0017080565198001215
360.3000000000134,-0.0025701147632884043,-0.010161843635757653,-9.807345874803465,-8.231367439502642e-05,0.0005817915919525259,0.0001791018454036095
360.40000000001345,-0.014122665040983591,0.0025890915523766544,-9.821371730523952,-0.002670945736987772,-0.0007177731855700688,-0.0015051779342549869
360.5000000000135,-0.012952525569791307,-0.0036180063089931076,-9.813761274067183,0.000262174799994173,0.0011709622871930016,0.0008062966011815687
360.6000000000135,0.0025873342384779893,0.006210006276265195,-9.807278516910722,9.000439646470568e-05,-0.0007992367129752941,-0.002101231059387401
360.7000000000135,0.0008268181696317696,0.005359618941736488,-9.814399383961122,-0.0004566823992733068,-0.0009454119335542719,0.0013886106245437867
360.80000000001354,0.013900905306923807,0.0014183509606959612,-9.802100304735125,-0.0011524441193819055,-0.0015488684011742138,-0.00035109600935042437
360.90000000001356,0.002741261505180614,0.005728732676954571,-9.817901957441139,-0.0008802169883252515,0.0002907806585252193,-0.001112020145183996
361.0000000000136,-0.0068845923861882196,-0.008122901133123904,-9.821548246319706,-0.0005511300169562692,0.0008288048115737778,-0.000923093392714656
361.1000000000136,-0.0019273647575023443,-0.0018204533814208021,-9.816005822522738,0.00046325375212665,0.0004661114550903605,-0.0006012501857584569
361.20000000001363,-0.0012934837978767536,-0.03198404704105176,-9.809584702256965,0.0018143613777779801,0.0008834737161295528,0.0008419935889953679
361.30000000001365,-0.003695822212658708,-0.014251582428999923,-9.808111039363492,0.0011838830675604487,0.0002972652780927551,0.0018102477893347788
361.4000000000137,0.008444354465717348,-0.0019291225269108632,-9.816691403497245,-0.0006918279095316357,-0.0003255742474371622,-0.0013637550323351202
361.5000000000137,0.004132452977625745,0.00971633402910518,-9.816517473199573,-0.0004484624293647764,-1.8539051177299977e-05,0.0009852776566543712
361.6000000000137,-0.0011907713682043112,0.005142035684750099,-9.81494280734608,0.0003166675527544806,0.00019075297748716516,0.0008924873203173613
361.70000000001374,-0.008093817499129363,-0.0039059427761776637,-9.801679997364321,0.0015899998860252381,-0.00012699010264844164,-0.00042393790363536835
361.80000000001377,0.002785320202000559,-0.0014900354607908614,-9.806913671193689,-0.0002501073737100648,0.0007497180922412283,0.0004904486625121336
361.9000000000138,0.0036831071029787004,0.011098288239048917,-9.817084733409276,-0.00035866326164970804,0.0005537441542368043,-0.0010362700870884976
362.0000000000138,0.002147489567043591,0.001606607121581148,-9.798767343980039,0.001271123873806848,-0.00041495018428796507,0.00037955673678307603
362.10000000001384,0.01175682948196525,0.0004897820394248314,-9.820906783460407,-0.000341805413480528,-0.0005098939475211687,-0.001649775347427404
362.20000000001386,0.01222962268455305,-0.002126148232870675,-9.810830772430528,-0.00043745879096104563,-0.000625240919836825,0.000942947255665218
362.3000000000139,-0.009932986730121206,0.015111278139675435,-9.814154128970507,0.0007126633633640361,0.0018564830429814094,0.0011987095930919409
362.4000000000139,0.0037536816318757818,-0.007090979745814916,-9.810948578348295,-0.0012948672080268441,-0.00037157947505589406,0.0005104655314072542
362.5000000000139,0.007242401690792517,-0.006956950018480977,-9.80241314584987,0.0005763472976881108,-2.6189633135591694e-05,0.0007671058316409813
362.60000000001395,-0.007993524190667048,-0.0189546320787371,-9.806020542182528,0.00035017798365118624,-0.000575682989985605,0.0022213057296167514
362.700000000014,-0.0185004248697906,-0.011421649814647937,-9.794928648641955,0.001081725409717433,-7.610955678729837e-05,-0.00044087307891626544
362.800000000014,0.018387137370612754,-0.010563822894091801,-9.79776506986326,-0.0014186342388335831,-0.000493756673966252,0.0013784615085377717
362.900000000014,-0.010472411456881454,0.0026149224353678863,-9.814926505403424,0.0010290964485731393,0.0008232452241427314,-0.0011921022759083092
363.00000000001404,-0.0012436308421352074,-0.006451432453276866,-9.82325319850479,-0.00035635947192321805,-0.0004815515296995203,0.0017985941826591152
363.10000000001406,-0.009744452425067636,0.0006562556235460059,-9.807007398516257,0.0013174336193966616,0.0013942414281074944,-0.0003622610013941057
363.2000000000141,0.0024468202802365936,-9.662418091630506e-05,-9.802764725849483,0.0009047891846594052,-0.0006844517824188658,-0.001261122891507022
363.3000000000141,-0.004479873207155721,0.0022029518094845903,-9.819214033496433,0.00030797330038974597,0.00018917263354214034,0.0007076444494842346
363.40000000001413,0.0012334522073528225,-0.006166589700830413,-9.7937227272111,-0.0007611518343251958,0.000755609609925046,0.0016788381825891018
363.50000000001415,0.0035019732483697443,-0.004852099397749006,-9.812962528629043,0.00010421226280490227,-0.0006319116118163363,0.00034605486688381304
